year,map_vintage,state,state_code,district,district_note,at_large,counties_whole,counties_partial,counties_whole_list,counties_partial_list,matched_counties,d_votes,r_votes,other_votes,total_votes,d_share_two_party_pct,r_share_two_party_pct,national_d_share_two_party_pct,lean_pct,lean_label,votes_from_partial_pct
2008,2000s,Alaska,AK,AK-AL,,True,0,0,,,0,0,0,0,0,,,53.72,,,
2008,2000s,Alabama,AL,AL-01,,False,5,1,Baldwin County; Escambia County; Mobile County; Monroe County; Washington County,Clarke County,6,116941,183167,2186,302294,38.97,61.03,53.72,-14.76,R+14.8,1.6
2008,2000s,Alabama,AL,AL-02,,False,15,1,Autauga County; Barbour County; Bullock County; Butler County; Coffee County; Conecuh County; Covington County; Crenshaw County; Dale County; Elmore County; Geneva County; Henry County; Houston County; Lowndes County; Pike County,Montgomery County,16,88633,167603,1583,257820,34.59,65.41,53.72,-19.13,R+19.1,8.3
2008,2000s,Alabama,AL,AL-03,,False,11,2,Calhoun County; Chambers County; Cherokee County; Clay County; Cleburne County; Lee County; Macon County; Randolph County; Russell County; Talladega County; Tallapoosa County,Coosa County; Montgomery County,13,143086,175955,2776,321816,44.85,55.15,53.72,-8.88,R+8.9,26.9
2008,2000s,Alabama,AL,AL-04,,False,11,3,Blount County; Cullman County; DeKalb County; Etowah County; Fayette County; Franklin County; Lamar County; Marion County; Marshall County; Walker County; Winston County,Morgan County; Pickens County; St. Clair County,14,69925,220171,4174,294270,24.1,75.9,53.72,-29.62,R+29.6,18.7
2008,2000s,Alabama,AL,AL-05,,False,6,1,Colbert County; Jackson County; Lauderdale County; Lawrence County; Limestone County; Madison County,Morgan County,7,110154,177736,4086,291976,38.26,61.74,53.72,-15.46,R+15.5,2.4
2008,2000s,Alabama,AL,AL-06,,False,3,4,Bibb County; Chilton County; Shelby County,Coosa County; Jefferson County; St. Clair County; Tuscaloosa County,7,180040,256091,3834,439964,41.28,58.72,53.72,-12.44,R+12.4,73.4
2008,2000s,Alabama,AL,AL-07,,False,8,4,Choctaw County; Dallas County; Greene County; Hale County; Marengo County; Perry County; Sumter County; Wilcox County,Clarke County; Jefferson County; Pickens County; Tuscaloosa County,12,104701,85823,1155,191679,54.95,45.05,53.72,1.23,D+1.2,61.7
2008,2000s,Arkansas,AR,AR-01,,False,26,0,Arkansas County; Baxter County; Clay County; Cleburne County; Craighead County; Crittenden County; Cross County; Fulton County; Greene County; Independence County; Izard County; Jackson County; Lawrence County; Lee County; Lonoke County; Mississippi County; Monroe County; Phillips County; Poinsett County; Prairie County; Randolph County; St. Francis County; Searcy County; Sharp County; Stone County; Woodruff County,,26,95102,145340,7185,247627,39.55,60.45,53.72,-14.17,R+14.2,0.0
2008,2000s,Arkansas,AR,AR-02,,False,8,0,Conway County; Faulkner County; Perry County; Pulaski County; Saline County; Van Buren County; White County; Yell County,,8,131891,161540,5855,299286,44.95,55.05,53.72,-8.78,R+8.8,0.0
2008,2000s,Arkansas,AR,AR-03,,False,12,0,Benton County; Boone County; Carroll County; Crawford County; Franklin County; Johnson County; Madison County; Marion County; Newton County; Pope County; Sebastian County; Washington County,,12,96485,185055,6894,288434,34.27,65.73,53.72,-19.45,R+19.5,0.0
2008,2000s,Arkansas,AR,AR-04,,False,29,0,Ashley County; Bradley County; Calhoun County; Chicot County; Clark County; Cleveland County; Columbia County; Dallas County; Desha County; Drew County; Garland County; Grant County; Hempstead County; Hot Spring County; Howard County; Jefferson County; Lafayette County; Lincoln County; Little River County; Logan County; Miller County; Montgomery County; Nevada County; Ouachita County; Pike County; Polk County; Scott County; Sevier County; Union County,,29,98832,146082,6356,251270,40.35,59.65,53.72,-13.37,R+13.4,0.0
2008,2000s,Arizona,AZ,AZ-01,,False,5,3,Apache County; Gila County; Graham County; Greenlee County; Yavapai County,Coconino County; Navajo County; Pinal County,8,135347,170349,5714,311410,44.28,55.72,53.72,-9.45,R+9.4,48.0
2008,2000s,Arizona,AZ,AZ-02,,False,1,4,Mohave County,Coconino County; La Paz County; Maricopa County; Navajo County,5,185025,244198,7703,436926,43.11,56.89,53.72,-10.62,R+10.6,84.4
2008,2000s,Arizona,AZ,AZ-03,,False,0,1,,Maricopa County,1,39141,48519,1479,89139,44.65,55.35,53.72,-9.07,R+9.1,100.0
2008,2000s,Arizona,AZ,AZ-04,,False,0,1,,Maricopa County,1,13248,16422,501,30170,44.65,55.35,53.72,-9.07,R+9.1,100.0
2008,2000s,Arizona,AZ,AZ-05,,False,0,1,,Maricopa County,1,92734,114953,3504,211191,44.65,55.35,53.72,-9.07,R+9.1,100.0
2008,2000s,Arizona,AZ,AZ-06,,False,0,2,,Maricopa County; Pinal County,2,23905,29987,907,54799,44.36,55.64,53.72,-9.37,R+9.4,100.0
2008,2000s,Arizona,AZ,AZ-07,,False,1,5,Yuma County,La Paz County; Maricopa County; Pima County; Pinal County; Santa Cruz County,6,474997,533110,16630,1024738,47.12,52.88,53.72,-6.61,R+6.6,95.7
2008,2000s,Arizona,AZ,AZ-08,,False,1,2,Cochise County,Pima County; Santa Cruz County,3,70310,72573,2581,145465,49.21,50.79,53.72,-4.52,R+4.5,66.3
2008,2000s,California,CA,CA-01,,False,5,2,Del Norte County; Humboldt County; Lake County; Mendocino County; Napa County,Sonoma County; Yolo County,7,199389,93984,8401,301774,67.96,32.04,53.72,14.24,D+14.2,34.2
2008,2000s,California,CA,CA-02,,False,8,2,Colusa County; Glenn County; Shasta County; Siskiyou County; Sutter County; Tehama County; Trinity County; Yuba County,Butte County; Yolo County,10,147203,169483,7911,324597,46.48,53.52,53.72,-7.24,R+7.2,37.4
2008,2000s,California,CA,CA-03,,False,3,2,Alpine County; Amador County; Calaveras County,Sacramento County; Solano County,5,293918,205163,10454,509535,58.89,41.11,53.72,5.17,D+5.2,91.6
2008,2000s,California,CA,CA-04,,False,7,1,El Dorado County; Lassen County; Modoc County; Nevada County; Placer County; Plumas County; Sierra County,Butte County,8,165839,198977,8207,373022,45.46,54.54,53.72,-8.27,R+8.3,6.0
2008,2000s,California,CA,CA-05,,False,0,1,,Sacramento County,1,48891,32992,1701,83585,59.71,40.29,53.72,5.98,D+6.0,100.0
2008,2000s,California,CA,CA-06,,False,1,2,Marin County,San Francisco County; Sonoma County,3,235428,68225,6432,310085,77.53,22.47,53.72,23.81,D+23.8,54.8
2008,2000s,California,CA,CA-07,,False,0,2,,Contra Costa County; Solano County,2,87879,41488,2380,131747,67.93,32.07,53.72,14.21,D+14.2,100.0
2008,2000s,California,CA,CA-08,,False,0,1,,San Francisco County,1,235865,38278,6114,280257,86.04,13.96,53.72,32.31,D+32.3,100.0
2008,2000s,California,CA,CA-09,,False,0,1,,Alameda County,1,87550,21400,2214,111164,80.36,19.64,53.72,26.63,D+26.6,100.0
2008,2000s,California,CA,CA-10,,False,0,4,,Alameda County; Contra Costa County; Sacramento County; Solano County,4,354773,150747,9648,515168,70.18,29.82,53.72,16.46,D+16.5,100.0
2008,2000s,California,CA,CA-11,,False,0,4,,Alameda County; Contra Costa County; San Joaquin County; Santa Clara County,4,544271,238844,15441,798555,69.5,30.5,53.72,15.78,D+15.8,100.0
2008,2000s,California,CA,CA-12,,False,0,2,,San Francisco County; San Mateo County,2,130441,30270,3295,164007,81.16,18.84,53.72,27.44,D+27.4,100.0
2008,2000s,California,CA,CA-13,,False,0,1,,Alameda County,1,145264,35508,3673,184446,80.36,19.64,53.72,26.63,D+26.6,100.0
2008,2000s,California,CA,CA-14,,False,0,3,,San Mateo County; Santa Clara County; Santa Cruz County,3,297941,98236,8298,404475,75.2,24.8,53.72,21.48,D+21.5,100.0
2008,2000s,California,CA,CA-15,,False,0,1,,Santa Clara County,1,101897,41892,2934,146723,70.87,29.13,53.72,17.14,D+17.1,100.0
2008,2000s,California,CA,CA-16,,False,0,1,,Santa Clara County,1,82907,34085,2387,119379,70.87,29.13,53.72,17.14,D+17.1,100.0
2008,2000s,California,CA,CA-17,,False,2,1,Monterey County; San Benito County,Santa Cruz County,3,124660,52432,3755,180847,70.39,29.61,53.72,16.67,D+16.7,17.3
2008,2000s,California,CA,CA-18,,False,1,3,Merced County,Madera County; San Joaquin County; Stanislaus County,4,83977,76198,3035,163210,52.43,47.57,53.72,-1.3,R+1.3,60.9
2008,2000s,California,CA,CA-19,,False,2,3,Mariposa County; Tuolumne County,Fresno County; Madera County; Stanislaus County,5,81005,88887,3579,173471,47.68,52.32,53.72,-6.04,R+6.0,78.8
2008,2000s,California,CA,CA-20,,False,1,2,Kings County,Fresno County; Kern County,3,83048,91958,3155,178161,47.45,52.55,53.72,-6.27,R+6.3,80.3
2008,2000s,California,CA,CA-21,,False,1,1,Tulare County,Fresno County,2,117787,130831,4285,252902,47.38,52.62,53.72,-6.35,R+6.3,58.4
2008,2000s,California,CA,CA-22,,False,0,3,,Kern County; Los Angeles County; San Luis Obispo County,3,445837,296445,15748,758030,60.06,39.94,53.72,6.34,D+6.3,100.0
2008,2000s,California,CA,CA-23,,False,0,3,,San Luis Obispo County; Santa Barbara County; Ventura County,3,39446,27828,1482,68755,58.64,41.36,53.72,4.91,D+4.9,100.0
2008,2000s,California,CA,CA-24,,False,0,2,,Santa Barbara County; Ventura County,2,260881,189979,8934,459794,57.86,42.14,53.72,4.14,D+4.1,100.0
2008,2000s,California,CA,CA-25,,False,2,2,Inyo County; Mono County,Los Angeles County; San Bernardino County,4,1002446,470069,30372,1502887,68.08,31.92,53.72,14.35,D+14.4,99.1
2008,2000s,California,CA,CA-26,,False,0,2,,Los Angeles County; San Bernardino County,2,279607,118377,8088,406072,70.26,29.74,53.72,16.53,D+16.5,100.0
2008,2000s,California,CA,CA-27,,False,0,1,,Los Angeles County,1,84947,35388,2441,122775,70.59,29.41,53.72,16.87,D+16.9,100.0
2008,2000s,California,CA,CA-28,,False,0,1,,Los Angeles County,1,43621,18172,1253,63047,70.59,29.41,53.72,16.87,D+16.9,100.0
2008,2000s,California,CA,CA-29,,False,0,1,,Los Angeles County,1,57396,23911,1649,82956,70.59,29.41,53.72,16.87,D+16.9,100.0
2008,2000s,California,CA,CA-30,,False,0,1,,Los Angeles County,1,160710,66950,4618,232277,70.59,29.41,53.72,16.87,D+16.9,100.0
2008,2000s,California,CA,CA-31,,False,0,1,,Los Angeles County,1,22959,9564,660,33182,70.59,29.41,53.72,16.87,D+16.9,100.0
2008,2000s,California,CA,CA-32,,False,0,1,,Los Angeles County,1,52805,21998,1517,76320,70.59,29.41,53.72,16.87,D+16.9,100.0
2008,2000s,California,CA,CA-33,,False,0,1,,Los Angeles County,1,27550,11477,792,39819,70.59,29.41,53.72,16.87,D+16.9,100.0
2008,2000s,California,CA,CA-34,,False,0,1,,Los Angeles County,1,32142,13390,924,46455,70.59,29.41,53.72,16.87,D+16.9,100.0
2008,2000s,California,CA,CA-35,,False,0,1,,Los Angeles County,1,32142,13390,924,46455,70.59,29.41,53.72,16.87,D+16.9,100.0
2008,2000s,California,CA,CA-36,,False,0,1,,Los Angeles County,1,41325,17216,1187,59728,70.59,29.41,53.72,16.87,D+16.9,100.0
2008,2000s,California,CA,CA-37,,False,0,1,,Los Angeles County,1,41325,17216,1187,59728,70.59,29.41,53.72,16.87,D+16.9,100.0
2008,2000s,California,CA,CA-38,,False,0,1,,Los Angeles County,1,59692,24867,1715,86274,70.59,29.41,53.72,16.87,D+16.9,100.0
2008,2000s,California,CA,CA-39,,False,0,1,,Los Angeles County,1,36734,15303,1056,53092,70.59,29.41,53.72,16.87,D+16.9,100.0
2008,2000s,California,CA,CA-40,,False,0,1,,Orange County,1,69794,73541,3183,146518,48.69,51.31,53.72,-5.03,R+5.0,100.0
2008,2000s,California,CA,CA-41,,False,0,2,,Riverside County; San Bernardino County,2,222853,197351,9236,429440,53.03,46.97,53.72,-0.69,R+0.7,100.0
2008,2000s,California,CA,CA-42,,False,0,3,,Orange County; Los Angeles County; San Bernardino County,3,162356,153299,6935,322590,51.43,48.57,53.72,-2.29,R+2.3,100.0
2008,2000s,California,CA,CA-43,,False,0,1,,San Bernardino County,1,3157,2774,132,6063,53.23,46.77,53.72,-0.49,R+0.5,100.0
2008,2000s,California,CA,CA-44,,False,0,2,,Orange County; Riverside County,2,122641,127571,5462,255674,49.01,50.99,53.72,-4.71,R+4.7,100.0
2008,2000s,California,CA,CA-45,,False,0,1,,Riverside County,1,269764,257334,10160,537258,51.18,48.82,53.72,-2.54,R+2.5,100.0
2008,2000s,California,CA,CA-46,,False,0,2,,Los Angeles County; Orange County,2,158269,100946,5475,264690,61.06,38.94,53.72,7.33,D+7.3,100.0
2008,2000s,California,CA,CA-47,,False,0,1,,Orange County,1,37920,39955,1729,79604,48.69,51.31,53.72,-5.03,R+5.0,100.0
2008,2000s,California,CA,CA-48,,False,0,1,,Orange County,1,147282,155189,6717,309188,48.69,51.31,53.72,-5.03,R+5.0,100.0
2008,2000s,California,CA,CA-49,,False,0,2,,Riverside County; San Diego County,2,222175,182918,7856,412949,54.85,45.15,53.72,1.12,D+1.1,100.0
2008,2000s,California,CA,CA-50,,False,0,1,,San Diego County,1,47994,38954,1687,88635,55.2,44.8,53.72,1.47,D+1.5,100.0
2008,2000s,California,CA,CA-51,,False,1,1,Imperial County,San Diego County,2,88820,66488,2923,158232,57.19,42.81,53.72,3.47,D+3.5,75.5
2008,2000s,California,CA,CA-52,,False,0,1,,San Diego County,1,334624,271598,11764,617986,55.2,44.8,53.72,1.47,D+1.5,100.0
2008,2000s,California,CA,CA-53,,False,0,1,,San Diego County,1,15331,12444,539,28314,55.2,44.8,53.72,1.47,D+1.5,100.0
2008,2000s,Colorado,CO,CO-01,,False,1,1,Denver County,Arapahoe County,2,207846,64844,4165,276856,76.22,23.78,53.72,22.5,D+22.5,1.9
2008,2000s,Colorado,CO,CO-02,,False,6,3,Broomfield County; Clear Creek County; Eagle County; Gilpin County; Grand County; Summit County,Adams County; Boulder County; Jefferson County,9,183780,92836,4620,281236,66.44,33.56,53.72,12.71,D+12.7,70.3
2008,2000s,Colorado,CO,CO-03,,False,28,1,Alamosa County; Archuleta County; Conejos County; Costilla County; Custer County; Delta County; Dolores County; Garfield County; Gunnison County; Hinsdale County; Huerfano County; Jackson County; La Plata County; Las Animas County; Mesa County; Mineral County; Moffat County; Montezuma County; Montrose County; Ouray County; Pitkin County; Pueblo County; Rio Blanco County; Rio Grande County; Routt County; Saguache County; San Juan County; San Miguel County,Otero County,29,161765,170496,5638,337900,48.69,51.31,53.72,-5.04,R+5.0,1.9
2008,2000s,Colorado,CO,CO-04,,False,16,2,Baca County; Bent County; Cheyenne County; Crowley County; Kiowa County; Kit Carson County; Larimer County; Lincoln County; Logan County; Morgan County; Phillips County; Prowers County; Sedgwick County; Washington County; Weld County; Yuma County,Boulder County; Otero County,18,165262,168088,6097,339446,49.58,50.42,53.72,-4.15,R+4.1,5.7
2008,2000s,Colorado,CO,CO-05,,False,5,1,Chaffee County; El Paso County; Fremont County; Lake County; Teller County,Park County,6,131036,191758,5089,327883,40.59,59.41,53.72,-13.13,R+13.1,2.7
2008,2000s,Colorado,CO,CO-06,,False,2,3,Douglas County; Elbert County,Arapahoe County; Jefferson County; Park County,5,319822,299916,9698,629436,51.61,48.39,53.72,-2.12,R+2.1,73.8
2008,2000s,Colorado,CO,CO-07,,False,0,3,,Adams County; Arapahoe County; Jefferson County,3,119122,85690,3892,208704,58.16,41.84,53.72,4.44,D+4.4,100.0
2008,2000s,Connecticut,CT,CT-01,,False,0,3,,Hartford County; Litchfield County; Middlesex County,3,177140,95947,3501,276589,64.87,35.13,53.72,11.14,D+11.1,100.0
2008,2000s,Connecticut,CT,CT-02,,False,3,3,New London County; Tolland County; Windham County,Hartford County; Middlesex County; New Haven County,6,248909,156371,5909,411189,61.42,38.58,53.72,7.69,D+7.7,38.9
2008,2000s,Connecticut,CT,CT-03,,False,0,3,,Fairfield County; Middlesex County; New Haven County,3,163615,101975,3235,268825,61.6,38.4,53.72,7.88,D+7.9,100.0
2008,2000s,Connecticut,CT,CT-04,,False,0,2,,Fairfield County; New Haven County,2,175406,120210,2301,297917,59.34,40.66,53.72,5.61,D+5.6,100.0
2008,2000s,Connecticut,CT,CT-05,,False,0,4,,Fairfield County; Hartford County; Litchfield County; New Haven County,4,232693,154925,4636,392254,60.03,39.97,53.72,6.31,D+6.3,100.0
2008,2000s,District of Columbia,DC,DC-AL,,True,0,0,,,8,244400,17277,2680,264357,93.4,6.6,53.72,39.67,D+39.7,0.0
2008,2000s,Delaware,DE,DE-AL,,True,0,0,,,3,255459,152374,4783,412616,62.64,37.36,53.72,8.91,D+8.9,0.0
2008,2000s,Florida,FL,FL-01,,False,5,1,Escambia County; Holmes County; Okaloosa County; Santa Rosa County; Washington County,Walton County,6,117845,249438,4582,371864,32.09,67.91,53.72,-21.64,R+21.6,6.7
2008,2000s,Florida,FL,FL-02,,False,12,3,Bay County; Calhoun County; Dixie County; Franklin County; Gadsden County; Gulf County; Jackson County; Lafayette County; Liberty County; Suwannee County; Taylor County; Wakulla County,Jefferson County; Leon County; Walton County,15,159040,184910,4031,347981,46.24,53.76,53.72,-7.48,R+7.5,42.4
2008,2000s,Florida,FL,FL-03,,False,0,9,,Alachua County; Clay County; Duval County; Lake County; Marion County; Orange County; Putnam County; Seminole County; Volusia County,9,146955,152031,3244,302231,49.15,50.85,53.72,-4.57,R+4.6,100.0
2008,2000s,Florida,FL,FL-04,,False,6,3,Baker County; Columbia County; Hamilton County; Madison County; Nassau County; Union County,Duval County; Jefferson County; Leon County,9,151581,190104,3170,344855,44.36,55.64,53.72,-9.36,R+9.4,71.7
2008,2000s,Florida,FL,FL-05,,False,3,5,Citrus County; Hernando County; Sumter County,Lake County; Levy County; Marion County; Pasco County; Polk County,8,232819,284649,7348,524815,44.99,55.01,53.72,-8.73,R+8.7,59.3
2008,2000s,Florida,FL,FL-06,,False,2,6,Bradford County; Gilchrist County,Alachua County; Clay County; Duval County; Lake County; Levy County; Marion County,8,180694,213639,4483,398817,45.82,54.18,53.72,-7.9,R+7.9,95.1
2008,2000s,Florida,FL,FL-07,,False,2,3,Flagler County; St. Johns County,Putnam County; Seminole County; Volusia County,5,146308,178212,3566,328085,45.08,54.92,53.72,-8.64,R+8.6,52.7
2008,2000s,Florida,FL,FL-08,,False,0,3,,Lake County; Marion County; Orange County,3,147738,121723,2282,271743,54.83,45.17,53.72,1.1,D+1.1,100.0
2008,2000s,Florida,FL,FL-09,,False,0,3,,Hillsborough County; Pasco County; Pinellas County,3,212268,184852,4854,401974,53.45,46.55,53.72,-0.27,R+0.3,100.0
2008,2000s,Florida,FL,FL-10,,False,0,1,,Pinellas County,1,152551,129062,4170,285783,54.17,45.83,53.72,0.45,D+0.4,100.0
2008,2000s,Florida,FL,FL-11,,False,0,3,,Hillsborough County; Manatee County; Pinellas County,3,69523,60425,1446,131394,53.5,46.5,53.72,-0.22,R+0.2,100.0
2008,2000s,Florida,FL,FL-12,,False,0,3,,Hillsborough County; Osceola County; Polk County,3,197033,195325,4395,396752,50.22,49.78,53.72,-3.51,R+3.5,100.0
2008,2000s,Florida,FL,FL-13,,False,3,2,DeSoto County; Hardee County; Sarasota County,Charlotte County; Manatee County,5,179716,194074,4409,378199,48.08,51.92,53.72,-5.64,R+5.6,40.3
2008,2000s,Florida,FL,FL-14,,False,1,2,Lee County,Charlotte County; Collier County,3,129299,160661,2948,292909,44.59,55.41,53.72,-9.13,R+9.1,7.8
2008,2000s,Florida,FL,FL-15,,False,1,3,Indian River County,Brevard County; Osceola County; Polk County,4,173213,183560,4227,361000,48.55,51.45,53.72,-5.17,R+5.2,80.4
2008,2000s,Florida,FL,FL-16,,False,3,5,Glades County; Highlands County; Okeechobee County,Charlotte County; Hendry County; Martin County; Palm Beach County; St. Lucie County,8,142992,146999,3422,293413,49.31,50.69,53.72,-4.41,R+4.4,78.9
2008,2000s,Florida,FL,FL-17,,False,0,2,,Broward County; Miami-Dade County,2,29332,18570,261,48164,61.23,38.77,53.72,7.51,D+7.5,100.0
2008,2000s,Florida,FL,FL-18,,False,0,2,,Miami-Dade County; Monroe County,2,56053,40908,524,97486,57.81,42.19,53.72,4.09,D+4.1,100.0
2008,2000s,Florida,FL,FL-19,,False,0,2,,Broward County; Palm Beach County,2,50837,28776,542,80155,63.86,36.14,53.72,10.13,D+10.1,100.0
2008,2000s,Florida,FL,FL-20,,False,0,2,,Broward County; Miami-Dade County,2,65086,32363,620,98068,66.79,33.21,53.72,13.07,D+13.1,100.0
2008,2000s,Florida,FL,FL-21,,False,0,2,,Broward County; Miami-Dade County,2,41256,25995,368,67619,61.35,38.65,53.72,7.62,D+7.6,100.0
2008,2000s,Florida,FL,FL-22,,False,0,2,,Broward County; Palm Beach County,2,64731,35636,677,101044,64.49,35.51,53.72,10.77,D+10.8,100.0
2008,2000s,Florida,FL,FL-23,,False,0,5,,Broward County; Hendry County; Martin County; Palm Beach County; St. Lucie County,5,670370,386039,7546,1063955,63.46,36.54,53.72,9.73,D+9.7,100.0
2008,2000s,Florida,FL,FL-24,,False,0,4,,Brevard County; Orange County; Seminole County; Volusia County,4,298501,265102,5620,569223,52.96,47.04,53.72,-0.76,R+0.8,100.0
2008,2000s,Florida,FL,FL-25,,False,0,3,,Collier County; Miami-Dade County; Monroe County,3,466627,383166,4947,854740,54.91,45.09,53.72,1.19,D+1.2,100.0
2008,2000s,Georgia,GA,GA-01,,False,23,2,Appling County; Atkinson County; Bacon County; Berrien County; Brantley County; Bryan County; Camden County; Charlton County; Clinch County; Coffee County; Cook County; Echols County; Glynn County; Jeff Davis County; Lanier County; Liberty County; Long County; McIntosh County; Pierce County; Telfair County; Ware County; Wayne County; Wheeler County,Chatham County; Lowndes County,25,110087,158498,2282,270867,40.99,59.01,53.72,-12.74,R+12.7,30.6
2008,2000s,Georgia,GA,GA-02,,False,29,3,Baker County; Brooks County; Calhoun County; Chattahoochee County; Clay County; Crawford County; Crisp County; Decatur County; Dooly County; Dougherty County; Early County; Grady County; Lee County; Macon County; Marion County; Miller County; Mitchell County; Peach County; Quitman County; Randolph County; Schley County; Seminole County; Stewart County; Sumter County; Talbot County; Taylor County; Terrell County; Thomas County; Webster County,Lowndes County; Muscogee County; Worth County,32,113151,113329,1602,228082,49.96,50.04,53.72,-3.76,R+3.8,15.2
2008,2000s,Georgia,GA,GA-03,,False,10,5,Coweta County; Fayette County; Harris County; Heard County; Lamar County; Meriwether County; Pike County; Spalding County; Troup County; Upson County,Carroll County; Douglas County; Henry County; Muscogee County; Rockdale County,15,169450,240540,3845,413836,41.33,58.67,53.72,-12.39,R+12.4,46.7
2008,2000s,Georgia,GA,GA-04,,False,0,3,,DeKalb County; Gwinnett County; Rockdale County,3,213286,73256,2466,289009,74.43,25.57,53.72,20.71,D+20.7,100.0
2008,2000s,Georgia,GA,GA-05,,False,0,3,,Clayton County; DeKalb County; Fulton County,3,142113,58252,1685,202050,70.93,29.07,53.72,17.2,D+17.2,100.0
2008,2000s,Georgia,GA,GA-06,,False,1,3,Cherokee County,Cobb County; DeKalb County; Fulton County,4,157192,152505,3486,313183,50.76,49.24,53.72,-2.97,R+3.0,70.0
2008,2000s,Georgia,GA,GA-07,,False,2,3,Barrow County; Walton County,Forsyth County; Gwinnett County; Newton County,5,140308,200540,3776,344625,41.16,58.84,53.72,-12.56,R+12.6,82.4
2008,2000s,Georgia,GA,GA-08,,False,18,3,Ben Hill County; Bibb County; Bleckley County; Butts County; Colquitt County; Dodge County; Houston County; Irwin County; Jasper County; Jones County; Laurens County; Monroe County; Pulaski County; Tift County; Turner County; Twiggs County; Wilcox County; Wilkinson County,Baldwin County; Newton County; Worth County,21,126686,163082,2376,292144,43.72,56.28,53.72,-10.0,R+10.0,13.4
2008,2000s,Georgia,GA,GA-09,,False,13,2,Catoosa County; Dade County; Dawson County; Fannin County; Gilmer County; Hall County; Lumpkin County; Murray County; Pickens County; Union County; Walker County; White County; Whitfield County,Forsyth County; Gordon County,15,72914,234392,4571,311877,23.73,76.27,53.72,-30.0,R+30.0,25.8
2008,2000s,Georgia,GA,GA-10,,False,20,1,Banks County; Clarke County; Columbia County; Elbert County; Franklin County; Greene County; Habersham County; Hart County; Jackson County; Lincoln County; McDuffie County; Madison County; Morgan County; Oconee County; Oglethorpe County; Putnam County; Rabun County; Stephens County; Towns County; Wilkes County,Richmond County,21,114187,185223,3503,302913,38.14,61.86,53.72,-15.59,R+15.6,8.9
2008,2000s,Georgia,GA,GA-11,,False,6,3,Bartow County; Chattooga County; Floyd County; Haralson County; Paulding County; Polk County,Carroll County; Cobb County; Gordon County,9,118997,207928,4502,331427,36.4,63.6,53.72,-17.33,R+17.3,51.4
2008,2000s,Georgia,GA,GA-12,,False,19,3,Bulloch County; Burke County; Candler County; Effingham County; Emanuel County; Evans County; Glascock County; Hancock County; Jefferson County; Jenkins County; Johnson County; Montgomery County; Screven County; Taliaferro County; Tattnall County; Toombs County; Treutlen County; Warren County; Washington County,Baldwin County; Chatham County; Richmond County,22,124889,124777,1863,251530,50.02,49.98,53.72,-3.7,R+3.7,47.6
2008,2000s,Georgia,GA,GA-13,,False,0,6,,Clayton County; Cobb County; DeKalb County; Douglas County; Fulton County; Henry County,6,240862,136434,3375,380671,63.84,36.16,53.72,10.12,D+10.1,100.0
2008,2000s,Hawaii,HI,HI-01,,False,0,1,,Honolulu County,1,68985,28389,1420,98794,70.85,29.15,53.72,17.12,D+17.1,100.0
2008,2000s,Hawaii,HI,HI-02,,False,4,1,Hawaii County; Kalawao County; Kauai County; Maui County,Honolulu County,5,256240,92046,5693,353979,73.57,26.43,53.72,19.85,D+19.8,58.8
2008,2000s,Iowa,IA,IA-01,,False,12,0,Black Hawk County; Bremer County; Buchanan County; Butler County; Clayton County; Clinton County; Delaware County; Dubuque County; Fayette County; Jackson County; Jones County; Scott County,,12,175394,122629,4327,302350,58.85,41.15,53.72,5.13,D+5.1,0.0
2008,2000s,Iowa,IA,IA-02,,False,15,0,Appanoose County; Cedar County; Davis County; Des Moines County; Henry County; Jefferson County; Johnson County; Lee County; Linn County; Louisa County; Muscatine County; Van Buren County; Wapello County; Washington County; Wayne County,,15,190973,122395,5671,319039,60.94,39.06,53.72,7.22,D+7.2,0.0
2008,2000s,Iowa,IA,IA-03,,False,12,0,Benton County; Grundy County; Iowa County; Jasper County; Keokuk County; Lucas County; Mahaska County; Marion County; Monroe County; Polk County; Poweshiek County; Tama County,,12,173932,143771,5785,323488,54.75,45.25,53.72,1.02,D+1.0,0.0
2008,2000s,Iowa,IA,IA-04,,False,28,0,Allamakee County; Boone County; Calhoun County; Cerro Gordo County; Chickasaw County; Dallas County; Emmet County; Floyd County; Franklin County; Greene County; Hamilton County; Hancock County; Hardin County; Howard County; Humboldt County; Kossuth County; Madison County; Marshall County; Mitchell County; Palo Alto County; Pocahontas County; Story County; Warren County; Webster County; Winnebago County; Winneshiek County; Worth County; Wright County,,28,166104,142396,5723,314223,53.84,46.16,53.72,0.12,D+0.1,0.0
2008,2000s,Iowa,IA,IA-05,,False,32,0,Adair County; Adams County; Audubon County; Buena Vista County; Carroll County; Cass County; Cherokee County; Clarke County; Clay County; Crawford County; Decatur County; Dickinson County; Fremont County; Guthrie County; Harrison County; Ida County; Lyon County; Mills County; Monona County; Montgomery County; O'Brien County; Osceola County; Page County; Plymouth County; Pottawattamie County; Ringgold County; Sac County; Shelby County; Sioux County; Taylor County; Union County; Woodbury County,,32,122537,151188,4297,278022,44.77,55.23,53.72,-8.96,R+9.0,0.0
2008,2000s,Idaho,ID,ID-01,,False,18,1,Adams County; Benewah County; Boise County; Bonner County; Boundary County; Canyon County; Clearwater County; Gem County; Idaho County; Kootenai County; Latah County; Lewis County; Nez Perce County; Owyhee County; Payette County; Shoshone County; Valley County; Washington County,Ada County,19,149429,224741,8971,383142,39.94,60.06,53.72,-13.79,R+13.8,35.7
2008,2000s,Idaho,ID,ID-02,,False,25,1,Bannock County; Bear Lake County; Bingham County; Blaine County; Bonneville County; Butte County; Camas County; Caribou County; Cassia County; Clark County; Custer County; Elmore County; Franklin County; Fremont County; Gooding County; Jefferson County; Jerome County; Lemhi County; Lincoln County; Madison County; Minidoka County; Oneida County; Power County; Teton County; Twin Falls County,Ada County,26,87011,178271,6605,271886,32.8,67.2,53.72,-20.92,R+20.9,15.6
2008,2000s,Illinois,IL,IL-01,,False,0,1,,Cook County,1,167957,50287,2135,220379,76.96,23.04,53.72,23.23,D+23.2,100.0
2008,2000s,Illinois,IL,IL-02,,False,0,2,,Cook County; Will County,2,308167,93012,3938,405118,76.82,23.18,53.72,23.09,D+23.1,100.0
2008,2000s,Illinois,IL,IL-03,,False,0,1,,Cook County,1,215246,64446,2736,282428,76.96,23.04,53.72,23.23,D+23.2,100.0
2008,2000s,Illinois,IL,IL-04,,False,0,1,,Cook County,1,66857,20017,850,87724,76.96,23.04,53.72,23.23,D+23.2,100.0
2008,2000s,Illinois,IL,IL-05,,False,0,1,,Cook County,1,97839,29293,1244,128376,76.96,23.04,53.72,23.23,D+23.2,100.0
2008,2000s,Illinois,IL,IL-06,,False,0,2,,Cook County; DuPage County,2,210050,115284,3918,329252,64.56,35.44,53.72,10.84,D+10.8,100.0
2008,2000s,Illinois,IL,IL-07,,False,0,1,,Cook County,1,94578,28317,1202,124097,76.96,23.04,53.72,23.23,D+23.2,100.0
2008,2000s,Illinois,IL,IL-08,,False,0,3,,Cook County; Lake County; McHenry County,3,306020,153047,5767,464835,66.66,33.34,53.72,12.94,D+12.9,100.0
2008,2000s,Illinois,IL,IL-09,,False,0,1,,Cook County,1,127191,38081,1617,166889,76.96,23.04,53.72,23.23,D+23.2,100.0
2008,2000s,Illinois,IL,IL-10,,False,0,2,,Cook County; Lake County,2,234317,90454,3555,328326,72.15,27.85,53.72,18.42,D+18.4,100.0
2008,2000s,Illinois,IL,IL-11,,False,3,5,Grundy County; Kankakee County; LaSalle County,Bureau County; Livingston County; McLean County; Will County; Woodford County,8,216211,177706,6646,400563,54.89,45.11,53.72,1.16,D+1.2,69.9
2008,2000s,Illinois,IL,IL-12,,False,9,2,Alexander County; Franklin County; Jackson County; Monroe County; Perry County; Pulaski County; Randolph County; St. Clair County; Union County,Madison County; Williamson County,11,151371,123103,5172,279645,55.15,44.85,53.72,1.43,D+1.4,17.7
2008,2000s,Illinois,IL,IL-13,,False,0,3,,Cook County; DuPage County; Will County,3,231492,128842,4430,364765,64.24,35.76,53.72,10.52,D+10.5,100.0
2008,2000s,Illinois,IL,IL-14,,False,3,5,Kane County; Kendall County; Lee County,Bureau County; DeKalb County; DuPage County; Henry County; Whiteside County,8,204498,164460,5480,374437,55.43,44.57,53.72,1.7,D+1.7,31.5
2008,2000s,Illinois,IL,IL-15,,False,13,9,Champaign County; Clark County; Coles County; Crawford County; Cumberland County; De Witt County; Douglas County; Edgar County; Ford County; Iroquois County; Moultrie County; Piatt County; Vermilion County,Edwards County; Gallatin County; Lawrence County; Livingston County; McLean County; Macon County; Saline County; Wabash County; White County,22,149530,151525,6338,307394,49.67,50.33,53.72,-4.06,R+4.1,27.4
2008,2000s,Illinois,IL,IL-16,,False,6,3,Boone County; Carroll County; Jo Daviess County; Ogle County; Stephenson County; Winnebago County,DeKalb County; McHenry County; Whiteside County,9,176480,148560,6676,331715,54.29,45.71,53.72,0.57,D+0.6,35.2
2008,2000s,Illinois,IL,IL-17,,False,9,14,Calhoun County; Fulton County; Hancock County; Henderson County; McDonough County; Macoupin County; Mercer County; Rock Island County; Warren County,Adams County; Christian County; Fayette County; Greene County; Henry County; Jersey County; Knox County; Macon County; Madison County; Montgomery County; Pike County; Sangamon County; Shelby County; Whiteside County,23,133982,107467,4462,245911,55.49,44.51,53.72,1.77,D+1.8,37.6
2008,2000s,Illinois,IL,IL-18,,False,13,7,Brown County; Cass County; Logan County; Marshall County; Mason County; Menard County; Morgan County; Peoria County; Putnam County; Schuyler County; Scott County; Stark County; Tazewell County,Adams County; Bureau County; Knox County; Macon County; Pike County; Sangamon County; Woodford County,20,170760,171346,6469,348575,49.91,50.09,53.72,-3.81,R+3.8,38.5
2008,2000s,Illinois,IL,IL-19,,False,15,15,Bond County; Clay County; Clinton County; Effingham County; Hamilton County; Hardin County; Jasper County; Jefferson County; Johnson County; Marion County; Massac County; Pope County; Richland County; Washington County; Wayne County,Christian County; Edwards County; Fayette County; Gallatin County; Greene County; Jersey County; Lawrence County; Madison County; Montgomery County; Saline County; Sangamon County; Shelby County; Wabash County; White County; Williamson County,30,156801,175930,7018,339750,47.13,52.87,53.72,-6.6,R+6.6,60.6
2008,2000s,Indiana,IN,IN-01,,False,4,1,Benton County; Jasper County; Lake County; Newton County,Porter County,5,180776,108759,3392,292927,62.44,37.56,53.72,8.71,D+8.7,20.9
2008,2000s,Indiana,IN,IN-02,,False,8,4,Carroll County; Cass County; Fulton County; LaPorte County; Marshall County; Pulaski County; St. Joseph County; Starke County,Elkhart County; Howard County; Porter County; White County,12,141292,118544,4039,263875,54.38,45.62,53.72,0.65,D+0.7,11.6
2008,2000s,Indiana,IN,IN-03,,False,6,2,DeKalb County; Kosciusko County; LaGrange County; Noble County; Steuben County; Whitley County,Allen County; Elkhart County,8,121489,156485,3446,281419,43.71,56.29,53.72,-10.02,R+10.0,63.3
2008,2000s,Indiana,IN,IN-04,,False,7,5,Boone County; Clinton County; Hendricks County; Lawrence County; Montgomery County; Morgan County; Tippecanoe County,Fountain County; Johnson County; Marion County; Monroe County; White County,12,156282,177835,4498,338615,46.77,53.23,53.72,-6.95,R+6.9,30.5
2008,2000s,Indiana,IN,IN-05,,False,7,4,Grant County; Hamilton County; Hancock County; Huntington County; Miami County; Tipton County; Wabash County,Howard County; Johnson County; Marion County; Shelby County,11,176568,210921,4593,392081,45.57,54.43,53.72,-8.16,R+8.2,38.2
2008,2000s,Indiana,IN,IN-06,,False,14,5,Adams County; Blackford County; Decatur County; Delaware County; Fayette County; Franklin County; Henry County; Jay County; Madison County; Randolph County; Rush County; Union County; Wayne County; Wells County,Allen County; Bartholomew County; Dearborn County; Johnson County; Shelby County,19,152200,171190,5086,328476,47.06,52.94,53.72,-6.66,R+6.7,23.8
2008,2000s,Indiana,IN,IN-07,,False,0,1,,Marion County,1,158743,88109,2486,249339,64.31,35.69,53.72,10.58,D+10.6,100.0
2008,2000s,Indiana,IN,IN-08,,False,17,1,Clay County; Daviess County; Gibson County; Greene County; Knox County; Martin County; Owen County; Parke County; Pike County; Posey County; Putnam County; Sullivan County; Vanderburgh County; Vermillion County; Vigo County; Warren County; Warrick County,Fountain County,18,139717,151236,4469,295422,48.02,51.98,53.72,-5.7,R+5.7,1.4
2008,2000s,Indiana,IN,IN-09,,False,17,3,Brown County; Clark County; Crawford County; Dubois County; Floyd County; Harrison County; Jackson County; Jefferson County; Jennings County; Ohio County; Orange County; Perry County; Ripley County; Scott County; Spencer County; Switzerland County; Washington County,Bartholomew County; Dearborn County; Monroe County,20,146973,162568,4962,314503,47.48,52.52,53.72,-6.24,R+6.2,22.8
2008,2000s,Kansas,KS,KS-01,,False,66,3,Barber County; Barton County; Chase County; Cheyenne County; Clark County; Clay County; Cloud County; Comanche County; Decatur County; Dickinson County; Edwards County; Ellis County; Ellsworth County; Finney County; Ford County; Gove County; Graham County; Grant County; Gray County; Greeley County; Hamilton County; Haskell County; Hodgeman County; Jewell County; Kearny County; Kiowa County; Lane County; Lincoln County; Logan County; Lyon County; McPherson County; Marion County; Marshall County; Meade County; Mitchell County; Morris County; Morton County; Ness County; Norton County; Osborne County; Ottawa County; Pawnee County; Phillips County; Pratt County; Rawlins County; Reno County; Republic County; Rice County; Rooks County; Rush County; Russell County; Saline County; Scott County; Seward County; Sheridan County; Sherman County; Smith County; Stafford County; Stanton County; Stevens County; Thomas County; Trego County; Wabaunsee County; Wallace County; Washington County; Wichita County,Geary County; Greenwood County; Nemaha County,69,79150,183204,4884,267237,30.17,69.83,53.72,-23.55,R+23.6,3.9
2008,2000s,Kansas,KS,KS-02,,False,23,3,Allen County; Anderson County; Atchison County; Bourbon County; Brown County; Cherokee County; Coffey County; Crawford County; Doniphan County; Franklin County; Jackson County; Jefferson County; Labette County; Leavenworth County; Linn County; Miami County; Neosho County; Osage County; Pottawatomie County; Riley County; Shawnee County; Wilson County; Woodson County,Douglas County; Geary County; Nemaha County,26,144416,175089,7118,326623,45.2,54.8,53.72,-8.52,R+8.5,12.5
2008,2000s,Kansas,KS,KS-03,,False,2,1,Johnson County; Wyandotte County,Douglas County,3,177860,174816,5948,358624,50.43,49.57,53.72,-3.29,R+3.3,4.7
2008,2000s,Kansas,KS,KS-04,,False,10,1,Butler County; Chautauqua County; Cowley County; Elk County; Harper County; Harvey County; Kingman County; Montgomery County; Sedgwick County; Sumner County,Greenwood County,11,113340,166546,6503,286388,40.49,59.51,53.72,-13.23,R+13.2,0.5
2008,2000s,Kentucky,KY,KY-01,,False,32,2,Adair County; Allen County; Ballard County; Butler County; Caldwell County; Calloway County; Carlisle County; Casey County; Christian County; Clinton County; Crittenden County; Cumberland County; Fulton County; Graves County; Henderson County; Hickman County; Hopkins County; Livingston County; Logan County; Lyon County; McCracken County; McLean County; Marshall County; Metcalfe County; Monroe County; Muhlenberg County; Russell County; Simpson County; Todd County; Trigg County; Union County; Webster County,Lincoln County; Ohio County,34,103934,175743,4354,284030,37.16,62.84,53.72,-16.56,R+16.6,2.1
2008,2000s,Kentucky,KY,KY-02,,False,19,2,Barren County; Breckinridge County; Bullitt County; Daviess County; Edmonson County; Grayson County; Green County; Hancock County; Hardin County; Hart County; Larue County; Marion County; Meade County; Nelson County; Shelby County; Spencer County; Taylor County; Warren County; Washington County,Jefferson County; Ohio County,21,126070,194146,4633,324849,39.37,60.63,53.72,-14.35,R+14.4,7.4
2008,2000s,Kentucky,KY,KY-03,,False,0,1,,Jefferson County,1,186594,146244,4316,337154,56.06,43.94,53.72,2.34,D+2.3,100.0
2008,2000s,Kentucky,KY,KY-04,,False,22,2,Boone County; Boyd County; Bracken County; Campbell County; Carroll County; Carter County; Elliott County; Fleming County; Gallatin County; Grant County; Greenup County; Harrison County; Henry County; Kenton County; Lewis County; Mason County; Nicholas County; Oldham County; Owen County; Pendleton County; Robertson County; Trimble County,Bath County; Scott County,24,121293,192550,5158,319001,38.65,61.35,53.72,-15.08,R+15.1,3.7
2008,2000s,Kentucky,KY,KY-05,,False,28,1,Bell County; Breathitt County; Clay County; Floyd County; Harlan County; Jackson County; Johnson County; Knott County; Knox County; Laurel County; Lawrence County; Lee County; Leslie County; Letcher County; McCreary County; Magoffin County; Martin County; Menifee County; Morgan County; Owsley County; Perry County; Pike County; Pulaski County; Rockcastle County; Rowan County; Wayne County; Whitley County; Wolfe County,Bath County,29,75772,162589,4239,242600,31.79,68.21,53.72,-21.94,R+21.9,0.5
2008,2000s,Kentucky,KY,KY-06,,False,14,2,Anderson County; Bourbon County; Boyle County; Clark County; Estill County; Fayette County; Franklin County; Garrard County; Jessamine County; Madison County; Mercer County; Montgomery County; Powell County; Woodford County,Lincoln County; Scott County,16,138323,177191,4414,319927,43.84,56.16,53.72,-9.88,R+9.9,5.7
2008,2000s,Louisiana,LA,LA-01,,False,3,3,St. Tammany Parish; Tangipahoa Parish; Washington Parish,Jefferson Parish; Orleans Parish; St. Charles Parish,6,63080,145370,3431,211881,30.26,69.74,53.72,-23.46,R+23.5,16.6
2008,2000s,Louisiana,LA,LA-02,,False,0,2,,Jefferson Parish; Orleans Parish,2,129972,59707,2919,192597,68.52,31.48,53.72,14.8,D+14.8,100.0
2008,2000s,Louisiana,LA,LA-03,,False,10,3,Assumption Parish; Iberia Parish; Lafourche Parish; Plaquemines Parish; St. Bernard Parish; St. James Parish; St. John the Baptist Parish; St. Martin Parish; St. Mary Parish; Terrebonne Parish,Ascension Parish; Jefferson Parish; St. Charles Parish,13,139118,242302,7137,388557,36.47,63.53,53.72,-17.25,R+17.3,41.3
2008,2000s,Louisiana,LA,LA-04,,False,12,1,Beauregard Parish; Bienville Parish; Bossier Parish; Caddo Parish; Claiborne Parish; De Soto Parish; Grant Parish; Natchitoches Parish; Red River Parish; Sabine Parish; Vernon Parish; Webster Parish,Allen Parish,13,108282,162107,3145,273534,40.05,59.95,53.72,-13.68,R+13.7,1.6
2008,2000s,Louisiana,LA,LA-05,,False,18,4,Avoyelles Parish; Caldwell Parish; Catahoula Parish; Concordia Parish; East Carroll Parish; Franklin Parish; Jackson Parish; La Salle Parish; Lincoln Parish; Madison Parish; Morehouse Parish; Ouachita Parish; Rapides Parish; Richland Parish; Tensas Parish; Union Parish; West Carroll Parish; Winn Parish,Allen Parish; Evangeline Parish; Iberville Parish; Pointe Coupee Parish,22,108787,182172,3924,294883,37.39,62.61,53.72,-16.33,R+16.3,11.5
2008,2000s,Louisiana,LA,LA-06,,False,6,3,East Baton Rouge Parish; East Feliciana Parish; Livingston Parish; St. Helena Parish; West Baton Rouge Parish; West Feliciana Parish,Ascension Parish; Iberville Parish; Pointe Coupee Parish,9,131503,169850,4044,305396,43.64,56.36,53.72,-10.09,R+10.1,7.7
2008,2000s,Louisiana,LA,LA-07,,False,7,1,Acadia Parish; Calcasieu Parish; Cameron Parish; Jefferson Davis Parish; Lafayette Parish; St. Landry Parish; Vermilion Parish,Evangeline Parish,8,102249,186767,4897,293913,35.38,64.62,53.72,-18.35,R+18.3,1.6
2008,2000s,Massachusetts,MA,MA-01,,False,2,4,Berkshire County; Franklin County,Hampden County; Hampshire County; Middlesex County; Worcester County,6,315091,164300,12403,491794,65.73,34.27,53.72,12.0,D+12.0,78.7
2008,2000s,Massachusetts,MA,MA-02,,False,0,4,,Hampden County; Hampshire County; Norfolk County; Worcester County,4,146911,96734,6292,249938,60.3,39.7,53.72,6.57,D+6.6,100.0
2008,2000s,Massachusetts,MA,MA-03,,False,0,4,,Bristol County; Middlesex County; Norfolk County; Worcester County,4,158149,101146,6151,265446,60.99,39.01,53.72,7.27,D+7.3,100.0
2008,2000s,Massachusetts,MA,MA-04,,False,0,4,,Bristol County; Middlesex County; Norfolk County; Plymouth County,4,214746,144702,8155,367603,59.74,40.26,53.72,6.02,D+6.0,100.0
2008,2000s,Massachusetts,MA,MA-05,,False,0,3,,Essex County; Middlesex County; Worcester County,3,268194,149486,9302,426982,64.21,35.79,53.72,10.49,D+10.5,100.0
2008,2000s,Massachusetts,MA,MA-06,,False,0,2,,Essex County; Middlesex County,2,210146,132697,7348,350192,61.3,38.7,53.72,7.57,D+7.6,100.0
2008,2000s,Massachusetts,MA,MA-07,,False,0,2,,Middlesex County; Suffolk County,2,120436,56663,3804,180903,68.0,32.0,53.72,14.28,D+14.3,100.0
2008,2000s,Massachusetts,MA,MA-08,,False,0,2,,Suffolk County; Middlesex County,2,111602,32346,2703,146650,77.53,22.47,53.72,23.81,D+23.8,100.0
2008,2000s,Massachusetts,MA,MA-09,,False,0,4,,Bristol County; Norfolk County; Plymouth County; Suffolk County,4,182326,97376,5801,285502,65.19,34.81,53.72,11.46,D+11.5,100.0
2008,2000s,Massachusetts,MA,MA-10,,False,3,2,Barnstable County; Dukes County; Nantucket County,Norfolk County; Plymouth County,5,176497,133404,6158,316059,56.95,43.05,53.72,3.23,D+3.2,52.9
2008,2000s,Maryland,MD,MD-01,,False,9,3,Caroline County; Cecil County; Dorchester County; Kent County; Queen Anne's County; Somerset County; Talbot County; Wicomico County; Worcester County,Anne Arundel County; Baltimore County; Harford County,12,164099,189434,6603,360136,46.42,53.58,53.72,-7.31,R+7.3,43.2
2008,2000s,Maryland,MD,MD-02,,False,0,4,,Anne Arundel County; Baltimore County; Harford County; Baltimore City,4,139059,85993,4338,229390,61.79,38.21,53.72,8.07,D+8.1,100.0
2008,2000s,Maryland,MD,MD-03,,False,0,4,,Anne Arundel County; Baltimore County; Howard County; Baltimore City,4,160661,85247,4222,250130,65.33,34.67,53.72,11.61,D+11.6,100.0
2008,2000s,Maryland,MD,MD-04,,False,0,2,,Montgomery County; Prince George's County,2,207546,51839,2947,262332,80.01,19.99,53.72,26.29,D+26.3,100.0
2008,2000s,Maryland,MD,MD-05,,False,3,2,Calvert County; Charles County; St. Mary's County,Anne Arundel County; Prince George's County,5,354239,142469,5639,502348,71.32,28.68,53.72,17.59,D+17.6,68.4
2008,2000s,Maryland,MD,MD-06,,False,5,3,Allegany County; Carroll County; Frederick County; Garrett County; Washington County,Baltimore County; Harford County; Montgomery County,8,239471,263658,10723,513852,47.6,52.4,53.72,-6.13,R+6.1,41.6
2008,2000s,Maryland,MD,MD-07,,False,0,3,,Baltimore County; Howard County; Baltimore City,3,177996,70913,4115,253024,71.51,28.49,53.72,17.79,D+17.8,100.0
2008,2000s,Maryland,MD,MD-08,,False,0,1,,Montgomery County,1,186396,70308,3681,260384,72.61,27.39,53.72,18.89,D+18.9,100.0
2008,2000s,Maine,ME,ME-01,,False,5,1,Cumberland County; Knox County; Lincoln County; Sagadahoc County; York County,Kennebec County,6,235116,145571,6924,387611,61.76,38.24,53.72,8.04,D+8.0,12.5
2008,2000s,Maine,ME,ME-02,,False,10,1,Androscoggin County; Aroostook County; Franklin County; Hancock County; Oxford County; Penobscot County; Piscataquis County; Somerset County; Waldo County; Washington County,Kennebec County,11,186807,149702,7043,343552,55.51,44.49,53.72,1.79,D+1.8,5.1
2008,2000s,Michigan,MI,MI-01,,False,30,1,Alcona County; Alger County; Alpena County; Antrim County; Arenac County; Baraga County; Charlevoix County; Cheboygan County; Chippewa County; Crawford County; Delta County; Dickinson County; Emmet County; Gladwin County; Gogebic County; Houghton County; Iosco County; Iron County; Keweenaw County; Luce County; Mackinac County; Marquette County; Menominee County; Montmorency County; Ogemaw County; Ontonagon County; Oscoda County; Otsego County; Presque Isle County; Schoolcraft County,Bay County,31,180183,168763,7390,356336,51.64,48.36,53.72,-2.09,R+2.1,11.2
2008,2000s,Michigan,MI,MI-02,,False,9,2,Benzie County; Lake County; Manistee County; Mason County; Muskegon County; Newaygo County; Oceana County; Ottawa County; Wexford County,Allegan County; Kent County,11,183647,190622,7030,381299,49.07,50.93,53.72,-4.66,R+4.7,17.0
2008,2000s,Michigan,MI,MI-03,,False,2,1,Barry County; Ionia County,Kent County,3,153137,156376,6097,315610,49.48,50.52,53.72,-4.25,R+4.2,81.6
2008,2000s,Michigan,MI,MI-04,,False,12,2,Clare County; Grand Traverse County; Gratiot County; Isabella County; Kalkaska County; Leelanau County; Mecosta County; Midland County; Missaukee County; Montcalm County; Osceola County; Roscommon County,Saginaw County; Shiawassee County,14,183528,166534,6577,356639,52.43,47.57,53.72,-1.3,R+1.3,28.6
2008,2000s,Michigan,MI,MI-05,,False,2,2,Genesee County; Tuscola County,Bay County; Saginaw County,4,179894,102222,5465,287582,63.77,36.23,53.72,10.04,D+10.0,13.6
2008,2000s,Michigan,MI,MI-06,,False,5,2,Berrien County; Cass County; Kalamazoo County; St. Joseph County; Van Buren County,Allegan County; Calhoun County,7,178689,148971,6199,333860,54.53,45.47,53.72,0.81,D+0.8,12.2
2008,2000s,Michigan,MI,MI-07,,False,5,2,Branch County; Eaton County; Hillsdale County; Jackson County; Lenawee County,Calhoun County; Washtenaw County,7,233389,168850,7401,409641,58.02,41.98,53.72,4.3,D+4.3,46.6
2008,2000s,Michigan,MI,MI-08,,False,3,2,Clinton County; Ingham County; Livingston County,Oakland County; Shiawassee County,5,293765,224823,9261,527848,56.65,43.35,53.72,2.92,D+2.9,46.3
2008,2000s,Michigan,MI,MI-09,,False,0,1,,Oakland County,1,132766,98695,3875,235336,57.36,42.64,53.72,3.64,D+3.6,100.0
2008,2000s,Michigan,MI,MI-10,,False,4,1,Huron County; Lapeer County; St. Clair County; Sanilac County,Macomb County,5,252431,225458,10282,488171,52.82,47.18,53.72,-0.9,R+0.9,66.5
2008,2000s,Michigan,MI,MI-11,,False,0,2,,Oakland County; Wayne County,2,295623,135715,6396,437734,68.54,31.46,53.72,14.81,D+14.8,100.0
2008,2000s,Michigan,MI,MI-12,,False,0,2,,Macomb County; Oakland County,2,71412,57933,2584,131929,55.21,44.79,53.72,1.49,D+1.5,100.0
2008,2000s,Michigan,MI,MI-13,,False,0,1,,Wayne County,1,115515,38427,2111,156053,75.04,24.96,53.72,21.31,D+21.3,100.0
2008,2000s,Michigan,MI,MI-14,,False,0,1,,Wayne County,1,130697,43477,2389,176563,75.04,24.96,53.72,21.31,D+21.3,100.0
2008,2000s,Michigan,MI,MI-15,,False,1,2,Monroe County,Washtenaw County; Wayne County,3,287901,121773,6331,416006,70.28,29.72,53.72,16.55,D+16.6,81.6
2008,2000s,Minnesota,MN,MN-01,,False,22,0,Blue Earth County; Brown County; Cottonwood County; Dodge County; Faribault County; Fillmore County; Freeborn County; Houston County; Jackson County; Martin County; Mower County; Murray County; Nicollet County; Nobles County; Olmsted County; Pipestone County; Rock County; Steele County; Wabasha County; Waseca County; Watonwan County; Winona County,,22,173692,158736,8371,340799,52.25,47.75,53.72,-1.47,R+1.5,0.0
2008,2000s,Minnesota,MN,MN-02,,False,5,2,Carver County; Goodhue County; Le Sueur County; Rice County; Scott County,Dakota County; Washington County,7,211752,211106,8355,431212,50.08,49.92,53.72,-3.65,R+3.6,56.1
2008,2000s,Minnesota,MN,MN-03,,False,0,2,,Anoka County; Hennepin County,2,346885,192580,9770,549235,64.3,35.7,53.72,10.58,D+10.6,100.0
2008,2000s,Minnesota,MN,MN-04,,False,1,2,Ramsey County,Dakota County; Washington County,3,192314,97378,5807,295500,66.39,33.61,53.72,12.66,D+12.7,6.1
2008,2000s,Minnesota,MN,MN-05,,False,0,2,,Anoka County; Hennepin County,2,81648,46430,2337,130414,63.75,36.25,53.72,10.02,D+10.0,100.0
2008,2000s,Minnesota,MN,MN-06,,False,3,3,Benton County; Sherburne County; Wright County,Anoka County; Stearns County; Washington County,6,208688,233428,9535,451651,47.2,52.8,53.72,-6.52,R+6.5,71.2
2008,2000s,Minnesota,MN,MN-07,,False,33,2,Becker County; Big Stone County; Chippewa County; Clay County; Clearwater County; Douglas County; Grant County; Kandiyohi County; Kittson County; Lac qui Parle County; Lake of the Woods County; Lincoln County; Lyon County; McLeod County; Mahnomen County; Marshall County; Meeker County; Norman County; Otter Tail County; Pennington County; Polk County; Pope County; Red Lake County; Redwood County; Renville County; Roseau County; Sibley County; Stevens County; Swift County; Todd County; Traverse County; Wilkin County; Yellow Medicine County,Beltrami County; Stearns County,35,164434,174089,8662,347185,48.57,51.43,53.72,-5.15,R+5.2,12.9
2008,2000s,Minnesota,MN,MN-08,,False,17,1,Aitkin County; Carlton County; Cass County; Chisago County; Cook County; Crow Wing County; Hubbard County; Isanti County; Itasca County; Kanabec County; Koochiching County; Lake County; Mille Lacs County; Morrison County; Pine County; St. Louis County; Wadena County,Beltrami County,18,193942,161662,8769,364373,54.54,45.46,53.72,0.81,D+0.8,0.9
2008,2000s,Missouri,MO,MO-01,,False,0,2,,St. Louis County; St. Louis City,2,196713,93913,2685,293311,67.69,32.31,53.72,13.96,D+14.0,100.0
2008,2000s,Missouri,MO,MO-02,,False,1,2,Lincoln County,St. Charles County; St. Louis County,3,234370,191789,4451,430611,55.0,45.0,53.72,1.27,D+1.3,94.5
2008,2000s,Missouri,MO,MO-03,,False,2,2,Jefferson County; Ste. Genevieve County,St. Louis County; St. Louis City,4,157377,93580,3180,254137,62.71,37.29,53.72,8.99,D+9.0,54.8
2008,2000s,Missouri,MO,MO-04,,False,21,4,Barton County; Bates County; Benton County; Cedar County; Cole County; Dade County; Dallas County; Henry County; Hickory County; Johnson County; Laclede County; Lafayette County; Moniteau County; Morgan County; Pettis County; Pulaski County; Ray County; St. Clair County; Saline County; Vernon County; Webster County,Camden County; Cass County; Jackson County; Polk County,25,131507,200491,5454,337452,39.61,60.39,53.72,-14.11,R+14.1,25.2
2008,2000s,Missouri,MO,MO-05,,False,0,2,,Cass County; Jackson County,2,146751,89289,2676,238716,62.17,37.83,53.72,8.45,D+8.4,100.0
2008,2000s,Missouri,MO,MO-06,,False,25,1,Andrew County; Atchison County; Buchanan County; Caldwell County; Carroll County; Chariton County; Clay County; Clinton County; Cooper County; Daviess County; DeKalb County; Gentry County; Grundy County; Harrison County; Holt County; Howard County; Linn County; Livingston County; Mercer County; Nodaway County; Platte County; Putnam County; Schuyler County; Sullivan County; Worth County,Jackson County,26,191527,193575,6736,391839,49.73,50.27,53.72,-3.99,R+4.0,23.4
2008,2000s,Missouri,MO,MO-07,,False,8,2,Barry County; Christian County; Greene County; Jasper County; Lawrence County; McDonald County; Newton County; Stone County,Polk County; Taney County,10,113408,200375,5250,319032,36.14,63.86,53.72,-17.58,R+17.6,4.9
2008,2000s,Missouri,MO,MO-08,,False,27,1,Bollinger County; Butler County; Cape Girardeau County; Carter County; Dent County; Douglas County; Dunklin County; Howell County; Iron County; Madison County; Mississippi County; New Madrid County; Oregon County; Ozark County; Pemiscot County; Perry County; Phelps County; Reynolds County; Ripley County; St. Francois County; Scott County; Shannon County; Stoddard County; Texas County; Washington County; Wayne County; Wright County,Taney County,28,105094,180215,5041,290349,36.84,63.16,53.72,-16.89,R+16.9,4.7
2008,2000s,Missouri,MO,MO-09,,False,23,2,Adair County; Audrain County; Boone County; Callaway County; Clark County; Crawford County; Franklin County; Gasconade County; Knox County; Lewis County; Macon County; Maries County; Marion County; Miller County; Monroe County; Montgomery County; Osage County; Pike County; Ralls County; Randolph County; Scotland County; Shelby County; Warren County,Camden County; St. Charles County,25,165164,202587,6003,373754,44.91,55.09,53.72,-8.81,R+8.8,19.0
2008,2000s,Mississippi,MS,MS-01,,False,22,2,Alcorn County; Benton County; Calhoun County; Chickasaw County; Choctaw County; Clay County; DeSoto County; Grenada County; Itawamba County; Lafayette County; Lee County; Lowndes County; Marshall County; Monroe County; Panola County; Pontotoc County; Prentiss County; Tate County; Tippah County; Tishomingo County; Union County; Yalobusha County,Webster County; Winston County,24,130269,213862,3422,347553,37.85,62.15,53.72,-15.87,R+15.9,1.7
2008,2000s,Mississippi,MS,MS-02,,False,20,3,Attala County; Bolivar County; Carroll County; Claiborne County; Coahoma County; Copiah County; Holmes County; Humphreys County; Issaquena County; Jefferson County; Leflore County; Montgomery County; Quitman County; Sharkey County; Sunflower County; Tallahatchie County; Tunica County; Warren County; Washington County; Yazoo County,Hinds County; Leake County; Madison County,23,201797,119971,1896,323664,62.72,37.28,53.72,8.99,D+9.0,43.7
2008,2000s,Mississippi,MS,MS-03,,False,20,8,Adams County; Amite County; Covington County; Franklin County; Jefferson Davis County; Kemper County; Lauderdale County; Lawrence County; Lincoln County; Neshoba County; Newton County; Noxubee County; Oktibbeha County; Pike County; Rankin County; Scott County; Simpson County; Smith County; Walthall County; Wilkinson County,Hinds County; Jasper County; Jones County; Leake County; Madison County; Marion County; Webster County; Winston County,28,130136,193038,2449,325622,40.27,59.73,53.72,-13.46,R+13.5,14.0
2008,2000s,Mississippi,MS,MS-04,,False,12,3,Clarke County; Forrest County; George County; Greene County; Hancock County; Harrison County; Jackson County; Lamar County; Pearl River County; Perry County; Stone County; Wayne County,Jasper County; Jones County; Marion County,15,92460,197726,2839,293025,31.86,68.14,53.72,-21.86,R+21.9,13.6
2008,2000s,Montana,MT,MT-AL,,True,0,0,,,56,232159,243882,16709,492750,48.77,51.23,53.72,-4.96,R+5.0,0.0
2008,2000s,North Carolina,NC,NC-01,,False,13,10,Bertie County; Chowan County; Edgecombe County; Gates County; Greene County; Halifax County; Hertford County; Martin County; Northampton County; Pasquotank County; Perquimans County; Warren County; Washington County,Beaufort County; Craven County; Granville County; Jones County; Lenoir County; Nash County; Pitt County; Vance County; Wayne County; Wilson County,23,158607,121370,1425,281402,56.65,43.35,53.72,2.93,D+2.9,44.2
2008,2000s,North Carolina,NC,NC-02,,False,4,6,Franklin County; Harnett County; Johnston County; Lee County,Chatham County; Cumberland County; Nash County; Sampson County; Vance County; Wake County,10,145393,159371,2588,307351,47.71,52.29,53.72,-6.02,R+6.0,47.2
2008,2000s,North Carolina,NC,NC-03,,False,8,9,Camden County; Carteret County; Currituck County; Dare County; Hyde County; Onslow County; Pamlico County; Tyrrell County,Beaufort County; Craven County; Duplin County; Jones County; Lenoir County; Nash County; Pitt County; Wayne County; Wilson County,17,131031,167354,2243,300627,43.91,56.09,53.72,-9.81,R+9.8,56.8
2008,2000s,North Carolina,NC,NC-04,,False,2,2,Durham County; Orange County,Chatham County; Wake County,4,282428,146270,4108,432807,65.88,34.12,53.72,12.16,D+12.2,51.1
2008,2000s,North Carolina,NC,NC-05,,False,9,3,Alexander County; Alleghany County; Ashe County; Davie County; Stokes County; Surry County; Watauga County; Wilkes County; Yadkin County,Forsyth County; Iredell County; Rockingham County,12,154741,207436,4394,366570,42.73,57.27,53.72,-11.0,R+11.0,50.2
2008,2000s,North Carolina,NC,NC-06,,False,2,4,Moore County; Randolph County,Alamance County; Davidson County; Guilford County; Rowan County,6,190435,218938,3905,413278,46.52,53.48,53.72,-7.21,R+7.2,75.0
2008,2000s,North Carolina,NC,NC-07,,False,6,3,Bladen County; Brunswick County; Columbus County; New Hanover County; Pender County; Robeson County,Cumberland County; Duplin County; Sampson County,9,188049,184056,3051,375156,50.54,49.46,53.72,-3.19,R+3.2,31.3
2008,2000s,North Carolina,NC,NC-08,,False,6,4,Anson County; Hoke County; Montgomery County; Richmond County; Scotland County; Stanly County,Cabarrus County; Cumberland County; Mecklenburg County; Union County,10,115167,130705,1934,247806,46.84,53.16,53.72,-6.88,R+6.9,59.8
2008,2000s,North Carolina,NC,NC-09,,False,0,3,,Gaston County; Mecklenburg County; Union County,3,204105,170839,2777,377720,54.44,45.56,53.72,0.71,D+0.7,100.0
2008,2000s,North Carolina,NC,NC-10,,False,7,3,Avery County; Burke County; Caldwell County; Catawba County; Cleveland County; Lincoln County; Mitchell County,Gaston County; Iredell County; Rutherford County,10,109685,189795,3412,302892,36.63,63.37,53.72,-17.1,R+17.1,21.6
2008,2000s,North Carolina,NC,NC-11,,False,14,1,Buncombe County; Cherokee County; Clay County; Graham County; Haywood County; Henderson County; Jackson County; McDowell County; Macon County; Madison County; Polk County; Swain County; Transylvania County; Yancey County,Rutherford County,15,157408,175926,4701,338036,47.22,52.78,53.72,-6.5,R+6.5,1.9
2008,2000s,North Carolina,NC,NC-12,,False,0,6,,Cabarrus County; Davidson County; Forsyth County; Guilford County; Mecklenburg County; Rowan County,6,135848,113288,2101,251236,54.53,45.47,53.72,0.8,D+0.8,100.0
2008,2000s,North Carolina,NC,NC-13,,False,2,5,Caswell County; Person County,Alamance County; Granville County; Guilford County; Rockingham County; Wake County,7,169755,143126,3026,315907,54.26,45.74,53.72,0.53,D+0.5,90.7
2008,2000s,North Dakota,ND,ND-AL,,True,0,0,,,53,141403,168887,6325,316615,45.57,54.43,53.72,-8.15,R+8.2,0.0
2008,2000s,Nebraska,NE,NE-01,,False,22,2,Burt County; Butler County; Cass County; Colfax County; Cuming County; Dakota County; Dixon County; Dodge County; Gage County; Johnson County; Lancaster County; Madison County; Nemaha County; Otoe County; Pawnee County; Richardson County; Saunders County; Seward County; Stanton County; Thurston County; Washington County; Wayne County,Cedar County; Sarpy County,24,134214,164523,5924,304661,44.93,55.07,53.72,-8.8,R+8.8,15.5
2008,2000s,Nebraska,NE,NE-02,,False,1,1,Douglas County,Sarpy County,2,126025,119061,3993,249080,51.42,48.58,53.72,-2.3,R+2.3,9.0
2008,2000s,Nebraska,NE,NE-03,,False,68,1,Adams County; Antelope County; Arthur County; Banner County; Blaine County; Boone County; Box Butte County; Boyd County; Brown County; Buffalo County; Chase County; Cherry County; Cheyenne County; Clay County; Custer County; Dawes County; Dawson County; Deuel County; Dundy County; Fillmore County; Franklin County; Frontier County; Furnas County; Garden County; Garfield County; Gosper County; Grant County; Greeley County; Hall County; Hamilton County; Harlan County; Hayes County; Hitchcock County; Holt County; Hooker County; Howard County; Jefferson County; Kearney County; Keith County; Keya Paha County; Kimball County; Knox County; Lincoln County; Logan County; Loup County; McPherson County; Merrick County; Morrill County; Nance County; Nuckolls County; Perkins County; Phelps County; Pierce County; Platte County; Polk County; Red Willow County; Rock County; Saline County; Scotts Bluff County; Sheridan County; Sherman County; Sioux County; Thayer County; Thomas County; Valley County; Webster County; Wheeler County; York County,Cedar County,69,73080,169394,5065,247539,30.14,69.86,53.72,-23.58,R+23.6,1.1
2008,2000s,New Hampshire,NH,NH-01,,False,2,4,Carroll County; Strafford County,Belknap County; Hillsborough County; Merrimack County; Rockingham County,6,161982,143562,4091,309636,53.01,46.99,53.72,-0.71,R+0.7,70.0
2008,2000s,New Hampshire,NH,NH-02,,False,4,4,Cheshire County; Coos County; Grafton County; Sullivan County,Belknap County; Hillsborough County; Merrimack County; Rockingham County,8,222844,172972,5519,401334,56.3,43.7,53.72,2.58,D+2.6,67.2
2008,2000s,New Jersey,NJ,NJ-01,,False,0,2,,Camden County; Gloucester County,2,156056,84903,3628,244588,64.76,35.24,53.72,11.04,D+11.0,100.0
2008,2000s,New Jersey,NJ,NJ-02,,False,4,3,Atlantic County; Cape May County; Cumberland County; Salem County,Burlington County; Camden County; Gloucester County,7,228604,171846,6118,406568,57.09,42.91,53.72,3.36,D+3.4,36.1
2008,2000s,New Jersey,NJ,NJ-03,,False,0,3,,Burlington County; Camden County; Ocean County,3,168712,159307,4665,332684,51.43,48.57,53.72,-2.29,R+2.3,100.0
2008,2000s,New Jersey,NJ,NJ-04,,False,0,4,,Burlington County; Mercer County; Monmouth County; Ocean County,4,182313,185103,5222,372639,49.62,50.38,53.72,-4.1,R+4.1,100.0
2008,2000s,New Jersey,NJ,NJ-05,,False,1,3,Warren County,Bergen County; Passaic County; Sussex County,4,273492,240946,6472,520910,53.16,46.84,53.72,-0.56,R+0.6,90.6
2008,2000s,New Jersey,NJ,NJ-06,,False,0,3,,Middlesex County; Monmouth County; Union County,3,95229,73286,2271,170786,56.51,43.49,53.72,2.79,D+2.8,100.0
2008,2000s,New Jersey,NJ,NJ-07,,False,0,4,,Hunterdon County; Middlesex County; Somerset County; Union County,4,183262,137335,4054,324650,57.16,42.84,53.72,3.44,D+3.4,100.0
2008,2000s,New Jersey,NJ,NJ-08,,False,0,2,,Essex County; Passaic County,2,119950,49760,1386,171096,70.68,29.32,53.72,16.96,D+17.0,100.0
2008,2000s,New Jersey,NJ,NJ-09,,False,0,2,,Bergen County; Hudson County,2,129099,79280,2189,210568,61.95,38.05,53.72,8.23,D+8.2,100.0
2008,2000s,New Jersey,NJ,NJ-10,,False,0,3,,Essex County; Hudson County; Union County,3,115294,45324,1347,161965,71.78,28.22,53.72,18.06,D+18.1,100.0
2008,2000s,New Jersey,NJ,NJ-11,,False,1,4,Morris County,Essex County; Passaic County; Somerset County; Sussex County,5,204687,172148,4086,380921,54.32,45.68,53.72,0.59,D+0.6,35.0
2008,2000s,New Jersey,NJ,NJ-12,,False,0,5,,Hunterdon County; Mercer County; Middlesex County; Monmouth County; Somerset County,5,237357,166482,5651,409490,58.78,41.22,53.72,5.05,D+5.1,100.0
2008,2000s,New Jersey,NJ,NJ-13,,False,0,4,,Essex County; Hudson County; Middlesex County; Union County,4,121368,47486,1690,170543,71.88,28.12,53.72,18.15,D+18.2,100.0
2008,2000s,New Mexico,NM,NM-01,,False,1,4,Torrance County,Bernalillo County; Sandoval County; Santa Fe County; Valencia County,5,120114,79938,2660,202713,60.04,39.96,53.72,6.32,D+6.3,96.6
2008,2000s,New Mexico,NM,NM-02,,False,15,3,Catron County; Chaves County; Cibola County; De Baca County; Doña Ana County; Eddy County; Grant County; Guadalupe County; Hidalgo County; Lea County; Lincoln County; Luna County; Otero County; Sierra County; Socorro County,Bernalillo County; McKinley County; Valencia County,18,176688,158352,4670,339710,52.74,47.26,53.72,-0.99,R+1.0,37.2
2008,2000s,New Mexico,NM,NM-03,,False,12,3,Colfax County; Curry County; Harding County; Los Alamos County; Mora County; Quay County; Rio Arriba County; Roosevelt County; San Juan County; San Miguel County; Taos County; Union County,McKinley County; Sandoval County; Santa Fe County,15,175620,108541,3574,287735,61.8,38.2,53.72,8.08,D+8.1,51.0
2008,2000s,Nevada,NV,NV-01,,False,0,1,,Clark County,1,8377,5656,293,14326,59.7,40.3,53.72,5.97,D+6.0,100.0
2008,2000s,Nevada,NV,NV-02,,False,16,1,Churchill County; Douglas County; Elko County; Esmeralda County; Eureka County; Humboldt County; Lander County; Lincoln County; Lyon County; Mineral County; Nye County; Pershing County; Storey County; Washoe County; White Pine County; Carson City,Clark County,17,301469,256009,13154,570633,54.08,45.92,53.72,0.35,D+0.4,44.5
2008,2000s,Nevada,NV,NV-03,,False,0,1,,Clark County,1,223890,151162,7837,382889,59.7,40.3,53.72,5.97,D+6.0,100.0
2008,2000s,New York,NY,NY-01,,False,0,1,,Suffolk County,1,246396,218292,4415,469103,53.02,46.98,53.72,-0.7,R+0.7,100.0
2008,2000s,New York,NY,NY-02,,False,0,2,,Nassau County; Suffolk County,2,101375,89106,1744,192225,53.22,46.78,53.72,-0.5,R+0.5,100.0
2008,2000s,New York,NY,NY-03,,False,0,2,,Nassau County; Suffolk County,2,186172,157769,2601,346543,54.13,45.87,53.72,0.41,D+0.4,100.0
2008,2000s,New York,NY,NY-04,,False,0,1,,Nassau County,1,107769,90949,1467,200185,54.23,45.77,53.72,0.51,D+0.5,100.0
2008,2000s,New York,NY,NY-05,,False,0,2,,Nassau County; Queens County,2,164652,77666,1674,243992,67.95,32.05,53.72,14.22,D+14.2,100.0
2008,2000s,New York,NY,NY-06,,False,0,1,,Queens County,1,172817,55805,1519,230140,75.59,24.41,53.72,21.87,D+21.9,100.0
2008,2000s,New York,NY,NY-07,,False,0,2,,Bronx County; Queens County,2,186885,29989,926,217800,86.17,13.83,53.72,32.45,D+32.4,100.0
2008,2000s,New York,NY,NY-08,,False,0,2,,Kings County; New York County,2,229938,43207,2060,275205,84.18,15.82,53.72,30.46,D+30.5,100.0
2008,2000s,New York,NY,NY-09,,False,0,2,,Kings County; Queens County,2,222727,63361,1788,287875,77.85,22.15,53.72,24.13,D+24.1,100.0
2008,2000s,New York,NY,NY-10,,False,0,1,,Kings County,1,149674,37664,1104,188442,79.9,20.1,53.72,26.17,D+26.2,100.0
2008,2000s,New York,NY,NY-11,,False,0,1,,Kings County,1,102599,25818,757,129174,79.9,20.1,53.72,26.17,D+26.2,100.0
2008,2000s,New York,NY,NY-12,,False,0,3,,Kings County; New York County; Queens County,3,157136,38354,1262,196753,80.38,19.62,53.72,26.66,D+26.7,100.0
2008,2000s,New York,NY,NY-13,,False,1,1,Richmond County,Kings County,2,131818,99275,1592,232685,57.04,42.96,53.72,3.32,D+3.3,28.4
2008,2000s,New York,NY,NY-14,,False,0,2,,New York County; Queens County,2,189733,34310,1820,225863,84.69,15.31,53.72,30.96,D+31.0,100.0
2008,2000s,New York,NY,NY-15,,False,0,3,,New York County; Bronx County; Queens County,3,232726,36779,2228,271734,86.35,13.65,53.72,32.63,D+32.6,100.0
2008,2000s,New York,NY,NY-16,,False,0,1,,Bronx County,1,94131,11599,383,106114,89.03,10.97,53.72,35.31,D+35.3,100.0
2008,2000s,New York,NY,NY-17,,False,0,3,,Bronx County; Rockland County; Westchester County,3,134671,51014,977,186662,72.53,27.47,53.72,18.8,D+18.8,100.0
2008,2000s,New York,NY,NY-18,,False,0,2,,Rockland County; Westchester County,2,128193,75821,1668,205682,62.84,37.16,53.72,9.11,D+9.1,100.0
2008,2000s,New York,NY,NY-19,,False,1,4,Putnam County,Dutchess County; Orange County; Rockland County; Westchester County,5,261275,194591,4300,460165,57.31,42.69,53.72,3.59,D+3.6,89.7
2008,2000s,New York,NY,NY-20,,False,5,5,Columbia County; Greene County; Saratoga County; Warren County; Washington County,Delaware County; Dutchess County; Essex County; Otsego County; Rensselaer County,10,209501,188632,6692,404825,52.62,47.38,53.72,-1.1,R+1.1,44.9
2008,2000s,New York,NY,NY-21,,False,4,2,Albany County; Montgomery County; Schenectady County; Schoharie County,Fulton County; Rensselaer County,6,154765,105581,5184,265530,59.45,40.55,53.72,5.72,D+5.7,5.2
2008,2000s,New York,NY,NY-22,,False,2,5,Sullivan County; Ulster County,Broome County; Delaware County; Orange County; Tioga County; Tompkins County,7,124644,93523,3526,221693,57.13,42.87,53.72,3.41,D+3.4,45.7
2008,2000s,New York,NY,NY-23,,False,8,3,Clinton County; Franklin County; Hamilton County; Jefferson County; Lewis County; Madison County; Oswego County; St. Lawrence County,Essex County; Fulton County; Oneida County,11,150418,137025,5061,292505,52.33,47.67,53.72,-1.39,R+1.4,23.2
2008,2000s,New York,NY,NY-24,,False,4,7,Chenango County; Cortland County; Herkimer County; Seneca County,Broome County; Cayuga County; Oneida County; Ontario County; Otsego County; Tioga County; Tompkins County,11,145419,129098,5064,279581,52.97,47.03,53.72,-0.75,R+0.8,69.7
2008,2000s,New York,NY,NY-25,,False,2,2,Onondaga County; Wayne County,Cayuga County; Monroe County,4,174611,126668,5250,306529,57.96,42.04,53.72,4.23,D+4.2,15.4
2008,2000s,New York,NY,NY-26,,False,3,4,Genesee County; Livingston County; Wyoming County,Erie County; Monroe County; Niagara County; Orleans County,7,188882,163673,5399,357955,53.58,46.42,53.72,-0.15,R+0.1,79.1
2008,2000s,New York,NY,NY-27,,False,1,1,Chautauqua County,Erie County,2,217561,160045,6146,383752,57.62,42.38,53.72,3.89,D+3.9,84.7
2008,2000s,New York,NY,NY-28,,False,0,4,,Erie County; Monroe County; Niagara County; Orleans County,4,75980,60577,2089,138646,55.64,44.36,53.72,1.92,D+1.9,100.0
2008,2000s,New York,NY,NY-29,,False,6,2,Allegany County; Cattaraugus County; Chemung County; Schuyler County; Steuben County; Yates County,Monroe County; Ontario County,8,162474,156579,4547,323600,50.92,49.08,53.72,-2.8,R+2.8,53.5
2008,2000s,Ohio,OH,OH-01,,False,0,2,,Butler County; Hamilton County,2,175089,165840,3784,344714,51.36,48.64,53.72,-2.37,R+2.4,100.0
2008,2000s,Ohio,OH,OH-02,,False,4,3,Adams County; Brown County; Clermont County; Pike County,Hamilton County; Scioto County; Warren County,7,141852,189873,5058,336783,42.76,57.24,53.72,-10.96,R+11.0,58.5
2008,2000s,Ohio,OH,OH-03,,False,2,2,Clinton County; Highland County,Montgomery County; Warren County,4,162949,179061,5489,347499,47.64,52.36,53.72,-6.08,R+6.1,88.9
2008,2000s,Ohio,OH,OH-04,,False,10,1,Allen County; Auglaize County; Champaign County; Hancock County; Hardin County; Logan County; Marion County; Morrow County; Richland County; Shelby County,Wyandot County,11,114851,180220,6700,301771,38.92,61.08,53.72,-14.8,R+14.8,1.9
2008,2000s,Ohio,OH,OH-05,,False,12,4,Crawford County; Defiance County; Fulton County; Henry County; Huron County; Paulding County; Putnam County; Sandusky County; Seneca County; Van Wert County; Williams County; Wood County,Ashland County; Lucas County; Mercer County; Wyandot County,16,170111,183445,7600,361155,48.11,51.89,53.72,-5.61,R+5.6,20.4
2008,2000s,Ohio,OH,OH-06,,False,8,4,Columbiana County; Gallia County; Jefferson County; Lawrence County; Meigs County; Monroe County; Noble County; Washington County,Athens County; Belmont County; Mahoning County; Scioto County,12,174282,158804,8534,341620,52.32,47.68,53.72,-1.4,R+1.4,47.6
2008,2000s,Ohio,OH,OH-07,,False,6,2,Clark County; Fairfield County; Fayette County; Greene County; Perry County; Pickaway County,Franklin County; Ross County,8,166194,187717,6481,360391,46.96,53.04,53.72,-6.76,R+6.8,24.0
2008,2000s,Ohio,OH,OH-08,,False,3,3,Darke County; Miami County; Preble County,Butler County; Mercer County; Montgomery County,6,97594,158965,4704,261262,38.04,61.96,53.72,-15.68,R+15.7,61.8
2008,2000s,Ohio,OH,OH-09,,False,2,2,Erie County; Ottawa County,Lorain County; Lucas County,4,203604,124830,5916,334350,61.99,38.01,53.72,8.27,D+8.3,80.7
2008,2000s,Ohio,OH,OH-10,,False,0,1,,Cuyahoga County,1,195288,85149,3833,284269,69.64,30.36,53.72,15.91,D+15.9,100.0
2008,2000s,Ohio,OH,OH-11,,False,0,1,,Cuyahoga County,1,134776,58765,2645,196186,69.64,30.36,53.72,15.91,D+15.9,100.0
2008,2000s,Ohio,OH,OH-12,,False,1,2,Delaware County,Franklin County; Licking County,3,170997,156407,5068,332472,52.23,47.77,53.72,-1.5,R+1.5,72.2
2008,2000s,Ohio,OH,OH-13,,False,0,4,,Cuyahoga County; Lorain County; Medina County; Summit County,4,189506,118102,4831,312439,61.61,38.39,53.72,7.88,D+7.9,100.0
2008,2000s,Ohio,OH,OH-14,,False,3,4,Ashtabula County; Geauga County; Lake County,Cuyahoga County; Portage County; Summit County; Trumbull County,7,240133,185383,8044,433560,56.43,43.57,53.72,2.71,D+2.7,49.7
2008,2000s,Ohio,OH,OH-15,,False,2,1,Madison County; Union County,Franklin County,3,186836,138327,5242,330405,57.46,42.54,53.72,3.74,D+3.7,87.1
2008,2000s,Ohio,OH,OH-16,,False,2,2,Stark County; Wayne County,Ashland County; Medina County,4,157349,164191,7185,328725,48.94,51.06,53.72,-4.79,R+4.8,26.9
2008,2000s,Ohio,OH,OH-17,,False,0,4,,Mahoning County; Portage County; Summit County; Trumbull County,4,127708,88198,5062,220968,59.15,40.85,53.72,5.43,D+5.4,100.0
2008,2000s,Ohio,OH,OH-18,,False,12,4,Carroll County; Coshocton County; Guernsey County; Harrison County; Hocking County; Holmes County; Jackson County; Knox County; Morgan County; Muskingum County; Tuscarawas County; Vinton County,Athens County; Belmont County; Licking County; Ross County,16,130926,154543,7692,293161,45.86,54.14,53.72,-7.86,R+7.9,25.9
2008,2000s,Oklahoma,OK,OK-01,,False,3,2,Tulsa County; Wagoner County; Washington County,Creek County; Rogers County,5,113753,202635,0,316388,35.95,64.05,53.72,-17.77,R+17.8,2.8
2008,2000s,Oklahoma,OK,OK-02,,False,24,1,Adair County; Atoka County; Bryan County; Cherokee County; Choctaw County; Coal County; Craig County; Delaware County; Haskell County; Hughes County; Johnston County; Latimer County; Le Flore County; McCurtain County; McIntosh County; Mayes County; Muskogee County; Nowata County; Okfuskee County; Okmulgee County; Ottawa County; Pittsburg County; Pushmataha County; Sequoyah County,Rogers County,25,91960,176096,0,268056,34.31,65.69,53.72,-19.42,R+19.4,11.7
2008,2000s,Oklahoma,OK,OK-03,,False,30,2,Alfalfa County; Beaver County; Beckham County; Blaine County; Caddo County; Cimarron County; Custer County; Dewey County; Ellis County; Garfield County; Grant County; Greer County; Harmon County; Harper County; Jackson County; Kay County; Kingfisher County; Kiowa County; Lincoln County; Logan County; Major County; Noble County; Osage County; Pawnee County; Payne County; Roger Mills County; Texas County; Washita County; Woods County; Woodward County,Canadian County; Creek County,32,81160,219746,0,300906,26.97,73.03,53.72,-26.75,R+26.8,23.5
2008,2000s,Oklahoma,OK,OK-04,,False,14,2,Carter County; Cleveland County; Comanche County; Cotton County; Garvin County; Grady County; Jefferson County; Love County; McClain County; Marshall County; Murray County; Pontotoc County; Stephens County; Tillman County,Canadian County; Oklahoma County,16,98672,189374,0,288046,34.26,65.74,53.72,-19.47,R+19.5,9.9
2008,2000s,Oklahoma,OK,OK-05,,False,2,1,Pottawatomie County; Seminole County,Oklahoma County,3,116951,172315,0,289266,40.43,59.57,53.72,-13.29,R+13.3,88.2
2008,2000s,Oregon,OR,OR-01,,False,4,1,Clatsop County; Columbia County; Washington County; Yamhill County,Multnomah County,5,197362,131118,9247,337726,60.08,39.92,53.72,6.36,D+6.4,4.2
2008,2000s,Oregon,OR,OR-02,,False,19,1,Baker County; Crook County; Deschutes County; Gilliam County; Grant County; Harney County; Hood River County; Jackson County; Jefferson County; Klamath County; Lake County; Malheur County; Morrow County; Sherman County; Umatilla County; Union County; Wallowa County; Wasco County; Wheeler County,Josephine County,20,145217,179328,9656,334202,44.74,55.26,53.72,-8.98,R+9.0,1.2
2008,2000s,Oregon,OR,OR-03,,False,0,2,,Clackamas County; Multnomah County,2,296785,98042,10826,405653,75.17,24.83,53.72,21.44,D+21.4,100.0
2008,2000s,Oregon,OR,OR-04,,False,5,2,Coos County; Curry County; Douglas County; Lane County; Linn County,Benton County; Josephine County,7,217751,178819,12800,409370,54.91,45.09,53.72,1.18,D+1.2,19.1
2008,2000s,Oregon,OR,OR-05,,False,4,3,Lincoln County; Marion County; Polk County; Tillamook County,Benton County; Clackamas County; Multnomah County,7,180176,151168,9569,340913,54.38,45.62,53.72,0.65,D+0.7,41.9
2008,2000s,Pennsylvania,PA,PA-01,,False,0,2,,Delaware County; Philadelphia County,2,201519,46793,1803,250114,81.16,18.84,53.72,27.43,D+27.4,100.0
2008,2000s,Pennsylvania,PA,PA-02,,False,0,2,,Philadelphia County; Montgomery County,2,226534,46660,1865,275059,82.92,17.08,53.72,29.2,D+29.2,100.0
2008,2000s,Pennsylvania,PA,PA-03,,False,1,6,Erie County,Armstrong County; Butler County; Crawford County; Mercer County; Venango County; Warren County,7,154932,159434,5816,320182,49.28,50.72,53.72,-4.44,R+4.4,59.9
2008,2000s,Pennsylvania,PA,PA-04,,False,1,5,Lawrence County,Allegheny County; Beaver County; Butler County; Mercer County; Westmoreland County,6,216362,187308,6171,409841,53.6,46.4,53.72,-0.13,R+0.1,89.7
2008,2000s,Pennsylvania,PA,PA-05,,False,9,8,Cameron County; Centre County; Clarion County; Clinton County; Elk County; Forest County; Jefferson County; McKean County; Potter County,Clearfield County; Crawford County; Juniata County; Lycoming County; Mifflin County; Tioga County; Venango County; Warren County,17,124740,153637,5507,283885,44.81,55.19,53.72,-8.91,R+8.9,40.0
2008,2000s,Pennsylvania,PA,PA-06,,False,0,4,,Berks County; Chester County; Lehigh County; Montgomery County,4,165351,126832,3510,295694,56.59,43.41,53.72,2.87,D+2.9,100.0
2008,2000s,Pennsylvania,PA,PA-07,,False,0,3,,Chester County; Delaware County; Montgomery County,3,205958,135162,3790,344910,60.38,39.62,53.72,6.65,D+6.7,100.0
2008,2000s,Pennsylvania,PA,PA-08,,False,1,1,Bucks County,Philadelphia County,2,210053,156350,4296,370699,57.33,42.67,53.72,3.6,D+3.6,10.1
2008,2000s,Pennsylvania,PA,PA-09,,False,5,9,Bedford County; Blair County; Franklin County; Fulton County; Huntingdon County,Cambria County; Clearfield County; Cumberland County; Fayette County; Indiana County; Juniata County; Mifflin County; Perry County; Somerset County,14,142250,222424,6188,370862,39.01,60.99,53.72,-14.72,R+14.7,55.6
2008,2000s,Pennsylvania,PA,PA-10,,False,10,4,Bradford County; Montour County; Northumberland County; Pike County; Snyder County; Sullivan County; Susquehanna County; Union County; Wayne County; Wyoming County,Lackawanna County; Luzerne County; Lycoming County; Tioga County,14,161734,166146,5574,333454,49.33,50.67,53.72,-4.4,R+4.4,44.8
2008,2000s,Pennsylvania,PA,PA-11,,False,3,2,Carbon County; Columbia County; Monroe County,Lackawanna County; Luzerne County,5,130941,107833,4076,242851,54.84,45.16,53.72,1.11,D+1.1,49.0
2008,2000s,Pennsylvania,PA,PA-12,,False,1,7,Greene County,Armstrong County; Cambria County; Fayette County; Indiana County; Somerset County; Washington County; Westmoreland County,8,98551,118164,4008,220723,45.48,54.52,53.72,-8.25,R+8.2,92.7
2008,2000s,Pennsylvania,PA,PA-13,,False,0,2,,Montgomery County; Philadelphia County,2,272931,106395,3004,382330,71.95,28.05,53.72,18.23,D+18.2,100.0
2008,2000s,Pennsylvania,PA,PA-14,,False,0,1,,Allegheny County,1,85735,62574,1962,150270,57.81,42.19,53.72,4.08,D+4.1,100.0
2008,2000s,Pennsylvania,PA,PA-15,,False,1,3,Northampton County,Berks County; Lehigh County; Montgomery County,4,209972,153872,4933,368776,57.71,42.29,53.72,3.99,D+4.0,63.1
2008,2000s,Pennsylvania,PA,PA-16,,False,1,2,Lancaster County,Berks County; Chester County,3,159264,176107,4428,339800,47.49,52.51,53.72,-6.24,R+6.2,32.5
2008,2000s,Pennsylvania,PA,PA-17,,False,3,2,Dauphin County; Lebanon County; Schuylkill County,Berks County; Perry County,5,176480,174760,5853,357093,50.24,49.76,53.72,-3.48,R+3.5,29.4
2008,2000s,Pennsylvania,PA,PA-18,,False,0,4,,Allegheny County; Beaver County; Washington County; Westmoreland County,4,212150,192855,5752,410757,52.38,47.62,53.72,-1.34,R+1.3,100.0
2008,2000s,Pennsylvania,PA,PA-19,,False,2,1,Adams County; York County,Cumberland County,3,120905,162579,4691,288175,42.65,57.35,53.72,-11.07,R+11.1,16.7
2008,2000s,Rhode Island,RI,RI-01,,False,2,1,Bristol County; Newport County,Providence County,3,120506,63133,3723,187362,65.62,34.38,53.72,11.9,D+11.9,63.8
2008,2000s,Rhode Island,RI,RI-02,,False,2,1,Kent County; Washington County,Providence County,3,176065,102258,6081,284404,63.26,36.74,53.72,9.54,D+9.5,47.2
2008,2000s,South Carolina,SC,SC-01,,False,1,4,Horry County,Berkeley County; Charleston County; Dorchester County; Georgetown County,5,118784,140112,3038,261934,45.88,54.12,53.72,-7.84,R+7.8,60.0
2008,2000s,South Carolina,SC,SC-02,,False,6,4,Allendale County; Barnwell County; Beaufort County; Hampton County; Jasper County; Lexington County,Aiken County; Calhoun County; Orangeburg County; Richland County,10,156109,178070,3457,337637,46.71,53.29,53.72,-7.01,R+7.0,37.7
2008,2000s,South Carolina,SC,SC-03,,False,8,2,Abbeville County; Anderson County; Edgefield County; Greenwood County; McCormick County; Oconee County; Pickens County; Saluda County,Aiken County; Laurens County,10,97895,177916,3850,279662,35.49,64.51,53.72,-18.23,R+18.2,22.7
2008,2000s,South Carolina,SC,SC-04,,False,3,1,Greenville County; Spartanburg County; Union County,Laurens County,4,118994,189638,5248,313879,38.56,61.44,53.72,-15.17,R+15.2,0.4
2008,2000s,South Carolina,SC,SC-05,,False,11,3,Cherokee County; Chester County; Chesterfield County; Darlington County; Dillon County; Fairfield County; Kershaw County; Lancaster County; Marlboro County; Newberry County; York County,Florence County; Lee County; Sumter County,14,139728,162546,3572,305846,46.23,53.77,53.72,-7.5,R+7.5,7.3
2008,2000s,South Carolina,SC,SC-06,,False,5,10,Bamberg County; Clarendon County; Colleton County; Marion County; Williamsburg County,Berkeley County; Calhoun County; Charleston County; Dorchester County; Florence County; Georgetown County; Lee County; Orangeburg County; Richland County; Sumter County,15,230939,186614,3782,421334,55.31,44.69,53.72,1.58,D+1.6,83.1
2008,2000s,South Dakota,SD,SD-AL,,True,0,0,,,66,170924,203054,7997,381975,45.7,54.3,53.72,-8.02,R+8.0,0.0
2008,2000s,Tennessee,TN,TN-01,,False,10,2,Carter County; Cocke County; Greene County; Hamblen County; Hancock County; Hawkins County; Johnson County; Sullivan County; Unicoi County; Washington County,Jefferson County; Sevier County,12,76610,186130,3902,266642,29.16,70.84,53.72,-24.57,R+24.6,13.1
2008,2000s,Tennessee,TN,TN-02,,False,5,1,Blount County; Knox County; Loudon County; McMinn County; Monroe County,Sevier County,6,103086,191671,4534,299290,34.97,65.03,53.72,-18.75,R+18.8,1.3
2008,2000s,Tennessee,TN,TN-03,,False,9,2,Anderson County; Bradley County; Claiborne County; Grainger County; Hamilton County; Meigs County; Polk County; Rhea County; Union County,Jefferson County; Roane County,11,104491,176391,4149,285031,37.2,62.8,53.72,-16.52,R+16.5,7.4
2008,2000s,Tennessee,TN,TN-04,,False,21,3,Bledsoe County; Campbell County; Coffee County; Cumberland County; Fentress County; Franklin County; Giles County; Grundy County; Lawrence County; Lewis County; Lincoln County; Marion County; Maury County; Moore County; Morgan County; Pickett County; Scott County; Sequatchie County; Van Buren County; Warren County; White County,Hickman County; Roane County; Williamson County,24,94750,180266,4641,279657,34.45,65.55,53.72,-19.27,R+19.3,16.1
2008,2000s,Tennessee,TN,TN-05,,False,0,3,,Cheatham County; Davidson County; Wilson County,3,161002,119257,4127,284386,57.45,42.55,53.72,3.72,D+3.7,100.0
2008,2000s,Tennessee,TN,TN-06,,False,14,1,Bedford County; Cannon County; Clay County; DeKalb County; Jackson County; Macon County; Marshall County; Overton County; Putnam County; Robertson County; Rutherford County; Smith County; Sumner County; Trousdale County,Wilson County,15,117461,203247,5224,325932,36.63,63.37,53.72,-17.1,R+17.1,8.7
2008,2000s,Tennessee,TN,TN-07,,False,9,6,Chester County; Decatur County; Fayette County; Hardeman County; Hardin County; Henderson County; McNairy County; Perry County; Wayne County,Cheatham County; Davidson County; Hickman County; Montgomery County; Shelby County; Williamson County,15,172230,185912,3768,361910,48.09,51.91,53.72,-5.63,R+5.6,77.5
2008,2000s,Tennessee,TN,TN-08,,False,17,2,Benton County; Carroll County; Crockett County; Dickson County; Dyer County; Gibson County; Haywood County; Henry County; Houston County; Humphreys County; Lake County; Lauderdale County; Madison County; Obion County; Stewart County; Tipton County; Weakley County,Montgomery County; Shelby County,19,147089,173466,3812,324368,45.89,54.11,53.72,-7.84,R+7.8,30.5
2008,2000s,Tennessee,TN,TN-09,,False,0,1,,Shelby County,1,110720,62838,1210,174768,63.79,36.21,53.72,10.07,D+10.1,100.0
2008,2000s,Texas,TX,TX-01,,False,12,1,Angelina County; Gregg County; Harrison County; Marion County; Nacogdoches County; Panola County; Rusk County; Sabine County; San Augustine County; Shelby County; Smith County; Upshur County,Cass County,13,82065,184953,1913,268931,30.73,69.27,53.72,-22.99,R+23.0,0.7
2008,2000s,Texas,TX,TX-02,,False,1,2,Jefferson County,Harris County; Liberty County,3,182668,181642,2734,367044,50.14,49.86,53.72,-3.58,R+3.6,75.9
2008,2000s,Texas,TX,TX-03,,False,0,2,,Collin County; Dallas County,2,60068,66173,1362,127604,47.58,52.42,53.72,-6.14,R+6.1,100.0
2008,2000s,Texas,TX,TX-04,,False,14,2,Bowie County; Camp County; Delta County; Fannin County; Franklin County; Grayson County; Hopkins County; Hunt County; Lamar County; Morris County; Rains County; Red River County; Rockwall County; Titus County,Cass County; Collin County,16,154154,305915,5012,465081,33.51,66.49,53.72,-20.22,R+20.2,52.6
2008,2000s,Texas,TX,TX-05,,False,6,1,Anderson County; Cherokee County; Henderson County; Kaufman County; Van Zandt County; Wood County,Dallas County,7,110948,151883,2238,265070,42.21,57.79,53.72,-11.51,R+11.5,48.9
2008,2000s,Texas,TX,TX-06,,False,5,3,Ellis County; Freestone County; Houston County; Leon County; Navarro County,Limestone County; Tarrant County; Trinity County,8,101699,162298,2210,266208,38.52,61.48,53.72,-15.2,R+15.2,65.0
2008,2000s,Texas,TX,TX-07,,False,0,1,,Harris County,1,66323,64179,966,131468,50.82,49.18,53.72,-2.9,R+2.9,100.0
2008,2000s,Texas,TX,TX-08,,False,9,2,Hardin County; Jasper County; Montgomery County; Newton County; Orange County; Polk County; San Jacinto County; Tyler County; Walker County,Liberty County; Trinity County,11,75217,215329,2919,293464,25.89,74.11,53.72,-27.84,R+27.8,3.7
2008,2000s,Texas,TX,TX-09,,False,0,2,,Fort Bend County; Harris County,2,45593,44360,658,90612,50.69,49.31,53.72,-3.04,R+3.0,100.0
2008,2000s,Texas,TX,TX-10,,False,4,4,Austin County; Lee County; Waller County; Washington County,Bastrop County; Burleson County; Harris County; Travis County,8,230777,210700,5184,446661,52.27,47.73,53.72,-1.45,R+1.5,89.3
2008,2000s,Texas,TX,TX-11,,False,34,2,Andrews County; Brown County; Burnet County; Coke County; Coleman County; Comanche County; Concho County; Crane County; Dawson County; Ector County; Gillespie County; Glasscock County; Irion County; Kimble County; Lampasas County; Llano County; Loving County; McCulloch County; Martin County; Mason County; Menard County; Midland County; Mills County; Mitchell County; Reagan County; Runnels County; San Saba County; Schleicher County; Scurry County; Sterling County; Tom Green County; Upton County; Ward County; Winkler County,Nolan County; Sutton County,36,57381,183271,2507,243159,23.84,76.16,53.72,-29.88,R+29.9,0.7
2008,2000s,Texas,TX,TX-12,,False,2,1,Parker County; Wise County,Tarrant County,3,132072,201374,2908,336354,39.61,60.39,53.72,-14.12,R+14.1,79.6
2008,2000s,Texas,TX,TX-13,,False,42,2,Armstrong County; Baylor County; Briscoe County; Carson County; Childress County; Clay County; Collingsworth County; Cottle County; Crosby County; Dallam County; Dickens County; Donley County; Foard County; Gray County; Hall County; Hansford County; Hardeman County; Hartley County; Haskell County; Hemphill County; Hutchinson County; Jack County; Jones County; King County; Knox County; Lipscomb County; Montague County; Moore County; Motley County; Ochiltree County; Oldham County; Palo Pinto County; Potter County; Randall County; Roberts County; Sherman County; Stonewall County; Swisher County; Throckmorton County; Wheeler County; Wichita County; Wilbarger County,Archer County; Cooke County,44,54850,183713,2180,240743,22.99,77.01,53.72,-30.73,R+30.7,4.5
2008,2000s,Texas,TX,TX-14,,False,7,3,Aransas County; Calhoun County; Chambers County; Jackson County; Matagorda County; Victoria County; Wharton County,Brazoria County; Fort Bend County; Galveston County,10,118171,194359,2588,315118,37.81,62.19,53.72,-15.91,R+15.9,70.9
2008,2000s,Texas,TX,TX-15,,False,9,3,Bee County; Brooks County; DeWitt County; Duval County; Goliad County; Jim Wells County; Karnes County; Live Oak County; Refugio County,Cameron County; Hidalgo County; San Patricio County,12,109755,71035,1371,182160,60.71,39.29,53.72,6.98,D+7.0,73.2
2008,2000s,Texas,TX,TX-16,,False,0,1,,El Paso County,1,70040,35463,1048,106552,66.39,33.61,53.72,12.66,D+12.7,100.0
2008,2000s,Texas,TX,TX-17,,False,9,3,Bosque County; Brazos County; Grimes County; Hill County; Hood County; Johnson County; McLennan County; Madison County; Somervell County,Burleson County; Limestone County; Robertson County,12,83220,174696,2496,260411,32.27,67.73,53.72,-21.46,R+21.5,4.8
2008,2000s,Texas,TX,TX-18,,False,0,1,,Harris County,1,76389,73921,1113,151423,50.82,49.18,53.72,-2.9,R+2.9,100.0
2008,2000s,Texas,TX,TX-19,,False,25,2,Bailey County; Borden County; Callahan County; Castro County; Cochran County; Deaf Smith County; Eastland County; Fisher County; Floyd County; Gaines County; Garza County; Hale County; Hockley County; Howard County; Kent County; Lamb County; Lubbock County; Lynn County; Parmer County; Shackelford County; Stephens County; Taylor County; Terry County; Yoakum County; Young County,Archer County; Nolan County,27,66438,174663,1985,243085,27.56,72.44,53.72,-26.17,R+26.2,3.2
2008,2000s,Texas,TX,TX-20,,False,0,1,,Bexar County,1,40502,36202,836,77541,52.8,47.2,53.72,-0.92,R+0.9,100.0
2008,2000s,Texas,TX,TX-21,,False,6,2,Bandera County; Blanco County; Comal County; Kendall County; Kerr County; Real County,Bexar County; Travis County,8,173834,175217,5662,354714,49.8,50.2,53.72,-3.92,R+3.9,70.8
2008,2000s,Texas,TX,TX-22,,False,0,4,,Brazoria County; Fort Bend County; Galveston County; Harris County,4,137661,148172,2017,287849,48.16,51.84,53.72,-5.56,R+5.6,100.0
2008,2000s,Texas,TX,TX-23,,False,17,3,Brewster County; Crockett County; Culberson County; Dimmit County; Edwards County; Hudspeth County; Jeff Davis County; Kinney County; Maverick County; Medina County; Pecos County; Presidio County; Reeves County; Terrell County; Uvalde County; Val Verde County; Zavala County,Bexar County; El Paso County; Sutton County,20,249049,202213,4626,455888,55.19,44.81,53.72,1.47,D+1.5,83.3
2008,2000s,Texas,TX,TX-24,,False,0,3,,Dallas County; Denton County; Tarrant County,3,128662,118275,2274,249211,52.1,47.9,53.72,-1.62,R+1.6,100.0
2008,2000s,Texas,TX,TX-25,,False,6,2,Caldwell County; Colorado County; Fayette County; Gonzales County; Hays County; Lavaca County,Bastrop County; Travis County,8,137794,115726,4879,258400,54.35,45.65,53.72,0.63,D+0.6,59.6
2008,2000s,Texas,TX,TX-26,,False,0,3,,Cooke County; Denton County; Tarrant County,3,135646,207392,3023,346061,39.54,60.46,53.72,-14.18,R+14.2,100.0
2008,2000s,Texas,TX,TX-27,,False,4,2,Kenedy County; Kleberg County; Nueces County; Willacy County,Cameron County; San Patricio County,6,100548,84706,1874,187129,54.28,45.72,53.72,0.55,D+0.6,37.9
2008,2000s,Texas,TX,TX-28,,False,10,2,Atascosa County; Frio County; Guadalupe County; Jim Hogg County; La Salle County; McMullen County; Starr County; Webb County; Wilson County; Zapata County,Bexar County; Hidalgo County,12,116480,95951,1730,214161,54.83,45.17,53.72,1.11,D+1.1,33.9
2008,2000s,Texas,TX,TX-29,,False,0,1,,Harris County,1,81127,78505,1182,160813,50.82,49.18,53.72,-2.9,R+2.9,100.0
2008,2000s,Texas,TX,TX-30,,False,0,1,,Dallas County,1,149516,109577,2504,261597,57.71,42.29,53.72,3.98,D+4.0,100.0
2008,2000s,Texas,TX,TX-31,,False,7,1,Bell County; Coryell County; Erath County; Falls County; Hamilton County; Milam County; Williamson County,Robertson County,8,124589,172206,4566,301362,41.98,58.02,53.72,-11.75,R+11.7,0.5
2008,2000s,Texas,TX,TX-32,,False,0,1,,Dallas County,1,75397,55257,1263,131917,57.71,42.29,53.72,3.98,D+4.0,100.0
2008,2000s,Utah,UT,UT-01,,False,8,2,Box Elder County; Cache County; Davis County; Morgan County; Rich County; Summit County; Tooele County; Weber County,Juab County; Salt Lake County,10,124934,229997,13178,368109,35.2,64.8,53.72,-18.52,R+18.5,22.4
2008,2000s,Utah,UT,UT-02,,False,14,2,Carbon County; Daggett County; Duchesne County; Emery County; Garfield County; Grand County; Iron County; Kane County; Piute County; San Juan County; Uintah County; Wasatch County; Washington County; Wayne County,Salt Lake County; Utah County,16,110037,172038,10924,292999,39.01,60.99,53.72,-14.71,R+14.7,58.8
2008,2000s,Utah,UT,UT-03,,False,4,3,Beaver County; Millard County; Sanpete County; Sevier County,Juab County; Salt Lake County; Utah County,7,92699,193994,11194,297888,32.33,67.67,53.72,-21.39,R+21.4,91.9
2008,2000s,Virginia,VA,VA-01,,False,17,6,Essex County; Gloucester County; James City County; King and Queen County; King George County; King William County; Lancaster County; Mathews County; Middlesex County; Northumberland County; Richmond County; Stafford County; Westmoreland County; York County; Fredericksburg City; Poquoson City; Williamsburg City,Caroline County; Fauquier County; Prince William County; Spotsylvania County; Hampton City; Newport News City,23,182584,186053,3593,372230,49.53,50.47,53.72,-4.19,R+4.2,36.5
2008,2000s,Virginia,VA,VA-02,,False,3,2,Accomack County; Northampton County; Virginia Beach City,Hampton City; Norfolk City,5,163579,132662,2969,299210,55.22,44.78,53.72,1.49,D+1.5,25.3
2008,2000s,Virginia,VA,VA-03,,False,3,7,Charles City County; New Kent County; Surry County,Henrico County; Prince George County; Hampton City; Newport News City; Norfolk City; Portsmouth City; Richmond City,10,219672,115274,2820,337766,65.58,34.42,53.72,11.86,D+11.9,94.5
2008,2000s,Virginia,VA,VA-04,,False,15,4,Amelia County; Dinwiddie County; Greensville County; Isle of Wight County; Nottoway County; Powhatan County; Southampton County; Sussex County; Chesapeake City; Colonial Heights City; Emporia City; Franklin City; Hopewell City; Petersburg City; Suffolk City,Brunswick County; Chesterfield County; Prince George County; Portsmouth City,19,192994,189999,3352,386344,50.39,49.61,53.72,-3.33,R+3.3,30.5
2008,2000s,Virginia,VA,VA-05,,False,19,4,Albemarle County; Appomattox County; Buckingham County; Campbell County; Charlotte County; Cumberland County; Fluvanna County; Franklin County; Greene County; Halifax County; Lunenburg County; Mecklenburg County; Nelson County; Pittsylvania County; Prince Edward County; Bedford City; Charlottesville City; Danville City; Martinsville City,Bedford County; Brunswick County; Henry County; Lynchburg City,23,158280,167901,3659,329840,48.53,51.47,53.72,-5.2,R+5.2,13.8
2008,2000s,Virginia,VA,VA-06,,False,15,5,Amherst County; Augusta County; Bath County; Botetourt County; Highland County; Rockbridge County; Rockingham County; Shenandoah County; Buena Vista City; Harrisonburg City; Lexington City; Roanoke City; Salem City; Staunton City; Waynesboro City,Alleghany County; Bedford County; Roanoke County; Covington City; Lynchburg City,20,127294,169784,3686,300763,42.85,57.15,53.72,-10.88,R+10.9,25.3
2008,2000s,Virginia,VA,VA-07,,False,8,5,Culpeper County; Goochland County; Hanover County; Louisa County; Madison County; Orange County; Page County; Rappahannock County,Caroline County; Chesterfield County; Henrico County; Spotsylvania County; Richmond City,13,157978,166801,3072,327850,48.64,51.36,53.72,-5.08,R+5.1,56.9
2008,2000s,Virginia,VA,VA-08,,False,3,1,Arlington County; Alexandria City; Falls Church City,Fairfax County,4,197165,91829,3073,292067,68.22,31.78,53.72,14.5,D+14.5,35.9
2008,2000s,Virginia,VA,VA-09,,False,23,4,Bland County; Buchanan County; Carroll County; Craig County; Dickenson County; Floyd County; Giles County; Grayson County; Lee County; Montgomery County; Patrick County; Pulaski County; Russell County; Scott County; Smyth County; Tazewell County; Washington County; Wise County; Wythe County; Bristol City; Galax City; Norton City; Radford City,Alleghany County; Henry County; Roanoke County; Covington City,27,113806,170054,4739,288599,40.09,59.91,53.72,-13.63,R+13.6,14.0
2008,2000s,Virginia,VA,VA-10,,False,6,4,Clarke County; Frederick County; Loudoun County; Warren County; Manassas Park City; Winchester City,Fairfax County; Fauquier County; Prince William County; Manassas City,10,232969,192183,4412,429564,54.8,45.2,53.72,1.07,D+1.1,50.9
2008,2000s,Virginia,VA,VA-11,,False,1,3,Fairfax City,Fairfax County; Prince William County; Manassas City,4,213210,142466,3350,359026,59.95,40.05,53.72,6.22,D+6.2,96.8
2008,2000s,Vermont,VT,VT-AL,,True,0,0,,,14,219262,98974,6810,325046,68.9,31.1,53.72,15.18,D+15.2,0.0
2008,2000s,Washington,WA,WA-01,,False,0,3,,King County; Kitsap County; Snohomish County,3,75536,47921,2300,125757,61.18,38.82,53.72,7.46,D+7.5,100.0
2008,2000s,Washington,WA,WA-02,,False,4,2,Island County; San Juan County; Skagit County; Whatcom County,King County; Snohomish County,6,406261,251252,12291,669804,61.79,38.21,53.72,8.06,D+8.1,68.8
2008,2000s,Washington,WA,WA-03,,False,5,2,Clark County; Cowlitz County; Lewis County; Pacific County; Wahkiakum County,Skamania County; Thurston County,7,203328,170252,7516,381096,54.43,45.57,53.72,0.7,D+0.7,27.6
2008,2000s,Washington,WA,WA-04,,False,8,2,Benton County; Chelan County; Douglas County; Franklin County; Grant County; Kittitas County; Klickitat County; Yakima County,Adams County; Skamania County,10,109925,157958,5055,272938,41.03,58.97,53.72,-12.69,R+12.7,0.2
2008,2000s,Washington,WA,WA-05,,False,11,1,Asotin County; Columbia County; Ferry County; Garfield County; Lincoln County; Okanogan County; Pend Oreille County; Spokane County; Stevens County; Walla Walla County; Whitman County,Adams County,12,153765,172884,8323,334972,47.07,52.93,53.72,-6.65,R+6.7,1.4
2008,2000s,Washington,WA,WA-06,,False,4,2,Clallam County; Grays Harbor County; Jefferson County; Mason County,Kitsap County; Pierce County,6,113543,87660,4341,205544,56.43,43.57,53.72,2.71,D+2.7,43.6
2008,2000s,Washington,WA,WA-07,,False,0,1,,King County,1,42955,17210,933,61099,71.4,28.6,53.72,17.67,D+17.7,100.0
2008,2000s,Washington,WA,WA-08,,False,0,2,,King County; Pierce County,2,557863,271094,13555,842512,67.3,32.7,53.72,13.57,D+13.6,100.0
2008,2000s,Washington,WA,WA-09,,False,0,3,,King County; Pierce County; Thurston County,3,87672,52985,2500,143156,62.33,37.67,53.72,8.61,D+8.6,100.0
2008,2000s,Wisconsin,WI,WI-01,,False,3,3,Kenosha County; Racine County; Walworth County,Milwaukee County; Rock County; Waukesha County,6,277483,204975,6599,489057,57.51,42.49,53.72,3.79,D+3.8,53.0
2008,2000s,Wisconsin,WI,WI-02,,False,3,3,Columbia County; Dane County; Green County,Jefferson County; Rock County; Sauk County,6,281205,123252,5838,410295,69.53,30.47,53.72,15.8,D+15.8,19.4
2008,2000s,Wisconsin,WI,WI-03,,False,17,2,Buffalo County; Crawford County; Dunn County; Eau Claire County; Grant County; Iowa County; Jackson County; Juneau County; La Crosse County; Lafayette County; Monroe County; Pepin County; Pierce County; Richland County; St. Croix County; Trempealeau County; Vernon County,Clark County; Sauk County,19,219477,154301,6351,380129,58.72,41.28,53.72,4.99,D+5.0,8.8
2008,2000s,Wisconsin,WI,WI-04,,False,0,1,,Milwaukee County,1,147756,69044,2739,219539,68.15,31.85,53.72,14.43,D+14.4,100.0
2008,2000s,Wisconsin,WI,WI-05,,False,2,3,Ozaukee County; Washington County,Jefferson County; Milwaukee County; Waukesha County,5,175926,220384,4643,400953,44.39,55.61,53.72,-9.33,R+9.3,68.1
2008,2000s,Wisconsin,WI,WI-06,,False,10,1,Adams County; Calumet County; Dodge County; Fond du Lac County; Green Lake County; Manitowoc County; Marquette County; Sheboygan County; Waushara County; Winnebago County,Jefferson County,11,179958,173904,5784,359646,50.86,49.14,53.72,-2.87,R+2.9,1.8
2008,2000s,Wisconsin,WI,WI-07,,False,17,3,Ashland County; Barron County; Bayfield County; Burnett County; Chippewa County; Douglas County; Iron County; Lincoln County; Marathon County; Polk County; Portage County; Price County; Rusk County; Sawyer County; Taylor County; Washburn County; Wood County,Clark County; Langlade County; Oneida County,20,197325,150859,6432,354617,56.67,43.33,53.72,2.95,D+2.9,5.6
2008,2000s,Wisconsin,WI,WI-08,,False,12,2,Brown County; Door County; Florence County; Forest County; Kewaunee County; Marinette County; Menominee County; Oconto County; Outagamie County; Shawano County; Vilas County; Waupaca County,Langlade County; Oneida County,14,198081,165675,5426,369182,54.45,45.55,53.72,0.73,D+0.7,4.4
2008,2000s,West Virginia,WV,WV-01,,False,20,0,Barbour County; Brooke County; Doddridge County; Gilmer County; Grant County; Hancock County; Harrison County; Marion County; Marshall County; Mineral County; Monongalia County; Ohio County; Pleasants County; Preston County; Ritchie County; Taylor County; Tucker County; Tyler County; Wetzel County; Wood County,,20,102826,140421,4942,248189,42.27,57.73,53.72,-11.45,R+11.5,0.0
2008,2000s,West Virginia,WV,WV-02,,False,18,0,Berkeley County; Braxton County; Calhoun County; Clay County; Hampshire County; Hardy County; Jackson County; Jefferson County; Kanawha County; Lewis County; Mason County; Morgan County; Pendleton County; Putnam County; Randolph County; Roane County; Upshur County; Wirt County,,18,113853,142112,4555,260520,44.48,55.52,53.72,-9.24,R+9.2,0.0
2008,2000s,West Virginia,WV,WV-03,,False,17,0,Boone County; Cabell County; Fayette County; Greenbrier County; Lincoln County; Logan County; McDowell County; Mercer County; Mingo County; Monroe County; Nicholas County; Pocahontas County; Raleigh County; Summers County; Wayne County; Webster County; Wyoming County,,17,87178,114933,4303,206414,43.13,56.87,53.72,-10.59,R+10.6,0.0
2008,2000s,Wyoming,WY,WY-AL,,True,0,0,,,23,82868,164958,6832,254658,33.44,66.56,53.72,-20.29,R+20.3,0.0
