state,state_code,district,district_note,at_large,map_vintage,is_current_map,years_used,n_years,d_share_mean,national_d_share_mean,pvi_pct,pvi_label,total_votes_mean,counties_whole,counties_partial,votes_from_partial_pct_max
Alaska,AK,AK-AL,,True,2020s,True,2024,1,43.11,49.25,-6.14,R+6.1,337457,0,0,0.0
Alabama,AL,AL-01,,False,2000s,False,2004+2008+2012,3,37.46,51.5,-14.04,R+14.0,287510,5,1,1.6
Alabama,AL,AL-01,,False,2010s,False,2016+2020,2,35.39,51.71,-16.32,R+16.3,317108,5,1,0.7
Alabama,AL,AL-01,,False,2020s,True,2024,1,27.08,49.25,-22.17,R+22.2,364650,8,1,28.2
Alabama,AL,AL-02,,False,2000s,False,2004+2008+2012,3,33.94,51.5,-17.56,R+17.6,246827,15,1,8.3
Alabama,AL,AL-02,,False,2010s,False,2016+2020,2,36.04,51.71,-15.66,R+15.7,304752,14,1,22.0
Alabama,AL,AL-02,,False,2020s,True,2024,1,50.69,49.25,1.44,D+1.4,261024,11,2,29.2
Alabama,AL,AL-03,,False,2000s,False,2004+2008+2012,3,44.06,51.5,-7.43,R+7.4,305979,11,2,26.9
Alabama,AL,AL-03,,False,2010s,False,2016+2020,2,35.12,51.71,-16.58,R+16.6,310470,11,2,10.3
Alabama,AL,AL-03,,False,2020s,True,2024,1,26.4,49.25,-22.85,R+22.9,315680,10,1,10.0
Alabama,AL,AL-04,,False,2000s,False,2004+2008+2012,3,25.23,51.5,-26.27,R+26.3,289020,11,3,18.7
Alabama,AL,AL-04,,False,2010s,False,2016+2020,2,21.24,51.71,-30.48,R+30.5,333285,12,3,17.5
Alabama,AL,AL-04,,False,2020s,True,2024,1,18.41,49.25,-30.84,R+30.8,334979,11,2,25.3
Alabama,AL,AL-05,,False,2000s,False,2004+2008+2012,3,38.34,51.5,-13.15,R+13.2,282369,6,1,2.5
Alabama,AL,AL-05,,False,2010s,False,2016+2020,2,34.43,51.71,-17.28,R+17.3,340268,5,0,0.0
Alabama,AL,AL-05,,False,2020s,True,2024,1,35.42,49.25,-13.83,R+13.8,356432,5,1,3.4
Alabama,AL,AL-06,,False,2000s,False,2004+2008+2012,3,39.48,51.5,-12.02,R+12.0,422718,3,4,74.0
Alabama,AL,AL-06,,False,2010s,False,2016+2020,2,42.27,51.71,-9.44,R+9.4,409324,4,2,65.9
Alabama,AL,AL-06,,False,2020s,True,2024,1,36.29,49.25,-12.96,R+13.0,340288,6,2,35.7
Alabama,AL,AL-07,,False,2000s,False,2004+2008+2012,3,53.61,51.5,2.11,D+2.1,184780,8,4,61.7
Alabama,AL,AL-07,,False,2010s,False,2016+2020,2,55.75,51.71,4.04,D+4.0,208121,10,4,60.9
Alabama,AL,AL-07,,False,2020s,True,2024,1,53.88,49.25,4.63,D+4.6,292037,10,3,75.1
Arkansas,AR,AR-01,,False,2000s,False,2004+2008+2012,3,41.22,51.5,-10.28,R+10.3,244820,26,0,0.0
Arkansas,AR,AR-01,,False,2010s,False,2016+2020,2,30.95,51.71,-20.76,R+20.8,272182,28,2,3.8
Arkansas,AR,AR-01,,False,2020s,True,2024,1,29.34,49.25,-19.91,R+19.9,294925,30,1,8.4
Arkansas,AR,AR-02,,False,2000s,False,2004+2008+2012,3,45.55,51.5,-5.95,R+6.0,293477,8,0,0.0
Arkansas,AR,AR-02,,False,2010s,False,2016+2020,2,44.88,51.71,-6.83,R+6.8,320160,7,0,0.0
Arkansas,AR,AR-02,,False,2020s,True,2024,1,40.02,49.25,-9.23,R+9.2,283373,7,1,37.8
Arkansas,AR,AR-03,,False,2000s,False,2004+2008+2012,3,34.47,51.5,-17.03,R+17.0,285331,12,0,0.0
Arkansas,AR,AR-03,,False,2010s,False,2016+2020,2,34.72,51.71,-17.0,R+17.0,293674,6,4,13.7
Arkansas,AR,AR-03,,False,2020s,True,2024,1,37.27,49.25,-11.98,R+12.0,295852,5,1,9.2
Arkansas,AR,AR-04,,False,2000s,False,2004+2008+2012,3,42.43,51.5,-9.07,R+9.1,246716,29,0,0.0
Arkansas,AR,AR-04,,False,2010s,False,2016+2020,2,31.12,51.71,-20.59,R+20.6,288856,29,4,18.7
Arkansas,AR,AR-04,,False,2020s,True,2024,1,31.1,49.25,-18.15,R+18.1,308526,31,2,13.1
Arizona,AZ,AZ-01,,False,2000s,False,2004+2008+2012,3,44.33,51.5,-7.17,R+7.2,296104,5,3,48.0
Arizona,AZ,AZ-01,,False,2010s,False,2016+2020,2,47.16,51.71,-4.56,R+4.6,324531,5,5,51.4
Arizona,AZ,AZ-01,,False,2020s,True,2024,1,48.24,49.25,-1.01,R+1.0,365740,0,1,100.0
Arizona,AZ,AZ-02,,False,2000s,False,2004+2008+2012,3,42.4,51.5,-9.1,R+9.1,419606,1,4,84.8
Arizona,AZ,AZ-02,,False,2010s,False,2016+2020,2,50.91,51.71,-0.8,R+0.8,141000,1,1,61.0
Arizona,AZ,AZ-02,,False,2020s,True,2024,1,40.95,49.25,-8.3,R+8.3,457832,5,3,27.9
Arizona,AZ,AZ-03,,False,2000s,False,2004+2008+2012,3,43.94,51.5,-7.56,R+7.6,85524,0,1,100.0
Arizona,AZ,AZ-03,,False,2010s,False,2016+2020,2,52.45,51.71,0.74,D+0.7,1305572,1,4,98.7
Arizona,AZ,AZ-03,,False,2020s,True,2024,1,48.24,49.25,-1.01,R+1.0,45979,0,1,100.0
Arizona,AZ,AZ-04,,False,2000s,False,2004+2008+2012,3,43.94,51.5,-7.56,R+7.6,28947,0,1,100.0
Arizona,AZ,AZ-04,,False,2010s,False,2016+2020,2,44.26,51.71,-7.45,R+7.5,856718,1,6,99.2
Arizona,AZ,AZ-04,,False,2020s,True,2024,1,48.24,49.25,-1.01,R+1.0,39709,0,1,100.0
Arizona,AZ,AZ-05,,False,2000s,False,2004+2008+2012,3,43.94,51.5,-7.56,R+7.6,202628,0,1,100.0
Arizona,AZ,AZ-05,,False,2010s,False,2016+2020,2,49.79,51.71,-1.92,R+1.9,59203,0,1,100.0
Arizona,AZ,AZ-05,,False,2020s,True,2024,1,47.14,49.25,-2.11,R+2.1,59164,0,2,100.0
Arizona,AZ,AZ-06,,False,2000s,False,2004+2008+2012,3,43.69,51.5,-7.81,R+7.8,51940,0,2,100.0
Arizona,AZ,AZ-06,,False,2010s,False,2016+2020,2,49.79,51.71,-1.92,R+1.9,125807,0,1,100.0
Arizona,AZ,AZ-06,,False,2020s,True,2024,1,46.49,49.25,-2.76,R+2.8,220311,1,4,98.5
Arizona,AZ,AZ-07,,False,2000s,False,2004+2008+2012,3,46.73,51.5,-4.77,R+4.8,983204,1,5,95.9
Arizona,AZ,AZ-07,,False,2010s,False,2016+2020,2,49.79,51.71,-1.92,R+1.9,40702,0,1,100.0
Arizona,AZ,AZ-07,,False,2020s,True,2024,1,51.18,49.25,1.93,D+1.9,1185488,1,5,98.4
Arizona,AZ,AZ-08,,False,2000s,False,2004+2008+2012,3,49.16,51.5,-2.34,R+2.3,140881,1,2,66.7
Arizona,AZ,AZ-08,,False,2010s,False,2016+2020,2,49.79,51.71,-1.92,R+1.9,109156,0,1,100.0
Arizona,AZ,AZ-08,,False,2020s,True,2024,1,48.24,49.25,-1.01,R+1.0,131666,0,1,100.0
Arizona,AZ,AZ-09,,False,2010s,False,2016+2020,2,49.79,51.71,-1.92,R+1.9,33302,0,1,100.0
Arizona,AZ,AZ-09,,False,2020s,True,2024,1,44.62,49.25,-4.62,R+4.6,884271,1,3,99.1
California,CA,CA-01,,False,2000s,False,2004+2008+2012,3,65.46,51.5,13.96,D+14.0,291040,5,2,34.9
California,CA,CA-01,,False,2010s,False,2016+2020,2,42.11,51.71,-9.59,R+9.6,360552,8,3,28.3
California,CA,CA-01,,False,2020s,True,2024,1,37.02,49.25,-12.23,R+12.2,312990,9,1,3.0
California,CA,CA-02,,False,2000s,False,2004+2008+2012,3,43.57,51.5,-7.93,R+7.9,311871,8,2,37.5
California,CA,CA-02,,False,2010s,False,2016+2020,2,75.55,51.71,23.84,D+23.8,464940,5,2,42.4
California,CA,CA-02,,False,2020s,True,2024,1,73.75,49.25,24.5,D+24.5,474383,5,2,44.4
California,CA,CA-03,,False,2000s,False,2004+2008+2012,3,55.87,51.5,4.37,D+4.4,483485,3,2,91.7
California,CA,CA-03,,False,2010s,False,2016+2020,2,61.56,51.71,9.85,D+9.8,506494,3,5,86.0
California,CA,CA-03,,False,2020s,True,2024,1,48.18,49.25,-1.07,R+1.1,489169,7,3,33.6
California,CA,CA-04,,False,2000s,False,2004+2008+2012,3,41.89,51.5,-9.6,R+9.6,358908,7,1,6.4
California,CA,CA-04,,False,2010s,False,2016+2020,2,46.03,51.71,-5.68,R+5.7,531412,6,4,65.1
California,CA,CA-04,,False,2020s,True,2024,1,65.64,49.25,16.4,D+16.4,339774,2,3,72.8
California,CA,CA-05,,False,2000s,False,2004+2008+2012,3,56.52,51.5,5.02,D+5.0,79078,0,1,100.0
California,CA,CA-05,,False,2010s,False,2016+2020,2,71.43,51.71,19.72,D+19.7,194274,1,4,65.8
California,CA,CA-05,,False,2020s,True,2024,1,43.04,49.25,-6.2,R+6.2,335897,4,4,74.0
California,CA,CA-06,,False,2000s,False,2004+2008+2012,3,74.82,51.5,23.32,D+23.3,301165,1,2,54.8
California,CA,CA-06,,False,2010s,False,2016+2020,2,63.26,51.71,11.55,D+11.6,103650,0,2,100.0
California,CA,CA-06,,False,2020s,True,2024,1,60.21,49.25,10.96,D+11.0,167652,0,1,100.0
California,CA,CA-07,,False,2000s,False,2004+2008+2012,3,65.57,51.5,14.08,D+14.1,126525,0,2,100.0
California,CA,CA-07,,False,2010s,False,2016+2020,2,63.08,51.71,11.37,D+11.4,360331,0,1,100.0
California,CA,CA-07,,False,2020s,True,2024,1,60.28,49.25,11.03,D+11.0,433877,0,2,100.0
California,CA,CA-08,,False,2000s,False,2004+2008+2012,3,85.69,51.5,34.19,D+34.2,268775,0,1,100.0
California,CA,CA-08,,False,2010s,False,2016+2020,2,55.49,51.71,3.78,D+3.8,747382,2,1,98.1
California,CA,CA-08,,False,2020s,True,2024,1,66.45,49.25,17.2,D+17.2,201450,0,2,100.0
California,CA,CA-09,,False,2000s,False,2004+2008+2012,3,79.33,51.5,27.83,D+27.8,106133,0,1,100.0
California,CA,CA-09,,False,2010s,False,2016+2020,2,63.23,51.71,11.52,D+11.5,336850,0,3,100.0
California,CA,CA-09,,False,2020s,True,2024,1,51.22,49.25,1.97,D+2.0,268331,0,3,100.0
California,CA,CA-10,,False,2000s,False,2004+2008+2012,3,68.01,51.5,16.52,D+16.5,493553,0,4,100.0
California,CA,CA-10,,False,2010s,False,2016+2020,2,52.26,51.71,0.55,D+0.6,252762,1,1,23.7
California,CA,CA-10,,False,2020s,True,2024,1,69.63,49.25,20.38,D+20.4,382017,0,1,100.0
California,CA,CA-11,,False,2000s,False,2004+2008+2012,3,67.72,51.5,16.22,D+16.2,765200,0,4,100.0
California,CA,CA-11,,False,2010s,False,2016+2020,2,73.25,51.71,21.54,D+21.5,352138,0,1,100.0
California,CA,CA-11,,False,2020s,True,2024,1,83.8,49.25,34.55,D+34.5,348189,0,1,100.0
California,CA,CA-12,,False,2000s,False,2004+2008+2012,3,80.18,51.5,28.69,D+28.7,157387,0,2,100.0
California,CA,CA-12,,False,2010s,False,2016+2020,2,88.58,51.71,36.88,D+36.9,341862,0,1,100.0
California,CA,CA-12,,False,2020s,True,2024,1,78.01,49.25,28.77,D+28.8,85955,0,1,100.0
California,CA,CA-13,,False,2000s,False,2004+2008+2012,3,79.33,51.5,27.83,D+27.8,176098,0,1,100.0
California,CA,CA-13,,False,2010s,False,2016+2020,2,83.1,51.71,31.4,D+31.4,91432,0,1,100.0
California,CA,CA-13,,False,2020s,True,2024,1,46.65,49.25,-2.6,R+2.6,399039,1,4,78.3
California,CA,CA-14,,False,2000s,False,2004+2008+2012,3,73.45,51.5,21.95,D+21.9,388859,0,3,100.0
California,CA,CA-14,,False,2010s,False,2016+2020,2,82.28,51.71,30.58,D+30.6,266390,0,2,100.0
California,CA,CA-14,,False,2020s,True,2024,1,78.01,49.25,28.77,D+28.8,534152,0,1,100.0
California,CA,CA-15,,False,2000s,False,2004+2008+2012,3,69.26,51.5,17.76,D+17.8,140531,0,1,100.0
California,CA,CA-15,,False,2010s,False,2016+2020,2,82.78,51.71,31.08,D+31.1,573198,0,2,100.0
California,CA,CA-15,,False,2020s,True,2024,1,78.75,49.25,29.5,D+29.5,128274,0,2,100.0
California,CA,CA-16,,False,2000s,False,2004+2008+2012,3,69.26,51.5,17.76,D+17.8,114341,0,1,100.0
California,CA,CA-16,,False,2010s,False,2016+2020,2,53.68,51.71,1.97,D+2.0,105490,1,2,23.7
California,CA,CA-16,,False,2020s,True,2024,1,74.4,49.25,25.15,D+25.1,358739,0,2,100.0
California,CA,CA-17,,False,2000s,False,2004+2008+2012,3,67.55,51.5,16.06,D+16.1,175453,2,1,17.3
California,CA,CA-17,,False,2010s,False,2016+2020,2,79.47,51.71,27.76,D+27.8,137882,0,2,100.0
California,CA,CA-17,,False,2020s,True,2024,1,73.68,49.25,24.43,D+24.4,123506,0,2,100.0
California,CA,CA-18,,False,2000s,False,2004+2008+2012,3,49.09,51.5,-2.41,R+2.4,156413,1,3,60.9
California,CA,CA-18,,False,2010s,False,2016+2020,2,78.65,51.71,26.94,D+26.9,375858,0,3,100.0
California,CA,CA-18,,False,2020s,True,2024,1,69.27,49.25,20.02,D+20.0,581105,1,3,95.2
California,CA,CA-19,,False,2000s,False,2004+2008+2012,3,44.7,51.5,-6.8,R+6.8,165635,2,3,79.5
California,CA,CA-19,,False,2010s,False,2016+2020,2,76.08,51.71,24.38,D+24.4,561285,0,1,100.0
California,CA,CA-19,,False,2020s,True,2024,1,70.15,49.25,20.91,D+20.9,352522,0,4,100.0
California,CA,CA-20,,False,2000s,False,2004+2008+2012,3,44.52,51.5,-6.98,R+7.0,169211,1,2,81.2
California,CA,CA-20,,False,2010s,False,2016+2020,2,72.72,51.71,21.0,D+21.0,229624,2,1,25.2
California,CA,CA-20,,False,2020s,True,2024,1,40.32,49.25,-8.93,R+8.9,330196,0,4,100.0
California,CA,CA-21,,False,2000s,False,2004+2008+2012,3,44.34,51.5,-7.16,R+7.2,242495,1,1,58.4
California,CA,CA-21,,False,2010s,False,2016+2020,2,49.4,51.71,-2.31,R+2.3,272216,1,3,85.8
California,CA,CA-21,,False,2020s,True,2024,1,44.95,49.25,-4.3,R+4.3,37352,0,2,100.0
California,CA,CA-22,,False,2000s,False,2004+2008+2012,3,57.82,51.5,6.32,D+6.3,726338,0,3,100.0
California,CA,CA-22,,False,2010s,False,2016+2020,2,49.89,51.71,-1.82,R+1.8,43150,0,2,100.0
California,CA,CA-22,,False,2020s,True,2024,1,39.0,49.25,-10.25,R+10.2,138471,0,3,100.0
California,CA,CA-23,,False,2000s,False,2004+2008+2012,3,55.33,51.5,3.83,D+3.8,66533,0,3,100.0
California,CA,CA-23,,False,2010s,False,2016+2020,2,55.8,51.71,4.1,D+4.1,488372,0,3,100.0
California,CA,CA-23,,False,2020s,True,2024,1,54.74,49.25,5.49,D+5.5,1003556,0,3,100.0
California,CA,CA-24,,False,2000s,False,2004+2008+2012,3,54.35,51.5,2.86,D+2.9,442955,0,2,100.0
California,CA,CA-24,,False,2010s,False,2016+2020,2,60.98,51.71,9.28,D+9.3,513684,2,1,35.0
California,CA,CA-24,,False,2020s,True,2024,1,60.72,49.25,11.47,D+11.5,308422,1,2,40.1
California,CA,CA-25,,False,2000s,False,2004+2008+2012,3,66.05,51.5,14.55,D+14.6,1434657,2,2,99.1
California,CA,CA-25,,False,2010s,False,2016+2020,2,74.28,51.71,22.57,D+22.6,1564809,0,2,100.0
California,CA,CA-25,,False,2020s,True,2024,1,49.31,49.25,0.06,D+0.1,832142,1,2,93.5
California,CA,CA-26,,False,2000s,False,2004+2008+2012,3,68.32,51.5,16.81,D+16.8,388317,0,2,100.0
California,CA,CA-26,,False,2010s,False,2016+2020,2,60.14,51.71,8.43,D+8.4,196736,0,1,100.0
California,CA,CA-26,,False,2020s,True,2024,1,57.78,49.25,8.53,D+8.5,355395,0,1,100.0
California,CA,CA-27,,False,2000s,False,2004+2008+2012,3,68.66,51.5,17.17,D+17.2,117445,0,1,100.0
California,CA,CA-27,,False,2010s,False,2016+2020,2,74.38,51.71,22.67,D+22.7,649888,0,1,100.0
California,CA,CA-27,,False,2020s,True,2024,1,67.01,49.25,17.76,D+17.8,1403098,0,1,100.0
California,CA,CA-28,,False,2000s,False,2004+2008+2012,3,68.66,51.5,17.17,D+17.2,60310,0,1,100.0
California,CA,CA-28,,False,2010s,False,2016+2020,2,74.38,51.71,22.67,D+22.7,207656,0,1,100.0
California,CA,CA-28,,False,2020s,True,2024,1,66.76,49.25,17.51,D+17.5,547856,0,2,100.0
California,CA,CA-29,,False,2000s,False,2004+2008+2012,3,68.66,51.5,17.17,D+17.2,79355,0,1,100.0
California,CA,CA-29,,False,2010s,False,2016+2020,2,74.38,51.71,22.67,D+22.7,88446,0,1,100.0
California,CA,CA-29,,False,2020s,True,2024,1,67.01,49.25,17.76,D+17.8,120051,0,1,100.0
California,CA,CA-30,,False,2000s,False,2004+2008+2012,3,68.66,51.5,17.17,D+17.2,222194,0,1,100.0
California,CA,CA-30,,False,2010s,False,2016+2020,2,74.2,51.71,22.49,D+22.5,124605,0,2,100.0
California,CA,CA-30,,False,2020s,True,2024,1,67.01,49.25,17.76,D+17.8,165070,0,1,100.0
California,CA,CA-31,,False,2000s,False,2004+2008+2012,3,68.66,51.5,17.17,D+17.2,31742,0,1,100.0
California,CA,CA-31,,False,2010s,False,2016+2020,2,55.57,51.71,3.86,D+3.9,8232,0,1,100.0
California,CA,CA-31,,False,2020s,True,2024,1,67.01,49.25,17.76,D+17.8,195083,0,1,100.0
California,CA,CA-32,,False,2000s,False,2004+2008+2012,3,68.66,51.5,17.17,D+17.2,73007,0,1,100.0
California,CA,CA-32,,False,2010s,False,2016+2020,2,74.38,51.71,22.67,D+22.7,119210,0,1,100.0
California,CA,CA-32,,False,2020s,True,2024,1,67.01,49.25,17.76,D+17.8,270115,0,1,100.0
California,CA,CA-33,,False,2000s,False,2004+2008+2012,3,68.66,51.5,17.17,D+17.2,38090,0,1,100.0
California,CA,CA-33,,False,2010s,False,2016+2020,2,74.38,51.71,22.67,D+22.7,273030,0,1,100.0
California,CA,CA-33,,False,2020s,True,2024,1,48.9,49.25,-0.35,R+0.3,6863,0,1,100.0
California,CA,CA-34,,False,2000s,False,2004+2008+2012,3,68.66,51.5,17.17,D+17.2,44439,0,1,100.0
California,CA,CA-34,,False,2010s,False,2016+2020,2,74.38,51.71,22.67,D+22.7,46146,0,1,100.0
California,CA,CA-34,,False,2020s,True,2024,1,67.01,49.25,17.76,D+17.8,45019,0,1,100.0
California,CA,CA-35,,False,2000s,False,2004+2008+2012,3,68.66,51.5,17.17,D+17.2,44439,0,1,100.0
California,CA,CA-35,,False,2010s,False,2016+2020,2,70.92,51.71,19.21,D+19.2,28311,0,2,100.0
California,CA,CA-35,,False,2020s,True,2024,1,62.62,49.25,13.38,D+13.4,29731,0,3,100.0
California,CA,CA-36,,False,2000s,False,2004+2008+2012,3,68.66,51.5,17.17,D+17.2,57135,0,1,100.0
California,CA,CA-36,,False,2010s,False,2016+2020,2,53.46,51.71,1.75,D+1.8,721232,0,1,100.0
California,CA,CA-36,,False,2020s,True,2024,1,67.01,49.25,17.76,D+17.8,90038,0,1,100.0
California,CA,CA-37,,False,2000s,False,2004+2008+2012,3,68.66,51.5,17.17,D+17.2,57135,0,1,100.0
California,CA,CA-37,,False,2010s,False,2016+2020,2,74.38,51.71,22.67,D+22.7,53836,0,1,100.0
California,CA,CA-37,,False,2020s,True,2024,1,67.01,49.25,17.76,D+17.8,48771,0,1,100.0
California,CA,CA-38,,False,2000s,False,2004+2008+2012,3,68.66,51.5,17.17,D+17.2,82529,0,1,100.0
California,CA,CA-38,,False,2010s,False,2016+2020,2,74.38,51.71,22.67,D+22.7,96138,0,1,100.0
California,CA,CA-38,,False,2020s,True,2024,1,65.51,49.25,16.26,D+16.3,145233,0,2,100.0
California,CA,CA-39,,False,2000s,False,2004+2008+2012,3,68.66,51.5,17.17,D+17.2,50787,0,1,100.0
California,CA,CA-39,,False,2010s,False,2016+2020,2,59.98,51.71,8.27,D+8.3,228057,0,3,100.0
California,CA,CA-39,,False,2020s,True,2024,1,49.35,49.25,0.1,D+0.1,36717,0,1,100.0
California,CA,CA-40,,False,2000s,False,2004+2008+2012,3,45.0,51.5,-6.49,R+6.5,141891,0,1,100.0
California,CA,CA-40,,False,2010s,False,2016+2020,2,74.38,51.71,22.67,D+22.7,53836,0,1,100.0
California,CA,CA-40,,False,2020s,True,2024,1,51.36,49.25,2.12,D+2.1,603171,0,2,100.0
California,CA,CA-41,,False,2000s,False,2004+2008+2012,3,50.1,51.5,-1.39,R+1.4,404707,0,2,100.0
California,CA,CA-41,,False,2010s,False,2016+2020,2,53.46,51.71,1.75,D+1.8,38700,0,1,100.0
California,CA,CA-41,,False,2020s,True,2024,1,49.35,49.25,0.1,D+0.1,173227,0,1,100.0
California,CA,CA-42,,False,2000s,False,2004+2008+2012,3,47.93,51.5,-3.57,R+3.6,311863,0,3,100.0
California,CA,CA-42,,False,2010s,False,2016+2020,2,53.46,51.71,1.75,D+1.8,114342,0,1,100.0
California,CA,CA-42,,False,2020s,True,2024,1,67.01,49.25,17.76,D+17.8,195083,0,1,100.0
California,CA,CA-43,,False,2000s,False,2004+2008+2012,3,50.35,51.5,-1.15,R+1.1,5702,0,1,100.0
California,CA,CA-43,,False,2010s,False,2016+2020,2,74.38,51.71,22.67,D+22.7,69219,0,1,100.0
California,CA,CA-43,,False,2020s,True,2024,1,67.01,49.25,17.76,D+17.8,67529,0,1,100.0
California,CA,CA-44,,False,2000s,False,2004+2008+2012,3,45.37,51.5,-6.12,R+6.1,247365,0,2,100.0
California,CA,CA-44,,False,2010s,False,2016+2020,2,74.38,51.71,22.67,D+22.7,76910,0,1,100.0
California,CA,CA-44,,False,2020s,True,2024,1,67.01,49.25,17.76,D+17.8,86287,0,1,100.0
California,CA,CA-45,,False,2000s,False,2004+2008+2012,3,47.84,51.5,-3.65,R+3.6,516477,0,1,100.0
California,CA,CA-45,,False,2010s,False,2016+2020,2,54.6,51.71,2.9,D+2.9,568750,0,1,100.0
California,CA,CA-45,,False,2020s,True,2024,1,52.4,49.25,3.15,D+3.1,171415,0,2,100.0
California,CA,CA-46,,False,2000s,False,2004+2008+2012,3,58.28,51.5,6.78,D+6.8,254564,0,2,100.0
California,CA,CA-46,,False,2010s,False,2016+2020,2,54.6,51.71,2.9,D+2.9,124116,0,1,100.0
California,CA,CA-46,,False,2020s,True,2024,1,51.37,49.25,2.12,D+2.1,130914,0,1,100.0
California,CA,CA-47,,False,2000s,False,2004+2008+2012,3,45.0,51.5,-6.49,R+6.5,77090,0,1,100.0
California,CA,CA-47,,False,2010s,False,2016+2020,2,69.14,51.71,17.44,D+17.4,230578,0,2,100.0
California,CA,CA-47,,False,2020s,True,2024,1,51.37,49.25,2.12,D+2.1,306394,0,1,100.0
California,CA,CA-48,,False,2000s,False,2004+2008+2012,3,45.0,51.5,-6.49,R+6.5,299423,0,1,100.0
California,CA,CA-48,,False,2010s,False,2016+2020,2,54.6,51.71,2.9,D+2.9,252323,0,1,100.0
California,CA,CA-48,,False,2020s,True,2024,1,58.26,49.25,9.01,D+9.0,1178169,0,2,100.0
California,CA,CA-49,,False,2000s,False,2004+2008+2012,3,51.63,51.5,0.13,D+0.1,397933,0,2,100.0
California,CA,CA-49,,False,2010s,False,2016+2020,2,57.52,51.71,5.82,D+5.8,340918,0,2,100.0
California,CA,CA-49,,False,2020s,True,2024,1,54.54,49.25,5.3,D+5.3,315722,0,2,100.0
California,CA,CA-50,,False,2000s,False,2004+2008+2012,3,51.99,51.5,0.49,D+0.5,85432,0,1,100.0
California,CA,CA-50,,False,2010s,False,2016+2020,2,61.14,51.71,9.43,D+9.4,948185,0,1,100.0
California,CA,CA-50,,False,2020s,True,2024,1,58.65,49.25,9.4,D+9.4,94594,0,1,100.0
California,CA,CA-51,,False,2000s,False,2004+2008+2012,3,54.18,51.5,2.69,D+2.7,152316,1,1,76.3
California,CA,CA-51,,False,2010s,False,2016+2020,2,62.38,51.71,10.66,D+10.7,264740,1,1,80.5
California,CA,CA-51,,False,2020s,True,2024,1,58.65,49.25,9.4,D+9.4,66511,0,1,100.0
California,CA,CA-52,,False,2000s,False,2004+2008+2012,3,51.99,51.5,0.49,D+0.5,595652,0,1,100.0
California,CA,CA-52,,False,2010s,False,2016+2020,2,61.14,51.71,9.43,D+9.4,93074,0,1,100.0
California,CA,CA-52,,False,2020s,True,2024,1,58.65,49.25,9.4,D+9.4,50253,0,1,100.0
California,CA,CA-53,,False,2000s,False,2004+2008+2012,3,51.99,51.5,0.49,D+0.5,27291,0,1,100.0
California,CA,CA-53,,False,2010s,False,2016+2020,2,61.14,51.71,9.43,D+9.4,47991,0,1,100.0
Colorado,CO,CO-01,,False,2000s,False,2004+2008+2012,3,73.68,51.5,22.18,D+22.2,276152,1,1,1.9
Colorado,CO,CO-01,,False,2010s,False,2016+2020,2,79.53,51.71,27.82,D+27.8,379296,0,3,100.0
Colorado,CO,CO-01,,False,2020s,True,2024,1,78.84,49.25,29.6,D+29.6,354348,0,1,100.0
Colorado,CO,CO-02,,False,2000s,False,2004+2008+2012,3,63.46,51.5,11.96,D+12.0,277071,6,3,71.7
Colorado,CO,CO-02,,False,2010s,False,2016+2020,2,61.92,51.71,10.22,D+10.2,733379,5,5,66.4
Colorado,CO,CO-02,,False,2020s,True,2024,1,67.18,49.25,17.93,D+17.9,502056,7,4,50.0
Colorado,CO,CO-03,,False,2000s,False,2004+2008+2012,3,46.45,51.5,-5.05,R+5.0,333347,28,1,2.1
Colorado,CO,CO-03,,False,2010s,False,2016+2020,2,45.41,51.71,-6.3,R+6.3,405440,28,1,4.6
Colorado,CO,CO-03,,False,2020s,True,2024,1,45.04,49.25,-4.21,R+4.2,408907,26,1,1.8
Colorado,CO,CO-04,,False,2000s,False,2004+2008+2012,3,46.39,51.5,-5.12,R+5.1,335431,16,2,6.0
Colorado,CO,CO-04,,False,2010s,False,2016+2020,2,48.4,51.71,-3.3,R+3.3,841870,18,5,71.6
Colorado,CO,CO-04,,False,2020s,True,2024,1,48.29,49.25,-0.96,R+1.0,1008486,16,5,68.4
Colorado,CO,CO-05,,False,2000s,False,2004+2008+2012,3,37.79,51.5,-13.7,R+13.7,322083,5,1,2.7
Colorado,CO,CO-05,,False,2010s,False,2016+2020,2,40.01,51.71,-11.7,R+11.7,411376,4,1,2.6
Colorado,CO,CO-05,,False,2020s,True,2024,1,44.96,49.25,-4.29,R+4.3,263525,0,1,100.0
Colorado,CO,CO-06,,False,2000s,False,2004+2008+2012,3,48.2,51.5,-3.3,R+3.3,618045,2,3,75.8
Colorado,CO,CO-06,,False,2010s,False,2016+2020,2,57.74,51.71,6.03,D+6.0,129334,0,3,100.0
Colorado,CO,CO-06,,False,2020s,True,2024,1,60.89,49.25,11.65,D+11.7,114144,0,4,100.0
Colorado,CO,CO-07,,False,2000s,False,2004+2008+2012,3,55.14,51.5,3.64,D+3.6,205749,0,3,100.0
Colorado,CO,CO-07,,False,2010s,False,2016+2020,2,56.66,51.71,4.95,D+5.0,117918,0,3,100.0
Colorado,CO,CO-07,,False,2020s,True,2024,1,56.96,49.25,7.71,D+7.7,457931,6,2,83.4
Colorado,CO,CO-08,,False,2020s,True,2024,1,48.32,49.25,-0.93,R+0.9,83347,0,2,100.0
Connecticut,CT,CT-01,,False,2000s,False,2004+2008+2012,3,61.85,51.5,10.36,D+10.4,267473,0,3,100.0
Connecticut,CT,CT-01,,False,2010s,False,2016+2020,2,61.58,51.71,9.88,D+9.9,300492,0,3,100.0
Connecticut,CT,CT-01,,False,2020s,True,2024,1,60.14,49.25,10.9,D+10.9,286665,0,3,100.0
Connecticut,CT,CT-02,,False,2000s,False,2004+2008+2012,3,59.06,51.5,7.56,D+7.6,396012,3,3,39.6
Connecticut,CT,CT-02,,False,2010s,False,2016+2020,2,55.64,51.71,3.92,D+3.9,415730,3,3,36.4
Connecticut,CT,CT-02,,False,2020s,True,2024,1,55.44,49.25,6.19,D+6.2,448827,3,3,38.5
Connecticut,CT,CT-03,,False,2000s,False,2004+2008+2012,3,59.22,51.5,7.72,D+7.7,260082,0,3,100.0
Connecticut,CT,CT-03,,False,2010s,False,2016+2020,2,57.72,51.71,6.01,D+6.0,281966,0,3,100.0
Connecticut,CT,CT-03,,False,2020s,True,2024,1,56.46,49.25,7.21,D+7.2,291480,0,3,100.0
Connecticut,CT,CT-04,,False,2000s,False,2004+2008+2012,3,55.8,51.5,4.3,D+4.3,290444,0,2,100.0
Connecticut,CT,CT-04,,False,2010s,False,2016+2020,2,61.77,51.71,10.07,D+10.1,324248,0,2,100.0
Connecticut,CT,CT-04,,False,2020s,True,2024,1,59.7,49.25,10.46,D+10.5,316867,0,2,100.0
Connecticut,CT,CT-05,,False,2000s,False,2004+2008+2012,3,56.96,51.5,5.46,D+5.5,380528,0,4,100.0
Connecticut,CT,CT-05,,False,2010s,False,2016+2020,2,57.74,51.71,6.03,D+6.0,412252,0,4,100.0
Connecticut,CT,CT-05,,False,2020s,True,2024,1,56.44,49.25,7.19,D+7.2,415171,0,4,100.0
District of Columbia,DC,DC-AL,,True,2000s,False,2004+2008+2012,3,92.17,51.5,40.67,D+40.7,261499,0,0,0.0
District of Columbia,DC,DC-AL,,True,2010s,False,2016+2020,2,95.08,51.71,43.37,D+43.4,327812,0,0,0.0
District of Columbia,DC,DC-AL,,True,2020s,True,2024,1,93.31,49.25,44.07,D+44.1,325869,0,0,0.0
Delaware,DE,DE-AL,,True,2000s,False,2004+2008+2012,3,58.64,51.5,7.14,D+7.1,400602,0,0,0.0
Delaware,DE,DE-AL,,True,2010s,False,2016+2020,2,57.82,51.71,6.1,D+6.1,473912,0,0,0.0
Delaware,DE,DE-AL,,True,2020s,True,2024,1,57.48,49.25,8.23,D+8.2,512912,0,0,0.0
Florida,FL,FL-01,,False,2000s,False,2004+2008+2012,3,29.95,51.5,-21.55,R+21.6,359939,5,1,7.2
Florida,FL,FL-01,,False,2010s,False,2016+2020,2,31.15,51.71,-20.56,R+20.6,415114,4,1,1.8
Florida,FL,FL-01,,False,2020s,True,2024,1,31.36,49.25,-17.89,R+17.9,418229,3,1,7.0
Florida,FL,FL-02,,False,2000s,False,2004+2008+2012,3,46.28,51.5,-5.22,R+5.2,337286,12,3,42.7
Florida,FL,FL-02,,False,2010s,False,2016+2020,2,45.58,51.71,-6.13,R+6.1,370400,12,2,1.6
Florida,FL,FL-02,,False,2020s,True,2024,1,40.67,49.25,-8.58,R+8.6,413613,14,2,5.0
Florida,FL,FL-03,,False,2000s,False,2004+2008+2012,3,46.97,51.5,-4.53,R+4.5,289507,0,9,100.0
Florida,FL,FL-03,,False,2010s,False,2016+2020,2,37.76,51.71,-13.94,R+13.9,378270,9,4,69.1
Florida,FL,FL-03,,False,2020s,True,2024,1,38.69,49.25,-10.56,R+10.6,364017,10,2,24.1
Florida,FL,FL-04,,False,2000s,False,2004+2008+2012,3,42.35,51.5,-9.14,R+9.1,333568,6,3,72.5
Florida,FL,FL-04,,False,2010s,False,2016+2020,2,46.68,51.71,-5.02,R+5.0,459428,2,1,86.1
Florida,FL,FL-04,,False,2020s,True,2024,1,41.62,49.25,-7.63,R+7.6,514322,2,1,62.6
Florida,FL,FL-05,,False,2000s,False,2004+2008+2012,3,43.56,51.5,-7.93,R+7.9,502804,3,5,59.9
Florida,FL,FL-05,,False,2010s,False,2016+2020,2,51.16,51.71,-0.55,R+0.6,354053,0,8,100.0
Florida,FL,FL-05,,False,2020s,True,2024,1,42.49,49.25,-6.76,R+6.8,270832,0,2,100.0
Florida,FL,FL-06,,False,2000s,False,2004+2008+2012,3,43.64,51.5,-7.85,R+7.8,382438,2,6,95.1
Florida,FL,FL-06,,False,2010s,False,2016+2020,2,39.26,51.71,-12.44,R+12.4,486451,2,2,55.5
Florida,FL,FL-06,,False,2020s,True,2024,1,35.8,49.25,-13.45,R+13.4,584545,2,4,80.1
Florida,FL,FL-07,,False,2000s,False,2004+2008+2012,3,42.83,51.5,-8.66,R+8.7,315850,2,3,56.0
Florida,FL,FL-07,,False,2010s,False,2016+2020,2,50.94,51.71,-0.77,R+0.8,309084,0,3,100.0
Florida,FL,FL-07,,False,2020s,True,2024,1,44.85,49.25,-4.4,R+4.4,399351,1,1,36.5
Florida,FL,FL-08,,False,2000s,False,2004+2008+2012,3,52.06,51.5,0.56,D+0.6,258233,0,3,100.0
Florida,FL,FL-08,,False,2010s,False,2016+2020,2,45.68,51.71,-6.02,R+6.0,571154,2,1,25.1
Florida,FL,FL-08,,False,2020s,True,2024,1,41.35,49.25,-7.9,R+7.9,536973,2,1,14.2
Florida,FL,FL-09,,False,2000s,False,2004+2008+2012,3,51.35,51.5,-0.15,R+0.1,395940,0,3,100.0
Florida,FL,FL-09,,False,2010s,False,2016+2020,2,59.7,51.71,7.98,D+8.0,330096,1,2,52.9
Florida,FL,FL-09,,False,2020s,True,2024,1,52.57,49.25,3.32,D+3.3,351882,1,2,50.9
Florida,FL,FL-10,,False,2000s,False,2004+2008+2012,3,52.33,51.5,0.84,D+0.8,282540,0,1,100.0
Florida,FL,FL-10,,False,2010s,False,2016+2020,2,49.84,51.71,-1.88,R+1.9,335688,0,3,100.0
Florida,FL,FL-10,,False,2020s,True,2024,1,56.89,49.25,7.64,D+7.6,164551,0,1,100.0
Florida,FL,FL-11,,False,2000s,False,2004+2008+2012,3,51.23,51.5,-0.27,R+0.3,129566,0,3,100.0
Florida,FL,FL-11,,False,2010s,False,2016+2020,2,33.37,51.71,-18.34,R+18.3,386657,3,2,29.3
Florida,FL,FL-11,,False,2020s,True,2024,1,44.3,49.25,-4.94,R+4.9,479571,1,3,78.1
Florida,FL,FL-12,,False,2000s,False,2004+2008+2012,3,48.02,51.5,-3.48,R+3.5,385320,0,3,100.0
Florida,FL,FL-12,,False,2010s,False,2016+2020,2,43.96,51.71,-7.76,R+7.8,456758,1,2,41.4
Florida,FL,FL-12,,False,2020s,True,2024,1,33.65,49.25,-15.6,R+15.6,464342,2,1,55.0
Florida,FL,FL-13,,False,2000s,False,2004+2008+2012,3,45.73,51.5,-5.77,R+5.8,371110,3,2,40.6
Florida,FL,FL-13,,False,2010s,False,2016+2020,2,49.76,51.71,-1.94,R+1.9,354162,0,1,100.0
Florida,FL,FL-13,,False,2020s,True,2024,1,47.36,49.25,-1.89,R+1.9,432791,0,1,100.0
Florida,FL,FL-14,,False,2000s,False,2004+2008+2012,3,41.8,51.5,-9.7,R+9.7,281561,1,2,8.1
Florida,FL,FL-14,,False,2010s,False,2016+2020,2,52.76,51.71,1.06,D+1.1,196902,0,2,100.0
Florida,FL,FL-14,,False,2020s,True,2024,1,48.06,49.25,-1.19,R+1.2,236825,0,2,100.0
Florida,FL,FL-15,,False,2000s,False,2004+2008+2012,3,46.48,51.5,-5.01,R+5.0,348715,1,3,80.6
Florida,FL,FL-15,,False,2010s,False,2016+2020,2,51.2,51.71,-0.51,R+0.5,330143,0,2,100.0
Florida,FL,FL-15,,False,2020s,True,2024,1,45.8,49.25,-3.45,R+3.5,336314,0,3,100.0
Florida,FL,FL-16,,False,2000s,False,2004+2008+2012,3,47.56,51.5,-3.93,R+3.9,283681,3,5,79.8
Florida,FL,FL-16,,False,2010s,False,2016+2020,2,43.64,51.71,-8.06,R+8.1,337666,1,1,25.9
Florida,FL,FL-16,,False,2020s,True,2024,1,43.68,49.25,-5.56,R+5.6,495641,1,1,53.8
Florida,FL,FL-17,,False,2000s,False,2004+2008+2012,3,60.78,51.5,9.29,D+9.3,47190,0,2,100.0
Florida,FL,FL-17,,False,2010s,False,2016+2020,2,42.78,51.71,-8.93,R+8.9,743639,6,4,73.9
Florida,FL,FL-17,,False,2020s,True,2024,1,37.85,49.25,-11.39,R+11.4,502524,2,1,20.1
Florida,FL,FL-18,,False,2000s,False,2004+2008+2012,3,57.38,51.5,5.89,D+5.9,94711,0,2,100.0
Florida,FL,FL-18,,False,2010s,False,2016+2020,2,48.86,51.71,-2.85,R+2.9,380024,2,1,34.5
Florida,FL,FL-18,,False,2020s,True,2024,1,36.11,49.25,-13.14,R+13.1,385195,6,2,72.1
Florida,FL,FL-19,,False,2000s,False,2004+2008+2012,3,62.81,51.5,11.31,D+11.3,79063,0,2,100.0
Florida,FL,FL-19,,False,2010s,False,2016+2020,2,39.77,51.71,-11.94,R+11.9,297054,0,2,100.0
Florida,FL,FL-19,,False,2020s,True,2024,1,35.6,49.25,-13.65,R+13.7,306696,0,2,100.0
Florida,FL,FL-20,,False,2000s,False,2004+2008+2012,3,66.05,51.5,14.55,D+14.6,97621,0,2,100.0
Florida,FL,FL-20,,False,2010s,False,2016+2020,2,61.14,51.71,9.43,D+9.4,888764,0,3,100.0
Florida,FL,FL-20,,False,2020s,True,2024,1,54.94,49.25,5.69,D+5.7,1140155,0,2,100.0
Florida,FL,FL-21,,False,2000s,False,2004+2008+2012,3,60.9,51.5,9.39,D+9.4,66274,0,2,100.0
Florida,FL,FL-21,,False,2010s,False,2016+2020,2,61.4,51.71,9.68,D+9.7,114670,0,2,100.0
Florida,FL,FL-21,,False,2020s,True,2024,1,44.41,49.25,-4.83,R+4.8,417784,2,1,32.2
Florida,FL,FL-22,,False,2000s,False,2004+2008+2012,3,63.5,51.5,12.0,D+12.0,99863,0,2,100.0
Florida,FL,FL-22,,False,2010s,False,2016+2020,2,62.51,51.71,10.8,D+10.8,84451,0,2,100.0
Florida,FL,FL-22,,False,2020s,True,2024,1,50.38,49.25,1.14,D+1.1,87335,0,1,100.0
Florida,FL,FL-23,,False,2000s,False,2004+2008+2012,3,62.42,51.5,10.92,D+10.9,1049251,0,5,100.0
Florida,FL,FL-23,,False,2010s,False,2016+2020,2,65.98,51.71,14.27,D+14.3,124366,0,2,100.0
Florida,FL,FL-23,,False,2020s,True,2024,1,57.0,49.25,7.75,D+7.8,101697,0,2,100.0
Florida,FL,FL-24,,False,2000s,False,2004+2008+2012,3,50.46,51.5,-1.04,R+1.0,547114,0,4,100.0
Florida,FL,FL-24,,False,2010s,False,2016+2020,2,61.46,51.71,9.75,D+9.8,64990,0,2,100.0
Florida,FL,FL-24,,False,2020s,True,2024,1,45.86,49.25,-3.38,R+3.4,69149,0,2,100.0
Florida,FL,FL-25,,False,2000s,False,2004+2008+2012,3,54.1,51.5,2.6,D+2.6,832274,0,3,100.0
Florida,FL,FL-25,,False,2010s,False,2016+2020,2,56.54,51.71,4.84,D+4.8,726036,0,4,100.0
Florida,FL,FL-25,,False,2020s,True,2024,1,58.56,49.25,9.32,D+9.3,148820,0,1,100.0
Florida,FL,FL-26,,False,2010s,False,2016+2020,2,58.52,51.71,6.82,D+6.8,668960,1,1,93.3
Florida,FL,FL-26,,False,2020s,True,2024,1,39.79,49.25,-9.46,R+9.5,473526,0,2,100.0
Florida,FL,FL-27,,False,2010s,False,2016+2020,2,59.42,51.71,7.71,D+7.7,120184,0,1,100.0
Florida,FL,FL-27,,False,2020s,True,2024,1,44.23,49.25,-5.01,R+5.0,70023,0,1,100.0
Florida,FL,FL-28,,False,2020s,True,2024,1,44.02,49.25,-5.23,R+5.2,727050,1,1,93.9
Georgia,GA,GA-01,,False,2000s,False,2004+2008+2012,3,39.32,51.5,-12.18,R+12.2,257062,23,2,30.6
Georgia,GA,GA-01,,False,2010s,False,2016+2020,2,43.42,51.71,-8.29,R+8.3,299384,15,2,5.3
Georgia,GA,GA-01,,False,2020s,True,2024,1,42.58,49.25,-6.67,R+6.7,352251,14,1,4.2
Georgia,GA,GA-02,,False,2000s,False,2004+2008+2012,3,48.79,51.5,-2.71,R+2.7,217133,29,3,15.2
Georgia,GA,GA-02,,False,2010s,False,2016+2020,2,53.1,51.71,1.39,D+1.4,279712,27,2,40.8
Georgia,GA,GA-02,,False,2020s,True,2024,1,51.41,49.25,2.16,D+2.2,320003,27,3,40.9
Georgia,GA,GA-03,,False,2000s,False,2004+2008+2012,3,39.04,51.5,-12.46,R+12.5,388678,10,5,46.7
Georgia,GA,GA-03,,False,2010s,False,2016+2020,2,37.28,51.71,-14.44,R+14.4,343592,10,3,30.8
Georgia,GA,GA-03,,False,2020s,True,2024,1,38.71,49.25,-10.53,R+10.5,436491,11,4,30.3
Georgia,GA,GA-04,,False,2000s,False,2004+2008+2012,3,71.76,51.5,20.26,D+20.3,271152,0,3,100.0
Georgia,GA,GA-04,,False,2010s,False,2016+2020,2,73.89,51.71,22.18,D+22.2,338198,1,3,87.8
Georgia,GA,GA-04,,False,2020s,True,2024,1,77.24,49.25,27.99,D+28.0,338440,0,2,100.0
Georgia,GA,GA-05,,False,2000s,False,2004+2008+2012,3,67.66,51.5,16.16,D+16.2,189187,0,3,100.0
Georgia,GA,GA-05,,False,2010s,False,2016+2020,2,77.85,51.71,26.14,D+26.1,250428,0,3,100.0
Georgia,GA,GA-05,,False,2020s,True,2024,1,79.17,49.25,29.92,D+29.9,234807,0,3,100.0
Georgia,GA,GA-06,,False,2000s,False,2004+2008+2012,3,47.66,51.5,-3.84,R+3.8,295454,1,3,71.7
Georgia,GA,GA-06,,False,2010s,False,2016+2020,2,69.89,51.71,18.19,D+18.2,305554,0,3,100.0
Georgia,GA,GA-06,,False,2020s,True,2024,1,66.96,49.25,17.71,D+17.7,463902,0,4,100.0
Georgia,GA,GA-07,,False,2000s,False,2004+2008+2012,3,37.97,51.5,-13.52,R+13.5,326803,2,3,83.9
Georgia,GA,GA-07,,False,2010s,False,2016+2020,2,51.21,51.71,-0.49,R+0.5,296827,0,2,100.0
Georgia,GA,GA-07,,False,2020s,True,2024,1,46.6,49.25,-2.65,R+2.6,416357,3,3,57.8
Georgia,GA,GA-08,,False,2000s,False,2004+2008+2012,3,42.03,51.5,-9.46,R+9.5,276317,18,3,13.9
Georgia,GA,GA-08,,False,2010s,False,2016+2020,2,36.58,51.71,-15.13,R+15.1,275224,22,2,17.3
Georgia,GA,GA-08,,False,2020s,True,2024,1,35.89,49.25,-13.36,R+13.4,344182,27,2,25.3
Georgia,GA,GA-09,,False,2000s,False,2004+2008+2012,3,22.41,51.5,-29.09,R+29.1,297166,13,2,27.4
Georgia,GA,GA-09,,False,2010s,False,2016+2020,2,23.76,51.71,-27.94,R+27.9,374672,17,3,21.8
Georgia,GA,GA-09,,False,2020s,True,2024,1,35.4,49.25,-13.85,R+13.8,415343,10,2,56.0
Georgia,GA,GA-10,,False,2000s,False,2004+2008+2012,3,36.47,51.5,-15.03,R+15.0,286871,20,1,9.2
Georgia,GA,GA-10,,False,2010s,False,2016+2020,2,42.82,51.71,-8.89,R+8.9,421774,20,5,47.0
Georgia,GA,GA-10,,False,2020s,True,2024,1,43.54,49.25,-5.71,R+5.7,461717,16,4,32.8
Georgia,GA,GA-11,,False,2000s,False,2004+2008+2012,3,34.24,51.5,-17.26,R+17.3,313006,6,3,52.9
Georgia,GA,GA-11,,False,2010s,False,2016+2020,2,42.24,51.71,-9.48,R+9.5,375454,2,2,54.8
Georgia,GA,GA-11,,False,2020s,True,2024,1,39.56,49.25,-9.68,R+9.7,383996,3,2,72.4
Georgia,GA,GA-12,,False,2000s,False,2004+2008+2012,3,48.34,51.5,-3.16,R+3.2,239429,19,3,47.6
Georgia,GA,GA-12,,False,2010s,False,2016+2020,2,42.76,51.71,-8.96,R+9.0,273415,17,2,19.9
Georgia,GA,GA-12,,False,2020s,True,2024,1,42.32,49.25,-6.93,R+6.9,360042,22,2,7.0
Georgia,GA,GA-13,,False,2000s,False,2004+2008+2012,3,60.33,51.5,8.83,D+8.8,356767,0,6,100.0
Georgia,GA,GA-13,,False,2010s,False,2016+2020,2,66.13,51.71,14.42,D+14.4,446724,1,5,85.8
Georgia,GA,GA-13,,False,2020s,True,2024,1,67.25,49.25,18.0,D+18.0,325765,1,5,86.1
Georgia,GA,GA-14,,False,2010s,False,2016+2020,2,24.18,51.71,-27.53,R+27.5,292433,11,1,2.8
Georgia,GA,GA-14,,False,2020s,True,2024,1,34.73,49.25,-14.51,R+14.5,396753,9,1,23.8
Hawaii,HI,HI-01,,False,2000s,False,2004+2008+2012,3,64.02,51.5,12.51,D+12.5,96826,0,1,100.0
Hawaii,HI,HI-01,,False,2010s,False,2016+2020,2,64.86,51.71,13.15,D+13.2,113878,0,1,100.0
Hawaii,HI,HI-01,,False,2020s,True,2024,1,61.02,49.25,11.78,D+11.8,117277,0,1,100.0
Hawaii,HI,HI-02,,False,2000s,False,2004+2008+2012,3,67.01,51.5,15.52,D+15.5,341713,4,1,60.9
Hawaii,HI,HI-02,,False,2010s,False,2016+2020,2,66.65,51.71,14.93,D+14.9,387836,4,1,56.8
Hawaii,HI,HI-02,,False,2020s,True,2024,1,62.0,49.25,12.75,D+12.8,399424,4,1,56.0
Iowa,IA,IA-01,,False,2000s,False,2004+2008+2012,3,56.44,51.5,4.95,D+5.0,304827,12,0,0.0
Iowa,IA,IA-01,,False,2010s,False,2016+2020,2,48.18,51.71,-3.52,R+3.5,408614,20,0,0.0
Iowa,IA,IA-01,,False,2020s,True,2024,1,45.7,49.25,-3.54,R+3.5,424688,20,0,0.0
Iowa,IA,IA-02,,False,2000s,False,2004+2008+2012,3,58.6,51.5,7.1,D+7.1,319792,15,0,0.0
Iowa,IA,IA-02,,False,2010s,False,2016+2020,2,47.89,51.71,-3.82,R+3.8,398100,24,0,0.0
Iowa,IA,IA-02,,False,2020s,True,2024,1,44.94,49.25,-4.31,R+4.3,421282,22,0,0.0
Iowa,IA,IA-03,,False,2000s,False,2004+2008+2012,3,52.95,51.5,1.45,D+1.4,324910,12,0,0.0
Iowa,IA,IA-03,,False,2010s,False,2016+2020,2,49.02,51.71,-2.68,R+2.7,430330,16,0,0.0
Iowa,IA,IA-03,,False,2020s,True,2024,1,47.77,49.25,-1.48,R+1.5,424026,21,0,0.0
Iowa,IA,IA-04,,False,2000s,False,2004+2008+2012,3,51.19,51.5,-0.3,R+0.3,313758,28,0,0.0
Iowa,IA,IA-04,,False,2010s,False,2016+2020,2,35.92,51.71,-15.8,R+15.8,391406,39,0,0.0
Iowa,IA,IA-04,,False,2020s,True,2024,1,34.05,49.25,-15.2,R+15.2,393510,36,0,0.0
Iowa,IA,IA-05,,False,2000s,False,2004+2008+2012,3,42.08,51.5,-9.42,R+9.4,278783,32,0,0.0
Idaho,ID,ID-01,,False,2000s,False,2004+2008+2012,3,37.0,51.5,-14.5,R+14.5,368769,18,1,36.6
Idaho,ID,ID-01,,False,2010s,False,2016+2020,2,34.89,51.71,-16.81,R+16.8,468523,18,1,37.8
Idaho,ID,ID-01,,False,2020s,True,2024,1,32.45,49.25,-16.79,R+16.8,555515,18,1,37.0
Idaho,ID,ID-02,,False,2000s,False,2004+2008+2012,3,29.29,51.5,-22.21,R+22.2,267970,25,1,15.6
Idaho,ID,ID-02,,False,2010s,False,2016+2020,2,29.84,51.71,-21.87,R+21.9,312896,25,1,18.1
Idaho,ID,ID-02,,False,2020s,True,2024,1,29.31,49.25,-19.93,R+19.9,351556,25,1,18.2
Illinois,IL,IL-01,,False,2000s,False,2004+2008+2012,3,74.22,51.5,22.72,D+22.7,213139,0,1,100.0
Illinois,IL,IL-01,,False,2010s,False,2016+2020,2,72.56,51.71,20.86,D+20.9,310975,0,2,100.0
Illinois,IL,IL-01,,False,2020s,True,2024,1,61.42,49.25,12.17,D+12.2,369238,0,3,100.0
Illinois,IL,IL-02,,False,2000s,False,2004+2008+2012,3,74.07,51.5,22.57,D+22.6,391747,0,2,100.0
Illinois,IL,IL-02,,False,2010s,False,2016+2020,2,70.06,51.71,18.34,D+18.3,549698,1,2,91.2
Illinois,IL,IL-02,,False,2020s,True,2024,1,62.0,49.25,12.75,D+12.8,542500,1,7,97.5
Illinois,IL,IL-03,,False,2000s,False,2004+2008+2012,3,74.22,51.5,22.72,D+22.7,273149,0,1,100.0
Illinois,IL,IL-03,,False,2010s,False,2016+2020,2,75.26,51.71,23.55,D+23.6,412112,0,2,100.0
Illinois,IL,IL-03,,False,2020s,True,2024,1,63.55,49.25,14.3,D+14.3,255997,0,2,100.0
Illinois,IL,IL-04,,False,2000s,False,2004+2008+2012,3,74.22,51.5,22.72,D+22.7,84842,0,1,100.0
Illinois,IL,IL-04,,False,2010s,False,2016+2020,2,76.81,51.71,25.1,D+25.1,124281,0,1,100.0
Illinois,IL,IL-04,,False,2020s,True,2024,1,69.96,49.25,20.71,D+20.7,201449,0,2,100.0
Illinois,IL,IL-05,,False,2000s,False,2004+2008+2012,3,74.22,51.5,22.72,D+22.7,124158,0,1,100.0
Illinois,IL,IL-05,,False,2010s,False,2016+2020,2,74.31,51.71,22.6,D+22.6,207536,0,2,100.0
Illinois,IL,IL-05,,False,2020s,True,2024,1,70.29,49.25,21.05,D+21.1,287538,0,2,100.0
Illinois,IL,IL-06,,False,2000s,False,2004+2008+2012,3,60.42,51.5,8.93,D+8.9,319766,0,2,100.0
Illinois,IL,IL-06,,False,2010s,False,2016+2020,2,64.46,51.71,12.75,D+12.8,418752,0,5,100.0
Illinois,IL,IL-06,,False,2020s,True,2024,1,67.23,49.25,17.98,D+18.0,428698,0,2,100.0
Illinois,IL,IL-07,,False,2000s,False,2004+2008+2012,3,74.22,51.5,22.72,D+22.7,120020,0,1,100.0
Illinois,IL,IL-07,,False,2010s,False,2016+2020,2,76.81,51.71,25.1,D+25.1,146878,0,1,100.0
Illinois,IL,IL-07,,False,2020s,True,2024,1,71.26,49.25,22.01,D+22.0,149722,0,1,100.0
Illinois,IL,IL-08,,False,2000s,False,2004+2008+2012,3,62.28,51.5,10.79,D+10.8,447433,0,3,100.0
Illinois,IL,IL-08,,False,2010s,False,2016+2020,2,70.97,51.71,19.26,D+19.3,370034,0,3,100.0
Illinois,IL,IL-08,,False,2020s,True,2024,1,65.7,49.25,16.45,D+16.4,355258,0,3,100.0
Illinois,IL,IL-09,,False,2000s,False,2004+2008+2012,3,74.22,51.5,22.72,D+22.7,161406,0,1,100.0
Illinois,IL,IL-09,,False,2010s,False,2016+2020,2,76.81,51.71,25.1,D+25.1,248562,0,1,100.0
Illinois,IL,IL-09,,False,2020s,True,2024,1,68.54,49.25,19.29,D+19.3,221858,0,3,100.0
Illinois,IL,IL-10,,False,2000s,False,2004+2008+2012,3,68.66,51.5,17.16,D+17.2,316769,0,2,100.0
Illinois,IL,IL-10,,False,2010s,False,2016+2020,2,67.71,51.71,16.0,D+16.0,295518,0,2,100.0
Illinois,IL,IL-10,,False,2020s,True,2024,1,61.62,49.25,12.37,D+12.4,360028,0,3,100.0
Illinois,IL,IL-11,,False,2000s,False,2004+2008+2012,3,50.5,51.5,-1.0,R+1.0,383405,3,5,70.3
Illinois,IL,IL-11,,False,2010s,False,2016+2020,2,56.63,51.71,4.93,D+4.9,178204,0,4,100.0
Illinois,IL,IL-11,,False,2020s,True,2024,1,53.5,49.25,4.25,D+4.2,358582,0,7,100.0
Illinois,IL,IL-12,,False,2000s,False,2004+2008+2012,3,51.87,51.5,0.37,D+0.4,270029,9,2,18.3
Illinois,IL,IL-12,,False,2010s,False,2016+2020,2,41.96,51.71,-9.75,R+9.8,300338,11,1,7.9
Illinois,IL,IL-12,,False,2020s,True,2024,1,32.57,49.25,-16.67,R+16.7,424744,32,2,25.1
Illinois,IL,IL-13,,False,2000s,False,2004+2008+2012,3,60.18,51.5,8.69,D+8.7,352751,0,3,100.0
Illinois,IL,IL-13,,False,2010s,False,2016+2020,2,39.24,51.71,-12.47,R+12.5,240196,9,5,42.3
Illinois,IL,IL-13,,False,2020s,True,2024,1,45.47,49.25,-3.78,R+3.8,184466,1,6,87.3
Illinois,IL,IL-14,,False,2000s,False,2004+2008+2012,3,50.11,51.5,-1.39,R+1.4,353446,3,5,34.4
Illinois,IL,IL-14,,False,2010s,False,2016+2020,2,54.34,51.71,2.63,D+2.6,514214,0,7,100.0
Illinois,IL,IL-14,,False,2020s,True,2024,1,49.84,49.25,0.59,D+0.6,251441,1,6,73.8
Illinois,IL,IL-15,,False,2000s,False,2004+2008+2012,3,44.78,51.5,-6.72,R+6.7,300644,13,9,27.8
Illinois,IL,IL-15,,False,2010s,False,2016+2020,2,33.26,51.71,-18.45,R+18.4,404075,29,4,33.5
Illinois,IL,IL-15,,False,2020s,True,2024,1,37.07,49.25,-12.18,R+12.2,488504,24,11,55.9
Illinois,IL,IL-16,,False,2000s,False,2004+2008+2012,3,49.57,51.5,-1.93,R+1.9,320387,6,3,35.3
Illinois,IL,IL-16,,False,2010s,False,2016+2020,2,44.58,51.71,-7.12,R+7.1,388319,9,5,50.4
Illinois,IL,IL-16,,False,2020s,True,2024,1,43.93,49.25,-5.32,R+5.3,495746,7,14,77.5
Illinois,IL,IL-17,,False,2000s,False,2004+2008+2012,3,52.28,51.5,0.79,D+0.8,243997,9,14,37.9
Illinois,IL,IL-17,,False,2010s,False,2016+2020,2,46.67,51.71,-5.04,R+5.0,275126,11,3,21.1
Illinois,IL,IL-17,,False,2020s,True,2024,1,46.93,49.25,-2.32,R+2.3,258102,4,10,53.4
Illinois,IL,IL-18,,False,2000s,False,2004+2008+2012,3,45.56,51.5,-5.93,R+5.9,342728,13,7,38.7
Illinois,IL,IL-18,,False,2010s,False,2016+2020,2,40.88,51.71,-10.82,R+10.8,438576,14,5,67.2
Illinois,IL,IL-19,,False,2000s,False,2004+2008+2012,3,42.86,51.5,-8.64,R+8.6,332163,15,15,60.7
Indiana,IN,IN-01,,False,2000s,False,2004+2008+2012,3,59.63,51.5,8.13,D+8.1,280223,4,1,21.2
Indiana,IN,IN-01,,False,2010s,False,2016+2020,2,55.16,51.71,3.46,D+3.5,313006,2,1,6.1
Indiana,IN,IN-01,,False,2020s,True,2024,1,50.14,49.25,0.89,D+0.9,309937,2,1,4.8
Indiana,IN,IN-02,,False,2000s,False,2004+2008+2012,3,48.68,51.5,-2.81,R+2.8,250723,8,4,12.0
Indiana,IN,IN-02,,False,2010s,False,2016+2020,2,38.98,51.71,-12.72,R+12.7,305678,8,2,16.6
Indiana,IN,IN-02,,False,2020s,True,2024,1,37.32,49.25,-11.93,R+11.9,322852,8,3,21.4
Indiana,IN,IN-03,,False,2000s,False,2004+2008+2012,3,37.22,51.5,-14.28,R+14.3,267559,6,2,63.3
Indiana,IN,IN-03,,False,2010s,False,2016+2020,2,33.38,51.71,-18.32,R+18.3,304868,10,2,4.7
Indiana,IN,IN-03,,False,2020s,True,2024,1,34.23,49.25,-15.02,R+15.0,317705,11,2,3.6
Indiana,IN,IN-04,,False,2000s,False,2004+2008+2012,3,39.99,51.5,-11.51,R+11.5,314959,7,5,30.9
Indiana,IN,IN-04,,False,2010s,False,2016+2020,2,33.8,51.71,-17.92,R+17.9,328124,13,3,19.2
Indiana,IN,IN-04,,False,2020s,True,2024,1,34.99,49.25,-14.26,R+14.3,334491,13,3,3.3
Indiana,IN,IN-05,,False,2000s,False,2004+2008+2012,3,39.5,51.5,-12.0,R+12.0,373595,7,4,38.4
Indiana,IN,IN-05,,False,2010s,False,2016+2020,2,45.24,51.71,-6.47,R+6.5,379894,4,4,31.7
Indiana,IN,IN-05,,False,2020s,True,2024,1,41.44,49.25,-7.81,R+7.8,370124,5,1,10.1
Indiana,IN,IN-06,,False,2000s,False,2004+2008+2012,3,41.03,51.5,-10.46,R+10.5,315466,14,5,24.8
Indiana,IN,IN-06,,False,2010s,False,2016+2020,2,29.26,51.71,-22.44,R+22.4,319317,18,1,1.7
Indiana,IN,IN-06,,False,2020s,True,2024,1,40.83,49.25,-8.41,R+8.4,348238,8,3,39.4
Indiana,IN,IN-07,,False,2000s,False,2004+2008+2012,3,58.86,51.5,7.36,D+7.4,231984,0,1,100.0
Indiana,IN,IN-07,,False,2010s,False,2016+2020,2,63.45,51.71,11.74,D+11.7,287574,0,1,100.0
Indiana,IN,IN-07,,False,2020s,True,2024,1,64.07,49.25,14.82,D+14.8,248766,0,1,100.0
Indiana,IN,IN-08,,False,2000s,False,2004+2008+2012,3,41.9,51.5,-9.6,R+9.6,283624,17,1,1.6
Indiana,IN,IN-08,,False,2010s,False,2016+2020,2,33.04,51.71,-18.66,R+18.7,315760,18,1,0.4
Indiana,IN,IN-08,,False,2020s,True,2024,1,31.79,49.25,-17.46,R+17.5,332410,20,1,1.3
Indiana,IN,IN-09,,False,2000s,False,2004+2008+2012,3,43.2,51.5,-8.3,R+8.3,301136,17,3,22.8
Indiana,IN,IN-09,,False,2010s,False,2016+2020,2,36.94,51.71,-14.77,R+14.8,345834,10,3,9.0
Indiana,IN,IN-09,,False,2020s,True,2024,1,34.99,49.25,-14.26,R+14.3,359813,17,1,2.7
Kansas,KS,KS-01,,False,2000s,False,2004+2008+2012,3,27.93,51.5,-23.57,R+23.6,263811,66,3,4.0
Kansas,KS,KS-01,,False,2010s,False,2016+2020,2,27.37,51.71,-24.34,R+24.3,281116,61,2,1.4
Kansas,KS,KS-01,,False,2020s,True,2024,1,28.07,49.25,-21.18,R+21.2,272927,57,3,5.3
Kansas,KS,KS-02,,False,2000s,False,2004+2008+2012,3,42.88,51.5,-8.62,R+8.6,313620,23,3,12.5
Kansas,KS,KS-02,,False,2010s,False,2016+2020,2,41.08,51.71,-10.63,R+10.6,322298,23,2,5.1
Kansas,KS,KS-02,,False,2020s,True,2024,1,43.6,49.25,-5.65,R+5.7,343731,24,3,23.7
Kansas,KS,KS-03,,False,2000s,False,2004+2008+2012,3,46.79,51.5,-4.71,R+4.7,342642,2,1,4.8
Kansas,KS,KS-03,,False,2010s,False,2016+2020,2,53.23,51.71,1.52,D+1.5,376411,2,1,1.0
Kansas,KS,KS-03,,False,2020s,True,2024,1,52.46,49.25,3.21,D+3.2,399306,4,1,5.1
Kansas,KS,KS-04,,False,2000s,False,2004+2008+2012,3,37.56,51.5,-13.94,R+13.9,274647,10,1,0.7
Kansas,KS,KS-04,,False,2010s,False,2016+2020,2,37.14,51.71,-14.57,R+14.6,301119,16,1,0.2
Kansas,KS,KS-04,,False,2020s,True,2024,1,38.14,49.25,-11.1,R+11.1,311626,16,1,0.5
Kentucky,KY,KY-01,,False,2000s,False,2004+2008+2012,3,35.16,51.5,-16.34,R+16.3,282147,32,2,2.1
Kentucky,KY,KY-01,,False,2010s,False,2016+2020,2,25.35,51.71,-26.35,R+26.4,322466,34,1,0.1
Kentucky,KY,KY-01,,False,2020s,True,2024,1,26.05,49.25,-23.19,R+23.2,346955,33,2,5.2
Kentucky,KY,KY-02,,False,2000s,False,2004+2008+2012,3,37.4,51.5,-14.09,R+14.1,316748,19,2,7.6
Kentucky,KY,KY-02,,False,2010s,False,2016+2020,2,30.08,51.71,-21.63,R+21.6,349052,18,3,5.8
Kentucky,KY,KY-02,,False,2020s,True,2024,1,33.32,49.25,-15.93,R+15.9,398469,17,3,20.0
Kentucky,KY,KY-03,,False,2000s,False,2004+2008+2012,3,54.18,51.5,2.68,D+2.7,327056,0,1,100.0
Kentucky,KY,KY-03,,False,2010s,False,2016+2020,2,58.64,51.71,6.94,D+6.9,311948,0,1,100.0
Kentucky,KY,KY-03,,False,2020s,True,2024,1,58.42,49.25,9.17,D+9.2,288779,0,1,100.0
Kentucky,KY,KY-04,,False,2000s,False,2004+2008+2012,3,37.04,51.5,-14.46,R+14.5,315814,22,2,3.8
Kentucky,KY,KY-04,,False,2010s,False,2016+2020,2,36.25,51.71,-15.46,R+15.5,393613,16,5,19.5
Kentucky,KY,KY-04,,False,2020s,True,2024,1,31.97,49.25,-17.28,R+17.3,374848,19,2,3.8
Kentucky,KY,KY-05,,False,2000s,False,2004+2008+2012,3,31.23,51.5,-20.27,R+20.3,249821,28,1,0.5
Kentucky,KY,KY-05,,False,2010s,False,2016+2020,2,19.0,51.71,-32.7,R+32.7,300599,29,1,5.0
Kentucky,KY,KY-05,,False,2020s,True,2024,1,17.6,49.25,-31.65,R+31.6,314828,31,2,3.6
Kentucky,KY,KY-06,,False,2000s,False,2004+2008+2012,3,42.32,51.5,-9.18,R+9.2,315639,14,2,5.9
Kentucky,KY,KY-06,,False,2010s,False,2016+2020,2,43.64,51.71,-8.07,R+8.1,353400,16,3,5.5
Kentucky,KY,KY-06,,False,2020s,True,2024,1,42.48,49.25,-6.77,R+6.8,352926,14,2,2.6
Louisiana,LA,LA-01,,False,2000s,False,2004+2008+2012,3,31.65,51.5,-19.85,R+19.9,209349,3,3,19.6
Louisiana,LA,LA-01,,False,2010s,False,2016+2020,2,33.9,51.71,-17.82,R+17.8,383054,3,5,58.8
Louisiana,LA,LA-01,,False,2020s,True,2024,1,44.22,49.25,-5.02,R+5.0,519405,2,8,71.4
Louisiana,LA,LA-02,,False,2000s,False,2004+2008+2012,3,69.57,51.5,18.07,D+18.1,212122,0,2,100.0
Louisiana,LA,LA-02,,False,2010s,False,2016+2020,2,65.0,51.71,13.3,D+13.3,315002,1,9,96.1
Louisiana,LA,LA-02,,False,2020s,True,2024,1,50.84,49.25,1.59,D+1.6,197178,4,6,71.4
Louisiana,LA,LA-03,,False,2000s,False,2004+2008+2012,3,37.99,51.5,-13.5,R+13.5,393803,10,3,41.3
Louisiana,LA,LA-03,,False,2010s,False,2016+2020,2,30.56,51.71,-21.15,R+21.1,348998,9,1,0.3
Louisiana,LA,LA-03,,False,2020s,True,2024,1,27.45,49.25,-21.8,R+21.8,303278,8,3,38.2
Louisiana,LA,LA-04,,False,2000s,False,2004+2008+2012,3,40.16,51.5,-11.34,R+11.3,273087,12,1,1.6
Louisiana,LA,LA-04,,False,2010s,False,2016+2020,2,37.63,51.71,-14.08,R+14.1,319652,14,1,5.2
Louisiana,LA,LA-04,,False,2020s,True,2024,1,32.84,49.25,-16.41,R+16.4,412135,15,5,51.5
Louisiana,LA,LA-05,,False,2000s,False,2004+2008+2012,3,37.49,51.5,-14.0,R+14.0,289316,18,4,11.5
Louisiana,LA,LA-05,,False,2010s,False,2016+2020,2,34.48,51.71,-17.23,R+17.2,348829,20,4,19.5
Louisiana,LA,LA-05,,False,2020s,True,2024,1,36.25,49.25,-12.99,R+13.0,311912,15,6,66.6
Louisiana,LA,LA-06,,False,2000s,False,2004+2008+2012,3,43.38,51.5,-8.12,R+8.1,298969,6,3,8.0
Louisiana,LA,LA-06,,False,2010s,False,2016+2020,2,42.29,51.71,-9.42,R+9.4,373010,2,11,80.6
Louisiana,LA,LA-06,,False,2020s,True,2024,1,44.81,49.25,-4.44,R+4.4,263066,4,6,70.5
Louisiana,LA,LA-07,,False,2000s,False,2004+2008+2012,3,36.07,51.5,-15.43,R+15.4,289331,7,1,1.6
Massachusetts,MA,MA-01,,False,2000s,False,2004+2008+2012,3,64.9,51.5,13.4,D+13.4,485345,2,4,79.4
Massachusetts,MA,MA-01,,False,2010s,False,2016+2020,2,63.56,51.71,11.85,D+11.8,396429,2,3,29.3
Massachusetts,MA,MA-01,,False,2020s,True,2024,1,59.46,49.25,10.21,D+10.2,412913,2,3,32.8
Massachusetts,MA,MA-02,,False,2000s,False,2004+2008+2012,3,59.67,51.5,8.17,D+8.2,246381,0,4,100.0
Massachusetts,MA,MA-02,,False,2010s,False,2016+2020,2,60.0,51.71,8.29,D+8.3,343073,0,3,100.0
Massachusetts,MA,MA-02,,False,2020s,True,2024,1,60.5,49.25,11.25,D+11.2,388927,0,5,100.0
Massachusetts,MA,MA-03,,False,2000s,False,2004+2008+2012,3,60.69,51.5,9.2,D+9.2,262873,0,4,100.0
Massachusetts,MA,MA-03,,False,2010s,False,2016+2020,2,68.73,51.71,17.02,D+17.0,550812,0,3,100.0
Massachusetts,MA,MA-03,,False,2020s,True,2024,1,67.1,49.25,17.85,D+17.9,534725,0,3,100.0
Massachusetts,MA,MA-04,,False,2000s,False,2004+2008+2012,3,59.7,51.5,8.21,D+8.2,363508,0,4,100.0
Massachusetts,MA,MA-04,,False,2010s,False,2016+2020,2,62.54,51.71,10.82,D+10.8,445458,0,4,100.0
Massachusetts,MA,MA-04,,False,2020s,True,2024,1,58.7,49.25,9.45,D+9.4,440059,0,5,100.0
Massachusetts,MA,MA-05,,False,2000s,False,2004+2008+2012,3,63.47,51.5,11.97,D+12.0,424800,0,3,100.0
Massachusetts,MA,MA-05,,False,2010s,False,2016+2020,2,73.16,51.71,21.45,D+21.4,296792,0,3,100.0
Massachusetts,MA,MA-05,,False,2020s,True,2024,1,71.33,49.25,22.08,D+22.1,246081,0,2,100.0
Massachusetts,MA,MA-06,,False,2000s,False,2004+2008+2012,3,60.22,51.5,8.72,D+8.7,347950,0,2,100.0
Massachusetts,MA,MA-06,,False,2010s,False,2016+2020,2,65.6,51.71,13.9,D+13.9,452994,0,2,100.0
Massachusetts,MA,MA-06,,False,2020s,True,2024,1,62.55,49.25,13.3,D+13.3,451894,0,2,100.0
Massachusetts,MA,MA-07,,False,2000s,False,2004+2008+2012,3,67.39,51.5,15.89,D+15.9,179919,0,2,100.0
Massachusetts,MA,MA-07,,False,2010s,False,2016+2020,2,80.9,51.71,29.18,D+29.2,220978,0,3,100.0
Massachusetts,MA,MA-07,,False,2020s,True,2024,1,75.58,49.25,26.33,D+26.3,200247,0,3,100.0
Massachusetts,MA,MA-08,,False,2000s,False,2004+2008+2012,3,77.18,51.5,25.68,D+25.7,145133,0,2,100.0
Massachusetts,MA,MA-08,,False,2010s,False,2016+2020,2,69.3,51.71,17.6,D+17.6,306484,0,3,100.0
Massachusetts,MA,MA-08,,False,2020s,True,2024,1,66.12,49.25,16.87,D+16.9,293490,0,4,100.0
Massachusetts,MA,MA-09,,False,2000s,False,2004+2008+2012,3,64.97,51.5,13.47,D+13.5,283488,0,4,100.0
Massachusetts,MA,MA-09,,False,2010s,False,2016+2020,2,58.12,51.71,6.42,D+6.4,465204,3,2,65.2
Massachusetts,MA,MA-09,,False,2020s,True,2024,1,56.58,49.25,7.33,D+7.3,505333,3,3,66.7
Massachusetts,MA,MA-10,,False,2000s,False,2004+2008+2012,3,55.92,51.5,4.43,D+4.4,314345,3,2,53.4
Maryland,MD,MD-01,,False,2000s,False,2004+2008+2012,3,44.87,51.5,-6.63,R+6.6,350494,9,3,43.9
Maryland,MD,MD-01,,False,2010s,False,2016+2020,2,43.36,51.71,-8.36,R+8.4,459116,9,3,51.7
Maryland,MD,MD-01,,False,2020s,True,2024,1,45.54,49.25,-3.71,R+3.7,489901,10,1,19.9
Maryland,MD,MD-02,,False,2000s,False,2004+2008+2012,3,60.26,51.5,8.76,D+8.8,223764,0,4,100.0
Maryland,MD,MD-02,,False,2010s,False,2016+2020,2,64.27,51.71,12.56,D+12.6,238378,0,5,100.0
Maryland,MD,MD-02,,False,2020s,True,2024,1,57.5,49.25,8.25,D+8.2,384359,0,3,100.0
Maryland,MD,MD-03,,False,2000s,False,2004+2008+2012,3,63.68,51.5,12.18,D+12.2,243772,0,4,100.0
Maryland,MD,MD-03,,False,2010s,False,2016+2020,2,72.64,51.71,20.93,D+20.9,292494,0,5,100.0
Maryland,MD,MD-03,,False,2020s,True,2024,1,64.0,49.25,14.75,D+14.8,354156,1,2,48.5
Maryland,MD,MD-04,,False,2000s,False,2004+2008+2012,3,77.87,51.5,26.37,D+26.4,257250,0,2,100.0
Maryland,MD,MD-04,,False,2010s,False,2016+2020,2,76.74,51.71,25.03,D+25.0,230902,0,2,100.0
Maryland,MD,MD-04,,False,2020s,True,2024,1,87.62,49.25,38.37,D+38.4,184552,0,2,100.0
Maryland,MD,MD-05,,False,2000s,False,2004+2008+2012,3,69.08,51.5,17.58,D+17.6,486198,3,2,68.8
Maryland,MD,MD-05,,False,2010s,False,2016+2020,2,72.52,51.71,20.8,D+20.8,548875,3,2,66.3
Maryland,MD,MD-05,,False,2020s,True,2024,1,69.01,49.25,19.76,D+19.8,589506,3,2,65.2
Maryland,MD,MD-06,,False,2000s,False,2004+2008+2012,3,45.34,51.5,-6.16,R+6.2,506628,5,3,41.6
Maryland,MD,MD-06,,False,2010s,False,2016+2020,2,64.88,51.71,13.17,D+13.2,418211,3,2,73.9
Maryland,MD,MD-06,,False,2020s,True,2024,1,59.43,49.25,10.18,D+10.2,495108,4,1,44.0
Maryland,MD,MD-07,,False,2000s,False,2004+2008+2012,3,69.54,51.5,18.04,D+18.0,248088,0,3,100.0
Maryland,MD,MD-07,,False,2010s,False,2016+2020,2,71.72,51.71,20.02,D+20.0,414962,0,3,100.0
Maryland,MD,MD-07,,False,2020s,True,2024,1,83.57,49.25,34.32,D+34.3,254320,0,2,100.0
Maryland,MD,MD-08,,False,2000s,False,2004+2008+2012,3,70.59,51.5,19.09,D+19.1,258941,0,1,100.0
Maryland,MD,MD-08,,False,2010s,False,2016+2020,2,64.26,51.71,12.55,D+12.6,306302,0,3,100.0
Maryland,MD,MD-08,,False,2020s,True,2024,1,77.44,49.25,28.19,D+28.2,286431,0,1,100.0
Maine,ME,ME-01,,False,2000s,False,2004+2008+2012,3,59.55,51.5,8.05,D+8.1,386051,5,1,12.6
Maine,ME,ME-01,,False,2010s,False,2016+2020,2,59.69,51.71,7.98,D+8.0,404603,5,1,7.6
Maine,ME,ME-01,,False,2020s,True,2024,1,60.96,49.25,11.72,D+11.7,431311,5,1,7.4
Maine,ME,ME-02,,False,2000s,False,2004+2008+2012,3,54.25,51.5,2.75,D+2.8,341296,10,1,5.1
Maine,ME,ME-02,,False,2010s,False,2016+2020,2,45.62,51.71,-6.09,R+6.1,374238,10,1,10.5
Maine,ME,ME-02,,False,2020s,True,2024,1,44.9,49.25,-4.35,R+4.3,393109,10,1,10.4
Michigan,MI,MI-01,,False,2000s,False,2004+2008+2012,3,48.41,51.5,-3.09,R+3.1,350583,30,1,11.2
Michigan,MI,MI-01,,False,2010s,False,2016+2020,2,40.0,51.71,-11.71,R+11.7,398770,31,1,2.1
Michigan,MI,MI-01,,False,2020s,True,2024,1,39.26,49.25,-9.99,R+10.0,487613,35,1,0.9
Michigan,MI,MI-02,,False,2000s,False,2004+2008+2012,3,44.21,51.5,-7.29,R+7.3,369142,9,2,17.3
Michigan,MI,MI-02,,False,2010s,False,2016+2020,2,40.99,51.71,-10.72,R+10.7,324420,5,2,12.0
Michigan,MI,MI-02,,False,2020s,True,2024,1,42.11,49.25,-7.14,R+7.1,634133,14,6,51.0
Michigan,MI,MI-03,,False,2000s,False,2004+2008+2012,3,45.01,51.5,-6.49,R+6.5,308045,2,1,82.1
Michigan,MI,MI-03,,False,2010s,False,2016+2020,2,47.15,51.71,-4.56,R+4.6,432258,3,2,71.1
Michigan,MI,MI-03,,False,2020s,True,2024,1,48.38,49.25,-0.87,R+0.9,284509,0,3,100.0
Michigan,MI,MI-04,,False,2000s,False,2004+2008+2012,3,48.86,51.5,-2.64,R+2.6,345887,12,2,29.2
Michigan,MI,MI-04,,False,2010s,False,2016+2020,2,40.03,51.71,-11.68,R+11.7,387012,13,2,27.7
Michigan,MI,MI-04,,False,2020s,True,2024,1,46.01,49.25,-3.23,R+3.2,336975,2,4,66.4
Michigan,MI,MI-05,,False,2000s,False,2004+2008+2012,3,60.94,51.5,9.44,D+9.4,278363,2,2,13.8
Michigan,MI,MI-05,,False,2010s,False,2016+2020,2,50.52,51.71,-1.18,R+1.2,317422,4,2,9.0
Michigan,MI,MI-05,,False,2020s,True,2024,1,39.34,49.25,-9.91,R+9.9,488789,7,3,31.8
Michigan,MI,MI-06,,False,2000s,False,2004+2008+2012,3,50.17,51.5,-1.33,R+1.3,321388,5,2,12.6
Michigan,MI,MI-06,,False,2010s,False,2016+2020,2,46.61,51.71,-5.1,R+5.1,360580,6,0,0.0
Michigan,MI,MI-06,,False,2020s,True,2024,1,67.53,49.25,18.29,D+18.3,590817,1,2,62.5
Michigan,MI,MI-07,,False,2000s,False,2004+2008+2012,3,54.39,51.5,2.9,D+2.9,395860,5,2,46.7
Michigan,MI,MI-07,,False,2010s,False,2016+2020,2,50.76,51.71,-0.96,R+1.0,465328,6,1,34.1
Michigan,MI,MI-07,,False,2020s,True,2024,1,50.28,49.25,1.03,D+1.0,480872,4,2,22.8
Michigan,MI,MI-08,,False,2000s,False,2004+2008+2012,3,52.86,51.5,1.36,D+1.4,512612,3,2,47.5
Michigan,MI,MI-08,,False,2010s,False,2016+2020,2,54.09,51.71,2.38,D+2.4,569620,2,1,55.4
Michigan,MI,MI-08,,False,2020s,True,2024,1,49.03,49.25,-0.22,R+0.2,421600,3,1,7.9
Michigan,MI,MI-09,,False,2000s,False,2004+2008+2012,3,53.88,51.5,2.38,D+2.4,232338,0,1,100.0
Michigan,MI,MI-09,,False,2010s,False,2016+2020,2,48.26,51.71,-3.45,R+3.5,165056,0,2,100.0
Michigan,MI,MI-09,,False,2020s,True,2024,1,44.6,49.25,-4.64,R+4.6,876953,5,2,74.3
Michigan,MI,MI-10,,False,2000s,False,2004+2008+2012,3,49.89,51.5,-1.6,R+1.6,475226,4,1,67.4
Michigan,MI,MI-10,,False,2010s,False,2016+2020,2,40.14,51.71,-11.57,R+11.6,536418,4,2,67.9
Michigan,MI,MI-10,,False,2020s,True,2024,1,44.66,49.25,-4.58,R+4.6,233221,0,2,100.0
Michigan,MI,MI-11,,False,2000s,False,2004+2008+2012,3,65.76,51.5,14.26,D+14.3,425284,0,2,100.0
Michigan,MI,MI-11,,False,2010s,False,2016+2020,2,60.56,51.71,8.84,D+8.8,408522,0,2,100.0
Michigan,MI,MI-11,,False,2020s,True,2024,1,55.4,49.25,6.15,D+6.2,285694,0,1,100.0
Michigan,MI,MI-12,,False,2000s,False,2004+2008+2012,3,52.44,51.5,0.94,D+0.9,129007,0,2,100.0
Michigan,MI,MI-12,,False,2010s,False,2016+2020,2,69.76,51.71,18.05,D+18.1,379795,0,2,100.0
Michigan,MI,MI-12,,False,2020s,True,2024,1,63.78,49.25,14.53,D+14.5,242266,0,2,100.0
Michigan,MI,MI-13,,False,2000s,False,2004+2008+2012,3,72.86,51.5,21.36,D+21.4,150185,0,1,100.0
Michigan,MI,MI-13,,False,2010s,False,2016+2020,2,69.35,51.71,17.64,D+17.6,249258,0,1,100.0
Michigan,MI,MI-13,,False,2020s,True,2024,1,65.02,49.25,15.78,D+15.8,300744,0,1,100.0
Michigan,MI,MI-14,,False,2000s,False,2004+2008+2012,3,72.86,51.5,21.36,D+21.4,169923,0,1,100.0
Michigan,MI,MI-14,,False,2010s,False,2016+2020,2,62.9,51.71,11.19,D+11.2,191403,0,2,100.0
Michigan,MI,MI-15,,False,2000s,False,2004+2008+2012,3,68.03,51.5,16.53,D+16.5,401191,1,2,81.6
Minnesota,MN,MN-01,,False,2000s,False,2004+2008+2012,3,50.36,51.5,-1.14,R+1.1,338244,22,0,0.0
Minnesota,MN,MN-01,,False,2010s,False,2016+2020,2,44.07,51.71,-7.64,R+7.6,362740,19,2,6.8
Minnesota,MN,MN-01,,False,2020s,True,2024,1,44.29,49.25,-4.96,R+5.0,387902,19,2,6.4
Minnesota,MN,MN-02,,False,2000s,False,2004+2008+2012,3,48.32,51.5,-3.18,R+3.2,428090,5,2,56.6
Minnesota,MN,MN-02,,False,2010s,False,2016+2020,2,50.92,51.71,-0.79,R+0.8,406870,4,2,9.5
Minnesota,MN,MN-02,,False,2020s,True,2024,1,52.72,49.25,3.47,D+3.5,424232,3,2,13.4
Minnesota,MN,MN-03,,False,2000s,False,2004+2008+2012,3,62.58,51.5,11.09,D+11.1,549031,0,2,100.0
Minnesota,MN,MN-03,,False,2010s,False,2016+2020,2,69.63,51.71,17.92,D+17.9,592956,0,3,100.0
Minnesota,MN,MN-03,,False,2020s,True,2024,1,71.19,49.25,21.94,D+21.9,592325,0,2,100.0
Minnesota,MN,MN-04,,False,2000s,False,2004+2008+2012,3,65.45,51.5,13.96,D+14.0,294243,1,2,6.3
Minnesota,MN,MN-04,,False,2010s,False,2016+2020,2,68.43,51.71,16.72,D+16.7,356562,1,1,20.7
Minnesota,MN,MN-04,,False,2020s,True,2024,1,68.77,49.25,19.53,D+19.5,343975,1,1,19.2
Minnesota,MN,MN-05,,False,2000s,False,2004+2008+2012,3,62.07,51.5,10.57,D+10.6,130334,0,2,100.0
Minnesota,MN,MN-05,,False,2010s,False,2016+2020,2,69.54,51.71,17.83,D+17.8,155946,0,2,100.0
Minnesota,MN,MN-05,,False,2020s,True,2024,1,70.61,49.25,21.36,D+21.4,151047,0,2,100.0
Minnesota,MN,MN-06,,False,2000s,False,2004+2008+2012,3,45.9,51.5,-5.6,R+5.6,446638,3,3,71.9
Minnesota,MN,MN-06,,False,2010s,False,2016+2020,2,42.12,51.71,-9.59,R+9.6,469566,3,4,68.5
Minnesota,MN,MN-06,,False,2020s,True,2024,1,41.79,49.25,-7.45,R+7.5,443640,4,2,45.9
Minnesota,MN,MN-07,,False,2000s,False,2004+2008+2012,3,45.93,51.5,-5.56,R+5.6,344184,33,2,13.2
Minnesota,MN,MN-07,,False,2010s,False,2016+2020,2,34.9,51.71,-16.81,R+16.8,387876,35,3,17.5
Minnesota,MN,MN-07,,False,2020s,True,2024,1,32.91,49.25,-16.34,R+16.3,433687,34,4,21.5
Minnesota,MN,MN-08,,False,2000s,False,2004+2008+2012,3,53.66,51.5,2.16,D+2.2,361010,17,1,0.9
Minnesota,MN,MN-08,,False,2010s,False,2016+2020,2,42.24,51.71,-9.46,R+9.5,378686,17,1,1.5
Minnesota,MN,MN-08,,False,2020s,True,2024,1,44.11,49.25,-5.14,R+5.1,477112,18,3,17.5
Missouri,MO,MO-01,,False,2000s,False,2004+2008+2012,3,65.1,51.5,13.6,D+13.6,282028,0,2,100.0
Missouri,MO,MO-01,,False,2010s,False,2016+2020,2,70.52,51.71,18.81,D+18.8,304852,1,1,56.4
Missouri,MO,MO-01,,False,2020s,True,2024,1,70.02,49.25,20.77,D+20.8,302076,1,1,61.5
Missouri,MO,MO-02,,False,2000s,False,2004+2008+2012,3,52.07,51.5,0.57,D+0.6,415152,1,2,95.1
Missouri,MO,MO-02,,False,2010s,False,2016+2020,2,58.1,51.71,6.39,D+6.4,397399,0,3,100.0
Missouri,MO,MO-02,,False,2020s,True,2024,1,52.84,49.25,3.59,D+3.6,474244,1,3,88.3
Missouri,MO,MO-03,,False,2000s,False,2004+2008+2012,3,60.05,51.5,8.55,D+8.6,240581,2,2,56.4
Missouri,MO,MO-03,,False,2010s,False,2016+2020,2,31.66,51.71,-20.05,R+20.1,414212,10,3,53.6
Missouri,MO,MO-03,,False,2020s,True,2024,1,34.55,49.25,-14.7,R+14.7,382768,11,5,63.9
Missouri,MO,MO-04,,False,2000s,False,2004+2008+2012,3,36.8,51.5,-14.7,R+14.7,324464,21,4,25.7
Missouri,MO,MO-04,,False,2010s,False,2016+2020,2,31.64,51.71,-20.07,R+20.1,363802,21,3,10.6
Missouri,MO,MO-04,,False,2020s,True,2024,1,34.51,49.25,-14.74,R+14.7,433984,20,4,38.6
Missouri,MO,MO-05,,False,2000s,False,2004+2008+2012,3,59.76,51.5,8.27,D+8.3,226883,0,2,100.0
Missouri,MO,MO-05,,False,2010s,False,2016+2020,2,55.2,51.71,3.5,D+3.5,275073,3,2,86.7
Missouri,MO,MO-05,,False,2020s,True,2024,1,58.26,49.25,9.02,D+9.0,206788,0,2,100.0
Missouri,MO,MO-06,,False,2000s,False,2004+2008+2012,3,47.17,51.5,-4.32,R+4.3,374855,25,1,23.4
Missouri,MO,MO-06,,False,2010s,False,2016+2020,2,40.17,51.71,-11.54,R+11.5,446602,33,3,46.2
Missouri,MO,MO-06,,False,2020s,True,2024,1,36.24,49.25,-13.0,R+13.0,475930,37,2,33.9
Missouri,MO,MO-07,,False,2000s,False,2004+2008+2012,3,33.38,51.5,-18.12,R+18.1,304870,8,2,5.0
Missouri,MO,MO-07,,False,2010s,False,2016+2020,2,27.33,51.71,-24.39,R+24.4,360334,10,1,0.9
Missouri,MO,MO-07,,False,2020s,True,2024,1,28.46,49.25,-20.79,R+20.8,375929,9,1,2.2
Missouri,MO,MO-08,,False,2000s,False,2004+2008+2012,3,34.52,51.5,-16.98,R+17.0,281854,27,1,4.9
Missouri,MO,MO-08,,False,2010s,False,2016+2020,2,23.1,51.71,-28.62,R+28.6,367234,29,1,19.1
Missouri,MO,MO-08,,False,2020s,True,2024,1,21.84,49.25,-27.41,R+27.4,343608,27,1,17.2
Missouri,MO,MO-09,,False,2000s,False,2004+2008+2012,3,41.72,51.5,-9.77,R+9.8,357397,23,2,19.8
Mississippi,MS,MS-01,,False,2000s,False,2004+2008+2012,3,37.88,51.5,-13.62,R+13.6,331201,22,2,1.8
Mississippi,MS,MS-01,,False,2010s,False,2016+2020,2,33.98,51.71,-17.73,R+17.7,330982,21,1,1.7
Mississippi,MS,MS-01,,False,2020s,True,2024,1,31.52,49.25,-17.73,R+17.7,327154,20,1,1.4
Mississippi,MS,MS-02,,False,2000s,False,2004+2008+2012,3,61.0,51.5,9.5,D+9.5,310407,20,3,43.8
Mississippi,MS,MS-02,,False,2010s,False,2016+2020,2,61.1,51.71,9.39,D+9.4,332230,24,2,40.2
Mississippi,MS,MS-02,,False,2020s,True,2024,1,57.45,49.25,8.2,D+8.2,325224,29,1,12.0
Mississippi,MS,MS-03,,False,2000s,False,2004+2008+2012,3,39.11,51.5,-12.38,R+12.4,311639,20,8,14.3
Mississippi,MS,MS-03,,False,2010s,False,2016+2020,2,38.75,51.71,-12.96,R+13.0,295966,20,4,13.0
Mississippi,MS,MS-03,,False,2020s,True,2024,1,34.92,49.25,-14.33,R+14.3,280567,19,3,11.7
Mississippi,MS,MS-04,,False,2000s,False,2004+2008+2012,3,31.73,51.5,-19.77,R+19.8,289284,12,3,13.6
Mississippi,MS,MS-04,,False,2010s,False,2016+2020,2,29.76,51.71,-21.95,R+21.9,302380,13,1,0.7
Mississippi,MS,MS-04,,False,2020s,True,2024,1,28.44,49.25,-20.8,R+20.8,295063,11,1,8.5
Montana,MT,MT-01,,False,2020s,True,2024,1,44.0,49.25,-5.25,R+5.2,322584,15,1,0.4
Montana,MT,MT-02,,False,2020s,True,2024,1,34.77,49.25,-14.47,R+14.5,280406,40,1,0.5
Montana,MT,MT-AL,,True,2000s,False,2004+2008+2012,3,43.75,51.5,-7.76,R+7.8,475911,0,0,0.0
Montana,MT,MT-AL,,True,2010s,False,2016+2020,2,40.25,51.71,-11.46,R+11.5,552748,0,0,0.0
North Carolina,NC,NC-01,,False,2000s,False,2004+2008+2012,3,54.77,51.5,3.27,D+3.3,264228,13,10,44.7
North Carolina,NC,NC-01,,False,2010s,False,2016+2020,2,59.26,51.71,7.56,D+7.6,286372,5,18,77.7
North Carolina,NC,NC-01,,False,2020s,True,2024,1,48.18,49.25,-1.06,R+1.1,377384,21,1,0.5
North Carolina,NC,NC-02,,False,2000s,False,2004+2008+2012,3,45.15,51.5,-6.35,R+6.3,291559,4,6,47.4
North Carolina,NC,NC-02,,False,2010s,False,2016+2020,2,47.18,51.71,-4.53,R+4.5,388255,2,7,79.3
North Carolina,NC,NC-02,,False,2020s,True,2024,1,62.99,49.25,13.75,D+13.8,315364,0,1,100.0
North Carolina,NC,NC-03,,False,2000s,False,2004+2008+2012,3,41.43,51.5,-10.06,R+10.1,282849,8,9,57.6
North Carolina,NC,NC-03,,False,2010s,False,2016+2020,2,39.93,51.71,-11.78,R+11.8,379496,10,12,51.1
North Carolina,NC,NC-03,,False,2020s,True,2024,1,38.66,49.25,-10.59,R+10.6,384249,10,1,6.0
North Carolina,NC,NC-04,,False,2000s,False,2004+2008+2012,3,63.07,51.5,11.58,D+11.6,415769,2,2,52.1
North Carolina,NC,NC-04,,False,2010s,False,2016+2020,2,64.43,51.71,12.72,D+12.7,262614,0,7,100.0
North Carolina,NC,NC-04,,False,2020s,True,2024,1,73.56,49.25,24.32,D+24.3,413277,2,2,35.0
North Carolina,NC,NC-05,,False,2000s,False,2004+2008+2012,3,39.94,51.5,-11.56,R+11.6,350594,9,3,51.6
North Carolina,NC,NC-05,,False,2010s,False,2016+2020,2,40.84,51.71,-10.87,R+10.9,410278,7,5,64.5
North Carolina,NC,NC-05,,False,2020s,True,2024,1,35.73,49.25,-13.52,R+13.5,356659,9,1,24.1
North Carolina,NC,NC-06,,False,2000s,False,2004+2008+2012,3,43.59,51.5,-7.91,R+7.9,397335,2,4,75.1
North Carolina,NC,NC-06,,False,2010s,False,2016+2020,2,54.56,51.71,2.86,D+2.9,526190,5,5,74.2
North Carolina,NC,NC-06,,False,2020s,True,2024,1,40.09,49.25,-9.16,R+9.2,339305,3,3,42.3
North Carolina,NC,NC-07,,False,2000s,False,2004+2008+2012,3,48.74,51.5,-2.76,R+2.8,351870,6,3,31.3
North Carolina,NC,NC-07,,False,2010s,False,2016+2020,2,42.68,51.71,-9.02,R+9.0,436478,6,6,39.2
North Carolina,NC,NC-07,,False,2020s,True,2024,1,45.19,49.25,-4.06,R+4.1,467976,5,3,29.4
North Carolina,NC,NC-08,,False,2000s,False,2004+2008+2012,3,44.69,51.5,-6.81,R+6.8,235249,6,4,61.0
North Carolina,NC,NC-08,,False,2010s,False,2016+2020,2,36.89,51.71,-14.82,R+14.8,394551,5,6,78.1
North Carolina,NC,NC-08,,False,2020s,True,2024,1,43.8,49.25,-5.45,R+5.5,432115,6,3,45.7
North Carolina,NC,NC-09,,False,2000s,False,2004+2008+2012,3,51.2,51.5,-0.31,R+0.3,360158,0,3,100.0
North Carolina,NC,NC-09,,False,2010s,False,2016+2020,2,59.86,51.71,8.15,D+8.2,436584,0,3,100.0
North Carolina,NC,NC-09,,False,2020s,True,2024,1,47.25,49.25,-1.99,R+2.0,470402,4,3,46.8
North Carolina,NC,NC-10,,False,2000s,False,2004+2008+2012,3,34.9,51.5,-16.6,R+16.6,287436,7,3,22.3
North Carolina,NC,NC-10,,False,2010s,False,2016+2020,2,36.06,51.71,-15.64,R+15.6,379470,5,2,36.2
North Carolina,NC,NC-10,,False,2020s,True,2024,1,38.83,49.25,-10.42,R+10.4,406625,4,1,32.6
North Carolina,NC,NC-11,,False,2000s,False,2004+2008+2012,3,45.05,51.5,-6.45,R+6.5,324179,14,1,1.9
North Carolina,NC,NC-11,,False,2010s,False,2016+2020,2,37.7,51.71,-14.01,R+14.0,420098,16,1,21.2
North Carolina,NC,NC-11,,False,2020s,True,2024,1,45.22,49.25,-4.03,R+4.0,443484,15,1,1.4
North Carolina,NC,NC-12,,False,2000s,False,2004+2008+2012,3,51.1,51.5,-0.4,R+0.4,241038,0,6,100.0
North Carolina,NC,NC-12,,False,2010s,False,2016+2020,2,60.15,51.71,8.44,D+8.4,270540,0,6,100.0
North Carolina,NC,NC-12,,False,2020s,True,2024,1,66.72,49.25,17.47,D+17.5,290198,0,1,100.0
North Carolina,NC,NC-13,,False,2000s,False,2004+2008+2012,3,51.34,51.5,-0.16,R+0.2,303458,2,5,91.1
North Carolina,NC,NC-13,,False,2010s,False,2016+2020,2,59.22,51.71,7.52,D+7.5,542260,0,9,100.0
North Carolina,NC,NC-13,,False,2020s,True,2024,1,48.91,49.25,-0.33,R+0.3,535089,6,2,44.8
North Carolina,NC,NC-14,,False,2020s,True,2024,1,48.18,49.25,-1.07,R+1.1,467015,4,2,46.2
North Dakota,ND,ND-AL,,True,2000s,False,2004+2008+2012,3,40.51,51.5,-10.98,R+11.0,317355,0,0,0.0
North Dakota,ND,ND-AL,,True,2010s,False,2016+2020,2,31.48,51.71,-20.22,R+20.2,353090,0,0,0.0
North Dakota,ND,ND-AL,,True,2020s,True,2024,1,31.3,49.25,-17.94,R+17.9,368155,0,0,0.0
Nebraska,NE,NE-01,,False,2000s,False,2004+2008+2012,3,40.74,51.5,-10.76,R+10.8,302517,22,2,16.2
Nebraska,NE,NE-01,,False,2010s,False,2016+2020,2,40.2,51.71,-11.52,R+11.5,292861,16,1,7.7
Nebraska,NE,NE-01,,False,2020s,True,2024,1,42.73,49.25,-6.52,R+6.5,288845,10,2,14.3
Nebraska,NE,NE-02,,False,2000s,False,2004+2008+2012,3,46.28,51.5,-5.22,R+5.2,240930,1,1,9.5
Nebraska,NE,NE-02,,False,2010s,False,2016+2020,2,51.06,51.71,-0.65,R+0.7,324776,1,1,20.7
Nebraska,NE,NE-02,,False,2020s,True,2024,1,52.11,49.25,2.86,D+2.9,349648,2,1,17.4
Nebraska,NE,NE-03,,False,2000s,False,2004+2008+2012,3,26.97,51.5,-24.53,R+24.5,247835,68,1,1.2
Nebraska,NE,NE-03,,False,2010s,False,2016+2020,2,21.98,51.71,-29.74,R+29.7,282675,75,0,0.0
Nebraska,NE,NE-03,,False,2020s,True,2024,1,22.79,49.25,-26.46,R+26.5,313689,79,1,0.6
New Hampshire,NH,NH-01,,False,2000s,False,2004+2008+2012,3,50.83,51.5,-0.66,R+0.7,305010,2,4,70.3
New Hampshire,NH,NH-01,,False,2010s,False,2016+2020,2,50.29,51.71,-1.42,R+1.4,329998,2,5,68.9
New Hampshire,NH,NH-01,,False,2020s,True,2024,1,50.21,49.25,0.96,D+1.0,341122,1,5,77.5
New Hampshire,NH,NH-02,,False,2000s,False,2004+2008+2012,3,54.32,51.5,2.82,D+2.8,394884,4,4,67.9
New Hampshire,NH,NH-02,,False,2010s,False,2016+2020,2,53.22,51.71,1.51,D+1.5,445252,3,5,81.5
New Hampshire,NH,NH-02,,False,2020s,True,2024,1,52.26,49.25,3.01,D+3.0,485067,4,5,70.3
New Jersey,NJ,NJ-01,,False,2000s,False,2004+2008+2012,3,63.19,51.5,11.7,D+11.7,235484,0,2,100.0
New Jersey,NJ,NJ-01,,False,2010s,False,2016+2020,2,62.44,51.71,10.74,D+10.7,285473,0,2,100.0
New Jersey,NJ,NJ-01,,False,2020s,True,2024,1,60.49,49.25,11.24,D+11.2,318241,1,1,22.4
New Jersey,NJ,NJ-02,,False,2000s,False,2004+2008+2012,3,55.51,51.5,4.0,D+4.0,389904,4,3,36.5
New Jersey,NJ,NJ-02,,False,2010s,False,2016+2020,2,50.68,51.71,-1.02,R+1.0,492414,4,4,44.9
New Jersey,NJ,NJ-02,,False,2020s,True,2024,1,42.79,49.25,-6.46,R+6.5,487064,4,2,44.3
New Jersey,NJ,NJ-03,,False,2000s,False,2004+2008+2012,3,50.29,51.5,-1.21,R+1.2,318670,0,3,100.0
New Jersey,NJ,NJ-03,,False,2010s,False,2016+2020,2,48.14,51.71,-3.56,R+3.6,329060,0,2,100.0
New Jersey,NJ,NJ-03,,False,2020s,True,2024,1,55.28,49.25,6.04,D+6.0,441513,1,2,48.0
New Jersey,NJ,NJ-04,,False,2000s,False,2004+2008+2012,3,48.55,51.5,-2.95,R+3.0,356381,0,4,100.0
New Jersey,NJ,NJ-04,,False,2010s,False,2016+2020,2,45.68,51.71,-6.03,R+6.0,447324,0,3,100.0
New Jersey,NJ,NJ-04,,False,2020s,True,2024,1,37.12,49.25,-12.13,R+12.1,377777,0,2,100.0
New Jersey,NJ,NJ-05,,False,2000s,False,2004+2008+2012,3,52.38,51.5,0.89,D+0.9,500965,1,3,90.7
New Jersey,NJ,NJ-05,,False,2010s,False,2016+2020,2,54.23,51.71,2.52,D+2.5,565464,0,4,100.0
New Jersey,NJ,NJ-05,,False,2020s,True,2024,1,49.34,49.25,0.09,D+0.1,526178,0,3,100.0
New Jersey,NJ,NJ-06,,False,2000s,False,2004+2008+2012,3,55.76,51.5,4.26,D+4.3,162891,0,3,100.0
New Jersey,NJ,NJ-06,,False,2010s,False,2016+2020,2,56.78,51.71,5.08,D+5.1,210025,0,2,100.0
New Jersey,NJ,NJ-06,,False,2020s,True,2024,1,51.46,49.25,2.21,D+2.2,207104,0,2,100.0
New Jersey,NJ,NJ-07,,False,2000s,False,2004+2008+2012,3,55.88,51.5,4.39,D+4.4,310539,0,4,100.0
New Jersey,NJ,NJ-07,,False,2010s,False,2016+2020,2,57.78,51.71,6.08,D+6.1,463373,1,5,83.3
New Jersey,NJ,NJ-07,,False,2020s,True,2024,1,52.03,49.25,2.78,D+2.8,509633,2,4,72.3
New Jersey,NJ,NJ-08,,False,2000s,False,2004+2008+2012,3,69.72,51.5,18.23,D+18.2,164131,0,2,100.0
New Jersey,NJ,NJ-08,,False,2010s,False,2016+2020,2,74.68,51.71,22.96,D+23.0,211344,0,3,100.0
New Jersey,NJ,NJ-08,,False,2020s,True,2024,1,64.74,49.25,15.49,D+15.5,206542,0,3,100.0
New Jersey,NJ,NJ-09,,False,2000s,False,2004+2008+2012,3,61.41,51.5,9.92,D+9.9,201255,0,2,100.0
New Jersey,NJ,NJ-09,,False,2010s,False,2016+2020,2,61.78,51.71,10.06,D+10.1,191329,0,3,100.0
New Jersey,NJ,NJ-09,,False,2020s,True,2024,1,53.62,49.25,4.37,D+4.4,207299,0,3,100.0
New Jersey,NJ,NJ-10,,False,2000s,False,2004+2008+2012,3,70.87,51.5,19.38,D+19.4,154689,0,3,100.0
New Jersey,NJ,NJ-10,,False,2010s,False,2016+2020,2,75.1,51.71,23.38,D+23.4,206266,0,3,100.0
New Jersey,NJ,NJ-10,,False,2020s,True,2024,1,68.52,49.25,19.27,D+19.3,201357,0,3,100.0
New Jersey,NJ,NJ-11,,False,2000s,False,2004+2008+2012,3,52.75,51.5,1.25,D+1.2,364855,1,4,35.8
New Jersey,NJ,NJ-11,,False,2010s,False,2016+2020,2,62.26,51.71,10.55,D+10.6,432183,0,4,100.0
New Jersey,NJ,NJ-11,,False,2020s,True,2024,1,59.93,49.25,10.68,D+10.7,396708,0,3,100.0
New Jersey,NJ,NJ-12,,False,2000s,False,2004+2008+2012,3,57.63,51.5,6.13,D+6.1,392301,0,5,100.0
New Jersey,NJ,NJ-12,,False,2010s,False,2016+2020,2,64.33,51.71,12.62,D+12.6,393834,0,4,100.0
New Jersey,NJ,NJ-12,,False,2020s,True,2024,1,58.12,49.25,8.87,D+8.9,393309,0,4,100.0
New Jersey,NJ,NJ-13,,False,2000s,False,2004+2008+2012,3,71.37,51.5,19.87,D+19.9,161496,0,4,100.0
New Mexico,NM,NM-01,,False,2000s,False,2004+2008+2012,3,56.37,51.5,4.88,D+4.9,192264,1,4,96.7
New Mexico,NM,NM-01,,False,2010s,False,2016+2020,2,60.51,51.71,8.8,D+8.8,253132,1,4,97.3
New Mexico,NM,NM-01,,False,2020s,True,2024,1,55.28,49.25,6.04,D+6.0,195479,4,6,89.7
New Mexico,NM,NM-02,,False,2000s,False,2004+2008+2012,3,49.21,51.5,-2.29,R+2.3,324651,15,3,37.4
New Mexico,NM,NM-02,,False,2010s,False,2016+2020,2,47.02,51.71,-4.7,R+4.7,313064,15,4,29.9
New Mexico,NM,NM-02,,False,2020s,True,2024,1,51.44,49.25,2.19,D+2.2,386620,8,7,65.3
New Mexico,NM,NM-03,,False,2000s,False,2004+2008+2012,3,58.57,51.5,7.07,D+7.1,273158,12,3,51.0
New Mexico,NM,NM-03,,False,2010s,False,2016+2020,2,59.08,51.71,7.37,D+7.4,294946,11,4,55.9
New Mexico,NM,NM-03,,False,2020s,True,2024,1,53.65,49.25,4.4,D+4.4,341304,12,6,57.6
Nevada,NV,NV-01,,False,2000s,False,2004+2008+2012,3,56.53,51.5,5.03,D+5.0,13844,0,1,100.0
Nevada,NV,NV-01,,False,2010s,False,2016+2020,2,55.23,51.71,3.52,D+3.5,11308,0,1,100.0
Nevada,NV,NV-01,,False,2020s,True,2024,1,51.34,49.25,2.09,D+2.1,130064,0,1,100.0
Nevada,NV,NV-02,,False,2000s,False,2004+2008+2012,3,50.26,51.5,-1.25,R+1.2,553607,16,1,45.4
Nevada,NV,NV-02,,False,2010s,False,2016+2020,2,44.4,51.71,-7.32,R+7.3,350229,10,1,3.9
Nevada,NV,NV-02,,False,2020s,True,2024,1,43.32,49.25,-5.93,R+5.9,409183,11,1,5.2
Nevada,NV,NV-03,,False,2000s,False,2004+2008+2012,3,56.53,51.5,5.03,D+5.0,370001,0,1,100.0
Nevada,NV,NV-03,,False,2010s,False,2016+2020,2,55.23,51.71,3.52,D+3.5,311400,0,1,100.0
Nevada,NV,NV-03,,False,2020s,True,2024,1,51.34,49.25,2.09,D+2.1,259096,0,1,100.0
Nevada,NV,NV-04,,False,2010s,False,2016+2020,2,53.1,51.71,1.39,D+1.4,592444,5,2,94.7
Nevada,NV,NV-04,,False,2020s,True,2024,1,49.79,49.25,0.54,D+0.5,686497,4,2,95.3
New York,NY,NY-01,,False,2000s,False,2004+2008+2012,3,51.79,51.5,0.29,D+0.3,448583,0,1,100.0
New York,NY,NY-01,,False,2010s,False,2016+2020,2,48.21,51.71,-3.5,R+3.5,519791,0,1,100.0
New York,NY,NY-01,,False,2020s,True,2024,1,45.01,49.25,-4.24,R+4.2,526602,0,1,100.0
New York,NY,NY-02,,False,2000s,False,2004+2008+2012,3,52.09,51.5,0.6,D+0.6,183795,0,2,100.0
New York,NY,NY-02,,False,2010s,False,2016+2020,2,50.48,51.71,-1.23,R+1.2,196703,0,2,100.0
New York,NY,NY-02,,False,2020s,True,2024,1,45.57,49.25,-3.68,R+3.7,271784,0,2,100.0
New York,NY,NY-03,,False,2000s,False,2004+2008+2012,3,53.49,51.5,1.99,D+2.0,331163,0,2,100.0
New York,NY,NY-03,,False,2010s,False,2016+2020,2,55.94,51.71,4.22,D+4.2,473305,0,3,100.0
New York,NY,NY-03,,False,2020s,True,2024,1,50.34,49.25,1.1,D+1.1,457881,0,3,100.0
New York,NY,NY-04,,False,2000s,False,2004+2008+2012,3,53.64,51.5,2.14,D+2.1,191288,0,1,100.0
New York,NY,NY-04,,False,2010s,False,2016+2020,2,54.02,51.71,2.31,D+2.3,271146,0,1,100.0
New York,NY,NY-04,,False,2020s,True,2024,1,47.9,49.25,-1.35,R+1.4,304050,0,1,100.0
New York,NY,NY-05,,False,2000s,False,2004+2008+2012,3,68.0,51.5,16.5,D+16.5,233614,0,2,100.0
New York,NY,NY-05,,False,2010s,False,2016+2020,2,73.68,51.71,21.97,D+22.0,316860,0,2,100.0
New York,NY,NY-05,,False,2020s,True,2024,1,62.3,49.25,13.05,D+13.1,328663,0,1,100.0
New York,NY,NY-06,,False,2000s,False,2004+2008+2012,3,75.93,51.5,24.44,D+24.4,220596,0,1,100.0
New York,NY,NY-06,,False,2010s,False,2016+2020,2,75.19,51.71,23.48,D+23.5,202466,0,1,100.0
New York,NY,NY-06,,False,2020s,True,2024,1,62.3,49.25,13.05,D+13.1,153473,0,1,100.0
New York,NY,NY-07,,False,2000s,False,2004+2008+2012,3,85.5,51.5,34.01,D+34.0,208575,0,2,100.0
New York,NY,NY-07,,False,2010s,False,2016+2020,2,80.89,51.71,29.18,D+29.2,200380,0,3,100.0
New York,NY,NY-07,,False,2020s,True,2024,1,68.31,49.25,19.06,D+19.1,183159,0,2,100.0
New York,NY,NY-08,,False,2000s,False,2004+2008+2012,3,82.97,51.5,31.48,D+31.5,262837,0,2,100.0
New York,NY,NY-08,,False,2010s,False,2016+2020,2,79.46,51.71,27.76,D+27.8,345144,0,2,100.0
New York,NY,NY-08,,False,2020s,True,2024,1,71.99,49.25,22.74,D+22.7,387133,0,1,100.0
New York,NY,NY-09,,False,2000s,False,2004+2008+2012,3,77.77,51.5,26.27,D+26.3,275918,0,2,100.0
New York,NY,NY-09,,False,2010s,False,2016+2020,2,79.78,51.71,28.08,D+28.1,189188,0,1,100.0
New York,NY,NY-09,,False,2020s,True,2024,1,71.99,49.25,22.74,D+22.7,164083,0,1,100.0
New York,NY,NY-10,,False,2000s,False,2004+2008+2012,3,79.44,51.5,27.94,D+27.9,180603,0,1,100.0
New York,NY,NY-10,,False,2010s,False,2016+2020,2,86.22,51.71,34.52,D+34.5,305528,0,2,100.0
New York,NY,NY-10,,False,2020s,True,2024,1,77.54,49.25,28.29,D+28.3,250008,0,2,100.0
New York,NY,NY-11,,False,2000s,False,2004+2008+2012,3,79.44,51.5,27.94,D+27.9,123800,0,1,100.0
New York,NY,NY-11,,False,2010s,False,2016+2020,2,53.99,51.71,2.28,D+2.3,288298,1,1,31.6
New York,NY,NY-11,,False,2020s,True,2024,1,44.79,49.25,-4.46,R+4.5,272344,1,1,26.4
New York,NY,NY-12,,False,2000s,False,2004+2008+2012,3,79.85,51.5,28.35,D+28.4,188394,0,3,100.0
New York,NY,NY-12,,False,2010s,False,2016+2020,2,85.92,51.71,34.2,D+34.2,272126,0,3,100.0
New York,NY,NY-12,,False,2020s,True,2024,1,82.41,49.25,33.16,D+33.2,282556,0,1,100.0
New York,NY,NY-13,,False,2000s,False,2004+2008+2012,3,56.52,51.5,5.02,D+5.0,223657,1,1,29.4
New York,NY,NY-13,,False,2010s,False,2016+2020,2,88.59,51.71,36.88,D+36.9,251341,0,2,100.0
New York,NY,NY-13,,False,2020s,True,2024,1,81.6,49.25,32.35,D+32.4,267468,0,2,100.0
New York,NY,NY-14,,False,2000s,False,2004+2008+2012,3,83.37,51.5,31.87,D+31.9,215509,0,2,100.0
New York,NY,NY-14,,False,2010s,False,2016+2020,2,82.44,51.71,30.74,D+30.7,236366,0,2,100.0
New York,NY,NY-14,,False,2020s,True,2024,1,69.41,49.25,20.16,D+20.2,258521,0,2,100.0
New York,NY,NY-15,,False,2000s,False,2004+2008+2012,3,84.76,51.5,33.27,D+33.3,259093,0,3,100.0
New York,NY,NY-15,,False,2010s,False,2016+2020,2,87.16,51.71,35.46,D+35.5,142936,0,1,100.0
New York,NY,NY-15,,False,2020s,True,2024,1,72.72,49.25,23.47,D+23.5,150015,0,1,100.0
New York,NY,NY-16,,False,2000s,False,2004+2008+2012,3,88.09,51.5,36.59,D+36.6,101594,0,1,100.0
New York,NY,NY-16,,False,2010s,False,2016+2020,2,79.46,51.71,27.74,D+27.7,167964,0,2,100.0
New York,NY,NY-16,,False,2020s,True,2024,1,64.19,49.25,14.95,D+14.9,142223,0,2,100.0
New York,NY,NY-17,,False,2000s,False,2004+2008+2012,3,71.37,51.5,19.86,D+19.9,180447,0,3,100.0
New York,NY,NY-17,,False,2010s,False,2016+2020,2,61.57,51.71,9.86,D+9.9,357027,1,1,60.2
New York,NY,NY-17,,False,2020s,True,2024,1,55.62,49.25,6.38,D+6.4,559379,2,2,63.0
New York,NY,NY-18,,False,2000s,False,2004+2008+2012,3,60.9,51.5,9.4,D+9.4,198981,0,2,100.0
New York,NY,NY-18,,False,2010s,False,2016+2020,2,55.95,51.71,4.24,D+4.2,402286,2,2,47.1
New York,NY,NY-18,,False,2020s,True,2024,1,49.77,49.25,0.52,D+0.5,340707,1,2,48.4
New York,NY,NY-19,,False,2000s,False,2004+2008+2012,3,55.31,51.5,3.81,D+3.8,444204,1,4,89.7
New York,NY,NY-19,,False,2010s,False,2016+2020,2,50.32,51.71,-1.39,R+1.4,442763,7,4,45.1
New York,NY,NY-19,,False,2020s,True,2024,1,52.08,49.25,2.83,D+2.8,439898,8,3,29.8
New York,NY,NY-20,,False,2000s,False,2004+2008+2012,3,50.77,51.5,-0.73,R+0.7,391150,5,5,44.9
New York,NY,NY-20,,False,2010s,False,2016+2020,2,59.2,51.71,7.5,D+7.5,271537,2,3,19.9
New York,NY,NY-20,,False,2020s,True,2024,1,57.55,49.25,8.31,D+8.3,307571,2,3,27.7
New York,NY,NY-21,,False,2000s,False,2004+2008+2012,3,58.81,51.5,7.31,D+7.3,258820,4,2,5.2
New York,NY,NY-21,,False,2010s,False,2016+2020,2,44.8,51.71,-6.9,R+6.9,359371,10,2,30.2
New York,NY,NY-21,,False,2020s,True,2024,1,42.13,49.25,-7.12,R+7.1,443110,11,4,39.3
New York,NY,NY-22,,False,2000s,False,2004+2008+2012,3,55.14,51.5,3.64,D+3.6,214564,2,5,46.4
New York,NY,NY-22,,False,2010s,False,2016+2020,2,43.38,51.71,-8.34,R+8.3,297546,4,4,42.8
New York,NY,NY-22,,False,2020s,True,2024,1,53.97,49.25,4.73,D+4.7,324214,2,3,18.6
New York,NY,NY-23,,False,2000s,False,2004+2008+2012,3,51.15,51.5,-0.35,R+0.3,286159,8,3,23.2
New York,NY,NY-23,,False,2010s,False,2016+2020,2,43.2,51.71,-8.52,R+8.5,313433,9,2,14.0
New York,NY,NY-23,,False,2020s,True,2024,1,48.1,49.25,-1.15,R+1.1,591357,5,4,70.8
New York,NY,NY-24,,False,2000s,False,2004+2008+2012,3,51.55,51.5,0.06,D+0.1,274551,4,7,70.0
New York,NY,NY-24,,False,2010s,False,2016+2020,2,53.46,51.71,1.76,D+1.8,315742,3,1,5.2
New York,NY,NY-24,,False,2020s,True,2024,1,39.71,49.25,-9.54,R+9.5,420986,8,6,47.4
New York,NY,NY-25,,False,2000s,False,2004+2008+2012,3,56.28,51.5,4.78,D+4.8,298318,2,2,15.4
New York,NY,NY-25,,False,2010s,False,2016+2020,2,59.39,51.71,7.68,D+7.7,283859,0,1,100.0
New York,NY,NY-25,,False,2020s,True,2024,1,59.41,49.25,10.16,D+10.2,369237,1,1,1.3
New York,NY,NY-26,,False,2000s,False,2004+2008+2012,3,52.12,51.5,0.62,D+0.6,348591,3,4,79.6
New York,NY,NY-26,,False,2010s,False,2016+2020,2,54.76,51.71,3.06,D+3.1,88758,0,2,100.0
New York,NY,NY-26,,False,2020s,True,2024,1,53.33,49.25,4.08,D+4.1,103788,0,2,100.0
New York,NY,NY-27,,False,2000s,False,2004+2008+2012,3,56.63,51.5,5.13,D+5.1,376445,1,1,85.2
New York,NY,NY-27,,False,2010s,False,2016+2020,2,50.62,51.71,-1.08,R+1.1,665158,4,4,86.0
New York,NY,NY-28,,False,2000s,False,2004+2008+2012,3,54.36,51.5,2.86,D+2.9,135099,0,4,100.0
New York,NY,NY-29,,False,2000s,False,2004+2008+2012,3,48.65,51.5,-2.84,R+2.8,315133,6,2,54.1
Ohio,OH,OH-01,,False,2000s,False,2004+2008+2012,3,49.22,51.5,-2.28,R+2.3,342004,0,2,100.0
Ohio,OH,OH-01,,False,2010s,False,2016+2020,2,49.42,51.71,-2.29,R+2.3,422228,1,1,70.8
Ohio,OH,OH-01,,False,2020s,True,2024,1,47.93,49.25,-1.32,R+1.3,343294,1,1,59.0
Ohio,OH,OH-02,,False,2000s,False,2004+2008+2012,3,41.11,51.5,-10.39,R+10.4,332637,4,3,59.0
Ohio,OH,OH-02,,False,2010s,False,2016+2020,2,38.94,51.71,-12.77,R+12.8,322753,5,3,48.1
Ohio,OH,OH-02,,False,2020s,True,2024,1,26.04,49.25,-23.21,R+23.2,380910,15,1,0.4
Ohio,OH,OH-03,,False,2000s,False,2004+2008+2012,3,46.42,51.5,-5.08,R+5.1,342162,2,2,89.3
Ohio,OH,OH-03,,False,2010s,False,2016+2020,2,64.87,51.71,13.16,D+13.2,260482,0,1,100.0
Ohio,OH,OH-03,,False,2020s,True,2024,1,64.35,49.25,15.1,D+15.1,245544,0,1,100.0
Ohio,OH,OH-04,,False,2000s,False,2004+2008+2012,3,36.75,51.5,-14.74,R+14.7,296576,10,1,1.9
Ohio,OH,OH-04,,False,2010s,False,2016+2020,2,32.26,51.71,-19.45,R+19.4,348600,9,5,30.4
Ohio,OH,OH-04,,False,2020s,True,2024,1,30.72,49.25,-18.53,R+18.5,403094,10,3,26.0
Ohio,OH,OH-05,,False,2000s,False,2004+2008+2012,3,45.06,51.5,-6.44,R+6.4,355415,12,4,20.5
Ohio,OH,OH-05,,False,2010s,False,2016+2020,2,40.1,51.71,-11.61,R+11.6,396930,11,3,38.9
Ohio,OH,OH-05,,False,2020s,True,2024,1,35.91,49.25,-13.34,R+13.3,420504,10,2,15.9
Ohio,OH,OH-06,,False,2000s,False,2004+2008+2012,3,52.08,51.5,0.58,D+0.6,338795,8,4,47.8
Ohio,OH,OH-06,,False,2010s,False,2016+2020,2,31.89,51.71,-19.81,R+19.8,386232,13,5,32.5
Ohio,OH,OH-06,,False,2020s,True,2024,1,34.62,49.25,-14.62,R+14.6,426273,9,2,32.2
Ohio,OH,OH-07,,False,2000s,False,2004+2008+2012,3,46.2,51.5,-5.3,R+5.3,355216,6,2,24.5
Ohio,OH,OH-07,,False,2010s,False,2016+2020,2,36.9,51.71,-14.81,R+14.8,433714,4,6,80.7
Ohio,OH,OH-07,,False,2020s,True,2024,1,54.99,49.25,5.74,D+5.7,469399,2,2,65.8
Ohio,OH,OH-08,,False,2000s,False,2004+2008+2012,3,36.3,51.5,-15.19,R+15.2,257498,3,3,61.8
Ohio,OH,OH-08,,False,2010s,False,2016+2020,2,32.78,51.71,-18.93,R+18.9,354799,5,1,2.2
Ohio,OH,OH-08,,False,2020s,True,2024,1,44.0,49.25,-5.25,R+5.2,455650,3,2,49.1
Ohio,OH,OH-09,,False,2000s,False,2004+2008+2012,3,60.34,51.5,8.85,D+8.8,328442,2,2,80.8
Ohio,OH,OH-09,,False,2010s,False,2016+2020,2,59.36,51.71,7.65,D+7.7,200060,0,5,100.0
Ohio,OH,OH-09,,False,2020s,True,2024,1,46.59,49.25,-2.66,R+2.7,357179,7,1,3.0
Ohio,OH,OH-10,,False,2000s,False,2004+2008+2012,3,68.89,51.5,17.4,D+17.4,282060,0,1,100.0
Ohio,OH,OH-10,,False,2010s,False,2016+2020,2,47.06,51.71,-4.65,R+4.7,357778,2,1,2.2
Ohio,OH,OH-10,,False,2020s,True,2024,1,46.94,49.25,-2.31,R+2.3,365206,2,1,5.0
Ohio,OH,OH-11,,False,2000s,False,2004+2008+2012,3,68.89,51.5,17.4,D+17.4,194661,0,1,100.0
Ohio,OH,OH-11,,False,2010s,False,2016+2020,2,65.5,51.71,13.8,D+13.8,276676,0,2,100.0
Ohio,OH,OH-11,,False,2020s,True,2024,1,65.85,49.25,16.61,D+16.6,272685,0,1,100.0
Ohio,OH,OH-12,,False,2000s,False,2004+2008+2012,3,50.42,51.5,-1.08,R+1.1,326826,1,2,73.7
Ohio,OH,OH-12,,False,2010s,False,2016+2020,2,45.62,51.71,-6.1,R+6.1,387301,3,4,43.5
Ohio,OH,OH-12,,False,2020s,True,2024,1,34.29,49.25,-14.96,R+15.0,413196,9,3,18.8
Ohio,OH,OH-13,,False,2000s,False,2004+2008+2012,3,60.7,51.5,9.19,D+9.2,308034,0,4,100.0
Ohio,OH,OH-13,,False,2010s,False,2016+2020,2,49.13,51.71,-2.58,R+2.6,226235,0,5,100.0
Ohio,OH,OH-13,,False,2020s,True,2024,1,50.71,49.25,1.46,D+1.5,339908,1,1,19.3
Ohio,OH,OH-14,,False,2000s,False,2004+2008+2012,3,55.48,51.5,3.99,D+4.0,429197,3,4,49.8
Ohio,OH,OH-14,,False,2010s,False,2016+2020,2,51.17,51.71,-0.53,R+0.5,504292,3,4,57.0
Ohio,OH,OH-14,,False,2020s,True,2024,1,40.93,49.25,-8.32,R+8.3,408638,5,0,0.0
Ohio,OH,OH-15,,False,2000s,False,2004+2008+2012,3,55.89,51.5,4.39,D+4.4,325454,2,1,87.2
Ohio,OH,OH-15,,False,2010s,False,2016+2020,2,49.42,51.71,-2.28,R+2.3,466196,8,4,61.0
Ohio,OH,OH-15,,False,2020s,True,2024,1,54.57,49.25,5.32,D+5.3,492859,1,5,95.8
Ohio,OH,OH-16,,False,2000s,False,2004+2008+2012,3,47.2,51.5,-4.3,R+4.3,324584,2,2,27.5
Ohio,OH,OH-16,,False,2010s,False,2016+2020,2,53.47,51.71,1.76,D+1.8,390046,1,5,86.7
Ohio,OH,OH-17,,False,2000s,False,2004+2008+2012,3,58.77,51.5,7.27,D+7.3,218059,0,4,100.0
Ohio,OH,OH-18,,False,2000s,False,2004+2008+2012,3,44.21,51.5,-7.29,R+7.3,289236,12,4,25.9
Oklahoma,OK,OK-01,,False,2000s,False,2004+2008+2012,3,35.0,51.5,-16.49,R+16.5,305464,3,2,2.9
Oklahoma,OK,OK-01,,False,2010s,False,2016+2020,2,36.86,51.71,-14.84,R+14.8,316764,3,2,1.2
Oklahoma,OK,OK-01,,False,2020s,True,2024,1,40.34,49.25,-8.91,R+8.9,286343,1,3,10.3
Oklahoma,OK,OK-02,,False,2000s,False,2004+2008+2012,3,35.69,51.5,-15.81,R+15.8,265859,24,1,12.1
Oklahoma,OK,OK-02,,False,2010s,False,2016+2020,2,23.21,51.71,-28.5,R+28.5,287267,25,1,14.2
Oklahoma,OK,OK-02,,False,2020s,True,2024,1,21.92,49.25,-27.33,R+27.3,340899,26,2,17.7
Oklahoma,OK,OK-03,,False,2000s,False,2004+2008+2012,3,26.97,51.5,-24.53,R+24.5,292544,30,2,24.3
Oklahoma,OK,OK-03,,False,2010s,False,2016+2020,2,22.78,51.71,-28.94,R+28.9,311070,30,2,27.6
Oklahoma,OK,OK-03,,False,2020s,True,2024,1,26.78,49.25,-22.47,R+22.5,323428,28,4,40.9
Oklahoma,OK,OK-04,,False,2000s,False,2004+2008+2012,3,33.7,51.5,-17.8,R+17.8,277235,14,2,10.0
Oklahoma,OK,OK-04,,False,2010s,False,2016+2020,2,32.12,51.71,-19.58,R+19.6,294314,13,2,8.3
Oklahoma,OK,OK-04,,False,2020s,True,2024,1,32.52,49.25,-16.73,R+16.7,300581,13,1,6.2
Oklahoma,OK,OK-05,,False,2000s,False,2004+2008+2012,3,38.87,51.5,-12.63,R+12.6,279329,2,1,88.4
Oklahoma,OK,OK-05,,False,2010s,False,2016+2020,2,44.41,51.71,-7.3,R+7.3,297430,2,1,88.3
Oklahoma,OK,OK-05,,False,2020s,True,2024,1,42.91,49.25,-6.34,R+6.3,314922,3,3,83.4
Oregon,OR,OR-01,,False,2000s,False,2004+2008+2012,3,56.79,51.5,5.29,D+5.3,335150,4,1,4.3
Oregon,OR,OR-01,,False,2010s,False,2016+2020,2,64.84,51.71,13.14,D+13.1,480544,4,1,17.0
Oregon,OR,OR-01,,False,2020s,True,2024,1,67.54,49.25,18.29,D+18.3,436836,3,2,83.8
Oregon,OR,OR-02,,False,2000s,False,2004+2008+2012,3,41.73,51.5,-9.77,R+9.8,332325,19,1,1.2
Oregon,OR,OR-02,,False,2010s,False,2016+2020,2,41.58,51.71,-10.12,R+10.1,406568,19,1,0.8
Oregon,OR,OR-02,,False,2020s,True,2024,1,39.14,49.25,-10.1,R+10.1,451341,18,2,25.0
Oregon,OR,OR-03,,False,2000s,False,2004+2008+2012,3,72.79,51.5,21.3,D+21.3,405088,0,2,100.0
Oregon,OR,OR-03,,False,2010s,False,2016+2020,2,75.88,51.71,24.17,D+24.2,442120,0,2,100.0
Oregon,OR,OR-03,,False,2020s,True,2024,1,76.72,49.25,27.47,D+27.5,398492,1,2,96.8
Oregon,OR,OR-04,,False,2000s,False,2004+2008+2012,3,52.19,51.5,0.69,D+0.7,404953,5,2,19.3
Oregon,OR,OR-04,,False,2010s,False,2016+2020,2,49.98,51.71,-1.73,R+1.7,472536,5,2,20.1
Oregon,OR,OR-04,,False,2020s,True,2024,1,57.65,49.25,8.4,D+8.4,368018,5,1,7.3
Oregon,OR,OR-05,,False,2000s,False,2004+2008+2012,3,51.51,51.5,0.01,EVEN,340455,4,3,42.5
Oregon,OR,OR-05,,False,2010s,False,2016+2020,2,51.72,51.71,0.01,EVEN,386058,4,2,38.2
Oregon,OR,OR-05,,False,2020s,True,2024,1,51.13,49.25,1.88,D+1.9,414372,1,4,82.8
Oregon,OR,OR-06,,False,2020s,True,2024,1,50.52,49.25,1.27,D+1.3,175434,2,2,39.9
Pennsylvania,PA,PA-01,,False,2000s,False,2004+2008+2012,3,80.86,51.5,29.36,D+29.4,241983,0,2,100.0
Pennsylvania,PA,PA-01,,False,2010s,False,2016+2020,2,79.44,51.71,27.74,D+27.7,304262,0,2,100.0
Pennsylvania,PA,PA-01,,False,2020s,True,2024,1,52.32,49.25,3.07,D+3.1,503955,1,1,20.4
Pennsylvania,PA,PA-02,,False,2000s,False,2004+2008+2012,3,82.66,51.5,31.17,D+31.2,266021,0,2,100.0
Pennsylvania,PA,PA-02,,False,2010s,False,2016+2020,2,81.48,51.71,29.78,D+29.8,295490,0,2,100.0
Pennsylvania,PA,PA-02,,False,2020s,True,2024,1,79.76,49.25,30.51,D+30.5,342465,0,1,100.0
Pennsylvania,PA,PA-03,,False,2000s,False,2004+2008+2012,3,47.19,51.5,-4.31,R+4.3,311888,1,6,60.8
Pennsylvania,PA,PA-03,,False,2010s,False,2016+2020,2,34.16,51.71,-17.56,R+17.6,313808,4,3,25.2
Pennsylvania,PA,PA-03,,False,2020s,True,2024,1,79.76,49.25,30.51,D+30.5,275287,0,1,100.0
Pennsylvania,PA,PA-04,,False,2000s,False,2004+2008+2012,3,53.43,51.5,1.93,D+1.9,401285,1,5,90.0
Pennsylvania,PA,PA-04,,False,2010s,False,2016+2020,2,36.06,51.71,-15.64,R+15.6,301052,2,2,8.4
Pennsylvania,PA,PA-04,,False,2020s,True,2024,1,58.19,49.25,8.95,D+8.9,477576,0,2,100.0
Pennsylvania,PA,PA-05,,False,2000s,False,2004+2008+2012,3,40.81,51.5,-10.69,R+10.7,274376,9,8,41.7
Pennsylvania,PA,PA-05,,False,2010s,False,2016+2020,2,37.51,51.71,-14.2,R+14.2,366160,11,4,33.4
Pennsylvania,PA,PA-05,,False,2020s,True,2024,1,65.94,49.25,16.7,D+16.7,462164,1,2,29.0
Pennsylvania,PA,PA-06,,False,2000s,False,2004+2008+2012,3,53.04,51.5,1.54,D+1.5,285350,0,4,100.0
Pennsylvania,PA,PA-06,,False,2010s,False,2016+2020,2,54.98,51.71,3.27,D+3.3,342760,0,4,100.0
Pennsylvania,PA,PA-06,,False,2020s,True,2024,1,55.74,49.25,6.49,D+6.5,367814,1,1,11.6
Pennsylvania,PA,PA-07,,False,2000s,False,2004+2008+2012,3,58.85,51.5,7.35,D+7.3,335219,0,3,100.0
Pennsylvania,PA,PA-07,,False,2010s,False,2016+2020,2,58.58,51.71,6.86,D+6.9,552113,0,5,100.0
Pennsylvania,PA,PA-07,,False,2020s,True,2024,1,48.72,49.25,-0.52,R+0.5,413512,3,1,2.4
Pennsylvania,PA,PA-08,,False,2000s,False,2004+2008+2012,3,55.28,51.5,3.78,D+3.8,360941,1,1,10.1
Pennsylvania,PA,PA-08,,False,2010s,False,2016+2020,2,53.64,51.71,1.94,D+1.9,472878,1,1,21.6
Pennsylvania,PA,PA-08,,False,2020s,True,2024,1,45.09,49.25,-4.16,R+4.2,344574,3,2,47.5
Pennsylvania,PA,PA-09,,False,2000s,False,2004+2008+2012,3,36.27,51.5,-15.24,R+15.2,363672,5,9,56.0
Pennsylvania,PA,PA-09,,False,2010s,False,2016+2020,2,27.88,51.71,-23.83,R+23.8,335487,6,5,20.7
Pennsylvania,PA,PA-09,,False,2020s,True,2024,1,34.28,49.25,-14.96,R+15.0,466865,9,3,34.6
Pennsylvania,PA,PA-10,,False,2000s,False,2004+2008+2012,3,46.59,51.5,-4.91,R+4.9,323809,10,4,45.0
Pennsylvania,PA,PA-10,,False,2010s,False,2016+2020,2,34.84,51.71,-16.87,R+16.9,374372,10,5,38.7
Pennsylvania,PA,PA-10,,False,2020s,True,2024,1,46.37,49.25,-2.88,R+2.9,348994,1,2,57.2
Pennsylvania,PA,PA-11,,False,2000s,False,2004+2008+2012,3,52.49,51.5,0.99,D+1.0,231037,3,2,52.3
Pennsylvania,PA,PA-11,,False,2010s,False,2016+2020,2,42.03,51.71,-9.68,R+9.7,451052,3,6,88.3
Pennsylvania,PA,PA-11,,False,2020s,True,2024,1,40.31,49.25,-8.94,R+8.9,443173,1,1,34.7
Pennsylvania,PA,PA-12,,False,2000s,False,2004+2008+2012,3,43.94,51.5,-7.56,R+7.6,216960,1,7,93.0
Pennsylvania,PA,PA-12,,False,2010s,False,2016+2020,2,47.78,51.71,-3.92,R+3.9,491041,1,5,81.9
Pennsylvania,PA,PA-12,,False,2020s,True,2024,1,57.68,49.25,8.43,D+8.4,301817,0,2,100.0
Pennsylvania,PA,PA-13,,False,2000s,False,2004+2008+2012,3,70.49,51.5,18.99,D+19.0,371043,0,2,100.0
Pennsylvania,PA,PA-13,,False,2010s,False,2016+2020,2,75.76,51.71,24.06,D+24.1,320529,0,2,100.0
Pennsylvania,PA,PA-13,,False,2020s,True,2024,1,28.75,49.25,-20.5,R+20.5,444234,10,1,10.0
Pennsylvania,PA,PA-14,,False,2000s,False,2004+2008+2012,3,57.58,51.5,6.08,D+6.1,147300,0,1,100.0
Pennsylvania,PA,PA-14,,False,2010s,False,2016+2020,2,59.49,51.71,7.78,D+7.8,199006,0,1,100.0
Pennsylvania,PA,PA-14,,False,2020s,True,2024,1,33.42,49.25,-15.83,R+15.8,454790,4,2,46.5
Pennsylvania,PA,PA-15,,False,2000s,False,2004+2008+2012,3,54.48,51.5,2.98,D+3.0,357551,1,3,63.5
Pennsylvania,PA,PA-15,,False,2010s,False,2016+2020,2,48.68,51.71,-3.04,R+3.0,425256,1,4,59.1
Pennsylvania,PA,PA-15,,False,2020s,True,2024,1,31.23,49.25,-18.02,R+18.0,426098,15,3,16.9
Pennsylvania,PA,PA-16,,False,2000s,False,2004+2008+2012,3,43.04,51.5,-8.46,R+8.5,331170,1,2,32.8
Pennsylvania,PA,PA-16,,False,2010s,False,2016+2020,2,44.6,51.71,-7.11,R+7.1,297568,0,3,100.0
Pennsylvania,PA,PA-16,,False,2020s,True,2024,1,38.55,49.25,-10.7,R+10.7,415821,5,1,2.0
Pennsylvania,PA,PA-17,,False,2000s,False,2004+2008+2012,3,46.88,51.5,-4.61,R+4.6,344712,3,2,29.4
Pennsylvania,PA,PA-17,,False,2010s,False,2016+2020,2,43.42,51.71,-8.28,R+8.3,245130,1,5,73.1
Pennsylvania,PA,PA-17,,False,2020s,True,2024,1,56.65,49.25,7.4,D+7.4,545068,1,1,82.6
Pennsylvania,PA,PA-18,,False,2000s,False,2004+2008+2012,3,52.02,51.5,0.52,D+0.5,403232,0,4,100.0
Pennsylvania,PA,PA-18,,False,2010s,False,2016+2020,2,47.86,51.71,-3.86,R+3.9,465732,0,4,100.0
Pennsylvania,PA,PA-19,,False,2000s,False,2004+2008+2012,3,38.99,51.5,-12.5,R+12.5,278070,2,1,16.8
Rhode Island,RI,RI-01,,False,2000s,False,2004+2008+2012,3,64.27,51.5,12.78,D+12.8,179514,2,1,63.8
Rhode Island,RI,RI-01,,False,2010s,False,2016+2020,2,62.11,51.71,10.4,D+10.4,160438,2,1,56.3
Rhode Island,RI,RI-01,,False,2020s,True,2024,1,59.81,49.25,10.56,D+10.6,166532,2,1,56.2
Rhode Island,RI,RI-02,,False,2000s,False,2004+2008+2012,3,62.04,51.5,10.54,D+10.5,272025,2,1,47.2
Rhode Island,RI,RI-02,,False,2010s,False,2016+2020,2,58.06,51.71,6.34,D+6.3,329461,2,1,52.3
Rhode Island,RI,RI-02,,False,2020s,True,2024,1,55.61,49.25,6.36,D+6.4,345284,2,1,51.0
South Carolina,SC,SC-01,,False,2000s,False,2004+2008+2012,3,43.86,51.5,-7.63,R+7.6,251846,1,4,62.4
South Carolina,SC,SC-01,,False,2010s,False,2016+2020,2,50.1,51.71,-1.61,R+1.6,246802,0,5,100.0
South Carolina,SC,SC-01,,False,2020s,True,2024,1,46.22,49.25,-3.03,R+3.0,379999,2,4,42.8
South Carolina,SC,SC-02,,False,2000s,False,2004+2008+2012,3,44.91,51.5,-6.58,R+6.6,321422,6,4,37.7
South Carolina,SC,SC-02,,False,2010s,False,2016+2020,2,44.6,51.71,-7.1,R+7.1,314444,3,2,29.3
South Carolina,SC,SC-02,,False,2020s,True,2024,1,44.05,49.25,-5.2,R+5.2,342101,3,2,29.0
South Carolina,SC,SC-03,,False,2000s,False,2004+2008+2012,3,34.6,51.5,-16.89,R+16.9,266662,8,2,22.8
South Carolina,SC,SC-03,,False,2010s,False,2016+2020,2,31.62,51.71,-20.08,R+20.1,345657,9,2,20.3
South Carolina,SC,SC-03,,False,2020s,True,2024,1,29.45,49.25,-19.79,R+19.8,386677,10,1,16.9
South Carolina,SC,SC-04,,False,2000s,False,2004+2008+2012,3,36.69,51.5,-14.81,R+14.8,303186,3,1,0.4
South Carolina,SC,SC-04,,False,2010s,False,2016+2020,2,37.33,51.71,-14.39,R+14.4,294204,0,2,100.0
South Carolina,SC,SC-04,,False,2020s,True,2024,1,36.5,49.25,-12.75,R+12.8,321058,0,2,100.0
South Carolina,SC,SC-05,,False,2000s,False,2004+2008+2012,3,44.81,51.5,-6.69,R+6.7,288492,11,3,7.8
South Carolina,SC,SC-05,,False,2010s,False,2016+2020,2,41.76,51.71,-9.95,R+9.9,334394,8,3,18.8
South Carolina,SC,SC-05,,False,2020s,True,2024,1,39.47,49.25,-9.77,R+9.8,373519,8,2,17.0
South Carolina,SC,SC-06,,False,2000s,False,2004+2008+2012,3,53.74,51.5,2.24,D+2.2,402440,5,10,83.4
South Carolina,SC,SC-06,,False,2010s,False,2016+2020,2,54.96,51.71,3.26,D+3.3,441812,7,9,84.4
South Carolina,SC,SC-06,,False,2020s,True,2024,1,54.61,49.25,5.36,D+5.4,361501,6,8,84.6
South Carolina,SC,SC-07,,False,2010s,False,2016+2020,2,40.56,51.71,-11.15,R+11.2,328623,7,1,16.5
South Carolina,SC,SC-07,,False,2020s,True,2024,1,36.81,49.25,-12.44,R+12.4,383285,7,1,14.5
South Dakota,SD,SD-AL,,True,2000s,False,2004+2008+2012,3,41.86,51.5,-9.64,R+9.6,378002,0,0,0.0
South Dakota,SD,SD-AL,,True,2010s,False,2016+2020,2,35.3,51.71,-16.41,R+16.4,396351,0,0,0.0
South Dakota,SD,SD-AL,,True,2020s,True,2024,1,35.05,49.25,-14.19,R+14.2,428922,0,0,0.0
Tennessee,TN,TN-01,,False,2000s,False,2004+2008+2012,3,28.97,51.5,-22.53,R+22.5,259292,10,2,13.7
Tennessee,TN,TN-01,,False,2010s,False,2016+2020,2,21.52,51.71,-30.2,R+30.2,292512,11,1,1.5
Tennessee,TN,TN-01,,False,2020s,True,2024,1,20.78,49.25,-28.47,R+28.5,348688,11,1,7.2
Tennessee,TN,TN-02,,False,2000s,False,2004+2008+2012,3,33.88,51.5,-17.62,R+17.6,288373,5,1,1.3
Tennessee,TN,TN-02,,False,2010s,False,2016+2020,2,33.14,51.71,-18.58,R+18.6,326926,5,2,6.0
Tennessee,TN,TN-02,,False,2020s,True,2024,1,32.73,49.25,-16.52,R+16.5,369155,6,2,3.1
Tennessee,TN,TN-03,,False,2000s,False,2004+2008+2012,3,36.92,51.5,-14.57,R+14.6,275700,9,2,7.4
Tennessee,TN,TN-03,,False,2010s,False,2016+2020,2,32.42,51.71,-19.28,R+19.3,315514,9,2,10.3
Tennessee,TN,TN-03,,False,2020s,True,2024,1,31.86,49.25,-17.39,R+17.4,360035,8,2,2.4
Tennessee,TN,TN-04,,False,2000s,False,2004+2008+2012,3,35.34,51.5,-16.16,R+16.2,273007,21,3,16.4
Tennessee,TN,TN-04,,False,2010s,False,2016+2020,2,30.0,51.71,-21.71,R+21.7,300526,13,3,16.1
Tennessee,TN,TN-04,,False,2020s,True,2024,1,27.94,49.25,-21.31,R+21.3,337108,15,0,0.0
Tennessee,TN,TN-05,,False,2000s,False,2004+2008+2012,3,55.47,51.5,3.97,D+4.0,269565,0,3,100.0
Tennessee,TN,TN-05,,False,2010s,False,2016+2020,2,60.6,51.71,8.88,D+8.9,316145,2,1,4.9
Tennessee,TN,TN-05,,False,2020s,True,2024,1,41.99,49.25,-7.25,R+7.2,300741,3,3,75.4
Tennessee,TN,TN-06,,False,2000s,False,2004+2008+2012,3,36.37,51.5,-15.12,R+15.1,311392,14,1,9.2
Tennessee,TN,TN-06,,False,2010s,False,2016+2020,2,25.38,51.71,-26.33,R+26.3,335752,17,2,0.9
Tennessee,TN,TN-06,,False,2020s,True,2024,1,30.7,49.25,-18.55,R+18.6,368946,15,3,30.4
Tennessee,TN,TN-07,,False,2000s,False,2004+2008+2012,3,46.69,51.5,-4.81,R+4.8,345813,9,6,77.5
Tennessee,TN,TN-07,,False,2010s,False,2016+2020,2,30.68,51.71,-21.02,R+21.0,336894,17,2,6.9
Tennessee,TN,TN-07,,False,2020s,True,2024,1,39.95,49.25,-9.3,R+9.3,396653,11,3,47.6
Tennessee,TN,TN-08,,False,2000s,False,2004+2008+2012,3,45.75,51.5,-5.76,R+5.8,310040,17,2,30.6
Tennessee,TN,TN-08,,False,2010s,False,2016+2020,2,43.88,51.71,-7.84,R+7.8,325730,13,2,39.7
Tennessee,TN,TN-08,,False,2020s,True,2024,1,36.55,49.25,-12.7,R+12.7,340024,17,3,32.9
Tennessee,TN,TN-09,,False,2000s,False,2004+2008+2012,3,61.59,51.5,10.09,D+10.1,166097,0,1,100.0
Tennessee,TN,TN-09,,False,2010s,False,2016+2020,2,64.85,51.71,13.14,D+13.1,230940,0,1,100.0
Tennessee,TN,TN-09,,False,2020s,True,2024,1,60.45,49.25,11.2,D+11.2,242592,0,2,100.0
Texas,TX,TX-01,,False,2000s,False,2004+2008+2012,3,29.7,51.5,-21.79,R+21.8,263951,12,1,0.7
Texas,TX,TX-01,,False,2010s,False,2016+2020,2,26.63,51.71,-25.08,R+25.1,286621,10,2,5.1
Texas,TX,TX-01,,False,2020s,True,2024,1,24.05,49.25,-25.2,R+25.2,314685,14,3,11.5
Texas,TX,TX-02,,False,2000s,False,2004+2008+2012,3,48.53,51.5,-2.97,R+3.0,361940,1,2,76.1
Texas,TX,TX-02,,False,2010s,False,2016+2020,2,56.59,51.71,4.88,D+4.9,274664,0,1,100.0
Texas,TX,TX-02,,False,2020s,True,2024,1,45.66,49.25,-3.59,R+3.6,369829,0,2,100.0
Texas,TX,TX-03,,False,2000s,False,2004+2008+2012,3,44.32,51.5,-7.18,R+7.2,121994,0,2,100.0
Texas,TX,TX-03,,False,2010s,False,2016+2020,2,44.47,51.71,-7.24,R+7.2,250569,0,1,100.0
Texas,TX,TX-03,,False,2020s,True,2024,1,42.22,49.25,-7.02,R+7.0,456446,0,2,100.0
Texas,TX,TX-04,,False,2000s,False,2004+2008+2012,3,31.07,51.5,-20.43,R+20.4,447379,14,2,53.6
Texas,TX,TX-04,,False,2010s,False,2016+2020,2,30.94,51.71,-20.77,R+20.8,453880,16,2,40.2
Texas,TX,TX-04,,False,2020s,True,2024,1,29.25,49.25,-20.0,R+20.0,302423,7,4,36.6
Texas,TX,TX-05,,False,2000s,False,2004+2008+2012,3,40.04,51.5,-11.45,R+11.4,256575,6,1,48.9
Texas,TX,TX-05,,False,2010s,False,2016+2020,2,41.72,51.71,-9.99,R+10.0,285742,5,2,50.6
Texas,TX,TX-05,,False,2020s,True,2024,1,42.08,49.25,-7.17,R+7.2,334580,4,2,52.1
Texas,TX,TX-06,,False,2000s,False,2004+2008+2012,3,36.07,51.5,-15.43,R+15.4,255830,5,3,65.0
Texas,TX,TX-06,,False,2010s,False,2016+2020,2,41.25,51.71,-10.46,R+10.5,267574,2,1,65.9
Texas,TX,TX-06,,False,2020s,True,2024,1,35.5,49.25,-13.75,R+13.8,296967,5,4,40.7
Texas,TX,TX-07,,False,2000s,False,2004+2008+2012,3,48.58,51.5,-2.92,R+2.9,128236,0,1,100.0
Texas,TX,TX-07,,False,2010s,False,2016+2020,2,56.59,51.71,4.88,D+4.9,137332,0,1,100.0
Texas,TX,TX-07,,False,2020s,True,2024,1,52.25,49.25,3.01,D+3.0,89631,0,2,100.0
Texas,TX,TX-08,,False,2000s,False,2004+2008+2012,3,25.01,51.5,-26.48,R+26.5,291839,9,2,4.0
Texas,TX,TX-08,,False,2010s,False,2016+2020,2,29.37,51.71,-22.34,R+22.3,350588,7,2,13.8
Texas,TX,TX-08,,False,2020s,True,2024,1,37.97,49.25,-11.28,R+11.3,456831,2,3,91.9
Texas,TX,TX-09,,False,2000s,False,2004+2008+2012,3,48.4,51.5,-3.1,R+3.1,88304,0,2,100.0
Texas,TX,TX-09,,False,2010s,False,2016+2020,2,56.3,51.71,4.58,D+4.6,118103,0,2,100.0
Texas,TX,TX-09,,False,2020s,True,2024,1,52.09,49.25,2.85,D+2.9,139470,0,3,100.0
Texas,TX,TX-10,,False,2000s,False,2004+2008+2012,3,49.67,51.5,-1.83,R+1.8,432401,4,4,89.3
Texas,TX,TX-10,,False,2010s,False,2016+2020,2,54.82,51.71,3.1,D+3.1,469770,5,4,85.2
Texas,TX,TX-10,,False,2020s,True,2024,1,50.27,49.25,1.02,D+1.0,469813,10,2,54.5
Texas,TX,TX-11,,False,2000s,False,2004+2008+2012,3,22.0,51.5,-29.49,R+29.5,237653,34,2,0.7
Texas,TX,TX-11,,False,2010s,False,2016+2020,2,19.84,51.71,-31.88,R+31.9,274910,27,2,4.3
Texas,TX,TX-11,,False,2020s,True,2024,1,21.98,49.25,-27.27,R+27.3,238414,19,1,9.0
Texas,TX,TX-12,,False,2000s,False,2004+2008+2012,3,36.86,51.5,-14.65,R+14.7,321552,2,1,79.6
Texas,TX,TX-12,,False,2010s,False,2016+2020,2,42.13,51.71,-9.58,R+9.6,402597,1,2,84.0
Texas,TX,TX-12,,False,2020s,True,2024,1,42.98,49.25,-6.27,R+6.3,420372,0,2,100.0
Texas,TX,TX-13,,False,2000s,False,2004+2008+2012,3,21.55,51.5,-29.95,R+29.9,234643,42,2,4.6
Texas,TX,TX-13,,False,2010s,False,2016+2020,2,18.6,51.71,-33.1,R+33.1,264618,39,2,9.7
Texas,TX,TX-13,,False,2020s,True,2024,1,26.35,49.25,-22.9,R+22.9,359030,36,2,35.8
Texas,TX,TX-14,,False,2000s,False,2004+2008+2012,3,36.01,51.5,-15.49,R+15.5,309988,7,3,71.9
Texas,TX,TX-14,,False,2010s,False,2016+2020,2,41.33,51.71,-10.38,R+10.4,351234,2,1,35.2
Texas,TX,TX-14,,False,2020s,True,2024,1,37.15,49.25,-12.1,R+12.1,392570,2,2,50.2
Texas,TX,TX-15,,False,2000s,False,2004+2008+2012,3,57.32,51.5,5.82,D+5.8,179408,9,3,74.8
Texas,TX,TX-15,,False,2010s,False,2016+2020,2,54.05,51.71,2.34,D+2.3,244764,6,2,64.9
Texas,TX,TX-15,,False,2020s,True,2024,1,41.86,49.25,-7.39,R+7.4,295761,5,2,82.0
Texas,TX,TX-16,,False,2000s,False,2004+2008+2012,3,63.1,51.5,11.6,D+11.6,101006,0,1,100.0
Texas,TX,TX-16,,False,2010s,False,2016+2020,2,70.28,51.71,18.58,D+18.6,169581,0,1,100.0
Texas,TX,TX-16,,False,2020s,True,2024,1,57.66,49.25,8.41,D+8.4,78490,0,1,100.0
Texas,TX,TX-17,,False,2000s,False,2004+2008+2012,3,30.25,51.5,-21.25,R+21.2,254080,9,3,5.2
Texas,TX,TX-17,,False,2010s,False,2016+2020,2,41.04,51.71,-10.66,R+10.7,265184,8,3,20.3
Texas,TX,TX-17,,False,2020s,True,2024,1,36.36,49.25,-12.89,R+12.9,333852,10,4,34.1
Texas,TX,TX-18,,False,2000s,False,2004+2008+2012,3,48.58,51.5,-2.92,R+2.9,147701,0,1,100.0
Texas,TX,TX-18,,False,2010s,False,2016+2020,2,56.59,51.71,4.88,D+4.9,197876,0,1,100.0
Texas,TX,TX-18,,False,2020s,True,2024,1,52.81,49.25,3.56,D+3.6,206300,0,1,100.0
Texas,TX,TX-19,,False,2000s,False,2004+2008+2012,3,24.99,51.5,-26.5,R+26.5,235910,25,2,3.4
Texas,TX,TX-19,,False,2010s,False,2016+2020,2,25.54,51.71,-26.18,R+26.2,250764,27,2,1.2
Texas,TX,TX-19,,False,2020s,True,2024,1,23.93,49.25,-25.32,R+25.3,282089,32,1,0.2
Texas,TX,TX-20,,False,2000s,False,2004+2008+2012,3,49.94,51.5,-1.56,R+1.6,74358,0,1,100.0
Texas,TX,TX-20,,False,2010s,False,2016+2020,2,58.16,51.71,6.44,D+6.4,108638,0,1,100.0
Texas,TX,TX-20,,False,2020s,True,2024,1,54.93,49.25,5.68,D+5.7,108549,0,1,100.0
Texas,TX,TX-21,,False,2000s,False,2004+2008+2012,3,46.58,51.5,-4.91,R+4.9,340186,6,2,71.0
Texas,TX,TX-21,,False,2010s,False,2016+2020,2,41.26,51.71,-10.45,R+10.4,290074,6,4,72.1
Texas,TX,TX-21,,False,2020s,True,2024,1,40.63,49.25,-8.62,R+8.6,411487,6,4,76.2
Texas,TX,TX-22,,False,2000s,False,2004+2008+2012,3,45.79,51.5,-5.71,R+5.7,280551,0,4,100.0
Texas,TX,TX-22,,False,2010s,False,2016+2020,2,53.86,51.71,2.15,D+2.1,344970,0,3,100.0
Texas,TX,TX-22,,False,2020s,True,2024,1,47.85,49.25,-1.4,R+1.4,365098,2,2,91.8
Texas,TX,TX-23,,False,2000s,False,2004+2008+2012,3,52.04,51.5,0.54,D+0.5,437601,17,3,83.3
Texas,TX,TX-23,,False,2010s,False,2016+2020,2,56.8,51.71,5.09,D+5.1,482822,26,3,78.9
Texas,TX,TX-23,,False,2020s,True,2024,1,51.67,49.25,2.42,D+2.4,589839,27,2,80.9
Texas,TX,TX-24,,False,2000s,False,2004+2008+2012,3,49.25,51.5,-2.25,R+2.2,239096,0,3,100.0
Texas,TX,TX-24,,False,2010s,False,2016+2020,2,56.09,51.71,4.38,D+4.4,223970,0,3,100.0
Texas,TX,TX-24,,False,2020s,True,2024,1,52.18,49.25,2.94,D+2.9,254355,0,2,100.0
Texas,TX,TX-25,,False,2000s,False,2004+2008+2012,3,51.06,51.5,-0.44,R+0.4,245937,6,2,59.7
Texas,TX,TX-25,,False,2010s,False,2016+2020,2,51.23,51.71,-0.48,R+0.5,425125,8,3,65.9
Texas,TX,TX-25,,False,2020s,True,2024,1,29.34,49.25,-19.9,R+19.9,327237,9,4,68.0
Texas,TX,TX-26,,False,2000s,False,2004+2008+2012,3,35.91,51.5,-15.58,R+15.6,327562,0,3,100.0
Texas,TX,TX-26,,False,2010s,False,2016+2020,2,43.32,51.71,-8.4,R+8.4,396619,0,2,100.0
Texas,TX,TX-26,,False,2020s,True,2024,1,40.43,49.25,-8.82,R+8.8,379317,1,2,94.6
Texas,TX,TX-27,,False,2000s,False,2004+2008+2012,3,51.6,51.5,0.1,D+0.1,184424,4,2,39.3
Texas,TX,TX-27,,False,2010s,False,2016+2020,2,38.65,51.71,-13.06,R+13.1,261311,9,4,18.2
Texas,TX,TX-27,,False,2020s,True,2024,1,35.12,49.25,-14.12,R+14.1,286686,13,1,6.7
Texas,TX,TX-28,,False,2000s,False,2004+2008+2012,3,51.85,51.5,0.35,D+0.3,210844,10,2,33.9
Texas,TX,TX-28,,False,2010s,False,2016+2020,2,58.42,51.71,6.72,D+6.7,290220,5,4,66.7
Texas,TX,TX-28,,False,2020s,True,2024,1,50.15,49.25,0.9,D+0.9,338378,7,2,66.9
Texas,TX,TX-29,,False,2000s,False,2004+2008+2012,3,48.58,51.5,-2.92,R+2.9,156860,0,1,100.0
Texas,TX,TX-29,,False,2010s,False,2016+2020,2,56.59,51.71,4.88,D+4.9,159482,0,1,100.0
Texas,TX,TX-29,,False,2020s,True,2024,1,52.81,49.25,3.56,D+3.6,185827,0,1,100.0
Texas,TX,TX-30,,False,2000s,False,2004+2008+2012,3,54.94,51.5,3.44,D+3.4,252074,0,1,100.0
Texas,TX,TX-30,,False,2010s,False,2016+2020,2,64.89,51.71,13.18,D+13.2,342704,0,1,100.0
Texas,TX,TX-30,,False,2020s,True,2024,1,60.74,49.25,11.49,D+11.5,346139,0,2,100.0
Texas,TX,TX-31,,False,2000s,False,2004+2008+2012,3,37.79,51.5,-13.71,R+13.7,285773,7,1,0.6
Texas,TX,TX-31,,False,2010s,False,2016+2020,2,46.54,51.71,-5.17,R+5.2,359109,2,0,0.0
Texas,TX,TX-31,,False,2020s,True,2024,1,42.91,49.25,-6.34,R+6.3,420434,4,2,84.3
Texas,TX,TX-32,,False,2000s,False,2004+2008+2012,3,54.94,51.5,3.44,D+3.4,127114,0,1,100.0
Texas,TX,TX-32,,False,2010s,False,2016+2020,2,63.29,51.71,11.58,D+11.6,172396,0,2,100.0
Texas,TX,TX-32,,False,2020s,True,2024,1,59.84,49.25,10.59,D+10.6,130563,0,2,100.0
Texas,TX,TX-33,,False,2010s,False,2016+2020,2,56.4,51.71,4.69,D+4.7,192812,0,2,100.0
Texas,TX,TX-33,,False,2020s,True,2024,1,53.98,49.25,4.73,D+4.7,208503,0,2,100.0
Texas,TX,TX-34,,False,2010s,False,2016+2020,2,55.14,51.71,3.44,D+3.4,181686,8,3,16.2
Texas,TX,TX-34,,False,2020s,True,2024,1,47.25,49.25,-2.0,R+2.0,173386,4,1,23.9
Texas,TX,TX-35,,False,2010s,False,2016+2020,2,64.62,51.71,12.92,D+12.9,186070,0,5,100.0
Texas,TX,TX-35,,False,2020s,True,2024,1,64.29,49.25,15.04,D+15.0,243349,0,4,100.0
Texas,TX,TX-36,,False,2010s,False,2016+2020,2,42.32,51.71,-9.38,R+9.4,425192,8,1,63.7
Texas,TX,TX-36,,False,2020s,True,2024,1,41.13,49.25,-8.12,R+8.1,382158,6,2,69.7
Texas,TX,TX-37,,False,2020s,True,2024,1,69.22,49.25,19.97,D+20.0,124227,0,2,100.0
Texas,TX,TX-38,,False,2020s,True,2024,1,52.81,49.25,3.56,D+3.6,275591,0,1,100.0
Utah,UT,UT-01,,False,2000s,False,2004+2008+2012,3,28.8,51.5,-22.69,R+22.7,371371,8,2,22.7
Utah,UT,UT-01,,False,2010s,False,2016+2020,2,32.62,51.71,-19.09,R+19.1,272902,9,1,17.1
Utah,UT,UT-01,,False,2020s,True,2024,1,39.1,49.25,-10.15,R+10.2,357596,5,3,41.4
Utah,UT,UT-02,,False,2000s,False,2004+2008+2012,3,32.97,51.5,-18.52,R+18.5,294686,14,2,60.1
Utah,UT,UT-02,,False,2010s,False,2016+2020,2,38.9,51.71,-12.81,R+12.8,485752,10,4,70.1
Utah,UT,UT-02,,False,2020s,True,2024,1,37.42,49.25,-11.83,R+11.8,466067,10,3,59.3
Utah,UT,UT-03,,False,2000s,False,2004+2008+2012,3,25.92,51.5,-25.58,R+25.6,303176,4,3,92.2
Utah,UT,UT-03,,False,2010s,False,2016+2020,2,38.36,51.71,-13.36,R+13.4,296950,5,2,87.1
Utah,UT,UT-03,,False,2020s,True,2024,1,42.74,49.25,-6.51,R+6.5,263053,8,3,73.5
Utah,UT,UT-04,,False,2010s,False,2016+2020,2,43.98,51.71,-7.74,R+7.7,260344,0,4,100.0
Utah,UT,UT-04,,False,2020s,True,2024,1,37.9,49.25,-11.34,R+11.3,401778,1,3,96.8
Virginia,VA,VA-01,,False,2000s,False,2004+2008+2012,3,46.35,51.5,-5.14,R+5.1,357445,17,6,36.5
Virginia,VA,VA-01,,False,2010s,False,2016+2020,2,50.3,51.71,-1.4,R+1.4,440276,18,5,33.9
Virginia,VA,VA-01,,False,2020s,True,2024,1,48.33,49.25,-0.92,R+0.9,410944,14,4,50.4
Virginia,VA,VA-02,,False,2000s,False,2004+2008+2012,3,51.92,51.5,0.42,D+0.4,282791,3,2,25.3
Virginia,VA,VA-02,,False,2010s,False,2016+2020,2,56.34,51.71,4.62,D+4.6,345900,3,3,31.6
Virginia,VA,VA-02,,False,2020s,True,2024,1,51.34,49.25,2.1,D+2.1,449227,6,2,25.4
Virginia,VA,VA-03,,False,2000s,False,2004+2008+2012,3,62.35,51.5,10.85,D+10.8,320368,3,7,94.7
Virginia,VA,VA-03,,False,2010s,False,2016+2020,2,70.59,51.71,18.88,D+18.9,375263,2,8,97.7
Virginia,VA,VA-03,,False,2020s,True,2024,1,67.71,49.25,18.46,D+18.5,283953,4,2,6.3
Virginia,VA,VA-04,,False,2000s,False,2004+2008+2012,3,47.7,51.5,-3.79,R+3.8,369464,15,4,30.9
Virginia,VA,VA-04,,False,2010s,False,2016+2020,2,49.22,51.71,-2.49,R+2.5,419272,14,4,33.7
Virginia,VA,VA-04,,False,2020s,True,2024,1,63.83,49.25,14.58,D+14.6,437947,12,3,54.1
Virginia,VA,VA-05,,False,2000s,False,2004+2008+2012,3,46.29,51.5,-5.21,R+5.2,315466,19,4,14.1
Virginia,VA,VA-05,,False,2010s,False,2016+2020,2,44.78,51.71,-6.92,R+6.9,386448,21,3,10.7
Virginia,VA,VA-05,,False,2020s,True,2024,1,44.15,49.25,-5.1,R+5.1,451683,22,2,8.6
Virginia,VA,VA-06,,False,2000s,False,2004+2008+2012,3,40.19,51.5,-11.31,R+11.3,287871,15,5,25.3
Virginia,VA,VA-06,,False,2010s,False,2016+2020,2,38.44,51.71,-13.26,R+13.3,335687,16,4,19.8
Virginia,VA,VA-06,,False,2020s,True,2024,1,38.19,49.25,-11.06,R+11.1,417987,20,2,12.0
Virginia,VA,VA-07,,False,2000s,False,2004+2008+2012,3,45.44,51.5,-6.06,R+6.1,315672,8,5,57.3
Virginia,VA,VA-07,,False,2010s,False,2016+2020,2,48.07,51.71,-3.64,R+3.6,374446,6,4,57.8
Virginia,VA,VA-07,,False,2020s,True,2024,1,48.62,49.25,-0.63,R+0.6,369615,9,1,23.9
Virginia,VA,VA-08,,False,2000s,False,2004+2008+2012,3,66.04,51.5,14.54,D+14.5,284577,3,1,36.6
Virginia,VA,VA-08,,False,2010s,False,2016+2020,2,77.04,51.71,25.34,D+25.3,370284,3,1,42.4
Virginia,VA,VA-08,,False,2020s,True,2024,1,74.82,49.25,25.57,D+25.6,381619,3,1,42.5
Virginia,VA,VA-09,,False,2000s,False,2004+2008+2012,3,38.05,51.5,-13.45,R+13.4,284866,23,4,14.0
Virginia,VA,VA-09,,False,2010s,False,2016+2020,2,29.25,51.71,-22.46,R+22.5,350480,26,3,17.6
Virginia,VA,VA-09,,False,2020s,True,2024,1,27.54,49.25,-21.71,R+21.7,397950,27,2,5.0
Virginia,VA,VA-10,,False,2000s,False,2004+2008+2012,3,51.47,51.5,-0.03,EVEN,419034,6,4,53.1
Virginia,VA,VA-10,,False,2010s,False,2016+2020,2,62.32,51.71,10.61,D+10.6,576325,5,3,53.7
Virginia,VA,VA-10,,False,2020s,True,2024,1,57.9,49.25,8.65,D+8.7,505172,5,2,40.3
Virginia,VA,VA-11,,False,2000s,False,2004+2008+2012,3,57.22,51.5,5.72,D+5.7,349570,1,3,96.9
Virginia,VA,VA-11,,False,2010s,False,2016+2020,2,69.12,51.71,17.42,D+17.4,233538,1,2,94.6
Virginia,VA,VA-11,,False,2020s,True,2024,1,67.96,49.25,18.72,D+18.7,377833,1,1,96.4
Vermont,VT,VT-AL,,True,2000s,False,2004+2008+2012,3,65.82,51.5,14.32,D+14.3,312215,0,0,0.0
Vermont,VT,VT-AL,,True,2010s,False,2016+2020,2,66.74,51.71,15.03,D+15.0,341248,0,0,0.0
Vermont,VT,VT-AL,,True,2020s,True,2024,1,66.39,49.25,17.14,D+17.1,369422,0,0,0.0
Washington,WA,WA-01,,False,2000s,False,2004+2008+2012,3,59.49,51.5,8.0,D+8.0,124365,0,3,100.0
Washington,WA,WA-01,,False,2010s,False,2016+2020,2,67.91,51.71,16.2,D+16.2,999258,0,4,100.0
Washington,WA,WA-01,,False,2020s,True,2024,1,67.69,49.25,18.44,D+18.4,97086,0,2,100.0
Washington,WA,WA-02,,False,2000s,False,2004+2008+2012,3,59.64,51.5,8.14,D+8.1,660637,4,2,69.4
Washington,WA,WA-02,,False,2010s,False,2016+2020,2,58.69,51.71,6.98,D+7.0,126522,2,3,51.8
Washington,WA,WA-02,,False,2020s,True,2024,1,60.46,49.25,11.21,D+11.2,311675,4,1,12.2
Washington,WA,WA-03,,False,2000s,False,2004+2008+2012,3,51.86,51.5,0.36,D+0.4,373561,5,2,27.6
Washington,WA,WA-03,,False,2010s,False,2016+2020,2,48.54,51.71,-3.18,R+3.2,416170,7,1,11.3
Washington,WA,WA-03,,False,2020s,True,2024,1,50.41,49.25,1.16,D+1.2,468386,6,1,13.3
Washington,WA,WA-04,,False,2000s,False,2004+2008+2012,3,38.9,51.5,-12.59,R+12.6,268828,8,2,0.3
Washington,WA,WA-04,,False,2010s,False,2016+2020,2,39.39,51.71,-12.32,R+12.3,294306,7,1,2.7
Washington,WA,WA-04,,False,2020s,True,2024,1,39.29,49.25,-9.95,R+9.9,284815,6,2,1.3
Washington,WA,WA-05,,False,2000s,False,2004+2008+2012,3,44.45,51.5,-7.05,R+7.0,328820,11,1,1.5
Washington,WA,WA-05,,False,2010s,False,2016+2020,2,43.97,51.71,-7.74,R+7.7,365221,9,1,5.9
Washington,WA,WA-05,,False,2020s,True,2024,1,44.17,49.25,-5.07,R+5.1,433701,10,2,7.8
Washington,WA,WA-06,,False,2000s,False,2004+2008+2012,3,54.83,51.5,3.33,D+3.3,201614,4,2,44.1
Washington,WA,WA-06,,False,2010s,False,2016+2020,2,54.94,51.71,3.22,D+3.2,311521,4,2,21.6
Washington,WA,WA-06,,False,2020s,True,2024,1,57.32,49.25,8.07,D+8.1,347397,5,1,12.3
Washington,WA,WA-07,,False,2000s,False,2004+2008+2012,3,69.35,51.5,17.84,D+17.8,61466,0,1,100.0
Washington,WA,WA-07,,False,2010s,False,2016+2020,2,76.52,51.71,24.81,D+24.8,71396,0,2,100.0
Washington,WA,WA-07,,False,2020s,True,2024,1,76.75,49.25,27.5,D+27.5,76797,0,1,100.0
Washington,WA,WA-08,,False,2000s,False,2004+2008+2012,3,65.32,51.5,13.82,D+13.8,845561,0,2,100.0
Washington,WA,WA-08,,False,2010s,False,2016+2020,2,66.78,51.71,15.07,D+15.1,847404,2,2,92.9
Washington,WA,WA-08,,False,2020s,True,2024,1,67.7,49.25,18.45,D+18.4,1627147,2,3,95.8
Washington,WA,WA-09,,False,2000s,False,2004+2008+2012,3,60.44,51.5,8.95,D+8.9,142306,0,3,100.0
Washington,WA,WA-09,,False,2010s,False,2016+2020,2,76.22,51.71,24.51,D+24.5,92862,0,2,100.0
Washington,WA,WA-09,,False,2020s,True,2024,1,76.75,49.25,27.5,D+27.5,103902,0,1,100.0
Washington,WA,WA-10,,False,2010s,False,2016+2020,2,57.35,51.71,5.64,D+5.6,177666,0,3,100.0
Washington,WA,WA-10,,False,2020s,True,2024,1,58.5,49.25,9.25,D+9.2,173336,0,2,100.0
Wisconsin,WI,WI-01,,False,2000s,False,2004+2008+2012,3,54.79,51.5,3.29,D+3.3,494113,3,3,53.6
Wisconsin,WI,WI-01,,False,2010s,False,2016+2020,2,51.34,51.71,-0.36,R+0.4,507746,3,3,53.9
Wisconsin,WI,WI-01,,False,2020s,True,2024,1,54.43,49.25,5.18,D+5.2,455703,2,3,56.5
Wisconsin,WI,WI-02,,False,2000s,False,2004+2008+2012,3,66.38,51.5,14.89,D+14.9,415832,3,3,19.8
Wisconsin,WI,WI-02,,False,2010s,False,2016+2020,2,69.56,51.71,17.86,D+17.9,454102,5,2,11.4
Wisconsin,WI,WI-02,,False,2020s,True,2024,1,69.71,49.25,20.46,D+20.5,492902,4,2,16.5
Wisconsin,WI,WI-03,,False,2000s,False,2004+2008+2012,3,55.11,51.5,3.61,D+3.6,382203,17,2,8.9
Wisconsin,WI,WI-03,,False,2010s,False,2016+2020,2,47.66,51.71,-4.05,R+4.0,358060,12,6,18.7
Wisconsin,WI,WI-03,,False,2020s,True,2024,1,46.39,49.25,-2.85,R+2.9,399744,13,6,16.6
Wisconsin,WI,WI-04,,False,2000s,False,2004+2008+2012,3,66.21,51.5,14.72,D+14.7,223301,0,1,100.0
Wisconsin,WI,WI-04,,False,2010s,False,2016+2020,2,69.93,51.71,18.22,D+18.2,238944,0,1,100.0
Wisconsin,WI,WI-04,,False,2020s,True,2024,1,69.62,49.25,20.37,D+20.4,269646,0,1,100.0
Wisconsin,WI,WI-05,,False,2000s,False,2004+2008+2012,3,41.46,51.5,-10.04,R+10.0,406075,2,3,68.5
Wisconsin,WI,WI-05,,False,2010s,False,2016+2020,2,42.03,51.71,-9.68,R+9.7,370092,2,3,65.8
Wisconsin,WI,WI-05,,False,2020s,True,2024,1,40.2,49.25,-9.04,R+9.0,486465,3,3,14.2
Wisconsin,WI,WI-06,,False,2000s,False,2004+2008+2012,3,46.88,51.5,-4.61,R+4.6,363713,10,1,1.9
Wisconsin,WI,WI-06,,False,2010s,False,2016+2020,2,41.87,51.71,-9.84,R+9.8,381461,8,3,26.5
Wisconsin,WI,WI-06,,False,2020s,True,2024,1,41.47,49.25,-7.78,R+7.8,419530,8,3,27.1
Wisconsin,WI,WI-07,,False,2000s,False,2004+2008+2012,3,52.69,51.5,1.19,D+1.2,358024,17,3,5.7
Wisconsin,WI,WI-07,,False,2010s,False,2016+2020,2,39.94,51.71,-11.77,R+11.8,418558,21,5,14.0
Wisconsin,WI,WI-07,,False,2020s,True,2024,1,38.93,49.25,-10.32,R+10.3,466230,21,5,14.5
Wisconsin,WI,WI-08,,False,2000s,False,2004+2008+2012,3,49.19,51.5,-2.31,R+2.3,373030,12,2,4.5
Wisconsin,WI,WI-08,,False,2010s,False,2016+2020,2,41.72,51.71,-9.98,R+10.0,408133,10,1,4.5
Wisconsin,WI,WI-08,,False,2020s,True,2024,1,41.86,49.25,-7.39,R+7.4,432697,9,2,7.7
West Virginia,WV,WV-01,,False,2000s,False,2004+2008+2012,3,40.16,51.5,-11.34,R+11.3,245607,20,0,0.0
West Virginia,WV,WV-01,,False,2010s,False,2016+2020,2,29.38,51.71,-22.34,R+22.3,258752,20,0,0.0
West Virginia,WV,WV-01,,False,2020s,True,2024,1,27.4,49.25,-21.85,R+21.9,364662,28,0,0.0
West Virginia,WV,WV-02,,False,2000s,False,2004+2008+2012,3,41.98,51.5,-9.51,R+9.5,256967,18,0,0.0
West Virginia,WV,WV-02,,False,2010s,False,2016+2020,2,32.12,51.71,-19.59,R+19.6,267934,17,0,0.0
West Virginia,WV,WV-02,,False,2020s,True,2024,1,29.81,49.25,-19.44,R+19.4,397728,27,0,0.0
West Virginia,WV,WV-03,,False,2000s,False,2004+2008+2012,3,40.92,51.5,-10.58,R+10.6,211803,17,0,0.0
West Virginia,WV,WV-03,,False,2010s,False,2016+2020,2,25.06,51.71,-26.66,R+26.7,231309,18,0,0.0
Wyoming,WY,WY-AL,,True,2000s,False,2004+2008+2012,3,30.66,51.5,-20.85,R+20.9,249049,0,0,0.0
Wyoming,WY,WY-AL,,True,2010s,False,2016+2020,2,25.9,51.71,-25.8,R+25.8,266307,0,0,0.0
Wyoming,WY,WY-AL,,True,2020s,True,2024,1,26.52,49.25,-22.73,R+22.7,269048,0,0,0.0
