year,state,state_code,chamber,district,race,candidate,party,votes,percentage,winner,incumbent
2008,Arizona,AZ,State House,1,general,Lucy Mason,Republican,55861.0,38.43,True,True
2008,Arizona,AZ,State House,1,general,Andy Tobin,Republican,52819.0,36.34,True,True
2008,Arizona,AZ,State House,1,general,Dennis Grittner,Democratic,36669.0,25.23,False,False
2008,Arizona,AZ,State House,2,general,Christopher Clark Deschene,Democratic,36724.0,52.51,True,False
2008,Arizona,AZ,State House,2,general,Tom Chabin,Democratic,33211.0,47.49,True,True
2008,Arizona,AZ,State House,3,general,Nancy McLain,Republican,37815.0,38.32,True,True
2008,Arizona,AZ,State House,3,general,Doris Goodale,Republican,36177.0,36.66,True,False
2008,Arizona,AZ,State House,3,general,Pamela Durbin,Democratic,24698.0,25.03,False,False
2008,Arizona,AZ,State House,4,general,Judy M. Burges,Republican,70071.0,31.7,True,True
2008,Arizona,AZ,State House,4,general,Tom Boone,Republican,69590.0,31.48,True,True
2008,Arizona,AZ,State House,4,general,Sue Dolphin,Democratic,42283.0,19.13,False,False
2008,Arizona,AZ,State House,4,general,Paula S. Forster,Democratic,39118.0,17.7,False,False
2008,Arizona,AZ,State House,5,general,Bill Konopnicki,Republican,37576.0,37.72,True,True
2008,Arizona,AZ,State House,5,general,Jack A. Brown,Democratic,31966.0,32.08,True,True
2008,Arizona,AZ,State House,5,general,Barbara G. Brewer,Republican,30089.0,30.2,False,False
2008,Arizona,AZ,State House,6,general,Sam Crump,Republican,43389.0,30.8,True,True
2008,Arizona,AZ,State House,6,general,Carl Seel,Republican,38467.0,27.3,True,False
2008,Arizona,AZ,State House,6,general,Jack Doody,Democratic,30139.0,21.39,False,False
2008,Arizona,AZ,State House,6,general,Teri Conrad,Democratic,28894.0,20.51,False,False
2008,Arizona,AZ,State House,7,general,Nancy Barto,Republican,46854.0,36.59,True,True
2008,Arizona,AZ,State House,7,general,Ray Barnes,Republican,40471.0,31.61,True,True
2008,Arizona,AZ,State House,7,general,Jeanne Lunn,Democratic,31753.0,24.8,False,False
2008,Arizona,AZ,State House,7,general,James Iannuzo,Libertarian,8966.0,7.0,False,False
2008,Arizona,AZ,State House,8,general,Michele Reagan,Republican,54780.0,38.29,True,True
2008,Arizona,AZ,State House,8,general,John Kavanagh,Republican,50507.0,35.3,True,True
2008,Arizona,AZ,State House,8,general,Stephanie Rimmer,Democratic,37793.0,26.41,False,False
2008,Arizona,AZ,State House,9,general,Debbie Lesko,Republican,37762.0,28.87,True,False
2008,Arizona,AZ,State House,9,general,Rick Murphy,Republican,35912.0,27.46,True,True
2008,Arizona,AZ,State House,9,general,Sheri Van Horsen,Democratic,28683.0,21.93,False,False
2008,Arizona,AZ,State House,9,general,Shawn Hutchinson,Democratic,28425.0,21.73,False,False
2008,Arizona,AZ,State House,10,general,Jim Weiers,Republican,23022.0,25.15,True,True
2008,Arizona,AZ,State House,10,general,Doug Quelland,Republican,22656.0,24.75,True,False
2008,Arizona,AZ,State House,10,general,Jackie Thrasher,Democratic,22103.0,24.14,False,True
2008,Arizona,AZ,State House,10,general,Lamont Lovejoy,Democratic,18709.0,20.43,False,False
2008,Arizona,AZ,State House,10,general,Scott Gibson,Libertarian,2707.0,2.96,False,False
2008,Arizona,AZ,State House,10,general,Margarite Dale,Green,2358.0,2.58,False,False
2008,Arizona,AZ,State House,11,general,Adam Driggs,Republican,39439.0,34.1,True,True
2008,Arizona,AZ,State House,11,general,Eric Meyer,Democratic,39114.0,33.82,True,False
2008,Arizona,AZ,State House,11,general,Jon Altmann,Republican,37110.0,32.08,False,False
2008,Arizona,AZ,State House,12,general,Jerry Weiers,Republican,46902.0,26.24,True,True
2008,Arizona,AZ,State House,12,general,Steve Montenegro,Republican,46594.0,26.07,True,False
2008,Arizona,AZ,State House,12,general,Eve Nuñez,Democratic,40647.0,22.74,False,False
2008,Arizona,AZ,State House,12,general,David Scanlon,Democratic,38626.0,21.61,False,False
2008,Arizona,AZ,State House,12,general,Celeste M. Castorena,Green,5976.0,3.34,False,False
2008,Arizona,AZ,State House,13,general,Martha Garcia,Democratic,17627.0,40.25,True,True
2008,Arizona,AZ,State House,13,general,Steve Gallardo,Democratic,16381.0,37.41,True,True
2008,Arizona,AZ,State House,13,general,Timothy Schwartz,Republican,9785.0,22.34,False,False
2008,Arizona,AZ,State House,14,general,Robert Meza,Democratic,13644.0,52.52,True,True
2008,Arizona,AZ,State House,14,general,Chad Campbell,Democratic,12336.0,47.48,True,True
2008,Arizona,AZ,State House,15,general,David Lujan,Democratic,23781.0,40.06,True,True
2008,Arizona,AZ,State House,15,general,Kyrsten Sinema,Democratic,22721.0,38.28,True,True
2008,Arizona,AZ,State House,15,general,Ed Hedges,Republican,12860.0,21.66,False,False
2008,Arizona,AZ,State House,16,general,Ben Miranda,Democratic,28654.0,43.0,True,True
2008,Arizona,AZ,State House,16,general,"Cloves Campbell, Jr.",Democratic,26247.0,39.39,True,True
2008,Arizona,AZ,State House,16,general,Raymond Williams,Republican,11733.0,17.61,False,False
2008,Arizona,AZ,State House,17,general,David Schapira,Democratic,33210.0,31.46,True,True
2008,Arizona,AZ,State House,17,general,Ed Ableser,Democratic,30467.0,28.86,True,True
2008,Arizona,AZ,State House,17,general,Mark Thompson,Republican,23437.0,22.2,False,False
2008,Arizona,AZ,State House,17,general,Wes Waddle,Republican,18461.0,17.49,False,False
2008,Arizona,AZ,State House,18,general,Cecil Ash,Republican,21753.0,31.09,True,False
2008,Arizona,AZ,State House,18,general,Steve Court,Republican,21753.0,31.09,True,False
2008,Arizona,AZ,State House,18,general,Tammie Pursley,Democratic,17844.0,25.5,False,False
2008,Arizona,AZ,State House,18,general,Joe Brown,Independent (politician),8617.0,12.32,False,False
2008,Arizona,AZ,State House,19,general,Rich Crandall,Republican,44693.0,38.91,True,True
2008,Arizona,AZ,State House,19,general,Kirk Adams,Republican,41247.0,35.91,True,True
2008,Arizona,AZ,State House,19,general,Kathy Romano,Democratic,28922.0,25.18,False,False
2008,Arizona,AZ,State House,20,general,John McComish,Republican,39820.0,34.8,True,True
2008,Arizona,AZ,State House,20,general,Rae Waters,Democratic,37639.0,32.89,True,False
2008,Arizona,AZ,State House,20,general,Jeff Dial,Republican,36964.0,32.3,False,False
2008,Arizona,AZ,State House,21,general,Steve Yarbrough,Republican,56980.0,38.4,True,True
2008,Arizona,AZ,State House,21,general,Warde V. Nichols,Republican,46478.0,31.32,True,True
2008,Arizona,AZ,State House,21,general,Phil Hettmansperger,Democratic,44943.0,30.28,False,False
2008,Arizona,AZ,State House,22,general,Andy Biggs,Republican,59615.0,37.57,True,True
2008,Arizona,AZ,State House,22,general,Laurin Hendrix,Republican,56885.0,35.85,True,False
2008,Arizona,AZ,State House,22,general,Glenn Ray,Democratic,42191.0,26.59,False,False
2008,Arizona,AZ,State House,23,general,Barbara McGuire,Democratic,37982.0,25.82,True,True
2008,Arizona,AZ,State House,23,general,Frank Pratt,Republican,36804.0,25.02,True,False
2008,Arizona,AZ,State House,23,general,John Fillmore,Republican,36203.0,24.61,False,False
2008,Arizona,AZ,State House,23,general,Ernest Bustamante,Democratic,36118.0,24.55,False,False
2008,Arizona,AZ,State House,24,general,Lynne Pancrazi,Democratic,22680.0,36.2,True,True
2008,Arizona,AZ,State House,24,general,Russ Jones,Republican,21197.0,33.84,True,False
2008,Arizona,AZ,State House,24,general,Theresa Ulmer,Democratic,18767.0,29.96,False,True
2008,Arizona,AZ,State House,25,general,"Patricia ""Pat"" Fleming",Democratic,32749.0,28.93,True,False
2008,Arizona,AZ,State House,25,general,David Stevens,Republican,28806.0,25.45,True,False
2008,Arizona,AZ,State House,25,general,"Richard ""Ric"" Boyer",Democratic,27857.0,24.61,False,False
2008,Arizona,AZ,State House,25,general,Timathy Davies,Republican,23778.0,21.01,False,False
2008,Arizona,AZ,State House,26,general,Vic Williams,Republican,44857.0,26.05,True,False
2008,Arizona,AZ,State House,26,general,Nancy Young Wright,Democratic,44448.0,25.82,True,True
2008,Arizona,AZ,State House,26,general,Marilyn Zerull,Republican,43600.0,25.32,False,False
2008,Arizona,AZ,State House,26,general,Donald Jorgensen,Democratic,39268.0,22.81,False,False
2008,Arizona,AZ,State House,27,general,Olivia Cajero Bedford,Democratic,35010.0,37.05,True,True
2008,Arizona,AZ,State House,27,general,Phil Lopes,Democratic,32650.0,34.55,True,True
2008,Arizona,AZ,State House,27,general,"J. D. ""Duke"" Schechter",Republican,15490.0,16.39,False,False
2008,Arizona,AZ,State House,27,general,Mark Phelps,Libertarian,6374.0,6.75,False,False
2008,Arizona,AZ,State House,27,general,Kent Solberg,Green,4970.0,5.26,False,False
2008,Arizona,AZ,State House,28,general,Steve Farley,Democratic,44121.0,50.16,True,True
2008,Arizona,AZ,State House,28,general,David Bradley,Democratic,43845.0,49.84,True,True
2008,Arizona,AZ,State House,29,general,Daniel Patterson,Democratic,25684.0,32.98,True,False
2008,Arizona,AZ,State House,29,general,Matt Heinz,Democratic,24898.0,31.97,True,False
2008,Arizona,AZ,State House,29,general,Pat Kilburn,Republican,15344.0,19.7,False,False
2008,Arizona,AZ,State House,29,general,Juan Ciscomani,Republican,11960.0,15.36,False,False
2008,Arizona,AZ,State House,30,general,David Gowan,Republican,54986.0,34.75,True,False
2008,Arizona,AZ,State House,30,general,Frank Antenori,Republican,54262.0,34.3,True,False
2008,Arizona,AZ,State House,30,general,Andrea Dalessandro,Democratic,48966.0,30.95,False,False
2008,California,CA,State House,1,general,Wesley Chesbro,Democratic,137777.0,70.78,True,False
2008,California,CA,State House,1,general,Jim Pell,Republican,56870.0,29.22,False,False
2008,California,CA,State House,2,general,Jim Nielsen,Republican,118149.0,65.4,True,False
2008,California,CA,State House,2,general,Paul Singh,Democratic,62510.0,34.6,False,False
2008,California,CA,State House,3,general,Daniel Logue,Republican,104755.0,55.51,True,False
2008,California,CA,State House,3,general,Michael Harrington,Democratic,83950.0,44.49,False,False
2008,California,CA,State House,4,general,Ted Gaines,Republican,166736.0,100.0,True,True
2008,California,CA,State House,5,general,Roger Niello,Republican,101888.0,54.22,True,True
2008,California,CA,State House,5,general,Danial Leahy,Democratic,71733.0,38.17,False,False
2008,California,CA,State House,5,general,Karen Martinez,Freedom,14295.0,7.61,False,False
2008,California,CA,State House,6,general,Jared Huffman,Democratic,145142.0,69.45,True,True
2008,California,CA,State House,6,general,Paul Lavery,Republican,50053.0,23.95,False,False
2008,California,CA,State House,6,general,Timothy Hannan,Libertarian,13790.0,6.6,False,False
2008,California,CA,State House,7,general,Noreen Evans,Democratic,128279.0,71.95,True,True
2008,California,CA,State House,7,general,Doris Gentry,Republican,50020.0,28.05,False,False
2008,California,CA,State House,8,general,Mariko Yamada,Democratic,112524.0,66.03,True,False
2008,California,CA,State House,8,general,Manuel Cosme,Republican,57883.0,33.97,False,False
2008,California,CA,State House,9,general,Dave Jones,Democratic,92038.0,72.81,True,True
2008,California,CA,State House,9,general,Mali Currington,Republican,26622.0,21.06,False,False
2008,California,CA,State House,9,general,Gerald Frink,Freedom,7744.0,6.13,False,False
2008,California,CA,State House,10,general,Alyson Huber,Democratic,88242.0,46.66,True,False
2008,California,CA,State House,10,general,Jack Sieglock,Republican,87768.0,46.41,False,False
2008,California,CA,State House,10,general,Janice Bonser,Libertarian,13096.0,6.93,False,False
2008,California,CA,State House,11,general,Tom Torlakson,Democratic,117773.0,73.7,True,False
2008,California,CA,State House,11,general,Elizabeth Hansen,Republican,42023.0,26.3,False,False
2008,California,CA,State House,12,general,Fiona Ma,Democratic,131231.0,83.26,True,True
2008,California,CA,State House,12,general,Conchita Applegate,Republican,26380.0,16.74,False,False
2008,California,CA,State House,13,general,Tom Ammiano,Democratic,162977.0,83.35,True,False
2008,California,CA,State House,13,general,Harmeet Dhillon,Republican,32552.0,16.65,False,False
2008,California,CA,State House,14,general,Nancy Skinner,Democratic,162432.0,100.0,True,False
2008,California,CA,State House,15,general,Joan Buchanan,Democratic,125897.0,52.24,True,False
2008,California,CA,State House,15,general,Abram Wilson,Republican,115096.0,47.76,False,False
2008,California,CA,State House,16,general,Sandré Swanson,Democratic,136066.0,87.85,True,True
2008,California,CA,State House,16,general,Jim Faison,Republican,18817.0,12.15,False,False
2008,California,CA,State House,17,general,Cathleen Galgiani,Democratic,77525.0,66.26,True,True
2008,California,CA,State House,17,general,Jack Mobley,Republican,39480.0,33.74,False,False
2008,California,CA,State House,18,general,Mary Hayashi,Democratic,115780.0,77.51,True,True
2008,California,CA,State House,18,general,Lou Filipovich,Republican,33596.0,22.49,False,False
2008,California,CA,State House,19,general,Jerry Hill,Democratic,124157.0,72.99,True,False
2008,California,CA,State House,19,general,Catherine Brinkman,Republican,39132.0,23.01,False,False
2008,California,CA,State House,19,general,Brian Perry,Libertarian,6803.0,4.0,False,False
2008,California,CA,State House,20,general,Alberto Torrico,Democratic,99305.0,71.36,True,True
2008,California,CA,State House,20,general,Jeffrey Wald,Republican,39861.0,28.64,False,False
2008,California,CA,State House,21,general,Ira Ruskin,Democratic,133856.0,70.93,True,True
2008,California,CA,State House,21,general,Annalisa Marie Temple,Republican,54849.0,29.07,False,False
2008,California,CA,State House,22,general,Paul Fong,Democratic,109249.0,76.14,True,False
2008,California,CA,State House,22,general,Brent Oya,Republican,34230.0,23.86,False,False
2008,California,CA,State House,23,general,Joe Coto,Democratic,81523.0,76.62,True,True
2008,California,CA,State House,23,general,Mark Patrosso,Republican,24876.0,23.38,False,False
2008,California,CA,State House,24,general,Jim Beall,Democratic,110793.0,66.09,True,True
2008,California,CA,State House,24,general,Doug McNea,Republican,56835.0,33.91,False,False
2008,California,CA,State House,25,general,Tom Berryhill,Republican,102951.0,59.79,True,True
2008,California,CA,State House,25,general,Taylor White,Democratic,69223.0,40.21,False,False
2008,California,CA,State House,26,general,Bill Berryhill,Republican,70620.0,51.71,True,False
2008,California,CA,State House,26,general,John Eisenhut,Democratic,65940.0,48.29,False,False
2008,California,CA,State House,27,general,Bill Monning,Democratic,127102.0,65.97,True,False
2008,California,CA,State House,27,general,Robert Murray,Republican,48107.0,24.97,False,False
2008,California,CA,State House,27,general,Mark Hinkle,Libertarian,17435.0,9.05,False,False
2008,California,CA,State House,27,general,Rexford Keyes (write-in),Independent (politician),27.0,0.01,False,False
2008,California,CA,State House,28,general,Anna Caballero,Democratic,90012.0,100.0,True,True
2008,California,CA,State House,29,general,Michael Villines,Republican,110230.0,65.88,True,True
2008,California,CA,State House,29,general,Humberto Avila,Democratic,57100.0,34.12,False,False
2008,California,CA,State House,30,general,Danny Gilmore,Republican,43925.0,50.76,True,False
2008,California,CA,State House,30,general,Fran Florez,Democratic,42615.0,49.24,False,False
2008,California,CA,State House,31,general,Juan Arambula,Democratic,64620.0,69.52,True,True
2008,California,CA,State House,31,general,Clifford Archer,Republican,28310.0,30.46,False,False
2008,California,CA,State House,31,general,Christopher McCowan (write-in),Democratic,17.0,0.02,False,False
2008,California,CA,State House,32,general,Jean Fuller,Republican,120628.0,69.16,True,True
2008,California,CA,State House,32,general,Virginia Martinez,Democratic,53789.0,30.84,False,False
2008,California,CA,State House,33,general,Sam Blakeslee,Republican,114316.0,63.84,True,True
2008,California,CA,State House,33,general,Robert Cuthbert,Democratic,64740.0,36.16,False,False
2008,California,CA,State House,34,general,Connie Conway,Republican,77620.0,63.68,True,False
2008,California,CA,State House,34,general,Desmond Farrelly,Democratic,44263.0,36.32,False,False
2008,California,CA,State House,35,general,Pedro Nava,Democratic,119613.0,67.25,True,True
2008,California,CA,State House,35,general,Gregory Gandrud,Republican,58244.0,32.75,False,False
2008,California,CA,State House,36,general,Steve Knight,Republican,79502.0,51.51,True,False
2008,California,CA,State House,36,general,Linda Jones,Democratic,74841.0,48.49,False,False
2008,California,CA,State House,37,general,Audra Strickland,Republican,102087.0,52.1,True,True
2008,California,CA,State House,37,general,Ferial Masry,Democratic,93857.0,47.9,False,False
2008,California,CA,State House,38,general,Cameron Smyth,Republican,103761.0,54.99,True,True
2008,California,CA,State House,38,general,Carole Lutness,Democratic,84936.0,45.01,False,False
2008,California,CA,State House,39,general,Felipe Fuentes,Democratic,59495.0,73.73,True,True
2008,California,CA,State House,39,general,Grady Martine,Republican,14689.0,18.2,False,False
2008,California,CA,State House,39,general,John Lindblad,Green,6505.0,8.06,False,False
2008,California,CA,State House,40,general,Bob Blumenfield,Democratic,72360.0,58.56,True,False
2008,California,CA,State House,40,general,Armineh Chelebian,Republican,32973.0,26.68,False,False
2008,California,CA,State House,40,general,Pamela Brown,Libertarian,18239.0,14.76,False,False
2008,California,CA,State House,41,general,Julia Brownley,Democratic,117761.0,66.12,True,True
2008,California,CA,State House,41,general,Mark Bernsley,Republican,60350.0,33.88,False,False
2008,California,CA,State House,42,general,Michael Feuer,Democratic,142456.0,76.07,True,True
2008,California,CA,State House,42,general,Steven Sion,Republican,44803.0,23.93,False,False
2008,California,CA,State House,43,general,Paul Krekorian,Democratic,91863.0,67.87,True,True
2008,California,CA,State House,43,general,Jane Barnett,Republican,43492.0,32.13,False,False
2008,California,CA,State House,44,general,Anthony Portantino,Democratic,102896.0,63.68,True,True
2008,California,CA,State House,44,general,Brian Fuller,Republican,49246.0,30.48,False,False
2008,California,CA,State House,44,general,Thomas Logan,Libertarian,9446.0,5.85,False,False
2008,California,CA,State House,45,general,Kevin de León,Democratic,70869.0,82.05,True,True
2008,California,CA,State House,45,general,Phillip Alexander,Republican,15506.0,17.95,False,False
2008,California,CA,State House,46,general,John Pérez,Democratic,51556.0,84.89,True,False
2008,California,CA,State House,46,general,Manuel Aldana,Republican,9180.0,15.11,False,False
2008,California,CA,State House,47,general,Karen Bass,Democratic,134003.0,85.0,True,True
2008,California,CA,State House,47,general,Lady Cage-Barile,Republican,23642.0,15.0,False,False
2008,California,CA,State House,48,general,Mike Davis,Democratic,75279.0,87.08,True,True
2008,California,CA,State House,48,general,Lucilla Esguerra,Freedom,11173.0,12.92,False,False
2008,California,CA,State House,49,general,Mike Eng,Democratic,62418.0,67.17,True,True
2008,California,CA,State House,49,general,Esthela Siegrist,Republican,30511.0,32.83,False,False
2008,California,CA,State House,50,general,Hector De La Torre,Democratic,75082.0,100.0,True,True
2008,California,CA,State House,51,general,Curren Price,Democratic,95589.0,76.68,True,True
2008,California,CA,State House,51,general,Reece Pollack,Republican,23515.0,18.86,False,False
2008,California,CA,State House,51,general,Carl Swinney,Libertarian,5563.0,4.46,False,False
2008,California,CA,State House,52,general,"Isadore Hall, III",Democratic,72895.0,86.17,True,False
2008,California,CA,State House,52,general,Gwen Patrick,Republican,11700.0,13.83,False,False
2008,California,CA,State House,53,general,Ted Lieu,Democratic,127117.0,67.33,True,True
2008,California,CA,State House,53,general,Thomas Vidal,Republican,61692.0,32.67,False,False
2008,California,CA,State House,54,general,Bonnie Lowenthal,Democratic,95350.0,57.13,True,False
2008,California,CA,State House,54,general,Gabriella Holt,Republican,61650.0,36.94,False,False
2008,California,CA,State House,54,general,John Kling,Libertarian,9896.0,5.93,False,False
2008,California,CA,State House,55,general,Warren Furutani,Democratic,84597.0,71.68,True,True
2008,California,CA,State House,55,general,Edwin Williams,Republican,33420.0,28.32,False,False
2008,California,CA,State House,56,general,Tony Mendoza,Democratic,78652.0,65.17,True,True
2008,California,CA,State House,56,general,Roger Garrett,Republican,42040.0,34.83,False,False
2008,California,CA,State House,57,general,Edward Hernandez,Democratic,71953.0,66.3,True,True
2008,California,CA,State House,57,general,Victor Saldana,Republican,36576.0,33.7,False,False
2008,California,CA,State House,58,general,Charles Calderon,Democratic,85086.0,70.35,True,True
2008,California,CA,State House,58,general,Carlos Getino,Republican,35867.0,29.65,False,False
2008,California,CA,State House,59,general,Anthony Adams,Republican,91366.0,51.01,True,True
2008,California,CA,State House,59,general,Donald Williamson,Democratic,73011.0,40.76,False,False
2008,California,CA,State House,59,general,Maureen Keedy,Libertarian,14744.0,8.23,False,False
2008,California,CA,State House,60,general,Curt Hagman,Republican,92907.0,55.86,True,False
2008,California,CA,State House,60,general,[https://www.latimes.com/archives/la-xpm-1999-jan-26-me-1813-story.html Diane Singer],Democratic,73425.0,44.14,False,False
2008,California,CA,State House,61,general,Norma Torres,Democratic,61004.0,60.52,True,False
2008,California,CA,State House,61,general,Wendy Maier,Republican,33284.0,33.02,False,False
2008,California,CA,State House,61,general,Michael Mendez,Libertarian,6517.0,6.46,False,False
2008,California,CA,State House,62,general,Wilmer Carter,Democratic,78003.0,100.0,True,True
2008,California,CA,State House,63,general,Bill Emmerson,Republican,90213.0,54.37,True,True
2008,California,CA,State House,63,general,Mark Westwood,Democratic,75719.0,45.63,False,False
2008,California,CA,State House,64,general,Brian Nestande,Republican,124414.0,100.0,True,False
2008,California,CA,State House,65,general,Paul Cook,Republican,93566.0,53.2,True,True
2008,California,CA,State House,65,general,Carl Wood,Democratic,82305.0,46.8,False,False
2008,California,CA,State House,66,general,Kevin Jeffries,Republican,95093.0,57.94,True,True
2008,California,CA,State House,66,general,Grey Frandsen,Democratic,69040.0,42.06,False,False
2008,California,CA,State House,67,general,Jim Silva,Republican,108502.0,62.31,True,True
2008,California,CA,State House,67,general,Steve Blount,Democratic,65622.0,37.69,False,False
2008,California,CA,State House,68,general,Van Tran,Republican,72034.0,54.05,True,True
2008,California,CA,State House,68,general,Kenneth Arnold,Democratic,61239.0,45.95,False,False
2008,California,CA,State House,69,general,Jose Solorio,Democratic,50809.0,71.05,True,True
2008,California,CA,State House,69,general,Cameron Mangels,Republican,20705.0,28.95,False,False
2008,California,CA,State House,70,general,Chuck DeVore,Republican,114556.0,57.78,True,True
2008,California,CA,State House,70,general,Michael Glover,Democratic,83709.0,42.22,False,False
2008,California,CA,State House,71,general,Jeff Miller,Republican,149166.0,100.0,True,False
2008,California,CA,State House,72,general,Michael Duvall,Republican,79066.0,54.8,True,True
2008,California,CA,State House,72,general,John MacMurray,Democratic,65216.0,45.2,False,False
2008,California,CA,State House,73,general,Diane Harkey,Republican,87905.0,53.1,True,False
2008,California,CA,State House,73,general,Judy Jones,Democratic,67485.0,40.76,False,False
2008,California,CA,State House,73,general,Andrew Favor,Libertarian,10171.0,6.14,False,False
2008,California,CA,State House,74,general,Martin Garrick,Republican,90383.0,50.59,True,True
2008,California,CA,State House,74,general,Brett Maxfield,Democratic,72126.0,40.37,False,False
2008,California,CA,State House,74,general,Paul King,Libertarian,16166.0,9.05,False,False
2008,California,CA,State House,75,general,Nathan Fletcher,Republican,98758.0,52.13,True,False
2008,California,CA,State House,75,general,Darren Kasai,Democratic,78970.0,41.68,False,False
2008,California,CA,State House,75,general,John Murphy,Libertarian,11731.0,6.19,False,False
2008,California,CA,State House,76,general,Lori Saldaña,Democratic,113754.0,64.23,True,True
2008,California,CA,State House,76,general,Ralph Denney,Republican,55128.0,31.13,False,False
2008,California,CA,State House,76,general,Daniel Baehr,Libertarian,8224.0,4.64,False,False
2008,California,CA,State House,77,general,Joel Anderson,Republican,92621.0,55.44,True,True
2008,California,CA,State House,77,general,Raymond Lutz,Democratic,64949.0,38.87,False,False
2008,California,CA,State House,77,general,Rich Belitz,Libertarian,9503.0,5.69,False,False
2008,California,CA,State House,78,general,Marty Block,Democratic,93938.0,55.49,True,False
2008,California,CA,State House,78,general,John McCann,Republican,75350.0,44.51,False,False
2008,California,CA,State House,79,general,Mary Salas,Democratic,74051.0,69.48,True,True
2008,California,CA,State House,79,general,Derrick Roach,Republican,32526.0,30.52,False,False
2008,California,CA,State House,80,general,Manuel Perez,Democratic,70140.0,52.65,True,False
2008,California,CA,State House,80,general,Gary Jeandron,Republican,63085.0,47.35,False,False
2008,Delaware,DE,State House,1,general,Dennis Williams,Democratic,7422.0,91.09,True,True
2008,Delaware,DE,State House,1,general,James McClain Jr.,Republican,726.0,8.91,False,False
2008,Delaware,DE,State House,2,general,Hazel Plant,Democratic,5729.0,94.26,True,True
2008,Delaware,DE,State House,2,general,Robert Brown,Independent,349.0,5.74,False,False
2008,Delaware,DE,State House,3,general,Helene Keeley,Democratic,5419.0,100.0,True,True
2008,Delaware,DE,State House,4,general,Gerald Brady,Democratic,7174.0,73.36,True,True
2008,Delaware,DE,State House,4,general,Tyler Patrick Nixon,Republican,2605.0,26.64,False,False
2008,Delaware,DE,State House,5,general,Melanie George Marshall,Democratic,7212.0,100.0,True,True
2008,Delaware,DE,State House,6,general,Diana McWilliams,Democratic,8331.0,100.0,True,True
2008,Delaware,DE,State House,7,general,Bryon Short,Democratic,6281.0,58.57,True,True
2008,Delaware,DE,State House,7,general,James Bowers,Republican,4443.0,41.43,False,False
2008,Delaware,DE,State House,8,general,Quinn Johnson,Democratic,7524.0,57.24,True,False
2008,Delaware,DE,State House,8,general,Martha Sturtevant,Republican,5621.0,42.76,False,False
2008,Delaware,DE,State House,9,general,Richard Cathcart,Republican,7436.0,53.84,True,True
2008,Delaware,DE,State House,9,general,Rebecca Walker,Democratic,6375.0,46.16,False,False
2008,Delaware,DE,State House,10,general,Dennis Williams,Democratic,5091.0,50.97,True,False
2008,Delaware,DE,State House,10,general,Robert Valihura Jr.,Republican,4898.0,49.03,False,True
2008,Delaware,DE,State House,11,general,Gregory Lavelle,Republican,6731.0,63.34,True,True
2008,Delaware,DE,State House,11,general,Charles Old Jr.,Democratic,3895.0,36.66,False,False
2008,Delaware,DE,State House,12,general,Deborah Hudson,Republican,7428.0,100.0,True,True
2008,Delaware,DE,State House,13,general,Larry Mitchell,Democratic,6547.0,96.14,True,True
2008,Delaware,DE,State House,13,general,Jeffrey Brown,Enigma,263.0,3.86,False,False
2008,Delaware,DE,State House,14,general,Peter Schwartzkopf,Democratic,10616.0,100.0,True,True
2008,Delaware,DE,State House,15,general,Valerie Longhurst,Democratic,10570.0,100.0,True,True
2008,Delaware,DE,State House,16,general,J.J. Johnson,Democratic,7078.0,100.0,True,True
2008,Delaware,DE,State House,17,general,Michael Mulrooney,Democratic,6981.0,83.41,True,True
2008,Delaware,DE,State House,17,general,David Lee Osborn,Republican,1388.0,16.59,False,False
2008,Delaware,DE,State House,18,general,Michael Barbieri,Democratic,4164.0,51.99,True,False
2008,Delaware,DE,State House,18,general,Terry Spence,Republican,3845.0,48.01,False,True
2008,Delaware,DE,State House,19,general,Robert Gilligan,Democratic,6482.0,78.38,True,True
2008,Delaware,DE,State House,19,general,Joseph Sakeley,Republican,1729.0,20.91,False,False
2008,Delaware,DE,State House,19,general,Stephen Michael Annand,Enigma,59.0,0.71,False,False
2008,Delaware,DE,State House,20,general,Nick Manolakos,Republican,8045.0,99.7,True,True
2008,Delaware,DE,State House,20,general,Daniel Rappa Jr.,Enigma,24.0,0.3,False,False
2008,Delaware,DE,State House,21,general,Michael Ramone,Republican,5474.0,55.14,True,False
2008,Delaware,DE,State House,21,general,Patricia Creedon,Democratic,4454.0,44.86,False,False
2008,Delaware,DE,State House,22,general,Joseph Miró,Republican,6999.0,66.13,True,True
2008,Delaware,DE,State House,22,general,Rebecca Young,Democratic,3585.0,33.87,False,False
2008,Delaware,DE,State House,23,general,Teresa Schooley,Democratic,6098.0,74.95,True,True
2008,Delaware,DE,State House,23,general,Jesse Priester IV,Republican,2038.0,25.05,False,False
2008,Delaware,DE,State House,24,general,William Orbele Jr.,Republican,4057.0,54.01,True,True
2008,Delaware,DE,State House,24,general,Daniel Basara,Democratic,3455.0,45.99,False,False
2008,Delaware,DE,State House,25,general,John Kowalko Jr.,Democratic,5008.0,73.39,True,True
2008,Delaware,DE,State House,25,general,James Gates,Republican,1816.0,26.61,False,False
2008,Delaware,DE,State House,26,general,John Viola,Democratic,6316.0,79.93,True,True
2008,Delaware,DE,State House,26,general,Jeremy Filliben,Republican,1586.0,20.07,False,False
2008,Delaware,DE,State House,27,general,Earl Jaques Jr.,Democratic,4708.0,48.72,True,False
2008,Delaware,DE,State House,27,general,Vincet Lofink,Republican,4662.0,48.25,False,True
2008,Delaware,DE,State House,27,general,James Spencer,Independent,293.0,3.03,False,False
2008,Delaware,DE,State House,28,general,William Carson Jr.,Democratic,7198.0,100.0,True,False
2008,Delaware,DE,State House,29,general,Pamela Thornburg,Republican,5624.0,50.22,True,True
2008,Delaware,DE,State House,29,general,Charles Paradee,Democratic,5574.0,49.78,False,False
2008,Delaware,DE,State House,30,general,William Outten,Republican,6921.0,100.0,True,True
2008,Delaware,DE,State House,31,general,Darryl Scott,Democratic,4372.0,52.64,True,False
2008,Delaware,DE,State House,31,general,Nancy Wagner,Republican,3934.0,47.36,False,True
2008,Delaware,DE,State House,32,general,Brad Bennett,Democratic,3742.0,57.03,True,False
2008,Delaware,DE,State House,32,general,Donna Stone,Republican,2820.0,42.97,False,True
2008,Delaware,DE,State House,33,general,Robert Walls,Democratic,5546.0,53.66,True,True
2008,Delaware,DE,State House,33,general,Harold Peterman,Republican,4790.0,46.34,False,False
2008,Delaware,DE,State House,34,general,Donald Blakey,Republican,6229.0,61.3,True,True
2008,Delaware,DE,State House,34,general,G. Bruce Hamilton,Democratic,3933.0,38.7,False,False
2008,Delaware,DE,State House,35,general,David Wilson,Republican,5174.0,60.98,True,False
2008,Delaware,DE,State House,35,general,L. Aaron Chaffinch,Democratic,3311.0,39.02,False,False
2008,Delaware,DE,State House,36,general,V. George Carey,Republican,8963.0,100.0,True,True
2008,Delaware,DE,State House,37,general,Joseph Booth,Republican,6242.0,64.2,True,True
2008,Delaware,DE,State House,37,general,Helen Truitt,Democratic,3480.0,35.8,False,False
2008,Delaware,DE,State House,38,general,Gerald Hocker,Republican,9769.0,72.08,True,True
2008,Delaware,DE,State House,38,general,Mary Ryan,Democratic,3784.0,27.92,False,False
2008,Delaware,DE,State House,39,general,Daniel Short,Republican,5185.0,68.79,True,True
2008,Delaware,DE,State House,39,general,Jerry Semper,Democratic,2352.0,31.21,False,False
2008,Delaware,DE,State House,40,general,Clifford Lee,Republican,5191.0,58.85,True,True
2008,Delaware,DE,State House,40,general,Barbara Hudson,Democratic,3630.0,41.15,False,False
2008,Delaware,DE,State House,41,general,John Atkins,Democratic,5665.0,52.99,True,False
2008,Delaware,DE,State House,41,general,Gregory Hastings,Republican,5025.0,47.01,False,True
2008,Georgia,GA,State House,8,general,Stephen Allison,Republican,13228.0,51.6,True,False
2008,Georgia,GA,State House,8,general,Charles F. Jenkins,Democratic,12389.0,48.4,False,False
2008,Georgia,GA,State House,13,general,Katie M. Dempsey,Republican,7527.0,51.0,False,False
2008,Georgia,GA,State House,13,general,Bob Puckett,Democratic,7238.0,49.0,False,False
2008,Georgia,GA,State House,13,general,Rick Crawford,Democratic,8461.0,50.5,True,False
2008,Georgia,GA,State House,13,general,Bob Culver,Republican,8279.0,49.5,False,False
2008,Georgia,GA,State House,95,general,Toney L. Collins,Democratic,18527.0,61.8,True,False
2008,Georgia,GA,State House,95,general,Erick Hunt,Republican,11442.0,38.2,False,False
2008,Massachusetts,MA,State House,,general,},,,,True,False
2008,Michigan,MI,State House,1,general,Tim Bledsoe,Democratic,26793.0,56.77,True,False
2008,Michigan,MI,State House,1,general,Mary Treder Lang,Republican,20404.0,43.23,False,False
2008,Michigan,MI,State House,2,general,LaMar Lemmons,Democratic,25325.0,96.46,True,True
2008,Michigan,MI,State House,2,general,Edith Floyd,Republican,930.0,3.54,False,False
2008,Michigan,MI,State House,3,general,Bettie Cook Scott,Democratic,27841.0,98.11,True,True
2008,Michigan,MI,State House,3,general,Fred Vitale,Green,468.0,1.65,False,False
2008,Michigan,MI,State House,3,general,Tim Beck,Libertarian,69.0,0.24,False,False
2008,Michigan,MI,State House,4,general,Coleman Young,Democratic,28089.0,100.0,True,True
2008,Michigan,MI,State House,5,general,Bert Johnson,Democratic,25589.0,100.0,True,False
2008,Michigan,MI,State House,6,general,Fred Durhal,Democratic,28167.0,100.0,True,False
2008,Michigan,MI,State House,7,general,Jimmy Womack,Democratic,29764.0,95.69,True,False
2008,Michigan,MI,State House,7,general,Derek Grigsby,Green,1342.0,4.31,False,False
2008,Michigan,MI,State House,8,general,George Cushingberry Jr.,Democratic,38306.0,96.89,True,True
2008,Michigan,MI,State House,8,general,Thomas Jones,Libertarian,1229.0,3.11,False,False
2008,Michigan,MI,State House,9,general,Shanelle Jackson,Democratic,34084.0,100.0,True,True
2008,Michigan,MI,State House,10,general,Gabe Leland,Democratic,27644.0,94.81,True,True
2008,Michigan,MI,State House,10,general,Marc Sosnowski,Constitution,1513.0,5.19,False,False
2008,Michigan,MI,State House,11,general,David Nathan,Democratic,30815.0,96.93,True,False
2008,Michigan,MI,State House,11,general,Leonard Mier,Republican,976.0,3.07,False,False
2008,Michigan,MI,State House,12,general,Rashida Tlaib,Democratic,14176.0,90.03,True,False
2008,Michigan,MI,State House,12,general,Darrin Daigle,Republican,1569.0,9.97,False,False
2008,Michigan,MI,State House,13,general,Andrew Kandrevas,Democratic,28040.0,65.72,True,False
2008,Michigan,MI,State House,13,general,Timothy Kachinski,Republican,14626.0,34.28,False,False
2008,Michigan,MI,State House,14,general,Ed Clemente,Democratic,28699.0,76.33,True,False
2008,Michigan,MI,State House,14,general,Patrick O'Connell,Republican,8898.0,23.67,False,False
2008,Michigan,MI,State House,15,general,Gino Polidori,Democratic,28606.0,77.53,True,True
2008,Michigan,MI,State House,15,general,Scott Saionz,Republican,8292.0,22.47,False,False
2008,Michigan,MI,State House,16,general,Bob Constan,Democratic,28194.0,75.53,True,True
2008,Michigan,MI,State House,16,general,Joseph Smith,Republican,9133.0,24.47,False,False
2008,Michigan,MI,State House,17,general,Andy Dillon,Democratic,27860.0,66.06,True,True
2008,Michigan,MI,State House,17,general,Sandra Eggers,Republican,14311.0,33.94,False,False
2008,Michigan,MI,State House,18,general,Richard LeBlanc,Democratic,28952.0,88.59,True,True
2008,Michigan,MI,State House,18,general,Harold Dunn,Constitution,3729.0,11.41,False,False
2008,Michigan,MI,State House,19,general,John J. Walsh,Republican,29749.0,60.01,True,False
2008,Michigan,MI,State House,19,general,Steve King,Democratic,19827.0,39.99,False,False
2008,Michigan,MI,State House,20,general,Marc Corriveau,Democratic,30393.0,59.0,True,False
2008,Michigan,MI,State House,20,general,Jerry Vorva,Republican,21124.0,41.0,False,False
2008,Michigan,MI,State House,21,general,Dian Slavens,Democratic,27802.0,51.69,True,False
2008,Michigan,MI,State House,21,general,Todd LaJoy,Republican,24203.0,45.0,False,False
2008,Michigan,MI,State House,21,general,Brian Cronan,Independent (politician),1784.0,3.32,False,False
2008,Michigan,MI,State House,22,general,Doug Geiss,Democratic,25673.0,70.58,True,False
2008,Michigan,MI,State House,22,general,Darrell McNeill,Republican,6780.0,18.64,False,False
2008,Michigan,MI,State House,22,general,Charley Johnson,Independent (politician),3180.0,8.74,False,False
2008,Michigan,MI,State House,22,general,Dennis Schlemmer,Libertarian,739.0,2.03,False,False
2008,Michigan,MI,State House,23,general,Deb Kennedy,Democratic,26985.0,59.49,True,False
2008,Michigan,MI,State House,23,general,Neil DeBlois,Republican,18375.0,40.51,False,False
2008,Michigan,MI,State House,24,general,Sarah Roberts,Democratic,23494.0,49.36,True,False
2008,Michigan,MI,State House,24,general,Bryan Brandenburg,Republican,22428.0,47.12,False,False
2008,Michigan,MI,State House,24,general,Jody Beaubien,Green,1678.0,3.53,False,False
2008,Michigan,MI,State House,25,general,Jon Switalski,Democratic,26869.0,62.94,True,False
2008,Michigan,MI,State House,25,general,Michael Wiecek,Republican,14285.0,33.46,False,False
2008,Michigan,MI,State House,25,general,James Allison,Libertarian,653.0,1.53,False,False
2008,Michigan,MI,State House,25,general,Richard Kuszmar,Green,453.0,1.06,False,False
2008,Michigan,MI,State House,25,general,Steven Revis,Constitution,433.0,1.01,False,False
2008,Michigan,MI,State House,26,general,Marie Donigan,Democratic,28002.0,61.74,True,True
2008,Michigan,MI,State House,26,general,Michael Goodman,Republican,15470.0,34.11,False,False
2008,Michigan,MI,State House,26,general,James Young,Libertarian,1884.0,4.15,False,False
2008,Michigan,MI,State House,27,general,Ellen Cogen Lipton,Democratic,31756.0,71.41,True,False
2008,Michigan,MI,State House,27,general,David Micola,Republican,10098.0,22.71,False,False
2008,Michigan,MI,State House,27,general,Shelley Bane,Green,1366.0,3.07,False,False
2008,Michigan,MI,State House,27,general,John Skosnik,Libertarian,1250.0,2.81,False,False
2008,Michigan,MI,State House,28,general,Lesia Liss,Democratic,24651.0,70.45,True,False
2008,Michigan,MI,State House,28,general,Jason Balaska,Republican,10339.0,29.55,False,False
2008,Michigan,MI,State House,29,general,Tim Melton,Democratic,25695.0,83.51,True,False
2008,Michigan,MI,State House,29,general,Scott Sampeer,Republican,5075.0,16.49,False,False
2008,Michigan,MI,State House,30,general,Tory Rocca,Republican,25713.0,59.99,True,True
2008,Michigan,MI,State House,30,general,Grant Hughes,Democratic,17147.0,40.01,False,False
2008,Michigan,MI,State House,31,general,Fred Miller,Democratic,26404.0,66.1,True,False
2008,Michigan,MI,State House,31,general,Daniel Tollis,Republican,12277.0,30.74,False,False
2008,Michigan,MI,State House,31,general,James Miller,Libertarian,1263.0,3.16,False,False
2008,Michigan,MI,State House,32,general,Jennifer Haase,Democratic,23681.0,49.78,True,False
2008,Michigan,MI,State House,32,general,"Accavitti, John",Republican,22450.0,47.19,False,False
2008,Michigan,MI,State House,32,general,Zemens Joseph,Libertarian,1445.0,3.04,False,False
2008,Michigan,MI,State House,33,general,Kimberly Meltzer,Republican,32915.0,59.12,True,True
2008,Michigan,MI,State House,33,general,Andrew Prasiloski,Democratic,22764.0,40.88,False,False
2008,Michigan,MI,State House,34,general,Woodrow Stanley,Democratic,26867.0,84.38,True,False
2008,Michigan,MI,State House,34,general,Adam Ford,Republican,4973.0,15.62,False,False
2008,Michigan,MI,State House,35,general,Vincent Gregory,Democratic,41015.0,87.55,True,False
2008,Michigan,MI,State House,35,general,Katie Koppin,Republican,4936.0,10.54,False,False
2008,Michigan,MI,State House,35,general,Franklin Harden,Green,894.0,1.91,False,False
2008,Michigan,MI,State House,36,general,Pete Lund,Republican,30753.0,60.71,True,False
2008,Michigan,MI,State House,36,general,Robert Murphy,Democratic,19904.0,39.29,False,False
2008,Michigan,MI,State House,37,general,Vicki Barnett,Democratic,28570.0,60.12,True,False
2008,Michigan,MI,State House,37,general,Paul Welday,Republican,18953.0,39.88,False,False
2008,Michigan,MI,State House,38,general,Hugh Crawford,Republican,27110.0,57.5,True,False
2008,Michigan,MI,State House,38,general,Chuck Tindall,Democratic,20037.0,42.5,False,False
2008,Michigan,MI,State House,39,general,Lisa Brown,Democratic,25426.0,51.59,True,False
2008,Michigan,MI,State House,39,general,Amy Peterman,Republican,22721.0,46.11,False,False
2008,Michigan,MI,State House,39,general,Jerry Plas,Libertarian,1133.0,2.3,False,False
2008,Michigan,MI,State House,40,general,Chuck Moss,Republican,31381.0,59.77,True,True
2008,Michigan,MI,State House,40,general,Julie Candler,Democratic,19815.0,37.74,False,False
2008,Michigan,MI,State House,40,general,Larry Ross,Libertarian,1307.0,2.49,False,False
2008,Michigan,MI,State House,41,general,Marty Knollenberg,Republican,27805.0,57.79,True,True
2008,Michigan,MI,State House,41,general,Evan Ross Treharne,Democratic,20313.0,42.21,False,False
2008,Michigan,MI,State House,42,general,Harold Haugh,Democratic,26789.0,70.41,True,False
2008,Michigan,MI,State House,42,general,Greg Fleming,Republican,9697.0,25.49,False,False
2008,Michigan,MI,State House,42,general,Daniel Flamand,Libertarian,1560.0,4.1,False,False
2008,Michigan,MI,State House,43,general,Gail Haines,Republican,20216.0,49.26,True,False
2008,Michigan,MI,State House,43,general,Scott Hudson,Democratic,19367.0,47.19,False,False
2008,Michigan,MI,State House,43,general,Paul Greenawalt,Constitution,1460.0,3.56,False,False
2008,Michigan,MI,State House,44,general,Eileen Kowall,Republican,33271.0,66.6,True,False
2008,Michigan,MI,State House,44,general,Mark Venie,Democratic,16685.0,33.4,False,False
2008,Michigan,MI,State House,45,general,Tom McMillin,Republican,29445.0,57.48,True,False
2008,Michigan,MI,State House,45,general,Randy Young,Democratic,21781.0,42.52,False,False
2008,Michigan,MI,State House,46,general,James Marleau,Republican,29263.0,60.58,True,True
2008,Michigan,MI,State House,46,general,Katherine Houston,Democratic,19045.0,39.42,False,False
2008,Michigan,MI,State House,47,general,Cindy Denby,Republican,27851.0,59.02,True,False
2008,Michigan,MI,State House,47,general,Scott Lucas,Democratic,17059.0,36.15,False,False
2008,Michigan,MI,State House,47,general,Rodger Young,Libertarian,1347.0,2.85,False,False
2008,Michigan,MI,State House,47,general,Philip Johnson,Constitution,929.0,1.97,False,False
2008,Michigan,MI,State House,48,general,Richard Hammel,Democratic,28245.0,67.34,True,False
2008,Michigan,MI,State House,48,general,Ralph Burger,Republican,13698.0,32.66,False,False
2008,Michigan,MI,State House,49,general,Lee Gonzales,Democratic,32653.0,100.0,True,True
2008,Michigan,MI,State House,50,general,Jim Slezak,Democratic,29792.0,72.52,True,False
2008,Michigan,MI,State House,50,general,Douglas O'Neal,Republican,11290.0,27.48,False,False
2008,Michigan,MI,State House,51,general,Paul Scott,Republican,29919.0,52.95,True,False
2008,Michigan,MI,State House,51,general,Michael Thorp,Democratic,26587.0,47.05,False,False
2008,Michigan,MI,State House,52,general,Pam Byrnes,Democratic,35954.0,62.95,True,True
2008,Michigan,MI,State House,52,general,Eric Lielbriedis,Republican,19179.0,33.58,False,False
2008,Michigan,MI,State House,52,general,John Boyle,Libertarian,1981.0,3.47,False,False
2008,Michigan,MI,State House,53,general,Rebekah Warren,Democratic,37834.0,78.31,True,True
2008,Michigan,MI,State House,53,general,Christina Brewton,Republican,8281.0,17.14,False,False
2008,Michigan,MI,State House,53,general,Matt Erard,Green,2199.0,4.55,False,False
2008,Michigan,MI,State House,54,general,Alma Wheeler Smith,Democratic,33501.0,71.13,True,True
2008,Michigan,MI,State House,54,general,Tom Banks,Republican,12281.0,26.07,False,False
2008,Michigan,MI,State House,54,general,David Raaflaub,Libertarian,1319.0,2.8,False,False
2008,Michigan,MI,State House,55,general,Kathy Angerer,Democratic,33234.0,66.09,True,True
2008,Michigan,MI,State House,55,general,Frank Moynihan,Republican,17054.0,33.91,False,False
2008,Michigan,MI,State House,56,general,Kate Ebli,Democratic,28495.0,63.07,True,True
2008,Michigan,MI,State House,56,general,JeanMarie Dahm,Republican,15459.0,34.22,False,False
2008,Michigan,MI,State House,56,general,John Eleniewski,Constitution,1224.0,2.71,False,False
2008,Michigan,MI,State House,57,general,Dudley Spade,Democratic,29125.0,67.93,True,True
2008,Michigan,MI,State House,57,general,Emma Jenkins,Republican,13752.0,32.07,False,False
2008,Michigan,MI,State House,58,general,Kenneth Kurtz,Republican,24487.0,66.83,True,False
2008,Michigan,MI,State House,58,general,Jeane Ann Kennedy Windsor,Democratic,12151.0,33.17,False,False
2008,Michigan,MI,State House,59,general,Matt Lori,Republican,23826.0,59.86,True,False
2008,Michigan,MI,State House,59,general,Carol Higgins,Democratic,15977.0,40.14,False,False
2008,Michigan,MI,State House,60,general,Robert Jones,Democratic,30135.0,73.87,True,True
2008,Michigan,MI,State House,60,general,Charles Ybema,Republican,10658.0,26.13,False,False
2008,Michigan,MI,State House,61,general,Larry DeShazor,Republican,28303.0,51.07,True,False
2008,Michigan,MI,State House,61,general,Julie Rogers,Democratic,27122.0,48.93,False,False
2008,Michigan,MI,State House,62,general,Kate Segal,Democratic,25011.0,61.86,True,False
2008,Michigan,MI,State House,62,general,Greg Moore,Republican,15419.0,38.14,False,False
2008,Michigan,MI,State House,63,general,Jase Bolger,Republican,27641.0,56.62,True,False
2008,Michigan,MI,State House,63,general,Phyllis Smith,Democratic,21179.0,43.38,False,False
2008,Michigan,MI,State House,64,general,Martin Griffin,Democratic,24260.0,62.66,True,False
2008,Michigan,MI,State House,64,general,Leland Prebble,Republican,14454.0,37.34,False,False
2008,Michigan,MI,State House,65,general,Mike Simpson,Democratic,25444.0,63.29,True,False
2008,Michigan,MI,State House,65,general,Ray Snell,Republican,14759.0,36.71,False,False
2008,Michigan,MI,State House,66,general,Bill Rogers,Republican,32128.0,60.29,True,False
2008,Michigan,MI,State House,66,general,Donna Anderson,Democratic,19145.0,35.92,False,False
2008,Michigan,MI,State House,66,general,Todd Richardson,Libertarian,2020.0,3.79,False,False
2008,Michigan,MI,State House,67,general,Barb Byrum,Democratic,30692.0,62.85,True,True
2008,Michigan,MI,State House,67,general,Mike Herter,Republican,16794.0,34.39,False,False
2008,Michigan,MI,State House,67,general,Vince Dragonetti,Libertarian,1347.0,2.76,False,False
2008,Michigan,MI,State House,68,general,Joan Bauer,Democratic,33866.0,77.76,True,True
2008,Michigan,MI,State House,68,general,David Irons,Republican,8797.0,20.2,False,False
2008,Michigan,MI,State House,68,general,DelRae Finnerty,Constitution,889.0,2.04,False,False
2008,Michigan,MI,State House,69,general,Mark Meadows,Democratic,30948.0,69.17,True,True
2008,Michigan,MI,State House,69,general,Frank Lambert,Republican,13794.0,30.83,False,False
2008,Michigan,MI,State House,70,general,Mike Huckleberry,Democratic,21212.0,54.35,True,False
2008,Michigan,MI,State House,70,general,Thomas Ginster,Republican,17814.0,45.65,False,False
2008,Michigan,MI,State House,71,general,Rick Jones,Republican,29169.0,58.07,True,True
2008,Michigan,MI,State House,71,general,Mark Eagle,Democratic,21063.0,41.93,False,False
2008,Michigan,MI,State House,72,general,Justin Amash,Republican,31238.0,60.95,True,False
2008,Michigan,MI,State House,72,general,Albert Abbasse,Democratic,18454.0,36.01,False,False
2008,Michigan,MI,State House,72,general,William Wenzel,Libertarian,1558.0,3.04,False,False
2008,Michigan,MI,State House,73,general,Tom Pearce,Republican,31754.0,58.93,True,False
2008,Michigan,MI,State House,73,general,Bruce Hawley,Democratic,20615.0,38.26,False,False
2008,Michigan,MI,State House,73,general,Larry Orcutt,Libertarian,1514.0,2.81,False,False
2008,Michigan,MI,State House,74,general,David Agema,Republican,36204.0,70.25,True,True
2008,Michigan,MI,State House,74,general,Leon Chase,Democratic,13421.0,26.04,False,False
2008,Michigan,MI,State House,74,general,Tracey McLaughlin,Libertarian,1911.0,3.71,False,False
2008,Michigan,MI,State House,75,general,Robert Dean,Democratic,24676.0,58.08,True,True
2008,Michigan,MI,State House,75,general,Dan Tietema,Republican,16930.0,39.85,False,False
2008,Michigan,MI,State House,75,general,Mark Simonait,Libertarian,880.0,2.07,False,False
2008,Michigan,MI,State House,76,general,Roy Schmidt,Democratic,23413.0,71.33,True,True
2008,Michigan,MI,State House,76,general,Marc Tonnemacher,Republican,7048.0,21.47,False,False
2008,Michigan,MI,State House,76,general,William Mohr,Constitution,1340.0,4.08,False,False
2008,Michigan,MI,State House,76,general,Matthew Friar,Libertarian,1022.0,3.11,False,False
2008,Michigan,MI,State House,77,general,Kevin Green,Republican,25338.0,62.38,True,True
2008,Michigan,MI,State House,77,general,Charles Geerlings,Democratic,14119.0,34.76,False,False
2008,Michigan,MI,State House,77,general,Mike Orcutt,Libertarian,1161.0,2.86,False,False
2008,Michigan,MI,State House,78,general,Sharon Tyler,Republican,20226.0,52.06,True,False
2008,Michigan,MI,State House,78,general,Judy Truesdell,Democratic,18623.0,47.94,False,False
2008,Michigan,MI,State House,79,general,John Proos,Republican,25440.0,57.29,True,True
2008,Michigan,MI,State House,79,general,Jim Hahn,Democratic,18964.0,42.71,False,False
2008,Michigan,MI,State House,80,general,Tonya Schuitmaker,Republican,23428.0,61.07,True,True
2008,Michigan,MI,State House,80,general,Jessie Olson,Democratic,14935.0,38.93,False,False
2008,Michigan,MI,State House,81,general,Phil Pavlov,Republican,30125.0,64.26,True,False
2008,Michigan,MI,State House,81,general,Brent Pencak,Democratic,16757.0,35.74,False,False
2008,Michigan,MI,State House,82,general,Kevin Daley,Republican,24655.0,57.26,True,False
2008,Michigan,MI,State House,82,general,Bill Marquardt,Democratic,18406.0,42.74,False,False
2008,Michigan,MI,State House,83,general,John Espinoza,Democratic,26005.0,64.52,True,True
2008,Michigan,MI,State House,83,general,Steve Kearns,Republican,14299.0,35.48,False,False
2008,Michigan,MI,State House,84,general,Terry Brown,Democratic,28191.0,64.79,True,True
2008,Michigan,MI,State House,84,general,Anna Kabot,Republican,15320.0,35.21,False,False
2008,Michigan,MI,State House,85,general,Dick Ball,Republican,22205.0,52.77,True,True
2008,Michigan,MI,State House,85,general,Judy Ford,Democratic,18593.0,44.19,False,False
2008,Michigan,MI,State House,85,general,James Gould,Constitution,1280.0,3.04,False,False
2008,Michigan,MI,State House,86,general,Dave Hildenbrand,Republican,34004.0,64.52,True,True
2008,Michigan,MI,State House,86,general,Melissa Casalina,Democratic,17135.0,32.51,False,False
2008,Michigan,MI,State House,86,general,Patricia Steinport,Libertarian,1565.0,2.97,False,False
2008,Michigan,MI,State House,87,general,Brian Calley,Republican,29582.0,64.05,True,True
2008,Michigan,MI,State House,87,general,Greg Grieves,Democratic,14359.0,31.09,False,False
2008,Michigan,MI,State House,87,general,Phillip Adams,Constitution,1267.0,2.74,False,False
2008,Michigan,MI,State House,87,general,Joseph Gillotte,Libertarian,975.0,2.11,False,False
2008,Michigan,MI,State House,88,general,Bob Genetski,Republican,29064.0,61.6,True,False
2008,Michigan,MI,State House,88,general,Tom Clark,Democratic,18119.0,38.4,False,False
2008,Michigan,MI,State House,89,general,Arlan Meekhof,Republican,28927.0,60.81,True,True
2008,Michigan,MI,State House,89,general,Tim Winslow,Democratic,16529.0,34.74,False,False
2008,Michigan,MI,State House,89,general,Terry Ashcraft,Libertarian,2117.0,4.45,False,False
2008,Michigan,MI,State House,90,general,Joe Haveman,Republican,31231.0,72.25,True,False
2008,Michigan,MI,State House,90,general,Clay Stauffer,Democratic,11995.0,27.75,False,False
2008,Michigan,MI,State House,91,general,Mary Valentine,Democratic,24444.0,53.75,True,True
2008,Michigan,MI,State House,91,general,Holly Hughes,Republican,21034.0,46.25,False,False
2008,Michigan,MI,State House,92,general,Doug Bennett,Democratic,26005.0,73.6,True,True
2008,Michigan,MI,State House,92,general,James McCormick,Republican,9330.0,26.4,False,False
2008,Michigan,MI,State House,93,general,Paul Opsommer,Republican,26515.0,57.86,True,True
2008,Michigan,MI,State House,93,general,Ronald McComb,Democratic,17951.0,39.17,False,False
2008,Michigan,MI,State House,93,general,Darryl Schmitz,Libertarian,1358.0,2.96,False,False
2008,Michigan,MI,State House,94,general,Ken Horn,Republican,28448.0,57.66,True,True
2008,Michigan,MI,State House,94,general,Bob Blaine,Democratic,20889.0,42.34,False,False
2008,Michigan,MI,State House,95,general,Andy Coulouris,Democratic,28323.0,86.42,True,True
2008,Michigan,MI,State House,95,general,Ted Rosingana,Republican,4451.0,13.58,False,False
2008,Michigan,MI,State House,96,general,Jeff Mayes,Democratic,32208.0,69.78,True,True
2008,Michigan,MI,State House,96,general,Richard Rau,Republican,13950.0,30.22,False,False
2008,Michigan,MI,State House,97,general,Tim Moore,Republican,25996.0,60.63,True,True
2008,Michigan,MI,State House,97,general,Kathy Wilton,Democratic,16877.0,39.37,False,False
2008,Michigan,MI,State House,98,general,Jim Stamas,Republican,25977.0,58.04,True,False
2008,Michigan,MI,State House,98,general,Garnet Lewis,Democratic,18781.0,41.96,False,False
2008,Michigan,MI,State House,99,general,Bill Caul,Republican,22486.0,54.43,True,True
2008,Michigan,MI,State House,99,general,Nancy White,Democratic,17578.0,42.55,False,False
2008,Michigan,MI,State House,99,general,Devon Smith,Libertarian,1244.0,3.01,False,False
2008,Michigan,MI,State House,100,general,Goeff Hansen,Republican,21947.0,55.83,True,True
2008,Michigan,MI,State House,100,general,Bill Richards,Democratic,16341.0,41.57,False,False
2008,Michigan,MI,State House,100,general,Nathaniel Hren,Libertarian,1020.0,2.59,False,False
2008,Michigan,MI,State House,101,general,Daniel Scripps,Democratic,30979.0,59.89,True,True
2008,Michigan,MI,State House,101,general,Ray Franz,Republican,20746.0,40.11,False,False
2008,Michigan,MI,State House,102,general,Darwin Booher,Republican,26198.0,69.59,True,True
2008,Michigan,MI,State House,102,general,Nate Heffron,Democratic,10694.0,28.41,False,False
2008,Michigan,MI,State House,102,general,Thomas Hren,Libertarian,753.0,2.0,False,False
2008,Michigan,MI,State House,103,general,Joel Sheltrown,Democratic,29927.0,66.61,True,True
2008,Michigan,MI,State House,103,general,Dave Ryan,Republican,15003.0,33.39,False,False
2008,Michigan,MI,State House,104,general,Wayne Schmidt,Republican,29116.0,53.28,True,False
2008,Michigan,MI,State House,104,general,Roman Grucz,Democratic,23465.0,42.94,False,False
2008,Michigan,MI,State House,104,general,Dan McDougall,Libertarian,2069.0,3.79,False,False
2008,Michigan,MI,State House,105,general,Kevin Elsenheimer,Republican,30568.0,60.68,True,True
2008,Michigan,MI,State House,105,general,Connie Saltonstall,Democratic,18455.0,36.63,False,False
2008,Michigan,MI,State House,105,general,Greg Dean,Libertarian,1354.0,2.69,False,False
2008,Michigan,MI,State House,106,general,Andy Neumann,Democratic,23438.0,53.14,True,False
2008,Michigan,MI,State House,106,general,Peter Pettalia,Republican,19345.0,43.86,False,False
2008,Michigan,MI,State House,106,general,Scott Alexander,Libertarian,1321.0,3.0,False,False
2008,Michigan,MI,State House,107,general,Gary McDowell,Democratic,31851.0,68.72,True,True
2008,Michigan,MI,State House,107,general,Alex Strobehn,Republican,14500.0,31.28,False,False
2008,Michigan,MI,State House,108,general,Judy Nerat,Democratic,23800.0,56.47,True,False
2008,Michigan,MI,State House,108,general,Mike Falcon,Republican,18350.0,43.53,False,False
2008,Michigan,MI,State House,109,general,Steven Lindberg,Democratic,26760.0,63.61,True,True
2008,Michigan,MI,State House,109,general,Doreen Takalo,Republican,12442.0,29.57,False,False
2008,Michigan,MI,State House,109,general,Richard Hendricksen,Independent (politician),2870.0,6.82,False,False
2008,Michigan,MI,State House,110,general,Michael Lahti,Democratic,26991.0,70.49,True,True
2008,Michigan,MI,State House,110,general,John Larson,Republican,11302.0,29.51,False,False
2008,Minnesota,MN,State House,1A,general,Dave Olin,Democratic-Farmer-Labor,8726.0,50.27,True,False
2008,Minnesota,MN,State House,1A,general,Steve Lillestol,Republican,7851.0,45.23,False,False
2008,Minnesota,MN,State House,1A,general,J.C. Carlson,Independence,771.0,4.44,False,False
2008,Minnesota,MN,State House,1B,general,Bernie Lieder,Democratic-Farmer-Labor,10193.0,58.83,True,False
2008,Minnesota,MN,State House,1B,general,Lonn Kiel,Republican,7116.0,41.07,False,False
2008,Minnesota,MN,State House,2A,general,Kent Eken,Democratic-Farmer-Labor,11411.0,63.54,True,False
2008,Minnesota,MN,State House,2A,general,Steve Green,Republican,6535.0,36.39,False,False
2008,Minnesota,MN,State House,2B,general,Brita Sailer,Democratic-Farmer-Labor,10773.0,54.12,True,False
2008,Minnesota,MN,State House,2B,general,Doug Lindgren,Republican,9117.0,45.8,False,False
2008,Minnesota,MN,State House,3A,general,Tom Anzelc,Democratic-Farmer-Labor,11219.0,59.53,True,False
2008,Minnesota,MN,State House,3A,general,Marv Ott,Republican,6506.0,34.52,False,False
2008,Minnesota,MN,State House,3A,general,Bill Hamm,Independence,1110.0,5.89,False,False
2008,Minnesota,MN,State House,3B,general,Loren Solberg,Democratic-Farmer-Labor,11951.0,57.7,True,False
2008,Minnesota,MN,State House,3B,general,Carolyn McElfatrick,Republican,8732.0,42.16,False,False
2008,Minnesota,MN,State House,4A,general,John Persell,Democratic-Farmer-Labor,10259.0,52.06,True,False
2008,Minnesota,MN,State House,4A,general,John Carlson,Republican,8666.0,43.98,False,False
2008,Minnesota,MN,State House,4A,general,Sharatin Blake,Independence,758.0,3.85,False,False
2008,Minnesota,MN,State House,4B,general,Larry Howes,Republican,12820.0,53.68,True,False
2008,Minnesota,MN,State House,4B,general,Meg Bye,Democratic-Farmer-Labor,11032.0,46.19,False,False
2008,Minnesota,MN,State House,5A,general,Tom Rukavina,Democratic-Farmer-Labor,16230.0,78.33,True,False
2008,Minnesota,MN,State House,5A,general,Greg Knutson,Republican,4461.0,21.53,False,False
2008,Minnesota,MN,State House,5B,general,Tony Sertich,Democratic-Farmer-Labor,13956.0,70.03,True,False
2008,Minnesota,MN,State House,5B,general,John Larson,Republican,5953.0,29.87,False,False
2008,Minnesota,MN,State House,6A,general,David Dill,Democratic-Farmer-Labor,15932.0,71.47,True,False
2008,Minnesota,MN,State House,6A,general,Marty Breaker,Republican,6213.0,27.87,False,False
2008,Minnesota,MN,State House,6B,general,Mary Murphy,Democratic-Farmer-Labor,14807.0,65.23,True,False
2008,Minnesota,MN,State House,6B,general,Steve Townsend,Republican,7823.0,34.46,False,False
2008,Minnesota,MN,State House,7A,general,Tom Huntley,Democratic-Farmer-Labor,15029.0,66.18,True,False
2008,Minnesota,MN,State House,7A,general,Ryan Stauber,Republican,7595.0,33.44,False,False
2008,Minnesota,MN,State House,7B,general,Roger Reinert,Democratic-Farmer-Labor,13364.0,72.96,True,False
2008,Minnesota,MN,State House,7B,general,Allan Kehr,Republican,3648.0,19.91,False,False
2008,Minnesota,MN,State House,7B,general,Jay Cole,Independence,1259.0,6.87,False,False
2008,Minnesota,MN,State House,8A,general,Bill Hilty,Democratic-Farmer-Labor,13042.0,65.08,True,False
2008,Minnesota,MN,State House,8A,general,Tim Hafvenstein,Republican,6956.0,34.71,False,False
2008,Minnesota,MN,State House,8B,general,Tim Faust,Democratic-Farmer-Labor,10258.0,50.63,True,False
2008,Minnesota,MN,State House,8B,general,Judy Soderstrom,Republican,9951.0,49.12,False,False
2008,Minnesota,MN,State House,9A,general,Morrie Lanning,Republican,11739.0,59.15,True,False
2008,Minnesota,MN,State House,9A,general,Mark Olaf Altenburg,Democratic-Farmer-Labor,8064.0,40.63,False,False
2008,Minnesota,MN,State House,9B,general,Paul Marquart,Democratic-Farmer-Labor,15095.0,74.87,True,False
2008,Minnesota,MN,State House,9B,general,Dayna Olson,Republican,5054.0,25.07,False,False
2008,Minnesota,MN,State House,10A,general,Bud Nornes,Republican,11212.0,55.49,True,False
2008,Minnesota,MN,State House,10A,general,Greg Stumbo,Democratic-Farmer-Labor,8981.0,44.45,False,False
2008,Minnesota,MN,State House,11A,general,Torrey Westrom,Republican,13699.0,64.89,True,False
2008,Minnesota,MN,State House,11A,general,Bruce Campbell,Democratic-Farmer-Labor,6328.0,29.97,False,False
2008,Minnesota,MN,State House,11A,general,Dave Holman,Independence,1064.0,5.04,False,False
2008,Minnesota,MN,State House,11B,general,Mary Otremba,Democratic-Farmer-Labor,10681.0,52.34,True,False
2008,Minnesota,MN,State House,11B,general,Dave Kircher,Republican,9682.0,47.44,False,False
2008,Minnesota,MN,State House,12A,general,John Ward,Democratic-Farmer-Labor,13766.0,64.93,True,False
2008,Minnesota,MN,State House,12A,general,David Pundt,Republican,7410.0,34.95,False,False
2008,Minnesota,MN,State House,12B,general,Al Doty,Democratic-Farmer-Labor,10071.0,50.11,True,False
2008,Minnesota,MN,State House,12B,general,Mike LeMieur,Republican,9995.0,49.73,False,False
2008,Minnesota,MN,State House,13A,general,Paul H. Anderson,Republican,11422.0,58.35,True,False
2008,Minnesota,MN,State House,13A,general,Bruce Shuck,Democratic-Farmer-Labor,8128.0,41.52,False,False
2008,Minnesota,MN,State House,13B,general,Al Juhnke,Democratic-Farmer-Labor,10211.0,53.72,True,False
2008,Minnesota,MN,State House,13B,general,Bonnie Wilhelm,Republican,8770.0,46.14,False,False
2008,Minnesota,MN,State House,14A,general,Dan Severson,Republican,12927.0,54.95,True,False
2008,Minnesota,MN,State House,14A,general,Rob Jacobs,Democratic-Farmer-Labor,10572.0,44.94,False,False
2008,Minnesota,MN,State House,14B,general,Larry Hosch,Democratic-Farmer-Labor,14415.0,67.09,True,False
2008,Minnesota,MN,State House,14B,general,Jim Stauber,Republican,7045.0,32.79,False,False
2008,Minnesota,MN,State House,15A,general,Steve Gottwalt,Republican,11446.0,53.6,True,False
2008,Minnesota,MN,State House,15A,general,Joanne Dorsher,Democratic-Farmer-Labor,9873.0,46.23,False,False
2008,Minnesota,MN,State House,15B,general,Larry Haws,Democratic-Farmer-Labor,11008.0,67.15,True,False
2008,Minnesota,MN,State House,15B,general,Joshua Behling,Republican,5322.0,32.47,False,False
2008,Minnesota,MN,State House,16A,general,Gail Kulick Jackson,Democratic-Farmer-Labor,11044.0,50.1,True,False
2008,Minnesota,MN,State House,16A,general,Sondra Erickson,Republican,10955.0,49.7,False,False
2008,Minnesota,MN,State House,16B,general,Mary Kiffmeyer,Republican,15863.0,63.52,True,False
2008,Minnesota,MN,State House,16B,general,Steve Andrews,Democratic-Farmer-Labor,8996.0,36.02,False,False
2008,Minnesota,MN,State House,17A,general,Rob Eastlund,Republican,12448.0,53.18,True,False
2008,Minnesota,MN,State House,17A,general,Jim Godfrey,Democratic-Farmer-Labor,10212.0,43.63,False,False
2008,Minnesota,MN,State House,17A,general,Daniel Sweeney,Independent,719.0,3.07,False,False
2008,Minnesota,MN,State House,41A,general,Keith Downey,Republican,8925.0,36.69,True,False
2008,Minnesota,MN,State House,41A,general,Ron Erhardt,Independent,7760.0,31.9,False,False
2008,Minnesota,MN,State House,41A,general,Kevin Staunton,Democratic-Farmer-Labor,7626.0,31.35,False,False
2008,Minnesota,MN,State House,54B,general,Bev Scalze,Democratic-Farmer-Labor,11573.0,55.06,True,False
2008,Minnesota,MN,State House,54B,general,Julie Johnson,Republican,6852.0,32.6,False,False
2008,Minnesota,MN,State House,54B,general,Paul Gaston,Independence,2556.0,12.16,False,False
2008,Minnesota,MN,State House,59A,general,Diane Loeffler,Democratic-Farmer-Labor,13785.0,75.29,True,False
2008,Minnesota,MN,State House,59A,general,Felix Montez,Republican,2520.0,13.76,False,False
2008,Minnesota,MN,State House,59A,general,Lynne Torgerson,Independent,1238.0,6.76,False,False
2008,Minnesota,MN,State House,59A,general,David Degrio,Independence,723.0,3.95,False,False
2008,Minnesota,MN,State House,61B,general,Jeff Hayden,Democratic-Farmer-Labor,8795.0,60.23,True,False
2008,Minnesota,MN,State House,61B,general,Farheen Hakeem,Green,4423.0,30.29,False,False
2008,Minnesota,MN,State House,61B,general,Lynne Torgerson,Republican,1238.0,9.29,False,False
2008,New Mexico,NM,State House,1,general,Tom Taylor,Republican,9762.0,100.0,True,True
2008,New Mexico,NM,State House,2,general,James Strickler,Republican,6120.0,63.84,True,True
2008,New Mexico,NM,State House,2,general,Alice Marie Slaven-Emond,Democratic,3467.0,36.16,False,False
2008,New Mexico,NM,State House,3,general,Paul Bandy,Republican,8335.0,100.0,True,True
2008,New Mexico,NM,State House,4,general,Ray Begaye,Democratic,7646.0,100.0,True,True
2008,New Mexico,NM,State House,5,general,Sandra Jeff,Democratic,6490.0,74.44,True,False
2008,New Mexico,NM,State House,5,general,Michael Lunnon,Republican,2229.0,25.56,False,False
2008,New Mexico,NM,State House,6,general,Eliseo Alcon,Democratic,5494.0,61.97,True,False
2008,New Mexico,NM,State House,6,general,R. Grant Clawson,Republican,3371.0,38.03,False,False
2008,New Mexico,NM,State House,7,general,Andrew Barreras,Democratic,6185.0,55.5,True,True
2008,New Mexico,NM,State House,7,general,Timothy Lardner,Republican,4960.0,44.5,False,False
2008,New Mexico,NM,State House,8,general,Elias Barela,Democratic,6582.0,60.6,True,True
2008,New Mexico,NM,State House,8,general,Paul Gabaldon,Republican,4279.0,39.4,False,False
2008,New Mexico,NM,State House,9,general,Patricia Lundstrom,Democratic,6511.0,100.0,True,True
2008,New Mexico,NM,State House,10,general,Henry Saavedra,Democratic,6332.0,100.0,True,True
2008,New Mexico,NM,State House,11,general,Rick Miera,Democratic,9600.0,100.0,True,True
2008,New Mexico,NM,State House,12,general,Ernest Chavez,Democratic,6265.0,65.53,True,True
2008,New Mexico,NM,State House,12,general,Clyde Wheeler,Republican,2529.0,26.45,False,False
2008,New Mexico,NM,State House,12,general,Robert Schiller,Independent (politician),766.0,8.01,False,False
2008,New Mexico,NM,State House,13,general,Eleanor Chavez,Democratic,9992.0,100.0,True,False
2008,New Mexico,NM,State House,14,general,Miguel Garcia,Democratic,6713.0,77.58,True,True
2008,New Mexico,NM,State House,14,general,Clara Pena,Republican,1940.0,22.42,False,False
2008,New Mexico,NM,State House,15,general,Bill O'Neill,Democratic,7532.0,52.08,True,False
2008,New Mexico,NM,State House,15,general,Teresa Zanetti,Republican,6929.0,47.92,False,True
2008,New Mexico,NM,State House,16,general,Moe Maestas,Democratic,9474.0,100.0,True,True
2008,New Mexico,NM,State House,17,general,Edward Sandoval,Democratic,9637.0,66.57,True,True
2008,New Mexico,NM,State House,17,general,Ronald Toya,Republican,4839.0,33.43,False,False
2008,New Mexico,NM,State House,18,general,Gail Chasey,Democratic,10237.0,100.0,True,True
2008,New Mexico,NM,State House,19,general,Sheryl Williams Stapleton,Democratic,7764.0,100.0,True,True
2008,New Mexico,NM,State House,20,general,Richard Berry,Republican,9462.0,100.0,True,True
2008,New Mexico,NM,State House,21,general,Mimi Stewart,Democratic,6015.0,67.38,True,True
2008,New Mexico,NM,State House,21,general,Howard Louis De La Cruz-Bancroft,Republican,2912.0,32.62,False,False
2008,New Mexico,NM,State House,22,general,Kathy McCoy,Republican,10140.0,58.37,True,True
2008,New Mexico,NM,State House,22,general,Janice Saxton,Democratic,7233.0,41.63,False,False
2008,New Mexico,NM,State House,23,general,Benjamin Hayden Rodefer,Democratic,8149.0,51.37,True,False
2008,New Mexico,NM,State House,23,general,Eric Youngberg,Republican,7713.0,48.63,False,True
2008,New Mexico,NM,State House,24,general,Janice Arnold-Jones,Republican,8704.0,100.0,True,True
2008,New Mexico,NM,State House,25,general,Danice Picraux,Democratic,9572.0,100.0,True,True
2008,New Mexico,NM,State House,26,general,Al Park,Democratic,5502.0,74.99,True,True
2008,New Mexico,NM,State House,26,general,Rhead Story,Republican,1835.0,25.01,False,False
2008,New Mexico,NM,State House,27,general,Larry Larrañaga,Republican,11882.0,100.0,True,True
2008,New Mexico,NM,State House,28,general,Jimmie Hall,Republican,7274.0,53.56,True,True
2008,New Mexico,NM,State House,28,general,Shay Rose,Democratic,6306.0,46.44,False,False
2008,New Mexico,NM,State House,29,general,Thomas Anderson,Republican,14871.0,100.0,True,True
2008,New Mexico,NM,State House,30,general,Karen Giannini,Democratic,6647.0,50.62,True,False
2008,New Mexico,NM,State House,30,general,Justine Fox-Young,Republican,6483.0,49.38,False,True
2008,New Mexico,NM,State House,31,general,Bill Rehm,Republican,11117.0,100.0,True,True
2008,New Mexico,NM,State House,32,general,Dona Irwin,Democratic,5325.0,65.38,True,True
2008,New Mexico,NM,State House,32,general,Philip Skinner,Republican,2820.0,34.62,False,False
2008,New Mexico,NM,State House,33,general,Joni Gutierrez,Democratic,8915.0,100.0,True,True
2008,New Mexico,NM,State House,33,general,Jesus Caro Jr.,Democratic,511.0,28.72,False,False
2008,New Mexico,NM,State House,34,general,Mary Helen Garcia,Democratic,5111.0,100.0,True,True
2008,New Mexico,NM,State House,35,general,Antonio Luján,Democratic,6937.0,100.0,True,True
2008,New Mexico,NM,State House,36,general,Andy Nuñez,Democratic,5432.0,53.6,True,True
2008,New Mexico,NM,State House,36,general,Mike Tellez,Republican,4703.0,46.4,False,False
2008,New Mexico,NM,State House,37,general,Jeff Steinborn,Democratic,9305.0,60.53,True,True
2008,New Mexico,NM,State House,37,general,D. Kent Evans,Republican,6068.0,39.47,False,False
2008,New Mexico,NM,State House,38,general,Dianne Hamilton,Republican,7754.0,100.0,True,True
2008,New Mexico,NM,State House,39,general,Rodolpho Martinez,Democratic,7254.0,100.0,True,True
2008,New Mexico,NM,State House,40,general,Nick Salazar,Democratic,8758.0,100.0,True,True
2008,New Mexico,NM,State House,41,general,Debbie Rodella,Democratic,7812.0,100.0,True,True
2008,New Mexico,NM,State House,42,general,Roberto Gonzales,Democratic,11597.0,100.0,True,True
2008,New Mexico,NM,State House,43,general,Jeannette Wallace,Republican,9677.0,100.0,True,True
2008,New Mexico,NM,State House,44,general,Jane Powdrell-Culbert,Republican,11581.0,54.13,True,True
2008,New Mexico,NM,State House,44,general,Lisa Cour,Democratic,9812.0,45.87,False,False
2008,New Mexico,NM,State House,45,general,Jim Trujillo,Democratic,8678.0,100.0,True,True
2008,New Mexico,NM,State House,46,general,Ben Luján,Democratic,11025.0,100.0,True,True
2008,New Mexico,NM,State House,47,general,Brian Egolf,Democratic,14305.0,100.0,True,False
2008,New Mexico,NM,State House,48,general,Lucky Varela,Democratic,11173.0,100.0,True,True
2008,New Mexico,NM,State House,49,general,Don Tripp,Republican,9688.0,100.0,True,True
2008,New Mexico,NM,State House,50,general,Rhonda Sue King,Democratic,9487.0,100.0,True,True
2008,New Mexico,NM,State House,51,general,Gloria Vaughn,Republican,3819.0,54.24,True,True
2008,New Mexico,NM,State House,51,general,Douglas Matthew Post,Democratic,3222.0,45.76,False,False
2008,New Mexico,NM,State House,52,general,Joe Cervantes,Democratic,6443.0,100.0,True,True
2008,New Mexico,NM,State House,53,general,Nate Cote,Democratic,5864.0,59.02,True,True
2008,New Mexico,NM,State House,53,general,Stanford Eric Locke,Republican,4072.0,40.98,False,False
2008,New Mexico,NM,State House,54,general,Bill Gray,Republican,4833.0,100.0,True,True
2008,New Mexico,NM,State House,55,general,John Heaton,Democratic,5676.0,54.16,True,True
2008,New Mexico,NM,State House,55,general,Cathrynn Brown,Republican,4805.0,45.84,False,False
2008,New Mexico,NM,State House,56,general,Dub Williams,Republican,7288.0,100.0,True,True
2008,New Mexico,NM,State House,57,general,Dennis Kintigh,Republican,8229.0,66.05,True,False
2008,New Mexico,NM,State House,57,general,Mary Frances Barron,Democratic,4230.0,33.95,False,False
2008,New Mexico,NM,State House,58,general,Candy Ezzell,Republican,4208.0,61.62,True,True
2008,New Mexico,NM,State House,58,general,George Peterson,Democratic,2621.0,38.38,False,False
2008,New Mexico,NM,State House,59,general,Nora Espinoza,Republican,6469.0,65.24,True,True
2008,New Mexico,NM,State House,59,general,Ellen Wedum,Democratic,3446.0,34.76,False,False
2008,New Mexico,NM,State House,60,general,Jack Thomas,Democratic,8362.0,50.85,True,False
2008,New Mexico,NM,State House,60,general,Paula Papponi,Republican,8084.0,49.15,False,False
2008,New Mexico,NM,State House,61,general,Shirley Tyler,Republican,4713.0,100.0,True,True
2008,New Mexico,NM,State House,62,general,Donald Bratton,Republican,8402.0,100.0,True,True
2008,New Mexico,NM,State House,63,general,Jose Campos II,Democratic,4001.0,58.77,True,True
2008,New Mexico,NM,State House,63,general,Matthew Rush,Republican,2807.0,41.23,False,False
2008,New Mexico,NM,State House,64,general,Anna Crook,Republican,5977.0,63.95,True,True
2008,New Mexico,NM,State House,64,general,Mario Trujillo,Democratic,3370.0,36.05,False,False
2008,New Mexico,NM,State House,65,general,James Madalena,Democratic,8049.0,100.0,True,True
2008,New Mexico,NM,State House,66,general,Keith Gardner,Republican,7330.0,100.0,True,True
2008,New Mexico,NM,State House,67,general,Dennis Roch,Republican,5496.0,55.19,True,False
2008,New Mexico,NM,State House,67,general,Craig Cosner,Democratic,4463.0,44.81,False,False
2008,New Mexico,NM,State House,68,general,Thomas Garcia,Democratic,8226.0,72.84,True,True
2008,New Mexico,NM,State House,68,general,Sylvia Olson,Republican,3067.0,27.16,False,False
2008,New Mexico,NM,State House,69,general,Ken Martinez,Democratic,7457.0,100.0,True,True
2008,New Mexico,NM,State House,70,general,Richard Vigil,Democratic,7185.0,69.81,True,True
2008,New Mexico,NM,State House,70,general,Mel Root,Republican,3107.0,30.19,False,False
2008,North Carolina,NC,State House,1,general,Bill Owens,Democratic,25181.0,100.0,True,True
2008,North Carolina,NC,State House,2,general,Timothy Spear,Democratic,20705.0,63.3,True,True
2008,North Carolina,NC,State House,2,general,Chris East,Republican,11152.0,34.09,False,False
2008,North Carolina,NC,State House,2,general,Jesse Mignogna,Libertarian,852.0,2.6,False,False
2008,North Carolina,NC,State House,3,general,Alice Graham Underhill,Democratic,16943.0,49.92,True,True
2008,North Carolina,NC,State House,3,general,Norman Sanderson,Republican,16173.0,47.65,False,False
2008,North Carolina,NC,State House,3,general,Herb Sobel,Libertarian,825.0,2.43,False,False
2008,North Carolina,NC,State House,4,general,Russell Tucker,Democratic,19024.0,100.0,True,True
2008,North Carolina,NC,State House,5,general,Annie Mobley,Democratic,23381.0,100.0,True,True
2008,North Carolina,NC,State House,6,general,Arthur Williams,Democratic,25038.0,100.0,True,True
2008,North Carolina,NC,State House,7,general,Angela Bryant,Democratic,22928.0,100.0,True,True
2008,North Carolina,NC,State House,8,general,Edith Warren,Democratic,25313.0,100.0,True,True
2008,North Carolina,NC,State House,9,general,Marian McLawhorn,Democratic,24916.0,62.27,True,True
2008,North Carolina,NC,State House,9,general,Ginny Cooper,Republican,15094.0,37.73,False,False
2008,North Carolina,NC,State House,10,general,Van Braxton,Democratic,15506.0,51.56,True,True
2008,North Carolina,NC,State House,10,general,Stephen LaRoque,Republican,14565.0,48.44,False,False
2008,North Carolina,NC,State House,11,general,Efton Sager,Republican,18487.0,57.95,True,False
2008,North Carolina,NC,State House,11,general,Ronnie Griffin,Democratic,13412.0,42.05,False,False
2008,North Carolina,NC,State House,12,general,William Wainwright,Democratic,17659.0,69.14,True,True
2008,North Carolina,NC,State House,12,general,Mark W. Griffin,Republican,7882.0,30.86,False,False
2008,North Carolina,NC,State House,13,general,Pat McElraft,Republican,22022.0,56.85,True,True
2008,North Carolina,NC,State House,13,general,Barbara Garrity-Blake,Democratic,16714.0,43.15,False,False
2008,North Carolina,NC,State House,14,general,George Cleveland,Republican,16926.0,100.0,True,True
2008,North Carolina,NC,State House,15,general,Robert Grady,Republican,11015.0,100.0,True,True
2008,North Carolina,NC,State House,16,general,Carolyn Justice,Republican,33154.0,100.0,True,True
2008,North Carolina,NC,State House,17,general,Bonner Stiller,Republican,28009.0,61.97,True,True
2008,North Carolina,NC,State House,17,general,Vernon Ward,Democratic,17186.0,38.03,False,False
2008,North Carolina,NC,State House,18,general,Sandra Hughes,Democratic,20243.0,67.18,True,True
2008,North Carolina,NC,State House,18,general,George J. Swart,Republican,9888.0,32.82,False,False
2008,North Carolina,NC,State House,19,general,Danny McComas,Republican,31354.0,100.0,True,True
2008,North Carolina,NC,State House,20,general,Dewey Hill,Democratic,22687.0,100.0,True,True
2008,North Carolina,NC,State House,21,general,Larry Bell,Democratic,21964.0,100.0,True,True
2008,North Carolina,NC,State House,22,general,William Brisson,Democratic,25417.0,100.0,True,True
2008,North Carolina,NC,State House,23,general,Joe Tolson,Democratic,20211.0,62.21,True,True
2008,North Carolina,NC,State House,23,general,Garland Shepheard,Republican,12275.0,37.79,False,False
2008,North Carolina,NC,State House,24,general,Jean Farmer-Butterfield,Democratic,23108.0,100.0,True,True
2008,North Carolina,NC,State House,25,general,Randy Stewart,Democratic,19581.0,54.93,True,False
2008,North Carolina,NC,State House,25,general,W. B. Bullock,Republican,16067.0,45.07,False,False
2008,North Carolina,NC,State House,26,general,Leo Daughtry,Republican,21709.0,54.72,True,True
2008,North Carolina,NC,State House,26,general,Jimmy F. Garner,Democratic,17964.0,45.28,False,False
2008,North Carolina,NC,State House,27,general,Michael Wray,Democratic,27387.0,100.0,True,True
2008,North Carolina,NC,State House,28,general,James Langdon Jr.,Republican,27954.0,100.0,True,True
2008,North Carolina,NC,State House,29,general,Larry Hall,Democratic,31254.0,90.73,True,True
2008,North Carolina,NC,State House,29,general,Justin Lallinger,Libertarian,3219.0,9.27,False,False
2008,North Carolina,NC,State House,30,general,Paul Luebke,Democratic,25265.0,85.78,True,True
2008,North Carolina,NC,State House,30,general,Sean Haugh,Libertarian,4189.0,14.22,False,False
2008,North Carolina,NC,State House,31,general,Mickey Michaux,Democratic,34609.0,100.0,True,True
2008,North Carolina,NC,State House,32,general,Jim Crawford,Democratic,23934.0,87.81,True,True
2008,North Carolina,NC,State House,32,general,Barbara Howe,Libertarian,3322.0,12.19,False,False
2008,North Carolina,NC,State House,33,general,Dan Blue,Democratic,32466.0,81.85,True,True
2008,North Carolina,NC,State House,33,general,Paul F. Terrell III,Republican,7199.0,18.15,False,False
2008,North Carolina,NC,State House,34,general,Grier Martin,Democratic,24065.0,59.91,True,True
2008,North Carolina,NC,State House,34,general,J. H. Ross,Republican,16102.0,40.09,False,False
2008,North Carolina,NC,State House,35,general,Jennifer Weiss,Democratic,23633.0,65.1,True,True
2008,North Carolina,NC,State House,35,general,Eric Weaver,Republican,12667.0,34.9,False,False
2008,North Carolina,NC,State House,36,general,Nelson Dollar,Republican,21862.0,51.16,True,True
2008,North Carolina,NC,State House,36,general,Al Swanstrom,Democratic,20872.0,48.84,False,False
2008,North Carolina,NC,State House,37,general,Paul Stam,Republican,32172.0,53.91,True,True
2008,North Carolina,NC,State House,37,general,Ed Ridpath,Democratic,27503.0,46.09,False,False
2008,North Carolina,NC,State House,38,general,Deborah Ross,Democratic,26754.0,84.88,True,True
2008,North Carolina,NC,State House,38,general,Susan J. Hogarth,Libertarian,4764.0,15.12,False,False
2008,North Carolina,NC,State House,39,general,Linda Coleman,Democratic,29290.0,64.24,True,True
2008,North Carolina,NC,State House,39,general,Duane Cutlip,Republican,16306.0,35.76,False,False
2008,North Carolina,NC,State House,40,general,Marilyn Avila,Republican,35764.0,56.68,True,True
2008,North Carolina,NC,State House,40,general,Stan Morse,Democratic,27336.0,43.32,False,False
2008,North Carolina,NC,State House,41,general,Ty Harrell,Democratic,30929.0,53.77,True,True
2008,North Carolina,NC,State House,41,general,Bryan Gossage,Republican,26595.0,46.23,False,False
2008,North Carolina,NC,State House,42,general,Marvin Lucas,Democratic,19137.0,100.0,True,True
2008,North Carolina,NC,State House,43,general,Elmer Floyd,Democratic,16807.0,99.31,True,False
2008,North Carolina,NC,State House,44,general,Margaret Dickson,Democratic,17260.0,61.59,True,True
2008,North Carolina,NC,State House,44,general,Lou Huddleston,Republican,10763.0,38.41,False,False
2008,North Carolina,NC,State House,45,general,Rick Glazier,Democratic,24225.0,100.0,True,True
2008,North Carolina,NC,State House,46,general,Douglas Yongue,Democratic,18275.0,100.0,True,True
2008,North Carolina,NC,State House,47,general,Ronnie Sutton,Democratic,17238.0,100.0,True,True
2008,North Carolina,NC,State House,48,general,Garland Pierce,Democratic,20362.0,100.0,True,True
2008,North Carolina,NC,State House,49,general,Lucy Allen,Democratic,19598.0,58.59,True,True
2008,North Carolina,NC,State House,49,general,Keith Shearon,Republican,13852.0,41.41,False,False
2008,North Carolina,NC,State House,50,general,Bill Faison,Democratic,25682.0,100.0,True,True
2008,North Carolina,NC,State House,51,general,Jimmy Love Sr.,Democratic,19231.0,59.18,True,True
2008,North Carolina,NC,State House,51,general,Linda Shook,Republican,13264.0,40.82,False,False
2008,North Carolina,NC,State House,52,general,Jamie Boles,Republican,27727.0,65.89,True,False
2008,North Carolina,NC,State House,52,general,Betty Mangum,Democratic,14355.0,34.11,False,False
2008,North Carolina,NC,State House,53,general,David Lewis,Republican,16135.0,52.79,True,True
2008,North Carolina,NC,State House,53,general,Joseph Lindsey (Joe) Tart,Democratic,14431.0,47.21,False,False
2008,North Carolina,NC,State House,54,general,Joe Hackney,Democratic,31212.0,100.0,True,True
2008,North Carolina,NC,State House,55,general,Winkie Wilkins,Democratic,27774.0,100.0,True,True
2008,North Carolina,NC,State House,56,general,Verla Insko,Democratic,30835.0,100.0,True,True
2008,North Carolina,NC,State House,57,general,Pricey Harrison,Democratic,25769.0,100.0,True,True
2008,North Carolina,NC,State House,58,general,Alma Adams,Democratic,29113.0,71.35,True,True
2008,North Carolina,NC,State House,58,general,Olga Morgan Wright,Republican,11690.0,28.65,False,False
2008,North Carolina,NC,State House,59,general,Maggie Jeffus,Democratic,25193.0,64.17,True,True
2008,North Carolina,NC,State House,59,general,Jim Rumley,Republican,14066.0,35.83,False,False
2008,North Carolina,NC,State House,60,general,Earl Jones,Democratic,23964.0,100.0,True,True
2008,North Carolina,NC,State House,61,general,Laura Wiley,Republican,26777.0,100.0,True,True
2008,North Carolina,NC,State House,62,general,John Blust,Republican,33472.0,100.0,True,True
2008,North Carolina,NC,State House,63,general,Alice Bordsen,Democratic,16658.0,62.7,True,True
2008,North Carolina,NC,State House,63,general,Celo Faucette,Republican,9909.0,37.3,False,False
2008,North Carolina,NC,State House,64,general,Cary Allred,Republican,22122.0,61.38,True,True
2008,North Carolina,NC,State House,64,general,Henry Vines,Democratic,13919.0,38.62,False,False
2008,North Carolina,NC,State House,65,general,Nelson Cole,Democratic,20495.0,100.0,True,True
2008,North Carolina,NC,State House,66,general,Melanie Wade Goodwin,Democratic,22173.0,100.0,True,True
2008,North Carolina,NC,State House,67,general,Justin Burr,Republican,26174.0,100.0,True,False
2008,North Carolina,NC,State House,68,general,Curtis Blackwood,Republican,38071.0,64.7,True,True
2008,North Carolina,NC,State House,68,general,C. Michael (Mike) Cognac,Democratic,20767.0,35.3,False,False
2008,North Carolina,NC,State House,69,general,Pryor Gibson,Democratic,18489.0,65.71,True,True
2008,North Carolina,NC,State House,69,general,John L. Barker,Republican,9648.0,34.29,False,False
2008,North Carolina,NC,State House,70,general,Pat Hurley,Republican,19318.0,67.35,True,True
2008,North Carolina,NC,State House,70,general,Bev O’Brien,Democratic,9364.0,32.65,False,False
2008,North Carolina,NC,State House,71,general,Larry Womble,Democratic,21583.0,90.02,True,True
2008,North Carolina,NC,State House,71,general,Bobby Richmond,Libertarian,2393.0,9.98,False,False
2008,North Carolina,NC,State House,72,general,Earline Parmon,Democratic,22474.0,100.0,True,True
2008,North Carolina,NC,State House,73,general,Larry Brown,Republican,26636.0,83.8,True,True
2008,North Carolina,NC,State House,73,general,Cary Morris,Libertarian,5151.0,16.2,False,False
2008,North Carolina,NC,State House,74,general,Dale Folwell,Republican,21933.0,59.25,True,True
2008,North Carolina,NC,State House,74,general,Wade Boyles,Democratic,15086.0,40.75,False,False
2008,North Carolina,NC,State House,75,general,Bill McGee,Republican,22697.0,57.53,True,True
2008,North Carolina,NC,State House,75,general,Dan Bennett,Democratic,16758.0,42.47,False,False
2008,North Carolina,NC,State House,76,general,Fred Steen II,Republican,24059.0,100.0,True,True
2008,North Carolina,NC,State House,77,general,Lorene Coates,Democratic,20050.0,66.85,True,True
2008,North Carolina,NC,State House,77,general,Ada M. Fisher,Republican,9942.0,33.15,False,False
2008,North Carolina,NC,State House,78,general,Harold Brubaker,Republican,22438.0,100.0,True,True
2008,North Carolina,NC,State House,79,general,Julia Craven Howard,Republican,25401.0,100.0,True,True
2008,North Carolina,NC,State House,80,general,Jerry Dockham,Republican,27537.0,100.0,True,True
2008,North Carolina,NC,State House,81,general,Hugh Holliman,Democratic,12975.0,52.64,True,True
2008,North Carolina,NC,State House,81,general,Rayne Brown,Republican,11673.0,47.36,False,False
2008,North Carolina,NC,State House,82,general,Jeff Barnhart,Republican,21403.0,54.81,True,True
2008,North Carolina,NC,State House,82,general,Wayne Troutman,Democratic,17645.0,45.19,False,False
2008,North Carolina,NC,State House,83,general,Linda Johnson,Republican,22333.0,62.46,True,True
2008,North Carolina,NC,State House,83,general,Barry G. Richards,Democratic,13425.0,37.54,False,False
2008,North Carolina,NC,State House,84,general,Phillip Frye,Republican,20412.0,100.0,True,True
2008,North Carolina,NC,State House,85,general,Mitch Gillespie,Republican,16432.0,59.24,True,True
2008,North Carolina,NC,State House,85,general,Chuck Aldridge,Democratic,11304.0,40.76,False,False
2008,North Carolina,NC,State House,86,general,Hugh Blackwell,Republican,14140.0,51.61,True,False
2008,North Carolina,NC,State House,86,general,Walt Church,Democratic,13259.0,48.39,False,True
2008,North Carolina,NC,State House,87,general,Edgar Starnes,Republican,15444.0,52.76,True,True
2008,North Carolina,NC,State House,87,general,John A. Forlines Jr.,Democratic,11487.0,39.24,False,False
2008,North Carolina,NC,State House,87,general,Timothy J. (T.J.) Rohr,Libertarian,2342.0,8.0,False,False
2008,North Carolina,NC,State House,88,general,Ray Warren,Democratic,15729.0,50.33,True,True
2008,North Carolina,NC,State House,88,general,Mark Hollo,Republican,15520.0,49.67,False,False
2008,North Carolina,NC,State House,89,general,Mitchell Setzer,Republican,25176.0,100.0,True,True
2008,North Carolina,NC,State House,90,general,Sarah Stevens,Republican,13263.0,50.58,True,False
2008,North Carolina,NC,State House,90,general,Jim Harrell,Democratic,12957.0,49.42,False,True
2008,North Carolina,NC,State House,91,general,Bryan Holloway,Republican,21338.0,65.48,True,True
2008,North Carolina,NC,State House,91,general,Ed Gambill,Democratic,11251.0,34.52,False,False
2008,North Carolina,NC,State House,92,general,Darrell McCormick,Republican,18219.0,63.16,True,False
2008,North Carolina,NC,State House,92,general,Ric Marshall,Democratic,10626.0,36.84,False,False
2008,North Carolina,NC,State House,93,general,Cullie Tarleton,Democratic,20765.0,51.66,True,True
2008,North Carolina,NC,State House,93,general,Dan Soucek,Republican,17822.0,44.34,False,False
2008,North Carolina,NC,State House,93,general,Jeff Cannon,Libertarian,1607.0,4.0,False,False
2008,North Carolina,NC,State House,94,general,Shirley Randleman,Republican,17578.0,60.38,True,False
2008,North Carolina,NC,State House,94,general,Larry Pendry,Democratic,11533.0,39.62,False,False
2008,North Carolina,NC,State House,95,general,Grey Mills,Republican,27895.0,82.43,True,False
2008,North Carolina,NC,State House,95,general,Jeffrey Ober,Libertarian,5304.0,15.67,False,False
2008,North Carolina,NC,State House,96,general,Mark Hilton,Republican,20810.0,84.81,True,True
2008,North Carolina,NC,State House,96,general,Lawrence G. Hollar,Libertarian,3727.0,15.19,False,False
2008,North Carolina,NC,State House,97,general,Jonathan Rhyne Jr.,Republican,25765.0,100.0,True,False
2008,North Carolina,NC,State House,98,general,Thom Tillis,Republican,38875.0,100.0,True,True
2008,North Carolina,NC,State House,99,general,Nick Mackey,Democratic,28106.0,65.32,True,False
2008,North Carolina,NC,State House,99,general,Dempsey Miller,Republican,14925.0,34.68,False,False
2008,North Carolina,NC,State House,100,general,Tricia Cotham,Democratic,19548.0,74.07,True,True
2008,North Carolina,NC,State House,100,general,Tom White,Republican,6843.0,25.93,False,False
2008,North Carolina,NC,State House,101,general,Beverly Earle,Democratic,30195.0,79.29,True,True
2008,North Carolina,NC,State House,101,general,Beth Marlin,Republican,7886.0,20.71,False,False
2008,North Carolina,NC,State House,102,general,Becky Carney,Democratic,21705.0,80.72,True,True
2008,North Carolina,NC,State House,102,general,Gregory Patrick Hill,Republican,5183.0,19.28,False,False
2008,North Carolina,NC,State House,103,general,Jim Gulley,Republican,20798.0,69.37,True,True
2008,North Carolina,NC,State House,103,general,Mark Brody,Independent (politician),9184.0,30.63,False,False
2008,North Carolina,NC,State House,104,general,Ruth Samuelson,Republican,29349.0,100.0,True,True
2008,North Carolina,NC,State House,105,general,Ric Killian,Republican,35879.0,100.0,True,True
2008,North Carolina,NC,State House,106,general,Martha Alexander,Democratic,23422.0,100.0,True,True
2008,North Carolina,NC,State House,107,general,Kelly Alexander,Democratic,27502.0,75.26,True,False
2008,North Carolina,NC,State House,107,general,Gary Hardee,Republican,9043.0,24.74,False,False
2008,North Carolina,NC,State House,108,general,Wil Neumann,Republican,18931.0,57.67,True,True
2008,North Carolina,NC,State House,108,general,Marvin (Eddie) Wyatt,Democratic,12848.0,39.14,False,False
2008,North Carolina,NC,State House,108,general,Keith Calvelli,Libertarian,1045.0,3.18,False,False
2008,North Carolina,NC,State House,109,general,William Current,Republican,16079.0,55.35,True,True
2008,North Carolina,NC,State House,109,general,Shirley Wiggins,Democratic,12973.0,44.65,False,False
2008,North Carolina,NC,State House,110,general,Pearl Burris-Floyd,Republican,14683.0,50.88,True,False
2008,North Carolina,NC,State House,110,general,Davy Lowman,Democratic,14173.0,49.12,False,False
2008,North Carolina,NC,State House,111,general,Tim Moore,Republican,20077.0,100.0,True,True
2008,North Carolina,NC,State House,112,general,Bob England,Democratic,23362.0,100.0,True,True
2008,North Carolina,NC,State House,113,general,David Guice,Republican,19122.0,50.72,True,False
2008,North Carolina,NC,State House,113,general,Tom Thomas,Democratic,18579.0,49.28,False,False
2008,North Carolina,NC,State House,114,general,Susan Fisher,Democratic,28286.0,100.0,True,True
2008,North Carolina,NC,State House,115,general,Bruce Goforth,Democratic,27795.0,67.42,True,True
2008,North Carolina,NC,State House,115,general,Paul Purdue,Republican,13429.0,32.58,False,False
2008,North Carolina,NC,State House,116,general,Jane Whilden,Democratic,20019.0,51.7,True,False
2008,North Carolina,NC,State House,116,general,Tim Moffitt,Republican,18704.0,48.3,False,False
2008,North Carolina,NC,State House,117,general,Carolyn Justus,Republican,23277.0,60.34,True,True
2008,North Carolina,NC,State House,117,general,Paul D. Goebel,Democratic,15300.0,39.66,False,False
2008,North Carolina,NC,State House,118,general,Ray Rapp,Democratic,23920.0,100.0,True,True
2008,North Carolina,NC,State House,119,general,Phil Haire,Democratic,19411.0,61.59,True,True
2008,North Carolina,NC,State House,119,general,Dodie Allen,Republican,12104.0,38.41,False,False
2008,North Carolina,NC,State House,120,general,Roger West,Republican,25201.0,100.0,True,True
2008,Washington,WA,State House,1,general,Al O'Brien,Democratic,48791.0,100.0,True,False
2008,Washington,WA,State House,1,general,Mark Ericks,Democratic,47846.0,100.0,False,False
2008,Washington,WA,State House,2,general,Jim McCune,Republican,36417.0,59.74,True,False
2008,Washington,WA,State House,2,general,JeanMarie Christenson,Democratic,24540.0,40.26,False,False
2008,Washington,WA,State House,2,general,Tom Campbell,Republican,35502.0,58.27,False,False
2008,Washington,WA,State House,2,general,Michael C. Powell,Democratic,25424.0,41.73,False,False
2008,Washington,WA,State House,3,general,Alex Wood,Democratic,28421.0,67.36,True,False
2008,Washington,WA,State House,3,general,Chris Bowen,Republican,13774.0,32.64,False,False
2008,Washington,WA,State House,3,general,Timm Ormsby,Democratic,27385.0,65.14,False,False
2008,Washington,WA,State House,3,general,Mike Novak,Republican,14655.0,34.86,False,False
2008,Washington,WA,State House,4,general,Linda J. Thompson,Democratic,27614.0,43.61,False,False
2008,Washington,WA,State House,4,general,Larry Crouse,Republican,35703.0,56.39,False,False
2008,Washington,WA,State House,4,general,Tim Hattenburg,Democratic,26301.0,41.53,False,False
2008,Washington,WA,State House,4,general,Matt Shea,Republican,37032.0,58.47,True,False
2008,Washington,WA,State House,5,general,Jon Viebrock,Democratic,28089.0,40.29,False,False
2008,Washington,WA,State House,5,general,Jay Rodne,Republican,41630.0,59.71,True,False
2008,Washington,WA,State House,5,general,David Spring,Democratic,33712.0,48.42,False,False
2008,Washington,WA,State House,5,general,Glenn Anderson,Republican,35913.0,51.58,False,False
2008,Washington,WA,State House,6,general,Don Barlow,Democratic,33050.0,47.15,False,False
2008,Washington,WA,State House,6,general,Kevin Parker,Republican,37050.0,52.85,True,False
2008,Washington,WA,State House,6,general,John F. Driscoll,Democratic,35107.0,50.05,False,False
2008,Washington,WA,State House,6,general,John Ahern,Republican,35033.0,49.95,False,False
2008,Washington,WA,State House,7,general,Shelly Short,Republican,30356.0,57.38,False,False
2008,Washington,WA,State House,7,general,Sue Lani Madsen,Republican,22544.0,42.62,False,False
2008,Washington,WA,State House,7,general,Joel Kretz,Republican,52900.0,100.0,True,False
2008,Washington,WA,State House,8,general,Carol L. Moser,Democratic,28278.0,47.49,False,False
2008,Washington,WA,State House,8,general,Brad Klippert,Republican,31266.0,52.51,False,False
2008,Washington,WA,State House,8,general,Larry Haler,Republican,33987.0,60.18,True,False
2008,Washington,WA,State House,8,general,Rob Welch,Republican,22493.0,39.82,False,False
2008,Washington,WA,State House,9,general,Kenneth E. Caylor,Democratic,17195.0,34.94,False,False
2008,Washington,WA,State House,9,general,Steve Hailey,Republican,32022.0,65.06,True,False
2008,Washington,WA,State House,9,general,Tyana Kelley,Democratic,18258.0,36.61,False,False
2008,Washington,WA,State House,9,general,Joe Schmick,Republican,31611.0,63.39,False,False
2008,Washington,WA,State House,10,general,Tim Knue,Democratic,33558.0,49.64,False,False
2008,Washington,WA,State House,10,general,Norma Smith,Republican,34038.0,50.36,False,False
2008,Washington,WA,State House,10,general,Patricia J. Terry,Democratic,29833.0,44.59,False,False
2008,Washington,WA,State House,10,general,Barbara Bailey,Republican,37068.0,55.41,True,False
2008,Washington,WA,State House,11,general,Zack Hudgins,Democratic,27817.0,72.1,False,False
2008,Washington,WA,State House,11,general,David M. Morris,Republican,10764.0,27.9,False,False
2008,Washington,WA,State House,11,general,Bob Hasegawa,Democratic,29289.0,73.92,True,False
2008,Washington,WA,State House,11,general,John Potter,Republican,10335.0,26.08,False,False
2008,Washington,WA,State House,12,general,Cary Condotta,Republican,40662.0,100.0,True,False
2008,Washington,WA,State House,12,general,Mike Armstrong,Republican,28020.0,56.25,False,False
2008,Washington,WA,State House,12,general,Courtney Cox,Republican,21789.0,43.75,False,False
2008,Washington,WA,State House,13,general,Judy Warnick,Republican,39597.0,100.0,True,False
2008,Washington,WA,State House,13,general,Bill Hinkle,Republican,38616.0,100.0,False,False
2008,Washington,WA,State House,14,general,Vickie Ybarra,Democratic,20895.0,46.64,False,False
2008,Washington,WA,State House,14,general,Norm Johnson,Republican,23790.0,53.1,False,False
2008,Washington,WA,State House,14,general,Christopher Ramirez,Democratic,12618.0,28.75,False,False
2008,Washington,WA,State House,14,general,Charles Ross,Republican,31175.0,71.02,True,False
2008,Washington,WA,State House,15,general,John (Jobs) Gotts,Democratic,15228.0,39.01,False,False
2008,Washington,WA,State House,15,general,Bruce Chandler,Republican,23807.0,60.99,False,False
2008,Washington,WA,State House,15,general,Tao Berman,Democratic,14647.0,37.28,False,False
2008,Washington,WA,State House,15,general,Daniel Newhouse,Republican,24637.0,62.72,True,False
2008,Washington,WA,State House,16,general,Dante Lee Montoya,Democratic,13885.0,27.45,False,False
2008,Washington,WA,State House,16,general,Maureen Walsh,Republican,36697.0,72.55,True,False
2008,Washington,WA,State House,16,general,Bill Grant,Democratic,27648.0,53.87,False,False
2008,Washington,WA,State House,16,general,Terry R. Nealey,Republican,23673.0,46.13,False,False
2008,Washington,WA,State House,17,general,Tim Probst,Democratic,31791.0,55.83,False,False
2008,Washington,WA,State House,17,general,Joseph James,Republican,25147.0,44.17,False,False
2008,Washington,WA,State House,17,general,Deb Wallace,Democratic,35046.0,61.31,True,False
2008,Washington,WA,State House,17,general,Micheline Doan,Republican,22119.0,38.69,False,False
2008,Washington,WA,State House,18,general,Vanessa Duplessie,Democratic,28226.0,39.99,False,False
2008,Washington,WA,State House,18,general,Jaime Herrera,Republican,42355.0,60.01,False,False
2008,Washington,WA,State House,18,general,Jonathan Fant,Democratic,25196.0,35.76,False,False
2008,Washington,WA,State House,18,general,Ed Orcutt,Republican,45268.0,64.24,True,False
2008,Washington,WA,State House,19,general,Dean Takko,Democratic,39935.0,100.0,True,False
2008,Washington,WA,State House,19,general,Brian Blake,Democratic,39521.0,100.0,False,False
2008,Washington,WA,State House,20,general,Richard DeBolt,Republican,35457.0,57.13,False,False
2008,Washington,WA,State House,20,general,Mike Rechner,Democratic,26605.0,42.87,False,False
2008,Washington,WA,State House,20,general,Gary Alexander,Republican,38942.0,63.27,True,False
2008,Washington,WA,State House,20,general,Jim Cutler,Democratic,22605.0,36.73,False,False
2008,Washington,WA,State House,21,general,Mary Helen Roberts,Democratic,36352.0,67.59,True,False
2008,Washington,WA,State House,21,general,Brian M. Travis,Republican,17433.0,32.41,False,False
2008,Washington,WA,State House,21,general,Marko Liias,Democratic,34156.0,63.94,False,False
2008,Washington,WA,State House,21,general,Andrew Funk,Republican,19259.0,36.06,False,False
2008,Washington,WA,State House,22,general,Brendan Williams,Democratic,49114.0,100.0,True,False
2008,Washington,WA,State House,22,general,Sam Hunt,Democratic,46440.0,70.5,False,False
2008,Washington,WA,State House,22,general,Don Crawford,Republican,19435.0,29.5,False,False
2008,Washington,WA,State House,23,general,Sherry Appleton,Democratic,39835.0,61.98,True,False
2008,Washington,WA,State House,23,general,Larry Cooney,Republican,24479.0,38.02,False,False
2008,Washington,WA,State House,23,general,Christine Rolfes,Democratic,39130.0,61.04,False,False
2008,Washington,WA,State House,23,general,Mark Lowe,Republican,24973.0,38.96,False,False
2008,Washington,WA,State House,24,general,Kevin Van De Wege,Democratic,44256.0,65.31,False,False
2008,Washington,WA,State House,24,general,Thomas Thomas,Republican,23503.0,34.69,False,False
2008,Washington,WA,State House,24,general,Lynn Kessler,Democratic,44338.0,64.62,True,False
2008,Washington,WA,State House,24,general,Robert (Randy) Dutton,Republican,24274.0,35.38,False,False
2008,Washington,WA,State House,25,general,Rob Cerqui,Democratic,26467.0,45.94,False,False
2008,Washington,WA,State House,25,general,Bruce Dammeier,Republican,31141.0,54.06,False,False
2008,Washington,WA,State House,25,general,Dawn Morrell,Democratic,33451.0,58.3,True,False
2008,Washington,WA,State House,25,general,Ron Morehouse,Republican,23931.0,41.7,False,False
2008,Washington,WA,State House,26,general,Kim Abel,Democratic,29407.0,46.67,False,False
2008,Washington,WA,State House,26,general,Jan Angel,Republican,33602.0,53.33,False,False
2008,Washington,WA,State House,26,general,Larry Seaquist,Democratic,36183.0,58.13,True,False
2008,Washington,WA,State House,26,general,Marlyn Jensen,Republican,26059.0,41.87,False,False
2008,Washington,WA,State House,27,general,Dennis Flannigan,Democratic,30822.0,70.72,False,False
2008,Washington,WA,State House,27,general,Jessica Smeall,Democratic,12759.0,29.28,False,False
2008,Washington,WA,State House,27,general,Jeannie Darneille,Democratic,34533.0,74.14,True,False
2008,Washington,WA,State House,27,general,William Edward Chovil,Republican,12047.0,25.86,False,False
2008,Washington,WA,State House,28,general,Dave Dooley,Republican,18096.0,39.8,False,False
2008,Washington,WA,State House,28,general,Troy Kelley,Democratic,28591.0,60.2,True,False
2008,Washington,WA,State House,28,general,Tami Green,Democratic,27987.0,58.17,False,False
2008,Washington,WA,State House,28,general,Denise McCluskey,Republican,20125.0,41.83,False,False
2008,Washington,WA,State House,29,general,Steve Conway,Democratic,24672.0,70.01,False,False
2008,Washington,WA,State House,29,general,Steven T. Cook,Republican,10568.0,29.99,False,False
2008,Washington,WA,State House,29,general,Steve Kirby,Democratic,24749.0,70.55,True,False
2008,Washington,WA,State House,29,general,Terry Harder,Republican,10332.0,29.45,False,False
2008,Washington,WA,State House,30,general,Mark Miloscia,Democratic,,,True,False
2008,Washington,WA,State House,30,general,Michael Thompson,Republican,,,False,False
2008,Washington,WA,State House,30,general,Carol Gregory,Democratic,,,False,False
2008,Washington,WA,State House,30,general,Skip Priest,Republican,,,False,False
2008,Washington,WA,State House,31,general,Ron Weigelt,Democratic,,,True,False
2008,Washington,WA,State House,31,general,Dan Roach,Republican,,,False,False
2008,Washington,WA,State House,31,general,Christopher Hurst,Democratic,,,False,False
2008,Washington,WA,State House,31,general,Sharon Hanek,Republican,,,False,False
2008,Washington,WA,State House,32,general,Maralyn Chase,Democratic,,,True,False
2008,Washington,WA,State House,32,general,Alex Rion,Republican,,,False,False
2008,Washington,WA,State House,32,general,Ruth Kagi,Democratic,,,False,False
2008,Washington,WA,State House,33,general,Tina L. Orwall,Democratic,,,True,False
2008,Washington,WA,State House,33,general,Todd Gibson,Republican,,,False,False
2008,Washington,WA,State House,33,general,Dave Upthegrove,Democratic,,,False,False
2008,Washington,WA,State House,33,general,Tan Lam,Republican,,,False,False
2008,Washington,WA,State House,34,general,Eileen Cody,Democratic,,,True,False
2008,Washington,WA,State House,34,general,Sharon K. Nelson,Democratic,,,False,False
2008,Washington,WA,State House,35,general,Kathy Haigh,Democratic,,,True,False
2008,Washington,WA,State House,35,general,Marco Brown,Republican,,,False,False
2008,Washington,WA,State House,35,general,Fred Finn,Democratic,,,False,False
2008,Washington,WA,State House,35,general,Randy Neatherlin,Republican,,,False,False
2008,Washington,WA,State House,36,general,Reuven Carlyle,Democratic,,,True,False
2008,Washington,WA,State House,36,general,John Burbank,Democratic,,,False,False
2008,Washington,WA,State House,36,general,Mary Lou Dickerson,Democratic,,,False,False
2008,Washington,WA,State House,36,general,Leslie Klein,Republican,,,False,False
2008,Washington,WA,State House,37,general,Sharon Tomiko Santos,Democratic,,,True,False
2008,Washington,WA,State House,37,general,Eric Pettigrew,Democratic,,,False,False
2008,Washington,WA,State House,37,general,Ruth E. Bennett,Libertarian,,,False,False
2008,Washington,WA,State House,38,general,John McCoy,Democratic,,,True,False
2008,Washington,WA,State House,38,general,Cris Larson,Independent (politician),,,False,False
2008,Washington,WA,State House,38,general,Mike Sells,Democratic,,,False,False
2008,Washington,WA,State House,39,general,Scott Olson,Democratic,,,True,False
2008,Washington,WA,State House,39,general,Dan Kristiansen,Republican,,,False,False
2008,Washington,WA,State House,39,general,David E. Personius,Democratic,,,False,False
2008,Washington,WA,State House,39,general,Kirk Pearson,Republican,,,False,False
2008,Washington,WA,State House,40,general,Dave Quall,Democratic,,,True,False
2008,Washington,WA,State House,40,general,Jeff Morris,Democratic,,,False,False
2008,Washington,WA,State House,40,general,Howard Pellett,Green,,,False,False
2008,Washington,WA,State House,41,general,Marcie Maxwell,Democratic,,,True,False
2008,Washington,WA,State House,41,general,Steve Litzow,Republican,,,False,False
2008,Washington,WA,State House,41,general,Judy Clibborn,Democratic,,,False,False
2008,Washington,WA,State House,42,general,Mark Flanders,Democratic,,,True,False
2008,Washington,WA,State House,42,general,Doug Ericksen,Republican,,,False,False
2008,Washington,WA,State House,42,general,Kelli Linville,Democratic,,,False,False
2008,Washington,WA,State House,42,general,Jere Hawn,Republican,,,False,False
2008,Washington,WA,State House,43,general,Jamie Pedersen,Democratic,55491.0,100.0,True,False
2008,Washington,WA,State House,43,general,Frank Chopp,Democratic,55163.0,86.85,False,False
2008,Washington,WA,State House,43,general,Kim Verde,Republican,8353.0,13.15,False,False
2008,Washington,WA,State House,44,general,Hans Dunshee,Democratic,41531.0,60.99,True,False
2008,Washington,WA,State House,44,general,Larry Countryman,Republican,26561.0,39.01,False,False
2008,Washington,WA,State House,44,general,Liz Loomis,Democratic,34319.0,49.91,False,False
2008,Washington,WA,State House,44,general,Mike Hope,Republican,34437.0,50.09,False,False
2008,Washington,WA,State House,45,general,Roger Goodman,Democratic,34585.0,54.48,False,False
2008,Washington,WA,State House,45,general,Toby Nixon,Republican,28898.0,45.52,False,False
2008,Washington,WA,State House,45,general,Kevin Haistings,Republican,25000.0,40.28,False,False
2008,Washington,WA,State House,45,general,Larry Springer,Democratic,37058.0,59.72,True,False
2008,Washington,WA,State House,46,general,Scott White,Democratic,42410.0,71.58,False,False
2008,Washington,WA,State House,46,general,Gerry Pollet,Democratic,16842.0,28.42,False,False
2008,Washington,WA,State House,46,general,Phyllis Kenney,Democratic,50943.0,82.86,True,False
2008,Washington,WA,State House,46,general,John Sweeney,Republican,10538.0,17.14,False,False
2008,Washington,WA,State House,47,general,Geoff Simpson,Democratic,27439.0,52.62,False,False
2008,Washington,WA,State House,47,general,Mark Hargrove,Republican,24707.0,47.38,False,False
2008,Washington,WA,State House,47,general,Pat Sullivan,Democratic,29949.0,58.42,True,False
2008,Washington,WA,State House,47,general,Timothy Miller,Republican,21319.0,41.58,False,False
2008,Washington,WA,State House,48,general,Ross Hunter,Democratic,32586.0,64.32,True,False
2008,Washington,WA,State House,48,general,Charles A. Lapp,Republican,18074.0,35.68,False,False
2008,Washington,WA,State House,48,general,Deborah Eddy,Democratic,29560.0,59.49,False,False
2008,Washington,WA,State House,48,general,Ronald G. Fuller,Republican,20128.0,40.51,False,False
2008,Washington,WA,State House,49,general,Jim Jacks,Democratic,29721.0,60.04,False,False
2008,Washington,WA,State House,49,general,Debbie Peterson,Republican,19782.0,39.96,False,False
2008,Washington,WA,State House,49,general,Jim Moeller,Democratic,30401.0,62.62,True,False
2008,Washington,WA,State House,49,general,Mike Bomar,Independent (politician),18149.0,37.38,False,False
