year,state,state_code,chamber,district,race,candidate,party,votes,percentage,winner,incumbent
2024,Alaska,AK,State House,1,general,Jeremy Bynum,Republican,4242.0,52.0,True,False
2024,Alaska,AK,State House,1,general,Agnes Moran,Independent,1995.0,24.4,False,False
2024,Alaska,AK,State House,1,general,Grant Echohawk,Independent,1909.0,23.4,False,False
2024,Alaska,AK,State House,2,general,Rebecca Himschoot,Independent,7060.0,97.5,True,True
2024,Alaska,AK,State House,3,general,Andi Story,Democratic,7961.0,96.0,True,True
2024,Alaska,AK,State House,4,general,Sara Hannan,Democratic,7000.0,96.6,True,True
2024,Alaska,AK,State House,5,general,Louise Stutes,Republican,5445.0,77.4,True,True
2024,Alaska,AK,State House,5,general,Leighton Radner,Libertarian,1549.0,22.0,False,False
2024,Alaska,AK,State House,7,general,Justin Ruffridge,Republican,4985.0,58.9,True,True
2024,Alaska,AK,State House,7,general,Ron Gillham,Republican,3398.0,40.2,False,False
2024,Alaska,AK,State House,8,general,Bill Elam,Republican,4655.0,51.5,True,False
2024,Alaska,AK,State House,8,general,John Hillyer,Republican,4249.0,47.0,False,False
2024,Alaska,AK,State House,9,general,Ky Holland,Independent,6085.0,54.3,True,False
2024,Alaska,AK,State House,9,general,Lucy Bauer,Republican,5093.0,45.5,False,False
2024,Alaska,AK,State House,10,general,Chuck Kopp,Republican,4669.0,61.6,True,False
2024,Alaska,AK,State House,10,general,Craig Johnson,Republican,2811.0,37.1,False,True
2024,Alaska,AK,State House,11,general,Julie Coulombe,Republican,4836.0,52.6,True,True
2024,Alaska,AK,State House,11,general,Walter Featherly,Independent,4341.0,47.2,False,False
2024,Alaska,AK,State House,12,general,Calvin Schrage,Independent,4763.0,60.8,True,True
2024,Alaska,AK,State House,12,general,Joe Lurtsema,Republican,3041.0,38.8,False,False
2024,Alaska,AK,State House,13,general,Andy Josephson,Democratic,3743.0,53.3,True,True
2024,Alaska,AK,State House,13,general,Heather Gottshall,Republican,3266.0,46.5,False,False
2024,Alaska,AK,State House,14,general,Alyse Galvin,Independent,4847.0,77.5,True,True
2024,Alaska,AK,State House,14,general,Harry Kamdem,Democratic,1278.0,20.4,False,False
2024,Alaska,AK,State House,15,general,Mia Costello,Republican,4543.0,51.5,True,False
2024,Alaska,AK,State House,15,general,Denny Wells,Democratic,4014.0,45.5,False,False
2024,Alaska,AK,State House,15,general,Dustin Darden,Democratic,242.0,2.8,False,False
2024,Alaska,AK,State House,16,general,Carolyn Hall,Democratic,4860.0,56.6,True,False
2024,Alaska,AK,State House,16,general,Nick Moe (withdrawn),Independent,3649.0,42.5,False,False
2024,Alaska,AK,State House,17,general,Zack Fields,Democratic,5243.0,93.6,True,True
2024,Alaska,AK,State House,18,general,David Nelson,Republican,1878.0,50.2,True,False
2024,Alaska,AK,State House,18,general,Cliff Groh,Democratic,1856.0,49.7,False,True
2024,Alaska,AK,State House,19,general,Genevieve Mina,Democratic,2654.0,60.8,True,True
2024,Alaska,AK,State House,19,general,Kaylee Anderson,Republican,1353.0,31.0,False,False
2024,Alaska,AK,State House,19,general,Russell Wyatt,Independent,338.0,7.8,False,False
2024,Alaska,AK,State House,20,general,Andrew Gray,Democratic,3927.0,63.8,True,True
2024,Alaska,AK,State House,20,general,Scott Kohlhaas,Libertarian,2163.0,35.1,False,False
2024,Alaska,AK,State House,21,general,Donna Mears,Democratic,4664.0,55.4,True,True
2024,Alaska,AK,State House,21,general,Aimée Sims,Republican,3743.0,44.4,False,False
2024,Alaska,AK,State House,22,general,Ted Eischeid,Democratic,2633.0,52.4,True,False
2024,Alaska,AK,State House,22,general,Stanley Wright,Republican,2382.0,47.4,False,True
2024,Alaska,AK,State House,23,general,Jamie Allard,Republican,6132.0,61.8,True,True
2024,Alaska,AK,State House,23,general,Jim Arlington,Democratic,3747.0,37.8,False,False
2024,Alaska,AK,State House,24,general,Dan Saddler,Republican,7981.0,96.8,True,True
2024,Alaska,AK,State House,25,general,DeLena Johnson,Republican,7817.0,95.9,True,True
2024,Alaska,AK,State House,26,general,Cathy Tilton,Republican,7353.0,96.7,True,True
2024,Alaska,AK,State House,27,general,Jubilee Underwood,Republican,3856.0,50.6,True,False
2024,Alaska,AK,State House,27,general,David Eastman,Republican,3660.0,48.1,False,True
2024,Alaska,AK,State House,29,general,George Rauscher,Republican,7807.0,95.6,True,True
2024,Alaska,AK,State House,30,general,Kevin J. McCabe,Republican,4731.0,54.1,True,True
2024,Alaska,AK,State House,30,general,Doyle Holmes,Republican,3846.0,44.0,False,False
2024,Alaska,AK,State House,31,general,Maxine Dibert,Democratic,3518.0,54.2,True,True
2024,Alaska,AK,State House,31,general,Bart LeBon,Republican,2948.0,45.5,False,False
2024,Alaska,AK,State House,32,general,Will Stapp,Republican,3227.0,67.3,True,True
2024,Alaska,AK,State House,32,general,Gary Damron,Democratic,1548.0,32.3,False,False
2024,Alaska,AK,State House,33,general,Mike Prax,Republican,6966.0,96.8,True,True
2024,Alaska,AK,State House,34,general,Frank Tomaszewski,Republican,4887.0,56.0,True,True
2024,Alaska,AK,State House,34,general,Joy Beth Cottle,Republican,3765.0,43.1,False,False
2024,Alaska,AK,State House,35,general,Ashley Carrick,Democratic,5047.0,55.2,True,True
2024,Alaska,AK,State House,35,general,Ruben McNeill,Republican,4066.0,44.5,False,False
2024,Alaska,AK,State House,37,general,Bryce Edgmon,Independent,2748.0,72.5,True,True
2024,Alaska,AK,State House,37,general,Darren Deacon,Independent,1002.0,26.4,False,False
2024,Alaska,AK,State House,39,general,Neal Foster,Democratic,2333.0,58.1,True,True
2024,Alaska,AK,State House,39,general,Tyler Ivanoff,Independence,1670.0,41.6,False,False
2024,Arizona,AZ,State House,1,general,Selina Bliss,Republican,88691.0,33.91,True,True
2024,Arizona,AZ,State House,1,general,Quang Nguyen,Republican,87726.0,33.54,True,True
2024,Arizona,AZ,State House,1,general,Marcia Smith,Democratic,44199.0,16.9,False,False
2024,Arizona,AZ,State House,1,general,Jay Ruby,Democratic,40911.0,15.64,False,False
2024,Arizona,AZ,State House,2,general,Stephanie Simacek,Democratic,47810.0,30.35,True,False
2024,Arizona,AZ,State House,2,general,Justin Wilmeth,Republican,46942.0,29.8,True,True
2024,Arizona,AZ,State House,2,general,Ari Daniel Bradshaw,Republican,46810.0,29.72,False,False
2024,Arizona,AZ,State House,2,general,Tom Simes,Independent (politician),15946.0,10.12,False,False
2024,Arizona,AZ,State House,3,general,Joseph Chaplik,Republican,93596.0,39.38,True,True
2024,Arizona,AZ,State House,3,general,Alexander Kolodin,Republican,88693.0,37.32,True,True
2024,Arizona,AZ,State House,3,general,Richard Corles,Democratic,55372.0,23.3,False,False
2024,Arizona,AZ,State House,4,general,Matt Gress,Republican,75669.0,27.5,True,True
2024,Arizona,AZ,State House,4,general,Pamela Carter,Republican,69077.0,25.1,True,False
2024,Arizona,AZ,State House,4,general,Kelli Butler,Democratic,66407.0,24.13,False,False
2024,Arizona,AZ,State House,4,general,Karen Gresham,Democratic,64038.0,23.27,False,False
2024,Arizona,AZ,State House,5,general,Sarah Liguori,Democratic,61889.0,40.5,True,True
2024,Arizona,AZ,State House,5,general,Aaron Márquez,Democratic,59087.0,38.7,True,False
2024,Arizona,AZ,State House,5,general,"Reina ""Reina"" Patocs",Republican,31601.0,20.7,False,False
2024,Arizona,AZ,State House,5,general,Arthur Gonzales Sr. (write-in),Republican,88.0,0.1,False,False
2024,Arizona,AZ,State House,6,general,Myron Tsosie,Democratic,47088.0,34.6,True,True
2024,Arizona,AZ,State House,6,general,Mae Peshlakai,Democratic,45397.0,33.6,True,True
2024,Arizona,AZ,State House,6,general,Rich King,Republican,21425.0,15.8,False,False
2024,Arizona,AZ,State House,6,general,Lloyd Johnson,Republican,21381.0,15.8,False,False
2024,Arizona,AZ,State House,7,general,Walter Blackman,Republican,64591.0,32.7,True,False
2024,Arizona,AZ,State House,7,general,David Marshall,Republican,63900.0,32.3,True,True
2024,Arizona,AZ,State House,7,general,Nancy Hartl,Democratic,35972.0,18.2,False,False
2024,Arizona,AZ,State House,7,general,Kevin Chiquete,Democratic,33120.0,16.8,False,False
2024,Arizona,AZ,State House,8,general,Janeen Connolly,Democratic,37629.0,35.0,True,False
2024,Arizona,AZ,State House,8,general,Brian Garcia,Democratic,36770.0,34.2,True,False
2024,Arizona,AZ,State House,8,general,Caden Darrow,Republican,27415.0,25.5,False,False
2024,Arizona,AZ,State House,8,general,Tre Rook,Green,5597.0,5.2,False,False
2024,Arizona,AZ,State House,9,general,Lorena Austin,Democratic,39041.0,26.5,True,True
2024,Arizona,AZ,State House,9,general,Seth Blattman,Democratic,36823.0,25.0,True,True
2024,Arizona,AZ,State House,9,general,Kylie Barber,Republican,35895.0,24.4,False,False
2024,Arizona,AZ,State House,9,general,Mary Ann Mendoza,Republican,35553.0,24.1,False,False
2024,Arizona,AZ,State House,10,general,Justin Olson,Republican,50945.0,30.7,True,False
2024,Arizona,AZ,State House,10,general,Ralph Heap,Republican,49683.0,29.9,True,False
2024,Arizona,AZ,State House,10,general,Helen Hunter,Democratic,32693.0,19.7,False,False
2024,Arizona,AZ,State House,10,general,Stephanie Simmons,Democratic,32668.0,19.7,False,False
2024,Arizona,AZ,State House,11,general,Oscar De Los Santos,Democratic,28898.0,37.3,True,True
2024,Arizona,AZ,State House,11,general,Junelle Cavero,Democratic,26850.0,34.7,True,True
2024,Arizona,AZ,State House,11,general,Joseph Charles Dailey,Republican,10858.0,14.0,False,False
2024,Arizona,AZ,State House,11,general,Cesar Ivan Aleman,Republican,10787.0,13.9,False,False
2024,Arizona,AZ,State House,12,general,Patty Contreras,Democratic,65931.0,36.41,True,True
2024,Arizona,AZ,State House,12,general,Stacey Travers,Democratic,65115.0,35.96,True,True
2024,Arizona,AZ,State House,12,general,Lawrence Hudson,Republican,49932.0,27.57,False,False
2024,Arizona,AZ,State House,12,general,Marc Johnston (write-in),Libertarian,89.0,0.05,False,False
2024,Arizona,AZ,State House,12,general,Benjamin Wirtz (write-in),Independent,35.0,0.02,False,False
2024,Arizona,AZ,State House,13,general,Jeff Weninger,Republican,57486.0,25.9,True,False
2024,Arizona,AZ,State House,13,general,Julie Willoughby,Republican,56914.0,25.7,True,True
2024,Arizona,AZ,State House,13,general,Brandy Reese,Democratic,52677.0,23.8,False,False
2024,Arizona,AZ,State House,13,general,Nicholas Gonzales,Democratic,51133.0,23.1,False,False
2024,Arizona,AZ,State House,13,general,Cody Hannah,Green,3361.0,1.5,False,False
2024,Arizona,AZ,State House,14,general,Laurin Hendrix,Republican,47531.0,43.2,True,True
2024,Arizona,AZ,State House,14,general,Khyl Powell,Republican,44185.0,40.1,True,False
2024,Arizona,AZ,State House,14,general,Scott Menor,Green,18355.0,16.7,False,False
2024,Arizona,AZ,State House,15,general,Michael Way,Republican,62269.0,39.3,True,False
2024,Arizona,AZ,State House,15,general,Neal Carter,Republican,59460.0,37.5,True,True
2024,Arizona,AZ,State House,15,general,Barbara Beneitone,Democratic,36837.0,23.2,False,False
2024,Arizona,AZ,State House,16,general,Teresa Martinez,Republican,53741.0,36.3,True,True
2024,Arizona,AZ,State House,16,general,Chris Lopez,Republican,49050.0,33.1,True,False
2024,Arizona,AZ,State House,16,general,Keith Seaman,Democratic,45373.0,30.6,False,True
2024,Arizona,AZ,State House,17,general,Kevin Volk,Democratic,73985.0,34.5,True,False
2024,Arizona,AZ,State House,17,general,Rachel Jones,Republican,71620.0,33.4,True,True
2024,Arizona,AZ,State House,17,general,Cory McGarr,Republican,68904.0,32.1,False,True
2024,Arizona,AZ,State House,18,general,Nancy Gutierrez,Democratic,57212.0,38.9,True,True
2024,Arizona,AZ,State House,18,general,Christopher Mathis,Democratic,53895.0,36.6,True,True
2024,Arizona,AZ,State House,18,general,"Leonard ""Len"" Rosenblum",Republican,36016.0,24.5,False,False
2024,Arizona,AZ,State House,19,general,Gail Griffin,Republican,40577.0,39.8,True,True
2024,Arizona,AZ,State House,19,general,Lupe Diaz,Republican,36431.0,35.7,True,True
2024,Arizona,AZ,State House,19,general,Gregg Frostrom Jr.,Democratic,24958.0,24.5,False,False
2024,Arizona,AZ,State House,20,general,Alma Hernandez,Democratic,38870.0,51.7,True,True
2024,Arizona,AZ,State House,20,general,Betty Villegas,Democratic,36338.0,48.3,True,True
2024,Arizona,AZ,State House,21,general,Consuelo Hernandez,Democratic,35995.0,39.0,True,True
2024,Arizona,AZ,State House,21,general,Stephanie Stahl Hamilton,Democratic,31928.0,34.0,True,True
2024,Arizona,AZ,State House,21,general,Christopher Kibbey,Republican,24339.0,26.4,False,False
2024,Arizona,AZ,State House,22,general,Lupe Contreras,Democratic,27692.0,33.5,True,True
2024,Arizona,AZ,State House,22,general,Elda Luna-Nájera,Democratic,24502.0,29.7,True,True
2024,Arizona,AZ,State House,22,general,Diana Jones,Republican,15405.0,18.6,False,False
2024,Arizona,AZ,State House,22,general,"Blaine ""BJ"" Griffin Sr.",Republican,15020.0,18.2,False,False
2024,Arizona,AZ,State House,23,general,Michele Peña,Republican,37967.0,34.2,True,True
2024,Arizona,AZ,State House,23,general,Mariana Sandoval,Democratic,37375.0,33.6,True,True
2024,Arizona,AZ,State House,23,general,Matias Rosales,Democratic,35788.0,32.2,False,False
2024,Arizona,AZ,State House,24,general,Lydia Hernandez,Democratic,23041.0,54.0,True,True
2024,Arizona,AZ,State House,24,general,Anna Abeytia,Democratic,19654.0,46.0,True,False
2024,Arizona,AZ,State House,25,general,Michael Carbone,Republican,47441.0,39.4,True,True
2024,Arizona,AZ,State House,25,general,Nick Kupper,Republican,44316.0,36.8,True,False
2024,Arizona,AZ,State House,25,general,"William ""Bill"" Peter Olear",Democratic,28628.0,23.8,False,False
2024,Arizona,AZ,State House,26,general,Cesar Aguilar,Democratic,18400.0,35.5,True,True
2024,Arizona,AZ,State House,26,general,Quantá Crews,Democratic,15804.0,30.5,True,True
2024,Arizona,AZ,State House,26,general,Frank Roberts,Republican,9135.0,17.6,False,False
2024,Arizona,AZ,State House,26,general,Skyla Edwards,Republican,8559.0,16.5,False,False
2024,Arizona,AZ,State House,27,general,Lisa Fink,Republican,50758.0,34.8,True,False
2024,Arizona,AZ,State House,27,general,Tony Rivero,Republican,50265.0,34.4,True,False
2024,Arizona,AZ,State House,27,general,Deborah Howard,Democratic,45023.0,30.8,False,False
2024,Arizona,AZ,State House,28,general,Beverly Pingerelli,Republican,64058.0,37.4,True,True
2024,Arizona,AZ,State House,28,general,David Livingston,Republican,63559.0,37.1,True,True
2024,Arizona,AZ,State House,28,general,Barbara Jean Fike,Democratic,43482.0,25.4,False,False
2024,Arizona,AZ,State House,29,general,Steve Montenegro,Republican,50865.0,30.2,True,True
2024,Arizona,AZ,State House,29,general,James Taylor,Republican,50417.0,29.9,True,False
2024,Arizona,AZ,State House,29,general,Tanairí Ochoa-Martínez,Democratic,34278.0,20.3,False,False
2024,Arizona,AZ,State House,29,general,Tom Tzitzura,Democratic,32964.0,19.6,False,False
2024,Arizona,AZ,State House,30,general,Leo Biasiucci,Republican,63100.0,42.9,True,True
2024,Arizona,AZ,State House,30,general,John Gillette,Republican,62316.0,42.4,True,True
2024,Arizona,AZ,State House,30,general,Monica Timberlake,Democratic,21562.0,14.7,False,False
2024,Arkansas,AR,State House,1,general,Jeremy Wooldridge,Republican,9993.0,100.0,True,False
2024,Arkansas,AR,State House,2,general,Trey Steimel,Republican,10733.0,100.0,True,False
2024,Arkansas,AR,State House,3,general,Stetson Painter,Republican,13378.0,100.0,True,False
2024,Arkansas,AR,State House,4,general,Jason Nazarenko,Republican,12337.0,100.0,True,False
2024,Arkansas,AR,State House,5,general,Ron McNair,Republican,12382.0,100.0,True,True
2024,Arkansas,AR,State House,6,general,Harlan Breaux,Republican,8483.0,66.18,True,False
2024,Arkansas,AR,State House,6,general,Rick Delaney,Democratic,3724.0,29.05,False,False
2024,Arkansas,AR,State House,6,general,Dakota Logan,Libertarian,611.0,4.77,False,False
2024,Arkansas,AR,State House,7,general,Brit McKenzie,Republican,7159.0,66.45,True,True
2024,Arkansas,AR,State House,7,general,David McPherson,Democratic,3614.0,33.55,False,False
2024,Arkansas,AR,State House,8,general,Austin McCollum,Republican,10932.0,76.29,True,True
2024,Arkansas,AR,State House,8,general,Michael Kalagias,Libertarian,3398.0,23.71,False,False
2024,Arkansas,AR,State House,9,general,Diana Gonzales Worthen,Democratic,2662.0,54.89,True,False
2024,Arkansas,AR,State House,9,general,DeAnna Hodges,Republican,2188.0,45.11,False,True
2024,Arkansas,AR,State House,10,general,Mindy McAlindon,Republican,8587.0,56.2,True,True
2024,Arkansas,AR,State House,10,general,Kate Schaffer,Democratic,6590.0,43.48,False,False
2024,Arkansas,AR,State House,11,general,Rebecca Burkes,Republican,4671.0,59.15,True,True
2024,Arkansas,AR,State House,11,general,Rey Hernandez,Democratic,3226.0,40.85,False,False
2024,Arkansas,AR,State House,12,general,Hope Hendren Duke,Republican,12861.0,72.74,True,True
2024,Arkansas,AR,State House,12,general,David L. Barber,Democratic,4819.0,27.26,False,False
2024,Arkansas,AR,State House,13,general,Scott Richardson,Republican,6170.0,58.41,True,True
2024,Arkansas,AR,State House,13,general,Ashley Sheys,Democratic,4394.0,41.59,False,False
2024,Arkansas,AR,State House,14,general,Nick Burkes,Republican,8823.0,65.22,True,False
2024,Arkansas,AR,State House,14,general,Jacob Malloy,Democratic,4706.0,34.78,False,False
2024,Arkansas,AR,State House,15,general,John P. Carr,Republican,5510.0,56.62,True,True
2024,Arkansas,AR,State House,15,general,Stephanie Funk,Democratic,4221.0,43.38,False,False
2024,Arkansas,AR,State House,16,general,Kendon Underwood,Republican,13052.0,100.0,True,True
2024,Arkansas,AR,State House,17,general,Randy Torres,Republican,10320.0,100.0,True,False
2024,Arkansas,AR,State House,18,general,Robin Lundstrum,Republican,9332.0,64.42,True,True
2024,Arkansas,AR,State House,18,general,Justin Meeks,Democratic,5155.0,35.58,False,False
2024,Arkansas,AR,State House,19,general,Steve Unger,Republican,6320.0,55.82,True,True
2024,Arkansas,AR,State House,19,general,Billy Cook,Democratic,5002.0,44.18,False,False
2024,Arkansas,AR,State House,20,general,Denise Garner,Democratic,11405.0,100.0,True,True
2024,Arkansas,AR,State House,21,general,Nicole Clowney,Democratic,6898.0,100.0,True,True
2024,Arkansas,AR,State House,22,general,David Whitaker,Democratic,8673.0,100.0,True,True
2024,Arkansas,AR,State House,23,general,Kendra Moore,Republican,11473.0,100.0,True,True
2024,Arkansas,AR,State House,24,general,Brad Hall,Republican,10036.0,82.91,True,False
2024,Arkansas,AR,State House,24,general,Ryan Intchauspe,Democratic,2068.0,17.09,False,False
2024,Arkansas,AR,State House,25,general,Chad Puryear,Republican,10041.0,70.65,True,True
2024,Arkansas,AR,State House,25,general,Caitlin Tannehill Oxford,Democratic,4171.0,29.35,False,False
2024,Arkansas,AR,State House,26,general,James Eaton,Republican,10884.0,100.0,True,False
2024,Arkansas,AR,State House,27,general,Steven Walker,Republican,12977.0,100.0,True,True
2024,Arkansas,AR,State House,28,general,Bart Schulz,Republican,11288.0,100.0,True,True
2024,Arkansas,AR,State House,29,general,Rick McClure,Republican,9683.0,100.0,True,True
2024,Arkansas,AR,State House,30,general,Fran Cavenaugh,Republican,8923.0,80.61,True,True
2024,Arkansas,AR,State House,30,general,Hamilton Holmes,Democratic,2147.0,19.39,False,False
2024,Arkansas,AR,State House,31,general,Jimmy Gazaway,Republican,9405.0,100.0,True,True
2024,Arkansas,AR,State House,32,general,Jack Ladyman,Republican,5510.0,58.61,True,True
2024,Arkansas,AR,State House,32,general,David McAvoy,Democratic,3585.0,38.13,False,False
2024,Arkansas,AR,State House,32,general,Eric McGee,Libertarian,306.0,3.25,False,False
2024,Arkansas,AR,State House,33,general,Jon Milligan,Republican,9814.0,100.0,True,True
2024,Arkansas,AR,State House,34,general,Joey Carr,Republican,4937.0,62.01,True,True
2024,Arkansas,AR,State House,34,general,Desmond Hammett,Democratic,2694.0,37.99,False,False
2024,Arkansas,AR,State House,35,general,Jessie McGruder,Democratic,4814.0,50.65,True,False
2024,Arkansas,AR,State House,35,general,Robert Thorne Jr.,Republican,4691.0,49.35,False,False
2024,Arkansas,AR,State House,36,general,Johnny Rye,Republican,5318.0,67.86,True,True
2024,Arkansas,AR,State House,36,general,Daniel Parker,Democratic,2519.0,32.14,False,False
2024,Arkansas,AR,State House,37,general,Steve Hollowell,Republican,7762.0,72.43,True,True
2024,Arkansas,AR,State House,37,general,Lisa Head,Democratic,2955.0,27.57,False,False
2024,Arkansas,AR,State House,38,general,Dwight Tosh,Republican,10242.0,100.0,True,True
2024,Arkansas,AR,State House,39,general,Wayne Long,Republican,8658.0,100.0,True,True
2024,Arkansas,AR,State House,40,general,Shad Pearce,Republican,9920.0,100.0,True,True
2024,Arkansas,AR,State House,41,general,Alyssa Brown,Republican,12074.0,79.32,True,False
2024,Arkansas,AR,State House,41,general,Tom Nowlin,Democratic,3147.0,20.68,False,False
2024,Arkansas,AR,State House,42,general,Stephen Meeks,Republican,12238.0,80.05,True,True
2024,Arkansas,AR,State House,42,general,Lauren Faulk,Democratic,3050.0,19.95,False,False
2024,Arkansas,AR,State House,43,general,Rick Beck,Republican,11073.0,100.0,True,True
2024,Arkansas,AR,State House,44,general,Stan Berry,Republican,11467.0,100.0,True,True
2024,Arkansas,AR,State House,45,general,Aaron Pilkington,Republican,8722.0,76.77,True,True
2024,Arkansas,AR,State House,45,general,Whitney Sheree Freeman,Democratic,2639.0,23.23,False,False
2024,Arkansas,AR,State House,46,general,Jon S. Eubanks,Republican,10807.0,100.0,True,True
2024,Arkansas,AR,State House,47,general,Lee Johnson,Republican,12761.0,100.0,True,True
2024,Arkansas,AR,State House,48,general,Ryan Rose,Republican,7646.0,100.0,True,True
2024,Arkansas,AR,State House,49,general,Jay Richardson,Democratic,3847.0,100.0,True,True
2024,Arkansas,AR,State House,50,general,Zachary Gramlich,Republican,6329.0,63.96,True,True
2024,Arkansas,AR,State House,50,general,Robin W. McCray,Democratic,3567.0,36.0,False,False
2024,Arkansas,AR,State House,51,general,Cindy Crawford,Republican,9032.0,68.23,True,True
2024,Arkansas,AR,State House,51,general,Jane-Ellen Udouj-Kutchka,Democratic,4206.0,31.77,False,False
2024,Arkansas,AR,State House,52,general,Marcus Richmond,Republican,9109.0,100.0,True,True
2024,Arkansas,AR,State House,53,general,Matt Duffield,Republican,6763.0,73.39,True,True
2024,Arkansas,AR,State House,53,general,Amie Gates,Democratic,2452.0,26.61,False,False
2024,Arkansas,AR,State House,54,general,Mary Bentley,Republican,9453.0,69.65,True,True
2024,Arkansas,AR,State House,54,general,Doug Corbitt,Democratic,4120.0,30.35,False,False
2024,Arkansas,AR,State House,55,general,Matthew Brown,Republican,7063.0,58.5,True,True
2024,Arkansas,AR,State House,55,general,Cynthia Nations,Democratic,5011.0,41.5,False,False
2024,Arkansas,AR,State House,56,general,Steve Magie,Democratic,5959.0,53.82,True,True
2024,Arkansas,AR,State House,56,general,Kim Slaughter,Republican,5113.0,46.18,False,False
2024,Arkansas,AR,State House,57,general,Cameron Cooper,Republican,11987.0,84.74,True,True
2024,Arkansas,AR,State House,57,general,Ciara' Bolte,Democratic,2159.0,15.26,False,False
2024,Arkansas,AR,State House,58,general,Les Eaves,Republican,8773.0,75.55,True,True
2024,Arkansas,AR,State House,58,general,Trevor McGarrah,Democratic,2839.0,24.45,False,False
2024,Arkansas,AR,State House,59,general,Jim Wooten,Republican,10570.0,100.0,True,True
2024,Arkansas,AR,State House,60,general,Roger Lynch,Republican,10944.0,100.0,True,True
2024,Arkansas,AR,State House,61,general,Jeremiah Moore,Republican,7698.0,77.79,True,False
2024,Arkansas,AR,State House,61,general,Garrett Sheeks,Libertarian,2198.0,22.21,False,False
2024,Arkansas,AR,State House,62,general,Mark D. McElroy,Republican,4845.0,53.65,True,True
2024,Arkansas,AR,State House,62,general,Dexter R. Miller,Democratic,4185.0,46.35,False,False
2024,Arkansas,AR,State House,63,general,Lincoln Barnett,Democratic,4218.0,54.83,True,False
2024,Arkansas,AR,State House,63,general,Tammi Northcutt Bell,Republican,3475.0,45.17,False,False
2024,Arkansas,AR,State House,64,general,Ken Ferguson,Democratic,7429.0,100.0,True,True
2024,Arkansas,AR,State House,65,general,Glenn Barnes,Democratic,6183.0,100.0,True,False
2024,Arkansas,AR,State House,66,general,Wayne M. Ball,Republican,2537.0,29.76,False,False
2024,Arkansas,AR,State House,66,general,Mark Perry,Democratic,5987.0,70.24,True,True
2024,Arkansas,AR,State House,67,general,Karilyn Brown,Republican,6550.0,52.23,True,True
2024,Arkansas,AR,State House,67,general,Andrew Cade Eberly,Democratic,5991.0,47.77,False,False
2024,Arkansas,AR,State House,68,general,Brian S. Evans,Republican,10002.0,78.2,True,True
2024,Arkansas,AR,State House,68,general,Tom Bartole,Democratic,2789.0,21.8,False,False
2024,Arkansas,AR,State House,69,general,David Ray,Republican,8254.0,71.25,True,True
2024,Arkansas,AR,State House,69,general,Kwami Abdul-Bey,Democratic,3330.0,28.75,False,False
2024,Arkansas,AR,State House,70,general,Carlton Wing,Republican,7541.0,50.97,True,True
2024,Arkansas,AR,State House,70,general,Alex Holladay,Democratic,7255.0,49.03,False,False
2024,Arkansas,AR,State House,71,general,Brandon Achor,Republican,7226.0,55.68,True,True
2024,Arkansas,AR,State House,71,general,Cassandra D. Green,Democratic,5752.0,44.32,False,False
2024,Arkansas,AR,State House,72,general,Tracy Steele,Democratic,6294.0,100.0,True,False
2024,Arkansas,AR,State House,73,general,Andrew Collins,Democratic,11278.0,100.0,True,True
2024,Arkansas,AR,State House,74,general,Tippi McCullough,Democratic,10938.0,100.0,True,True
2024,Arkansas,AR,State House,75,general,Ashley Hudson,Democratic,8537.0,64.9,True,False
2024,Arkansas,AR,State House,75,general,Michael White,Libertarian,4618.0,35.1,False,False
2024,Arkansas,AR,State House,76,general,Joy C. Springer,Democratic,6600.0,100.0,True,True
2024,Arkansas,AR,State House,77,general,Fred Allen,Democratic,8117.0,100.0,True,True
2024,Arkansas,AR,State House,78,general,Keith Brooks,Republican,11078.0,67.25,True,True
2024,Arkansas,AR,State House,78,general,James Henry Bartolomei,Democratic,5395.0,32.75,False,False
2024,Arkansas,AR,State House,79,general,Tara Shephard,Democratic,5987.0,100.0,True,True
2024,Arkansas,AR,State House,80,general,Denise Ennett,Democratic,6925.0,100.0,True,True
2024,Arkansas,AR,State House,81,general,R. J. Hawk,Republican,6973.0,60.2,True,True
2024,Arkansas,AR,State House,81,general,Gina Thomas-Littlejohn,Democratic,4610.0,39.8,False,False
2024,Arkansas,AR,State House,82,general,Tony Furman,Republican,7431.0,67.5,True,True
2024,Arkansas,AR,State House,82,general,Samuel Brazell Jr.,Democratic,3578.0,32.5,False,False
2024,Arkansas,AR,State House,83,general,Paul Childress,Republican,13545.0,75.1,True,False
2024,Arkansas,AR,State House,83,general,Teresa Dannaway,Democratic,4491.0,24.9,False,False
2024,Arkansas,AR,State House,84,general,Les Warren,Republican,7354.0,67.79,True,True
2024,Arkansas,AR,State House,84,general,Jill Summerford,Democratic,3494.0,32.21,False,False
2024,Arkansas,AR,State House,85,general,Richard McGrew,Republican,10153.0,75.61,True,True
2024,Arkansas,AR,State House,85,general,Cortney Warwick McKee,Democratic,3275.0,24.39,False,False
2024,Arkansas,AR,State House,86,general,John Maddox,Republican,11181.0,87.82,True,True
2024,Arkansas,AR,State House,86,general,Bill Bradshaw,Democratic,1550.0,12.18,False,False
2024,Arkansas,AR,State House,87,general,DeAnn Vaught,Republican,8212.0,84.05,True,False
2024,Arkansas,AR,State House,87,general,Marc Rossen,Libertarian,1558.0,15.95,False,False
2024,Arkansas,AR,State House,88,general,Dolly Henley,Republican,6246.0,71.49,True,False
2024,Arkansas,AR,State House,88,general,Tammy Goodwin,Libertarian,2491.0,28.51,False,False
2024,Arkansas,AR,State House,89,general,Justin Gonzales,Republican,10173.0,100.0,True,True
2024,Arkansas,AR,State House,90,general,Richard Womack,Republican,9958.0,100.0,True,True
2024,Arkansas,AR,State House,91,general,Bruce Cozart,Republican,8860.0,100.0,True,True
2024,Arkansas,AR,State House,92,general,Julie Mayberry,Republican,11425.0,84.79,True,True
2024,Arkansas,AR,State House,92,general,David Murray,Democratic,2049.0,15.21,False,False
2024,Arkansas,AR,State House,93,general,Mike Holcomb,Republican,10851.0,100.0,True,True
2024,Arkansas,AR,State House,94,general,Jeff Wardlaw,Republican,6385.0,65.55,True,True
2024,Arkansas,AR,State House,94,general,Annette Taylor,Democratic,3356.0,34.45,False,False
2024,Arkansas,AR,State House,95,general,Howard Beaty Jr.,Republican,8849.0,100.0,True,True
2024,Arkansas,AR,State House,96,general,Sonia Eubanks Barker,Republican,8990.0,72.81,True,True
2024,Arkansas,AR,State House,96,general,Robin G. Roark,Democratic,3358.0,27.19,False,False
2024,Arkansas,AR,State House,97,general,Matthew Shepherd,Republican,7881.0,69.5,True,True
2024,Arkansas,AR,State House,97,general,O'Dell Carr,Democratic,3459.0,30.5,False,False
2024,Arkansas,AR,State House,98,general,Wade Andrews,Republican,8609.0,100.0,True,True
2024,Arkansas,AR,State House,99,general,Lane Jean,Republican,10630.0,100.0,True,True
2024,Arkansas,AR,State House,100,general,Carol Dalby,Republican,8761.0,100.0,True,True
2024,Colorado,CO,State House,1,general,Javier Mabrey,Democratic Party (colorado),22104.0,64.75,True,True
2024,Colorado,CO,State House,1,general,Barbara DeHaan,Republican Party (colorado),12033.0,35.25,False,False
2024,Colorado,CO,State House,2,general,Steven Woodrow,Democratic Party (colorado),38829.0,74.2,True,True
2024,Colorado,CO,State House,2,general,Michael DiManna,Republican Party (colorado),13501.0,25.8,False,False
2024,Colorado,CO,State House,3,general,Meg Froelich,Democratic Party (colorado),26049.0,64.03,True,True
2024,Colorado,CO,State House,3,general,Mickey Neal,Republican Party (colorado),14619.0,35.94,False,False
2024,Colorado,CO,State House,3,general,Marla Fernandez (write-in),Republican Party (colorado),14.0,0.03,False,False
2024,Colorado,CO,State House,4,general,Cecelia Espenoza,Democratic Party (colorado),32315.0,78.94,True,False
2024,Colorado,CO,State House,4,general,Jack Daus,Republican Party (colorado),8623.0,21.06,False,False
2024,Colorado,CO,State House,5,general,Alex Valdez,Democratic Party (colorado),32077.0,79.59,True,True
2024,Colorado,CO,State House,5,general,Johnnie Wesley Johnson,Republican Party (colorado),8224.0,20.41,False,False
2024,Colorado,CO,State House,6,general,Sean Camacho,Democratic Party (colorado),38250.0,84.57,True,False
2024,Colorado,CO,State House,6,general,Kyle Witter,Republican Party (colorado),6978.0,15.43,False,False
2024,Colorado,CO,State House,7,general,Jennifer Bacon,Democratic Party (colorado),22078.0,73.11,True,True
2024,Colorado,CO,State House,7,general,Tom Swift,Republican Party (colorado),7206.0,23.86,False,False
2024,Colorado,CO,State House,7,general,Raymon Anthony Doane,Libertarian Party (colorado),907.0,3.0,False,False
2024,Colorado,CO,State House,7,general,Ben Pope (write-in),Democratic Party (colorado),9.0,0.03,False,False
2024,Colorado,CO,State House,8,general,Lindsay Gilchrist,Democratic Party (colorado),39914.0,85.16,True,False
2024,Colorado,CO,State House,8,general,Philip Borrelli,Republican Party (colorado),5932.0,12.66,False,False
2024,Colorado,CO,State House,8,general,Jesse Lashawn Parris,Unity,992.0,2.12,False,False
2024,Colorado,CO,State House,8,general,Sharron Pettiford (write-in),Democratic Party (colorado),33.0,0.07,False,False
2024,Colorado,CO,State House,9,general,Emily Sirota,Democratic Party (colorado),29530.0,74.5,True,True
2024,Colorado,CO,State House,9,general,Tom Cowhick,Republican Party (colorado),10108.0,25.5,False,False
2024,Colorado,CO,State House,10,general,Junie Joseph,Democratic Party (colorado),33889.0,84.35,True,True
2024,Colorado,CO,State House,10,general,William DeOreo,Republican Party (colorado),6290.0,15.65,False,False
2024,Colorado,CO,State House,11,general,Karen McCormick,Democratic Party (colorado),31650.0,69.32,True,True
2024,Colorado,CO,State House,11,general,Kathy Reeves,Republican Party (colorado),14005.0,30.68,False,False
2024,Colorado,CO,State House,12,general,Kyle Brown,Democratic Party (colorado),39742.0,76.56,True,True
2024,Colorado,CO,State House,12,general,Mark Milliman,Republican Party (colorado),12166.0,23.44,False,False
2024,Colorado,CO,State House,13,general,Julie McCluskie,Democratic Party (colorado),30291.0,55.17,True,True
2024,Colorado,CO,State House,13,general,Dave Williams,Republican Party (colorado),24613.0,44.83,False,False
2024,Colorado,CO,State House,14,general,Rose Pugliese,Republican Party (colorado),34428.0,60.69,True,True
2024,Colorado,CO,State House,14,general,Kat Gayle,Democratic Party (colorado),22301.0,39.31,False,False
2024,Colorado,CO,State House,15,general,Scott Bottoms,Republican Party (colorado),26519.0,57.99,True,True
2024,Colorado,CO,State House,15,general,Jeff Livingston,Democratic Party (colorado),19215.0,42.01,False,False
2024,Colorado,CO,State House,16,general,Rebecca Keltie,Republican Party (colorado),20641.0,50.004,True,False
2024,Colorado,CO,State House,16,general,Stephanie Vigil,Democratic Party (colorado),20638.0,49.996,False,True
2024,Colorado,CO,State House,17,general,Regina English,Democratic Party (colorado),14461.0,55.87,True,True
2024,Colorado,CO,State House,17,general,Elizabeth Riggs,Republican Party (colorado),11423.0,44.13,False,False
2024,Colorado,CO,State House,18,general,Amy Paschal,Democratic Party (colorado),24780.0,53.53,True,False
2024,Colorado,CO,State House,18,general,James Boelens Jr,Republican Party (colorado),21510.0,46.47,False,False
2024,Colorado,CO,State House,19,general,Dan Woog,Republican Party (colorado),28420.0,50.1,True,False
2024,Colorado,CO,State House,19,general,Jillaire McMillan,Democratic Party (colorado),28310.0,49.9,False,False
2024,Colorado,CO,State House,20,general,Jarvis Caldwell,Republican Party (colorado),39949.0,71.94,True,False
2024,Colorado,CO,State House,20,general,Arik Dougherty,Democratic Party (colorado),15581.0,28.06,False,False
2024,Colorado,CO,State House,21,general,Mary Bradfield,Republican Party (colorado),17631.0,58.23,True,True
2024,Colorado,CO,State House,21,general,Liz Rosenbaum,Democratic Party (colorado),12646.0,41.77,False,False
2024,Colorado,CO,State House,22,general,Ken DeGraaf,Republican Party (colorado),25890.0,56.62,True,True
2024,Colorado,CO,State House,22,general,Michael Pierson,Democratic Party (colorado),17665.0,38.63,False,False
2024,Colorado,CO,State House,22,general,Daniel Campaña,Independent,2170.0,4.75,False,False
2024,Colorado,CO,State House,23,general,Monica Duran,Democratic Party (colorado),31854.0,63.8,True,True
2024,Colorado,CO,State House,23,general,Cory Ohnesorge,Republican Party (colorado),18073.0,36.2,False,False
2024,Colorado,CO,State House,24,general,Lisa Feret,Democratic Party (colorado),30249.0,56.64,True,False
2024,Colorado,CO,State House,24,general,Gwen Henderson,Republican Party (colorado),23161.0,43.36,False,False
2024,Colorado,CO,State House,25,general,Tammy Story,Democratic Party (colorado),31327.0,52.11,True,True
2024,Colorado,CO,State House,25,general,George Mumma Jr,Republican Party (colorado),28790.0,47.89,False,False
2024,Colorado,CO,State House,26,general,Meghan Lukens,Democratic Party (colorado),27188.0,56.62,True,True
2024,Colorado,CO,State House,26,general,Nathan Butler,Republican Party (colorado),20831.0,43.38,False,False
2024,Colorado,CO,State House,27,general,Brianna Titone,Democratic Party (colorado),30193.0,56.79,True,True
2024,Colorado,CO,State House,27,general,Ed Cox,Republican Party (colorado),22976.0,43.21,False,False
2024,Colorado,CO,State House,28,general,Sheila Lieder,Democratic Party (colorado),26960.0,52.84,True,True
2024,Colorado,CO,State House,28,general,Peter Boddie,Republican Party (colorado),24066.0,47.16,False,False
2024,Colorado,CO,State House,29,general,Shannon Bird,Democratic Party (colorado),30163.0,60.85,True,True
2024,Colorado,CO,State House,29,general,Evan Shields Hunt,Republican Party (colorado),19409.0,39.15,False,False
2024,Colorado,CO,State House,30,general,Rebekah Stewart,Democratic Party (colorado),26647.0,62.25,True,False
2024,Colorado,CO,State House,30,general,Ramey Johnson,Republican Party (colorado),16162.0,37.75,False,False
2024,Colorado,CO,State House,31,general,Jacque Phillips,Democratic Party (colorado),17221.0,55.86,True,False
2024,Colorado,CO,State House,31,general,Heidi Pitchforth,Republican Party (colorado),13609.0,44.14,False,False
2024,Colorado,CO,State House,32,general,Manny Rutinel,Democratic Party (colorado),22853.0,100.0,True,True
2024,Colorado,CO,State House,33,general,William Lindstedt,Democratic Party (colorado),31589.0,58.58,True,True
2024,Colorado,CO,State House,33,general,Michael Martinez,Republican Party (colorado),22332.0,41.42,False,False
2024,Colorado,CO,State House,34,general,Jenny Willford,Democratic Party (colorado),21326.0,50.64,True,True
2024,Colorado,CO,State House,34,general,Craig Sullivan,Republican Party (colorado),18864.0,44.79,False,False
2024,Colorado,CO,State House,34,general,"Alexander ""Skinny"" Winkler",Center,971.0,2.31,False,False
2024,Colorado,CO,State House,34,general,Mark Bromley,Independent,952.0,2.26,False,False
2024,Colorado,CO,State House,35,general,Lorena Garcia,Democratic Party (colorado),19526.0,64.62,True,True
2024,Colorado,CO,State House,35,general,Lee Knoll,Republican Party (colorado),10689.0,35.38,False,False
2024,Colorado,CO,State House,36,general,Michael Carter,Democratic Party (colorado),21452.0,71.54,True,False
2024,Colorado,CO,State House,36,general,Eric Mulder,Forward,8532.0,28.46,False,False
2024,Colorado,CO,State House,37,general,Chad Clifford,Democratic Party (colorado),31463.0,97.34,True,True
2024,Colorado,CO,State House,37,general,Kevin Biehl (write-in),Independent,861.0,2.66,False,False
2024,Colorado,CO,State House,38,general,Gretchen Rydin,Democratic Party (colorado),29577.0,54.57,True,False
2024,Colorado,CO,State House,38,general,Jeffrey Patty,Republican Party (colorado),24623.0,45.43,False,False
2024,Colorado,CO,State House,39,general,Brandi Bradley,Republican Party (colorado),36364.0,58.97,True,True
2024,Colorado,CO,State House,39,general,Eric Brody,Democratic Party (colorado),25305.0,41.03,False,False
2024,Colorado,CO,State House,40,general,Naquetta Ricks,Democratic Party (colorado),24086.0,56.59,True,True
2024,Colorado,CO,State House,40,general,Darryl Gibbs,Republican Party (colorado),17034.0,40.02,False,False
2024,Colorado,CO,State House,40,general,Allison Spink,Libertarian Party (colorado),1446.0,3.4,False,False
2024,Colorado,CO,State House,41,general,Iman Jodeh,Democratic Party (colorado),22124.0,61.3,True,True
2024,Colorado,CO,State House,41,general,Rob McKenna,Republican Party (colorado),12736.0,35.29,False,False
2024,Colorado,CO,State House,41,general,Keith Porter,Libertarian Party (colorado),1231.0,3.41,False,False
2024,Colorado,CO,State House,42,general,Mandy Lindsay,Democratic Party (colorado),18097.0,100.0,True,True
2024,Colorado,CO,State House,43,general,Bob Marshall,Democratic Party (colorado),27915.0,51.26,True,True
2024,Colorado,CO,State House,43,general,Matt Burcham,Republican Party (colorado),26542.0,48.74,False,False
2024,Colorado,CO,State House,44,general,Anthony Hartsook,Republican Party (colorado),30957.0,58.64,True,True
2024,Colorado,CO,State House,44,general,Alyssa Nilemo,Democratic Party (colorado),21833.0,41.36,False,False
2024,Colorado,CO,State House,45,general,Max Brooks,Republican Party (colorado),35970.0,62.26,True,False
2024,Colorado,CO,State House,45,general,Chad Cox,Democratic Party (colorado),21801.0,37.74,False,False
2024,Colorado,CO,State House,46,general,Tisha Mauro,Democratic Party (colorado),23823.0,52.28,True,True
2024,Colorado,CO,State House,46,general,Kim Swearingen,Republican Party (colorado),21746.0,47.72,False,False
2024,Colorado,CO,State House,47,general,Ty Winter,Republican Party (colorado),29899.0,67.22,True,True
2024,Colorado,CO,State House,47,general,Elizabeth Bulthuis,Democratic Party (colorado),14580.0,32.78,False,False
2024,Colorado,CO,State House,48,general,Carlos Barron,Republican Party (colorado),32520.0,100.0,True,False
2024,Colorado,CO,State House,49,general,Lesley Smith,Democratic Party (colorado),36669.0,63.81,True,False
2024,Colorado,CO,State House,49,general,Steve Ferrante,Republican Party (colorado),20797.0,36.19,False,False
2024,Colorado,CO,State House,50,general,Ryan Gonzalez,Republican Party (colorado),13233.0,51.09,True,False
2024,Colorado,CO,State House,50,general,Mary Young,Democratic Party (colorado),12670.0,48.91,False,True
2024,Colorado,CO,State House,51,general,Ron Weinberg,Republican Party (colorado),28460.0,52.62,True,True
2024,Colorado,CO,State House,51,general,Sarah McKeen,Democratic Party (colorado),25628.0,47.38,False,False
2024,Colorado,CO,State House,52,general,Yara Zokaie,Democratic Party (colorado),31167.0,63.28,True,False
2024,Colorado,CO,State House,52,general,Steve Yurash,Center,18088.0,36.72,False,False
2024,Colorado,CO,State House,53,general,Andrew Boesenecker,Democratic Party (colorado),31875.0,73.52,True,True
2024,Colorado,CO,State House,53,general,Donna Walter,Republican Party (colorado),11479.0,26.48,False,False
2024,Colorado,CO,State House,54,general,Matt Soper,Republican Party (colorado),41811.0,100.0,True,True
2024,Colorado,CO,State House,55,general,Rick Taggart,Republican Party (colorado),36085.0,100.0,True,True
2024,Colorado,CO,State House,56,general,Chris Richardson,Republican Party (colorado),42014.0,75.72,True,False
2024,Colorado,CO,State House,56,general,Alessandra Navetta,Democratic Party (colorado),13475.0,24.28,False,False
2024,Colorado,CO,State House,57,general,Elizabeth Velasco,Democratic Party (colorado),24604.0,55.79,True,True
2024,Colorado,CO,State House,57,general,Caleb Waller,Republican Party (colorado),19494.0,44.21,False,False
2024,Colorado,CO,State House,58,general,Larry Don Suckla,Republican Party (colorado),30170.0,54.59,True,False
2024,Colorado,CO,State House,58,general,Kathleen Curry,Democratic Party (colorado),25100.0,45.41,False,False
2024,Colorado,CO,State House,59,general,Katie Stewart,Democratic Party (colorado),27918.0,51.21,True,False
2024,Colorado,CO,State House,59,general,Clark Craig,Republican Party (colorado),26599.0,48.79,False,False
2024,Colorado,CO,State House,60,general,Stephanie Luck,Republican Party (colorado),36518.0,69.77,True,True
2024,Colorado,CO,State House,60,general,Kathryn Green,Democratic Party (colorado),15826.0,30.23,False,False
2024,Colorado,CO,State House,61,general,Eliza Hamrick,Democratic Party (colorado),32799.0,100.0,True,True
2024,Colorado,CO,State House,62,general,Matthew Martinez,Democratic Party (colorado),21050.0,53.76,True,True
2024,Colorado,CO,State House,62,general,Carol Riggenbach,Republican Party (colorado),18109.0,46.24,False,False
2024,Colorado,CO,State House,63,general,Dusty A. Johnson,Republican Party (colorado),36930.0,100.0,True,False
2024,Colorado,CO,State House,64,general,Ryan Armagost,Republican Party (colorado),34463.0,63.5,True,True
2024,Colorado,CO,State House,64,general,Mark Matthews,Democratic Party (colorado),19810.0,36.5,False,False
2024,Colorado,CO,State House,65,general,Lori Garcia Sander,Republican Party (colorado),38882.0,62.73,True,False
2024,Colorado,CO,State House,65,general,Will Walters,Democratic Party (colorado),23101.0,37.27,False,False
2024,Connecticut,CT,State House,1,general,Matthew Ritter,Democratic,4961.0,100.0,True,True
2024,Connecticut,CT,State House,2,general,Raghib Allie-Brennan,Democratic,7330.0,55.4,True,False
2024,Connecticut,CT,State House,2,general,Bradley Koltz,Republican,5310.0,42.0,False,False
2024,Connecticut,CT,State House,3,general,Minnie Gonzalez,Democratic,3354.0,100.0,True,True
2024,Connecticut,CT,State House,4,general,Julio Concepcion,Democratic,3519.0,100.0,True,True
2024,Connecticut,CT,State House,5,general,Maryam Khan,Democratic,8166.0,99.8,True,True
2024,Connecticut,CT,State House,5,general,Tracy L. Funnye,Write-in,12.0,0.2,False,False
2024,Connecticut,CT,State House,6,general,James Sánchez,Democratic,4385.0,93.5,True,True
2024,Connecticut,CT,State House,6,general,Alyssa Peterson,Independent,304.0,6.5,False,False
2024,Connecticut,CT,State House,7,general,Joshua M. Hall,Democratic,4889.0,100.0,True,True
2024,Connecticut,CT,State House,8,general,Tim Ackert,Republican,8580.0,59.2,True,True
2024,Connecticut,CT,State House,8,general,Nancy Hammarstrom,Democratic,5920.0,39.0,False,False
2024,Connecticut,CT,State House,9,general,Jason Rojas,Democratic,7419.0,100.0,True,True
2024,Connecticut,CT,State House,10,general,Henry Genga,Democratic,5470.0,68.8,True,True
2024,Connecticut,CT,State House,10,general,Christopher Tierinni,Republican,2484.0,31.2,False,False
2024,Connecticut,CT,State House,11,general,Patrick Biggins,Democratic,4969.0,69.4,True,False
2024,Connecticut,CT,State House,11,general,Salema Davis,Republican,2194.0,30.6,False,False
2024,Connecticut,CT,State House,12,general,Geoff Luxenberg,Democratic,6720.0,62.6,True,False
2024,Connecticut,CT,State House,12,general,Robert Cormier,Republican,3398.0,33.4,False,False
2024,Connecticut,CT,State House,12,general,Joseph Young,Independent,52.0,0.5,False,False
2024,Connecticut,CT,State House,13,general,Jason Doucette,Democratic,7846.0,63.6,True,False
2024,Connecticut,CT,State House,13,general,Donna C. Meier,Republican,3969.0,33.6,False,False
2024,Connecticut,CT,State House,14,general,Tom Delnicki,Republican,7077.0,52.2,True,False
2024,Connecticut,CT,State House,14,general,Steven King,Democratic,5536.0,42.7,False,False
2024,Connecticut,CT,State House,14,general,Marek Kozikowski,United Community,358.0,2.8,False,False
2024,Connecticut,CT,State House,15,general,Bobby Gibson,Democratic,10379.0,83.6,True,True
2024,Connecticut,CT,State House,15,general,Quentin Johnson,Republican,2034.0,16.4,False,False
2024,Connecticut,CT,State House,16,general,Melissa Osborne,Democratic,9721.0,61.8,True,True
2024,Connecticut,CT,State House,16,general,Michael Schulitz,Republican,5997.0,38.2,False,False
2024,Connecticut,CT,State House,17,general,Eleni Kavros DeGraw,Democratic,9168.0,59.1,True,False
2024,Connecticut,CT,State House,17,general,Manju Gerber,Republican,5522.0,37.6,False,False
2024,Connecticut,CT,State House,18,general,Jillian Gilchrest,Democratic,10113.0,100.0,True,True
2024,Connecticut,CT,State House,19,general,Tammy Exum,Democratic,11481.0,100.0,True,True
2024,Connecticut,CT,State House,20,general,Kate Farrar,Democratic,9562.0,87.8,True,False
2024,Connecticut,CT,State House,21,general,Mike Demicco,Democratic,8897.0,61.1,True,False
2024,Connecticut,CT,State House,21,general,Johnny Carrier,Republican,4834.0,35.2,False,False
2024,Connecticut,CT,State House,22,general,Rebecca Martinez,Democratic,6551.0,47.3,True,False
2024,Connecticut,CT,State House,22,general,Francis Cooley,Republican,6108.0,48.3,False,True
2024,Connecticut,CT,State House,23,general,Devin Carney,Republican,8044.0,49.7,True,False
2024,Connecticut,CT,State House,23,general,Jane Wisialowski,Democratic,7582.0,47.2,False,False
2024,Connecticut,CT,State House,24,general,Manny Sanchez,Democratic,5062.0,60.9,True,False
2024,Connecticut,CT,State House,24,general,Alden Russell,Republican,2631.0,34.1,False,False
2024,Connecticut,CT,State House,24,general,Alfred Mayo,Independent,27.0,0.3,False,False
2024,Connecticut,CT,State House,25,general,Bobby Sanchez,Democratic,3614.0,70.1,True,True
2024,Connecticut,CT,State House,25,general,Jamie Vaughan,Republican,1543.0,29.9,False,False
2024,Connecticut,CT,State House,26,general,David DeFronzo,Democratic,4336.0,55.8,True,False
2024,Connecticut,CT,State House,26,general,Barbara Marino,Republican,2910.0,40.2,False,False
2024,Connecticut,CT,State House,27,general,Gary Turco,Democratic,8487.0,76.9,True,False
2024,Connecticut,CT,State House,27,general,Stephen Ellis,Independent,1109.0,11.6,False,False
2024,Connecticut,CT,State House,28,general,Amy Morrin Bello,Democratic,8030.0,55.9,True,False
2024,Connecticut,CT,State House,28,general,Bill Davidson,Republican,5480.0,40.6,False,False
2024,Connecticut,CT,State House,29,general,Kerry Szeps Wood,Democratic,6729.0,57.6,True,True
2024,Connecticut,CT,State House,29,general,Edward Charamut,Republican,4950.0,42.4,False,False
2024,Connecticut,CT,State House,30,general,Donna Veach,Republican,9344.0,100.0,True,True
2024,Connecticut,CT,State House,31,general,Jill Barry,Democratic,10576.0,88.6,True,False
2024,Connecticut,CT,State House,32,general,Christie Carpino,Republican,10215.0,100.0,True,True
2024,Connecticut,CT,State House,33,general,Brandon Chafee,Democratic,7590.0,75.9,True,False
2024,Connecticut,CT,State House,33,general,Robert Hoggard,We the People,698.0,8.1,False,False
2024,Connecticut,CT,State House,33,general,Christine Rebstock,Independent,292.0,3.2,False,False
2024,Connecticut,CT,State House,34,general,Irene Haines,Republican,7730.0,53.1,True,True
2024,Connecticut,CT,State House,34,general,Richard Knotek,Democratic,6530.0,44.9,False,False
2024,Connecticut,CT,State House,34,general,David Cassenti,Independent,296.0,2.0,False,False
2024,Connecticut,CT,State House,35,general,Chris Aniskovich,Republican,7252.0,48.9,True,False
2024,Connecticut,CT,State House,35,general,Cinzia Lettieri,Democratic,7102.0,47.7,False,False
2024,Connecticut,CT,State House,36,general,Renee Muir,Democratic,8022.0,53.0,True,False
2024,Connecticut,CT,State House,36,general,Kathryn Russell,Republican,7114.0,47.0,False,False
2024,Connecticut,CT,State House,37,general,Nick Menapace,Democratic,7735.0,48.2,True,False
2024,Connecticut,CT,State House,37,general,Holly Cheeseman,Republican,7636.0,47.5,False,False
2024,Connecticut,CT,State House,38,general,Nick Gauthier,Democratic,7274.0,46.9,True,False
2024,Connecticut,CT,State House,38,general,Kathleen McCarty,Republican,7100.0,49.4,False,True
2024,Connecticut,CT,State House,39,general,Anthony Nolan,Democratic,5305.0,73.0,True,False
2024,Connecticut,CT,State House,39,general,Beloved Grace-Carter,Republican,1273.0,19.4,False,False
2024,Connecticut,CT,State House,40,general,Christine Conley,Democratic,6195.0,60.7,True,False
2024,Connecticut,CT,State House,40,general,Susan Shrinbot,Republican,3167.0,33.8,False,False
2024,Connecticut,CT,State House,41,general,Aundre Bumgardner,Democratic,10985.0,80.6,True,False
2024,Connecticut,CT,State House,42,general,Savet Constantine,Democratic,7026.0,50.9,True,False
2024,Connecticut,CT,State House,42,general,Kim Healy,Republican,6775.0,47.0,False,False
2024,Connecticut,CT,State House,43,general,Greg Howard,Republican,7805.0,57.9,True,True
2024,Connecticut,CT,State House,43,general,Ty Lamb,Democratic,5679.0,42.1,False,False
2024,Connecticut,CT,State House,44,general,Anne Dauphinais,Republican,6982.0,63.3,True,True
2024,Connecticut,CT,State House,44,general,Samantha Derenthal,Democratic,4041.0,34.0,False,False
2024,Connecticut,CT,State House,45,general,Brian Lanoue,Republican,8267.0,62.8,True,True
2024,Connecticut,CT,State House,45,general,Kayla Thompson,Democratic,4899.0,37.2,False,False
2024,Connecticut,CT,State House,46,general,Derell Wilson,Democratic,4833.0,60.9,True,True
2024,Connecticut,CT,State House,46,general,Nicholas Casiano,Republican,2509.0,34.2,False,False
2024,Connecticut,CT,State House,47,general,Doug Dubitsky,Republican,8173.0,62.7,True,True
2024,Connecticut,CT,State House,47,general,David Spruance,Democratic,4872.0,37.3,False,False
2024,Connecticut,CT,State House,48,general,Mark DeCaprio,Republican,7506.0,51.1,True,True
2024,Connecticut,CT,State House,48,general,Christopher Rivers,Democratic,7018.0,45.7,False,False
2024,Connecticut,CT,State House,48,general,Lance Lusigan,Independent,175.0,1.2,False,False
2024,Connecticut,CT,State House,49,general,Susan Johnson,Democratic,5471.0,84.6,True,False
2024,Connecticut,CT,State House,50,general,Pat Boyd,Democratic,9136.0,100.0,True,True
2024,Connecticut,CT,State House,51,general,Chris Stewart,Republican,6519.0,54.5,True,False
2024,Connecticut,CT,State House,51,general,Renee LaPalme-Waldron,Democratic,5434.0,40.4,False,False
2024,Connecticut,CT,State House,52,general,Kurt Vail,Republican,8421.0,57.6,True,True
2024,Connecticut,CT,State House,52,general,Ethan Werstler,Democratic,6202.0,42.4,False,False
2024,Connecticut,CT,State House,53,general,Tammy Nuccio,Republican,8036.0,54.8,True,False
2024,Connecticut,CT,State House,53,general,Ann Bonney,Democratic,6118.0,41.5,False,False
2024,Connecticut,CT,State House,54,general,Gregory Haddad,Democratic,2505.0,82.6,True,True
2024,Connecticut,CT,State House,54,general,Aaron Bowman,Republican,526.0,17.4,False,False
2024,Connecticut,CT,State House,55,general,Steve Weir,Republican,8260.0,53.9,True,True
2024,Connecticut,CT,State House,55,general,Amanda Veneziano,Democratic,7067.0,46.1,False,False
2024,Connecticut,CT,State House,56,general,Kevin Brown,Democratic,6265.0,60.5,True,True
2024,Connecticut,CT,State House,56,general,Brian Motola,Republican,4096.0,39.5,False,False
2024,Connecticut,CT,State House,57,general,Jaime Foster,Democratic,6996.0,58.2,True,True
2024,Connecticut,CT,State House,57,general,Jennifer Dzen,Republican,5021.0,41.8,False,False
2024,Connecticut,CT,State House,58,general,John Santanella,Democratic,5506.0,58.4,True,False
2024,Connecticut,CT,State House,58,general,Robert Hendrickson,Republican,3916.0,41.6,False,False
2024,Connecticut,CT,State House,59,general,Carol Hall,Republican,6199.0,50.7,True,True
2024,Connecticut,CT,State House,59,general,Richard LeBorious,Democratic,6021.0,49.3,False,False
2024,Connecticut,CT,State House,60,general,Jane Garibay,Democratic,7249.0,64.5,True,True
2024,Connecticut,CT,State House,60,general,Lenworth Walker,Republican,3985.0,35.5,False,False
2024,Connecticut,CT,State House,61,general,Tami Zawistowski,Republican,8128.0,59.4,True,True
2024,Connecticut,CT,State House,61,general,Michael Malloy,Democratic,5553.0,40.6,False,False
2024,Connecticut,CT,State House,62,general,Mark Anderson,Republican,8175.0,53.7,True,True
2024,Connecticut,CT,State House,62,general,Kimberly Becker,Democratic,7035.0,46.3,False,False
2024,Connecticut,CT,State House,63,general,Jay Case,Republican,4668.0,100.0,True,True
2024,Connecticut,CT,State House,64,general,Maria Horn,Democratic,8923.0,64.8,True,True
2024,Connecticut,CT,State House,64,general,Barbara Breor,Republican,4853.0,35.2,False,False
2024,Connecticut,CT,State House,65,general,Joseph Canino,Republican,4686.0,50.3,True,False
2024,Connecticut,CT,State House,65,general,Michelle Cook,Democratic,4632.0,49.7,False,True
2024,Connecticut,CT,State House,66,general,Karen Hughes,Republican,8522.0,56.1,True,True
2024,Connecticut,CT,State House,66,general,Sharon Botelle-Sherman,Democratic,6673.0,43.9,False,False
2024,Connecticut,CT,State House,67,general,Bill Buckbee,Republican,7317.0,63.2,True,True
2024,Connecticut,CT,State House,67,general,Alexandra Thomas,Democratic,4260.0,36.8,False,False
2024,Connecticut,CT,State House,68,general,Joseph Polletta,Republican,9905.0,100.0,True,True
2024,Connecticut,CT,State House,69,general,Jason Buchsbaum,Republican,7901.0,54.1,True,False
2024,Connecticut,CT,State House,69,general,Edward Edelson,Democratic,6706.0,45.9,False,False
2024,Connecticut,CT,State House,70,general,Seth Bronko,Republican,5618.0,55.1,True,True
2024,Connecticut,CT,State House,70,general,Jeffrey Litke,Democratic,4585.0,44.9,False,False
2024,Connecticut,CT,State House,71,general,William Pizzuto,Republican,6936.0,100.0,True,True
2024,Connecticut,CT,State House,72,general,Larry Butler,Democratic,3886.0,100.0,True,True
2024,Connecticut,CT,State House,73,general,Ronald Napoli Jr.,Democratic,4867.0,66.5,True,True
2024,Connecticut,CT,State House,73,general,Abigail Diaz Pizarro,Republican,2448.0,33.5,False,False
2024,Connecticut,CT,State House,74,general,Michael DiGiovancarlo,Democratic,4817.0,100.0,True,True
2024,Connecticut,CT,State House,75,general,Geraldo Reyes,Democratic,2848.0,100.0,True,True
2024,Connecticut,CT,State House,76,general,John Piscopo,Republican,9149.0,67.9,True,True
2024,Connecticut,CT,State House,76,general,Stephen Simonin,Democratic,4318.0,32.1,False,False
2024,Connecticut,CT,State House,77,general,Cara D'Amato,Republican,6655.0,69.2,True,True
2024,Connecticut,CT,State House,77,general,Mary Rydingsward,Independent,2958.0,30.8,False,False
2024,Connecticut,CT,State House,78,general,Joe Hoxha,Republican,8443.0,100.0,True,True
2024,Connecticut,CT,State House,79,general,Mary Fortier,Democratic,5511.0,57.7,True,True
2024,Connecticut,CT,State House,79,general,David Schrager,Republican,4046.0,42.3,False,False
2024,Connecticut,CT,State House,80,general,Gale Mastrofrancesco,Republican,10251.0,100.0,True,True
2024,Connecticut,CT,State House,81,general,Chris Poulos,Democratic,7133.0,55.1,True,True
2024,Connecticut,CT,State House,81,general,James Morelli,Republican,5802.0,44.9,False,False
2024,Connecticut,CT,State House,82,general,Michael Quinn,Democratic,6002.0,61.2,True,True
2024,Connecticut,CT,State House,82,general,Lamar Terrell,Republican,3801.0,38.8,False,False
2024,Connecticut,CT,State House,83,general,Jack Fazzino,Democratic,6892.0,54.7,True,True
2024,Connecticut,CT,State House,83,general,Joseph Vollano,Republican,5703.0,45.3,False,False
2024,Connecticut,CT,State House,84,general,Hilda Santiago,Democratic,4074.0,100.0,True,True
2024,Connecticut,CT,State House,85,general,Mary Mushinsky,Democratic,8168.0,56.2,True,True
2024,Connecticut,CT,State House,85,general,Jerry Farrell,Republican,6358.0,43.8,False,False
2024,Connecticut,CT,State House,86,general,Vincent Candelora,Republican,10043.0,100.0,True,True
2024,Connecticut,CT,State House,87,general,Dave Yaccarino,Republican,6385.0,75.8,True,True
2024,Connecticut,CT,State House,87,general,Kieran Ahern,Democratic,2037.0,24.2,False,False
2024,Connecticut,CT,State House,88,general,Josh Elliott,Democratic,2788.0,100.0,True,True
2024,Connecticut,CT,State House,89,general,Lezlye Zupkus,Republican,10263.0,100.0,True,True
2024,Connecticut,CT,State House,90,general,Craig Fishbein,Republican,8581.0,54.0,True,True
2024,Connecticut,CT,State House,90,general,Rebecca Hyland,Democratic,7316.0,46.0,False,False
2024,Connecticut,CT,State House,91,general,Laurie Sweet,Democratic,4032.0,100.0,True,False
2024,Connecticut,CT,State House,92,general,Patricia Dillon,Democratic,3725.0,86.8,True,True
2024,Connecticut,CT,State House,92,general,Morris Sumpter,Republican,565.0,13.2,False,False
2024,Connecticut,CT,State House,93,general,Toni Walker,Democratic,4760.0,100.0,True,True
2024,Connecticut,CT,State House,94,general,Steven B. Winter,Democratic,4658.0,100.0,True,False
2024,Connecticut,CT,State House,95,general,Juan Candelaria,Democratic,3454.0,100.0,True,True
2024,Connecticut,CT,State House,96,general,Roland Lemar,Democratic,1927.0,90.9,True,True
2024,Connecticut,CT,State House,96,general,Andrea Zola,Republican,192.0,9.1,False,False
2024,Connecticut,CT,State House,97,general,Alphonse Paolillo,Democratic,2458.0,71.2,True,True
2024,Connecticut,CT,State House,97,general,Anthony Acri,Republican,996.0,28.8,False,False
2024,Connecticut,CT,State House,98,general,Moira Rader,Democratic,8573.0,64.1,True,True
2024,Connecticut,CT,State House,98,general,Richard DiNardo,Republican,4809.0,35.9,False,False
2024,Connecticut,CT,State House,99,general,Joseph Zullo,Republican,7834.0,100.0,True,True
2024,Connecticut,CT,State House,100,general,Kai Belton,Democratic,6885.0,63.5,True,True
2024,Connecticut,CT,State House,100,general,Nigel Macon-Wilson,Republican,3949.0,36.5,False,False
2024,Connecticut,CT,State House,101,general,John-Michael Parker,Democratic,8711.0,58.1,True,True
2024,Connecticut,CT,State House,101,general,Lisa Deane,Republican,6290.0,41.9,False,False
2024,Connecticut,CT,State House,102,general,Robin Comey,Democratic,7265.0,53.7,True,True
2024,Connecticut,CT,State House,102,general,Ray Ingraham,Republican,6259.0,46.3,False,False
2024,Connecticut,CT,State House,103,general,Liz Linehan,Democratic,8912.0,100.0,True,True
2024,Connecticut,CT,State House,104,general,Kara Rochelle,Democratic,5042.0,54.0,True,True
2024,Connecticut,CT,State House,104,general,David Cassetti,Republican,4176.0,44.7,False,False
2024,Connecticut,CT,State House,104,general,Thomas Egan,Independent,118.0,1.3,False,False
2024,Connecticut,CT,State House,105,general,Nicole Klarides-Ditria,Republican,9476.0,100.0,True,True
2024,Connecticut,CT,State House,106,general,Mitch Bolinsky,Republican,8106.0,51.8,True,True
2024,Connecticut,CT,State House,106,general,Michelle Embree Ku,Democratic,7541.0,48.2,False,False
2024,Connecticut,CT,State House,107,general,Martin Foncello,Republican,7482.0,52.6,True,True
2024,Connecticut,CT,State House,107,general,Aaron Zimmer,Democratic,6751.0,47.4,False,False
2024,Connecticut,CT,State House,108,general,Patrick Callahan,Republican,6782.0,58.5,True,True
2024,Connecticut,CT,State House,108,general,Anne Weisberg,Democratic,4808.0,41.5,False,False
2024,Connecticut,CT,State House,109,general,Farley Santos,Democratic,4510.0,55.9,True,True
2024,Connecticut,CT,State House,109,general,Brenda Santopolo Hefferon,Republican,3554.0,44.1,False,False
2024,Connecticut,CT,State House,110,general,Bob Godfrey,Democratic,3159.0,60.4,True,True
2024,Connecticut,CT,State House,110,general,Austin Monteiro,Republican,2071.0,39.6,False,False
2024,Connecticut,CT,State House,111,general,Aimee Berger-Girvalo,Democratic,8397.0,59.8,True,True
2024,Connecticut,CT,State House,111,general,Colette Kabasakalian,Republican,5647.0,40.2,False,False
2024,Connecticut,CT,State House,112,general,Tony Scott,Republican,7355.0,57.0,True,True
2024,Connecticut,CT,State House,112,general,Elizabeth Cliff,Democratic,5541.0,43.0,False,False
2024,Connecticut,CT,State House,113,general,Jason Perillo,Republican,9346.0,100.0,True,True
2024,Connecticut,CT,State House,114,general,Mary Welander,Democratic,8737.0,100.0,True,True
2024,Connecticut,CT,State House,115,general,William Heffernan III,Democratic,14044.0,100.0,True,True
2024,Connecticut,CT,State House,116,general,Treneé McGee,Democratic,4521.0,100.0,True,True
2024,Connecticut,CT,State House,117,general,MJ Shannon,Democratic,7120.0,52.0,True,False
2024,Connecticut,CT,State House,117,general,Raymond Collins,Republican,6584.0,48.0,False,False
2024,Connecticut,CT,State House,118,general,Frank Smith,Democratic,6827.0,55.7,True,True
2024,Connecticut,CT,State House,118,general,Mark Macchio,Republican,5438.0,44.3,False,False
2024,Connecticut,CT,State House,119,general,Kathy Kennedy,Republican,7575.0,58.2,True,True
2024,Connecticut,CT,State House,119,general,Etan Hirsch,Democratic,5431.0,41.8,False,False
2024,Connecticut,CT,State House,120,general,Kaitlyn Shake,Democratic,6926.0,54.1,True,False
2024,Connecticut,CT,State House,120,general,Laura Dancho,Republican,5871.0,45.9,False,True
2024,Connecticut,CT,State House,121,general,Joe Gresko,Democratic,6572.0,66.5,True,False
2024,Connecticut,CT,State House,121,general,Rafael Irizarry,Republican,3317.0,33.5,False,False
2024,Connecticut,CT,State House,122,general,Ben McGorty,Republican,8016.0,56.5,True,False
2024,Connecticut,CT,State House,122,general,Dorothy Lerner,Democratic,6161.0,43.5,False,False
2024,Connecticut,CT,State House,123,general,David Rutigliano,Republican,7589.0,54.8,True,False
2024,Connecticut,CT,State House,123,general,Tom Tesoro,Democratic,6252.0,45.2,False,False
2024,Connecticut,CT,State House,124,general,Andre Baker,Democratic,3665.0,74.7,True,False
2024,Connecticut,CT,State House,124,general,Yoshiyahu Yisrael,Republican,904.0,18.4,False,False
2024,Connecticut,CT,State House,124,general,Eneida Martinez,New Movement,340.0,6.9,False,False
2024,Connecticut,CT,State House,125,general,Tom O'Dea,Republican,6693.0,55.7,True,False
2024,Connecticut,CT,State House,125,general,Jason Bennett,Democratic,5316.0,44.3,False,False
2024,Connecticut,CT,State House,126,general,Fred Gee Jr.,Democratic,5653.0,77.6,True,False
2024,Connecticut,CT,State House,126,general,David Herz,Republican,1632.0,22.4,False,False
2024,Connecticut,CT,State House,127,general,Marcus Brown,Democratic,4474.0,100.0,True,False
2024,Connecticut,CT,State House,128,general,Christopher Rosario,Democratic,2288.0,78.2,True,False
2024,Connecticut,CT,State House,128,general,Ramona Marquez,Republican,567.0,19.4,False,False
2024,Connecticut,CT,State House,128,general,Angel Gonzalez,Independent,70.0,2.4,False,False
2024,Connecticut,CT,State House,129,general,Steven Stafstrom,Democratic,1056.0,71.0,True,False
2024,Connecticut,CT,State House,129,general,Francis Kalangala,Republican,431.0,29.0,False,False
2024,Connecticut,CT,State House,130,general,Antonio Felipe,Democratic,1050.0,76.0,True,False
2024,Connecticut,CT,State House,130,general,Terry Sullivan,Republican,331.0,24.0,False,False
2024,Connecticut,CT,State House,131,general,Arnold Jensen,Republican,5451.0,59.8,True,False
2024,Connecticut,CT,State House,131,general,Ellen Fox,Democratic,3664.0,40.2,False,False
2024,Connecticut,CT,State House,132,general,Jennifer Leeper,Democratic,7615.0,57.7,True,False
2024,Connecticut,CT,State House,132,general,Alexis Harrison,Republican,5577.0,42.3,False,False
2024,Connecticut,CT,State House,133,general,Cristin McCarthy Vahey,Democratic,8046.0,65.6,True,False
2024,Connecticut,CT,State House,133,general,Chris Verras,Republican,4214.0,34.4,False,False
2024,Connecticut,CT,State House,134,general,Sarah Keitt,Democratic,7150.0,52.1,True,True
2024,Connecticut,CT,State House,134,general,Melissa Longo,Republican,6574.0,47.9,False,False
2024,Connecticut,CT,State House,135,general,Anne Hughes,Democratic,8039.0,61.8,True,True
2024,Connecticut,CT,State House,135,general,Christopher Peritore,Republican,4962.0,38.2,False,False
2024,Connecticut,CT,State House,136,general,Jonathan Steinberg,Democratic,9418.0,67.7,True,True
2024,Connecticut,CT,State House,136,general,John Bolton,Republican,4496.0,32.3,False,False
2024,Connecticut,CT,State House,137,general,Kadeem Roberts,Democratic,6046.0,66.8,True,True
2024,Connecticut,CT,State House,137,general,Pietro Rotondo,Republican,3005.0,33.2,False,False
2024,Connecticut,CT,State House,138,general,Ken Gucker,Democratic,4666.0,50.8,True,False
2024,Connecticut,CT,State House,138,general,Rachel Chaleski,Republican,4524.0,49.2,False,True
2024,Connecticut,CT,State House,139,general,Kevin Ryan,Democratic,5904.0,54.7,True,True
2024,Connecticut,CT,State House,139,general,Mark Adams,Republican,4895.0,45.3,False,False
2024,Connecticut,CT,State House,140,general,Travis Simms,Democratic,2547.0,72.0,True,True
2024,Connecticut,CT,State House,140,general,Enrique Santiago,Republican,992.0,28.0,False,False
2024,Connecticut,CT,State House,141,general,Tracy Marra,Republican,7814.0,58.2,True,True
2024,Connecticut,CT,State House,141,general,Sheila Quinn,Democratic,5609.0,41.8,False,False
2024,Connecticut,CT,State House,142,general,Lucy Dathan,Democratic,8965.0,100.0,True,True
2024,Connecticut,CT,State House,143,general,Dominique Johnson,Democratic,3977.0,57.2,True,True
2024,Connecticut,CT,State House,143,general,Peter Bang,Republican,2977.0,42.8,False,False
2024,Connecticut,CT,State House,144,general,Hubert Delany,Democratic,3455.0,59.0,True,True
2024,Connecticut,CT,State House,144,general,Layne Rodney,Republican,2402.0,41.0,False,False
2024,Connecticut,CT,State House,145,general,Corey Paris,Democratic,2485.0,72.3,True,True
2024,Connecticut,CT,State House,145,general,Fritz Blau,Republican,953.0,27.7,False,False
2024,Connecticut,CT,State House,146,general,Eilish Collins Main,Democratic,2843.0,57.9,True,False
2024,Connecticut,CT,State House,146,general,James Malerba,Republican,2068.0,42.1,False,False
2024,Connecticut,CT,State House,147,general,Matt Blumenthal,Democratic,7246.0,60.95,True,True
2024,Connecticut,CT,State House,147,general,Rodolfo Settimi,Republican,4642.0,39.05,False,False
2024,Connecticut,CT,State House,148,general,Jonathan Jacobson,Democratic,4910.0,64.55,True,False
2024,Connecticut,CT,State House,148,general,Olga Anastos,Republican,2697.0,35.45,False,False
2024,Connecticut,CT,State House,149,general,Tina Courpas,Republican,7124.0,51.8,True,False
2024,Connecticut,CT,State House,149,general,Rachel Khanna,Democratic,6628.0,47.04,False,False
2024,Connecticut,CT,State House,150,general,Steve Meskers,Democratic,6378.0,56.24,True,True
2024,Connecticut,CT,State House,150,general,Paul Cappiali,Republican,4963.0,43.76,False,False
2024,Connecticut,CT,State House,151,general,Hector Arzeno,Democratic,6826.0,51.54,True,True
2024,Connecticut,CT,State House,151,general,Tod Laudonia,Republican,6418.0,48.46,False,False
2024,Delaware,DE,State House,1,general,Nnamdi Chukwuocha,Democratic,9252.0,100.0,True,True
2024,Delaware,DE,State House,2,general,Stephanie Bolden,Democratic,6590.0,100.0,True,True
2024,Delaware,DE,State House,3,general,Josue Ortega,Democratic,6307.0,100.0,True,False
2024,Delaware,DE,State House,4,general,Jeff Hilovsky,Republican,10533.0,57.99,True,True
2024,Delaware,DE,State House,4,general,Gregg Lindner,Democratic,7630.0,42.01,False,False
2024,Delaware,DE,State House,5,general,Kendra Johnson,Democratic,8214.0,100.0,True,True
2024,Delaware,DE,State House,6,general,Debra Heffernan,Democratic,8766.0,65.65,True,True
2024,Delaware,DE,State House,6,general,Michael Krawczuk,Republican,4586.0,34.35,False,False
2024,Delaware,DE,State House,7,general,Larry Lambert,Democratic,7208.0,70.29,True,True
2024,Delaware,DE,State House,7,general,Shane Stoneman,Republican,3047.0,29.71,False,False
2024,Delaware,DE,State House,8,general,Sherae'a Moore,Democratic,7945.0,57.8,True,True
2024,Delaware,DE,State House,8,general,Chris Beronio,Republican,5800.0,42.2,False,False
2024,Delaware,DE,State House,9,general,Kevin Hensley,Republican,8762.0,52.76,True,True
2024,Delaware,DE,State House,9,general,Terrell Williams,Democratic,7844.0,47.24,False,False
2024,Delaware,DE,State House,10,general,Melanie Ross Levin,Democratic,7953.0,60.43,True,False
2024,Delaware,DE,State House,10,general,Brent Burdge,Republican,5208.0,39.57,False,False
2024,Delaware,DE,State House,11,general,Jeffrey Spiegelman,Republican,9896.0,100.0,True,True
2024,Delaware,DE,State House,12,general,Krista Griffith,Democratic,10086.0,61.31,True,True
2024,Delaware,DE,State House,12,general,Steve Pickering,Republican,6364.0,38.69,False,False
2024,Delaware,DE,State House,13,general,DeShanna Neal,Democratic,5516.0,56.27,True,True
2024,Delaware,DE,State House,13,general,Danny Rappa,Republican,4287.0,43.73,False,False
2024,Delaware,DE,State House,14,general,Claire Snyder-Hall,Democratic,9630.0,54.64,True,False
2024,Delaware,DE,State House,14,general,Mike Simpler,Republican,7995.0,43.73,False,False
2024,Delaware,DE,State House,15,general,Kamela Smith,Democratic,9286.0,100.0,True,False
2024,Delaware,DE,State House,16,general,Franklin Cooke Jr.,Democratic,8092.0,100.0,True,True
2024,Delaware,DE,State House,17,general,Melissa Minor-Brown,Democratic,7956.0,100.0,True,True
2024,Delaware,DE,State House,18,general,Sophie Phillips,Democratic,7760.0,100.0,True,True
2024,Delaware,DE,State House,19,general,Kimberly Williams,Democratic,6964.0,62.85,True,True
2024,Delaware,DE,State House,19,general,Alex Homich,Republican,4117.0,37.15,False,False
2024,Delaware,DE,State House,20,general,Stell Parker Selby,Democratic,8857.0,50.7,True,True
2024,Delaware,DE,State House,20,general,Nikki Miller,Republican,8612.0,49.3,False,False
2024,Delaware,DE,State House,21,general,Frank Burns,Democratic,7415.0,57.88,True,False
2024,Delaware,DE,State House,21,general,Brenda Mennella,Republican,5397.0,42.12,False,False
2024,Delaware,DE,State House,22,general,Michael Smith,Republican,8601.0,54.77,True,True
2024,Delaware,DE,State House,22,general,Monica Beard,Democratic,7103.0,45.23,False,False
2024,Delaware,DE,State House,23,general,Mara Gorman,Democratic,7934.0,100.0,True,False
2024,Delaware,DE,State House,24,general,Edward Osienski,Democratic,6379.0,66.79,True,True
2024,Delaware,DE,State House,24,general,Joan Godwin,Republican,3172.0,33.21,False,False
2024,Delaware,DE,State House,25,general,Cyndie Romer,Democratic,5969.0,64.92,True,True
2024,Delaware,DE,State House,25,general,David Hansberger,Republican,3225.0,35.08,False,False
2024,Delaware,DE,State House,26,general,Madinah Wilson-Anton,Democratic,7123.0,100.0,True,True
2024,Delaware,DE,State House,27,general,Eric Morrison,Democratic,7766.0,56.21,True,True
2024,Delaware,DE,State House,27,general,Kristina Griffing,Republican,6051.0,43.79,False,False
2024,Delaware,DE,State House,28,general,William Carson Jr.,Democratic,8620.0,100.0,True,True
2024,Delaware,DE,State House,29,general,William Bush IV,Democratic,8746.0,61.83,True,True
2024,Delaware,DE,State House,29,general,Anthony Egipciaco Jr.,Republican,5400.0,38.17,False,False
2024,Delaware,DE,State House,30,general,Shannon Morris,Republican,10118.0,100.0,True,True
2024,Delaware,DE,State House,31,general,Sean Lynn,Democratic,7109.0,100.0,True,True
2024,Delaware,DE,State House,32,general,Kerri Evelyn Harris,Democratic,4786.0,61.91,True,True
2024,Delaware,DE,State House,32,general,Amy Shampinato,Republican,2945.0,38.09,False,False
2024,Delaware,DE,State House,33,general,Charles Postles Jr.,Republican,9101.0,100.0,True,True
2024,Delaware,DE,State House,34,general,Lyndon Yearick,Republican,7165.0,55.34,True,True
2024,Delaware,DE,State House,34,general,Tracey M. Miller,Democratic,5782.0,44.66,False,False
2024,Delaware,DE,State House,35,general,Jesse Vanderwende,Republican,9015.0,100.0,True,True
2024,Delaware,DE,State House,36,general,Bryan Shupe,Republican,7757.0,62.86,True,True
2024,Delaware,DE,State House,36,general,Rony J. Baltazar-Lopez,Democratic,4583.0,37.14,False,False
2024,Delaware,DE,State House,37,general,Valerie Jones Giltner,Republican,8250.0,100.0,True,True
2024,Delaware,DE,State House,38,general,Ronald Gray,Republican,15341.0,100.0,True,True
2024,Delaware,DE,State House,39,general,Daniel Short,Republican,7440.0,100.0,True,True
2024,Delaware,DE,State House,40,general,Timothy Dukes,Republican,9086.0,100.0,True,True
2024,Delaware,DE,State House,41,general,Richard Collins,Republican,9490.0,64.42,True,True
2024,Delaware,DE,State House,41,general,Tom Brett,Democratic,5242.0,35.58,False,False
2024,Florida,FL,State House,24,special general,Ryan Chamberlin,Republican,6685.0,78.0,True,False
2024,Florida,FL,State House,24,special general,"Robert ""Foxy"" Fox (write-in)",Republican,1886.0,22.0,False,False
2024,Florida,FL,State House,35,special general,Tom Keen,Democratic,11390.0,51.3,False,False
2024,Florida,FL,State House,35,special general,Erika Booth,Republican,10800.0,48.7,False,False
2024,Florida,FL,State House,118,special general,Mike Redondo,Republican,4538.0,51.8,True,False
2024,Florida,FL,State House,118,special general,Johnny Farias,Democratic,3997.0,45.6,False,False
2024,Florida,FL,State House,118,special general,Francisco De La Paz,Independent,225.0,2.6,False,False
2024,Florida,FL,State House,1,general,Michelle Salzman,Republican,58623.0,65.8,True,True
2024,Florida,FL,State House,1,general,Franscine C. Mathis,Democratic,30466.0,34.2,False,False
2024,Florida,FL,State House,2,general,Alex Andrade,Republican,54433.0,57.7,True,True
2024,Florida,FL,State House,2,general,Haley “Hale” Morrissette,Democratic,33337.0,35.5,False,False
2024,Florida,FL,State House,2,general,Kim Kline,Independent (politician),6603.0,7.0,False,False
2024,Florida,FL,State House,3,general,Joel Rudman,Republican,80019.0,78.4,True,True
2024,Florida,FL,State House,3,general,Keith Ellis Gillum,Democratic,22071.0,21.6,False,False
2024,Florida,FL,State House,4,general,Patt Maney,Republican,67712.0,73.5,True,True
2024,Florida,FL,State House,4,general,Samuel Chang,Democratic,24428.0,26.5,False,False
2024,Florida,FL,State House,5,general,Shane Abbott,Republican,77821.0,80.4,True,True
2024,Florida,FL,State House,5,general,Stephanie Lyn Leonard,Democratic,18973.0,19.6,False,False
2024,Florida,FL,State House,6,general,Griff Griffitts,Republican,72797.0,75.9,True,True
2024,Florida,FL,State House,6,general,Jerry Wyche,Democratic,23056.0,24.1,False,False
2024,Florida,FL,State House,7,general,Jason Shoaf,Republican,70440.0,77.4,True,True
2024,Florida,FL,State House,7,general,Kenny Beasley,Democratic,20585.0,22.6,False,False
2024,Florida,FL,State House,8,general,Gallop Franklin,Democratic,54473.0,72.2,True,True
2024,Florida,FL,State House,8,general,Grace Glass,Republican,20973.0,27.8,False,False
2024,Florida,FL,State House,9,general,Allison Tant,Democratic,62100.0,57.1,True,True
2024,Florida,FL,State House,9,general,Spencer Brass,Republican,46750.0,42.9,False,False
2024,Florida,FL,State House,10,general,Chuck Brannan,Republican,66208.0,74.0,True,True
2024,Florida,FL,State House,10,general,Robert “Bobby” J. Brady,Democratic,23204.0,26.0,False,False
2024,Florida,FL,State House,11,general,Sam Garrison,Republican,67517.0,69.1,True,True
2024,Florida,FL,State House,11,general,Charlie Browne,Democratic,30192.0,30.9,False,False
2024,Florida,FL,State House,12,general,Wyman Duggan,Republican,46441.0,57.1,True,True
2024,Florida,FL,State House,12,general,Benjamin Frierson Sandlin,Democratic,34934.0,42.9,False,False
2024,Florida,FL,State House,13,general,Angie Nixon,Democratic,55806.0,99.7,True,True
2024,Florida,FL,State House,13,general,Terrance Jordan,Write-in,149.0,0.3,False,False
2024,Florida,FL,State House,14,general,Kimberly Daniels,Democratic,49926.0,99.6,True,True
2024,Florida,FL,State House,14,general,Briana Hughes,Write-in,183.0,0.4,False,False
2024,Florida,FL,State House,15,general,Dean Black,Republican,75184.0,64.8,True,True
2024,Florida,FL,State House,15,general,Gary McManus,Democratic,40762.0,35.2,False,False
2024,Florida,FL,State House,16,general,Kiyan Michael,Republican,56171.0,60.7,True,True
2024,Florida,FL,State House,16,general,Rachel Grage,Democratic,36340.0,39.3,False,False
2024,Florida,FL,State House,17,general,Jessica Baker,Republican,51729.0,58.1,True,True
2024,Florida,FL,State House,17,general,Bryson Morgan,Democratic,37353.0,41.9,False,False
2024,Florida,FL,State House,18,general,Kim Kendall,Republican,91289.0,69.9,True,False
2024,Florida,FL,State House,18,general,Keith Matthews,Democratic,39290.0,30.1,False,False
2024,Florida,FL,State House,19,general,Sam Greco,Republican,68622.0,60.9,True,False
2024,Florida,FL,State House,19,general,Adam Morley,Democratic,43966.0,39.1,False,False
2024,Florida,FL,State House,20,general,Judson Sapp,Republican,74164.0,75.4,True,False
2024,Florida,FL,State House,20,general,Tom Connolly,Democratic,24188.0,24.6,False,False
2024,Florida,FL,State House,21,general,Yvonne Hayes Hinson,Democratic,,,True,True
2024,Florida,FL,State House,22,general,Chad Johnson,Republican,56989.0,56.5,True,False
2024,Florida,FL,State House,22,general,David Arreola,Democratic,43812.0,43.5,False,False
2024,Florida,FL,State House,23,general,J.J. Grow,Republican,80332.0,73.9,True,False
2024,Florida,FL,State House,23,general,Judith Vowels,Democratic,28364.0,26.1,False,False
2024,Florida,FL,State House,24,general,Ryan Chamberlin,Republican,66082.0,64.4,True,True
2024,Florida,FL,State House,24,general,Robert L. Shaw,Democratic,36516.0,35.6,False,False
2024,Florida,FL,State House,25,general,Taylor Yarkosky,Republican,63094.0,60.0,True,True
2024,Florida,FL,State House,25,general,Fody Merritt,Democratic,41984.0,40.0,False,False
2024,Florida,FL,State House,26,general,Nan Cobb,Republican,62067.0,64.9,True,False
2024,Florida,FL,State House,26,general,Jackie Arndt,Democratic,33505.0,35.1,False,False
2024,Florida,FL,State House,27,general,Richard Gentry,Republican,69227.0,67.9,True,False
2024,Florida,FL,State House,27,general,Andy Ferrari,Democratic,30707.0,30.1,False,False
2024,Florida,FL,State House,27,general,Dennis M. Simpson,Libertarian,1982.0,1.9,False,False
2024,Florida,FL,State House,28,general,Bill Partington,Republican,53490.0,57.7,True,False
2024,Florida,FL,State House,28,general,John Navarra,Democratic,37005.0,39.9,False,False
2024,Florida,FL,State House,28,general,Joseph “Joe” Hannoush,Libertarian,2157.0,2.3,False,False
2024,Florida,FL,State House,29,general,Webster Barnaby,Republican,49285.0,55.6,True,True
2024,Florida,FL,State House,29,general,Rosemarie Latham,Democratic,36790.0,41.5,False,False
2024,Florida,FL,State House,29,general,Matt Johnson,Libertarian,2514.0,2.8,False,False
2024,Florida,FL,State House,30,general,Chase Tramont,Republican,70142.0,65.6,True,True
2024,Florida,FL,State House,30,general,Kelly Smith,Democratic,36835.0,34.4,False,False
2024,Florida,FL,State House,31,general,Tyler Sirois,Republican,64480.0,63.7,True,True
2024,Florida,FL,State House,31,general,Joanne R. Terry,Democratic,36769.0,36.3,False,False
2024,Florida,FL,State House,32,general,Debbie Mayfield,Republican,70925.0,64.3,True,False
2024,Florida,FL,State House,32,general,Juan Hinojosa,Democratic,39416.0,35.7,False,False
2024,Florida,FL,State House,33,general,Monique Miller,Republican,54897.0,56.1,True,False
2024,Florida,FL,State House,33,general,Vernon Mitchell Anderson,Democratic,42918.0,43.9,False,False
2024,Florida,FL,State House,34,general,Robert Brackett,Republican,72940.0,67.3,True,True
2024,Florida,FL,State House,34,general,Joseph Alejandro Martinez,Democratic,35398.0,32.7,False,False
2024,Florida,FL,State House,35,general,Erika Booth,Republican,47863.0,52.0,True,False
2024,Florida,FL,State House,35,general,Tom Keen,Democratic,44209.0,48.0,False,True
2024,Florida,FL,State House,36,general,Rachel Plakon,Republican,47256.0,53.6,True,True
2024,Florida,FL,State House,36,general,Kelley Diona Miller,Democratic,40912.0,46.4,False,False
2024,Florida,FL,State House,37,general,Susan Plasencia,Republican,37682.0,50.3,True,True
2024,Florida,FL,State House,37,general,Nate Douglas,Democratic,37239.0,49.7,False,False
2024,Florida,FL,State House,38,general,David Smith,Republican,44972.0,50.4,True,True
2024,Florida,FL,State House,38,general,Sarah Henry,Democratic,44302.0,49.6,False,False
2024,Florida,FL,State House,39,general,Doug Bankson,Republican,46177.0,52.6,True,True
2024,Florida,FL,State House,39,general,Marsha Summersill,Democratic,41692.0,47.4,False,False
2024,Florida,FL,State House,40,general,LaVon Bracy Davis,Democratic,42909.0,67.5,True,True
2024,Florida,FL,State House,40,general,Belinda Ford,Republican,20674.0,32.5,False,False
2024,Florida,FL,State House,41,general,Bruce Antone,Democratic,,,True,True
2024,Florida,FL,State House,42,general,Anna Eskamani,Democratic,58055.0,58.9,True,True
2024,Florida,FL,State House,42,general,Gregory Pull,Republican,40571.0,41.1,False,False
2024,Florida,FL,State House,43,general,Johanna López,Democratic,35509.0,57.3,True,True
2024,Florida,FL,State House,43,general,Joseph “Joe” Melendez,Republican,26413.0,42.7,False,False
2024,Florida,FL,State House,44,general,Rita Harris,Democratic,,,True,True
2024,Florida,FL,State House,45,general,Leonard Spencer,Democratic,48435.0,50.9,True,False
2024,Florida,FL,State House,45,general,Carolina Amesty,Republican,46809.0,49.1,False,True
2024,Florida,FL,State House,46,general,Jose Alverez,Democratic,33142.0,57.0,True,False
2024,Florida,FL,State House,46,general,Michael Cruz,Republican,23016.0,39.6,False,False
2024,Florida,FL,State House,46,general,Ivan A. Rivera,Independent (politician),1968.0,3.4,False,False
2024,Florida,FL,State House,47,general,Paula Stark,Republican,39380.0,50.8,True,True
2024,Florida,FL,State House,47,general,Maria Revelles,Democratic,38134.0,49.2,False,False
2024,Florida,FL,State House,48,general,Jon Albert,Republican,49893.0,57.9,True,False
2024,Florida,FL,State House,48,general,John Hill,Democratic,36297.0,42.1,False,False
2024,Florida,FL,State House,49,general,Jennifer Kincart Jonsson,Republican,53388.0,67.1,True,False
2024,Florida,FL,State House,49,general,Ashley Elizabeth Herrmann,Democratic,26217.0,32.9,False,False
2024,Florida,FL,State House,50,general,Jennifer Canady,Republican,49635.0,62.6,True,True
2024,Florida,FL,State House,50,general,Bonnie Patterson-James,Democratic,29627.0,37.4,False,False
2024,Florida,FL,State House,51,general,Josie Tomkow,Republican,51050.0,56.9,True,True
2024,Florida,FL,State House,51,general,Octavio E. Hernandez,Democratic,38683.0,43.1,False,False
2024,Florida,FL,State House,52,general,John Temple,Republican,92690.0,72.0,True,True
2024,Florida,FL,State House,52,general,Ash Marwah,Democratic,35972.0,28.0,False,False
2024,Florida,FL,State House,53,general,Jeff Holcomb,Republican,66146.0,69.0,True,True
2024,Florida,FL,State House,53,general,Keith G. Laufenberg,Democratic,29682.0,31.0,False,False
2024,Florida,FL,State House,54,general,Randy Maggard,Republican,60923.0,60.1,True,True
2024,Florida,FL,State House,54,general,Karl Cieslak,Democratic,40434.0,39.9,False,False
2024,Florida,FL,State House,55,general,Kevin Steele,Republican,69763.0,64.2,True,True
2024,Florida,FL,State House,55,general,Judy Freiberg,Democratic,38853.0,35.8,False,False
2024,Florida,FL,State House,55,general,CJ Hacker,Write-in,60.0,0.1,False,False
2024,Florida,FL,State House,56,general,Brad Yeager,Republican,50279.0,65.1,True,True
2024,Florida,FL,State House,56,general,William “Willie” Pura,Democratic,26904.0,34.9,False,False
2024,Florida,FL,State House,57,general,Adam C. Anderson,Republican,61669.0,58.8,True,True
2024,Florida,FL,State House,57,general,Kelly Johnson,Democratic,40503.0,38.6,False,False
2024,Florida,FL,State House,57,general,Robert “Bob” Arthur Larrivee,Independent (politician),2675.0,2.6,False,False
2024,Florida,FL,State House,58,general,Kim Berfield,Republican,52103.0,57.6,True,True
2024,Florida,FL,State House,58,general,Bryan Beckman,Democratic,38283.0,42.4,False,False
2024,Florida,FL,State House,59,general,Berny Jacques,Republican,50520.0,58.7,True,True
2024,Florida,FL,State House,59,general,Dawn Douglas,Democratic,35577.0,41.3,False,False
2024,Florida,FL,State House,60,general,Lindsay Cross,Democratic,47698.0,53.6,True,True
2024,Florida,FL,State House,60,general,Ed Montanari,Republican,41209.0,46.4,False,False
2024,Florida,FL,State House,61,general,Linda Chaney,Republican,53602.0,56.2,True,True
2024,Florida,FL,State House,61,general,Nathan Bruemmer,Democratic,41722.0,43.8,False,False
2024,Florida,FL,State House,62,general,Michele Rayner,Democratic,48205.0,68.7,True,True
2024,Florida,FL,State House,62,general,Nelson Amador,Republican,22009.0,31.3,False,False
2024,Florida,FL,State House,63,general,Dianne Hart,Democratic,40078.0,72.9,True,True
2024,Florida,FL,State House,63,general,Tim Driver,Republican,14883.0,27.1,False,False
2024,Florida,FL,State House,64,general,Susan Valdes,Democratic,31511.0,52.4,True,True
2024,Florida,FL,State House,64,general,Maura Cruz Lanz,Republican,28636.0,47.6,False,False
2024,Florida,FL,State House,65,general,Karen Gonzalez Pittman,Republican,53824.0,57.2,True,True
2024,Florida,FL,State House,65,general,Ashley Brundage,Democratic,40198.0,42.8,False,False
2024,Florida,FL,State House,66,general,Traci Koster,Republican,55211.0,58.3,True,True
2024,Florida,FL,State House,66,general,Nick Clemente,Democratic,39534.0,41.7,False,False
2024,Florida,FL,State House,67,general,Fentrice Driskell,Democratic,36182.0,54.7,True,True
2024,Florida,FL,State House,67,general,Ronrico “Rico” Smith,Republican,30023.0,45.3,False,False
2024,Florida,FL,State House,68,general,Lawrence McClure,Republican,50568.0,63.0,True,True
2024,Florida,FL,State House,68,general,Lisa Carpus,Democratic,27230.0,33.9,False,False
2024,Florida,FL,State House,68,general,Tyrell Hicks,Independent (politician),2427.0,3.0,False,False
2024,Florida,FL,State House,69,general,Danny Alvarez,Republican,50383.0,58.2,True,True
2024,Florida,FL,State House,69,general,Bobby Kachelries,Democratic,36136.0,41.8,False,False
2024,Florida,FL,State House,70,general,Michael Owen,Republican,65037.0,58.8,True,False
2024,Florida,FL,State House,70,general,Luther Keith Wilkins,Democratic,45620.0,41.2,False,False
2024,Florida,FL,State House,71,general,Will Robinson,Republican,44548.0,59.6,True,True
2024,Florida,FL,State House,71,general,Adriaan J. DeVilliers,Democratic,30241.0,40.4,False,False
2024,Florida,FL,State House,72,general,Bill Conerly,Republican,71463.0,64.7,True,False
2024,Florida,FL,State House,72,general,Lesa Miller,Democratic,39013.0,35.3,False,False
2024,Florida,FL,State House,73,general,Fiona McFarland,Republican,61212.0,56.3,True,True
2024,Florida,FL,State House,73,general,Derek Reich,Democratic,47548.0,43.7,False,False
2024,Florida,FL,State House,74,general,James Buchanan,Republican,74060.0,64.6,True,True
2024,Florida,FL,State House,74,general,Nancy M. H. Simpson,Democratic,40516.0,35.4,False,False
2024,Florida,FL,State House,75,general,Danny Nix,Republican,77489.0,66.3,True,False
2024,Florida,FL,State House,75,general,Tony Dunbar,Democratic,39324.0,33.7,False,False
2024,Florida,FL,State House,76,general,Vanessa Oliver,Republican,70510.0,70.5,True,False
2024,Florida,FL,State House,76,general,Jim Blue,Democratic,29492.0,29.5,False,False
2024,Florida,FL,State House,77,general,Tiffany Esposito,Republican,49355.0,63.9,True,True
2024,Florida,FL,State House,77,general,Cornelius Fowler,Democratic,26139.0,33.8,False,False
2024,Florida,FL,State House,77,general,Joshua Krakow,Libertarian,1729.0,2.2,False,False
2024,Florida,FL,State House,78,general,Jenna Persons-Mulicka,Republican,49129.0,59.9,True,True
2024,Florida,FL,State House,78,general,Howard Sapp,Democratic,32908.0,40.1,False,False
2024,Florida,FL,State House,79,general,Mike Giallombardo,Republican,66569.0,68.8,True,True
2024,Florida,FL,State House,79,general,Denise McCleary,Democratic,30130.0,31.2,False,False
2024,Florida,FL,State House,80,general,Adam Botana,Republican,75850.0,69.1,True,True
2024,Florida,FL,State House,80,general,Mitchel Schlayer,Democratic,33819.0,30.8,False,False
2024,Florida,FL,State House,80,general,Patrick Post,Write-in,67.0,0.1,False,False
2024,Florida,FL,State House,81,general,Yvette Benarroch,Republican,73942.0,68.1,True,False
2024,Florida,FL,State House,81,general,Charles Robert “Chuck” Work,Democratic,34674.0,31.9,False,False
2024,Florida,FL,State House,82,general,Lauren Uhlich Melo,Republican,55819.0,69.7,True,True
2024,Florida,FL,State House,82,general,Arthur D. Oslund,Democratic,24214.0,30.3,False,False
2024,Florida,FL,State House,83,general,Kaylee Tuck,Republican,58982.0,74.6,True,True
2024,Florida,FL,State House,83,general,Danika Fornear,Democratic,20061.0,25.4,False,False
2024,Florida,FL,State House,84,general,Dana Trabulsy,Republican,53724.0,58.0,True,True
2024,Florida,FL,State House,84,general,Andi Poli,Democratic,38844.0,42.0,False,False
2024,Florida,FL,State House,85,general,Toby Overdorf,Republican,63276.0,57.2,True,True
2024,Florida,FL,State House,85,general,Lisa Marie Stortstrom,Democratic,47433.0,42.8,False,False
2024,Florida,FL,State House,86,general,John Snyder,Republican,70398.0,68.1,True,True
2024,Florida,FL,State House,86,general,Alberto Hernandez,Democratic,33015.0,31.9,False,False
2024,Florida,FL,State House,87,general,Mike Caruso,Republican,57471.0,59.5,True,True
2024,Florida,FL,State House,87,general,Sienna Osta,Democratic,39151.0,40.5,False,False
2024,Florida,FL,State House,88,general,Jervonte Edmonds,Democratic,,,True,True
2024,Florida,FL,State House,89,general,Debra Tendrich,Democratic,26755.0,51.3,True,False
2024,Florida,FL,State House,89,general,Daniel Zapata,Republican,25421.0,48.7,False,False
2024,Florida,FL,State House,90,general,Joe Casello,Democratic,47962.0,56.1,True,True
2024,Florida,FL,State House,90,general,Bill Reicherter,Republican,37564.0,43.9,False,False
2024,Florida,FL,State House,91,general,Peggy Gossett-Seidman,Republican,52858.0,54.5,True,True
2024,Florida,FL,State House,91,general,Jay Shooster,Democratic,44051.0,45.5,False,False
2024,Florida,FL,State House,92,general,Kelly Skidmore,Democratic,,,True,True
2024,Florida,FL,State House,93,general,Anne Gerwig,Republican,45953.0,50.2,True,False
2024,Florida,FL,State House,93,general,Katherine Waldron,Democratic,45605.0,49.8,False,True
2024,Florida,FL,State House,94,general,Meg Weinberger,Republican,53072.0,55.1,True,True
2024,Florida,FL,State House,94,general,Rachelle Litt,Democratic,43277.0,44.9,False,False
2024,Florida,FL,State House,95,general,Christine Hunschofsky,Democratic,,,True,True
2024,Florida,FL,State House,96,general,Dan Daley,Democratic,,,True,True
2024,Florida,FL,State House,97,general,Lisa Dunkley,Democratic,,,True,True
2024,Florida,FL,State House,98,general,Mitch Rosenwald,Democratic,,,True,False
2024,Florida,FL,State House,99,general,Daryl Campbell,Democratic,,,True,True
2024,Florida,FL,State House,100,general,Chip LaMarca,Republican,54597.0,57.4,True,True
2024,Florida,FL,State House,100,general,James “Jim” Brenner,Democratic,40502.0,42.6,False,False
2024,Florida,FL,State House,101,general,Hillary Cassel,Democratic,,,True,True
2024,Florida,FL,State House,102,general,Michael Gottlieb,Democratic,49820.0,53.6,True,True
2024,Florida,FL,State House,102,general,Mery Lopez-Palma,Republican,43197.0,46.4,False,False
2024,Florida,FL,State House,103,general,Robin Bartleman,Democratic,49429.0,54.2,True,True
2024,Florida,FL,State House,103,general,George Navarini,Republican,41837.0,45.8,False,False
2024,Florida,FL,State House,104,general,Felicia Robinson,Democratic,,,True,True
2024,Florida,FL,State House,105,general,Marie Woodson,Democratic,50016.0,79.7,True,True
2024,Florida,FL,State House,105,general,Robin Bartleman,Libertarian,12749.0,20.3,False,False
2024,Florida,FL,State House,106,general,Fabián Basabe,Republican,38286.0,51.3,True,True
2024,Florida,FL,State House,106,general,Joe Saunders,Democratic,35229.0,47.0,False,False
2024,Florida,FL,State House,106,general,Mo Saunders Scott,Independent (politician),1271.0,1.7,False,False
2024,Florida,FL,State House,107,general,Wallace Aristide,Democratic,,,True,False
2024,Florida,FL,State House,108,general,Dotie Joseph,Democratic,,,True,True
2024,Florida,FL,State House,109,general,Ashley Gantt,Democratic,,,True,True
2024,Florida,FL,State House,110,general,Tom Fabricio,Republican,49881.0,71.2,True,True
2024,Florida,FL,State House,110,general,Stanley “J.P.” Jean-Poix,Democratic,20207.0,28.8,False,False
2024,Florida,FL,State House,111,general,David Borrero,Republican,45942.0,67.4,True,True
2024,Florida,FL,State House,111,general,Laura F. Kelley,Democratic,22238.0,32.6,False,False
2024,Florida,FL,State House,112,general,Alex Rizo,Republican,40199.0,72.9,True,True
2024,Florida,FL,State House,112,general,Jacqueline “Jackie” Gil-Abarzua,Democratic,14908.0,27.1,False,False
2024,Florida,FL,State House,113,general,Vicki Lopez,Republican,33461.0,54.7,True,True
2024,Florida,FL,State House,113,general,"Jacqueline ""Jackie"" Gross-Kellogg",Democratic,27754.0,45.3,False,False
2024,Florida,FL,State House,114,general,Demi Busatta Cabrera,Republican,46249.0,58.4,True,True
2024,Florida,FL,State House,114,general,Matthew John Bornstein,Democratic,32994.0,41.6,False,False
2024,Florida,FL,State House,115,general,Omar Blanco,Republican,54952.0,59.3,True,False
2024,Florida,FL,State House,115,general,Norma Perez Schwartz,Democratic,37639.0,40.7,False,False
2024,Florida,FL,State House,116,general,Daniel Perez,Republican,52964.0,68.7,True,True
2024,Florida,FL,State House,116,general,Nicolas Ramos,Democratic,24110.0,31.3,False,False
2024,Florida,FL,State House,117,general,Kevin Chambliss,Democratic,32347.0,52.9,True,True
2024,Florida,FL,State House,117,general,Beatrice Slawson,Republican,28823.0,47.1,False,False
2024,Florida,FL,State House,118,general,Mike Redondo,Republican,58355.0,68.3,True,True
2024,Florida,FL,State House,118,general,Joel Vodola,Democratic,27046.0,31.7,False,False
2024,Florida,FL,State House,119,general,Juan Carlos Porras,Republican,54735.0,64.6,True,True
2024,Florida,FL,State House,119,general,Marcos Reyes,Democratic,29967.0,35.4,False,False
2024,Florida,FL,State House,120,general,Jim Mooney,Republican,47562.0,63.1,True,True
2024,Florida,FL,State House,120,general,Michael Travis,Democratic,27859.0,36.9,False,False
2024,Georgia,GA,State House,129,special general,Karlton Howard,Democratic,1810.0,68.38,True,False
2024,Georgia,GA,State House,129,special general,Brad Owens,Democratic,435.0,16.43,False,False
2024,Georgia,GA,State House,129,special general,Scott Cambers,Democratic,244.0,9.22,False,False
2024,Georgia,GA,State House,129,special general,Davis Green,Democratic,158.0,5.97,False,False
2024,Georgia,GA,State House,7,special general,Sheree Ralston,Republican,7668.0,47.23,True,False
2024,Georgia,GA,State House,7,special general,Johnny Chastain,Republican,7695.0,52.77,True,False
2024,Georgia,GA,State House,7,special general,Justin Heitman,Republican,590.0,7.41,False,False
2024,Georgia,GA,State House,7,special general,Brian K. Pritchard,Republican,490.0,6.15,False,False
2024,Georgia,GA,State House,7,special general,Richie Stone,Republican,169.0,2.12,False,False
2024,Georgia,GA,State House,119,special general,Holt Persinger,Republican,2310.0,59.25,True,False
2024,Georgia,GA,State House,119,special general,Charlie Chase,Republican,1794.0,40.75,True,False
2024,Georgia,GA,State House,119,special general,Bill Ritter,Republican,596.0,18.27,False,False
2024,Georgia,GA,State House,119,special general,Renee Lord,Republican,406.0,12.45,False,False
2024,Georgia,GA,State House,119,special general,Shelbey Diamond-Alexander,Democratic,382.0,11.71,False,False
2024,Georgia,GA,State House,119,special general,Joseph Grodzicki,Republican,73.0,2.24,False,False
2024,Georgia,GA,State House,119,special general,Joe Price,Republican,64.0,1.96,False,False
2024,Georgia,GA,State House,172,special general,Charles Cannon,Republican,3428.0,100.0,True,False
2024,Georgia,GA,State House,75,special general,Eric Bell II,Democratic,2222.0,61.6,True,False
2024,Georgia,GA,State House,75,special general,Herman Andrews,Democratic,975.0,27.03,False,False
2024,Georgia,GA,State House,75,special general,Della Ashley,Republican,410.0,11.37,False,False
2024,Georgia,GA,State House,68,special general,Mark Baker,Democratic,1548.0,49.59,True,False
2024,Georgia,GA,State House,68,special general,Derrick Jackson,Democratic,1546.0,50.41,True,False
2024,Georgia,GA,State House,68,special general,Taiwo Idowu,Democratic,342.0,17.57,False,False
2024,Georgia,GA,State House,68,special general,Jane Williams,Democratic,262.0,13.46,False,False
2024,Georgia,GA,State House,68,special general,John Culbreth,Democratic,70.0,3.6,False,False
2024,Georgia,GA,State House,125,special general,Gary Richardson,Republican,5605.0,60.18,True,False
2024,Georgia,GA,State House,125,special general,CJ Pearson,Republican,3978.0,39.82,True,False
2024,Georgia,GA,State House,125,special general,Jim Steed,Republican,794.0,17.0,False,False
2024,Georgia,GA,State House,125,special general,Kay Turner,Democratic,612.0,13.55,False,False
2024,Georgia,GA,State House,125,special general,John Turpish,Libertarian,27.0,0.6,False,False
2024,Georgia,GA,State House,139,special general,Sean Knox,Republican,1963.0,42.55,True,False
2024,Georgia,GA,State House,139,special general,Carmen Rice,Republican,2191.0,55.76,True,False
2024,Georgia,GA,State House,139,special general,Robert Mallard,Independent,237.0,9.65,False,False
2024,Georgia,GA,State House,139,special general,Donald Moeller,Republican,140.0,5.7,False,False
2024,Georgia,GA,State House,1,general,Mike Cameron,Republican,21227.0,80.3,True,True
2024,Georgia,GA,State House,1,general,Jack Zibluk,Democratic,5195.0,19.7,False,False
2024,Georgia,GA,State House,2,general,Steve Tarvin,Republican,27194.0,100.0,True,True
2024,Georgia,GA,State House,3,general,Mitchell Horner,Republican,25884.0,100.0,True,True
2024,Georgia,GA,State House,4,general,Kasey Carpenter,Republican,14785.0,100.0,True,True
2024,Georgia,GA,State House,5,general,Matt Barton,Republican,24874.0,100.0,True,True
2024,Georgia,GA,State House,6,general,Jason Ridley,Republican,22597.0,85.3,True,True
2024,Georgia,GA,State House,6,general,Cathy Kott,Democratic,3894.0,14.7,False,False
2024,Georgia,GA,State House,7,general,Johnny Chastain,Republican,32125.0,100.0,True,True
2024,Georgia,GA,State House,8,general,Stan Gunter,Republican,33249.0,84.8,True,True
2024,Georgia,GA,State House,8,general,Charlotte Sleczkowski,Democratic,5948.0,15.2,False,False
2024,Georgia,GA,State House,9,general,Will Wade,Republican,32101.0,100.0,True,True
2024,Georgia,GA,State House,10,general,Victor Anderson,Republican,25871.0,82.9,True,True
2024,Georgia,GA,State House,10,general,Paulette Williams,Democratic,5323.0,17.1,False,False
2024,Georgia,GA,State House,11,general,Rick Jasperse,Republican,30728.0,82.8,True,True
2024,Georgia,GA,State House,11,general,Kayla Hollifield,Democratic,6392.0,17.2,False,False
2024,Georgia,GA,State House,12,general,Eddie Lumsden,Republican,21310.0,81.7,True,True
2024,Georgia,GA,State House,12,general,Logan Johnson,Democratic,4778.0,18.3,False,False
2024,Georgia,GA,State House,13,general,Katie Dempsey,Republican,17407.0,69.7,True,True
2024,Georgia,GA,State House,13,general,Kevin Aronhalt,Democratic,7555.0,30.3,False,False
2024,Georgia,GA,State House,14,general,Mitchell Scoggins,Republican,30460.0,100.0,True,True
2024,Georgia,GA,State House,15,general,Matthew Gambill,Republican,25032.0,100.0,True,True
2024,Georgia,GA,State House,16,general,Trey Kelley,Republican,25296.0,100.0,True,True
2024,Georgia,GA,State House,17,general,Martin Momtahan,Republican,25364.0,100.0,True,True
2024,Georgia,GA,State House,18,general,Tyler Smith,Republican,30101.0,100.0,True,True
2024,Georgia,GA,State House,19,general,Joseph Gullett,Republican,19659.0,57.3,True,True
2024,Georgia,GA,State House,19,general,RJ Coyle,Democratic,16642.0,42.7,False,False
2024,Georgia,GA,State House,20,general,Charlice Byrd,Republican,28540.0,100.0,True,True
2024,Georgia,GA,State House,21,general,Brad Thomas,Republican,28977.0,75.0,True,True
2024,Georgia,GA,State House,21,general,Mitchell Simmons,Democratic,9668.0,25.0,False,False
2024,Georgia,GA,State House,22,general,Jordan Ridley,Republican,19402.0,60.5,True,True
2024,Georgia,GA,State House,22,general,JL Shade,Democratic,12642.0,39.5,False,False
2024,Georgia,GA,State House,23,general,Mandi Ballinger,Republican,29402.0,100.0,True,True
2024,Georgia,GA,State House,24,general,Carter Barrett,Republican,20845.0,67.5,True,True
2024,Georgia,GA,State House,24,general,Randye Dugan,Democratic,10044.0,32.5,False,False
2024,Georgia,GA,State House,25,general,Todd Jones,Republican,18747.0,61.0,True,True
2024,Georgia,GA,State House,25,general,Elaine Padgett,Democratic,11979.0,39.0,False,False
2024,Georgia,GA,State House,26,general,Lauren McDonald,Republican,22258.0,70.8,True,True
2024,Georgia,GA,State House,26,general,Lakiea Bailey,Democratic,9191.0,29.2,False,False
2024,Georgia,GA,State House,27,general,Lee Hawkins,Republican,30558.0,100.0,True,True
2024,Georgia,GA,State House,28,general,Brent Cox,Republican,26500.0,78.3,True,True
2024,Georgia,GA,State House,28,general,Michael Henson,Democratic,7350.0,21.7,False,False
2024,Georgia,GA,State House,29,general,Matt Dubnik,Republican,16007.0,100.0,True,True
2024,Georgia,GA,State House,30,general,Derrick McCollum,Republican,25087.0,73.0,True,True
2024,Georgia,GA,State House,30,general,Kim Floria,Democratic,9278.0,27.0,False,False
2024,Georgia,GA,State House,31,general,Emory Dunahoo,Republican,30344.0,100.0,True,True
2024,Georgia,GA,State House,32,general,Chris Erwin,Republican,27370.0,100.0,True,True
2024,Georgia,GA,State House,33,general,Alan Powell,Republican,29061.0,100.0,True,True
2024,Georgia,GA,State House,34,general,Devan Seabaugh,Republican,21849.0,57.7,True,True
2024,Georgia,GA,State House,34,general,Karl Gallegos,Democratic,16053.0,42.4,False,False
2024,Georgia,GA,State House,35,general,Lisa Campbell,Democratic,16279.0,60.8,True,True
2024,Georgia,GA,State House,35,general,Gary Chaffee,Republican,10501.0,39.2,False,False
2024,Georgia,GA,State House,36,general,Ginny Ehrhart,Republican,29260.0,100.0,True,True
2024,Georgia,GA,State House,37,general,Mary Frances Williams,Democratic,14748.0,55.7,True,True
2024,Georgia,GA,State House,37,general,Shea Taylor,Republican,11725.0,44.3,False,False
2024,Georgia,GA,State House,38,general,David Wilkerson,Democratic,25094.0,100.0,True,True
2024,Georgia,GA,State House,39,general,Terry Cummings,Democratic,22774.0,100.0,True,True
2024,Georgia,GA,State House,40,general,Kimberly New,Republican,18869.0,59.3,True,True
2024,Georgia,GA,State House,40,general,Montenia Edwards,Democratic,12924.0,40.7,False,False
2024,Georgia,GA,State House,41,general,Michael Smith,Democratic,15280.0,70.0,True,True
2024,Georgia,GA,State House,41,general,Andrea Smith,Republican,6542.0,30.0,False,False
2024,Georgia,GA,State House,42,general,Gabriel Sanchez,Democratic,16689.0,63.3,True,False
2024,Georgia,GA,State House,42,general,Diane Jackson,Republican,9673.0,36.7,False,False
2024,Georgia,GA,State House,43,general,Solomon Adesanya,Democratic,18742.0,100.0,True,True
2024,Georgia,GA,State House,44,general,Don Parsons,Republican,19216.0,56.9,True,True
2024,Georgia,GA,State House,44,general,Danielle Bell,Democratic,14571.0,43.1,False,False
2024,Georgia,GA,State House,45,general,Sharon Cooper,Republican,21650.0,57.5,True,True
2024,Georgia,GA,State House,45,general,Eric Castater,Democratic,16027.0,42.5,False,False
2024,Georgia,GA,State House,46,general,John Carson,Republican,21875.0,58.9,True,True
2024,Georgia,GA,State House,46,general,Michael Garza,Democratic,15274.0,41.1,False,False
2024,Georgia,GA,State House,47,general,Jan Jones,Republican,19537.0,61.6,True,True
2024,Georgia,GA,State House,47,general,Debra Shigley,Democratic,12189.0,38.4,False,False
2024,Georgia,GA,State House,48,general,Scott Hilton,Republican,18183.0,54.9,True,True
2024,Georgia,GA,State House,48,general,Laura Murvartian,Democratic,14954.0,45.1,False,False
2024,Georgia,GA,State House,49,general,Chuck Martin,Republican,21944.0,59.5,True,True
2024,Georgia,GA,State House,49,general,Grace Demit,Democratic,14937.0,40.5,False,False
2024,Georgia,GA,State House,50,general,Michelle Au,Democratic,15868.0,55.4,True,True
2024,Georgia,GA,State House,50,general,Narender Reddy,Republican,12801.0,44.6,False,False
2024,Georgia,GA,State House,51,general,Esther Panitch,Democratic,16558.0,58.1,True,True
2024,Georgia,GA,State House,51,general,Derek Gettmann,Republican,11959.0,41.9,False,False
2024,Georgia,GA,State House,52,general,Shea Roberts,Democratic,18199.0,61.7,True,True
2024,Georgia,GA,State House,52,general,Robert McNeily,Republican,11321.0,38.3,False,False
2024,Georgia,GA,State House,53,general,Deborah Silcox,Republican,18277.0,51.9,True,True
2024,Georgia,GA,State House,53,general,Susie Greenberg,Democratic,16926.0,48.1,False,False
2024,Georgia,GA,State House,54,general,Betsy Holland,Democratic,17950.0,59.7,True,True
2024,Georgia,GA,State House,54,general,Sam Brown-Parks,Republican,12133.0,40.3,False,False
2024,Georgia,GA,State House,55,general,Inga Willis,Democratic,21440.0,77.9,True,True
2024,Georgia,GA,State House,55,general,Samuel Lenaeus,Republican,6095.0,22.1,False,False
2024,Georgia,GA,State House,56,general,Bryce Berry,Democratic,19223.0,83.8,True,False
2024,Georgia,GA,State House,56,general,Mesha Mainor,Republican,3722.0,16.2,False,True
2024,Georgia,GA,State House,57,general,Stacey Evans,Democratic,25241.0,78.9,True,True
2024,Georgia,GA,State House,57,general,Julie Allen,Republican,6763.0,21.1,False,False
2024,Georgia,GA,State House,58,general,Park Cannon,Democratic,25422.0,100.0,True,True
2024,Georgia,GA,State House,59,general,Phil Olaleye,Democratic,22848.0,90.8,True,True
2024,Georgia,GA,State House,59,general,Maurice Mpayamaguru,Republican,2312.0,9.2,False,False
2024,Georgia,GA,State House,60,general,Sheila Jones,Democratic,21692.0,71.6,True,True
2024,Georgia,GA,State House,60,general,Cathy Henson,Republican,8613.0,28.4,False,False
2024,Georgia,GA,State House,61,general,Mekyah McQueen,Democratic,28977.0,100.0,True,False
2024,Georgia,GA,State House,62,general,Tanya F. Miller,Democratic,24767.0,100.0,True,True
2024,Georgia,GA,State House,63,general,Kim Schofield,Democratic,22266.0,100.0,True,True
2024,Georgia,GA,State House,64,general,Sylvia Wayfer Baker,Democratic,21529.0,69.2,True,False
2024,Georgia,GA,State House,64,general,Cassaundra Burks,Republican,9569.0,30.8,False,False
2024,Georgia,GA,State House,65,general,Robert Dawson,Democratic,29876.0,100.0,True,False
2024,Georgia,GA,State House,66,general,Kimberly Alexander,Democratic,21161.0,100.0,True,True
2024,Georgia,GA,State House,67,general,Lydia Glaize,Democratic,19629.0,66.5,True,True
2024,Georgia,GA,State House,67,general,Matthew Hammett,Republican,9891.0,33.5,False,False
2024,Georgia,GA,State House,68,general,Derrick Jackson,Democratic,24208.0,100.0,True,True
2024,Georgia,GA,State House,69,general,Debra Bazemore,Democratic,27191.0,100.0,True,True
2024,Georgia,GA,State House,70,general,Lynn Smith,Republican,17597.0,63.4,True,True
2024,Georgia,GA,State House,70,general,Diane Boulai,Democratic,10166.0,36.6,False,False
2024,Georgia,GA,State House,71,general,Jutt Howard,Republican,20442.0,67.0,True,False
2024,Georgia,GA,State House,71,general,Kwasi Hudson,Democratic,10092.0,33.0,False,False
2024,Georgia,GA,State House,72,general,David Huddleston,Republican,21281.0,75.5,True,True
2024,Georgia,GA,State House,72,general,Rodney Moore,Democratic,6909.0,24.5,False,False
2024,Georgia,GA,State House,73,general,Josh Bonner,Republican,25111.0,66.9,True,True
2024,Georgia,GA,State House,73,general,Tom Thomason,Democratic,12436.0,33.1,False,False
2024,Georgia,GA,State House,74,general,Robert Flournoy Jr,Democratic,25139.0,100.0,True,False
2024,Georgia,GA,State House,75,general,Eric Bell II,Democratic,20971.0,100.0,True,True
2024,Georgia,GA,State House,76,general,Sandra Scott,Democratic,20380.0,100.0,True,True
2024,Georgia,GA,State House,77,general,Rhonda Burnough,Democratic,18552.0,100.0,True,True
2024,Georgia,GA,State House,78,general,Demetrius Douglas,Democratic,24908.0,100.0,True,True
2024,Georgia,GA,State House,79,general,Yasmin Neal,Democratic,16118.0,100.0,True,True
2024,Georgia,GA,State House,80,general,Long Tran,Democratic,15457.0,59.6,True,True
2024,Georgia,GA,State House,80,general,Brian Anderson,Republican,10473.0,40.4,False,False
2024,Georgia,GA,State House,81,general,Noelle Kahaian,Republican,19186.0,57.0,True,False
2024,Georgia,GA,State House,81,general,Mishael White,Democratic,14469.0,43.0,False,False
2024,Georgia,GA,State House,82,general,Karen Mathiak,Republican,20984.0,63.0,True,True
2024,Georgia,GA,State House,82,general,Anthony Dickson,Democratic,12351.0,37.0,False,False
2024,Georgia,GA,State House,83,general,Karen Lupton,Democratic,14170.0,63.1,True,True
2024,Georgia,GA,State House,83,general,Catherine Bernard,Republican,8281.0,36.9,False,False
2024,Georgia,GA,State House,84,general,Mary Margaret Oliver,Democratic,28980.0,100.0,True,True
2024,Georgia,GA,State House,85,general,Karla Drenner,Democratic,22384.0,100.0,True,True
2024,Georgia,GA,State House,86,general,Imani Barnes,Democratic,19737.0,80.0,True,True
2024,Georgia,GA,State House,86,general,Barry Zisholtz,Republican,4936.0,20.0,False,False
2024,Georgia,GA,State House,87,general,Viola Davis,Democratic,22753.0,100.0,True,True
2024,Georgia,GA,State House,88,general,Billy Mitchell,Democratic,20711.0,80.1,True,True
2024,Georgia,GA,State House,88,general,William Freeman,Republican,5132.0,19.9,False,False
2024,Georgia,GA,State House,89,general,Omari Crawford,Democratic,30293.0,100.0,True,True
2024,Georgia,GA,State House,90,general,Saira Draper,Democratic,30637.0,100.0,True,True
2024,Georgia,GA,State House,91,general,Angela Moore,Democratic,25823.0,100.0,True,True
2024,Georgia,GA,State House,92,general,Rhonda Taylor,Democratic,24823.0,100.0,True,True
2024,Georgia,GA,State House,93,general,Doreen Carter,Democratic,23317.0,100.0,True,True
2024,Georgia,GA,State House,94,general,Karen Bennett,Democratic,25781.0,100.0,True,True
2024,Georgia,GA,State House,95,general,Dar'shun Kendrick,Democratic,24135.0,100.0,True,True
2024,Georgia,GA,State House,96,general,Arlene Beckles,Democratic,13524.0,100.0,True,False
2024,Georgia,GA,State House,97,general,Ruwa Romman,Democratic,14536.0,58.8,True,True
2024,Georgia,GA,State House,97,general,Michael Corbin,Republican,10167.0,41.2,False,False
2024,Georgia,GA,State House,98,general,Marvin Lim,Democratic,9283.0,100.0,True,True
2024,Georgia,GA,State House,99,general,Matt Reeves,Republican,14812.0,51.1,True,True
2024,Georgia,GA,State House,99,general,Michelle Kang,Democratic,14191.0,48.9,False,False
2024,Georgia,GA,State House,100,general,David Clark,Republican,19620.0,62.4,True,True
2024,Georgia,GA,State House,100,general,Jennifer Ambler,Democratic,11833.0,37.6,False,False
2024,Georgia,GA,State House,101,general,Scott Holcomb,Democratic,18764.0,72.1,True,True
2024,Georgia,GA,State House,101,general,Kendra Biegalski,Republican,7252.0,27.9,False,False
2024,Georgia,GA,State House,102,general,Gabe Okoye,Democratic,15166.0,65.9,True,True
2024,Georgia,GA,State House,102,general,J. Scott Vandiver,Republican,7855.0,34.1,False,False
2024,Georgia,GA,State House,103,general,Soo Hong,Republican,18232.0,60.6,True,True
2024,Georgia,GA,State House,103,general,Chris Luchey,Democratic,11880.0,39.4,False,False
2024,Georgia,GA,State House,104,general,Chuck Efstration,Republican,25168.0,100.0,True,True
2024,Georgia,GA,State House,105,general,Sandy Donatucci,Republican,15142.0,50.1,True,False
2024,Georgia,GA,State House,105,general,Farooq Mughal,Democratic,15062.0,49.9,False,True
2024,Georgia,GA,State House,106,general,Shelly Hutchinson,Democratic,19029.0,100.0,True,True
2024,Georgia,GA,State House,107,general,Sam Park,Democratic,15538.0,60.4,True,True
2024,Georgia,GA,State House,107,general,Hai Cao,Republican,10189.0,39.6,False,False
2024,Georgia,GA,State House,108,general,Jasmine Clark,Democratic,15315.0,53.9,True,True
2024,Georgia,GA,State House,108,general,Elvia Davila,Republican,13118.0,46.1,False,False
2024,Georgia,GA,State House,109,general,Dewey McClain,Democratic,12657.0,100.0,True,True
2024,Georgia,GA,State House,110,general,Segun Adeyina,Democratic,21469.0,65.3,True,True
2024,Georgia,GA,State House,110,general,Charles Lollar,Republican,11410.0,34.7,False,False
2024,Georgia,GA,State House,111,general,Reynaldo Martinez,Republican,21107.0,61.5,True,True
2024,Georgia,GA,State House,111,general,Scott Jackson,Democratic,13193.0,38.5,False,False
2024,Georgia,GA,State House,112,general,Bruce Williamson,Republican,28832.0,100.0,True,True
2024,Georgia,GA,State House,113,general,Sharon Henderson,Democratic,24149.0,100.0,True,True
2024,Georgia,GA,State House,114,general,Tim Fleming,Republican,30394.0,100.0,True,True
2024,Georgia,GA,State House,115,general,Regina Lewis-Ward,Democratic,30385.0,100.0,True,True
2024,Georgia,GA,State House,116,general,El-Mahdi Holly,Democratic,23762.0,81.6,True,True
2024,Georgia,GA,State House,116,general,Reign Stevens,Republican,5346.0,18.4,False,False
2024,Georgia,GA,State House,117,general,Mary Ann Santos,Democratic,24820.0,100.0,True,False
2024,Georgia,GA,State House,118,general,Clint Crowe,Republican,21450.0,66.8,True,True
2024,Georgia,GA,State House,118,general,Sharonda Bell,Democratic,10671.0,33.2,False,False
2024,Georgia,GA,State House,119,general,Holt Persinger,Republican,26957.0,100.0,True,True
2024,Georgia,GA,State House,120,general,Houston Gaines,Republican,19248.0,61.3,True,True
2024,Georgia,GA,State House,120,general,Andrew Ferguson,Democratic,12156.0,38.7,False,False
2024,Georgia,GA,State House,121,general,Marcus Wiedower,Republican,19764.0,61.1,True,True
2024,Georgia,GA,State House,121,general,Eric Martin Gisler,Democratic,12567.0,38.9,False,False
2024,Georgia,GA,State House,122,general,Spencer Frye,Democratic,17410.0,100.0,True,True
2024,Georgia,GA,State House,123,general,Rob Leverett,Republican,22874.0,73.2,True,True
2024,Georgia,GA,State House,123,general,Hope S. Beard,Democratic,8367.0,26.8,False,False
2024,Georgia,GA,State House,124,general,Trey Rhodes,Republican,22862.0,65.7,True,True
2024,Georgia,GA,State House,124,general,Melanie M. Miller,Democratic,11913.0,34.3,False,False
2024,Georgia,GA,State House,125,general,Gary Richardson,Republican,20341.0,64.5,True,True
2024,Georgia,GA,State House,125,general,Kay Turner,Democratic,11194.0,35.5,False,False
2024,Georgia,GA,State House,126,general,L.C. Myles Jr.,Democratic,15465.0,57.9,True,False
2024,Georgia,GA,State House,126,general,William C. Harris,Republican,11234.0,42.1,False,False
2024,Georgia,GA,State House,127,general,Mark Newton,Republican,25538.0,100.0,True,True
2024,Georgia,GA,State House,128,general,Mack Jackson,Democratic,13926.0,50.1,True,True
2024,Georgia,GA,State House,128,general,Tracy Wheeler,Republican,13878.0,49.9,False,False
2024,Georgia,GA,State House,129,general,Karlton Howard,Democratic,17008.0,100.0,True,True
2024,Georgia,GA,State House,130,general,Lynn Gladney,Democratic,18775.0,100.0,True,True
2024,Georgia,GA,State House,131,general,Rob Clifton,Republican,21351.0,65.1,True,False
2024,Georgia,GA,State House,131,general,Heather Rose White,Democratic,11466.0,34.9,False,False
2024,Georgia,GA,State House,132,general,Brian Prince,Democratic,19198.0,100.0,True,True
2024,Georgia,GA,State House,133,general,Danny Mathis,Republican,21374.0,100.0,True,True
2024,Georgia,GA,State House,134,general,Robert Dickey,Republican,25043.0,100.0,True,True
2024,Georgia,GA,State House,135,general,Beth Camp,Republican,28632.0,100.0,True,True
2024,Georgia,GA,State House,136,general,David Jenkins,Republican,22527.0,68.5,True,True
2024,Georgia,GA,State House,136,general,Jeff Lowe,Democratic,10383.0,31.6,False,False
2024,Georgia,GA,State House,137,general,Debbie Buckner,Democratic,16108.0,59.7,True,True
2024,Georgia,GA,State House,137,general,Stephen Acorn,Republican,10884.0,40.3,False,False
2024,Georgia,GA,State House,138,general,Vance Smith,Republican,28129.0,100.0,True,True
2024,Georgia,GA,State House,139,general,Carmen Rice,Republican,19069.0,64.1,True,True
2024,Georgia,GA,State House,139,general,Carl Sprayberry,Democratic,10665.0,35.9,False,False
2024,Georgia,GA,State House,140,general,Tremaine Teddy Reese,Democratic,12939.0,100.0,True,True
2024,Georgia,GA,State House,141,general,Carolyn Hugley,Democratic,18479.0,100.0,True,True
2024,Georgia,GA,State House,142,general,Miriam Paris,Democratic,15936.0,60.5,True,True
2024,Georgia,GA,State House,142,general,Calvin Dennis Palmer,Republican,10391.0,39.5,False,False
2024,Georgia,GA,State House,143,general,Anissa Jones,Democratic,13318.0,61.9,True,False
2024,Georgia,GA,State House,143,general,Barbara Boyer,Republican,8196.0,38.1,False,False
2024,Georgia,GA,State House,144,general,Dale Washburn,Republican,25400.0,74.5,True,True
2024,Georgia,GA,State House,144,general,Anita Hyland,Democratic,8714.0,25.5,False,False
2024,Georgia,GA,State House,145,general,Tangie Herring,Democratic,13652.0,50.5,True,False
2024,Georgia,GA,State House,145,general,Noah Redding Harbuck,Republican,13379.0,49.5,False,False
2024,Georgia,GA,State House,146,general,Shaw Blackmon,Republican,27658.0,100.0,True,True
2024,Georgia,GA,State House,147,general,Bethany Ballard,Republican,16278.0,56.9,True,True
2024,Georgia,GA,State House,147,general,Ariel Phillips,Democratic,12318.0,43.1,False,False
2024,Georgia,GA,State House,148,general,Noel Williams Jr.,Republican,22686.0,100.0,True,True
2024,Georgia,GA,State House,149,general,Floyd Griffin,Democratic,13002.0,54.0,True,False
2024,Georgia,GA,State House,149,general,Kenneth Vance,Republican,11078.0,46.0,False,True
2024,Georgia,GA,State House,150,general,Patty Marie Stinson,Democratic,11892.0,53.2,True,True
2024,Georgia,GA,State House,150,general,Cary Moore,Republican,10443.0,46.8,False,False
2024,Georgia,GA,State House,151,general,Mike Cheokas,Republican,18992.0,100.0,True,True
2024,Georgia,GA,State House,152,general,Bill Yearta,Republican,25258.0,100.0,True,True
2024,Georgia,GA,State House,153,general,David Sampson,Democratic,14014.0,67.1,True,True
2024,Georgia,GA,State House,153,general,Brenda Battle,Republican,6875.0,32.9,False,False
2024,Georgia,GA,State House,154,general,Gerald Greene,Republican,20680.0,100.0,True,True
2024,Georgia,GA,State House,155,general,Matt Hatchett,Republican,22913.0,100.0,True,True
2024,Georgia,GA,State House,156,general,Leesa Hagan,Republican,19606.0,100.0,True,True
2024,Georgia,GA,State House,157,general,Bill Werkheiser,Republican,19664.0,100.0,True,True
2024,Georgia,GA,State House,158,general,Butch Parrish,Republican,18048.0,72.9,True,True
2024,Georgia,GA,State House,158,general,Madeline Ryan Smith,Democratic,6711.0,27.1,False,False
2024,Georgia,GA,State House,159,general,Jon G. Burns,Republican,26319.0,100.0,True,True
2024,Georgia,GA,State House,160,general,Lehman Franklin,Republican,19745.0,100.0,True,True
2024,Georgia,GA,State House,161,general,Bill Hitchens,Republican,23751.0,100.0,True,True
2024,Georgia,GA,State House,162,general,Carl Gilliard,Democratic,16033.0,66.2,True,True
2024,Georgia,GA,State House,162,general,Keith Padgett,Republican,8186.0,33.8,False,False
2024,Georgia,GA,State House,163,general,Anne Allen Westbrook,Democratic,20697.0,100.0,True,True
2024,Georgia,GA,State House,164,general,Ron Stephens,Republican,24073.0,100.0,True,True
2024,Georgia,GA,State House,165,general,Edna Jackson,Democratic,21840.0,100.0,True,True
2024,Georgia,GA,State House,166,general,Jesse Petrea,Republican,28416.0,71.7,True,True
2024,Georgia,GA,State House,166,general,Gay Fortson,Democratic,11237.0,28.3,False,False
2024,Georgia,GA,State House,167,general,Buddy DeLoach,Republican,20080.0,70.6,True,True
2024,Georgia,GA,State House,167,general,Rebekah Moore,Democratic,8375.0,29.4,False,False
2024,Georgia,GA,State House,168,general,Al Williams,Democratic,18106.0,100.0,True,True
2024,Georgia,GA,State House,169,general,Angie O'Steen,Republican,17166.0,74.8,True,False
2024,Georgia,GA,State House,169,general,Theresa R. Rewis,Democratic,5799.0,25.2,False,False
2024,Georgia,GA,State House,170,general,Jaclyn Dixon Ford,Republican,20743.0,100.0,True,False
2024,Georgia,GA,State House,171,general,Joe Campbell,Republican,19633.0,100.0,True,True
2024,Georgia,GA,State House,172,general,Charles Cannon,Republican,19258.0,100.0,True,True
2024,Georgia,GA,State House,173,general,Darlene Taylor,Republican,17033.0,65.5,True,True
2024,Georgia,GA,State House,173,general,Theresa Thomas,Democratic,8984.0,34.5,False,False
2024,Georgia,GA,State House,174,general,John Corbett,Republican,22251.0,100.0,True,True
2024,Georgia,GA,State House,175,general,John LaHood,Republican,20695.0,72.0,True,True
2024,Georgia,GA,State House,175,general,Anissa Knight Wiseman,Democratic,8070.0,28.0,False,False
2024,Georgia,GA,State House,176,general,James Burchett,Republican,19364.0,100.0,True,True
2024,Georgia,GA,State House,177,general,Dexter Sharper,Democratic,11400.0,62.1,True,True
2024,Georgia,GA,State House,177,general,Clay Griner,Republican,6954.0,37.9,False,False
2024,Georgia,GA,State House,178,general,Steven Meeks,Republican,24660.0,100.0,True,True
2024,Georgia,GA,State House,179,general,Rick Townsend,Republican,22336.0,100.0,True,True
2024,Georgia,GA,State House,180,general,Steven Sainz,Republican,19640.0,69.4,True,True
2024,Georgia,GA,State House,180,general,Defonsio Daniels,Democratic,8680.0,30.6,False,False
2024,Hawaii,HI,State House,3,general,Chris Toshiro Todd,Democratic,5806.0,61.0,True,True
2024,Hawaii,HI,State House,3,general,Kanoa Wilson,Republican,2791.0,29.3,False,False
2024,Hawaii,HI,State House,3,general,Austin Martin,Libertarian,276.0,2.9,False,False
2024,Hawaii,HI,State House,3,general,Blank votes,,629.0,6.6,False,False
2024,Hawaii,HI,State House,3,general,Over votes,,10.0,0.01,False,False
2024,Hawaii,HI,State House,4,general,Greggor Ilagan,Democratic,6563.0,66.2,True,True
2024,Hawaii,HI,State House,4,general,Keikilani Ho,Republican,2824.0,28.5,False,False
2024,Hawaii,HI,State House,4,general,Blank votes,,513.0,5.2,False,False
2024,Hawaii,HI,State House,4,general,Over votes,,10.0,0.01,False,False
2024,Hawaii,HI,State House,5,general,Jeanné Kapela,Democratic,5728.0,56.0,True,True
2024,Hawaii,HI,State House,5,general,Ashley Oyama,Republican,3458.0,33.8,False,False
2024,Hawaii,HI,State House,5,general,Frederick Fogel,Libertarian,300.0,2.9,False,False
2024,Hawaii,HI,State House,5,general,Blank votes,,727.0,7.1,False,False
2024,Hawaii,HI,State House,5,general,Over votes,,16.0,0.02,False,False
2024,Hawaii,HI,State House,6,general,Kirstin Kahaloa,Democratic,6217.0,55.4,True,True
2024,Hawaii,HI,State House,6,general,Sylvie Madison,Republican,3883.0,34.6,False,False
2024,Hawaii,HI,State House,6,general,Blank votes,,1121.0,10.0,False,False
2024,Hawaii,HI,State House,6,general,Over votes,,5.0,0.0,False,False
2024,Hawaii,HI,State House,7,general,Nicole Lowen,Democratic,4913.0,52.2,True,True
2024,Hawaii,HI,State House,7,general,Timothy Dalhouse,Republican,3943.0,41.9,False,False
2024,Hawaii,HI,State House,7,general,Blank votes,,547.0,5.8,False,False
2024,Hawaii,HI,State House,7,general,Over votes,,6.0,0.1,False,False
2024,Hawaii,HI,State House,8,general,David Tarnas,Democratic,6324.0,59.4,True,True
2024,Hawaii,HI,State House,8,general,Monique Cobb-Adams Perreira,Republican,3816.0,35.8,False,False
2024,Hawaii,HI,State House,8,general,Blank votes,,504.0,4.7,False,False
2024,Hawaii,HI,State House,8,general,Over votes,,8.0,0.1,False,False
2024,Hawaii,HI,State House,11,general,Terez Amato,Democratic,6618.0,57.4,True,True
2024,Hawaii,HI,State House,11,general,Aileen Acain,Republican,3506.0,30.4,False,False
2024,Hawaii,HI,State House,11,general,Blank votes,,1250.0,10.8,False,False
2024,Hawaii,HI,State House,11,general,Over votes,,150.0,1.3,False,False
2024,Hawaii,HI,State House,12,general,Kyle Yamashita,Democratic,7765.0,59.6,True,True
2024,Hawaii,HI,State House,12,general,Dan Johnson,Republican,3179.0,24.4,False,False
2024,Hawaii,HI,State House,12,general,Rita Ryan,Green,840.0,6.4,False,False
2024,Hawaii,HI,State House,12,general,Blank votes,,1196.0,9.2,False,False
2024,Hawaii,HI,State House,12,general,Over votes,,46.0,0.4,False,False
2024,Hawaii,HI,State House,13,general,Mahina Poepoe,Democratic,7174.0,65.6,True,True
2024,Hawaii,HI,State House,13,general,Scott Adam,Republican,2577.0,23.6,False,False
2024,Hawaii,HI,State House,13,general,Blank votes,,1170.0,10.7,False,False
2024,Hawaii,HI,State House,13,general,Over votes,,16.0,0.1,False,False
2024,Hawaii,HI,State House,14,general,Elle Cochran,Democratic,4303.0,51.5,True,True
2024,Hawaii,HI,State House,14,general,Kelly Armstrong,Republican,3338.0,39.9,False,False
2024,Hawaii,HI,State House,14,general,Blank votes,,711.0,8.5,False,False
2024,Hawaii,HI,State House,14,general,Over votes,,8.0,0.1,False,False
2024,Hawaii,HI,State House,15,general,Nadine Nakamura,Democratic,6656.0,64.7,True,True
2024,Hawaii,HI,State House,15,general,David Moranz,Republican,2692.0,26.2,False,False
2024,Hawaii,HI,State House,15,general,Blank votes,,933.0,9.1,False,False
2024,Hawaii,HI,State House,15,general,Over votes,,7.0,0.1,False,False
2024,Hawaii,HI,State House,16,general,Luke Evslin,Democratic,6479.0,63.7,True,True
2024,Hawaii,HI,State House,16,general,Steve Yoder,Republican,2848.0,28.0,False,False
2024,Hawaii,HI,State House,16,general,Blank votes,,842.0,8.3,False,False
2024,Hawaii,HI,State House,16,general,Over votes,,6.0,0.1,False,False
2024,Hawaii,HI,State House,17,general,Dee Morikawa,Democratic,6450.0,63.8,True,True
2024,Hawaii,HI,State House,17,general,Michael Jauch,Republican,2638.0,26.1,False,False
2024,Hawaii,HI,State House,17,general,Blank votes,,1010.0,10.0,False,False
2024,Hawaii,HI,State House,17,general,Over votes,,5.0,0.1,False,False
2024,Hawaii,HI,State House,20,general,Tina Nakada Grandinetti,Democratic,7556.0,63.2,True,False
2024,Hawaii,HI,State House,20,general,Corinne Solomon,Republican,3362.0,28.1,False,False
2024,Hawaii,HI,State House,20,general,Blank votes,,1033.0,8.6,False,False
2024,Hawaii,HI,State House,20,general,Over votes,,8.0,0.1,False,False
2024,Hawaii,HI,State House,21,general,Jackson Sayama,Democratic,8129.0,71.5,True,True
2024,Hawaii,HI,State House,21,general,Joelle Seashell,Republican,2491.0,21.9,False,False
2024,Hawaii,HI,State House,21,general,Blank votes,,747.0,6.6,False,False
2024,Hawaii,HI,State House,21,general,Over votes,,8.0,0.1,False,False
2024,Hawaii,HI,State House,22,general,Andrew Takuya Garrett,Democratic,8427.0,72.3,True,True
2024,Hawaii,HI,State House,22,general,Jeffrey Imamura,Republican,2272.0,19.5,False,False
2024,Hawaii,HI,State House,22,general,Blank votes,,950.0,8.1,False,False
2024,Hawaii,HI,State House,22,general,Over votes,,8.0,0.1,False,False
2024,Hawaii,HI,State House,24,general,Adrian Tam,Democratic,5973.0,62.5,True,True
2024,Hawaii,HI,State House,24,general,Jillian Anderson,Republican,2862.0,30.0,False,False
2024,Hawaii,HI,State House,24,general,Blank votes,,711.0,7.4,False,False
2024,Hawaii,HI,State House,24,general,Over votes,,9.0,0.1,False,False
2024,Hawaii,HI,State House,27,general,Jenna Takenouchi,Democratic,7928.0,66.3,True,True
2024,Hawaii,HI,State House,27,general,Margaret U. Lim,Republican,3501.0,29.3,False,False
2024,Hawaii,HI,State House,27,general,Blank votes,,513.0,4.3,False,False
2024,Hawaii,HI,State House,27,general,Over votes,,10.0,0.1,False,False
2024,Hawaii,HI,State House,29,general,Ikaika Hussey,Democratic,4068.0,64.5,True,False
2024,Hawaii,HI,State House,29,general,Carole Kaapu,Republican,1944.0,30.8,False,False
2024,Hawaii,HI,State House,29,general,Blank votes,,285.0,4.5,False,False
2024,Hawaii,HI,State House,29,general,Over votes,,6.0,0.1,False,False
2024,Hawaii,HI,State House,30,general,Shirley Ann Templo,Democratic,3397.0,64.8,True,False
2024,Hawaii,HI,State House,30,general,P.M. Azinga,Republican,1515.0,28.9,False,False
2024,Hawaii,HI,State House,30,general,Blank votes,,329.0,6.3,False,False
2024,Hawaii,HI,State House,30,general,Over votes,,2.0,0.1,False,False
2024,Hawaii,HI,State House,31,general,Linda Ichiyama,Democratic,5579.0,65.7,True,True
2024,Hawaii,HI,State House,31,general,Nancy Valdez,Republican,2505.0,29.5,False,False
2024,Hawaii,HI,State House,31,general,Blank votes,,402.0,4.7,False,False
2024,Hawaii,HI,State House,31,general,Over votes,,5.0,0.1,False,False
2024,Hawaii,HI,State House,32,general,Garner Shimizu,Republican,4588.0,47.5,True,False
2024,Hawaii,HI,State House,32,general,Micah Aiu,Democratic,4512.0,46.7,False,True
2024,Hawaii,HI,State House,32,general,Blank votes,,549.0,5.7,False,False
2024,Hawaii,HI,State House,32,general,Over votes,,10.0,0.1,False,False
2024,Hawaii,HI,State House,34,general,Gregg Takayama,Democratic,6840.0,64.4,True,True
2024,Hawaii,HI,State House,34,general,Gaius Dupio II,Republican,3161.0,29.8,False,False
2024,Hawaii,HI,State House,34,general,Blank votes,,617.0,0.1,False,False
2024,Hawaii,HI,State House,34,general,Over votes,,4.0,0.0,False,False
2024,Hawaii,HI,State House,37,general,Trish La Chica,Democratic,8770.0,63.0,True,True
2024,Hawaii,HI,State House,37,general,Taylor Kaaumoana,Republican,4066.0,29.2,False,False
2024,Hawaii,HI,State House,37,general,Blank votes,,1073.0,7.7,False,False
2024,Hawaii,HI,State House,37,general,Over votes,,12.0,0.1,False,False
2024,Hawaii,HI,State House,38,general,Lauren Cheape Matsumoto,Republican,8776.0,68.7,True,True
2024,Hawaii,HI,State House,38,general,Alexander Ozawa,Democratic,3418.0,26.8,False,False
2024,Hawaii,HI,State House,38,general,Blank votes,,566.0,4.4,False,False
2024,Hawaii,HI,State House,38,general,Over votes,,15.0,0.1,False,False
2024,Hawaii,HI,State House,39,general,Elijah Pierick,Republican,4712.0,47.1,True,True
2024,Hawaii,HI,State House,39,general,Corey Rosenlee,Democratic,4701.0,46.9,False,False
2024,Hawaii,HI,State House,39,general,Blank votes,,587.0,5.9,False,False
2024,Hawaii,HI,State House,39,general,Over votes,,13.0,0.1,False,False
2024,Hawaii,HI,State House,40,general,Julie Reyes Oda,Republican,4290.0,49.4,True,False
2024,Hawaii,HI,State House,40,general,Rose Martinez,Democratic,3828.0,44.0,False,True
2024,Hawaii,HI,State House,40,general,Christian Ulufanua,People,253.0,2.9,False,False
2024,Hawaii,HI,State House,40,general,Blank votes,,310.0,3.6,False,False
2024,Hawaii,HI,State House,40,general,Over votes,,11.0,0.1,False,False
2024,Hawaii,HI,State House,41,general,David Alcos,Republican,5474.0,55.9,True,True
2024,Hawaii,HI,State House,41,general,John Clark,Democratic,3840.0,39.2,False,False
2024,Hawaii,HI,State House,41,general,Blank votes,,474.0,4.8,False,False
2024,Hawaii,HI,State House,41,general,Over votes,,11.0,0.1,False,False
2024,Hawaii,HI,State House,42,general,Diamond Garcia,Republican,4802.0,54.4,True,True
2024,Hawaii,HI,State House,42,general,Anthony Makana Paris,Democratic,3646.0,41.3,False,False
2024,Hawaii,HI,State House,42,general,Blank votes,,369.0,4.2,False,False
2024,Hawaii,HI,State House,42,general,Over votes,,18.0,0.2,False,False
2024,Hawaii,HI,State House,45,general,Chris Muraoka,Republican,3117.0,48.4,True,False
2024,Hawaii,HI,State House,45,general,Desiré DeSoto,Democratic,2908.0,45.2,False,False
2024,Hawaii,HI,State House,45,general,Blank votes,,405.0,6.3,False,False
2024,Hawaii,HI,State House,45,general,Over votes,,6.0,0.1,False,False
2024,Hawaii,HI,State House,46,general,Amy Perruso,Democratic,5432.0,54.5,True,True
2024,Hawaii,HI,State House,46,general,Daniel Michael Gabriel,Republican,3943.0,39.6,False,False
2024,Hawaii,HI,State House,46,general,Blank votes,,586.0,5.9,False,False
2024,Hawaii,HI,State House,46,general,Over votes,,6.0,0.1,False,False
2024,Hawaii,HI,State House,47,general,Sean Quinlan,Democratic,4616.0,52.1,True,True
2024,Hawaii,HI,State House,47,general,John W. Aguirre,Republican,3405.0,38.4,False,False
2024,Hawaii,HI,State House,47,general,Blank votes,,831.0,9.4,False,False
2024,Hawaii,HI,State House,47,general,Over votes,,4.0,0.1,False,False
2024,Hawaii,HI,State House,48,general,Lisa Kitagawa,Democratic,8578.0,70.9,True,True
2024,Hawaii,HI,State House,48,general,Asheemo Daily,Green,1791.0,14.8,False,False
2024,Hawaii,HI,State House,48,general,Blank votes,,1727.0,14.3,False,False
2024,Hawaii,HI,State House,48,general,Over votes,,6.0,0.1,False,False
2024,Hawaii,HI,State House,49,general,Scot Matayoshi,Democratic,7711.0,68.6,True,True
2024,Hawaii,HI,State House,49,general,Josiah Ubando,Republican,2979.0,26.5,False,False
2024,Hawaii,HI,State House,49,general,Blank votes,,552.0,4.9,False,False
2024,Hawaii,HI,State House,49,general,Over votes,,3.0,0.1,False,False
2024,Hawaii,HI,State House,50,general,Mike Lee,Democratic,9791.0,66.6,True,False
2024,Hawaii,HI,State House,50,general,Timothy Connelly,Republican,4206.0,28.6,False,False
2024,Hawaii,HI,State House,50,general,Blank votes,,682.0,4.6,False,False
2024,Hawaii,HI,State House,50,general,Over votes,,14.0,0.1,False,False
2024,Idaho,ID,State House,1,general,Mark Sauter,Republican,24265.0,77.5,True,True
2024,Idaho,ID,State House,1,general,Karen Matthee,Democratic,7028.0,22.5,False,False
2024,Idaho,ID,State House,1,general,Cornel Rasor,Republican,22618.0,71.1,True,False
2024,Idaho,ID,State House,1,general,Kathryn Larson,Democratic,9195.0,28.9,False,False
2024,Idaho,ID,State House,2,general,Heather Scott,Republican,23353.0,81.1,True,True
2024,Idaho,ID,State House,2,general,Loree Peery,Democratic,5441.0,18.9,False,False
2024,Idaho,ID,State House,2,general,Dale Hawkins,Republican,21708.0,76.5,True,True
2024,Idaho,ID,State House,2,general,Jennifer Luoma,Libertarian,1056.0,3.7,False,False
2024,Idaho,ID,State House,2,general,Tami Holdahl,Independent,5594.0,19.7,False,False
2024,Idaho,ID,State House,3,general,Vito Barbieri,Republican,24829.0,79.7,True,True
2024,Idaho,ID,State House,3,general,Dale Broadsword,Democratic,6336.0,20.3,False,False
2024,Idaho,ID,State House,3,general,Jordan Redman,Republican,25008.0,80.3,True,True
2024,Idaho,ID,State House,3,general,Steve Bruno,Democratic,6144.0,19.7,False,False
2024,Idaho,ID,State House,4,general,Joe Alfieri,Republican,15492.0,65.5,True,True
2024,Idaho,ID,State House,4,general,Angela Jean Chandler,Democratic,8142.0,34.5,False,False
2024,Idaho,ID,State House,4,general,Elaine Price,Republican,15151.0,63.7,True,True
2024,Idaho,ID,State House,4,general,Paula Marano,Democratic,8641.0,36.3,False,False
2024,Idaho,ID,State House,5,general,Ron Mendive,Republican,19883.0,73.3,True,False
2024,Idaho,ID,State House,5,general,Kristy Reed Johnson,Democratic,5100.0,18.8,False,False
2024,Idaho,ID,State House,5,general,Robert Nonini,Independent,2131.0,7.9,False,False
2024,Idaho,ID,State House,5,general,Tony Wisniewski,Republican,21154.0,78.9,True,True
2024,Idaho,ID,State House,5,general,Teresa Borrenpohl,Democratic,5650.0,21.1,False,False
2024,Idaho,ID,State House,6,general,Lori McCann,Republican,17794.0,64.8,True,True
2024,Idaho,ID,State House,6,general,Trish Carter-Goodheart,Democratic,9648.0,35.2,False,False
2024,Idaho,ID,State House,6,general,Brandon Mitchell,Republican,16157.0,58.1,True,True
2024,Idaho,ID,State House,6,general,Kathy Dawes,Democratic,11649.0,41.9,False,False
2024,Idaho,ID,State House,7,general,Kyle Harris,Republican,19797.0,75.4,False,False
2024,Idaho,ID,State House,7,general,Vickie Nostrant,Democratic,6457.0,24.6,False,False
2024,Idaho,ID,State House,7,general,Charlie Shepherd,Republican,20222.0,77.2,True,True
2024,Idaho,ID,State House,7,general,Dustin Hardisty,Democratic,5984.0,22.8,False,False
2024,Idaho,ID,State House,8,general,Rob Beiswenger,Republican,20049.0,100.0,True,False
2024,Idaho,ID,State House,8,general,Faye Thompson,Republican,16546.0,67.9,True,False
2024,Idaho,ID,State House,8,general,Jared Dawson,Democratic,6702.0,27.5,False,False
2024,Idaho,ID,State House,8,general,Tony Ullrich,Constitution,1111.0,4.6,False,False
2024,Idaho,ID,State House,9,general,John Shirts,Republican,21107.0,82.9,True,False
2024,Idaho,ID,State House,9,general,Thomas P Albritton,Democratic,3718.0,15.0,False,False
2024,Idaho,ID,State House,9,general,Judy Boyle,Republican,20004.0,81.4,True,True
2024,Idaho,ID,State House,9,general,Jody Keeler,Democratic,4576.0,18.6,False,False
2024,Idaho,ID,State House,10,general,Mike Moyle,Republican,26674.0,81.4,True,True
2024,Idaho,ID,State House,10,general,Nancy Parker,Democratic,6078.0,18.6,False,False
2024,Idaho,ID,State House,10,general,Bruce D. Skaug,Republican,26521.0,81.6,True,True
2024,Idaho,ID,State House,10,general,Shana Tremaine,Democratic,5981.0,18.4,False,False
2024,Idaho,ID,State House,11,general,Kent A. Marmon,Republican,10995.0,65.9,True,False
2024,Idaho,ID,State House,11,general,Anthony Porto,Democratic,5684.0,34.1,False,False
2024,Idaho,ID,State House,11,general,Lucas Cayler,Republican,10906.0,65.4,True,False
2024,Idaho,ID,State House,11,general,Marisela Pesina,Democratic,5780.0,34.6,False,False
2024,Idaho,ID,State House,12,general,Jeff Cornilles,Republican,17085.0,100.0,True,True
2024,Idaho,ID,State House,12,general,Jaron Crane,Republican,15066.0,71.0,True,True
2024,Idaho,ID,State House,12,general,Don Benson,Democratic,6166.0,29.0,False,False
2024,Idaho,ID,State House,13,general,Brent J. Crane,Republican,15206.0,71.5,True,True
2024,Idaho,ID,State House,13,general,Cliff Hohman,Democratic,6073.0,28.5,False,False
2024,Idaho,ID,State House,13,general,Steve Tanner,Republican,17136.0,100.0,True,False
2024,Idaho,ID,State House,14,general,Ted Hill,Republican,26769.0,100.0,True,True
2024,Idaho,ID,State House,14,general,Josh Tanner,Republican,25629.0,77.5,True,True
2024,Idaho,ID,State House,14,general,Jo Daly,Democratic,7431.0,22.5,False,False
2024,Idaho,ID,State House,15,general,Steve Berch,Democratic,12449.0,50.5,True,True
2024,Idaho,ID,State House,15,general,Annette Tipton,Republican,12222.0,49.5,False,False
2024,Idaho,ID,State House,15,general,Dori Healey,Republican,13098.0,53.6,True,True
2024,Idaho,ID,State House,15,general,Shari Baber,Democratic,11318.0,46.4,False,False
2024,Idaho,ID,State House,16,general,Soñia Galaviz,Democratic,14177.0,61.1,True,True
2024,Idaho,ID,State House,16,general,Chandler Stewart Hadraba,Republican,9044.0,38.9,False,False
2024,Idaho,ID,State House,16,general,Todd Achilles,Democratic,13978.0,59.8,True,True
2024,Idaho,ID,State House,16,general,Jackie Davidson,Republican,9401.0,40.2,False,False
2024,Idaho,ID,State House,17,general,John Gannon,Democratic,15320.0,100.0,True,True
2024,Idaho,ID,State House,17,general,Megan Ebert,Democratic,12977.0,56.9,True,True
2024,Idaho,ID,State House,17,general,Jazz Alexis,Republican,9816.0,43.1,False,False
2024,Idaho,ID,State House,18,general,Ilana Rubel,Democratic,17112.0,100.0,True,True
2024,Idaho,ID,State House,18,general,Brooke Green,Democratic,16800.0,100.0,True,True
2024,Idaho,ID,State House,19,general,Monica C. Church,Democratic,20947.0,65.6,True,False
2024,Idaho,ID,State House,19,general,Jim Feederle,Republican,10997.0,34.4,False,False
2024,Idaho,ID,State House,19,general,Chris Mathias,Democratic,22575.0,100.0,True,True
2024,Idaho,ID,State House,20,general,Joe A. Palmer,Republican,19216.0,71.0,False,True
2024,Idaho,ID,State House,20,general,Isaiah Navarro,Democratic,7841.0,29.0,False,False
2024,Idaho,ID,State House,20,general,James Holtzclaw,Republican,20744.0,100.0,True,True
2024,Idaho,ID,State House,21,general,James Petzke,Republican,17558.0,68.3,True,True
2024,Idaho,ID,State House,21,general,Casey Hess,Democratic,8160.0,31.7,False,False
2024,Idaho,ID,State House,21,general,Jeff Ehlers,Republican,16005.0,61.7,True,True
2024,Idaho,ID,State House,21,general,Becky R. McKinstry,Democratic,8504.0,32.8,False,False
2024,Idaho,ID,State House,21,general,Daniel S. Weston,Constitution,1413.0,5.5,False,False
2024,Idaho,ID,State House,22,general,John Vander Woude,Republican,19310.0,65.9,True,True
2024,Idaho,ID,State House,22,general,Loren Petty,Democratic,9989.0,34.1,False,False
2024,Idaho,ID,State House,22,general,Jason A. Monks,Republican,19548.0,66.9,True,True
2024,Idaho,ID,State House,22,general,Glida Bothwell,Democratic,9654.0,33.1,False,False
2024,Idaho,ID,State House,23,general,Chris Bruce,Republican,19926.0,80.1,True,False
2024,Idaho,ID,State House,23,general,Don Harrington,Democratic,4948.0,19.9,False,False
2024,Idaho,ID,State House,23,general,Shawn R. Dygert,Republican,20147.0,81.1,True,False
2024,Idaho,ID,State House,23,general,Julissa Melendez Castellanos,Democratic,4692.0,18.9,False,False
2024,Idaho,ID,State House,24,general,Clint Hostetler,Republican,19146.0,100.0,True,False
2024,Idaho,ID,State House,24,general,Steve Miller,Republican,19201.0,100.0,True,False
2024,Idaho,ID,State House,25,general,Lance Clow,Republican,13264.0,72.1,True,True
2024,Idaho,ID,State House,25,general,W. Lane Startin,Democratic,5128.0,27.9,False,False
2024,Idaho,ID,State House,25,general,David J. Leavitt,Republican,13676.0,100.0,True,False
2024,Idaho,ID,State House,26,general,Mike Pohanka,Republican,11495.0,51.2,True,False
2024,Idaho,ID,State House,26,general,Ned Burns,Democratic,10960.0,48.8,False,False
2024,Idaho,ID,State House,26,general,Jack Nelsen,Republican,11497.0,51.5,True,True
2024,Idaho,ID,State House,26,general,Chris Hansen,Democratic,10814.0,48.5,False,False
2024,Idaho,ID,State House,27,general,Douglas Pickett,Republican,16276.0,84.4,True,True
2024,Idaho,ID,State House,27,general,Damian D. Rodriguez,Democratic,3006.0,15.6,False,False
2024,Idaho,ID,State House,27,general,Clay Handy,Republican,17453.0,100.0,True,True
2024,Idaho,ID,State House,28,general,Richard (Rick) Cheatum,Republican,20236.0,100.0,True,True
2024,Idaho,ID,State House,28,general,Dan Garner,Republican,18188.0,76.7,True,True
2024,Idaho,ID,State House,28,general,Jayson Meline,Democratic,5514.0,23.3,False,False
2024,Idaho,ID,State House,29,general,Dustin W. Manwaring,Republican,12214.0,55.2,True,True
2024,Idaho,ID,State House,29,general,Mary Shea,Democratic,9910.0,44.8,False,False
2024,Idaho,ID,State House,29,general,Tanya Burgoyne,Republican,11498.0,52.6,True,False
2024,Idaho,ID,State House,29,general,Nate Roberts,Democratic,10359.0,47.4,False,True
2024,Idaho,ID,State House,30,general,David Cannon,Republican,19046.0,100.0,True,True
2024,Idaho,ID,State House,30,general,Ben G. Fuhriman,Republican,17191.0,82.0,True,False
2024,Idaho,ID,State House,30,general,Breane L. Buckingham,Democratic,3777.0,18.0,False,False
2024,Idaho,ID,State House,31,general,Jerald Raymond,Republican,22966.0,86.0,True,True
2024,Idaho,ID,State House,31,general,Connie Delaney,Democratic,3735.0,14.0,False,False
2024,Idaho,ID,State House,31,general,Rod Furniss,Republican,23007.0,86.2,True,True
2024,Idaho,ID,State House,31,general,Wayne Talmadge,Democratic,3676.0,13.8,False,False
2024,Idaho,ID,State House,32,general,Stephanie Mickelsen,Republican,16117.0,100.0,True,True
2024,Idaho,ID,State House,32,general,Wendy Horman,Republican,16883.0,78.0,True,True
2024,Idaho,ID,State House,32,general,Cecile Perez,Democratic,4770.0,22.0,False,False
2024,Idaho,ID,State House,33,general,Barbara Ehardt,Republican,12148.0,63.1,True,True
2024,Idaho,ID,State House,33,general,Miranda Marquit,Democratic,7116.0,36.9,False,False
2024,Idaho,ID,State House,33,general,Marco Erickson,Republican,12849.0,100.0,True,True
2024,Idaho,ID,State House,34,general,Jon O Weber,Republican,15590.0,100.0,True,True
2024,Idaho,ID,State House,34,general,Britt Raybould,Republican,15456.0,100.0,True,True
2024,Idaho,ID,State House,35,general,Kevin Andrus,Republican,20643.0,76.8,True,True
2024,Idaho,ID,State House,35,general,Joseph Messerly,Democratic,6232.0,23.2,False,False
2024,Idaho,ID,State House,35,general,Joshua Wheeler,Republican,20346.0,76.2,True,True
2024,Idaho,ID,State House,35,general,Maggie Shaw,Democratic,6356.0,23.8,False,False
2024,Illinois,IL,State House,1,general,Aaron Ortiz,Democratic,18308.0,100.0,True,True
2024,Illinois,IL,State House,2,general,Elizabeth Hernandez,Democratic,22924.0,72.3,True,True
2024,Illinois,IL,State House,2,general,Laura Hruska,Republican,8782.0,27.7,False,False
2024,Illinois,IL,State House,3,general,Eva-Dina Delgado,Democratic,28774.0,100.0,True,True
2024,Illinois,IL,State House,4,general,Lilian Jiménez,Democratic,27277.0,100.0,True,True
2024,Illinois,IL,State House,5,general,Kimberly du Buclet,Democratic,32549.0,86.38,True,True
2024,Illinois,IL,State House,5,general,Al Rasho,Republican,5133.0,13.62,False,False
2024,Illinois,IL,State House,6,general,Sonya Harper,Democratic,21884.0,82.33,True,True
2024,Illinois,IL,State House,6,general,Sean A. Dwyer,Republican,4697.0,17.67,False,False
2024,Illinois,IL,State House,7,general,Emanuel “Chris” Welch,Democratic,39402.0,100.0,True,True
2024,Illinois,IL,State House,8,general,La Shawn Ford,Democratic,29352.0,75.2,True,True
2024,Illinois,IL,State House,8,general,Leslie Collazo,Republican,9682.0,24.8,False,False
2024,Illinois,IL,State House,9,general,Yolonda Morris,Democratic,29050.0,100.0,True,True
2024,Illinois,IL,State House,10,general,Jawaharial Williams,Democratic,32201.0,100.0,True,True
2024,Illinois,IL,State House,11,general,Ann Williams,Democratic,48345.0,100.0,True,True
2024,Illinois,IL,State House,12,general,Margaret Croke,Democratic,43586.0,100.0,True,True
2024,Illinois,IL,State House,13,general,Hoan Huynh,Democratic,46432.0,87.7,True,True
2024,Illinois,IL,State House,13,general,Terry Nguyen Le,Republican,6510.0,12.3,False,False
2024,Illinois,IL,State House,14,general,Kelly Cassidy,Democratic,37519.0,100.0,True,True
2024,Illinois,IL,State House,15,general,Michael Kelly,Democratic,28177.0,62.74,True,True
2024,Illinois,IL,State House,15,general,Mark R. Albers,Republican,16734.0,37.26,False,False
2024,Illinois,IL,State House,16,general,Kevin Olickal,Democratic,26260.0,100.0,True,True
2024,Illinois,IL,State House,17,general,Jennifer Gong-Gershowitz,Democratic,37405.0,68.65,True,True
2024,Illinois,IL,State House,17,general,Jim Geldermann,Republican,17080.0,31.35,False,False
2024,Illinois,IL,State House,18,general,Robyn Gabel,Democratic,40786.0,78.97,True,True
2024,Illinois,IL,State House,18,general,Charles Hutchinson,Republican,10859.0,21.03,False,False
2024,Illinois,IL,State House,19,general,Lindsey LaPointe,Democratic,29738.0,68.11,True,True
2024,Illinois,IL,State House,19,general,John “JZ” Zimmers,Republican,13924.0,31.89,False,False
2024,Illinois,IL,State House,20,general,Bradley Stephens,Republican,35012.0,100.0,True,True
2024,Illinois,IL,State House,21,general,Abdelnasser Rashid,Democratic,27006.0,100.0,True,True
2024,Illinois,IL,State House,22,general,Angelica Guerrero-Cuellar,Democratic,26887.0,100.0,True,True
2024,Illinois,IL,State House,23,general,Edgar Gonzalez Jr.,Democratic,13674.0,100.0,True,True
2024,Illinois,IL,State House,24,general,Theresa Mah,Democratic,20337.0,78.13,True,True
2024,Illinois,IL,State House,24,general,Nathalian Bolton,Republican,5692.0,21.87,False,False
2024,Illinois,IL,State House,25,general,Curtis Tarver,Democratic,30667.0,100.0,True,True
2024,Illinois,IL,State House,26,general,Kam Buckner,Democratic,30735.0,81.55,True,True
2024,Illinois,IL,State House,26,general,Audrey Barrett,Republican,6952.0,18.45,False,False
2024,Illinois,IL,State House,27,general,Justin Slaughter,Democratic,36640.0,100.0,True,True
2024,Illinois,IL,State House,28,general,Robert Rita,Democratic,31942.0,100.0,True,True
2024,Illinois,IL,State House,29,general,Thaddeus Jones,Democratic,38498.0,99.99,True,True
2024,Illinois,IL,State House,29,general,Marketa Franklin,Write-in,17.0,0.01,False,False
2024,Illinois,IL,State House,30,general,Will Davis,Democratic,32481.0,78.19,True,True
2024,Illinois,IL,State House,30,general,Patricia Bonk,Republican,9058.0,18.45,False,False
2024,Illinois,IL,State House,31,general,Michael Crawford,Democratic,26588.0,73.27,True,False
2024,Illinois,IL,State House,31,general,Carl R. Kunz,Republican,9702.0,26.73,False,False
2024,Illinois,IL,State House,32,general,Lisa J. Davis,Democratic,23240.0,100.0,True,False
2024,Illinois,IL,State House,33,general,Marcus C. Evans Jr.,Democratic,34406.0,100.0,True,True
2024,Illinois,IL,State House,34,general,Nicholas Smith,Democratic,33043.0,76.59,True,True
2024,Illinois,IL,State House,34,general,Frederick L. Walls,Republican,10097.0,23.41,False,False
2024,Illinois,IL,State House,35,general,Mary Gill,Democratic,33275.0,61.39,True,True
2024,Illinois,IL,State House,35,general,Herbert Hebein,Republican,20451.0,38.07,False,False
2024,Illinois,IL,State House,36,general,Rick Ryan,Democratic,27487.0,59.21,True,False
2024,Illinois,IL,State House,36,general,Christine Shanahan McGovern,Republican,18938.0,38.07,False,False
2024,Illinois,IL,State House,37,general,Patrick Sheehan,Republican,47607.0,100.0,True,True
2024,Illinois,IL,State House,38,general,Debbie Meyers-Martin,Democratic,43437.0,100.0,True,True
2024,Illinois,IL,State House,39,general,Will Guzzardi,Democratic,29955.0,81.12,True,True
2024,Illinois,IL,State House,39,general,Anthony Curran,Republican,6968.0,18.87,False,False
2024,Illinois,IL,State House,39,general,Justin Tucker,Write-in,2.0,0.01,False,False
2024,Illinois,IL,State House,40,general,Jaime Andrade Jr.,Democratic,32189.0,83.45,True,True
2024,Illinois,IL,State House,40,general,Patrycja Karlin,Republican,6382.0,16.55,False,False
2024,Illinois,IL,State House,41,general,Janet Yang Rohr,Democratic,42002.0,100.0,True,True
2024,Illinois,IL,State House,42,general,Terra Costa Howard,Democratic,40916.0,99.99,True,True
2024,Illinois,IL,State House,42,general,Amar Patel,Write-in,198.0,0.01,False,False
2024,Illinois,IL,State House,43,general,Anna Moeller,Democratic,18314.0,63.93,True,True
2024,Illinois,IL,State House,43,general,Donald P. Puckett,Republican,10332.0,36.07,False,False
2024,Illinois,IL,State House,44,general,Fred Crespo,Democratic,25918.0,100.0,True,True
2024,Illinois,IL,State House,45,general,Matha “Marti” Deuter,Democratic,30306.0,53.81,True,False
2024,Illinois,IL,State House,45,general,Dennis M. Reboletti,Republican,26013.0,46.19,False,False
2024,Illinois,IL,State House,46,general,Diane Blair-Sherlock,Democratic,23488.0,56.41,True,True
2024,Illinois,IL,State House,46,general,Robert “Rusty” Stevens,Republican,18153.0,43.59,False,False
2024,Illinois,IL,State House,47,general,Amy Grant,Republican,29869.0,50.25,True,True
2024,Illinois,IL,State House,47,general,Jackie Williamson,Democratic,29577.0,49.75,False,False
2024,Illinois,IL,State House,48,general,Jennifer Sanalitro,Republican,30177.0,57.91,True,True
2024,Illinois,IL,State House,48,general,Maria C. Vesey,Democratic,21931.0,42.09,False,False
2024,Illinois,IL,State House,49,general,Maura Hirschauer,Democratic,24282.0,54.23,True,True
2024,Illinois,IL,State House,49,general,Hannah Billingsley,Republican,20495.0,45.77,False,False
2024,Illinois,IL,State House,50,general,Barbara Hernandez,Democratic,21233.0,63.73,True,True
2024,Illinois,IL,State House,50,general,Teresa L. Alexander,Republican,12083.0,36.27,False,False
2024,Illinois,IL,State House,51,general,Nabeela Syed,Democratic,32311.0,56.18,True,True
2024,Illinois,IL,State House,51,general,Tosi Ufodike,Republican,25203.0,43.82,False,False
2024,Illinois,IL,State House,52,general,Martin McLaughlin,Republican,29520.0,50.04,True,True
2024,Illinois,IL,State House,52,general,Maria Peterson,Democratic,29473.0,49.96,False,False
2024,Illinois,IL,State House,53,general,Nicolle Grasse,Democratic,26324.0,58.03,True,True
2024,Illinois,IL,State House,53,general,Ronald E. Andermann,Republican,19042.0,41.97,False,False
2024,Illinois,IL,State House,54,general,Mary Beth Canty,Democratic,28773.0,58.96,True,True
2024,Illinois,IL,State House,54,general,Michele Hunter,Republican,20030.0,41.04,False,False
2024,Illinois,IL,State House,55,general,Marty Moylan,Democratic,28768.0,100.0,True,True
2024,Illinois,IL,State House,56,general,Michelle Mussman,Democratic,28615.0,100.0,True,True
2024,Illinois,IL,State House,57,general,Tracy Katz Muhl,Democratic,28812.0,59.53,True,True
2024,Illinois,IL,State House,57,general,Daniel Behr,Republican,19586.0,40.47,False,False
2024,Illinois,IL,State House,58,general,Bob Morgan,Democratic,37111.0,67.91,True,True
2024,Illinois,IL,State House,58,general,Carl Lambrecht,Republican,17539.0,32.09,False,False
2024,Illinois,IL,State House,59,general,Daniel Didech,Democratic,26927.0,63.59,True,True
2024,Illinois,IL,State House,59,general,Chris Henning,Republican,15421.0,36.41,False,False
2024,Illinois,IL,State House,60,general,Rita Mayfield,Democratic,21947.0,99.99,True,True
2024,Illinois,IL,State House,60,general,Chris Henning,Write-in,10.0,0.01,False,False
2024,Illinois,IL,State House,61,general,Joyce Mason,Democratic,26910.0,58.64,True,True
2024,Illinois,IL,State House,61,general,"James Creighton Mitchell, Jr.",Republican,18981.0,41.36,False,False
2024,Illinois,IL,State House,62,general,Laura Faver Dias,Democratic,33440.0,100.0,True,True
2024,Illinois,IL,State House,63,general,Steven Reick,Republican,29711.0,52.8,True,True
2024,Illinois,IL,State House,63,general,Mary Mahady,Democratic,26565.0,47.2,False,False
2024,Illinois,IL,State House,64,general,Tom Weber,Republican,45429.0,100.0,True,True
2024,Illinois,IL,State House,65,general,Dan Ugaste,Republican,33393.0,55.59,True,True
2024,Illinois,IL,State House,65,general,Linda R Robertson,Democratic,26673.0,44.41,False,False
2024,Illinois,IL,State House,66,general,Suzanne Ness,Democratic,27757.0,53.33,True,True
2024,Illinois,IL,State House,66,general,Laurie Parman,Republican,24292.0,46.0,False,False
2024,Illinois,IL,State House,67,general,Maurice West,Democratic,21171.0,59.4,True,True
2024,Illinois,IL,State House,67,general,Glen Oland,Republican,14471.0,40.6,False,False
2024,Illinois,IL,State House,68,general,Dave Vella,Democratic,33688.0,100.0,True,True
2024,Illinois,IL,State House,69,general,Joe Sosnowski,Republican,33658.0,61.43,True,True
2024,Illinois,IL,State House,69,general,Peter Janko,Democratic,21132.0,38.57,False,False
2024,Illinois,IL,State House,70,general,Jeff Keicher,Republican,36380.0,59.81,True,True
2024,Illinois,IL,State House,70,general,Randi Olson,Democratic,24441.0,40.19,False,False
2024,Illinois,IL,State House,71,general,Daniel Swanson,Republican,37528.0,100.0,True,True
2024,Illinois,IL,State House,72,general,Gregg Johnson,Democratic,26659.0,60.99,True,True
2024,Illinois,IL,State House,72,general,Charlie Helmick,Republican,17052.0,39.01,False,False
2024,Illinois,IL,State House,73,general,Ryan Spain,Republican,46067.0,100.0,True,True
2024,Illinois,IL,State House,74,general,Bradley Fritts,Republican,31516.0,64.83,True,True
2024,Illinois,IL,State House,74,general,David Simpson,Democratic,17101.0,35.17,False,False
2024,Illinois,IL,State House,75,general,Jed Davis,Republican,33715.0,61.43,True,True
2024,Illinois,IL,State House,75,general,Heidi Henry,Democratic,21169.0,38.57,False,False
2024,Illinois,IL,State House,76,general,Amy “Murri” Briel,Democratic,23931.0,50.63,True,False
2024,Illinois,IL,State House,76,general,Liz Bishop,Republican,23336.0,49.37,False,False
2024,Illinois,IL,State House,77,general,Norma Hernandez,Democratic,18121.0,58.97,True,True
2024,Illinois,IL,State House,77,general,Anthony Airdo,Republican,12606.0,41.03,False,False
2024,Illinois,IL,State House,78,general,Camille Lilly,Democratic,44015.0,100.0,True,True
2024,Illinois,IL,State House,79,general,Jackie Haas,Republican,25238.0,55.43,True,True
2024,Illinois,IL,State House,79,general,William “Billy” Morgan,Democratic,20291.0,44.57,False,False
2024,Illinois,IL,State House,80,general,Anthony Deluca,Democratic,27366.0,59.16,True,True
2024,Illinois,IL,State House,80,general,Adam M. Beaty,Republican,18892.0,40.84,False,False
2024,Illinois,IL,State House,81,general,Anne Stava-Murray,Democratic,33289.0,56.47,True,True
2024,Illinois,IL,State House,81,general,Aaron Porter,Republican,25661.0,43.53,False,False
2024,Illinois,IL,State House,83,general,Matt Hanson,Democratic,39062.0,100.0,True,True
2024,Illinois,IL,State House,84,general,Stephanie Kifowit,Democratic,34284.0,100.0,True,True
2024,Illinois,IL,State House,85,general,Dagmara Avelar,Democratic,25360.0,58.3,True,True
2024,Illinois,IL,State House,85,general,Chris Metcalfe,Republican,18142.0,41.7,False,False
2024,Illinois,IL,State House,86,general,Lawrence M. Walsh Jr.,Democratic,24228.0,59.95,True,True
2024,Illinois,IL,State House,86,general,Jim Lanham,Republican,16189.0,40.05,False,False
2024,Illinois,IL,State House,87,general,Bill Hauter,Republican,39955.0,76.72,True,True
2024,Illinois,IL,State House,87,general,David Gill,Independent (politician),12126.0,23.28,False,False
2024,Illinois,IL,State House,88,general,Regan Deering,Republican,46760.0,100.0,True,False
2024,Illinois,IL,State House,89,general,Tony McCombie,Republican,48794.0,100.0,True,True
2024,Illinois,IL,State House,90,general,John Cabello,Republican,41383.0,100.0,True,True
2024,Illinois,IL,State House,91,general,Sharon Chung,Democratic,27601.0,53.56,True,True
2024,Illinois,IL,State House,91,general,Desi Anderson,Republican,23929.0,46.44,False,False
2024,Illinois,IL,State House,92,general,Jehan Gordon-Booth,Democratic,31370.0,100.0,True,True
2024,Illinois,IL,State House,93,general,Travis Weaver,Republican,42795.0,100.0,True,True
2024,Illinois,IL,State House,94,general,Norine Hammond,Republican,45854.0,100.0,True,True
2024,Illinois,IL,State House,95,general,Michael Coffey,Republican,34370.0,60.07,True,True
2024,Illinois,IL,State House,95,general,Kristen Chiaro,Democratic,22845.0,39.93,False,False
2024,Illinois,IL,State House,96,general,Sue Scherer,Democratic,22970.0,58.41,True,True
2024,Illinois,IL,State House,96,general,Lisa Smith,Republican,16357.0,41.59,False,False
2024,Illinois,IL,State House,97,general,Harry Benton,Democratic,27540.0,52.21,True,True
2024,Illinois,IL,State House,97,general,Gabby Shanahan,Republican,25205.0,47.79,False,False
2024,Illinois,IL,State House,98,general,Natalie Manley,Democratic,36454.0,100.0,True,True
2024,Illinois,IL,State House,99,general,Kyle A. Moore,Republican,46936.0,100.0,True,False
2024,Illinois,IL,State House,100,general,C. D. Davidsmeyer,Republican,50793.0,100.0,True,True
2024,Illinois,IL,State House,101,general,Chris Miller,Republican,41090.0,100.0,True,True
2024,Illinois,IL,State House,102,general,Adam Niemerg,Republican,47051.0,100.0,True,True
2024,Illinois,IL,State House,103,general,Carol Ammons,Democratic,32738.0,100.0,True,True
2024,Illinois,IL,State House,104,general,Brandun Schweizer,Republican,23546.0,50.29,True,True
2024,Illinois,IL,State House,104,general,Jarrett Clem,Democratic,23277.0,49.71,False,False
2024,Illinois,IL,State House,105,general,Dennis Tipsword,Republican,38132.0,68.97,True,True
2024,Illinois,IL,State House,105,general,Morgan Phillips,Democratic,17158.0,31.03,False,False
2024,Illinois,IL,State House,106,general,Jason Bunting,Republican,45078.0,100.0,True,True
2024,Illinois,IL,State House,107,general,Brad Halbrook,Republican,45819.0,100.0,True,True
2024,Illinois,IL,State House,108,general,Wayne Rosenthal,Republican,48136.0,100.0,True,True
2024,Illinois,IL,State House,109,general,Charles Meier,Republican,51851.0,100.0,True,True
2024,Illinois,IL,State House,110,general,Blaine Wilhour,Republican,43619.0,100.0,True,True
2024,Illinois,IL,State House,111,general,Amy Elik,Republican,29927.0,61.52,True,True
2024,Illinois,IL,State House,111,general,Nick Raftopoulos,Democratic,18716.0,38.48,False,False
2024,Illinois,IL,State House,112,general,Katie Stuart,Democratic,28373.0,54.64,True,True
2024,Illinois,IL,State House,112,general,Jay Keeven,Republican,23555.0,45.36,False,False
2024,Illinois,IL,State House,113,general,Jay Hoffman,Democratic,40037.0,100.0,True,True
2024,Illinois,IL,State House,114,general,Kevin Schmidt,Republican,25057.0,52.24,True,True
2024,Illinois,IL,State House,114,general,LaToya Greenwood,Democratic,22911.0,47.76,False,False
2024,Illinois,IL,State House,115,general,David Friess,Republican,46910.0,100.0,True,True
2024,Illinois,IL,State House,116,general,Dave Severin,Republican,45378.0,100.0,True,True
2024,Illinois,IL,State House,117,general,Patrick Windhorst,Republican,45233.0,100.0,True,True
2024,Illinois,IL,State House,118,general,Paul Jacobs,Republican,36564.0,100.0,True,True
2024,Indiana,IN,State House,1,general,Carolyn Jackson,Democratic,13932.0,100.0,True,True
2024,Indiana,IN,State House,2,general,Earl Harris Jr.,Democratic,14997.0,82.0,True,True
2024,Indiana,IN,State House,2,general,Ben Ruiz,Republican,3290.0,18.0,False,False
2024,Indiana,IN,State House,3,general,Ragen Hatcher,Democratic,14763.0,63.1,True,True
2024,Indiana,IN,State House,3,general,Leslie A Dallner,Republican,8617.0,36.9,False,False
2024,Indiana,IN,State House,4,general,Edmond Soliday,Republican,20111.0,57.6,True,True
2024,Indiana,IN,State House,4,general,Erika Robinson-Watkins,Democratic,14800.0,42.4,False,False
2024,Indiana,IN,State House,5,general,Dale DeVon,Republican,16835.0,54.6,True,True
2024,Indiana,IN,State House,5,general,Heidi Beidinger,Democratic,14013.0,45.4,False,False
2024,Indiana,IN,State House,6,general,Maureen Bauer,Democratic,14861.0,81.0,True,True
2024,Indiana,IN,State House,6,general,Charlie Florance,Libertarian,3483.0,19.0,False,False
2024,Indiana,IN,State House,7,general,Jake Teshka,Republican,20991.0,100.0,True,True
2024,Indiana,IN,State House,8,general,Ryan Dvorak,Democratic,19461.0,100.0,True,True
2024,Indiana,IN,State House,9,general,Patricia Boy,Democratic,15149.0,51.0,True,True
2024,Indiana,IN,State House,9,general,Joel Florek,Republican,14555.0,49.0,False,False
2024,Indiana,IN,State House,10,general,Charles Moseley,Democratic,15405.0,52.1,True,True
2024,Indiana,IN,State House,10,general,Jeff Larson,Republican,14149.0,47.9,False,False
2024,Indiana,IN,State House,11,general,Michael Aylesworth,Republican,27017.0,100.0,True,True
2024,Indiana,IN,State House,12,general,Mike Andrade,Democratic,17940.0,55.0,True,True
2024,Indiana,IN,State House,12,general,Jim Lietz,Republican,14652.0,45.0,False,False
2024,Indiana,IN,State House,13,general,Matt Commons,Republican,23437.0,73.7,True,False
2024,Indiana,IN,State House,13,general,Edward Moyer Jr.,Democratic,8355.0,26.3,False,False
2024,Indiana,IN,State House,14,general,Vernon Smith,Democratic,17570.0,72.1,True,True
2024,Indiana,IN,State House,14,general,Ivan Ursery II,Republican,6786.0,27.9,False,False
2024,Indiana,IN,State House,15,general,Hal Slager,Republican,23536.0,63.3,True,True
2024,Indiana,IN,State House,15,general,Jack Walter,Democratic,13625.0,36.7,False,False
2024,Indiana,IN,State House,16,general,Kendell Culp,Republican,22500.0,76.9,True,True
2024,Indiana,IN,State House,16,general,Dennis Collins,Democratic,6740.0,23.1,False,False
2024,Indiana,IN,State House,17,general,Jack Jordan,Republican,22867.0,100.0,True,True
2024,Indiana,IN,State House,18,general,David Abbott,Republican,24250.0,100.0,True,True
2024,Indiana,IN,State House,19,general,Julie Olthoff,Republican,25348.0,100.0,True,True
2024,Indiana,IN,State House,20,general,Jim Pressel,Republican,22170.0,100.0,True,True
2024,Indiana,IN,State House,21,general,Timothy Wesco,Republican,14904.0,79.1,True,True
2024,Indiana,IN,State House,21,general,Melissa D Kauffmann,Libertarian,3942.0,20.9,False,False
2024,Indiana,IN,State House,22,general,Craig Snow,Republican,21137.0,86.4,True,True
2024,Indiana,IN,State House,22,general,Josh Vergiels,Libertarian,3332.0,13.6,False,False
2024,Indiana,IN,State House,23,general,Ethan Manning,Republican,18330.0,73.9,True,True
2024,Indiana,IN,State House,23,general,Rick Rouser,Democratic,6469.0,26.1,False,False
2024,Indiana,IN,State House,24,general,Hunter Smith,Republican,23364.0,56.2,True,False
2024,Indiana,IN,State House,24,general,Josh Lowry,Democratic,18237.0,43.8,False,False
2024,Indiana,IN,State House,25,general,Becky Cash,Republican,18794.0,50.1,True,True
2024,Indiana,IN,State House,25,general,Tiffany Stoner,Democratic,18730.0,49.9,False,False
2024,Indiana,IN,State House,26,general,Chris Campbell,Democratic,11508.0,64.1,True,True
2024,Indiana,IN,State House,26,general,James Schenke,Republican,6450.0,35.9,False,False
2024,Indiana,IN,State House,27,general,Sheila Klinker,Democratic,13398.0,61.5,True,True
2024,Indiana,IN,State House,27,general,Oscar Alvarez,Republican,8383.0,38.5,False,False
2024,Indiana,IN,State House,28,general,Jeff Thompson,Republican,23989.0,71.8,True,True
2024,Indiana,IN,State House,28,general,Karen Whitney,Democratic,9442.0,28.2,False,False
2024,Indiana,IN,State House,29,general,Alaina Shonkwiler,Republican,22794.0,63.4,True,False
2024,Indiana,IN,State House,29,general,Christopher Hartig,Democratic,13170.0,36.6,False,False
2024,Indiana,IN,State House,30,general,Michael Karickhoff,Republican,19303.0,67.5,True,True
2024,Indiana,IN,State House,30,general,Michael Katcher,Democratic,9309.0,32.5,False,False
2024,Indiana,IN,State House,31,general,Lori Goss-Reaves,Republican,19345.0,100.0,True,True
2024,Indiana,IN,State House,32,general,Victoria Wilburn,Democratic,17994.0,52.1,True,True
2024,Indiana,IN,State House,32,general,Patricia Bratton,Republican,16542.0,47.9,False,False
2024,Indiana,IN,State House,33,general,J.D. Prescott,Republican,21160.0,73.0,True,True
2024,Indiana,IN,State House,33,general,John E. Bartlett,Democratic,7818.0,27.0,False,False
2024,Indiana,IN,State House,34,general,Sue Errington,Democratic,12156.0,55.1,True,True
2024,Indiana,IN,State House,34,general,Susan Dillon,Republican,9910.0,44.9,False,False
2024,Indiana,IN,State House,35,general,Elizabeth Rowray,Republican,22529.0,71.0,True,True
2024,Indiana,IN,State House,35,general,Phil Gift,Democratic,9204.0,29.0,False,False
2024,Indiana,IN,State House,36,general,Kyle Pierce,Republican,15310.0,59.0,True,True
2024,Indiana,IN,State House,36,general,Thonja M Nicholson,Democratic,10623.0,41.0,False,False
2024,Indiana,IN,State House,37,general,Todd Huston,Republican,24212.0,100.0,True,True
2024,Indiana,IN,State House,38,general,Heath VanNatter,Republican,25387.0,75.3,True,True
2024,Indiana,IN,State House,38,general,Carl Seese,Democratic,8339.0,24.7,False,False
2024,Indiana,IN,State House,39,general,Danny Lopez,Republican,21164.0,53.7,True,False
2024,Indiana,IN,State House,39,general,Matt McNally,Democratic,18223.0,46.3,False,False
2024,Indiana,IN,State House,40,general,Greg Steuerwald,Republican,17489.0,58.4,True,True
2024,Indiana,IN,State House,40,general,Robert Pope III,Democratic,12478.0,41.6,False,False
2024,Indiana,IN,State House,41,general,Mark Genda,Republican,20495.0,73.1,True,True
2024,Indiana,IN,State House,41,general,Dan Sikes,Democratic,7542.0,26.9,False,False
2024,Indiana,IN,State House,42,general,Alan Morrison,Republican,24611.0,100.0,True,True
2024,Indiana,IN,State House,43,general,Tonya Pfaff,Democratic,16847.0,100.0,True,True
2024,Indiana,IN,State House,44,general,Beau Baird,Republican,24061.0,100.0,True,True
2024,Indiana,IN,State House,45,general,Bruce Borders,Republican,23309.0,100.0,True,True
2024,Indiana,IN,State House,46,general,Bob Heaton,Republican,20852.0,67.9,True,True
2024,Indiana,IN,State House,46,general,Kurtis Cummings,Democratic,9847.0,32.1,False,False
2024,Indiana,IN,State House,47,general,Robb Greene,Republican,23888.0,74.0,True,True
2024,Indiana,IN,State House,47,general,Michael Potter,Democratic,8402.0,26.0,False,False
2024,Indiana,IN,State House,48,general,Doug Miller,Republican,18878.0,100.0,True,True
2024,Indiana,IN,State House,49,general,Joanna King,Republican,17915.0,100.0,True,True
2024,Indiana,IN,State House,50,general,Lorissa Sweet,Republican,23785.0,76.9,True,True
2024,Indiana,IN,State House,50,general,Joe Swisher,Democratic,7136.0,23.1,False,False
2024,Indiana,IN,State House,51,general,Tony Isa,Republican,16777.0,74.4,True,False
2024,Indiana,IN,State House,51,general,Judy Rowe,Democratic,5764.0,25.6,False,False
2024,Indiana,IN,State House,52,general,Ben Smaltz,Republican,22279.0,76.7,True,True
2024,Indiana,IN,State House,52,general,Walt Sorg,Democratic,6750.0,23.3,False,False
2024,Indiana,IN,State House,53,general,Ethan Lawson,Republican,24454.0,70.4,True,False
2024,Indiana,IN,State House,53,general,Nate Anderson,Democratic,10281.0,29.6,False,False
2024,Indiana,IN,State House,54,general,Cory Criswell,Republican,24738.0,100.0,True,True
2024,Indiana,IN,State House,55,general,Lindsay Patterson,Republican,24820.0,80.5,True,True
2024,Indiana,IN,State House,55,general,Victoria Martz,Democratic,6016.0,19.5,False,False
2024,Indiana,IN,State House,56,general,Brad Barrett,Republican,20218.0,100.0,True,True
2024,Indiana,IN,State House,57,general,Craig Haggard,Republican,22413.0,100.0,True,True
2024,Indiana,IN,State House,58,general,Michelle Davis,Republican,18731.0,67.4,True,True
2024,Indiana,IN,State House,58,general,Sandy James,Democratic,9051.0,32.6,False,False
2024,Indiana,IN,State House,59,general,Ryan Lauer,Republican,17151.0,63.8,True,True
2024,Indiana,IN,State House,59,general,Ross Thomas,Democratic,9711.0,36.2,False,False
2024,Indiana,IN,State House,60,general,Peggy Mayfield,Republican,25764.0,75.7,True,True
2024,Indiana,IN,State House,60,general,Michelle Higgs,Democratic,8274.0,24.3,False,False
2024,Indiana,IN,State House,61,general,Matt Pierce,Democratic,17018.0,100.0,True,True
2024,Indiana,IN,State House,62,general,Dave Hall,Republican,18395.0,51.1,True,True
2024,Indiana,IN,State House,62,general,Thomas Horrocks,Democratic,17586.0,48.9,False,False
2024,Indiana,IN,State House,63,general,Shane Lindauer,Republican,21651.0,76.3,True,True
2024,Indiana,IN,State House,63,general,Teresa Kendall,Democratic,6709.0,23.7,False,False
2024,Indiana,IN,State House,64,general,Matt Hostettler,Republican,26027.0,100.0,True,True
2024,Indiana,IN,State House,65,general,Christopher May,Republican,24786.0,100.0,True,True
2024,Indiana,IN,State House,66,general,Zach Payne,Republican,22507.0,69.4,True,True
2024,Indiana,IN,State House,66,general,Jennifer David,Democratic,9926.0,30.6,False,False
2024,Indiana,IN,State House,67,general,Alex Zimmerman,Republican,25408.0,100.0,True,True
2024,Indiana,IN,State House,68,general,Garrett Bascom,Republican,26983.0,79.5,True,False
2024,Indiana,IN,State House,68,general,Lisa Barker,Democratic,6970.0,20.5,False,False
2024,Indiana,IN,State House,69,general,Jim Lucas,Republican,18438.0,68.7,True,True
2024,Indiana,IN,State House,69,general,Trish Whitcomb,Democratic,8410.0,31.3,False,False
2024,Indiana,IN,State House,70,general,Karen Engleman,Republican,25765.0,73.4,True,True
2024,Indiana,IN,State House,70,general,Sarah Blessing,Democratic,9325.0,26.6,False,False
2024,Indiana,IN,State House,71,general,Wendy Dant Chesser,Democratic,14413.0,49.6,True,False
2024,Indiana,IN,State House,71,general,Scott Hawkins,Republican,13537.0,46.6,False,False
2024,Indiana,IN,State House,71,general,Greg Hertzsch,Libertarian,1123.0,3.9,False,False
2024,Indiana,IN,State House,72,general,Edward Clere,Republican,19507.0,57.3,True,True
2024,Indiana,IN,State House,72,general,Jason Applegate,Democratic,14553.0,42.7,False,False
2024,Indiana,IN,State House,73,general,Jennifer Meltzer,Republican,20900.0,76.9,True,True
2024,Indiana,IN,State House,73,general,Hollie Payton,Democratic,6284.0,23.1,False,False
2024,Indiana,IN,State House,74,general,Stephen Bartels,Republican,21681.0,68.6,True,True
2024,Indiana,IN,State House,74,general,Bob Compton,Democratic,9944.0,31.4,False,False
2024,Indiana,IN,State House,75,general,Cindy Ledbetter,Republican,26617.0,100.0,True,True
2024,Indiana,IN,State House,76,general,Wendy McNamara,Republican,25585.0,100.0,True,True
2024,Indiana,IN,State House,77,general,Alex Burton,Democratic,14395.0,100.0,True,False
2024,Indiana,IN,State House,78,general,Tim O'Brien,Republican,24110.0,100.0,True,True
2024,Indiana,IN,State House,79,general,Matt Lehman,Republican,23426.0,100.0,True,True
2024,Indiana,IN,State House,80,general,Phil GiaQuinta,Democratic,13519.0,100.0,True,True
2024,Indiana,IN,State House,81,general,Martin Carbaugh,Republican,20913.0,64.9,True,True
2024,Indiana,IN,State House,81,general,Abby Norden,Democratic,11332.0,35.1,False,False
2024,Indiana,IN,State House,82,general,Kyle Miller,Democratic,14151.0,100.0,True,True
2024,Indiana,IN,State House,83,general,Christopher Judy,Republican,22111.0,64.0,True,True
2024,Indiana,IN,State House,83,general,Kyle Thele,Democratic,12426.0,36.0,False,False
2024,Indiana,IN,State House,84,general,Bob Morris,Republican,21927.0,100.0,True,True
2024,Indiana,IN,State House,85,general,Dave Heine,Republican,23160.0,74.4,True,True
2024,Indiana,IN,State House,85,general,Phil Goss,Democratic,7970.0,25.6,False,False
2024,Indiana,IN,State House,86,general,Ed DeLaney,Democratic,28998.0,100.0,True,True
2024,Indiana,IN,State House,87,general,Carey Hamilton,Democratic,25517.0,100.0,True,True
2024,Indiana,IN,State House,88,general,Chris Jeter,Republican,23075.0,57.8,True,True
2024,Indiana,IN,State House,88,general,Stephanie Yocum,Democratic,16838.0,42.2,False,False
2024,Indiana,IN,State House,89,general,Mitch Gore,Democratic,12948.0,55.8,True,True
2024,Indiana,IN,State House,89,general,Yvonne Metcalfe,Republican,10240.0,44.2,False,False
2024,Indiana,IN,State House,90,general,Andrew Ireland,Republican,19450.0,63.6,True,False
2024,Indiana,IN,State House,90,general,Dominique Davie,Democratic,11124.0,36.4,False,False
2024,Indiana,IN,State House,91,general,Robert Behning,Republican,13723.0,60.1,True,True
2024,Indiana,IN,State House,91,general,Andrew Locke,Democratic,9101.0,39.9,False,False
2024,Indiana,IN,State House,92,general,Renee Pack,Democratic,13173.0,59.0,True,True
2024,Indiana,IN,State House,92,general,John Couch,Republican,9144.0,41.0,False,False
2024,Indiana,IN,State House,93,general,Julie McGuire,Republican,13562.0,62.2,True,True
2024,Indiana,IN,State House,93,general,Ryan Hughey,Democratic,8258.0,37.8,False,False
2024,Indiana,IN,State House,94,general,Cherrish Pryor,Democratic,18772.0,100.0,True,True
2024,Indiana,IN,State House,95,general,John Bartlett,Democratic,17901.0,100.0,True,True
2024,Indiana,IN,State House,96,general,Greg Porter,Democratic,25952.0,100.0,True,True
2024,Indiana,IN,State House,97,general,Justin Moed,Democratic,8831.0,58.2,True,True
2024,Indiana,IN,State House,97,general,Stephen Whitmer,Republican,5907.0,38.9,False,False
2024,Indiana,IN,State House,97,general,Mark Renholzberger,Libertarian,429.0,2.8,False,False
2024,Indiana,IN,State House,98,general,Robin Shackleford,Democratic,14781.0,89.1,True,True
2024,Indiana,IN,State House,98,general,Elizabeth Glass,Libertarian,1817.0,10.9,False,False
2024,Indiana,IN,State House,99,general,Vanessa Summers,Democratic,13661.0,81.3,True,True
2024,Indiana,IN,State House,99,general,Felipe Rios,Republican,3151.0,18.7,False,False
2024,Indiana,IN,State House,100,general,Blake Johnson,Democratic,16667.0,71.7,True,True
2024,Indiana,IN,State House,100,general,Joseph Bortka,Republican,6585.0,28.3,False,False
2024,Iowa,IA,State House,1,general,J. D. Scholten,Democratic,4615.0,53.4,True,True
2024,Iowa,IA,State House,1,general,Josh Steinhoff,Republican,4017.0,46.47,False,False
2024,Iowa,IA,State House,2,general,Robert Henderson,Republican,7130.0,60.62,True,True
2024,Iowa,IA,State House,2,general,Jessica Lopez-Walker,Democratic,4613.0,39.22,False,False
2024,Iowa,IA,State House,3,general,Thomas Jeneary,Republican,12012.0,78.65,True,True
2024,Iowa,IA,State House,3,general,Emma Bouza,Democratic,3236.0,21.19,False,False
2024,Iowa,IA,State House,4,general,Skyler Wheeler,Republican,14292.0,98.13,True,True
2024,Iowa,IA,State House,5,general,Zach Dieken,Republican,11146.0,77.85,True,True
2024,Iowa,IA,State House,5,general,Michael Schnoes,Independent (politician),3136.0,21.9,False,False
2024,Iowa,IA,State House,6,general,Megan Jones,Republican,10020.0,97.72,True,True
2024,Iowa,IA,State House,7,general,Mike Sexton,Republican,12743.0,83.43,True,True
2024,Iowa,IA,State House,7,general,Martin Podraza,Independent (politician),2465.0,16.14,False,False
2024,Iowa,IA,State House,8,general,Ann Meyer,Republican,10459.0,97.47,True,True
2024,Iowa,IA,State House,9,general,Henry Stone,Republican,11744.0,73.24,True,True
2024,Iowa,IA,State House,9,general,Christian He-Man Schlaerth,Democratic,4270.0,26.63,False,False
2024,Iowa,IA,State House,10,general,John Wills,Republican,15293.0,98.39,True,True
2024,Iowa,IA,State House,11,general,Craig Williams,Republican,11381.0,72.38,True,False
2024,Iowa,IA,State House,11,general,Jeff Rich,Democratic,4329.0,27.53,False,False
2024,Iowa,IA,State House,12,general,Steven Holt,Republican,10269.0,73.72,True,True
2024,Iowa,IA,State House,12,general,Dustin Durbin,Democratic,3643.0,26.15,False,False
2024,Iowa,IA,State House,13,general,Travis Sitzmann,Republican,12462.0,73.07,True,False
2024,Iowa,IA,State House,13,general,Rosanne Plante,Democratic,3192.0,18.72,False,False
2024,Iowa,IA,State House,13,general,Parker Hansen,Independent (politician),1370.0,8.03,False,False
2024,Iowa,IA,State House,14,general,Jacob Bossman,Republican,11116.0,97.5,True,True
2024,Iowa,IA,State House,15,general,Matt Windschitl,Republican,12795.0,69.23,True,True
2024,Iowa,IA,State House,15,general,Benjamin Schauer,Democratic,5655.0,30.6,False,False
2024,Iowa,IA,State House,16,general,David Sieck,Republican,12876.0,74.98,True,True
2024,Iowa,IA,State House,16,general,Candella Foley-Finchem,Democratic,4265.0,24.84,False,False
2024,Iowa,IA,State House,17,general,Devon Wood,Republican,12638.0,98.37,True,True
2024,Iowa,IA,State House,18,general,Thomas Moore,Republican,11165.0,73.7,True,True
2024,Iowa,IA,State House,18,general,Tripp Narup,Democratic,3938.0,26.0,False,False
2024,Iowa,IA,State House,19,general,Brent Siegrist,Republican,7751.0,58.52,True,True
2024,Iowa,IA,State House,19,general,Roger Petersen,Democratic,5469.0,41.29,False,False
2024,Iowa,IA,State House,20,general,Josh Turek,Democratic,5881.0,52.47,True,True
2024,Iowa,IA,State House,20,general,James Wassell,Republican,5320.0,47.47,False,False
2024,Iowa,IA,State House,21,general,Brooke Boden,Republican,10184.0,58.62,True,True
2024,Iowa,IA,State House,21,general,Spencer A Waugh,Democratic,7166.0,41.25,False,False
2024,Iowa,IA,State House,22,general,Samantha Fett,Republican,11861.0,59.23,True,False
2024,Iowa,IA,State House,22,general,Rory D. Taylor,Democratic,8134.0,40.62,False,False
2024,Iowa,IA,State House,23,general,Ray Sorensen,Republican,12837.0,72.07,True,True
2024,Iowa,IA,State House,23,general,Karen Varley,Democratic,4939.0,27.73,False,False
2024,Iowa,IA,State House,24,general,Sam Wengryn,Republican,9901.0,66.86,True,False
2024,Iowa,IA,State House,24,general,Sonya Hicks,Democratic,4873.0,32.91,False,False
2024,Iowa,IA,State House,25,general,Hans Wilz,Republican,7972.0,64.79,True,True
2024,Iowa,IA,State House,25,general,Brenda Curran,Democratic,4321.0,35.12,False,False
2024,Iowa,IA,State House,26,general,Austin Harris,Republican,10843.0,71.49,True,True
2024,Iowa,IA,State House,26,general,Darcie Whitlow,Democratic,3658.0,24.12,False,False
2024,Iowa,IA,State House,26,general,Donald Gier,Libertarian,634.0,4.18,False,False
2024,Iowa,IA,State House,27,general,Kenan Judge,Democratic,11886.0,55.72,True,True
2024,Iowa,IA,State House,27,general,Oliver Bardwell,Republican,9429.0,44.2,False,False
2024,Iowa,IA,State House,28,general,David Young,Republican,10381.0,53.23,True,True
2024,Iowa,IA,State House,28,general,Laura Snider,Democratic,9095.0,46.63,False,False
2024,Iowa,IA,State House,29,general,Brian Meyer,Democratic,7948.0,95.72,True,True
2024,Iowa,IA,State House,30,general,Megan Srinivas,Democratic,7515.0,62.39,True,True
2024,Iowa,IA,State House,30,general,Jerry Cheevers,Republican,4477.0,37.17,False,False
2024,Iowa,IA,State House,31,general,Mary Madison,Democratic,12465.0,96.05,True,True
2024,Iowa,IA,State House,32,general,Jennifer Konfrst,Democratic,11837.0,95.95,True,True
2024,Iowa,IA,State House,33,general,Ruth Ann Gaines,Democratic,7058.0,75.13,True,True
2024,Iowa,IA,State House,33,general,Toya S. Johnson,Libertarian,2181.0,23.21,False,False
2024,Iowa,IA,State House,34,general,Rob Johnson,Democratic,7783.0,76.45,True,False
2024,Iowa,IA,State House,34,general,Danielle Duggan,Republican,2345.0,23.04,False,False
2024,Iowa,IA,State House,35,general,Sean Bagniewski,Democratic,10574.0,66.4,True,True
2024,Iowa,IA,State House,35,general,Angela Kay Schreader,Republican,4503.0,28.28,False,False
2024,Iowa,IA,State House,35,general,David G. Green,Libertarian,802.0,5.04,False,False
2024,Iowa,IA,State House,36,general,Austin Baeth,Democratic,13031.0,97.64,True,True
2024,Iowa,IA,State House,37,general,Barb McCulla,Republican,14955.0,98.3,True,True
2024,Iowa,IA,State House,38,general,Jon Dunwell,Republican,9035.0,55.75,True,True
2024,Iowa,IA,State House,38,general,Brad Magg,Democratic,7164.0,44.2,False,False
2024,Iowa,IA,State House,39,general,Rick Olson,Democratic,7511.0,54.57,True,True
2024,Iowa,IA,State House,39,general,Troy Clark,Republican,6217.0,45.17,False,False
2024,Iowa,IA,State House,40,general,Bill Gustoff,Republican,8720.0,50.86,True,True
2024,Iowa,IA,State House,40,general,Heather Sievers,Democratic,8402.0,49.0,False,False
2024,Iowa,IA,State House,41,general,Ryan Weldon,Republican,10707.0,50.25,True,False
2024,Iowa,IA,State House,41,general,Molly Buck,Democratic,10569.0,49.6,False,True
2024,Iowa,IA,State House,42,general,Heather Matson,Democratic,9108.0,50.34,True,True
2024,Iowa,IA,State House,42,general,Heather Stephenson,Republican,8959.0,49.51,False,False
2024,Iowa,IA,State House,43,general,Eddie Andrews,Republican,9598.0,50.89,True,True
2024,Iowa,IA,State House,43,general,Tiara Mays-Sims,Democratic,8959.0,47.5,False,False
2024,Iowa,IA,State House,43,general,Brett Harvey Nelson,Independent (politician),280.0,1.48,False,False
2024,Iowa,IA,State House,44,general,Larry McBurney,Democratic,9769.0,64.25,True,False
2024,Iowa,IA,State House,44,general,Jake Heard,Libertarian,5313.0,34.94,False,False
2024,Iowa,IA,State House,45,general,Brian Lohse,Republican,12827.0,64.57,True,True
2024,Iowa,IA,State House,45,general,Anthony William Thompson,Democratic,6998.0,35.23,False,False
2024,Iowa,IA,State House,46,general,Dan Gehlbach,Republican,10868.0,55.11,True,True
2024,Iowa,IA,State House,46,general,Lynne Campbell,Democratic,8834.0,44.79,False,False
2024,Iowa,IA,State House,47,general,Carter Nordman,Republican,9956.0,64.02,True,True
2024,Iowa,IA,State House,47,general,Joe Shelly,Democratic,5570.0,35.82,False,False
2024,Iowa,IA,State House,48,general,Chad Behn,Republican,10654.0,60.18,True,False
2024,Iowa,IA,State House,48,general,Penny Vossler,Democratic,7022.0,39.66,False,False
2024,Iowa,IA,State House,49,general,Beth Wessel-Kroeschell,Democratic,7500.0,73.31,True,True
2024,Iowa,IA,State House,49,general,Eric Cooper,Libertarian,2639.0,25.79,False,False
2024,Iowa,IA,State House,50,general,Ross Wilburn,Democratic,11802.0,97.02,True,True
2024,Iowa,IA,State House,51,general,Brett Barker,Republican,11275.0,62.55,True,False
2024,Iowa,IA,State House,51,general,Ryan Condon,Democratic,6719.0,37.28,False,False
2024,Iowa,IA,State House,52,general,David Blom,Republican,6437.0,52.27,True,False
2024,Iowa,IA,State House,52,general,Sue Cahill,Democratic,5869.0,47.65,False,True
2024,Iowa,IA,State House,53,general,Dean Fisher,Republican,8889.0,56.77,True,True
2024,Iowa,IA,State House,53,general,Tommy Hexter,Democratic,6745.0,43.08,False,False
2024,Iowa,IA,State House,54,general,Joshua Meggers,Republican,13435.0,98.45,True,True
2024,Iowa,IA,State House,55,general,Shannon Latham,Republican,13003.0,98.28,True,True
2024,Iowa,IA,State House,56,general,Mark Thompson,Republican,11167.0,74.12,True,True
2024,Iowa,IA,State House,56,general,Kyle Kruse,Democratic,3876.0,25.73,False,False
2024,Iowa,IA,State House,57,general,Pat Grassley,Republican,10869.0,60.16,True,True
2024,Iowa,IA,State House,57,general,Shawn Ellerbroek,Democratic,7180.0,39.74,False,False
2024,Iowa,IA,State House,58,general,Charley Thomson,Republican,10060.0,63.42,True,True
2024,Iowa,IA,State House,58,general,Gail Allison,Democratic,5782.0,36.45,False,False
2024,Iowa,IA,State House,59,general,Christian Hermanson,Republican,8069.0,51.13,True,False
2024,Iowa,IA,State House,59,general,Jeremy True,Democratic,7698.0,48.78,False,False
2024,Iowa,IA,State House,60,general,Jane Bloomingdale,Republican,14459.0,98.37,True,True
2024,Iowa,IA,State House,61,general,Timi Brown-Powers,Democratic,9230.0,97.72,True,True
2024,Iowa,IA,State House,62,general,Jerome Amos,Democratic,7135.0,75.3,True,True
2024,Iowa,IA,State House,62,general,Ervin Sabic,Libertarian,2273.0,23.99,False,False
2024,Iowa,IA,State House,63,general,Michael Bergan,Republican,13566.0,91.43,True,True
2024,Iowa,IA,State House,64,general,Jason Gearhart,Republican,10824.0,67.72,True,False
2024,Iowa,IA,State House,64,general,Ian Zahren,Independent (politician),5114.0,32.0,False,False
2024,Iowa,IA,State House,65,general,Shannon Lundgren,Republican,11934.0,64.24,True,True
2024,Iowa,IA,State House,65,general,Carolyn Wiezorek,Democratic,6623.0,35.65,False,False
2024,Iowa,IA,State House,66,general,Steve Bradley,Republican,9541.0,55.39,True,True
2024,Iowa,IA,State House,66,general,Andy McKean,Democratic,7670.0,44.53,False,False
2024,Iowa,IA,State House,67,general,Craig Johnson,Republican,14178.0,98.17,True,True
2024,Iowa,IA,State House,68,general,Chad Ingels,Republican,10355.0,67.21,True,True
2024,Iowa,IA,State House,68,general,Tim O’Brien,Democratic,5037.0,32.7,False,False
2024,Iowa,IA,State House,69,general,Tom Determann,Republican,8568.0,57.0,True,True
2024,Iowa,IA,State House,69,general,Randy Meier,Democratic,6454.0,42.94,False,False
2024,Iowa,IA,State House,70,general,Norlin Mommsen,Republican,10661.0,61.3,True,True
2024,Iowa,IA,State House,70,general,Kay Pence,Democratic,6708.0,38.57,False,False
2024,Iowa,IA,State House,71,general,Lindsay James,Democratic,7971.0,56.09,True,True
2024,Iowa,IA,State House,71,general,James W. McClain,Republican,6220.0,43.77,False,False
2024,Iowa,IA,State House,72,general,Jennifer Smith,Republican,8575.0,53.21,True,False
2024,Iowa,IA,State House,72,general,Charles Isenhart,Democratic,7513.0,46.62,False,True
2024,Iowa,IA,State House,73,general,Elizabeth Wilson,Democratic,12213.0,95.51,True,True
2024,Iowa,IA,State House,74,general,Eric Gjerde,Democratic,11368.0,96.38,True,True
2024,Iowa,IA,State House,75,general,Bob Kressig,Democratic,11529.0,97.7,True,True
2024,Iowa,IA,State House,76,general,Derek Wulf,Republican,10347.0,60.41,True,True
2024,Iowa,IA,State House,76,general,Jarred Johnston,Democratic,6762.0,39.48,False,False
2024,Iowa,IA,State House,77,general,Jeff Cooling,Democratic,9523.0,96.65,True,True
2024,Iowa,IA,State House,78,general,Sami Scheetz,Democratic,10803.0,96.73,True,True
2024,Iowa,IA,State House,79,general,Tracy Ehlert,Democratic,9222.0,60.72,True,True
2024,Iowa,IA,State House,79,general,Barclay Woerner,Republican,5947.0,39.16,False,False
2024,Iowa,IA,State House,80,general,Aime Wichtendahl,Democratic,9070.0,52.34,True,False
2024,Iowa,IA,State House,80,general,John Thompson,Republican,8242.0,47.56,False,False
2024,Iowa,IA,State House,81,general,Daniel Gosa,Democratic,9806.0,94.45,True,False
2024,Iowa,IA,State House,82,general,Bobby Kaufmann,Republican,10312.0,60.53,True,True
2024,Iowa,IA,State House,82,general,Phil Wiese,Democratic,6716.0,39.42,False,False
2024,Iowa,IA,State House,83,general,Cindy Golding,Republican,11321.0,58.71,True,True
2024,Iowa,IA,State House,83,general,Kent McNally,Democratic,7947.0,41.21,False,False
2024,Iowa,IA,State House,84,general,Thomas Gerhold,Republican,11672.0,72.85,True,True
2024,Iowa,IA,State House,84,general,Ashley Meredith,Libertarian,4250.0,26.53,False,False
2024,Iowa,IA,State House,85,general,Amy Nielsen,Democratic,13794.0,97.69,True,True
2024,Iowa,IA,State House,86,general,David Jacoby,Democratic,12544.0,76.01,True,True
2024,Iowa,IA,State House,86,general,Stephen Knoner,Republican,3934.0,23.84,False,False
2024,Iowa,IA,State House,87,general,Jeff Shipley,Republican,8221.0,57.54,True,True
2024,Iowa,IA,State House,87,general,Thomas O’Donnell,Democratic,5655.0,39.58,False,False
2024,Iowa,IA,State House,87,general,Curtis Oliver,Independent (politician),386.0,2.7,False,False
2024,Iowa,IA,State House,88,general,Helena Hayes,Republican,12191.0,97.72,True,True
2024,Iowa,IA,State House,89,general,Elinor Levin,Democratic,11945.0,98.72,True,True
2024,Iowa,IA,State House,90,general,Adam Zabner,Democratic,14477.0,98.51,True,True
2024,Iowa,IA,State House,91,general,Judd Lawler,Republican,10646.0,54.81,True,False
2024,Iowa,IA,State House,91,general,Jay Gorsh,Democratic,8762.0,45.11,False,False
2024,Iowa,IA,State House,92,general,Heather Hora,Republican,9390.0,60.62,True,True
2024,Iowa,IA,State House,92,general,Anna Banowsky,Democratic,6073.0,39.21,False,False
2024,Iowa,IA,State House,93,general,Gary Mohr,Republican,11630.0,60.15,True,True
2024,Iowa,IA,State House,93,general,Mindy Smith-Pace,Democratic,7681.0,39.73,False,False
2024,Iowa,IA,State House,94,general,Mike Vondran,Republican,10151.0,57.54,True,True
2024,Iowa,IA,State House,94,general,Tracy J. Jones,Democratic,7465.0,42.31,False,False
2024,Iowa,IA,State House,95,general,Taylor Collins,Republican,11284.0,71.23,True,True
2024,Iowa,IA,State House,95,general,Jeff Poulter,Democratic,4523.0,28.55,False,False
2024,Iowa,IA,State House,96,general,Mark Cisneros,Republican,8071.0,58.75,True,True
2024,Iowa,IA,State House,96,general,Mandy Moody,Democratic,5649.0,41.12,False,False
2024,Iowa,IA,State House,97,general,Ken Croken,Democratic,7753.0,58.74,True,True
2024,Iowa,IA,State House,97,general,Josue Rodriguez,Republican,5429.0,41.13,False,False
2024,Iowa,IA,State House,98,general,Monica Kurth,Democratic,6585.0,50.06,True,True
2024,Iowa,IA,State House,98,general,Nathan Ramker,Republican,6540.0,49.72,False,False
2024,Iowa,IA,State House,99,general,Matthew Rinker,Republican,7755.0,55.57,True,True
2024,Iowa,IA,State House,99,general,Jim Beres,Democratic,6162.0,44.16,False,False
2024,Iowa,IA,State House,100,general,Martin Graber,Republican,9466.0,67.61,True,True
2024,Iowa,IA,State House,100,general,Nicolas Atwood,Independent (politician),4489.0,32.06,False,False
2024,Kansas,KS,State House,1,general,Dale Helwig,Republican,7805.0,74.68,True,False
2024,Kansas,KS,State House,1,general,Janie G. Jarrett,Democratic,2646.0,25.32,False,False
2024,Kansas,KS,State House,2,general,Ken Collins,Republican,7547.0,69.23,True,True
2024,Kansas,KS,State House,2,general,Melesia Rhodes,Democratic,3355.0,30.77,False,False
2024,Kansas,KS,State House,3,general,Chuck Smith,Republican,5261.0,60.18,True,True
2024,Kansas,KS,State House,3,general,Jordan Metcalf,Democratic,3481.0,39.82,False,False
2024,Kansas,KS,State House,4,general,Rick James,Republican,9500.0,100.0,True,False
2024,Kansas,KS,State House,5,general,Carrie Barth,Republican,8464.0,68.34,True,True
2024,Kansas,KS,State House,5,general,Henry Johns,Democratic,3921.0,31.66,False,False
2024,Kansas,KS,State House,6,general,Elena Super,Democratic,3600.0,29.26,True,False
2024,Kansas,KS,State House,7,general,Dan Goddard,Republican,6595.0,73.51,True,True
2024,Kansas,KS,State House,7,general,Vicki N. Pribble,Democratic,2377.0,26.49,False,False
2024,Kansas,KS,State House,8,general,Chris Croft,Republican,7287.0,55.26,True,True
2024,Kansas,KS,State House,8,general,Pam Shernuk,Democratic,5899.0,44.74,False,False
2024,Kansas,KS,State House,9,general,Fred Gardner,Republican,9944.0,100.0,True,True
2024,Kansas,KS,State House,10,general,Suzanne Wikle,Democratic,7864.0,100.0,True,False
2024,Kansas,KS,State House,11,general,Ron Bryce,Republican,7653.0,100.0,True,True
2024,Kansas,KS,State House,12,general,Doug Blex,Republican,10133.0,100.0,True,True
2024,Kansas,KS,State House,13,general,Duane Droge,Republican,8065.0,80.26,True,True
2024,Kansas,KS,State House,13,general,Edgar D. Chrisman,Democratic,1984.0,19.74,False,False
2024,Kansas,KS,State House,14,general,Charlotte Esau,Republican,7589.0,51.37,True,False
2024,Kansas,KS,State House,14,general,Dennis Miller,Democratic,7185.0,48.63,False,True
2024,Kansas,KS,State House,15,general,Lauren N. Bohi,Republican,3935.0,50.68,True,False
2024,Kansas,KS,State House,15,general,Allison Hougland,Democratic,3829.0,49.32,False,True
2024,Kansas,KS,State House,16,general,Linda Featherston,Democratic,8742.0,100.0,True,True
2024,Kansas,KS,State House,17,general,Jo Ella Hoye,Democratic,8150.0,66.68,True,True
2024,Kansas,KS,State House,17,general,Michael Kerner,Libertarian,4073.0,33.32,False,False
2024,Kansas,KS,State House,18,general,Cindy Neighbor,Democratic,7049.0,55.96,True,True
2024,Kansas,KS,State House,18,general,Robert Whitman,Republican,4988.0,39.6,False,False
2024,Kansas,KS,State House,18,general,Steven A. Hohe,Libertarian,560.0,4.45,False,False
2024,Kansas,KS,State House,19,general,Stephanie Clayton,Democratic,9682.0,62.44,True,True
2024,Kansas,KS,State House,19,general,Mark Hermes,Republican,5823.0,37.56,False,False
2024,Kansas,KS,State House,20,general,Mari-Lynn Poskin,Democratic,8826.0,57.58,True,True
2024,Kansas,KS,State House,20,general,Jerry Charlton,Republican,6501.0,42.42,False,False
2024,Kansas,KS,State House,21,general,Jerry Stogsdill,Democratic,10708.0,100.0,True,True
2024,Kansas,KS,State House,22,general,Lindsay Vaughn,Democratic,8149.0,100.0,True,True
2024,Kansas,KS,State House,23,general,Susan Ruiz,Democratic,7536.0,100.0,True,True
2024,Kansas,KS,State House,24,general,Jarrod Ousley,Democratic,7121.0,64.82,True,True
2024,Kansas,KS,State House,24,general,Dale L. Redick,Republican,3865.0,35.18,False,False
2024,Kansas,KS,State House,25,general,Rui Xu,Democratic,9719.0,64.46,True,True
2024,Kansas,KS,State House,25,general,Greg J. Schoofs,Republican,5358.0,35.54,False,False
2024,Kansas,KS,State House,26,general,Chip VanHouden,Republican,10502.0,100.0,True,False
2024,Kansas,KS,State House,27,general,Sean Tarwater,Republican,9049.0,58.93,True,True
2024,Kansas,KS,State House,27,general,David Benson,Democratic,6307.0,41.07,False,False
2024,Kansas,KS,State House,28,general,Carl Turner,Republican,6604.0,50.59,True,True
2024,Kansas,KS,State House,28,general,Ace Allen,Democratic,6449.0,49.41,False,False
2024,Kansas,KS,State House,29,general,Heather Meyer,Democratic,8708.0,100.0,True,True
2024,Kansas,KS,State House,30,general,Laura Williams,Republican,6149.0,52.6,True,False
2024,Kansas,KS,State House,30,general,Betsey Lasister,Democratic,5542.0,47.4,False,False
2024,Kansas,KS,State House,31,general,Louis Ruiz,Democratic,4405.0,70.28,True,True
2024,Kansas,KS,State House,31,general,Dennis Grindel,Republican,1863.0,29.72,False,False
2024,Kansas,KS,State House,32,general,Pam Curtis,Democratic,2636.0,74.15,True,True
2024,Kansas,KS,State House,32,general,Joe Quinn,Republican,919.0,25.85,False,False
2024,Kansas,KS,State House,33,general,Mike Thompson,Republican,5244.0,56.67,True,True
2024,Kansas,KS,State House,33,general,Eli Woody,Democratic,4009.0,43.33,False,False
2024,Kansas,KS,State House,34,general,Valdenia Winn,Democratic,3894.0,100.0,True,True
2024,Kansas,KS,State House,35,general,Wanda Brownlee Paige,Democratic,4837.0,100.0,True,True
2024,Kansas,KS,State House,36,general,Lynn Melton,Democratic,6629.0,60.95,True,True
2024,Kansas,KS,State House,36,general,Mark Gilstrap,Republican,4247.0,39.05,False,False
2024,Kansas,KS,State House,37,general,Melissa Oropeza,Democratic,4336.0,62.82,True,True
2024,Kansas,KS,State House,37,general,Kevan Myers,Republican,2566.0,37.18,False,False
2024,Kansas,KS,State House,38,general,Timothy H. Johnson,Republican,8965.0,66.42,True,True
2024,Kansas,KS,State House,38,general,Richard Paz,Democratic,4533.0,33.58,False,False
2024,Kansas,KS,State House,39,general,Angela Stiens,Republican,6837.0,51.58,True,False
2024,Kansas,KS,State House,39,general,Vanessa Vaughn West,Democratic,6418.0,48.42,False,False
2024,Kansas,KS,State House,40,general,David Buehler,Republican,7678.0,100.0,True,True
2024,Kansas,KS,State House,41,general,Pat Proctor,Republican,3338.0,52.55,True,True
2024,Kansas,KS,State House,41,general,Aimee M. Bateman,Democratic,3014.0,47.45,False,False
2024,Kansas,KS,State House,42,general,Lance Neelly,Republican,7866.0,66.4,True,True
2024,Kansas,KS,State House,42,general,Eddy Martinez,Democratic,3980.0,33.6,False,False
2024,Kansas,KS,State House,43,general,Bill Sutton,Republican,8166.0,100.0,True,True
2024,Kansas,KS,State House,44,general,Barbara Ballard,Democratic,10466.0,100.0,True,True
2024,Kansas,KS,State House,45,general,Mike Amyx,Democratic,11195.0,100.0,True,True
2024,Kansas,KS,State House,46,general,Brooklynne Mosley,Democratic,6651.0,100.0,True,False
2024,Kansas,KS,State House,47,general,Ronald Ellis,Republican,8298.0,66.14,True,True
2024,Kansas,KS,State House,47,general,Mary T. Williams,Democratic,4248.0,33.86,False,False
2024,Kansas,KS,State House,48,general,Dan Osman,Democratic,6632.0,52.88,True,True
2024,Kansas,KS,State House,48,general,Randy Ross,Republican,5909.0,47.12,False,False
2024,Kansas,KS,State House,49,general,Nikki McDonald,Democratic,6305.0,50.59,True,True
2024,Kansas,KS,State House,49,general,Kurtis Ruf,Republican,6157.0,49.41,False,False
2024,Kansas,KS,State House,50,general,Kyle McNorton,Republican,8663.0,66.34,True,True
2024,Kansas,KS,State House,50,general,Jessica Porter,Democratic,4396.0,33.66,False,False
2024,Kansas,KS,State House,51,general,Megan D. Steele,Republican,8090.0,68.78,True,False
2024,Kansas,KS,State House,51,general,Linda Morse,Democratic,3672.0,31.22,False,False
2024,Kansas,KS,State House,52,general,Jesse Borjon,Republican,7646.0,55.64,True,True
2024,Kansas,KS,State House,52,general,Jacquie Whitney Lightcap,Democratic,6097.0,44.36,False,False
2024,Kansas,KS,State House,53,general,Kirk Haskins,Democratic,5556.0,51.1,True,True
2024,Kansas,KS,State House,53,general,Jeff Coen,Republican,4742.0,43.61,False,False
2024,Kansas,KS,State House,53,general,Aric Hermann,Libertarian,575.0,5.29,False,False
2024,Kansas,KS,State House,54,general,Ken Corbet,Republican,8028.0,67.73,True,True
2024,Kansas,KS,State House,54,general,Jade Pearson Ramsdell,Democratic,3825.0,32.27,False,False
2024,Kansas,KS,State House,55,general,Michael Barron,Republican,3292.0,36.77,True,False
2024,Kansas,KS,State House,56,general,Virgil Weigel,Democratic,5925.0,54.64,True,True
2024,Kansas,KS,State House,56,general,Pennie Boyer-Kloos,Republican,4918.0,45.36,False,False
2024,Kansas,KS,State House,57,general,John Alcala,Democratic,4140.0,58.96,True,True
2024,Kansas,KS,State House,57,general,Donna J. McGinty,Republican,2882.0,41.04,False,False
2024,Kansas,KS,State House,58,general,Alexis Simmons,Democratic,4759.0,63.54,True,False
2024,Kansas,KS,State House,58,general,Michael Mathewson,Republican,2731.0,36.46,False,False
2024,Kansas,KS,State House,59,general,Rebecca Schmoe,Republican,7895.0,72.27,True,True
2024,Kansas,KS,State House,59,general,Michael Lewis,Democratic,3030.0,27.73,False,False
2024,Kansas,KS,State House,60,general,Mark Schreiber,Republican,4948.0,58.02,True,True
2024,Kansas,KS,State House,60,general,Mic McGuire,Democratic,3580.0,41.98,False,False
2024,Kansas,KS,State House,61,general,Francis Awerkamp,Republican,6678.0,64.97,True,True
2024,Kansas,KS,State House,61,general,Robert Thomas,Libertarian,3600.0,35.03,False,False
2024,Kansas,KS,State House,62,general,Sean M. Willcott,Republican,9874.0,100.0,True,False
2024,Kansas,KS,State House,63,general,Allen B. Reavis,Republican,8881.0,100.0,True,False
2024,Kansas,KS,State House,64,general,Lewis Bloom,Republican,8214.0,100.0,True,True
2024,Kansas,KS,State House,65,general,Shawn Chauncey,Republican,3519.0,57.02,True,False
2024,Kansas,KS,State House,65,general,Lorraine M. Ceniceros,Democratic,2653.0,42.98,False,False
2024,Kansas,KS,State House,66,general,Sydney Carlin,Democratic,4546.0,100.0,True,True
2024,Kansas,KS,State House,67,general,Angelina Roeser,Republican,5704.0,52.43,True,False
2024,Kansas,KS,State House,67,general,Kim Zito,Democratic,5175.0,47.57,False,False
2024,Kansas,KS,State House,68,general,Nathan Butler,Republican,4417.0,68.94,True,True
2024,Kansas,KS,State House,68,general,Michael Seymour II,Democratic,1990.0,31.06,False,False
2024,Kansas,KS,State House,69,general,Clarke Sanders,Republican,5590.0,58.21,True,True
2024,Kansas,KS,State House,69,general,Lori Blake,Democratic,4013.0,41.79,False,False
2024,Kansas,KS,State House,70,general,Scott Hill,Republican,9874.0,100.0,True,True
2024,Kansas,KS,State House,71,general,Steven Howe,Republican,9223.0,100.0,True,True
2024,Kansas,KS,State House,72,general,Avery Anderson,Republican,6788.0,65.14,True,True
2024,Kansas,KS,State House,72,general,Heidi Hoskinson,Democratic,3633.0,34.86,False,False
2024,Kansas,KS,State House,73,general,Rick Wilborn,Republican,8973.0,100.0,True,False
2024,Kansas,KS,State House,74,general,Mike King,Republican,7794.0,70.66,True,False
2024,Kansas,KS,State House,74,general,Jenna Ratzlaff,Democratic,3236.0,29.34,False,False
2024,Kansas,KS,State House,75,general,Will Carpenter,Republican,8995.0,100.0,True,True
2024,Kansas,KS,State House,76,general,Brad Barrett,Republican,10083.0,100.0,True,False
2024,Kansas,KS,State House,77,general,Kristey Williams,Republican,9340.0,100.0,True,True
2024,Kansas,KS,State House,78,general,Robyn Essex,Republican,6880.0,54.4,True,True
2024,Kansas,KS,State House,78,general,Daniel Goodman,Democratic,5767.0,45.6,False,False
2024,Kansas,KS,State House,79,general,Webster Roth,Republican,7491.0,72.75,True,True
2024,Kansas,KS,State House,79,general,Siobhan McIntyre,Democratic,2806.0,27.25,False,False
2024,Kansas,KS,State House,80,general,Bill Rhiley,Republican,7369.0,100.0,True,True
2024,Kansas,KS,State House,81,general,Blake Carpenter,Republican,5896.0,100.0,True,True
2024,Kansas,KS,State House,82,general,Leah Howell,Republican,7464.0,67.3,True,True
2024,Kansas,KS,State House,82,general,Kyle Beauchamp,Democratic,3626.0,32.7,False,False
2024,Kansas,KS,State House,83,general,Henry Helgerson,Democratic,4037.0,58.02,True,True
2024,Kansas,KS,State House,83,general,Erik Seligman,Republican,2921.0,41.98,False,False
2024,Kansas,KS,State House,84,general,Ford Carr,Democratic,5195.0,100.0,True,True
2024,Kansas,KS,State House,85,general,Patrick Penn,Republican,6870.0,57.85,True,True
2024,Kansas,KS,State House,85,general,Aonya Kendrick Barnett,Democratic,5005.0,42.15,False,False
2024,Kansas,KS,State House,86,general,Silas Miller,Democratic,4098.0,100.0,True,True
2024,Kansas,KS,State House,87,general,Susan Estes,Republican,6105.0,54.29,True,True
2024,Kansas,KS,State House,87,general,Mike Snider,Democratic,5140.0,45.71,False,False
2024,Kansas,KS,State House,88,general,Sandy Pickert,Republican,4524.0,51.06,True,True
2024,Kansas,KS,State House,88,general,Veronica Gillette,Democratic,4337.0,48.94,False,False
2024,Kansas,KS,State House,89,general,KC Ohaebosim,Democratic,5967.0,100.0,True,True
2024,Kansas,KS,State House,90,general,Steve Huebert,Republican,8243.0,70.96,True,False
2024,Kansas,KS,State House,90,general,Tracy Edingfield,Democratic,3373.0,29.04,False,False
2024,Kansas,KS,State House,91,general,Emil Bergquist,Republican,8145.0,65.89,True,True
2024,Kansas,KS,State House,91,general,Keisha McClish Couts,Democratic,4216.0,34.11,False,False
2024,Kansas,KS,State House,92,general,John Carmichael,Democratic,6116.0,100.0,True,True
2024,Kansas,KS,State House,93,general,Brian Bergkamp,Republican,8464.0,74.72,True,True
2024,Kansas,KS,State House,93,general,Justin L. Shore,Democratic,2863.0,25.28,False,False
2024,Kansas,KS,State House,94,general,Leo Delperdang,Republican,8812.0,100.0,True,True
2024,Kansas,KS,State House,95,general,Tom Sawyer,Democratic,3289.0,53.96,True,True
2024,Kansas,KS,State House,95,general,Christopher Parisho,Republican,2806.0,46.04,False,False
2024,Kansas,KS,State House,96,general,Tom Kessler,Republican,2947.0,52.04,True,True
2024,Kansas,KS,State House,96,general,Dan Johnson,Democratic,2412.0,42.59,False,False
2024,Kansas,KS,State House,96,general,Joseph Trotter,Libertarian,304.0,5.37,False,False
2024,Kansas,KS,State House,97,general,Nick Hoheisel,Republican,5177.0,61.48,True,True
2024,Kansas,KS,State House,97,general,Christine Pruitt,Democratic,3244.0,38.52,False,False
2024,Kansas,KS,State House,98,general,Cyndi Howerton,Republican,4370.0,62.22,True,True
2024,Kansas,KS,State House,98,general,Carol Brewer,Democratic,2654.0,37.78,False,False
2024,Kansas,KS,State House,99,general,Susan Humphries,Republican,9696.0,100.0,True,True
2024,Kansas,KS,State House,100,general,Daniel Hawkins,Republican,7368.0,60.79,True,True
2024,Kansas,KS,State House,100,general,Mike McCorkle,Democratic,4753.0,39.21,False,False
2024,Kentucky,KY,State House,93,special general,Adrielle Camuel,Democratic,7924.0,57.6,True,False
2024,Kentucky,KY,State House,93,special general,Kyle Whalen,Republican,5841.0,42.4,False,False
2024,Kentucky,KY,State House,24,special general,Courtney Gilbert,Republican,1025.0,62.5,True,False
2024,Kentucky,KY,State House,24,special general,John Pennington,Democratic,372.0,22.7,False,False
2024,Kentucky,KY,State House,24,special general,Craig Astor,Write-in,244.0,14.9,False,False
2024,Kentucky,KY,State House,26,special general,Peyton Griffee,Republican,,,False,False
2024,Kentucky,KY,State House,1,general,Steven Jack Rudy,Republican,16074.0,76.7,True,True
2024,Kentucky,KY,State House,1,general,Fredrick Fountain,Democratic,4881.0,23.3,False,False
2024,Kentucky,KY,State House,2,general,Kimberly Holloway,Republican,,,True,False
2024,Kentucky,KY,State House,3,general,Randy Bridges,Republican,13455.0,67.0,True,True
2024,Kentucky,KY,State House,3,general,Carrie Gottschalk Singler,Democratic,6632.0,33.0,False,False
2024,Kentucky,KY,State House,4,general,D. Wade Williams,Republican,15338.0,75.4,True,True
2024,Kentucky,KY,State House,4,general,Lloyd Smith,Democratic,5008.0,24.6,False,False
2024,Kentucky,KY,State House,5,general,Mary Beth Imes,Republican,13247.0,65.5,True,True
2024,Kentucky,KY,State House,5,general,Lauren Hines,Democratic,6977.0,34.5,False,False
2024,Kentucky,KY,State House,6,general,Chris Freeland,Republican,17949.0,76.9,True,True
2024,Kentucky,KY,State House,6,general,Linda Story Edwards,Democratic,5405.0,23.1,False,False
2024,Kentucky,KY,State House,7,general,Suzanne Miles,Republican,,,True,True
2024,Kentucky,KY,State House,8,general,Walker Wood Thomas,Republican,,,True,True
2024,Kentucky,KY,State House,9,general,Myron B. Dossett,Republican,7124.0,67.4,True,True
2024,Kentucky,KY,State House,9,general,Twyla Dillard,Democratic,3442.0,32.6,False,False
2024,Kentucky,KY,State House,10,general,Josh Calloway,Republican,15702.0,69.0,True,True
2024,Kentucky,KY,State House,10,general,John Whipple,Democratic,7047.0,31.0,False,False
2024,Kentucky,KY,State House,11,general,J. T. Payne,Republican,,,True,False
2024,Kentucky,KY,State House,12,general,Jim Gooch Jr.,Republican,15804.0,79.8,True,True
2024,Kentucky,KY,State House,12,general,Alton M. Ayer,Democratic,3989.0,20.2,False,False
2024,Kentucky,KY,State House,13,general,D. J. Johnson,Republican,,,True,True
2024,Kentucky,KY,State House,14,general,Scott Lewis,Republican,17093.0,80.6,True,True
2024,Kentucky,KY,State House,14,general,Chanda Garner,Democratic,4106.0,19.4,False,False
2024,Kentucky,KY,State House,15,general,Rebecca Raymer,Republican,,,True,True
2024,Kentucky,KY,State House,16,general,Jason Petrie,Republican,,,True,True
2024,Kentucky,KY,State House,17,general,Robert B. Duvall,Republican,,,True,True
2024,Kentucky,KY,State House,18,general,Samara Heavrin,Republican,,,True,True
2024,Kentucky,KY,State House,19,general,Michael Lee Meredith,Republican,,,True,True
2024,Kentucky,KY,State House,20,general,Kevin L. Jackson,Republican,,,True,True
2024,Kentucky,KY,State House,21,general,Amy Neighbors,Republican,18175.0,82.5,True,True
2024,Kentucky,KY,State House,21,general,Jeffery Humble,Democratic,3868.0,17.5,False,False
2024,Kentucky,KY,State House,22,general,Shawn McPherson,Republican,,,True,True
2024,Kentucky,KY,State House,23,general,Steve Riley,Republican,,,True,True
2024,Kentucky,KY,State House,24,general,Ryan Bivens,Republican,17097.0,81.6,True,False
2024,Kentucky,KY,State House,24,general,Johnny Pennington,Democratic,3860.0,18.4,False,False
2024,Kentucky,KY,State House,25,general,Steve Bratcher,Republican,11792.0,62.8,True,True
2024,Kentucky,KY,State House,25,general,Cherlyn Evette Smith,Democratic,6245.0,33.3,False,False
2024,Kentucky,KY,State House,25,general,Eric S. Parrish,Independent,744.0,4.0,False,False
2024,Kentucky,KY,State House,26,general,Peyton Griffee,Republican,,,True,True
2024,Kentucky,KY,State House,27,general,Nancy J. Tate,Republican,11980.0,62.9,True,True
2024,Kentucky,KY,State House,27,general,Tyler Chapman,Democratic,7065.0,37.1,False,False
2024,Kentucky,KY,State House,28,general,Jared A. Bauman,Republican,11536.0,58.6,True,True
2024,Kentucky,KY,State House,28,general,Almaria Baker,Democratic,8134.0,41.4,False,False
2024,Kentucky,KY,State House,29,general,Chris Lewis,Republican,14051.0,57.5,True,False
2024,Kentucky,KY,State House,29,general,Timothy Findley Jr.,Democratic,10371.0,42.5,False,False
2024,Kentucky,KY,State House,30,general,Daniel Grossberg,Democratic,,,True,True
2024,Kentucky,KY,State House,31,general,Susan Tyler Witten,Republican,12067.0,50.7,True,True
2024,Kentucky,KY,State House,31,general,Colleen Orsella Davis,Democratic,11727.0,49.3,False,False
2024,Kentucky,KY,State House,32,general,Tina Bojanowski,Democratic,,,True,True
2024,Kentucky,KY,State House,33,general,Jason Michael Nemes,Republican,14349.0,56.9,True,True
2024,Kentucky,KY,State House,33,general,Taylor Jolly,Democratic,10882.0,43.1,False,False
2024,Kentucky,KY,State House,34,general,Sarah Stalker,Democratic,,,True,True
2024,Kentucky,KY,State House,35,general,Lisa Willner,Democratic,,,True,True
2024,Kentucky,KY,State House,36,general,John F. Hodgson,Republican,15601.0,57.9,True,True
2024,Kentucky,KY,State House,36,general,"William ""Woody"" Zorn",Democratic,11364.0,42.1,False,False
2024,Kentucky,KY,State House,37,general,Emily Callaway,Republican,10330.0,56.4,True,True
2024,Kentucky,KY,State House,37,general,John J. Stovall,Democratic,7970.0,43.6,False,False
2024,Kentucky,KY,State House,38,general,Rachel Roarx,Democratic,8743.0,50.7,True,True
2024,Kentucky,KY,State House,38,general,Carrie Sanders McKeehan,Republican,8494.0,49.3,False,False
2024,Kentucky,KY,State House,39,general,Matt Lockett,Republican,12660.0,59.6,True,True
2024,Kentucky,KY,State House,39,general,Ryan Stanford,Democratic,8593.0,40.4,False,False
2024,Kentucky,KY,State House,40,general,Nima Kulkarni,Democratic,,,True,True
2024,Kentucky,KY,State House,41,general,Mary Lou Marzian,Democratic,18485.0,74.0,True,False
2024,Kentucky,KY,State House,41,general,Sara-Elizabeth Cottrell,Republican,6511.0,26.0,False,False
2024,Kentucky,KY,State House,42,general,Joshua Watkins,Democratic,,,True,False
2024,Kentucky,KY,State House,43,general,Pamela Stevenson,Democratic,,,True,True
2024,Kentucky,KY,State House,44,general,Beverly D. Chester-Burton,Democratic,,,True,True
2024,Kentucky,KY,State House,45,general,Adam Moore,Democratic,13030.0,50.3,True,False
2024,Kentucky,KY,State House,45,general,Thomas Jefferson,Republican,12858.0,49.7,False,False
2024,Kentucky,KY,State House,46,general,Alan “Al” Gentry,Democratic,11755.0,56.6,True,True
2024,Kentucky,KY,State House,46,general,Bob DeVore,Republican,9019.0,43.4,False,False
2024,Kentucky,KY,State House,47,general,Felicia Rabourn,Republican,14703.0,68.2,True,True
2024,Kentucky,KY,State House,47,general,Robb Adams,Democratic,6844.0,31.8,False,False
2024,Kentucky,KY,State House,48,general,Ken Fleming,Republican,15195.0,53.7,True,True
2024,Kentucky,KY,State House,48,general,Kate Farrow,Democratic,13081.0,46.3,False,False
2024,Kentucky,KY,State House,49,general,Thomas Huff,Republican,,,True,True
2024,Kentucky,KY,State House,50,general,Candy Massaroni,Republican,,,True,True
2024,Kentucky,KY,State House,51,general,Michael “Sarge” Pollock,Republican,,,True,True
2024,Kentucky,KY,State House,52,general,Ken Upchurch,Republican,,,True,True
2024,Kentucky,KY,State House,53,general,James Allen Tipton,Republican,,,True,True
2024,Kentucky,KY,State House,54,general,Daniel B. Elliott,Republican,,,True,True
2024,Kentucky,KY,State House,55,general,Kim King,Republican,16382.0,73.4,True,True
2024,Kentucky,KY,State House,55,general,Katrina A. Sexton,Democratic,5922.0,26.6,False,False
2024,Kentucky,KY,State House,56,general,Daniel A. Fister,Republican,13863.0,57.4,True,True
2024,Kentucky,KY,State House,56,general,Chantel Bingham,Democratic,10269.0,42.6,False,False
2024,Kentucky,KY,State House,57,general,Erika Marie Hancock,Democratic,11342.0,55.4,True,False
2024,Kentucky,KY,State House,57,general,Kyle T. Thompson,Republican,9127.0,44.6,False,False
2024,Kentucky,KY,State House,58,general,Jennifer Henson Decker,Republican,,,True,True
2024,Kentucky,KY,State House,59,general,David W. Osborne,Republican,,,True,True
2024,Kentucky,KY,State House,60,general,Marianne Proctor,Republican,16017.0,66.5,True,True
2024,Kentucky,KY,State House,60,general,Deborah Ison Flowers,Democratic,8060.0,33.5,False,False
2024,Kentucky,KY,State House,61,general,Savannah Maddox,Republican,,,True,True
2024,Kentucky,KY,State House,62,general,Tony Hampton,Republican,14937.0,66.4,True,False
2024,Kentucky,KY,State House,62,general,Kevin Kidwell,Democratic,7565.0,33.6,False,False
2024,Kentucky,KY,State House,63,general,Kim Banta,Republican,,,True,True
2024,Kentucky,KY,State House,64,general,Kimberly Poore Moser,Republican,14407.0,66.1,True,True
2024,Kentucky,KY,State House,64,general,Heather Crabbe,Democratic,7390.0,33.9,False,False
2024,Kentucky,KY,State House,65,general,Stephanie Ann Dietz,Republican,11284.0,56.3,True,True
2024,Kentucky,KY,State House,65,general,Aaron Currin,Democratic,8753.0,43.7,False,False
2024,Kentucky,KY,State House,66,general,T. J. Roberts,Republican,16368.0,70.5,True,False
2024,Kentucky,KY,State House,66,general,Peggy Houston-Nienaber,Democratic,6861.0,29.5,False,False
2024,Kentucky,KY,State House,67,general,Matthew Lehman,Democratic,9435.0,50.08,True,False
2024,Kentucky,KY,State House,67,general,Terry W. Hatton,Republican,9405.0,49.92,False,False
2024,Kentucky,KY,State House,68,general,Mike Clines,Republican,16325.0,65.9,True,True
2024,Kentucky,KY,State House,68,general,K. Brandon Long,Democratic,8456.0,34.1,False,False
2024,Kentucky,KY,State House,69,general,Steven Doan,Republican,10814.0,62.2,True,True
2024,Kentucky,KY,State House,69,general,Wilanne Stangel,Democratic,6563.0,37.8,False,False
2024,Kentucky,KY,State House,70,general,William Lee Lawrence,Republican,,,True,True
2024,Kentucky,KY,State House,71,general,Josh Bray,Republican,15168.0,77.7,True,True
2024,Kentucky,KY,State House,71,general,Rachelle Riddle,Democratic,4350.0,22.3,False,False
2024,Kentucky,KY,State House,72,general,Matthew R. Koch,Republican,,,True,True
2024,Kentucky,KY,State House,73,general,D. Ryan Dotson,Republican,12847.0,60.2,True,True
2024,Kentucky,KY,State House,73,general,Rory Houlihan,Democratic,8498.0,39.8,False,False
2024,Kentucky,KY,State House,74,general,David Hale,Republican,,,True,True
2024,Kentucky,KY,State House,75,general,Lindsey Burke,Democratic,,,True,True
2024,Kentucky,KY,State House,76,general,Anne Gay Donworth,Democratic,,,True,False
2024,Kentucky,KY,State House,77,general,George A. Brown Jr.,Democratic,12808.0,72.5,True,True
2024,Kentucky,KY,State House,77,general,Jason Griffith,Republican,4862.0,27.5,False,False
2024,Kentucky,KY,State House,78,general,Mark Hart,Republican,17024.0,81.9,True,True
2024,Kentucky,KY,State House,78,general,Timothy D. Johnson,Independent,3770.0,18.1,False,False
2024,Kentucky,KY,State House,79,general,Chad Aull,Democratic,,,True,True
2024,Kentucky,KY,State House,80,general,David Meade,Republican,,,True,True
2024,Kentucky,KY,State House,81,general,Deanna Frazier Gordon,Republican,,,True,True
2024,Kentucky,KY,State House,82,general,Nick Wilson,Republican,,,True,True
2024,Kentucky,KY,State House,83,general,Josh Branscum,Republican,,,True,True
2024,Kentucky,KY,State House,84,general,Chris Fugate,Republican,10607.0,65.1,True,True
2024,Kentucky,KY,State House,84,general,Zackary H. Hall,Democratic,5698.0,34.9,False,False
2024,Kentucky,KY,State House,85,general,R. Shane Baker,Republican,,,True,True
2024,Kentucky,KY,State House,86,general,Tom O’dell Smith,Republican,,,True,True
2024,Kentucky,KY,State House,87,general,Adam Bowling,Republican,,,True,True
2024,Kentucky,KY,State House,88,general,Vanessa Grossl,Republican,11722.0,50.3,True,False
2024,Kentucky,KY,State House,88,general,Cherlynn Stevenson,Democratic,11597.0,49.7,False,True
2024,Kentucky,KY,State House,89,general,Timmy Truett,Republican,,,True,True
2024,Kentucky,KY,State House,90,general,Derek Lewis,Republican,,,True,True
2024,Kentucky,KY,State House,91,general,Billy E. Wesley,Republican,,,True,True
2024,Kentucky,KY,State House,92,general,John Blanton,Republican,,,True,True
2024,Kentucky,KY,State House,93,general,Adrielle Camuel,Democratic,,,True,True
2024,Kentucky,KY,State House,94,general,Mitchum Addison Whitaker,Republican,,,True,False
2024,Kentucky,KY,State House,95,general,Ashley Tackett Laferty,Democratic,10721.0,56.3,True,True
2024,Kentucky,KY,State House,95,general,Brandon Spencer,Republican,8330.0,43.7,False,False
2024,Kentucky,KY,State House,96,general,Patrick Flannery,Republican,,,True,True
2024,Kentucky,KY,State House,97,general,Bobby W. McCool,Republican,,,True,True
2024,Kentucky,KY,State House,98,general,Aaron Thompson,Republican,15561.0,71.9,True,False
2024,Kentucky,KY,State House,98,general,Tammie Womack,Democratic,6087.0,28.1,False,False
2024,Kentucky,KY,State House,99,general,Richard L. White,Republican,,,True,True
2024,Kentucky,KY,State House,100,general,Scott L. Sharp,Republican,,,True,True
2024,Michigan,MI,State House,1,general,Tyrone Carter,Democratic,18744.0,81.64,True,True
2024,Michigan,MI,State House,1,general,Valerie Whittaker,Republican,4216.0,18.36,False,False
2024,Michigan,MI,State House,2,general,Tullio Liberati,Democratic,21965.0,51.82,True,True
2024,Michigan,MI,State House,2,general,Ronald Kokinda,Republican,17972.0,42.4,False,False
2024,Michigan,MI,State House,2,general,Mark Dasacco,Class,2450.0,5.78,False,False
2024,Michigan,MI,State House,3,general,Alabas Farhat,Democratic,17275.0,67.91,True,True
2024,Michigan,MI,State House,3,general,Richard A. Zeile,Republican,7051.0,27.72,False,False
2024,Michigan,MI,State House,3,general,Larry Betts,Class,1112.0,4.37,False,False
2024,Michigan,MI,State House,4,general,Karen Whitsett,Democratic,33026.0,100.0,True,True
2024,Michigan,MI,State House,5,general,Regina Weiss,Democratic,41136.0,90.57,True,True
2024,Michigan,MI,State House,5,general,Will Sears,Republican,4282.0,9.43,False,False
2024,Michigan,MI,State House,6,general,Natalie Price,Democratic,39839.0,66.2,True,True
2024,Michigan,MI,State House,6,general,Brent M. Lamkin,Republican,20342.0,33.8,False,False
2024,Michigan,MI,State House,7,general,Tonya Myers Phillips,Democratic,22713.0,78.91,True,False
2024,Michigan,MI,State House,7,general,Barry L. Altman,Republican,4331.0,15.05,False,False
2024,Michigan,MI,State House,7,general,Linda Rayburn,Class,1740.0,6.04,False,False
2024,Michigan,MI,State House,8,general,Helena Scott,Democratic,37677.0,87.53,True,True
2024,Michigan,MI,State House,8,general,Alex Kuhn,Republican,3964.0,9.21,False,False
2024,Michigan,MI,State House,8,general,Logan Ausherman,Class,1402.0,3.26,False,False
2024,Michigan,MI,State House,9,general,Joe Tate,Democratic,33310.0,93.0,True,True
2024,Michigan,MI,State House,9,general,Michele Lundgren,Republican,2509.0,7.0,False,False
2024,Michigan,MI,State House,10,general,Veronica Paiz,Democratic,34025.0,67.44,True,True
2024,Michigan,MI,State House,10,general,Griffin Wojtowicz,Republican,16426.0,32.56,False,False
2024,Michigan,MI,State House,11,general,Donavan McKinney,Democratic,28031.0,82.31,True,True
2024,Michigan,MI,State House,11,general,Dale J. Walker,Republican,6025.0,17.69,False,False
2024,Michigan,MI,State House,12,general,Kimberly Edwards,Democratic,31256.0,69.67,True,True
2024,Michigan,MI,State House,12,general,Randell J. Shafer,Republican,13609.0,30.33,False,False
2024,Michigan,MI,State House,13,general,Mai Xiong,Democratic,24911.0,50.82,True,True
2024,Michigan,MI,State House,13,general,Ronald Singer,Republican,22673.0,46.26,False,False
2024,Michigan,MI,State House,13,general,Hashim Malik Bakari,Class,1430.0,2.92,False,False
2024,Michigan,MI,State House,14,general,Mike McFall,Democratic,26669.0,59.06,True,True
2024,Michigan,MI,State House,14,general,Barbara Barber,Republican,18489.0,40.94,False,False
2024,Michigan,MI,State House,15,general,Erin Byrnes,Democratic,19974.0,56.29,True,True
2024,Michigan,MI,State House,15,general,Gary Edward Gardner,Republican,15512.0,43.71,False,False
2024,Michigan,MI,State House,16,general,Stephanie Young,Democratic,35682.0,73.52,True,True
2024,Michigan,MI,State House,16,general,Brian Duggan,Republican,10803.0,22.26,False,False
2024,Michigan,MI,State House,16,general,Linda Green-Harris,Class,2050.0,4.22,False,False
2024,Michigan,MI,State House,17,general,Laurie Pohutsky,Democratic,31741.0,69.75,True,True
2024,Michigan,MI,State House,17,general,Rola Makki,Republican,13765.0,30.25,False,False
2024,Michigan,MI,State House,18,general,Jason Hoskins,Democratic,41742.0,78.93,True,True
2024,Michigan,MI,State House,18,general,Mordechai Klainberg,Republican,11144.0,21.07,False,False
2024,Michigan,MI,State House,19,general,Samantha Steckloff,Democratic,36538.0,65.28,True,True
2024,Michigan,MI,State House,19,general,Kevin J. Hammer,Republican,19431.0,34.72,False,False
2024,Michigan,MI,State House,20,general,Noah Arbit,Democratic,31764.0,53.23,True,True
2024,Michigan,MI,State House,20,general,Brendan Cowley,Republican,27909.0,46.77,False,False
2024,Michigan,MI,State House,21,general,Kelly Breen,Democratic,26866.0,55.51,True,True
2024,Michigan,MI,State House,21,general,Thomas Konesky,Republican,20834.0,43.05,False,False
2024,Michigan,MI,State House,21,general,James K. Young,Libertarian,697.0,1.44,False,False
2024,Michigan,MI,State House,22,general,Matt Koleszar,Democratic,31555.0,52.5,True,True
2024,Michigan,MI,State House,22,general,Adam A. Stathakis,Republican,28555.0,47.5,False,False
2024,Michigan,MI,State House,23,general,Jason Morgan,Democratic,29913.0,61.51,True,True
2024,Michigan,MI,State House,23,general,David Stamp,Republican,17486.0,35.96,False,False
2024,Michigan,MI,State House,23,general,Christina Marudas,Green,1234.0,2.54,False,False
2024,Michigan,MI,State House,24,general,Ranjeev Puri,Democratic,30675.0,59.82,True,True
2024,Michigan,MI,State House,24,general,Leonard C. Scott,Republican,20602.0,40.18,False,False
2024,Michigan,MI,State House,25,general,Peter Herzberg,Democratic,26092.0,58.93,True,True
2024,Michigan,MI,State House,25,general,Josh Powell,Republican,18183.0,41.07,False,False
2024,Michigan,MI,State House,26,general,Dylan Wegela,Democratic,27162.0,65.72,True,True
2024,Michigan,MI,State House,26,general,Jeff Gorman,Republican,14171.0,34.28,False,False
2024,Michigan,MI,State House,27,general,Rylee Linting,Republican,27785.0,52.16,True,False
2024,Michigan,MI,State House,27,general,Jaime Churches,Democratic,25480.0,47.84,False,True
2024,Michigan,MI,State House,28,general,Jamie Thompson,Republican,26754.0,54.36,True,True
2024,Michigan,MI,State House,28,general,Janise O'Neil Robinson,Democratic,22458.0,45.64,False,False
2024,Michigan,MI,State House,29,general,James DeSana,Republican,25669.0,55.03,True,True
2024,Michigan,MI,State House,29,general,Kyle Wright,Democratic,20975.0,44.97,False,False
2024,Michigan,MI,State House,30,general,William Bruck,Republican,33278.0,64.54,True,True
2024,Michigan,MI,State House,30,general,Rick Kull,Democratic,18282.0,35.46,False,False
2024,Michigan,MI,State House,31,general,Reggie Miller,Democratic,27347.0,50.64,True,True
2024,Michigan,MI,State House,31,general,Dale Biniecki,Republican,26651.0,49.36,False,False
2024,Michigan,MI,State House,32,general,Jimmie Wilson Jr.,Democratic,34004.0,75.08,True,True
2024,Michigan,MI,State House,32,general,Martin A. Church,Republican,9767.0,21.56,False,False
2024,Michigan,MI,State House,32,general,Ryan Sample,Green,1521.0,3.36,False,False
2024,Michigan,MI,State House,33,general,Morgan Foreman,Democratic,41511.0,74.22,True,False
2024,Michigan,MI,State House,33,general,Jason Rogers,Republican,14421.0,25.78,False,False
2024,Michigan,MI,State House,34,general,Nancy Jenkins-Arno,Republican,31086.0,64.07,True,False
2024,Michigan,MI,State House,34,general,John E. Dahlgen,Democratic,17436.0,35.93,False,False
2024,Michigan,MI,State House,35,general,Jennifer Wortz,Republican,33647.0,74.07,True,False
2024,Michigan,MI,State House,35,general,Don Hicks,Democratic,11777.0,25.93,False,False
2024,Michigan,MI,State House,36,general,Steve Carra,Republican,29710.0,68.35,True,True
2024,Michigan,MI,State House,36,general,Erin L. Schultes,Democratic,13758.0,31.65,False,False
2024,Michigan,MI,State House,37,general,Brad Paquette,Republican,30265.0,64.89,True,True
2024,Michigan,MI,State House,37,general,Angela Jones,Democratic,16379.0,35.11,False,False
2024,Michigan,MI,State House,38,general,Joey Andrews,Democratic,28515.0,53.15,True,True
2024,Michigan,MI,State House,38,general,Kevin Whiteford,Republican,25133.0,46.85,False,False
2024,Michigan,MI,State House,39,general,Pauline Wendzel,Republican,29906.0,63.09,True,True
2024,Michigan,MI,State House,39,general,Kerry Tapper,Democratic,17498.0,36.91,False,False
2024,Michigan,MI,State House,40,general,Matt Longjohn,Democratic,21877.0,54.1,True,False
2024,Michigan,MI,State House,40,general,Kelly Sackett,Republican,18592.0,45.9,False,False
2024,Michigan,MI,State House,41,general,Julie Rogers,Democratic,30106.0,75.64,True,True
2024,Michigan,MI,State House,41,general,Terry Haines,Republican,8725.0,21.92,False,False
2024,Michigan,MI,State House,41,general,Rafael Wolf,Libertarian,973.0,2.44,False,False
2024,Michigan,MI,State House,42,general,Matt Hall,Republican,30999.0,57.46,True,True
2024,Michigan,MI,State House,42,general,Austin Marsman,Democratic,22947.0,42.54,False,False
2024,Michigan,MI,State House,43,general,Rachelle Smit,Republican,39396.0,72.07,True,True
2024,Michigan,MI,State House,43,general,Danene Shumaker,Democratic,15265.0,27.93,False,False
2024,Michigan,MI,State House,44,general,Steve Frisbie,Republican,20835.0,50.07,True,False
2024,Michigan,MI,State House,44,general,Jim Haadsma,Democratic,20774.0,49.93,False,True
2024,Michigan,MI,State House,45,general,Sarah Lightner,Republican,35411.0,69.59,True,True
2024,Michigan,MI,State House,45,general,Doug Murch,Democratic,15472.0,30.41,False,False
2024,Michigan,MI,State House,46,general,Kathy Schmaltz,Republican,21563.0,52.07,True,True
2024,Michigan,MI,State House,46,general,Daniel J. Mahoney,Democratic,19851.0,47.93,False,False
2024,Michigan,MI,State House,47,general,Carrie Rheingans,Democratic,35216.0,60.13,True,True
2024,Michigan,MI,State House,47,general,Teresa Spiegelberg,Republican,22255.0,38.0,False,False
2024,Michigan,MI,State House,47,general,Aaron Wright,Green,1093.0,1.87,False,False
2024,Michigan,MI,State House,48,general,Jennifer Conlin,Democratic,31153.0,51.5,True,True
2024,Michigan,MI,State House,48,general,Brian Ignatowski,Republican,28471.0,47.07,False,False
2024,Michigan,MI,State House,48,general,Eric Borregard,Green,863.0,1.43,False,False
2024,Michigan,MI,State House,49,general,Ann Bollin,Republican,32464.0,58.86,True,True
2024,Michigan,MI,State House,49,general,Andy Woody,Democratic,22695.0,41.14,False,False
2024,Michigan,MI,State House,50,general,Jason Woolford,Republican,40119.0,67.64,True,False
2024,Michigan,MI,State House,50,general,Austin Breuer,Democratic,19193.0,32.36,False,False
2024,Michigan,MI,State House,51,general,Matt Maddock,Republican,35011.0,59.52,True,True
2024,Michigan,MI,State House,51,general,Sarah May-Seward,Democratic,23809.0,40.48,False,False
2024,Michigan,MI,State House,52,general,Mike Harris,Republican,34810.0,62.03,True,True
2024,Michigan,MI,State House,52,general,Caroline Dargay,Democratic,21304.0,37.97,False,False
2024,Michigan,MI,State House,53,general,Brenda Carter,Democratic,25432.0,65.85,True,True
2024,Michigan,MI,State House,53,general,Melissa Schultz,Republican,13189.0,34.15,False,False
2024,Michigan,MI,State House,54,general,Donni Steele,Republican,28884.0,52.41,True,True
2024,Michigan,MI,State House,54,general,Shadia Martini,Democratic,26223.0,47.59,False,False
2024,Michigan,MI,State House,55,general,Mark Tisdel,Republican,29026.0,53.73,True,True
2024,Michigan,MI,State House,55,general,Trevis Harrold,Democratic,24993.0,46.27,False,False
2024,Michigan,MI,State House,56,general,Sharon MacDonell,Democratic,29111.0,57.19,True,True
2024,Michigan,MI,State House,56,general,Dave Kniffen,Republican,21790.0,42.81,False,False
2024,Michigan,MI,State House,57,general,Thomas Kuhn,Republican,26706.0,57.24,True,True
2024,Michigan,MI,State House,57,general,Aisha Farooqi,Democratic,19954.0,42.76,False,False
2024,Michigan,MI,State House,58,general,Ron Robinson,Republican,24925.0,53.19,True,False
2024,Michigan,MI,State House,58,general,Nate Shannon,Democratic,21939.0,46.81,False,True
2024,Michigan,MI,State House,59,general,Doug Wozniak,Republican,38064.0,68.58,True,True
2024,Michigan,MI,State House,59,general,Jason Pulaski,Democratic,17439.0,31.42,False,False
2024,Michigan,MI,State House,60,general,Joseph Aragona,Republican,33949.0,62.17,True,True
2024,Michigan,MI,State House,60,general,Shelley Fraley,Democratic,20654.0,37.83,False,False
2024,Michigan,MI,State House,61,general,Denise Mentzer,Democratic,25449.0,50.72,True,True
2024,Michigan,MI,State House,61,general,Robert Wojtowicz,Republican,24728.0,49.28,False,False
2024,Michigan,MI,State House,62,general,Alicia St. Germaine,Republican,28761.0,55.99,True,True
2024,Michigan,MI,State House,62,general,Michelle Levine-Woodman,Democratic,22606.0,44.01,False,False
2024,Michigan,MI,State House,63,general,Jay DeBoyer,Republican,37308.0,67.7,True,True
2024,Michigan,MI,State House,63,general,Robert E. Kelly-McFarland,Democratic,17801.0,32.3,False,False
2024,Michigan,MI,State House,64,general,Joseph G. Pavlov,Republican,29808.0,61.04,True,False
2024,Michigan,MI,State House,64,general,John Anter,Democratic,19026.0,38.96,False,False
2024,Michigan,MI,State House,65,general,Jaime Greene,Republican,40952.0,74.27,True,True
2024,Michigan,MI,State House,65,general,Shirley Tomczak,Democratic,14190.0,25.73,False,False
2024,Michigan,MI,State House,66,general,Josh Schriver,Republican,39990.0,68.04,True,True
2024,Michigan,MI,State House,66,general,Shawn Almeranti-Crosby,Democratic,18781.0,31.96,False,False
2024,Michigan,MI,State House,67,general,Phil Green,Republican,34024.0,63.83,True,True
2024,Michigan,MI,State House,67,general,Anissa J. Buffin,Democratic,19277.0,36.17,False,False
2024,Michigan,MI,State House,68,general,David Martin,Republican,29402.0,54.49,True,True
2024,Michigan,MI,State House,68,general,Matt Schlinker,Democratic,24554.0,45.51,False,False
2024,Michigan,MI,State House,69,general,Jasper Martus,Democratic,26793.0,56.25,True,True
2024,Michigan,MI,State House,69,general,Patrick Duvendeck,Republican,20836.0,43.75,False,False
2024,Michigan,MI,State House,70,general,Cynthia Neeley,Democratic,28486.0,79.35,True,True
2024,Michigan,MI,State House,70,general,Rob Waskoviak,Republican,7224.0,20.12,False,False
2024,Michigan,MI,State House,71,general,Brian BeGole,Republican,33831.0,62.63,True,True
2024,Michigan,MI,State House,71,general,Mark D. Zacharda,Democratic,20183.0,37.37,False,False
2024,Michigan,MI,State House,72,general,Mike Mueller,Republican,34910.0,60.8,True,True
2024,Michigan,MI,State House,72,general,John Dolza,Democratic,22512.0,39.2,False,False
2024,Michigan,MI,State House,73,general,Julie Brixie,Democratic,24684.0,54.78,True,True
2024,Michigan,MI,State House,73,general,Joshua J. Rockey,Republican,20377.0,45.22,False,False
2024,Michigan,MI,State House,74,general,Kara Hope,Democratic,28976.0,64.25,True,True
2024,Michigan,MI,State House,74,general,Tom Izzo,Republican,16120.0,35.75,False,False
2024,Michigan,MI,State House,75,general,Penelope Tsernoglou,Democratic,31024.0,59.11,True,True
2024,Michigan,MI,State House,75,general,Frank Lambert,Republican,21457.0,40.89,False,False
2024,Michigan,MI,State House,76,general,Angela Witwer,Democratic,28229.0,52.1,True,True
2024,Michigan,MI,State House,76,general,Andy Shaver,Republican,25958.0,47.9,False,False
2024,Michigan,MI,State House,77,general,Emily Dievendorf,Democratic,30203.0,60.2,True,True
2024,Michigan,MI,State House,77,general,Cady Ness-Smith,Republican,19971.0,39.8,False,False
2024,Michigan,MI,State House,78,general,Gina Johnsen,Republican,33508.0,68.59,True,True
2024,Michigan,MI,State House,78,general,Christine M. Terpening,Democratic,15344.0,31.41,False,False
2024,Michigan,MI,State House,79,general,Angela Rigas,Republican,36511.0,66.21,True,True
2024,Michigan,MI,State House,79,general,Jason Rubin,Democratic,18635.0,33.79,False,False
2024,Michigan,MI,State House,80,general,Phil Skaggs,Democratic,29560.0,57.14,True,True
2024,Michigan,MI,State House,80,general,Bill Sage,Republican,22172.0,42.86,False,False
2024,Michigan,MI,State House,81,general,Stephen Wooden,Democratic,30666.0,55.71,True,False
2024,Michigan,MI,State House,81,general,Jordan Youngquist,Republican,24375.0,44.29,False,False
2024,Michigan,MI,State House,82,general,Kristian Grant,Democratic,30656.0,75.07,True,True
2024,Michigan,MI,State House,82,general,Ryan Malinoski,Republican,10178.0,24.93,False,False
2024,Michigan,MI,State House,83,general,John Wesley Fitzgerald,Democratic,20547.0,53.12,True,True
2024,Michigan,MI,State House,83,general,Tommy Brann,Republican,18134.0,46.88,False,False
2024,Michigan,MI,State House,84,general,Carol Glanville,Democratic,27502.0,55.06,True,True
2024,Michigan,MI,State House,84,general,John Wetzel,Republican,22450.0,44.94,False,False
2024,Michigan,MI,State House,85,general,Bradley Slagh,Republican,39199.0,70.39,True,True
2024,Michigan,MI,State House,85,general,Marcia Mansaray,Democratic,16490.0,29.61,False,False
2024,Michigan,MI,State House,86,general,Nancy De Boer,Republican,27711.0,56.1,True,True
2024,Michigan,MI,State House,86,general,Abby Klomparens,Democratic,21685.0,43.9,False,False
2024,Michigan,MI,State House,87,general,Will Snyder,Democratic,24679.0,59.33,True,True
2024,Michigan,MI,State House,87,general,Chip Chipman,Republican,15742.0,37.85,False,False
2024,Michigan,MI,State House,87,general,Rich McClain,Libertarian,1173.0,2.82,False,False
2024,Michigan,MI,State House,88,general,Greg VanWoerkom,Republican,33591.0,56.97,True,True
2024,Michigan,MI,State House,88,general,Tim Meyer,Democratic,25367.0,43.03,False,False
2024,Michigan,MI,State House,89,general,Luke Meerman,Republican,35147.0,69.31,True,True
2024,Michigan,MI,State House,89,general,Lois E. Maassen,Democratic,15563.0,30.69,False,False
2024,Michigan,MI,State House,90,general,Bryan Posthumus,Republican,36841.0,63.52,True,True
2024,Michigan,MI,State House,90,general,William J. Higgins,Democratic,21161.0,36.48,False,False
2024,Michigan,MI,State House,91,general,Pat Outman,Republican,36463.0,71.45,True,True
2024,Michigan,MI,State House,91,general,Jason A. Dillingham,Democratic,14570.0,28.55,False,False
2024,Michigan,MI,State House,92,general,Jerry Neyer,Republican,24007.0,57.52,True,True
2024,Michigan,MI,State House,92,general,Timothy Odykirk,Democratic,17733.0,42.48,False,False
2024,Michigan,MI,State House,93,general,Tim Kelly,Republican,33943.0,68.97,True,False
2024,Michigan,MI,State House,93,general,Kevin C. Seamon,Democratic,15272.0,31.03,False,False
2024,Michigan,MI,State House,94,general,Amos O'Neal,Democratic,28354.0,68.87,True,True
2024,Michigan,MI,State House,94,general,Robert E. Zelle,Republican,12817.0,31.13,False,False
2024,Michigan,MI,State House,95,general,Bill G. Schuette,Republican,34477.0,64.29,True,True
2024,Michigan,MI,State House,95,general,Sabrina Lopez,Democratic,19148.0,35.71,False,False
2024,Michigan,MI,State House,96,general,Timothy Beson,Republican,31135.0,60.33,True,True
2024,Michigan,MI,State House,96,general,Rudy M. Howard Jr.,Democratic,20474.0,39.67,False,False
2024,Michigan,MI,State House,97,general,Matthew Bierlein,Republican,36497.0,70.36,True,True
2024,Michigan,MI,State House,97,general,Mark Putnam,Democratic,15378.0,29.64,False,False
2024,Michigan,MI,State House,98,general,Gregory Alexander,Republican,38048.0,74.02,True,True
2024,Michigan,MI,State House,98,general,April L. Osentoski,Democratic,13355.0,25.98,False,False
2024,Michigan,MI,State House,99,general,Mike Hoadley,Republican,36710.0,71.09,True,True
2024,Michigan,MI,State House,99,general,John Leroux,Democratic,14926.0,28.91,False,False
2024,Michigan,MI,State House,100,general,Tom Kunse,Republican,35024.0,69.29,True,True
2024,Michigan,MI,State House,100,general,Tracy Ruell,Democratic,15522.0,30.71,False,False
2024,Michigan,MI,State House,101,general,Joseph Fox,Republican,36451.0,70.44,True,True
2024,Michigan,MI,State House,101,general,Christopher R. Crain,Democratic,15300.0,29.56,False,False
2024,Michigan,MI,State House,102,general,Curt VanderWall,Republican,34218.0,63.79,True,True
2024,Michigan,MI,State House,102,general,Kathy Pelleran-Mahoney,Democratic,19421.0,36.21,False,False
2024,Michigan,MI,State House,103,general,Betsy Coffia,Democratic,33662.0,52.09,True,True
2024,Michigan,MI,State House,103,general,Lisa Trombley,Republican,30960.0,47.91,False,False
2024,Michigan,MI,State House,104,general,John Roth,Republican,36778.0,62.93,True,True
2024,Michigan,MI,State House,104,general,Larry Knight,Democratic,16681.0,28.54,False,False
2024,Michigan,MI,State House,104,general,Cathy Albro,Independent,3800.0,6.5,False,False
2024,Michigan,MI,State House,104,general,Tyler Glenn Lautner,Libertarian,1188.0,2.03,False,False
2024,Michigan,MI,State House,105,general,Ken Borton,Republican,40043.0,71.73,True,True
2024,Michigan,MI,State House,105,general,James Wojey,Democratic,15780.0,28.27,False,False
2024,Michigan,MI,State House,106,general,Cam Cavitt,Republican,39397.0,69.58,True,True
2024,Michigan,MI,State House,106,general,Trina Borenstein,Democratic,17221.0,30.42,False,False
2024,Michigan,MI,State House,107,general,Parker Fairbairn,Republican,34728.0,60.67,True,False
2024,Michigan,MI,State House,107,general,Jodi Decker,Democratic,22516.0,39.33,False,False
2024,Michigan,MI,State House,108,general,David Prestin,Republican,32416.0,66.36,True,True
2024,Michigan,MI,State House,108,general,Christiana Reynolds,Democratic,15369.0,31.46,False,False
2024,Michigan,MI,State House,108,general,Kayla Wikstrom,Libertarian,1061.0,2.17,False,False
2024,Michigan,MI,State House,109,general,Karl Bohnak,Republican,26807.0,51.61,True,False
2024,Michigan,MI,State House,109,general,Jenn Hill,Democratic,25134.0,48.39,False,True
2024,Michigan,MI,State House,110,general,Gregory Markkanen,Republican,31583.0,63.07,True,True
2024,Michigan,MI,State House,110,general,Kim S. Corcoran,Democratic,18493.0,36.93,False,False
2024,Minnesota,MN,State House,1A,general,John Burkel,Republican,17420.0,76.07,True,True
2024,Minnesota,MN,State House,1A,general,James Sceville,Democratic-Farmer-Labor,5466.0,23.87,False,False
2024,Minnesota,MN,State House,1B,general,Steve Gander,Republican,13939.0,67.2,True,False
2024,Minnesota,MN,State House,1B,general,Mike Christopherson,Democratic-Farmer-Labor,6791.0,32.74,False,False
2024,Minnesota,MN,State House,2A,general,Bidal Duran Jr.,Republican,11518.0,51.86,True,False
2024,Minnesota,MN,State House,2A,general,Reed Olson,Democratic-Farmer-Labor,10667.0,48.03,False,False
2024,Minnesota,MN,State House,2B,general,Matt Bliss,Republican,14372.0,63.73,True,True
2024,Minnesota,MN,State House,2B,general,Michael Reyes,Democratic-Farmer-Labor,8168.0,36.22,False,False
2024,Minnesota,MN,State House,3A,general,Roger Skraba,Republican,14443.0,55.54,True,True
2024,Minnesota,MN,State House,3A,general,Harley Droba,Democratic-Farmer-Labor,10779.0,41.45,False,False
2024,Minnesota,MN,State House,3A,general,Rich Tru,Forward,712.0,2.74,False,False
2024,Minnesota,MN,State House,3B,general,Natalie Zeleznikar,Republican,13481.0,50.25,True,True
2024,Minnesota,MN,State House,3B,general,Mark Munger,Democratic-Farmer-Labor,13321.0,49.65,False,False
2024,Minnesota,MN,State House,4A,general,Heather Keeler,Democratic-Farmer-Labor,11072.0,58.5,True,True
2024,Minnesota,MN,State House,4A,general,Joshua Zincke,Republican,7822.0,41.33,False,False
2024,Minnesota,MN,State House,4B,general,Jim Joy,Republican,15273.0,66.41,True,True
2024,Minnesota,MN,State House,4B,general,Thaddeus Laugisch,Democratic-Farmer-Labor,7709.0,33.52,False,False
2024,Minnesota,MN,State House,5A,general,Krista Knudsen,Republican,18885.0,71.34,True,False
2024,Minnesota,MN,State House,5A,general,Brian Hobson,Democratic-Farmer-Labor,7551.0,28.57,False,False
2024,Minnesota,MN,State House,5B,general,Mike Wiener,Republican,17604.0,75.38,True,True
2024,Minnesota,MN,State House,5B,general,Gregg Hendrickson,Democratic-Farmer-Labor,5729.0,24.53,False,False
2024,Minnesota,MN,State House,6A,general,Ben Davis,Republican,17765.0,66.04,True,True
2024,Minnesota,MN,State House,6A,general,Earl Butenhoff,Democratic-Farmer-Labor,9116.0,33.89,False,False
2024,Minnesota,MN,State House,6B,general,Josh Heintzeman,Republican,15744.0,63.4,True,True
2024,Minnesota,MN,State House,6B,general,Emily LeClaire,Democratic-Farmer-Labor,8209.0,33.06,False,False
2024,Minnesota,MN,State House,6B,general,Troy Kenneth Scheffler,Americans First,848.0,3.41,False,False
2024,Minnesota,MN,State House,7A,general,Spencer Igo,Republican,14422.0,60.31,True,True
2024,Minnesota,MN,State House,7A,general,Aron Schnaser,Democratic-Farmer-Labor,9467.0,39.59,False,False
2024,Minnesota,MN,State House,7B,general,Cal Warwas,Republican,13781.0,56.34,True,False
2024,Minnesota,MN,State House,7B,general,Lorrie Janatopoulos,Democratic-Farmer-Labor,10655.0,43.56,False,False
2024,Minnesota,MN,State House,8A,general,Peter Johnson,Democratic-Farmer-Labor,15006.0,68.22,True,False
2024,Minnesota,MN,State House,8A,general,Mark McGrew,Republican,6962.0,31.65,False,False
2024,Minnesota,MN,State House,8B,general,Liish Kozlowski,Democratic-Farmer-Labor,17440.0,68.53,True,True
2024,Minnesota,MN,State House,8B,general,Shawn Savela,Republican,7954.0,31.25,False,False
2024,Minnesota,MN,State House,9A,general,Jeff Backer,Republican,15587.0,68.76,True,True
2024,Minnesota,MN,State House,9A,general,Michael Ziomko,Democratic-Farmer-Labor,7042.0,31.06,False,False
2024,Minnesota,MN,State House,9B,general,Tom Murphy,Republican,19366.0,71.61,True,False
2024,Minnesota,MN,State House,9B,general,Jason Satter,Democratic-Farmer-Labor,7661.0,28.33,False,False
2024,Minnesota,MN,State House,10A,general,Ron Kresha,Republican,17957.0,71.12,True,True
2024,Minnesota,MN,State House,10A,general,Julia Samsal Hipp,Democratic-Farmer-Labor,7159.0,28.35,False,False
2024,Minnesota,MN,State House,10B,general,Isaac Schultz,Republican,19959.0,79.64,True,True
2024,Minnesota,MN,State House,10B,general,JoEllen Burns,Democratic-Farmer-Labor,5079.0,20.27,False,False
2024,Minnesota,MN,State House,11A,general,Jeff Dotseth,Republican,12252.0,51.19,True,True
2024,Minnesota,MN,State House,11A,general,Pete Radosevich,Democratic-Farmer-Labor,11588.0,48.41,False,False
2024,Minnesota,MN,State House,11B,general,Nathan Nelson,Republican,16047.0,68.62,True,True
2024,Minnesota,MN,State House,11B,general,Eric Olson,Democratic-Farmer-Labor,7320.0,31.3,False,False
2024,Minnesota,MN,State House,12A,general,Paul Anderson,Republican,17110.0,73.8,True,True
2024,Minnesota,MN,State House,12A,general,Becky K. Parker,Democratic-Farmer-Labor,6058.0,26.13,False,False
2024,Minnesota,MN,State House,12B,general,Mary Franson,Republican,18571.0,76.73,True,True
2024,Minnesota,MN,State House,12B,general,Judd Hoff,Democratic-Farmer-Labor,4946.0,20.44,False,False
2024,Minnesota,MN,State House,13A,general,Lisa Demuth,Republican,19215.0,75.3,True,True
2024,Minnesota,MN,State House,13A,general,Cindy Aho,Democratic-Farmer-Labor,6282.0,24.62,False,False
2024,Minnesota,MN,State House,13B,general,Tim O'Driscoll,Republican,16467.0,68.63,True,True
2024,Minnesota,MN,State House,13B,general,Dusty Bolstad,Democratic-Farmer-Labor,7505.0,31.28,False,False
2024,Minnesota,MN,State House,14A,general,Bernie Perryman,Republican,10967.0,56.31,True,True
2024,Minnesota,MN,State House,14A,general,Abdi Daisane,Democratic-Farmer-Labor,8463.0,43.46,False,False
2024,Minnesota,MN,State House,14B,general,Dan Wolgamott,Democratic-Farmer-Labor,10004.0,50.36,True,True
2024,Minnesota,MN,State House,14B,general,Sue Ek,Republican,9814.0,49.4,False,False
2024,Minnesota,MN,State House,15A,general,Chris Swedzinski,Republican,16111.0,71.68,True,True
2024,Minnesota,MN,State House,15A,general,Anthony M Studemann,Democratic-Farmer-Labor,6347.0,28.24,False,False
2024,Minnesota,MN,State House,15B,general,Paul Torkelson,Republican,16814.0,72.65,True,True
2024,Minnesota,MN,State House,15B,general,Tom Kuster,Democratic-Farmer-Labor,6315.0,27.29,False,False
2024,Minnesota,MN,State House,16A,general,Scott Van Binsbergen,Republican,16039.0,71.6,True,False
2024,Minnesota,MN,State House,16A,general,Kathy Hegstad,Democratic-Farmer-Labor,6338.0,28.29,False,False
2024,Minnesota,MN,State House,16B,general,Dave Baker,Republican,16847.0,76.1,True,True
2024,Minnesota,MN,State House,16B,general,Josiah Ampian,Democratic-Farmer-Labor,5271.0,23.81,False,False
2024,Minnesota,MN,State House,17A,general,Dawn Gillman,Republican,17053.0,71.03,True,True
2024,Minnesota,MN,State House,17A,general,Chad Tschimperle,Democratic-Farmer-Labor,6930.0,28.87,False,False
2024,Minnesota,MN,State House,17B,general,Bobbie Harder,Republican,17424.0,70.03,True,True
2024,Minnesota,MN,State House,17B,general,Jennifer Nuesse,Democratic-Farmer-Labor,7431.0,29.87,False,False
2024,Minnesota,MN,State House,18A,general,Erica Schwartz,Republican,12282.0,51.6,True,False
2024,Minnesota,MN,State House,18A,general,Jeff Brand,Democratic-Farmer-Labor,11480.0,48.23,False,True
2024,Minnesota,MN,State House,18B,general,Luke Frederick,Democratic-Farmer-Labor,10892.0,55.64,True,True
2024,Minnesota,MN,State House,18B,general,Dar Vosburg,Republican,8650.0,44.18,False,False
2024,Minnesota,MN,State House,19A,general,Keith Allen,Republican,13366.0,64.59,True,False
2024,Minnesota,MN,State House,19A,general,Jessica Navarro,Democratic-Farmer-Labor,7311.0,35.33,False,False
2024,Minnesota,MN,State House,19B,general,Thomas J. Sexton,Republican,14620.0,66.03,True,False
2024,Minnesota,MN,State House,19B,general,Edelgard Fernandez Mejia,Democratic-Farmer-Labor,7495.0,33.85,False,False
2024,Minnesota,MN,State House,20A,general,Pam Altendorf,Republican,14333.0,57.6,True,True
2024,Minnesota,MN,State House,20A,general,Heather Arndt,Democratic-Farmer-Labor,10535.0,42.34,False,False
2024,Minnesota,MN,State House,20B,general,Steven E Jacob,Republican,16854.0,66.85,True,True
2024,Minnesota,MN,State House,20B,general,Michael Hutchinson,Democratic-Farmer-Labor,8333.0,33.05,False,False
2024,Minnesota,MN,State House,21A,general,Joe Schomacker,Republican,18669.0,83.89,True,True
2024,Minnesota,MN,State House,21A,general,Creedence Petroff,Independence,3517.0,15.8,False,False
2024,Minnesota,MN,State House,21B,general,Marj Fogelman,Republican,11983.0,66.3,True,True
2024,Minnesota,MN,State House,21B,general,Jon Wilson,Democratic-Farmer-Labor,6078.0,33.63,False,False
2024,Minnesota,MN,State House,22A,general,Bjorn Olson,Republican,15699.0,69.42,True,True
2024,Minnesota,MN,State House,22A,general,Marisa Ulmen,Democratic-Farmer-Labor,6896.0,30.49,False,False
2024,Minnesota,MN,State House,22B,general,Terry Stier,Republican,17053.0,68.74,True,False
2024,Minnesota,MN,State House,22B,general,Sara Nett-Torgrimson,Democratic-Farmer-Labor,7740.0,31.2,False,False
2024,Minnesota,MN,State House,23A,general,Peggy Bennett,Republican,15554.0,67.75,True,True
2024,Minnesota,MN,State House,23A,general,Joe Staloch,Democratic-Farmer-Labor,7379.0,32.14,False,False
2024,Minnesota,MN,State House,23B,general,Patricia Mueller,Republican,11465.0,58.34,True,False
2024,Minnesota,MN,State House,23B,general,Joseph Pacovsky,Democratic-Farmer-Labor,8174.0,41.6,False,False
2024,Minnesota,MN,State House,24A,general,Duane Quam,Republican,15661.0,63.4,True,True
2024,Minnesota,MN,State House,24A,general,Heather Holmes,Democratic-Farmer-Labor,9019.0,36.51,False,False
2024,Minnesota,MN,State House,24B,general,Dan Sepeda,Republican,9369.0,42.1,False,False
2024,Minnesota,MN,State House,24B,general,Tina Liebling,Democratic-Farmer-Labor,12863.0,57.8,True,True
2024,Minnesota,MN,State House,25A,general,Ken Navitsky,Republican,10260.0,43.89,False,False
2024,Minnesota,MN,State House,25A,general,Kim Hicks,Democratic-Farmer-Labor,13085.0,55.98,True,True
2024,Minnesota,MN,State House,25B,general,Wes Lund,Republican,7184.0,35.79,False,False
2024,Minnesota,MN,State House,25B,general,Andy Smith,Democratic-Farmer-Labor,12847.0,64.01,True,True
2024,Minnesota,MN,State House,26A,general,Aaron Repinski,Republican,12240.0,52.74,True,False
2024,Minnesota,MN,State House,26A,general,Sarah Kruger,Democratic-Farmer-Labor,10916.0,47.04,False,False
2024,Minnesota,MN,State House,26B,general,Gregory M. Davids,Republican,15714.0,63.32,True,True
2024,Minnesota,MN,State House,26B,general,Allie Wolf,Democratic-Farmer-Labor,9044.0,36.44,False,False
2024,Minnesota,MN,State House,27A,general,Shane Mekeland,Republican,17597.0,71.38,True,True
2024,Minnesota,MN,State House,27A,general,Kathryn A. Geary,Democratic-Farmer-Labor,7026.0,28.5,False,False
2024,Minnesota,MN,State House,27B,general,Bryan Lawrence,Republican,18229.0,74.09,True,True
2024,Minnesota,MN,State House,27B,general,Andrew Scouten,Democratic-Farmer-Labor,6338.0,25.76,False,False
2024,Minnesota,MN,State House,28A,general,Jimmy Gordon,Republican,17550.0,68.11,True,False
2024,Minnesota,MN,State House,28A,general,Tim Dummer,Democratic-Farmer-Labor,8163.0,31.68,False,False
2024,Minnesota,MN,State House,28B,general,Max Rymer,Republican,16768.0,65.06,True,False
2024,Minnesota,MN,State House,28B,general,Mary J Murphy,Democratic-Farmer-Labor,8983.0,34.85,False,False
2024,Minnesota,MN,State House,29A,general,Joe McDonald,Republican,18788.0,70.74,True,True
2024,Minnesota,MN,State House,29A,general,Chris Brazelton,Democratic-Farmer-Labor,7750.0,29.18,False,False
2024,Minnesota,MN,State House,29B,general,Marion (O'Neill) Rarick,Republican,15741.0,66.46,True,False
2024,Minnesota,MN,State House,29B,general,Colton Kratky,Democratic-Farmer-Labor,7909.0,33.39,False,False
2024,Minnesota,MN,State House,30A,general,Walter Hudson,Republican,16763.0,62.74,True,True
2024,Minnesota,MN,State House,30A,general,Sonja Buckmeier,Democratic-Farmer-Labor,9936.0,37.19,False,False
2024,Minnesota,MN,State House,30B,general,Paul Novotny,Republican,17075.0,65.87,True,False
2024,Minnesota,MN,State House,30B,general,Paul Bolin,Democratic-Farmer-Labor,8825.0,34.04,False,False
2024,Minnesota,MN,State House,31A,general,Harry Niska,Republican,15461.0,61.11,True,True
2024,Minnesota,MN,State House,31A,general,Dara Grimmer,Democratic-Farmer-Labor,9802.0,38.74,False,False
2024,Minnesota,MN,State House,31B,general,Peggy Scott,Republican,18727.0,70.49,True,True
2024,Minnesota,MN,State House,31B,general,Gadisa Berkessa,Democratic-Farmer-Labor,7799.0,29.36,False,False
2024,Minnesota,MN,State House,32A,general,Nolan West,Republican,14816.0,58.15,True,True
2024,Minnesota,MN,State House,32A,general,Ashton Ramsammy,Democratic-Farmer-Labor,10620.0,41.68,False,False
2024,Minnesota,MN,State House,32B,general,Alex Moe,Republican,11620.0,49.04,False,False
2024,Minnesota,MN,State House,32B,general,Matt Norris,Democratic-Farmer-Labor,12030.0,50.77,True,True
2024,Minnesota,MN,State House,33A,general,Patti Anderson,Republican,15262.0,58.01,True,True
2024,Minnesota,MN,State House,33A,general,Jake Ross,Democratic-Farmer-Labor,11020.0,41.89,False,False
2024,Minnesota,MN,State House,33B,general,Jessica L. Johnson,Republican,12913.0,48.6,False,False
2024,Minnesota,MN,State House,33B,general,Josiah Hill,Democratic-Farmer-Labor,13631.0,51.3,True,True
2024,Minnesota,MN,State House,34A,general,Danny Nadeau,Republican,15261.0,53.48,True,True
2024,Minnesota,MN,State House,34A,general,Brian Raines,Democratic-Farmer-Labor,13240.0,46.4,False,False
2024,Minnesota,MN,State House,34B,general,Scott Simmons,Republican,7950.0,36.74,False,False
2024,Minnesota,MN,State House,34B,general,Melissa Hortman,Democratic-Farmer-Labor,13649.0,63.08,True,True
2024,Minnesota,MN,State House,35A,general,Josh Jungling,Republican,10950.0,48.01,False,False
2024,Minnesota,MN,State House,35A,general,Zack Stephenson,Democratic-Farmer-Labor,11822.0,51.83,True,True
2024,Minnesota,MN,State House,35B,general,Steve Pape,Republican,11280.0,49.29,False,False
2024,Minnesota,MN,State House,35B,general,Kari Rehrauer,Democratic-Farmer-Labor,11560.0,50.51,True,False
2024,Minnesota,MN,State House,36A,general,Elliott Engen,Republican,14998.0,54.06,True,False
2024,Minnesota,MN,State House,36A,general,Janelle Calhoun,Democratic-Farmer-Labor,12714.0,45.83,False,False
2024,Minnesota,MN,State House,36B,general,Patty Bradway,Republican,12152.0,48.29,False,False
2024,Minnesota,MN,State House,36B,general,Brion Curran,Democratic-Farmer-Labor,12977.0,51.57,True,True
2024,Minnesota,MN,State House,37A,general,Kristin Robbins,Republican,15817.0,57.12,True,True
2024,Minnesota,MN,State House,37A,general,Laurie Wolfe,Democratic-Farmer-Labor,11851.0,42.8,False,False
2024,Minnesota,MN,State House,37B,general,John R. Bristol,Republican,11841.0,44.54,False,False
2024,Minnesota,MN,State House,37B,general,Kristin Bahner,Democratic-Farmer-Labor,14726.0,55.39,True,True
2024,Minnesota,MN,State House,38A,general,Brad Olson,Republican,5410.0,34.94,False,False
2024,Minnesota,MN,State House,38A,general,Huldah Hiltsley,Democratic-Farmer-Labor,10030.0,64.78,True,False
2024,Minnesota,MN,State House,38B,general,Robert Marvin,Republican,3793.0,25.42,False,False
2024,Minnesota,MN,State House,38B,general,Samantha Vang,Democratic-Farmer-Labor,11078.0,74.25,True,True
2024,Minnesota,MN,State House,39A,general,Rod Sylvester,Republican,6749.0,36.37,False,False
2024,Minnesota,MN,State House,39A,general,Erin Koegel,Democratic-Farmer-Labor,11751.0,63.33,True,True
2024,Minnesota,MN,State House,39B,general,Kt Jacobs,Republican,5875.0,28.88,False,False
2024,Minnesota,MN,State House,39B,general,Sandra Feist,Democratic-Farmer-Labor,14427.0,70.91,True,True
2024,Minnesota,MN,State House,40A,general,Kelly Moller,Democratic-Farmer-Labor,16869.0,95.87,True,True
2024,Minnesota,MN,State House,40B,general,Curtis Johnson,Democratic-Farmer-Labor,15963.0,65.19,True,False
2024,Minnesota,MN,State House,40B,general,Paul Wikstrom,Republican,8460.0,34.55,False,False
2024,Minnesota,MN,State House,41A,general,Wayne Johnson,Republican,15167.0,50.49,True,False
2024,Minnesota,MN,State House,41A,general,Lucia Wroblewski,Democratic-Farmer-Labor,14840.0,49.4,False,False
2024,Minnesota,MN,State House,41B,general,Tom Dippel,Republican,12529.0,50.94,True,False
2024,Minnesota,MN,State House,41B,general,Jen Fox,Democratic-Farmer-Labor,12019.0,48.86,False,False
2024,Minnesota,MN,State House,42A,general,Kathy Burkett,Republican,10617.0,42.58,False,False
2024,Minnesota,MN,State House,42A,general,Ned Carroll,Democratic-Farmer-Labor,14288.0,57.3,True,True
2024,Minnesota,MN,State House,42B,general,Perry Nouis,Republican,8757.0,35.96,False,False
2024,Minnesota,MN,State House,42B,general,Ginny Klevorn,Democratic-Farmer-Labor,15561.0,63.91,True,True
2024,Minnesota,MN,State House,43A,general,Todd Hesemann,Republican,6999.0,33.53,False,False
2024,Minnesota,MN,State House,43A,general,Cedrick B. Frazier,Democratic-Farmer-Labor,13845.0,66.33,True,False
2024,Minnesota,MN,State House,43B,general,Steve Merriman,Republican,6232.0,24.63,False,False
2024,Minnesota,MN,State House,43B,general,Mike Freiberg,Democratic-Farmer-Labor,19023.0,75.19,True,True
2024,Minnesota,MN,State House,44A,general,Karla J. Nelson,Republican,7255.0,37.45,False,False
2024,Minnesota,MN,State House,44A,general,Peter M Fischer,Democratic-Farmer-Labor,12085.0,62.37,True,True
2024,Minnesota,MN,State House,44B,general,Bill Dahn,Republican,8254.0,37.6,False,False
2024,Minnesota,MN,State House,44B,general,Leon M. Lillie,Democratic-Farmer-Labor,12369.0,56.35,True,True
2024,Minnesota,MN,State House,44B,general,TJ Hawthorne,Libertarian,1298.0,5.91,False,False
2024,Minnesota,MN,State House,45A,general,Andrew Myers,Republican,15897.0,55.02,True,True
2024,Minnesota,MN,State House,45A,general,Tracey Breazeale,Democratic-Farmer-Labor,12972.0,44.89,False,False
2024,Minnesota,MN,State House,45B,general,Patty Acomb,Democratic-Farmer-Labor,19625.0,95.18,True,True
2024,Minnesota,MN,State House,46A,general,John Nagel,Republican,6168.0,24.84,False,False
2024,Minnesota,MN,State House,46A,general,Larry Kraft,Democratic-Farmer-Labor,18627.0,75.02,True,False
2024,Minnesota,MN,State House,46B,general,Kim Rich,Republican,7863.0,32.21,False,False
2024,Minnesota,MN,State House,46B,general,Cheryl Youakim,Democratic-Farmer-Labor,16510.0,67.62,True,True
2024,Minnesota,MN,State House,47A,general,Teresa Whitson,Republican,9143.0,39.29,False,False
2024,Minnesota,MN,State House,47A,general,Amanda Hemmingsen-Jaeger,Democratic-Farmer-Labor,14106.0,60.62,True,True
2024,Minnesota,MN,State House,47B,general,Dwight Dorau,Republican,11867.0,45.46,False,False
2024,Minnesota,MN,State House,47B,general,Ethan Cha,Democratic-Farmer-Labor,14202.0,54.41,True,True
2024,Minnesota,MN,State House,48A,general,Jim Nash,Republican,16818.0,60.41,True,True
2024,Minnesota,MN,State House,48A,general,Nathan Kells,Democratic-Farmer-Labor,11000.0,39.51,False,False
2024,Minnesota,MN,State House,48B,general,"Lucille ""Lucy"" Rehm",Democratic-Farmer-Labor,12953.0,50.39,True,True
2024,Minnesota,MN,State House,48B,general,Caleb Steffenhagen,Republican,12728.0,49.52,False,False
2024,Minnesota,MN,State House,49A,general,Alex Falconer,Democratic-Farmer-Labor,16104.0,60.81,True,False
2024,Minnesota,MN,State House,49A,general,Stacy L. Bettison,Republican,10342.0,39.05,False,False
2024,Minnesota,MN,State House,49B,general,Carlie Kotyza-Witthuhn,Democratic-Farmer-Labor,13529.0,57.11,True,True
2024,Minnesota,MN,State House,49B,general,Wendi Russo,Republican,10138.0,42.8,False,False
2024,Minnesota,MN,State House,50A,general,Julie Greene,Democratic-Farmer-Labor,16766.0,64.57,True,False
2024,Minnesota,MN,State House,50A,general,Owen Michaelson,Republican,9161.0,35.28,False,False
2024,Minnesota,MN,State House,50B,general,Steve Elkins,Democratic-Farmer-Labor,16524.0,63.18,True,True
2024,Minnesota,MN,State House,50B,general,Bob Gust,Republican,9596.0,36.69,False,False
2024,Minnesota,MN,State House,51A,general,Michael Howard,Democratic-Farmer-Labor,15440.0,73.44,True,True
2024,Minnesota,MN,State House,51A,general,Jeffrey Thompson,Republican,5533.0,26.32,False,False
2024,Minnesota,MN,State House,51B,general,Nathan Coulter,Democratic-Farmer-Labor,13244.0,64.08,True,True
2024,Minnesota,MN,State House,51B,general,Lion Dale Johnson,Republican,7373.0,35.67,False,False
2024,Minnesota,MN,State House,52A,general,Liz Reyer,Democratic-Farmer-Labor,13784.0,60.88,True,True
2024,Minnesota,MN,State House,52A,general,Diane Anderson,Republican,8833.0,39.01,False,False
2024,Minnesota,MN,State House,52B,general,Bianca Virnig,Democratic-Farmer-Labor,15857.0,60.57,True,True
2024,Minnesota,MN,State House,52B,general,Douglas Willetts,Republican,10291.0,39.31,False,False
2024,Minnesota,MN,State House,53A,general,Mary Frances Clardy,Democratic-Farmer-Labor,14011.0,57.73,True,True
2024,Minnesota,MN,State House,53A,general,Nathan Herschbach,Republican,10226.0,42.14,False,False
2024,Minnesota,MN,State House,53B,general,Rick Hansen,Democratic-Farmer-Labor,13203.0,59.37,True,True
2024,Minnesota,MN,State House,53B,general,Aaron M. Brooksby,Republican,9002.0,40.48,False,False
2024,Minnesota,MN,State House,54A,general,Brad Tabke,Democratic-Farmer-Labor,21959.0,47.78,True,True
2024,Minnesota,MN,State House,54A,general,Aaron Paul,Republican,21930.0,49.89,False,False
2024,Minnesota,MN,State House,54A,general,All other ballots,,1035.0,4.5,False,False
2024,Minnesota,MN,State House,54B,general,Ben Bakeberg,Republican,15807.0,61.94,True,True
2024,Minnesota,MN,State House,54B,general,Jean Lee,Democratic-Farmer-Labor,9696.0,37.99,False,False
2024,Minnesota,MN,State House,55A,general,Jessica Hanson,Democratic-Farmer-Labor,12114.0,53.33,True,True
2024,Minnesota,MN,State House,55A,general,Gabriela Kroetch,Republican,10576.0,46.56,False,False
2024,Minnesota,MN,State House,55B,general,Kaela Berg,Democratic-Farmer-Labor,11616.0,59.24,True,True
2024,Minnesota,MN,State House,55B,general,Van Holston,Republican,7968.0,40.64,False,False
2024,Minnesota,MN,State House,56A,general,Robert Bierman,Democratic-Farmer-Labor,13750.0,61.22,True,True
2024,Minnesota,MN,State House,56A,general,Angela Zorn,Republican,8687.0,38.68,False,False
2024,Minnesota,MN,State House,56B,general,John Huot,Democratic-Farmer-Labor,14736.0,55.97,True,True
2024,Minnesota,MN,State House,56B,general,Angeline Anderson,Republican,11575.0,43.96,False,False
2024,Minnesota,MN,State House,57A,general,Jon Koznick,Republican,16479.0,62.55,True,True
2024,Minnesota,MN,State House,57A,general,Veda Kanitz,Democratic-Farmer-Labor,9848.0,37.38,False,False
2024,Minnesota,MN,State House,57B,general,Jeff Witte,Republican,13781.0,52.35,True,True
2024,Minnesota,MN,State House,57B,general,Brian Cohn,Democratic-Farmer-Labor,12520.0,47.56,False,False
2024,Minnesota,MN,State House,58A,general,Kristi Pursell,Democratic-Farmer-Labor,13325.0,52.43,True,True
2024,Minnesota,MN,State House,58A,general,Rita Hillmann Olson,Republican,12067.0,47.48,False,False
2024,Minnesota,MN,State House,58B,general,Drew Roach,Republican,14886.0,59.84,True,False
2024,Minnesota,MN,State House,58B,general,Ian English,Democratic-Farmer-Labor,9962.0,40.05,False,False
2024,Minnesota,MN,State House,59A,general,Fue Lee,Democratic-Farmer-Labor,11672.0,97.93,True,True
2024,Minnesota,MN,State House,59B,general,Esther Agbaje,Democratic-Farmer-Labor,16791.0,82.34,True,True
2024,Minnesota,MN,State House,59B,general,Kenneth Smoron,Republican,3549.0,17.4,False,False
2024,Minnesota,MN,State House,60A,general,Sydney Jordan,Democratic-Farmer-Labor,19684.0,84.59,True,True
2024,Minnesota,MN,State House,60A,general,Mary Holmberg,Republican,3535.0,15.19,False,False
2024,Minnesota,MN,State House,60B,general,Mohamud Noor,Democratic-Farmer-Labor,9993.0,82.7,True,True
2024,Minnesota,MN,State House,60B,general,Abigail Wolters,Republican,2041.0,16.89,False,False
2024,Minnesota,MN,State House,61A,general,Katie Jones,Democratic-Farmer-Labor,18234.0,83.92,True,False
2024,Minnesota,MN,State House,61A,general,Toya López,Green,3284.0,15.11,False,False
2024,Minnesota,MN,State House,61B,general,Jamie Long,Democratic-Farmer-Labor,23864.0,89.09,True,True
2024,Minnesota,MN,State House,61B,general,"Bob ""Again"" Carney Jr",Republican,2861.0,10.68,False,False
2024,Minnesota,MN,State House,62A,general,Aisha Gomez,Democratic-Farmer-Labor,13349.0,90.07,True,True
2024,Minnesota,MN,State House,62A,general,Alexandra (ZaZa) Hoffman Novick,Republican,1434.0,9.68,False,False
2024,Minnesota,MN,State House,62B,general,Anquam Mahamoud,Democratic-Farmer-Labor,14747.0,87.23,True,False
2024,Minnesota,MN,State House,62B,general,Bob Sullentrop,Republican,2093.0,12.38,False,False
2024,Minnesota,MN,State House,63A,general,Samantha Sencer-Mura,Democratic-Farmer-Labor,20289.0,98.76,True,False
2024,Minnesota,MN,State House,63B,general,Emma Greenman,Democratic-Farmer-Labor,22790.0,85.27,True,True
2024,Minnesota,MN,State House,63B,general,Diane Napper,Republican,3878.0,14.51,False,False
2024,Minnesota,MN,State House,64A,general,Kaohly Her,Democratic-Farmer-Labor,20441.0,83.17,True,True
2024,Minnesota,MN,State House,64A,general,Dan Walsh,Republican,4080.0,16.6,False,False
2024,Minnesota,MN,State House,64B,general,Dave Pinto,Democratic-Farmer-Labor,20922.0,80.1,True,True
2024,Minnesota,MN,State House,64B,general,Peter Donahue,Republican,5152.0,19.72,False,False
2024,Minnesota,MN,State House,65A,general,Samakab Hussein,Democratic-Farmer-Labor,10068.0,97.07,True,True
2024,Minnesota,MN,State House,65B,general,María Isa Pérez-Vega,Democratic-Farmer-Labor,15100.0,76.51,True,True
2024,Minnesota,MN,State House,65B,general,Mike Hilborn,Republican,4572.0,23.17,False,False
2024,Minnesota,MN,State House,66A,general,Leigh Finke,Democratic-Farmer-Labor,18166.0,80.99,True,True
2024,Minnesota,MN,State House,66A,general,Fadil Jama,Republican,4180.0,18.64,False,False
2024,Minnesota,MN,State House,66B,general,Athena Hollins,Democratic-Farmer-Labor,10864.0,76.12,True,True
2024,Minnesota,MN,State House,66B,general,Greg Copeland,Republican,3370.0,23.61,False,False
2024,Minnesota,MN,State House,67A,general,Liz Lee,Democratic-Farmer-Labor,9133.0,73.96,True,True
2024,Minnesota,MN,State House,67A,general,Scott Hesselgrave,Republican,3178.0,25.74,False,False
2024,Minnesota,MN,State House,67B,general,Jay Xiong,Democratic-Farmer-Labor,10610.0,74.7,True,True
2024,Minnesota,MN,State House,67B,general,Sharon Anderson,Republican,3538.0,24.91,False,False
2024,Missouri,MO,State House,1,general,Jeff Farnan,Republican,,,True,True
2024,Missouri,MO,State House,2,general,Mazzie Christensen,Republican,,,True,True
2024,Missouri,MO,State House,3,general,Danny Busick,Republican,,,True,True
2024,Missouri,MO,State House,4,general,Greg Sharpe,Republican,14066.0,82.83,True,True
2024,Missouri,MO,State House,4,general,Melissa Jo Viloria,Democratic,2916.0,17.17,False,False
2024,Missouri,MO,State House,5,general,Louis Riggs,Republican,,,True,True
2024,Missouri,MO,State House,6,general,Ed Lewis,Republican,13234.0,78.51,True,True
2024,Missouri,MO,State House,6,general,John Akins,Democratic,3622.0,21.49,False,False
2024,Missouri,MO,State House,7,general,Peggy McGaugh,Republican,14814.0,81.35,True,True
2024,Missouri,MO,State House,7,general,Terrence Fiala,Democratic,3396.0,18.65,False,False
2024,Missouri,MO,State House,8,general,Josh Hurlbert,Republican,15167.0,68.59,True,True
2024,Missouri,MO,State House,8,general,Sandy Van Wagner,Democratic,6946.0,31.41,False,False
2024,Missouri,MO,State House,9,general,Dean Van Schoiack,Republican,,,True,True
2024,Missouri,MO,State House,10,general,Bill Falkner,Republican,8154.0,61.95,True,True
2024,Missouri,MO,State House,10,general,Andrew Gibson,Democratic,5009.0,38.05,False,False
2024,Missouri,MO,State House,11,general,Brenda Shields,Republican,,,True,True
2024,Missouri,MO,State House,12,general,Mike Jones,Republican,10131.0,50.45,True,False
2024,Missouri,MO,State House,12,general,Jamie Johnson,Democratic,9952.0,49.55,False,True
2024,Missouri,MO,State House,13,general,Sean Pouche,Republican,14444.0,66.52,True,True
2024,Missouri,MO,State House,13,general,Andrea Denning,Democratic,7271.0,33.48,False,False
2024,Missouri,MO,State House,14,general,Ashley Aune,Democratic,10959.0,54.55,True,True
2024,Missouri,MO,State House,14,general,Frank Pendleton,Republican,9132.0,45.45,False,False
2024,Missouri,MO,State House,15,general,Kenneth Jamieson,Democratic,9618.0,52.96,True,False
2024,Missouri,MO,State House,15,general,Mike Jones,Republican,8543.0,47.04,False,False
2024,Missouri,MO,State House,16,general,Chris Brown,Republican,11001.0,55.7,True,True
2024,Missouri,MO,State House,16,general,Gloria Young,Democratic,8750.0,44.3,False,False
2024,Missouri,MO,State House,17,general,Bill Allen,Republican,8992.0,51.84,True,True
2024,Missouri,MO,State House,17,general,Shirley Mata,Democratic,8353.0,48.16,False,False
2024,Missouri,MO,State House,18,general,Eric Woods,Democratic,,,True,True
2024,Missouri,MO,State House,19,general,Wick Thomas,Democratic,6373.0,74.46,True,False
2024,Missouri,MO,State House,19,general,Karen I Spalding,Republican,2186.0,25.54,False,False
2024,Missouri,MO,State House,20,general,Mike Steinmeyer,Republican,9664.0,59.39,True,False
2024,Missouri,MO,State House,20,general,"Clarence Franklin, Jr.",Democratic,6608.0,40.61,False,False
2024,Missouri,MO,State House,21,general,Will Jobe,Democratic,5922.0,51.35,True,False
2024,Missouri,MO,State House,21,general,Marjain Breitenbach,Republican,5610.0,48.65,False,False
2024,Missouri,MO,State House,22,general,Yolanda Young,Democratic,9516.0,77.33,True,True
2024,Missouri,MO,State House,22,general,Mireya Barragan,Republican,2790.0,22.67,False,False
2024,Missouri,MO,State House,23,general,Michael Johnson,Democratic,6782.0,85.97,True,True
2024,Missouri,MO,State House,23,general,Daniel P. Contreras,Republican,1107.0,14.03,False,False
2024,Missouri,MO,State House,24,general,Emily Weber,Democratic,14797.0,85.03,True,True
2024,Missouri,MO,State House,24,general,Claudia S Toomim,Republican,2604.0,14.97,False,False
2024,Missouri,MO,State House,25,general,Pattie Mansur,Democratic,17477.0,76.74,True,False
2024,Missouri,MO,State House,25,general,Steven Bright,Republican,5297.0,23.26,False,False
2024,Missouri,MO,State House,26,general,Tiffany Price,Democratic,11150.0,83.76,True,False
2024,Missouri,MO,State House,26,general,Anthony Zarantonello,Republican,2162.0,16.24,False,False
2024,Missouri,MO,State House,27,general,Melissa A. Douglas,Democratic,,,True,False
2024,Missouri,MO,State House,28,general,Donna Barnes,Democratic,10287.0,68.22,True,False
2024,Missouri,MO,State House,28,general,Steven W. Hinton,Republican,4792.0,31.78,False,False
2024,Missouri,MO,State House,29,general,Aaron Crossley,Democratic,9572.0,56.19,True,True
2024,Missouri,MO,State House,29,general,Robert A. Bruette,Republican,7462.0,43.81,False,False
2024,Missouri,MO,State House,30,general,Jonathan Patterson,Republican,11830.0,53.91,True,True
2024,Missouri,MO,State House,30,general,Kevin Grover,Democratic,9854.0,44.9,False,False
2024,Missouri,MO,State House,30,general,Frank Lawrence,Green,261.0,1.19,False,False
2024,Missouri,MO,State House,31,general,Ron Fowler,Republican,10665.0,55.65,True,False
2024,Missouri,MO,State House,31,general,Jeremy Rowan,Democratic,8501.0,44.35,False,False
2024,Missouri,MO,State House,32,general,Jeff Coleman,Republican,13067.0,66.63,True,True
2024,Missouri,MO,State House,32,general,Jennifer Cassidy,Democratic,6544.0,33.37,False,False
2024,Missouri,MO,State House,33,general,Carolyn S. Caton,Republican,,,True,False
2024,Missouri,MO,State House,34,general,Kemp Strickler,Democratic,10172.0,51.81,True,True
2024,Missouri,MO,State House,34,general,JC Crossley,Republican,9463.0,48.19,False,False
2024,Missouri,MO,State House,35,general,Keri Ingle,Democratic,12494.0,57.46,True,True
2024,Missouri,MO,State House,35,general,Michael C. Green,Republican,9249.0,42.54,False,False
2024,Missouri,MO,State House,36,general,Anthony Ealy,Democratic,9304.0,61.57,True,True
2024,Missouri,MO,State House,36,general,[https://grandviewcommitteeman.com/ Dave Thomas],Republican,5806.0,38.43,False,False
2024,Missouri,MO,State House,37,general,Mark Sharp,Democratic,,,True,True
2024,Missouri,MO,State House,38,general,Martin Jacobs,Democratic,10344.0,51.28,True,False
2024,Missouri,MO,State House,38,general,Chris Lonsdale,Republican,9829.0,48.72,False,True
2024,Missouri,MO,State House,39,general,Mark Meirath,Republican,,,True,False
2024,Missouri,MO,State House,40,general,Chad Perkins,Republican,14958.0,83.38,True,True
2024,Missouri,MO,State House,40,general,Sheri Jay,Libertarian,2981.0,16.62,False,False
2024,Missouri,MO,State House,41,general,Doyle Justus,Republican,15505.0,76.91,True,True
2024,Missouri,MO,State House,41,general,Hans H Stock,Democratic,4133.0,20.5,False,False
2024,Missouri,MO,State House,41,general,Dalton P. Johnson,Libertarian,521.0,2.58,False,False
2024,Missouri,MO,State House,42,general,Jeff Myers,Republican,16261.0,77.4,True,True
2024,Missouri,MO,State House,42,general,Shaun Sparks,Democratic,4748.0,22.6,False,False
2024,Missouri,MO,State House,43,general,Kent Haden,Republican,13257.0,78.47,True,True
2024,Missouri,MO,State House,43,general,Erik Richardson,Democratic,3637.0,21.53,False,False
2024,Missouri,MO,State House,44,general,John Martin,Republican,12864.0,64.69,True,False
2024,Missouri,MO,State House,44,general,Dave Raithel,Democratic,7023.0,35.31,False,False
2024,Missouri,MO,State House,45,general,Kathy Steinhoff,Democratic,,,True,True
2024,Missouri,MO,State House,46,general,David Tyson Smith,Democratic,,,True,True
2024,Missouri,MO,State House,47,general,Adrian Plank,Democratic,11600.0,54.53,True,True
2024,Missouri,MO,State House,47,general,John Potter,Republican,9672.0,45.47,False,False
2024,Missouri,MO,State House,48,general,Tim Taylor,Republican,14478.0,77.4,True,True
2024,Missouri,MO,State House,48,general,Joseph Jefferies,Democratic,4228.0,22.6,False,False
2024,Missouri,MO,State House,49,general,Jim Schulte,Republican,13147.0,72.7,True,True
2024,Missouri,MO,State House,49,general,Jessica O’Neal-Slisz,Democratic,4937.0,27.3,False,False
2024,Missouri,MO,State House,50,general,Gregg Bush,Democratic,10329.0,56.01,True,False
2024,Missouri,MO,State House,50,general,John T. Lane,Republican,8111.0,43.99,False,False
2024,Missouri,MO,State House,51,general,Mark W Nolte,Republican,12409.0,73.92,True,False
2024,Missouri,MO,State House,51,general,Glenda Bainbridge,Democratic,4377.0,26.08,False,False
2024,Missouri,MO,State House,52,general,Brad Pollitt,Republican,11020.0,74.28,True,True
2024,Missouri,MO,State House,52,general,Rene Vance,Democratic,3816.0,25.72,False,False
2024,Missouri,MO,State House,53,general,Terry Thompson,Republican,13550.0,72.89,True,True
2024,Missouri,MO,State House,53,general,Beth Grubb,Democratic,5039.0,27.11,False,False
2024,Missouri,MO,State House,54,general,Brandon Phelps,Republican,11614.0,70.28,True,False
2024,Missouri,MO,State House,54,general,Eric Stevens,Democratic,4911.0,29.72,False,False
2024,Missouri,MO,State House,55,general,William (Bill) Irwin,Republican,,,True,False
2024,Missouri,MO,State House,56,general,Michael Davis,Republican,9871.0,54.17,True,True
2024,Missouri,MO,State House,56,general,Pam Jenkins Hatcher,Democratic,8353.0,45.83,False,False
2024,Missouri,MO,State House,57,general,Rodger Reedy,Republican,15240.0,81.21,True,True
2024,Missouri,MO,State House,57,general,Michael D. Walbom,Democratic,3526.0,18.79,False,False
2024,Missouri,MO,State House,58,general,Willard Haley,Republican,,,True,True
2024,Missouri,MO,State House,59,general,Rudy Veit,Republican,,,True,True
2024,Missouri,MO,State House,60,general,Dave Griffith,Republican,10412.0,62.56,True,True
2024,Missouri,MO,State House,60,general,Jamie Howard,Democratic,6232.0,37.44,False,False
2024,Missouri,MO,State House,61,general,Bruce Sassmann,Republican,,,True,True
2024,Missouri,MO,State House,62,general,Sherri Gallick,Republican,,,True,True
2024,Missouri,MO,State House,63,general,Tricia Byrnes,Republican,12167.0,65.43,True,True
2024,Missouri,MO,State House,63,general,Jenna Roberson,Democratic,6428.0,34.57,False,False
2024,Missouri,MO,State House,64,general,Deanna Self,Republican,16576.0,99.73,True,False
2024,Missouri,MO,State House,64,general,Arnie C. AC (Arn) Dienoff,Write-in,45.0,0.27,False,False
2024,Missouri,MO,State House,65,general,Wendy Hausman,Republican,,,True,True
2024,Missouri,MO,State House,66,general,Marlene Terry,Democratic,,,True,True
2024,Missouri,MO,State House,67,general,Tonya Rush,Democratic,,,True,False
2024,Missouri,MO,State House,68,general,Kem Smith,Democratic,,,True,False
2024,Missouri,MO,State House,69,general,Scott A. Miler,Republican,12262.0,57.74,True,False
2024,Missouri,MO,State House,69,general,Chris Chapman,Democratic,8974.0,42.26,False,False
2024,Missouri,MO,State House,70,general,Stephanie Boykin,Democratic,11008.0,79.13,True,False
2024,Missouri,MO,State House,70,general,Dustin Coffell,Libertarian,2904.0,20.87,False,False
2024,Missouri,MO,State House,71,general,LaDonna Appelbaum,Democratic,,,True,True
2024,Missouri,MO,State House,72,general,Doug Clemens,Democratic,,,True,True
2024,Missouri,MO,State House,73,general,Raychel Proudie,Democratic,,,True,True
2024,Missouri,MO,State House,74,general,Marla Smith,Democratic,10195.0,83.61,True,False
2024,Missouri,MO,State House,74,general,Jack Howard,Republican,1999.0,16.39,False,False
2024,Missouri,MO,State House,75,general,Chanel Mosley,Democratic,,,True,False
2024,Missouri,MO,State House,76,general,Marlon Anderson,Democratic,10927.0,90.5,True,True
2024,Missouri,MO,State House,76,general,Cameron McCarty,Libertarian,1147.0,9.5,False,False
2024,Missouri,MO,State House,77,general,Kimberly-Ann Collins,Democratic,,,True,True
2024,Missouri,MO,State House,78,general,Marty (Joe) Murray,Democratic,9788.0,88.44,True,False
2024,Missouri,MO,State House,78,general,Jim Povolish,Republican,1280.0,11.56,False,False
2024,Missouri,MO,State House,79,general,LaKeySha Frazier-Bosley,Democratic,,,True,True
2024,Missouri,MO,State House,80,general,Elizabeth (Lilly) Fuchs,Democratic,12115.0,84.18,True,False
2024,Missouri,MO,State House,80,general,Kirk Hilzinger,Republican,2277.0,15.82,False,False
2024,Missouri,MO,State House,81,general,Steve Butz,Democratic,10407.0,78.08,True,True
2024,Missouri,MO,State House,81,general,Jake Koehr,Republican,2921.0,21.92,False,False
2024,Missouri,MO,State House,82,general,Nick Kimble,Democratic,16013.0,73.96,True,False
2024,Missouri,MO,State House,82,general,Donald W. Flecke,Republican,5639.0,26.04,False,False
2024,Missouri,MO,State House,83,general,Ray Reed,Democratic,14337.0,76.93,True,False
2024,Missouri,MO,State House,83,general,Andrew Bolin,Libertarian,3704.0,19.87,False,False
2024,Missouri,MO,State House,83,general,James Annala,Green,596.0,3.2,False,False
2024,Missouri,MO,State House,84,general,Del Taylor,Democratic,11470.0,87.91,True,True
2024,Missouri,MO,State House,84,general,Richard (Ricky) Cowell,Republican,1577.0,12.09,False,False
2024,Missouri,MO,State House,85,general,Yolonda Fountain Henderson,Democratic,,,True,True
2024,Missouri,MO,State House,86,general,Jeff Hales,Democratic,,,True,True
2024,Missouri,MO,State House,87,general,Connie Steinmetz,Democratic,10267.0,61.88,True,False
2024,Missouri,MO,State House,87,general,John Rommel,Republican,6324.0,38.12,False,False
2024,Missouri,MO,State House,88,general,Holly Jones,Republican,12960.0,59.91,True,True
2024,Missouri,MO,State House,88,general,John Kiehne,Democratic,8674.0,40.09,False,False
2024,Missouri,MO,State House,89,general,George Hruza,Republican,12711.0,57.3,True,False
2024,Missouri,MO,State House,89,general,Eric Morse,Democratic,9471.0,42.7,False,False
2024,Missouri,MO,State House,90,general,Mark Boyko,Democratic,13670.0,60.64,True,False
2024,Missouri,MO,State House,90,general,Scott Mathewson,Republican,8874.0,39.36,False,False
2024,Missouri,MO,State House,91,general,Jo Doll,Democratic,,,True,True
2024,Missouri,MO,State House,92,general,Michael Burton,Democratic,10244.0,54.29,True,True
2024,Missouri,MO,State House,92,general,Kenneth Abram,Republican,8626.0,45.71,False,False
2024,Missouri,MO,State House,93,general,Bridget Walsh Moore,Democratic,8416.0,68.82,True,True
2024,Missouri,MO,State House,93,general,James O'Donnell,Libertarian,3813.0,31.18,False,False
2024,Missouri,MO,State House,94,general,Jim Murphy,Republican,10457.0,56.34,True,True
2024,Missouri,MO,State House,94,general,Kyle W. Kerns,Democratic,8103.0,43.66,False,False
2024,Missouri,MO,State House,95,general,Michael O'Donnell,Republican,13311.0,61.52,True,True
2024,Missouri,MO,State House,95,general,Deb Langland,Democratic,8327.0,38.48,False,False
2024,Missouri,MO,State House,96,general,Brad Christ,Republican,12297.0,55.23,True,True
2024,Missouri,MO,State House,96,general,Leslie Derrington,Democratic,9967.0,44.77,False,False
2024,Missouri,MO,State House,97,general,David Casteel,Republican,11459.0,64.49,True,True
2024,Missouri,MO,State House,97,general,Dan Schaefer,Democratic,6309.0,35.51,False,False
2024,Missouri,MO,State House,98,general,Jaclyn Zimmerman,Democratic,10758.0,52.3,True,False
2024,Missouri,MO,State House,98,general,Carol Veillette,Republican,9813.0,47.7,False,False
2024,Missouri,MO,State House,99,general,Ian Mackey,Democratic,,,True,True
2024,Missouri,MO,State House,100,general,Philip Oehlerking,Republican,10954.0,50.33,True,True
2024,Missouri,MO,State House,100,general,Colin Lovett,Democratic,10811.0,49.67,False,False
2024,Missouri,MO,State House,101,general,Ben Keathley,Republican,12246.0,54.56,True,True
2024,Missouri,MO,State House,101,general,Jacqueline Cotton,Democratic,10198.0,45.44,False,False
2024,Missouri,MO,State House,102,general,Richard West,Republican,14344.0,64.56,True,True
2024,Missouri,MO,State House,102,general,Alex Hissong,Democratic,7873.0,35.44,False,False
2024,Missouri,MO,State House,103,general,Dave Hinman,Republican,10286.0,56.95,True,True
2024,Missouri,MO,State House,103,general,Amanda Taylor,Democratic,7776.0,43.05,False,False
2024,Missouri,MO,State House,104,general,Terri Violet,Republican,10929.0,54.91,True,False
2024,Missouri,MO,State House,104,general,Tara L Murray,Democratic,8974.0,45.09,False,False
2024,Missouri,MO,State House,105,general,Colin Wellenkamp,Republican,8178.0,52.91,True,False
2024,Missouri,MO,State House,105,general,Ron Odenthal,Democratic,7280.0,47.09,False,False
2024,Missouri,MO,State House,106,general,Travis Wilson,Republican,11236.0,55.28,True,True
2024,Missouri,MO,State House,106,general,Karen Edge,Democratic,9091.0,44.72,False,False
2024,Missouri,MO,State House,107,general,Mark Matthiesen,Republican,11930.0,60.5,True,True
2024,Missouri,MO,State House,107,general,Gary Wester,Democratic,7789.0,39.5,False,False
2024,Missouri,MO,State House,108,general,Mike Costlow,Republican,13059.0,62.77,True,False
2024,Missouri,MO,State House,108,general,Susan Shumway,Democratic,7434.0,35.74,False,False
2024,Missouri,MO,State House,108,general,Patrick Andrew Miller,Green,311.0,1.5,False,False
2024,Missouri,MO,State House,109,general,John Simmons,Republican,16043.0,72.24,True,False
2024,Missouri,MO,State House,109,general,Eleanor Maynard,Democratic,6165.0,27.76,False,False
2024,Missouri,MO,State House,110,general,Justin Sparks,Republican,14683.0,62.67,True,True
2024,Missouri,MO,State House,110,general,Josh Thackston,Democratic,8747.0,37.33,False,False
2024,Missouri,MO,State House,111,general,Cecile Williams,Republican,,,True,False
2024,Missouri,MO,State House,112,general,Renee Reuter,Republican,13697.0,69.3,True,True
2024,Missouri,MO,State House,112,general,Dave Rekosh,Democratic,6068.0,30.7,False,False
2024,Missouri,MO,State House,113,general,Phil Amato,Republican,,,True,True
2024,Missouri,MO,State House,114,general,Ken Waller,Republican,13374.0,69.98,True,True
2024,Missouri,MO,State House,114,general,Jessie Shepherd,Democratic,5738.0,30.02,False,False
2024,Missouri,MO,State House,115,general,Bill Lucas,Republican,13736.0,73.89,True,False
2024,Missouri,MO,State House,115,general,David George,Democratic,4853.0,26.11,False,False
2024,Missouri,MO,State House,116,general,Dale Wright,Republican,12847.0,83.43,True,True
2024,Missouri,MO,State House,116,general,Ethan Jones,Libertarian,2552.0,16.57,False,False
2024,Missouri,MO,State House,117,general,Becky Laubinger,Republican,11965.0,75.95,True,False
2024,Missouri,MO,State House,117,general,Casey Cassidy,Democratic,3788.0,24.05,False,False
2024,Missouri,MO,State House,118,general,Mike McGirl,Republican,,,True,True
2024,Missouri,MO,State House,119,general,Brad Banderman,Republican,12751.0,71.93,True,True
2024,Missouri,MO,State House,119,general,Amy Thompson,Democratic,4976.0,28.07,False,False
2024,Missouri,MO,State House,120,general,John W. Hewkin,Republican,13989.0,80.05,True,False
2024,Missouri,MO,State House,120,general,Jen Tracy,Democratic,3487.0,19.95,False,False
2024,Missouri,MO,State House,121,general,Bill Hardwick,Republican,5601.0,71.53,True,True
2024,Missouri,MO,State House,121,general,Brandon Swartz,Democratic,2229.0,28.47,False,False
2024,Missouri,MO,State House,122,general,Tara Peters,Republican,11524.0,73.11,True,True
2024,Missouri,MO,State House,122,general,Tara Anura,Democratic,4238.0,26.89,False,False
2024,Missouri,MO,State House,123,general,Jeff Vernetti,Republican,17208.0,76.58,True,False
2024,Missouri,MO,State House,123,general,Nancy Bates,Democratic,5262.0,23.42,False,False
2024,Missouri,MO,State House,124,general,Don Mayhew,Republican,15637.0,82.81,True,True
2024,Missouri,MO,State House,124,general,Tara Hallmark,Democratic,3247.0,17.19,False,False
2024,Missouri,MO,State House,125,general,Dane Diehl,Republican,14970.0,83.64,True,True
2024,Missouri,MO,State House,125,general,Lynda Jones,Democratic,2929.0,16.36,False,False
2024,Missouri,MO,State House,126,general,Jim Kalberloh,Republican,14800.0,79.17,True,True
2024,Missouri,MO,State House,126,general,Kirsten Hockaday,Democratic,3894.0,20.83,False,False
2024,Missouri,MO,State House,127,general,Ann Kelley,Republican,16473.0,85.46,True,True
2024,Missouri,MO,State House,127,general,Marvin Manring,Democratic,2802.0,14.54,False,False
2024,Missouri,MO,State House,128,general,Christopher D Warwick,Republican,15497.0,81.78,True,False
2024,Missouri,MO,State House,128,general,Rich Horton,Democratic,3453.0,18.22,False,False
2024,Missouri,MO,State House,129,general,John Black,Republican,15751.0,82.32,True,True
2024,Missouri,MO,State House,129,general,Louise Hansen,Democratic,3382.0,17.68,False,False
2024,Missouri,MO,State House,130,general,Bishop Davidson,Republican,12578.0,67.86,True,True
2024,Missouri,MO,State House,130,general,Leslie Jones,Democratic,5957.0,32.14,False,False
2024,Missouri,MO,State House,131,general,Bill Owen,Republican,15781.0,75.95,True,True
2024,Missouri,MO,State House,131,general,Ashley Cossins,Democratic,4997.0,24.05,False,False
2024,Missouri,MO,State House,132,general,Jeremy Dean,Democratic,5450.0,51.61,True,False
2024,Missouri,MO,State House,132,general,Stephanos Freeman,Republican,5109.0,48.39,False,False
2024,Missouri,MO,State House,133,general,Melanie Stinnett,Republican,7431.0,56.12,True,True
2024,Missouri,MO,State House,133,general,Derrick Nowlin,Democratic,5810.0,43.88,False,False
2024,Missouri,MO,State House,134,general,Alex Riley,Republican,,,True,True
2024,Missouri,MO,State House,135,general,Betsy Fogle,Democratic,8529.0,55.01,True,True
2024,Missouri,MO,State House,135,general,Michael Hasty,Republican,6974.0,44.99,False,False
2024,Missouri,MO,State House,136,general,Stephanie Hein,Democratic,9329.0,51.0,True,True
2024,Missouri,MO,State House,136,general,Jim Robinette,Republican,8964.0,49.0,False,False
2024,Missouri,MO,State House,137,general,Darin Chappell,Republican,16584.0,70.35,True,True
2024,Missouri,MO,State House,137,general,Bryce Lockwood,Democratic,6988.0,29.65,False,False
2024,Missouri,MO,State House,138,general,Burt Whaley,Republican,,,True,False
2024,Missouri,MO,State House,139,general,Bob Titus,Republican,16312.0,75.02,True,True
2024,Missouri,MO,State House,139,general,Mark Gray,Democratic,5432.0,24.98,False,False
2024,Missouri,MO,State House,140,general,Jamie Gragg,Republican,15895.0,76.45,True,True
2024,Missouri,MO,State House,140,general,Julie Curran,Democratic,4897.0,23.55,False,False
2024,Missouri,MO,State House,141,general,Melissa Schmidt,Republican,17657.0,88.16,True,False
2024,Missouri,MO,State House,141,general,Michael Bates,Democratic,2372.0,11.84,False,False
2024,Missouri,MO,State House,142,general,Jeff Knight,Republican,,,True,True
2024,Missouri,MO,State House,143,general,Bennie Cook,Republican,16299.0,85.6,True,True
2024,Missouri,MO,State House,143,general,Bernadette Holzer,Democratic,2742.0,14.4,False,False
2024,Missouri,MO,State House,144,general,Tony R Harbison,Republican,15749.0,82.59,True,False
2024,Missouri,MO,State House,144,general,Andrew J. Eye,Democratic,3320.0,17.41,False,False
2024,Missouri,MO,State House,145,general,Bryant Wolfin,Republican,,,True,False
2024,Missouri,MO,State House,146,general,Barry Hovis,Republican,,,True,True
2024,Missouri,MO,State House,147,general,John Voss,Republican,9362.0,61.95,True,True
2024,Missouri,MO,State House,147,general,J. Michael Davis,Democratic,5118.0,33.87,False,False
2024,Missouri,MO,State House,147,general,Greg Tlapek,Libertarian,632.0,4.18,False,False
2024,Missouri,MO,State House,148,general,David A Dolan,Republican,,,True,False
2024,Missouri,MO,State House,149,general,Donnie Brown,Republican,,,True,True
2024,Missouri,MO,State House,150,general,Cameron Parker,Republican,11859.0,82.2,True,True
2024,Missouri,MO,State House,150,general,Kay Collier,Democratic,2568.0,17.8,False,False
2024,Missouri,MO,State House,151,general,Steve W Jordan,Republican,15972.0,85.21,True,False
2024,Missouri,MO,State House,151,general,Donnie Lynn Hovis Jr.,Democratic,2773.0,14.79,False,False
2024,Missouri,MO,State House,152,general,Hardy Billington,Republican,,,True,True
2024,Missouri,MO,State House,153,general,Keith W. Elliott,Republican,16984.0,85.35,True,False
2024,Missouri,MO,State House,153,general,Sheila Bristol,Democratic,2916.0,14.65,False,False
2024,Missouri,MO,State House,154,general,Lisa Durnell,Republican,15196.0,84.78,True,False
2024,Missouri,MO,State House,154,general,JoJo Stewart,Democratic,2728.0,15.22,False,False
2024,Missouri,MO,State House,155,general,Matthew Overcast,Republican,17480.0,83.03,True,False
2024,Missouri,MO,State House,155,general,Courtney Sweeney-Legore,Democratic,3573.0,16.97,False,False
2024,Missouri,MO,State House,156,general,Brian Seitz,Republican,13399.0,78.9,True,True
2024,Missouri,MO,State House,156,general,Janis Beacham,Democratic,3583.0,21.1,False,False
2024,Missouri,MO,State House,157,general,Mitch Boggs,Republican,,,True,True
2024,Missouri,MO,State House,158,general,Scott Cupps,Republican,14924.0,85.09,True,True
2024,Missouri,MO,State House,158,general,Yma Sautbine,Democratic,2616.0,14.91,False,False
2024,Missouri,MO,State House,159,general,Dirk Deaton,Republican,,,True,True
2024,Missouri,MO,State House,160,general,Ben Baker,Republican,14416.0,77.92,True,True
2024,Missouri,MO,State House,160,general,Rebecca Stipp Jensen,Democratic,4085.0,22.08,False,False
2024,Missouri,MO,State House,161,general,Lane Roberts,Republican,8490.0,63.96,True,True
2024,Missouri,MO,State House,161,general,Shawna Ackerson,Democratic,4783.0,36.04,False,False
2024,Missouri,MO,State House,162,general,Bob Bromley,Republican,,,True,True
2024,Missouri,MO,State House,163,general,Cathy Jo Loy,Republican,11855.0,78.34,True,False
2024,Missouri,MO,State House,163,general,Philip D. Wilson,Democratic,3278.0,21.66,False,False
2024,Montana,MT,State House,1,general,Neil Duram,Republican,5541.0,79.97,True,True
2024,Montana,MT,State House,1,general,Dakota Adams,Democratic,1388.0,20.03,False,False
2024,Montana,MT,State House,2,general,Tom Millett,Republican,4600.0,78.7,True,False
2024,Montana,MT,State House,2,general,Brad Simonis,Democratic,1245.0,21.3,False,False
2024,Montana,MT,State House,3,general,Debo Powers,Democratic,3554.0,51.78,True,False
2024,Montana,MT,State House,3,general,Cathy Mitchell,Republican,3310.0,48.22,False,False
2024,Montana,MT,State House,4,general,Lyn Bennett,Republican,3171.0,52.04,True,False
2024,Montana,MT,State House,4,general,Lindsey Jordan,Democratic,2922.0,47.96,False,False
2024,Montana,MT,State House,5,general,Braxton Mitchell,Republican,4671.0,73.85,True,True
2024,Montana,MT,State House,5,general,Steve Paugh,Democratic,1654.0,26.15,False,False
2024,Montana,MT,State House,6,general,Amy Regier,Republican,5131.0,69.52,True,True
2024,Montana,MT,State House,6,general,Velvet Phillips-Sullivan,Democratic,2250.0,30.48,False,False
2024,Montana,MT,State House,7,general,Courtenay Sprunger,Republican,3081.0,65.36,True,True
2024,Montana,MT,State House,7,general,Arthur Fretheim,Democratic,1633.0,34.64,False,False
2024,Montana,MT,State House,8,general,Lukas Schubert,Republican,4030.0,70.69,True,False
2024,Montana,MT,State House,8,general,Beth Sibert,Democratic,1671.0,29.31,False,False
2024,Montana,MT,State House,9,general,Steven Kelly,Republican,4807.0,74.55,True,False
2024,Montana,MT,State House,9,general,Joanne Morrow,Democratic,1641.0,25.45,False,False
2024,Montana,MT,State House,10,general,Terry Falk,Republican,4350.0,74.96,True,True
2024,Montana,MT,State House,10,general,Devin Marconi,Democratic,1453.0,25.04,False,False
2024,Montana,MT,State House,11,general,Ed Byrne,Republican,5214.0,75.8,True,False
2024,Montana,MT,State House,11,general,Jennifer Allen,Democratic,1665.0,24.2,False,False
2024,Montana,MT,State House,12,general,Tracy Sharp,Republican,5117.0,70.83,True,False
2024,Montana,MT,State House,12,general,Barry Olson,Democratic,2107.0,29.17,False,False
2024,Montana,MT,State House,13,general,Linda Reksten,Republican,3589.0,60.72,True,True
2024,Montana,MT,State House,13,general,Shirley Azzopardi,Democratic,2322.0,39.28,False,False
2024,Montana,MT,State House,14,general,Paul Fielder,Republican,5133.0,75.01,True,True
2024,Montana,MT,State House,14,general,Colleen Hinds,Democratic,1710.0,24.99,False,False
2024,Montana,MT,State House,15,general,Thedis Crowe,Democratic,2087.0,51.84,True,False
2024,Montana,MT,State House,15,general,Ralph Foster,Republican,1939.0,48.16,False,False
2024,Montana,MT,State House,16,general,Tyson Running Wolf,Democratic,2455.0,59.34,True,True
2024,Montana,MT,State House,16,general,Elaine Utterback Mitchell,Republican,1682.0,40.66,False,False
2024,Montana,MT,State House,17,general,Zachary Wirth,Republican,4807.0,75.3,True,True
2024,Montana,MT,State House,17,general,Leonard Bates,Democratic,1577.0,24.7,False,False
2024,Montana,MT,State House,18,general,Llew Jones,Republican,3982.0,73.43,True,True
2024,Montana,MT,State House,18,general,David Arends,Democratic,1441.0,26.57,False,False
2024,Montana,MT,State House,19,general,Jane Weber,Democratic,1798.0,54.67,True,False
2024,Montana,MT,State House,19,general,Hannah Trebas,Republican,1491.0,45.33,False,False
2024,Montana,MT,State House,20,general,Melissa Nikolakakos,Republican,2686.0,53.58,True,False
2024,Montana,MT,State House,20,general,Rina Fontana Moore,Democratic,2327.0,46.42,False,False
2024,Montana,MT,State House,21,general,Ed Buttrey,Republican,3662.0,67.56,True,True
2024,Montana,MT,State House,21,general,Lela Graham,Democratic,1758.0,32.44,False,False
2024,Montana,MT,State House,22,general,George Nikolakakos,Republican,2017.0,61.57,True,True
2024,Montana,MT,State House,22,general,Ronald K. Paulick,Democratic,1225.0,37.39,False,False
2024,Montana,MT,State House,22,general,James Whitaker (write-in),Republican,34.0,1.04,False,False
2024,Montana,MT,State House,23,general,Eric Tilleman,Republican,2504.0,56.24,True,True
2024,Montana,MT,State House,23,general,Sandor R. Hopkins,Democratic,1811.0,40.68,False,False
2024,Montana,MT,State House,23,general,Kevin Leatherbarrow,Libertarian,137.0,3.08,False,False
2024,Montana,MT,State House,24,general,Steve Fitzpatrick,Republican,4019.0,100.0,True,False
2024,Montana,MT,State House,25,general,Steve Gist,Republican,4088.0,75.34,True,True
2024,Montana,MT,State House,25,general,James Rickley,Democratic,1338.0,24.66,False,False
2024,Montana,MT,State House,26,general,Russ Miner,Republican,5054.0,100.0,True,True
2024,Montana,MT,State House,27,general,Paul Tuss,Democratic,2329.0,52.47,True,True
2024,Montana,MT,State House,27,general,Ed Hill,Republican,2110.0,47.53,False,False
2024,Montana,MT,State House,28,general,Eric Albus,Republican,4118.0,77.07,True,False
2024,Montana,MT,State House,28,general,Blake Borst,Democratic,1225.0,22.93,False,False
2024,Montana,MT,State House,29,general,Valerie Moore,Republican,5026.0,100.0,True,False
2024,Montana,MT,State House,30,general,Morgan Thiel,Republican,4281.0,100.0,True,False
2024,Montana,MT,State House,31,general,Frank Smith,Democratic,2182.0,59.9,True,True
2024,Montana,MT,State House,31,general,Kevin Taylor,Republican,1461.0,40.1,False,False
2024,Montana,MT,State House,32,general,Mike Fox,Democratic,2240.0,59.78,True,False
2024,Montana,MT,State House,32,general,Jason Ulrich,Republican,1507.0,40.22,False,False
2024,Montana,MT,State House,33,general,Brandon Ler,Republican,4576.0,94.56,True,True
2024,Montana,MT,State House,33,general,Kathy Hoiland (write-in),Republican,263.0,5.44,False,False
2024,Montana,MT,State House,34,general,Jerry Schillinger,Republican,5554.0,100.0,True,True
2024,Montana,MT,State House,35,general,Gary Parry,Republican,4780.0,80.69,True,True
2024,Montana,MT,State House,35,general,Kim Kreider,Democratic,1144.0,19.31,False,False
2024,Montana,MT,State House,36,general,Greg Kmetz,Republican,3558.0,70.08,True,True
2024,Montana,MT,State House,36,general,Stan Taylor,Democratic,1519.0,29.92,False,False
2024,Montana,MT,State House,37,general,Shane Klakken,Republican,4684.0,74.37,True,False
2024,Montana,MT,State House,37,general,Andrea Payne,Democratic,1614.0,25.63,False,False
2024,Montana,MT,State House,38,general,Greg Oblander,Republican,5894.0,100.0,True,True
2024,Montana,MT,State House,39,general,Kerri Seekins-Crowe,Republican,3151.0,65.99,True,True
2024,Montana,MT,State House,39,general,Melissa Smith,Democratic,1624.0,34.01,False,False
2024,Montana,MT,State House,40,general,Mike Vinton,Republican,3679.0,74.47,True,False
2024,Montana,MT,State House,40,general,Bob Auch,Democratic,1261.0,25.53,False,False
2024,Montana,MT,State House,41,general,Jade Sooktis,Democratic,1839.0,63.81,True,False
2024,Montana,MT,State House,41,general,Dean Wallowing Bull,Republican,1042.0,36.16,False,False
2024,Montana,MT,State House,41,general,Rae Peppers (write-in),Democratic,1.0,0.03,False,False
2024,Montana,MT,State House,42,general,Sidney Fitzpatrick,Democratic,1922.0,52.56,True,False
2024,Montana,MT,State House,42,general,Bill Hodges,Republican,1735.0,47.44,False,False
2024,Montana,MT,State House,43,general,Larry Brewster,Republican,2965.0,64.26,True,True
2024,Montana,MT,State House,43,general,Alexander Clark,Democratic,1649.0,35.74,False,False
2024,Montana,MT,State House,44,general,Katie Zolnikov,Republican,4508.0,100.0,True,True
2024,Montana,MT,State House,45,general,Denise Baum,Democratic,2603.0,52.94,True,True
2024,Montana,MT,State House,45,general,Kassidy Olson,Republican,2314.0,47.06,False,False
2024,Montana,MT,State House,46,general,Emma Kerr-Carpenter,Democratic,2507.0,52.91,True,True
2024,Montana,MT,State House,46,general,Starr Emery,Republican,2231.0,47.09,False,False
2024,Montana,MT,State House,47,general,James Reavis,Democratic,1819.0,52.88,True,False
2024,Montana,MT,State House,47,general,Stephanie Moncada,Republican,1621.0,47.12,False,False
2024,Montana,MT,State House,48,general,Curtis Schomer,Republican,2565.0,57.14,True,False
2024,Montana,MT,State House,48,general,Anne Ross,Democratic,1924.0,42.86,False,False
2024,Montana,MT,State House,49,general,Sherry Essmann,Republican,3063.0,62.46,True,True
2024,Montana,MT,State House,49,general,Rudolf Haden,Democratic,1841.0,37.54,False,False
2024,Montana,MT,State House,50,general,Anthony Nicastro,Republican,4019.0,66.19,True,False
2024,Montana,MT,State House,50,general,Shawn C. Giesick,Democratic,2053.0,33.81,False,False
2024,Montana,MT,State House,51,general,Jodee Etchart,Republican,3124.0,57.38,True,True
2024,Montana,MT,State House,51,general,Janna Hafer,Nonpartisan,2320.0,42.62,False,False
2024,Montana,MT,State House,52,general,Bill Mercer,Republican,4522.0,67.65,True,True
2024,Montana,MT,State House,52,general,Carole Boerner,Democratic,2162.0,32.35,False,False
2024,Montana,MT,State House,53,general,Nelly Nicol,Republican,4838.0,75.9,True,True
2024,Montana,MT,State House,53,general,Ellie Kerns,Democratic,1536.0,24.1,False,False
2024,Montana,MT,State House,54,general,Lee Deming,Republican,4247.0,66.23,True,True
2024,Montana,MT,State House,55,general,Brad Barker,Republican,4931.0,65.95,True,True
2024,Montana,MT,State House,55,general,Kim Gillan,Democratic,2546.0,34.05,False,False
2024,Montana,MT,State House,56,general,Fiona Nave,Republican,6005.0,100.0,True,True
2024,Montana,MT,State House,57,general,Scott Rosenzweig,Democratic,3802.0,50.11,True,False
2024,Montana,MT,State House,57,general,Marty Malone,Republican,3785.0,49.89,False,True
2024,Montana,MT,State House,58,general,Jamie Isaly,Democratic,3690.0,53.59,True,False
2024,Montana,MT,State House,58,general,Jason Gunderson,Republican,3196.0,46.41,False,False
2024,Montana,MT,State House,59,general,Ed Stafman,Democratic,4851.0,62.82,True,True
2024,Montana,MT,State House,59,general,Marc Greendorfer,Republican,2871.0,37.18,False,False
2024,Montana,MT,State House,60,general,Alanah Griffith,Democratic,3338.0,52.16,True,False
2024,Montana,MT,State House,60,general,Jerry Johnson,Republican,3062.0,47.84,False,False
2024,Montana,MT,State House,61,general,Becky Edwards,Democratic,2695.0,71.35,True,False
2024,Montana,MT,State House,61,general,Thomas Carlson,Republican,1082.0,28.65,False,False
2024,Montana,MT,State House,62,general,Josh Seckinger,Democratic,2926.0,51.06,True,False
2024,Montana,MT,State House,62,general,Owen Lang,Republican,2804.0,48.94,False,False
2024,Montana,MT,State House,63,general,Peter Strand,Democratic,3255.0,53.42,True,False
2024,Montana,MT,State House,63,general,Mark Lewis,Republican,2838.0,46.58,False,False
2024,Montana,MT,State House,64,general,Kelly Kortum,Democratic,3177.0,54.31,True,True
2024,Montana,MT,State House,64,general,Jolene Crum,Republican,2673.0,45.69,False,False
2024,Montana,MT,State House,65,general,Brian Close,Democratic,3456.0,55.72,True,False
2024,Montana,MT,State House,65,general,Esther Fishbaugh,Republican,2746.0,44.28,False,False
2024,Montana,MT,State House,66,general,Eric Matthews,Democratic,4009.0,56.74,True,True
2024,Montana,MT,State House,66,general,Marla Davis,Republican,3057.0,43.26,False,False
2024,Montana,MT,State House,67,general,Jedediah Hinkle,Republican,3757.0,63.39,True,True
2024,Montana,MT,State House,67,general,Carl Anderson,Democratic,2170.0,36.61,False,False
2024,Montana,MT,State House,68,general,Caleb Hinkle,Republican,4283.0,74.06,True,True
2024,Montana,MT,State House,68,general,Alexander Colafrancesco,Democratic,1500.0,25.94,False,False
2024,Montana,MT,State House,69,general,Ken Walsh,Republican,6222.0,100.0,True,True
2024,Montana,MT,State House,70,general,Shannon Maness,Republican,5384.0,100.0,True,False
2024,Montana,MT,State House,71,general,Scott DeMarois,Democratic,3375.0,61.84,True,False
2024,Montana,MT,State House,71,general,H. Steiger,Republican,2083.0,38.16,False,False
2024,Montana,MT,State House,72,general,Donavon Hawk,Democratic,3081.0,62.37,True,True
2024,Montana,MT,State House,72,general,Andy Johnson,Republican,1859.0,37.63,False,False
2024,Montana,MT,State House,73,general,Jennifer Lynch,Democratic,2766.0,61.71,True,True
2024,Montana,MT,State House,73,general,Zach Tomaszewski,Republican,1716.0,38.29,False,False
2024,Montana,MT,State House,74,general,Marc Lee,Democratic,3744.0,61.3,True,False
2024,Montana,MT,State House,74,general,Trenin Bayless,Republican,2364.0,38.7,False,False
2024,Montana,MT,State House,75,general,Marta Bertoglio,Republican,5166.0,71.13,True,True
2024,Montana,MT,State House,75,general,Nancy Jane Lien,Democratic,2097.0,28.87,False,False
2024,Montana,MT,State House,76,general,John Fitzpatrick,Republican,4957.0,78.46,True,True
2024,Montana,MT,State House,76,general,Elena Gagliano,Libertarian,1361.0,21.54,False,False
2024,Montana,MT,State House,77,general,Jane Gillette,Republican,5458.0,78.53,True,True
2024,Montana,MT,State House,77,general,Jeremiah Dawson,Democratic,1492.0,21.47,False,False
2024,Montana,MT,State House,78,general,Randyn Gregg,Republican,4877.0,78.23,True,False
2024,Montana,MT,State House,78,general,Glenn Lambert,Democratic,1357.0,21.77,False,False
2024,Montana,MT,State House,79,general,Luke Muszkiewicz,Democratic,3678.0,53.52,True,False
2024,Montana,MT,State House,79,general,Jill Sark,Republican,3194.0,46.48,False,False
2024,Montana,MT,State House,80,general,Melissa Romano,Democratic,2937.0,53.82,True,True
2024,Montana,MT,State House,80,general,Rachel Burright,Republican,2520.0,46.18,False,False
2024,Montana,MT,State House,81,general,Mary Caferro,Democratic,3498.0,55.53,True,True
2024,Montana,MT,State House,81,general,Dustin Scott,Republican,2801.0,44.47,False,False
2024,Montana,MT,State House,82,general,Pete Elverum,Democratic,2990.0,54.87,True,False
2024,Montana,MT,State House,82,general,John Looney Sr.,Republican,2459.0,45.13,False,False
2024,Montana,MT,State House,83,general,Jill Cohenour,Democratic,3549.0,55.64,True,True
2024,Montana,MT,State House,83,general,Wes Feist,Republican,2830.0,44.36,False,False
2024,Montana,MT,State House,84,general,Julie Dooling,Republican,4770.0,67.35,True,True
2024,Montana,MT,State House,84,general,Michele Crepeau,Democratic,2312.0,32.65,False,False
2024,Montana,MT,State House,85,general,Kathy Love,Republican,5716.0,77.16,True,False
2024,Montana,MT,State House,85,general,Laura Mae Jackson,Democratic,1692.0,22.84,False,False
2024,Montana,MT,State House,86,general,David Bedey,Republican,4798.0,71.73,True,True
2024,Montana,MT,State House,86,general,Jeff Kempka,Democratic,1891.0,28.27,False,False
2024,Montana,MT,State House,87,general,Ron Marshall,Republican,5457.0,74.72,True,True
2024,Montana,MT,State House,87,general,Tammie Milligan,Democratic,1846.0,25.28,False,False
2024,Montana,MT,State House,88,general,Greg Overstreet,Republican,5086.0,69.97,True,False
2024,Montana,MT,State House,88,general,Evan Schroedel,Democratic,2183.0,30.03,False,False
2024,Montana,MT,State House,89,general,Mark Thane,Democratic,3590.0,55.59,True,True
2024,Montana,MT,State House,89,general,Lyn Hellegaard,Republican,2868.0,44.41,False,True
2024,Montana,MT,State House,90,general,Curtis Cochran,Republican,5381.0,100.0,True,False
2024,Montana,MT,State House,91,general,Shelly Fyant,Democratic,3249.0,54.2,True,False
2024,Montana,MT,State House,91,general,David Passieri,Republican,2745.0,45.8,False,False
2024,Montana,MT,State House,92,general,Connie Keogh,Democratic,4059.0,61.07,True,True
2024,Montana,MT,State House,92,general,Ted Morgan,Republican,2587.0,38.93,False,False
2024,Montana,MT,State House,93,general,Katie Sullivan,Democratic,4024.0,61.95,True,True
2024,Montana,MT,State House,93,general,Roy Handley,Republican,2472.0,38.05,False,False
2024,Montana,MT,State House,94,general,Marilyn Marler,Democratic,4076.0,58.88,True,True
2024,Montana,MT,State House,94,general,Adam Henson,Republican,2846.0,41.12,False,False
2024,Montana,MT,State House,95,general,Zooey Zephyr,Democratic,5189.0,79.86,True,True
2024,Montana,MT,State House,95,general,Barbara Starmer,Republican,1309.0,20.14,False,False
2024,Montana,MT,State House,96,general,Bob Carter,Democratic,3684.0,60.61,True,True
2024,Montana,MT,State House,96,general,Robert Labair,Republican,2394.0,39.39,False,False
2024,Montana,MT,State House,97,general,Melody Cunningham,Democratic,3651.0,60.35,True,False
2024,Montana,MT,State House,97,general,Nick Knowles,Republican,2152.0,35.57,False,False
2024,Montana,MT,State House,97,general,Richard Armerding,Libertarian,247.0,4.08,False,False
2024,Montana,MT,State House,98,general,Jonathan Karlen,Democratic,3684.0,57.71,True,True
2024,Montana,MT,State House,98,general,Jace Beard,Republican,2700.0,42.29,False,False
2024,Montana,MT,State House,99,general,Tom France,Democratic,3757.0,55.95,True,True
2024,Montana,MT,State House,99,general,Ryan Darling,Republican,2958.0,44.05,False,False
2024,Montana,MT,State House,100,general,SJ Howell,Democratic,4440.0,77.7,True,True
2024,Montana,MT,State House,100,general,Christopher Paul Buckles,Republican,1274.0,22.3,False,False
2024,Nevada,NV,State House,1,general,Daniele Monroe-Moreno,Democratic,21103.0,56.18,True,True
2024,Nevada,NV,State House,1,general,Garland Brinkley,Republican,16460.0,43.82,False,False
2024,Nevada,NV,State House,2,general,Heidi Kasama,Republican,22200.0,55.87,True,True
2024,Nevada,NV,State House,2,general,Ronald Steven Nelsen,Democratic,17538.0,44.13,False,False
2024,Nevada,NV,State House,3,general,Selena Torres,Democratic,15098.0,56.03,True,True
2024,Nevada,NV,State House,3,general,Michele Rizza,Republican,11846.0,43.97,False,False
2024,Nevada,NV,State House,4,general,Lisa Cole,Republican,21408.0,54.38,True,False
2024,Nevada,NV,State House,4,general,Ryan Hampton,Democratic,17958.0,45.62,False,False
2024,Nevada,NV,State House,5,general,Brittney Miller,Democratic,16503.0,50.85,True,True
2024,Nevada,NV,State House,5,general,Kelly Quinn,Republican,15240.0,46.96,False,False
2024,Nevada,NV,State House,5,general,Ronald Morgan,Libertarian,712.0,2.19,False,False
2024,Nevada,NV,State House,6,general,Jovan Jackson,Democratic,12422.0,69.91,True,False
2024,Nevada,NV,State House,6,general,Nephi Oliva,Republican,3452.0,19.43,False,False
2024,Nevada,NV,State House,6,general,Walter Jones III,Independent,1894.0,10.66,False,False
2024,Nevada,NV,State House,7,general,Tanya Flanagan,Democratic,21626.0,100.0,True,False
2024,Nevada,NV,State House,8,general,Duy Nguyen,Democratic,18787.0,53.58,True,True
2024,Nevada,NV,State House,8,general,Kelly Chapman,Republican,16275.0,46.42,False,False
2024,Nevada,NV,State House,9,general,Steve Yeager,Democratic,17801.0,51.11,True,True
2024,Nevada,NV,State House,9,general,Erica Neely,Republican,17026.0,48.89,False,False
2024,Nevada,NV,State House,10,general,Venise Karris,Democratic,14464.0,64.56,True,False
2024,Nevada,NV,State House,10,general,Sean Moore,Libertarian,7940.0,35.44,False,False
2024,Nevada,NV,State House,11,general,Cinthia Moore,Democratic,10115.0,69.34,True,False
2024,Nevada,NV,State House,11,general,Jeffrey Lustick,Republican,4472.0,30.66,False,False
2024,Nevada,NV,State House,12,general,Max Carter,Democratic,15758.0,50.44,True,True
2024,Nevada,NV,State House,12,general,Nancy Roecker,Republican,15481.0,49.56,False,False
2024,Nevada,NV,State House,13,general,Brian Hibbetts,Republican,23265.0,55.5,True,True
2024,Nevada,NV,State House,13,general,Daniel Andrews,Democratic,18657.0,44.5,False,False
2024,Nevada,NV,State House,14,general,Erica Mosca,Democratic,15168.0,100.0,True,True
2024,Nevada,NV,State House,15,general,Howard Watts III,Democratic,10930.0,58.31,True,True
2024,Nevada,NV,State House,15,general,Melissa Spence,Republican,7226.0,38.55,False,False
2024,Nevada,NV,State House,15,general,Jordy Viciedo Prado,Libertarian,590.0,3.15,False,False
2024,Nevada,NV,State House,16,general,Cecelia González,Democratic,13621.0,52.22,True,True
2024,Nevada,NV,State House,16,general,James Neville,Republican,11657.0,44.69,False,False
2024,Nevada,NV,State House,16,general,Jose Pena,Libertarian,807.0,3.09,False,False
2024,Nevada,NV,State House,17,general,Linda F. Hunt,Democratic,19585.0,64.7,True,False
2024,Nevada,NV,State House,17,general,Robert Olson,Republican,10686.0,35.3,False,False
2024,Nevada,NV,State House,18,general,Venicia Considine,Democratic,15794.0,59.49,True,True
2024,Nevada,NV,State House,18,general,Antario Brown,Republican,10755.0,40.51,False,False
2024,Nevada,NV,State House,19,general,Toby Yurek,Republican,34907.0,100.0,True,True
2024,Nevada,NV,State House,20,general,David Orentlicher,Democratic,14232.0,58.84,True,True
2024,Nevada,NV,State House,20,general,Stan Vaughan,Republican,9955.0,41.16,False,False
2024,Nevada,NV,State House,21,general,Elaine Marzola,Democratic,18473.0,50.73,True,True
2024,Nevada,NV,State House,21,general,April Arndt,Republican,17938.0,49.27,False,False
2024,Nevada,NV,State House,22,general,Melissa Hardy,Republican,34242.0,100.0,True,True
2024,Nevada,NV,State House,23,general,Danielle Gallant,Republican,37683.0,100.0,True,True
2024,Nevada,NV,State House,24,general,Erica Roth,Democratic,17079.0,64.33,True,False
2024,Nevada,NV,State House,24,general,Teresa Kolesnick,Republican,9470.0,35.67,False,False
2024,Nevada,NV,State House,25,general,Selena La Rue Hatch,Democratic,21586.0,53.51,True,True
2024,Nevada,NV,State House,25,general,Diane Sande,Republican,18754.0,46.49,False,False
2024,Nevada,NV,State House,26,general,Rich DeLong (incumbent,Republican,28925.0,60.69,True,False
2024,Nevada,NV,State House,26,general,Diane Sullivan,Democratic,18733.0,39.31,False,False
2024,Nevada,NV,State House,27,general,Heather Goulding,Democratic,17495.0,55.79,True,False
2024,Nevada,NV,State House,27,general,Carmen Ortiz,Republican,13866.0,44.21,False,False
2024,Nevada,NV,State House,28,general,Reuben D'Silva,Democratic,13165.0,100.0,True,True
2024,Nevada,NV,State House,29,general,Joe Dalia,Democratic,17766.0,52.15,True,False
2024,Nevada,NV,State House,29,general,Annette Dawson Owens,Republican,16298.0,47.85,False,False
2024,Nevada,NV,State House,30,general,Natha Anderson,Democratic,20129.0,100.0,True,True
2024,Nevada,NV,State House,31,general,Jill Dickman,Republican,28004.0,62.73,True,True
2024,Nevada,NV,State House,31,general,Stuart MacKie,Democratic,16637.0,37.27,False,False
2024,Nevada,NV,State House,32,general,Alexis Hansen,Republican,25618.0,70.16,True,True
2024,Nevada,NV,State House,32,general,Arnold Thomas,Democratic,10898.0,29.84,False,False
2024,Nevada,NV,State House,33,general,Bert Gurr,Republican,26494.0,84.1,True,True
2024,Nevada,NV,State House,33,general,Darryl Baber,Libertarian,5009.0,15.9,False,False
2024,Nevada,NV,State House,34,general,Hanadi Nadeem,Democratic,16452.0,53.25,True,False
2024,Nevada,NV,State House,34,general,Brandon Davis,Republican,14441.0,46.75,False,False
2024,Nevada,NV,State House,35,general,Rebecca Edgeworth,Republican,21140.0,54.32,True,False
2024,Nevada,NV,State House,35,general,Sharifa Wahab,Democratic,17774.0,45.68,False,False
2024,Nevada,NV,State House,36,general,Gregory Hafen II,Republican,29196.0,63.63,True,True
2024,Nevada,NV,State House,36,general,Marlene Drake,Democratic,16689.0,36.37,False,False
2024,Nevada,NV,State House,37,general,Shea Backus,Democratic,20907.0,51.31,True,True
2024,Nevada,NV,State House,37,general,David Brog,Republican,19843.0,48.69,False,False
2024,Nevada,NV,State House,38,general,Gregory Koenig,Republican,31207.0,100.0,True,True
2024,Nevada,NV,State House,39,general,Ken Gray,Republican,33461.0,71.49,True,True
2024,Nevada,NV,State House,39,general,Erich Obermayr,Democratic,13347.0,28.51,False,False
2024,Nevada,NV,State House,40,general,P. K. O'Neill,Republican,24956.0,61.29,True,True
2024,Nevada,NV,State House,40,general,Katherine Ramsey,Democratic,15764.0,38.71,False,False
2024,Nevada,NV,State House,41,general,Sandra Jauregui,Democratic,18094.0,50.36,True,True
2024,Nevada,NV,State House,41,general,Rafael Arroyo-Montalvo,Republican,17837.0,49.64,False,False
2024,Nevada,NV,State House,42,general,Tracy Brown-May,Democratic,16222.0,55.44,True,True
2024,Nevada,NV,State House,42,general,Kevin L. Child,Republican,13036.0,44.56,False,False
2024,New Mexico,NM,State House,1,general,Rod Montoya,Republican,11369.0,100.0,True,True
2024,New Mexico,NM,State House,2,general,Mark Duncan,Republican,8610.0,100.0,True,True
2024,New Mexico,NM,State House,3,general,Bill Hall,Republican,10332.0,100.0,True,True
2024,New Mexico,NM,State House,4,general,Joseph Hernandez,Democratic,5664.0,56.0,True,False
2024,New Mexico,NM,State House,4,general,Lincoln Mark,Republican,4500.0,44.0,False,False
2024,New Mexico,NM,State House,5,general,Doreen Wonda Johnson,Democratic,8810.0,100.0,True,True
2024,New Mexico,NM,State House,6,general,Eliseo Alcon,Democratic,5946.0,59.0,True,True
2024,New Mexico,NM,State House,6,general,Paul L Spencer,Republican,4156.0,41.0,False,False
2024,New Mexico,NM,State House,7,general,Tanya Mirabal Moya,Republican,7789.0,100.0,True,True
2024,New Mexico,NM,State House,8,general,Brian Baca,Republican,11123.0,100.0,True,True
2024,New Mexico,NM,State House,9,general,Patricia Lundstrom,Democratic,7019.0,100.0,True,True
2024,New Mexico,NM,State House,10,general,G. Andrés Romero,Democratic,6767.0,100.0,True,True
2024,New Mexico,NM,State House,11,general,Javier Martínez,Democratic,10071.0,75.0,True,True
2024,New Mexico,NM,State House,11,general,Bart H Kinney III,Republican,3410.0,25.0,False,False
2024,New Mexico,NM,State House,12,general,Art De La Cruz,Democratic,5736.0,,True,True
2024,New Mexico,NM,State House,13,general,Patricia Roybal Caballero,Democratic,5817.0,100.0,True,True
2024,New Mexico,NM,State House,14,general,Miguel Garcia,Democratic,7310.0,78.0,True,True
2024,New Mexico,NM,State House,14,general,Konnie L. Legried,Republican,2868.0,28.0,False,False
2024,New Mexico,NM,State House,15,general,Dayan Hochman-Vigil,Democratic,10232.0,100.0,True,True
2024,New Mexico,NM,State House,16,general,Yanira Gurrola,Democratic,8005.0,59.0,True,True
2024,New Mexico,NM,State House,16,general,Leland Benwood H. Bohannon,Republican,5545.0,41.0,False,False
2024,New Mexico,NM,State House,17,general,Cynthia Borrego,Democratic,7860.0,54.0,True,True
2024,New Mexico,NM,State House,17,general,Joshua Taylor Neal,Republican,6679.0,46.0,False,False
2024,New Mexico,NM,State House,18,general,Marianna Anaya,Democratic,11668.0,100.0,True,False
2024,New Mexico,NM,State House,19,general,Janelle Anyanonu,Democratic,5626.0,72.0,True,True
2024,New Mexico,NM,State House,19,general,Leanna K. Derrick,Republican,2208.0,28.0,False,False
2024,New Mexico,NM,State House,20,general,Meredith Dixon,Democratic,8227.0,56.0,True,True
2024,New Mexico,NM,State House,20,general,Tracy Major,Republican,6498.0,44.0,False,False
2024,New Mexico,NM,State House,21,general,Debra M. Sariñana,Democratic,6850.0,100.0,True,True
2024,New Mexico,NM,State House,22,general,Stefani Lord,Republican,10476.0,56.0,True,True
2024,New Mexico,NM,State House,22,general,Fred Ponzlov,Democratic,6486.0,35.0,False,False
2024,New Mexico,NM,State House,22,general,Zachary P. Withers,Independent,1620.0,9.0,False,False
2024,New Mexico,NM,State House,23,general,Alan Martinez,Republican,9199.0,55.0,True,True
2024,New Mexico,NM,State House,23,general,Frank James Smith Jr.,Democratic,7678.0,45.0,False,False
2024,New Mexico,NM,State House,24,general,Elizabeth Thomson,Democratic,9141.0,60.0,True,True
2024,New Mexico,NM,State House,24,general,David J. Daffron,Republican,6222.0,40.0,False,False
2024,New Mexico,NM,State House,25,general,Cristina Parajón,Democratic,10022.0,69.0,True,True
2024,New Mexico,NM,State House,25,general,Denis Litvinenko,Republican,4555.0,31.0,False,False
2024,New Mexico,NM,State House,26,general,Eleanor Chavez,Democratic,5438.0,58.0,True,True
2024,New Mexico,NM,State House,26,general,Patrick B. Sais,Republican,3900.0,42.0,False,False
2024,New Mexico,NM,State House,27,general,Marian Matthews,Democratic,9000.0,54.0,True,True
2024,New Mexico,NM,State House,27,general,Gregory R. Gallegos,Republican,7731.0,46.0,False,False
2024,New Mexico,NM,State House,28,general,Pamelya Herndon,Democratic,9403.0,56.0,True,True
2024,New Mexico,NM,State House,28,general,Marcie M. May,Republican,7406.0,44.0,False,False
2024,New Mexico,NM,State House,29,general,Joy Garratt,Democratic,9536.0,54.0,True,True
2024,New Mexico,NM,State House,29,general,Gregory G. Cunningham,Republican,8088.0,46.0,False,False
2024,New Mexico,NM,State House,30,general,Diane Torres-Velásquez,Democratic,7987.0,54.0,True,False
2024,New Mexico,NM,State House,30,general,Lori Lee Robertson,Republican,6766.0,46.0,False,False
2024,New Mexico,NM,State House,31,general,Nicole Chavez,Republican,9597.0,52.0,True,True
2024,New Mexico,NM,State House,31,general,Vicky G. Estrada-Bustillo,Democratic,8754.0,48.0,False,False
2024,New Mexico,NM,State House,32,general,Jenifer Jones,Republican,6026.0,61.0,True,True
2024,New Mexico,NM,State House,32,general,Linda S. Alvarez,Democratic,3801.0,39.0,False,False
2024,New Mexico,NM,State House,33,general,Micaela Lara Cadena,Democratic,8096.0,100.0,True,True
2024,New Mexico,NM,State House,34,general,Raymundo Lara,Democratic,5081.0,58.0,True,True
2024,New Mexico,NM,State House,34,general,Larry M. Sedillo,Republican,3720.0,42.0,False,False
2024,New Mexico,NM,State House,35,general,Angelica Rubio,Democratic,8345.0,100.0,True,True
2024,New Mexico,NM,State House,36,general,Nathan Small,Democratic,7394.0,52.0,True,True
2024,New Mexico,NM,State House,36,general,Kimberly Skaggs,Republican,6850.0,48.0,False,False
2024,New Mexico,NM,State House,37,general,Joanne Ferrary,Democratic,9479.0,100.0,True,True
2024,New Mexico,NM,State House,38,general,Rebecca Dow,Republican,6046.0,52.0,True,False
2024,New Mexico,NM,State House,38,general,Tara Jaramillo,Democratic,5664.0,48.0,False,True
2024,New Mexico,NM,State House,39,general,Luis Terrazas,Republican,7777.0,54.0,True,True
2024,New Mexico,NM,State House,39,general,Gabrielle Begay,Democratic,6755.0,46.0,False,False
2024,New Mexico,NM,State House,40,general,Joseph L. Sanchez,Democratic,8012.0,61.0,True,True
2024,New Mexico,NM,State House,40,general,Diego Olivas,Republican,5130.0,39.0,False,False
2024,New Mexico,NM,State House,41,general,Susan K. Herrera,Democratic,8756.0,100.0,True,True
2024,New Mexico,NM,State House,42,general,Kristina Ortez,Democratic,11140.0,100.0,True,True
2024,New Mexico,NM,State House,43,general,Christine Chandler,Democratic,11094.0,100.0,True,True
2024,New Mexico,NM,State House,44,general,Kathleen Cates,Democratic,9166.0,53.0,True,True
2024,New Mexico,NM,State House,44,general,Ali Ennenga,Republican,8158.0,47.0,False,False
2024,New Mexico,NM,State House,45,general,Linda Serrato,Democratic,10767.0,100.0,True,True
2024,New Mexico,NM,State House,46,general,Andrea Romero,Democratic,12736.0,100.0,True,True
2024,New Mexico,NM,State House,47,general,Reena Szczepanski,Democratic,15772.0,100.0,True,True
2024,New Mexico,NM,State House,48,general,Tara Lujan,Democratic,10883.0,100.0,True,True
2024,New Mexico,NM,State House,49,general,Gail Armstrong,Republican,10879.0,100.0,True,True
2024,New Mexico,NM,State House,50,general,Matthew McQueen,Democratic,12029.0,62.0,True,True
2024,New Mexico,NM,State House,50,general,Kenneth Donald Brennan,Republican,7497.0,38.0,False,False
2024,New Mexico,NM,State House,51,general,John Block,Republican,7514.0,61.0,True,True
2024,New Mexico,NM,State House,51,general,Ashlie L. Myers,Democratic,4781.0,39.0,False,False
2024,New Mexico,NM,State House,52,general,Doreen Gallegos,Democratic,7161.0,100.0,True,True
2024,New Mexico,NM,State House,53,general,Sarah Silva,Democratic,4871.0,51.0,True,False
2024,New Mexico,NM,State House,53,general,Elizabeth Lee Winterrowd,Republican,4713.0,49.0,False,False
2024,New Mexico,NM,State House,54,general,Jonathan Henry,Republican,8296.0,83.0,True,False
2024,New Mexico,NM,State House,54,general,Christian Scott Ehmling,Libertarian,1678.0,17.0,False,False
2024,New Mexico,NM,State House,55,general,Cathrynn Brown,Republican,9919.0,100.0,True,True
2024,New Mexico,NM,State House,56,general,Harlan Vincent,Republican,10951.0,100.0,True,True
2024,New Mexico,NM,State House,57,general,Catherine Cullen,Republican,8898.0,50.4,True,False
2024,New Mexico,NM,State House,57,general,John Dantonio Jr.,Republican,466.0,33.2,False,False
2024,New Mexico,NM,State House,57,general,Corrine Rios,Republican,414.0,29.5,False,False
2024,New Mexico,NM,State House,57,general,Michelle Sandoval,Democratic,8240.0,49.6,False,False
2024,New Mexico,NM,State House,58,general,Angelita Meija,Republican,5823.0,100.0,True,False
2024,New Mexico,NM,State House,59,general,Jared Hembree,Republican,9547.0,100.0,True,True
2024,New Mexico,NM,State House,60,general,Joshua Hernandez,Republican,8166.0,57.0,True,True
2024,New Mexico,NM,State House,60,general,Luke Nicholas Jungmann,Democratic,6113.0,43.0,False,False
2024,New Mexico,NM,State House,61,general,Randall Pettigrew,Republican,4890.0,100.0,True,True
2024,New Mexico,NM,State House,62,general,Elaine Sena Cortez,Republican,8993.0,100.0,True,False
2024,New Mexico,NM,State House,63,general,Martin R. Zamora,Republican,6552.0,100.0,True,True
2024,New Mexico,NM,State House,64,general,Andrea Reeb,Republican,10035.0,100.0,True,True
2024,New Mexico,NM,State House,65,general,Derrick Lente,Democratic,7773.0,100.0,True,True
2024,New Mexico,NM,State House,66,general,Jimmy Mason,Republican,8379.0,100.0,True,True
2024,New Mexico,NM,State House,67,general,Jackie Chatfield,Republican,9392.0,100.0,True,True
2024,New Mexico,NM,State House,68,general,Charlotte Little,Democratic,7654.0,52.0,True,True
2024,New Mexico,NM,State House,68,general,Nathan T. Brooks,Republican,7007.0,48.0,False,False
2024,New Mexico,NM,State House,69,general,Michelle Paulene Abeyta,Democratic,6303.0,100.0,True,False
2024,New Mexico,NM,State House,70,general,Anita Gonzales,Democratic,10776.0,100.0,True,False
2024,New Mexico,NM,State House,70,general,Ambrose Castellano,Democratic,1972.0,44.8,False,True
2024,North Carolina,NC,State House,1,general,Ed Goodwin,Republican,31950.0,65.06,True,True
2024,North Carolina,NC,State House,1,general,Susan Sawin,Democratic,17160.0,34.94,False,False
2024,North Carolina,NC,State House,2,general,Ray Jeffers,Democratic,28332.0,57.58,True,True
2024,North Carolina,NC,State House,2,general,Jason Chambers,Republican,20874.0,42.42,False,False
2024,North Carolina,NC,State House,3,general,Steve Tyson,Republican,29825.0,61.68,True,True
2024,North Carolina,NC,State House,3,general,Linda Moore,Democratic,18530.0,38.32,False,False
2024,North Carolina,NC,State House,4,general,Jimmy Dixon,Republican,22093.0,63.03,True,True
2024,North Carolina,NC,State House,4,general,Vernon Moore,Democratic,12961.0,36.97,False,False
2024,North Carolina,NC,State House,5,general,Bill Ward,Republican,22357.0,54.16,True,True
2024,North Carolina,NC,State House,5,general,Howard Hunter III,Democratic,18924.0,45.84,False,False
2024,North Carolina,NC,State House,6,general,Joe Pike,Republican,24190.0,60.64,True,True
2024,North Carolina,NC,State House,6,general,Kiara Johnson,Democratic,15704.0,39.36,False,False
2024,North Carolina,NC,State House,7,general,Matthew Winslow,Republican,27099.0,55.32,True,True
2024,North Carolina,NC,State House,7,general,Jesse Goslen,Democratic,20655.0,42.17,False,False
2024,North Carolina,NC,State House,7,general,Gavin Bell,Libertarian,1231.0,2.51,False,False
2024,North Carolina,NC,State House,8,general,Gloristine Brown,Democratic,22722.0,64.03,True,True
2024,North Carolina,NC,State House,8,general,Angelene Mitchell,Republican,12764.0,35.97,False,False
2024,North Carolina,NC,State House,9,general,Timothy Reeder,Republican,26888.0,55.95,True,True
2024,North Carolina,NC,State House,9,general,Claire Kempner,Democratic,21173.0,44.05,False,False
2024,North Carolina,NC,State House,10,general,John Bell,Republican,24475.0,60.79,True,True
2024,North Carolina,NC,State House,10,general,Beatrice Jones,Democratic,15789.0,39.21,False,False
2024,North Carolina,NC,State House,11,general,Allison Dahle,Democratic,31688.0,64.65,True,True
2024,North Carolina,NC,State House,11,general,Philip Hensley,Republican,15910.0,32.46,False,False
2024,North Carolina,NC,State House,11,general,Matthew Kordon,Libertarian,1416.0,2.89,False,False
2024,North Carolina,NC,State House,12,general,Chris Humphrey,Republican,23116.0,57.28,True,True
2024,North Carolina,NC,State House,12,general,Lillie Williams,Democratic,16696.0,41.37,False,False
2024,North Carolina,NC,State House,12,general,Adrien Meadows,Green,546.0,1.35,False,False
2024,North Carolina,NC,State House,13,general,Celeste Cairns,Republican,35181.0,69.89,True,True
2024,North Carolina,NC,State House,13,general,Katie Tomberlin,Democratic,15158.0,30.11,False,False
2024,North Carolina,NC,State House,14,general,Wyatt Gable,Republican,16859.0,66.12,True,False
2024,North Carolina,NC,State House,14,general,Carmen Spicer,Democratic,8639.0,33.88,False,False
2024,North Carolina,NC,State House,15,general,Phil Shepard,Republican,24184.0,63.85,True,True
2024,North Carolina,NC,State House,15,general,Christopher Schulte,Democratic,11799.0,31.15,False,False
2024,North Carolina,NC,State House,15,general,Matthew Feehan,Libertarian,1894.0,5.0,False,False
2024,North Carolina,NC,State House,16,general,Carson Smith,Republican,36170.0,70.84,True,True
2024,North Carolina,NC,State House,16,general,Frances Lakey,Democratic,14892.0,29.16,False,False
2024,North Carolina,NC,State House,17,general,Frank Iler,Republican,42078.0,62.27,True,True
2024,North Carolina,NC,State House,17,general,Charles Jones,Democratic,25491.0,37.73,False,False
2024,North Carolina,NC,State House,18,general,Deb Butler,Democratic,33008.0,82.66,True,True
2024,North Carolina,NC,State House,18,general,Wallace West (write-in),Independent (politician),5967.0,14.94,False,False
2024,North Carolina,NC,State House,19,general,Charlie Miller,Republican,41266.0,61.46,True,True
2024,North Carolina,NC,State House,19,general,Jill Brown,Democratic,25882.0,38.54,False,False
2024,North Carolina,NC,State House,20,general,Ted Davis Jr.,Republican,31964.0,55.8,True,True
2024,North Carolina,NC,State House,20,general,Jonathan Berger,Democratic,25319.0,44.2,False,False
2024,North Carolina,NC,State House,21,general,Ya Liu,Democratic,30580.0,62.75,True,True
2024,North Carolina,NC,State House,21,general,Mary Miskimon,Republican,18153.0,37.25,False,False
2024,North Carolina,NC,State House,22,general,William Brisson,Republican,26176.0,61.01,True,True
2024,North Carolina,NC,State House,22,general,Joshua Harrell,Democratic,16729.0,38.99,False,False
2024,North Carolina,NC,State House,23,general,Shelly Willingham,Democratic,25140.0,56.46,True,True
2024,North Carolina,NC,State House,23,general,Brent Roberson,Republican,19390.0,43.54,False,False
2024,North Carolina,NC,State House,24,general,Dante Pittman,Democratic,21343.0,51.1,True,False
2024,North Carolina,NC,State House,24,general,Ken Fontenot,Republican,20425.0,48.9,False,True
2024,North Carolina,NC,State House,25,general,Allen Chesser,Republican,23868.0,48.8,True,True
2024,North Carolina,NC,State House,25,general,Lorenza Wilkins,Democratic,23407.0,47.86,False,False
2024,North Carolina,NC,State House,25,general,Nick Taylor,Libertarian,1630.0,3.33,False,False
2024,North Carolina,NC,State House,26,general,Donna McDowell White,Republican,29943.0,55.1,True,True
2024,North Carolina,NC,State House,26,general,Matthew Wood,Democratic,22671.0,41.72,False,False
2024,North Carolina,NC,State House,26,general,Kevin Terrett,Libertarian,1732.0,3.19,False,False
2024,North Carolina,NC,State House,27,general,Rodney Pierce,Democratic,31914.0,100.0,True,False
2024,North Carolina,NC,State House,28,general,Larry Strickland,Republican,28915.0,68.88,True,True
2024,North Carolina,NC,State House,28,general,Tawanda Shepard,Democratic,13065.0,31.12,False,False
2024,North Carolina,NC,State House,29,general,Vernetta Alston,Democratic,47945.0,100.0,True,True
2024,North Carolina,NC,State House,30,general,Marcia Morey,Democratic,41916.0,100.0,True,True
2024,North Carolina,NC,State House,31,general,Zack Forde-Hawkins,Democratic,43291.0,100.0,True,True
2024,North Carolina,NC,State House,32,general,Bryan Cohn,Democratic,21215.0,48.95,True,False
2024,North Carolina,NC,State House,32,general,Frank Sossamon,Republican,20987.0,48.42,False,True
2024,North Carolina,NC,State House,32,general,Ryan Brown,Libertarian,1140.0,2.63,False,False
2024,North Carolina,NC,State House,33,general,Monika Johnson-Hostler,Democratic,33771.0,80.19,True,False
2024,North Carolina,NC,State House,33,general,Chris Costello,Libertarian,8343.0,19.81,False,False
2024,North Carolina,NC,State House,34,general,Tim Longest,Democratic,33839.0,75.79,True,True
2024,North Carolina,NC,State House,34,general,Ed George,Libertarian,10808.0,24.21,False,False
2024,North Carolina,NC,State House,35,general,Mike Schietzelt,Republican,28651.0,50.27,True,False
2024,North Carolina,NC,State House,35,general,Evonne Hopkins,Democratic,26831.0,47.08,False,False
2024,North Carolina,NC,State House,35,general,Michael Oakes,Libertarian,1513.0,2.65,False,False
2024,North Carolina,NC,State House,36,general,Julie von Haefen,Democratic,28629.0,54.52,True,True
2024,North Carolina,NC,State House,36,general,Becki Allen,Republican,22364.0,42.59,False,False
2024,North Carolina,NC,State House,36,general,Travis Groo,Libertarian,1521.0,2.9,False,False
2024,North Carolina,NC,State House,37,general,Erin Paré,Republican,30784.0,51.41,True,True
2024,North Carolina,NC,State House,37,general,Safiyah Jackson,Democratic,27137.0,45.32,False,False
2024,North Carolina,NC,State House,37,general,Christopher Robinson,Libertarian,1963.0,3.28,False,False
2024,North Carolina,NC,State House,38,general,Abe Jones,Democratic,32854.0,100.0,True,True
2024,North Carolina,NC,State House,39,general,James Roberson,Democratic,36730.0,100.0,True,True
2024,North Carolina,NC,State House,40,general,Joe John,Democratic,32983.0,62.32,True,True
2024,North Carolina,NC,State House,40,general,Jerry Doliner,Republican,18332.0,34.64,False,False
2024,North Carolina,NC,State House,40,general,Mike Munger,Libertarian,1612.0,3.05,False,False
2024,North Carolina,NC,State House,41,general,Maria Cervania,Democratic,31576.0,76.58,True,True
2024,North Carolina,NC,State House,41,general,Matthew Laszacs,Libertarian,9659.0,23.42,False,False
2024,North Carolina,NC,State House,42,general,Mike Colvin,Democratic,18301.0,74.29,True,False
2024,North Carolina,NC,State House,42,general,Leonard Bryant,Republican,6332.0,25.71,False,False
2024,North Carolina,NC,State House,43,general,Diane Wheatley,Republican,24753.0,57.33,True,True
2024,North Carolina,NC,State House,43,general,Janene (Dublin) Ackles,Democratic,18422.0,42.67,False,False
2024,North Carolina,NC,State House,44,general,Charles Smith,Democratic,20941.0,62.28,True,True
2024,North Carolina,NC,State House,44,general,Freddie de la Cruz,Republican,12683.0,37.72,False,False
2024,North Carolina,NC,State House,45,general,Frances Jackson,Democratic,25090.0,100.0,True,True
2024,North Carolina,NC,State House,46,general,Brenden Jones,Republican,29064.0,100.0,True,True
2024,North Carolina,NC,State House,47,general,Jarrod Lowery,Republican,20428.0,64.63,True,True
2024,North Carolina,NC,State House,47,general,Eshonda Hooper,Democratic,11182.0,35.37,False,False
2024,North Carolina,NC,State House,48,general,Garland Pierce,Democratic,18845.0,51.92,True,True
2024,North Carolina,NC,State House,48,general,Ralph Carter,Republican,17453.0,48.08,False,False
2024,North Carolina,NC,State House,49,general,Cynthia Ball,Democratic,32814.0,100.0,True,True
2024,North Carolina,NC,State House,50,general,Renee Price,Democratic,35367.0,100.0,True,True
2024,North Carolina,NC,State House,51,general,John Sauls,Republican,25829.0,64.3,True,True
2024,North Carolina,NC,State House,51,general,Ginger Bauerband,Democratic,14339.0,35.7,False,False
2024,North Carolina,NC,State House,52,general,Ben Moss,Republican,25835.0,61.07,True,True
2024,North Carolina,NC,State House,52,general,Jimmy Self,Democratic,16466.0,38.93,False,False
2024,North Carolina,NC,State House,53,general,Howard Penny Jr.,Republican,28867.0,62.93,True,True
2024,North Carolina,NC,State House,53,general,Kevin Thurman,Democratic,17007.0,37.07,False,False
2024,North Carolina,NC,State House,54,general,Robert Reives,Democratic,29910.0,54.76,True,True
2024,North Carolina,NC,State House,54,general,Joe Godfrey,Republican,24714.0,45.24,False,False
2024,North Carolina,NC,State House,55,general,Mark Brody,Republican,24474.0,63.0,True,True
2024,North Carolina,NC,State House,55,general,Judy Little,Democratic,14373.0,37.0,False,False
2024,North Carolina,NC,State House,56,general,Allen Buansi,Democratic,39459.0,86.29,True,True
2024,North Carolina,NC,State House,56,general,Jeffrey Hoagland,Republican,6267.0,13.71,False,False
2024,North Carolina,NC,State House,57,general,Tracy Clark,Democratic,31986.0,68.14,True,True
2024,North Carolina,NC,State House,57,general,Janice Davis,Republican,14955.0,31.86,False,False
2024,North Carolina,NC,State House,58,general,Amos Quick,Democratic,32379.0,100.0,True,True
2024,North Carolina,NC,State House,59,general,Alan Branson,Republican,30609.0,55.18,True,True
2024,North Carolina,NC,State House,59,general,Tanneshia Dukes,Democratic,24859.0,44.82,False,False
2024,North Carolina,NC,State House,60,general,Cecil Brockman,Democratic,23899.0,63.18,True,True
2024,North Carolina,NC,State House,60,general,Joseph Perrotta,Republican,13928.0,36.82,False,False
2024,North Carolina,NC,State House,61,general,Pricey Harrison,Democratic,33804.0,78.87,True,True
2024,North Carolina,NC,State House,61,general,Crystal Davis,Republican,9058.0,21.13,False,False
2024,North Carolina,NC,State House,62,general,John Blust,Republican,29389.0,53.45,True,True
2024,North Carolina,NC,State House,62,general,Marjorie Benbow,Democratic,25597.0,46.55,False,False
2024,North Carolina,NC,State House,63,general,Stephen Ross,Republican,23812.0,55.03,True,True
2024,North Carolina,NC,State House,63,general,Robin Wintringham,Democratic,19460.0,44.97,False,False
2024,North Carolina,NC,State House,64,general,Dennis Riddell,Republican,24541.0,54.84,True,True
2024,North Carolina,NC,State House,64,general,LeVon Barnes,Democratic,20212.0,45.16,False,False
2024,North Carolina,NC,State House,65,general,Reece Pyrtle,Republican,37457.0,100.0,True,True
2024,North Carolina,NC,State House,66,general,Sarah Crawford,Democratic,33224.0,74.85,True,True
2024,North Carolina,NC,State House,66,general,Michael Nelson,Libertarian,11161.0,25.15,False,False
2024,North Carolina,NC,State House,67,general,Cody Huneycutt,Republican,36358.0,75.03,True,False
2024,North Carolina,NC,State House,67,general,Daniel Quick,Democratic,12099.0,24.97,False,False
2024,North Carolina,NC,State House,68,general,David Willis,Republican,33807.0,62.49,True,True
2024,North Carolina,NC,State House,68,general,Cristal Robinson,Democratic,20290.0,37.51,False,False
2024,North Carolina,NC,State House,69,general,Dean Arp,Republican,32796.0,63.21,True,True
2024,North Carolina,NC,State House,69,general,Leigh Coulter,Democratic,19091.0,36.79,False,False
2024,North Carolina,NC,State House,70,general,Brian Biggs,Republican,33617.0,76.17,True,True
2024,North Carolina,NC,State House,70,general,"Susan Lee ""Susie"" Scott",Democratic,10520.0,23.83,False,False
2024,North Carolina,NC,State House,71,general,Kanika Brown,Democratic,31755.0,100.0,True,True
2024,North Carolina,NC,State House,72,general,Amber Baker,Democratic,31479.0,100.0,True,True
2024,North Carolina,NC,State House,73,general,Jonathan Almond,Republican,23400.0,53.21,True,False
2024,North Carolina,NC,State House,73,general,Diamond Staton-Williams,Democratic,20577.0,46.79,False,True
2024,North Carolina,NC,State House,74,general,Jeff Zenger,Republican,26908.0,51.82,True,True
2024,North Carolina,NC,State House,74,general,Amy Taylor North,Democratic,25015.0,48.18,False,False
2024,North Carolina,NC,State House,75,general,Donny Lambeth,Republican,26118.0,56.95,True,True
2024,North Carolina,NC,State House,75,general,Caroline Warren,Democratic,19743.0,43.05,False,False
2024,North Carolina,NC,State House,76,general,Harry Warren,Republican,27060.0,62.37,True,True
2024,North Carolina,NC,State House,76,general,Alisha Byrd-Clark,Democratic,16329.0,37.63,False,False
2024,North Carolina,NC,State House,77,general,Julia Craven Howard,Republican,41240.0,79.08,True,True
2024,North Carolina,NC,State House,77,general,Kashmir Sibby,Democratic,10907.0,20.92,False,False
2024,North Carolina,NC,State House,78,general,Neal Jackson,Republican,38928.0,76.46,True,True
2024,North Carolina,NC,State House,78,general,Lowell Simon,Democratic,11985.0,23.54,False,False
2024,North Carolina,NC,State House,79,general,Keith Kidwell,Republican,32111.0,63.24,True,True
2024,North Carolina,NC,State House,79,general,Mary Beedle,Democratic,18667.0,36.76,False,False
2024,North Carolina,NC,State House,80,general,Sam Watford,Republican,33897.0,75.7,True,True
2024,North Carolina,NC,State House,80,general,Kimberly Titlebaum,Democratic,10884.0,24.3,False,False
2024,North Carolina,NC,State House,81,general,Larry Potts,Republican,33971.0,71.87,True,True
2024,North Carolina,NC,State House,81,general,Pamela McAfee,Democratic,13293.0,28.13,False,False
2024,North Carolina,NC,State House,82,general,Brian Echevarria,Republican,26965.0,54.35,True,False
2024,North Carolina,NC,State House,82,general,Sabrina Berry,Democratic,22649.0,45.65,False,False
2024,North Carolina,NC,State House,83,general,Grant Campbell,Republican,30279.0,65.68,True,False
2024,North Carolina,NC,State House,83,general,Joanne Chesley,Democratic,15825.0,34.32,False,False
2024,North Carolina,NC,State House,84,general,Jeffrey McNeely,Republican,31180.0,68.17,True,True
2024,North Carolina,NC,State House,84,general,Chris Gilbert,Democratic,13424.0,29.35,False,False
2024,North Carolina,NC,State House,84,general,Lisa Mozer (write-in),Independent (politician),788.0,1.72,False,False
2024,North Carolina,NC,State House,85,general,Dudley Greene,Republican,36145.0,74.19,True,True
2024,North Carolina,NC,State House,85,general,John Ford,Democratic,12574.0,25.81,False,False
2024,North Carolina,NC,State House,86,general,Hugh Blackwell,Republican,32134.0,72.05,True,True
2024,North Carolina,NC,State House,86,general,Gena Singleton,Democratic,12467.0,27.95,False,False
2024,North Carolina,NC,State House,87,general,Destin Hall,Republican,34187.0,75.42,True,True
2024,North Carolina,NC,State House,87,general,Barbara Kirby,Democratic,11142.0,24.58,False,False
2024,North Carolina,NC,State House,88,general,Mary Belk,Democratic,33555.0,100.0,True,True
2024,North Carolina,NC,State House,89,general,Mitchell Setzer,Republican,38122.0,75.99,True,True
2024,North Carolina,NC,State House,89,general,Greg Cranford,Democratic,12044.0,24.01,False,False
2024,North Carolina,NC,State House,90,general,Sarah Stevens,Republican,35674.0,77.9,True,True
2024,North Carolina,NC,State House,90,general,Ken Badgett,Democratic,10119.0,22.1,False,False
2024,North Carolina,NC,State House,91,general,Kyle Hall,Republican,29819.0,67.16,True,True
2024,North Carolina,NC,State House,91,general,Vivian Fulk,Democratic,14583.0,32.84,False,False
2024,North Carolina,NC,State House,92,general,Terry Brown,Democratic,37214.0,100.0,True,True
2024,North Carolina,NC,State House,93,general,Ray Pickett,Republican,28752.0,56.83,True,True
2024,North Carolina,NC,State House,93,general,Ben Massey,Democratic,21841.0,43.17,False,False
2024,North Carolina,NC,State House,94,general,Blair Eddins,Republican,35329.0,76.97,True,True
2024,North Carolina,NC,State House,94,general,Steve Moree,Democratic,10573.0,23.03,False,False
2024,North Carolina,NC,State House,95,general,Todd Carver,Republican,32402.0,64.47,True,False
2024,North Carolina,NC,State House,95,general,Mike Robinson,Democratic,17855.0,35.53,False,False
2024,North Carolina,NC,State House,96,general,Jay Adams,Republican,28037.0,64.21,True,True
2024,North Carolina,NC,State House,96,general,Elizabeth (Eli) Glynn,Democratic,15629.0,35.79,False,False
2024,North Carolina,NC,State House,97,general,Heather Rhyne,Republican,43332.0,100.0,True,True
2024,North Carolina,NC,State House,98,general,Beth Helfrich,Democratic,27083.0,52.2,True,False
2024,North Carolina,NC,State House,98,general,Melinda Bales,Republican,24800.0,47.8,False,False
2024,North Carolina,NC,State House,99,general,Nasif Majeed,Democratic,27772.0,86.4,True,True
2024,North Carolina,NC,State House,99,general,Rob Yates,Libertarian,4373.0,13.6,False,False
2024,North Carolina,NC,State House,100,general,Julia Greenfield,Democratic,28937.0,100.0,True,False
2024,North Carolina,NC,State House,101,general,Carolyn Logan,Democratic,34424.0,100.0,True,True
2024,North Carolina,NC,State House,102,general,Becky Carney,Democratic,39811.0,100.0,True,True
2024,North Carolina,NC,State House,103,general,Laura Budd,Democratic,25772.0,58.07,True,True
2024,North Carolina,NC,State House,103,general,Joshua Niday,Republican,18609.0,41.93,False,False
2024,North Carolina,NC,State House,104,general,Brandon Lofton,Democratic,27629.0,55.96,True,True
2024,North Carolina,NC,State House,104,general,Krista Bokhari,Republican,21748.0,44.04,False,False
2024,North Carolina,NC,State House,105,general,Tricia Cotham,Republican,27299.0,50.2,True,True
2024,North Carolina,NC,State House,105,general,Nicole Sidman,Democratic,27086.0,49.8,False,False
2024,North Carolina,NC,State House,106,general,Carla Cunningham,Democratic,40633.0,100.0,True,True
2024,North Carolina,NC,State House,107,general,Aisha Dew,Democratic,38603.0,100.0,True,False
2024,North Carolina,NC,State House,108,general,John Torbett,Republican,28982.0,64.59,True,True
2024,North Carolina,NC,State House,108,general,Sydnie Hutchinson,Democratic,15892.0,35.41,False,False
2024,North Carolina,NC,State House,109,general,Donnie Loftis,Republican,28167.0,58.03,True,True
2024,North Carolina,NC,State House,109,general,Pam Morgenstern,Democratic,20374.0,41.97,False,False
2024,North Carolina,NC,State House,110,general,Kelly Hastings,Republican,28418.0,66.57,True,True
2024,North Carolina,NC,State House,110,general,Justin Matthews,Democratic,14268.0,33.43,False,False
2024,North Carolina,NC,State House,111,general,Paul Scott,Republican,31434.0,73.89,True,False
2024,North Carolina,NC,State House,111,general,Frances Rollinson Webber,Democratic,11110.0,26.11,False,False
2024,North Carolina,NC,State House,112,general,Jordan Lopez,Democratic,32721.0,100.0,True,False
2024,North Carolina,NC,State House,113,general,Jake Johnson,Republican,34467.0,66.68,True,True
2024,North Carolina,NC,State House,113,general,Michelle Antalec,Democratic,17223.0,33.32,False,False
2024,North Carolina,NC,State House,114,general,Eric Ager,Democratic,32441.0,59.69,True,True
2024,North Carolina,NC,State House,114,general,Sherry Higgins,Republican,21905.0,40.31,False,False
2024,North Carolina,NC,State House,115,general,Lindsey Prather,Democratic,26203.0,51.46,True,True
2024,North Carolina,NC,State House,115,general,Ruth Smith,Republican,24720.0,48.54,False,False
2024,North Carolina,NC,State House,116,general,Brian Turner,Democratic,42815.0,100.0,True,False
2024,North Carolina,NC,State House,117,general,Jennifer Balkcom,Republican,30603.0,57.75,True,True
2024,North Carolina,NC,State House,117,general,Steve Martinez,Democratic,22390.0,42.25,False,False
2024,North Carolina,NC,State House,118,general,Mark Pless,Republican,30807.0,61.26,True,True
2024,North Carolina,NC,State House,118,general,Evelyn Davidson,Democratic,19480.0,38.74,False,False
2024,North Carolina,NC,State House,119,general,Mike Clampitt,Republican,26871.0,55.39,True,True
2024,North Carolina,NC,State House,119,general,Mark Burrows,Democratic,21641.0,44.61,False,False
2024,North Carolina,NC,State House,120,general,Karl Gillespie,Republican,38040.0,75.16,True,True
2024,North Carolina,NC,State House,120,general,Nancy Curtis,Democratic,12572.0,24.84,False,False
2024,North Dakota,ND,State House,2,general,Donald Longmuir,Republican,5804.0,41.96,True,True
2024,North Dakota,ND,State House,2,general,Bert Anderson,Republican,5678.0,41.05,True,True
2024,North Dakota,ND,State House,2,general,Betty Dhuyvetter,North Dakota Democratic-nonpartisan League,1159.0,8.38,False,False
2024,North Dakota,ND,State House,2,general,Gene Nygaard,North Dakota Democratic-nonpartisan League,1084.0,7.84,False,False
2024,North Dakota,ND,State House,4A,general,Lisa Finley-DeVille,North Dakota Democratic-nonpartisan League,1627.0,63.53,True,True
2024,North Dakota,ND,State House,4A,general,Ronald Brugh,Republican,919.0,35.88,False,False
2024,North Dakota,ND,State House,4B,general,Clayton Fegley,Republican,3857.0,98.9,True,True
2024,North Dakota,ND,State House,6,general,Dick Anderson,Republican,6532.0,49.66,True,True
2024,North Dakota,ND,State House,6,general,Dan Vollmer,Republican,6382.0,48.52,True,False
2024,North Dakota,ND,State House,8,general,Mike Berg,Republican,8066.0,54.75,True,False
2024,North Dakota,ND,State House,8,general,SuAnn Olson,Republican,6480.0,43.99,True,True
2024,North Dakota,ND,State House,9,special general,Jayme Davis,North Dakota Democratic-nonpartisan League,3032.0,32.18,True,True
2024,North Dakota,ND,State House,9,special general,Collette Brown,North Dakota Democratic-nonpartisan League,2302.0,24.43,True,False
2024,North Dakota,ND,State House,9,special general,David Brien,Republican,2266.0,24.05,False,False
2024,North Dakota,ND,State House,9,special general,Robert Graywater,Republican,1817.0,19.29,False,False
2024,North Dakota,ND,State House,10,general,Steve Swiontek,Republican,3132.0,34.31,True,True
2024,North Dakota,ND,State House,10,general,Jared Hendrix,Republican,3054.0,33.45,True,False
2024,North Dakota,ND,State House,10,general,Hamida Dakane,North Dakota Democratic-nonpartisan League,2873.0,31.47,False,True
2024,North Dakota,ND,State House,12,general,Mitch Ostlie,Republican,4376.0,49.56,True,True
2024,North Dakota,ND,State House,12,general,Bernie Satrom,Republican,4360.0,49.38,True,True
2024,North Dakota,ND,State House,14,general,Jon Nelson,Republican,6271.0,39.21,True,True
2024,North Dakota,ND,State House,14,general,Robin Weisz,Republican,6271.0,39.21,True,True
2024,North Dakota,ND,State House,14,general,Cathy Jelsing,North Dakota Democratic-nonpartisan League,1723.0,10.77,False,False
2024,North Dakota,ND,State House,14,general,Jessica Hawkes,North Dakota Democratic-nonpartisan League,1605.0,10.04,False,False
2024,North Dakota,ND,State House,15,special general,Kathy Frelich,Republican,5712.0,56.23,True,True
2024,North Dakota,ND,State House,15,special general,Donna Henderson,Republican,4354.0,42.86,True,True
2024,North Dakota,ND,State House,16,general,Ben Koppelman,Republican,4736.0,32.54,True,True
2024,North Dakota,ND,State House,16,general,Andrew Marschall,Republican,3910.0,26.87,True,True
2024,North Dakota,ND,State House,16,general,Julie West,North Dakota Democratic-nonpartisan League,3266.0,22.44,False,False
2024,North Dakota,ND,State House,16,general,Phil Weiss,North Dakota Democratic-nonpartisan League,2619.0,18.0,False,False
2024,North Dakota,ND,State House,18,general,Steve Vetter,Republican,3465.0,29.72,True,True
2024,North Dakota,ND,State House,18,general,Nels Christianson,Republican,2837.0,24.34,True,False
2024,North Dakota,ND,State House,18,general,Mary Adams,North Dakota Democratic-nonpartisan League,2779.0,23.84,False,False
2024,North Dakota,ND,State House,18,general,Scott Nelson,North Dakota Democratic-nonpartisan League,2562.0,21.98,False,False
2024,North Dakota,ND,State House,20,general,Mike Beltz,Republican,6107.0,52.8,True,True
2024,North Dakota,ND,State House,20,general,Jared Hagert,Republican,5319.0,45.98,True,True
2024,North Dakota,ND,State House,22,general,Brandy Pyle,Republican,6890.0,43.14,True,True
2024,North Dakota,ND,State House,22,general,Jonathan Warrey,Republican,6154.0,38.53,True,True
2024,North Dakota,ND,State House,22,general,Darrell Hansen,North Dakota Democratic-nonpartisan League,2823.0,17.68,False,False
2024,North Dakota,ND,State House,23,special general,Dennis Nehring,Republican,3892.0,83.72,True,True
2024,North Dakota,ND,State House,23,special general,Mark Casler,North Dakota Democratic-nonpartisan League,735.0,15.81,False,False
2024,North Dakota,ND,State House,24,general,Dwight Kiefert,Republican,4779.0,32.98,True,True
2024,North Dakota,ND,State House,24,general,Daniel Johnston,Republican,4198.0,28.97,True,False
2024,North Dakota,ND,State House,24,general,Nancy Farnham,North Dakota Democratic-nonpartisan League,2830.0,19.53,False,False
2024,North Dakota,ND,State House,24,general,Shawn Olauson,North Dakota Democratic-nonpartisan League,2669.0,18.42,False,False
2024,North Dakota,ND,State House,26,general,Jeremy Olson,Republican,4774.0,52.95,True,False
2024,North Dakota,ND,State House,26,general,Roger Maki,Republican,4138.0,45.9,True,False
2024,North Dakota,ND,State House,28,general,Mike Brandenburg,Republican,6319.0,38.86,True,True
2024,North Dakota,ND,State House,28,general,Jim Grueneich,Republican,5884.0,36.18,True,False
2024,North Dakota,ND,State House,28,general,Mary Schlosser,North Dakota Democratic-nonpartisan League,2163.0,13.3,False,False
2024,North Dakota,ND,State House,28,general,Sara Dux,North Dakota Democratic-nonpartisan League,1864.0,11.46,False,False
2024,North Dakota,ND,State House,30,general,Glenn Bosch,Republican,5539.0,51.49,True,True
2024,North Dakota,ND,State House,30,general,Mike Nathe,Republican,5001.0,46.49,True,True
2024,North Dakota,ND,State House,32,general,Lisa Meier,Republican,4700.0,39.31,True,True
2024,North Dakota,ND,State House,32,general,Pat Heinert,Republican,4695.0,39.27,True,True
2024,North Dakota,ND,State House,32,general,Shari Orser,North Dakota Democratic-nonpartisan League,2466.0,20.63,False,False
2024,North Dakota,ND,State House,34,general,Todd Porter,Republican,5573.0,51.58,True,True
2024,North Dakota,ND,State House,34,general,Nathan Toman,Republican,5103.0,47.23,True,True
2024,North Dakota,ND,State House,36,general,Ty Dressler,Republican,5281.0,53.85,True,False
2024,North Dakota,ND,State House,36,general,Dori Hauck,Republican,4472.0,45.6,True,True
2024,North Dakota,ND,State House,38,general,Dan Ruby,Republican,5009.0,42.87,True,True
2024,North Dakota,ND,State House,38,general,Christina Wolff,Republican,4919.0,42.1,True,False
2024,North Dakota,ND,State House,38,general,Lisa Hermosillo,North Dakota Democratic-nonpartisan League,1713.0,14.66,False,False
2024,North Dakota,ND,State House,40,general,Matthew Ruby,Republican,3211.0,42.22,True,True
2024,North Dakota,ND,State House,40,general,Macy Bolinske,Republican,2918.0,38.37,True,False
2024,North Dakota,ND,State House,40,general,Alexandra Deufel,North Dakota Democratic-nonpartisan League,1441.0,18.95,False,False
2024,North Dakota,ND,State House,42,general,Doug Osowski,Republican,2654.0,31.41,True,False
2024,North Dakota,ND,State House,42,general,Emily O'Brien,Republican,2422.0,28.67,True,True
2024,North Dakota,ND,State House,42,general,Sarah Grossbauer,North Dakota Democratic-nonpartisan League,1687.0,19.97,False,False
2024,North Dakota,ND,State House,42,general,Carol Hagen,North Dakota Democratic-nonpartisan League,1667.0,19.73,False,False
2024,North Dakota,ND,State House,44,general,Karla Rose Hanson,North Dakota Democratic-nonpartisan League,4774.0,51.24,True,True
2024,North Dakota,ND,State House,44,general,Austin Foss,North Dakota Democratic-nonpartisan League,4209.0,45.18,True,False
2024,North Dakota,ND,State House,46,general,Jim Kasper,Republican,4634.0,27.03,True,True
2024,North Dakota,ND,State House,46,general,Desiree Morton,Republican,4464.0,26.04,True,False
2024,North Dakota,ND,State House,46,general,Todd Reisenauer,North Dakota Democratic-nonpartisan League,4042.0,23.58,False,False
2024,North Dakota,ND,State House,46,general,Will Thompson,North Dakota Democratic-nonpartisan League,3960.0,23.1,False,False
2024,Ohio,OH,State House,1,general,Dontavius Jarrells,Democratic,35739.0,100.0,True,True
2024,Ohio,OH,State House,2,general,Latyna Humphrey,Democratic,32142.0,85.2,True,True
2024,Ohio,OH,State House,2,general,Eric Terford,Libertarian,5605.0,14.9,False,False
2024,Ohio,OH,State House,3,general,Ismail Mohamed,Democratic,28838.0,100.0,True,False
2024,Ohio,OH,State House,4,general,Beryl Brown Piccolantonio,Democratic,38733.0,57.4,True,True
2024,Ohio,OH,State House,4,general,Jason Allevato,Republican,28758.0,42.6,False,False
2024,Ohio,OH,State House,5,general,Meredith Lawson-Rowe,Democratic,32395.0,100.0,True,False
2024,Ohio,OH,State House,6,general,Christine Cockley,Democratic,23315.0,60.3,True,False
2024,Ohio,OH,State House,6,general,Hussein Jabiri,Republican,15363.0,39.7,False,False
2024,Ohio,OH,State House,7,general,Allison Russo,Democratic,44243.0,99.9,True,True
2024,Ohio,OH,State House,7,general,Susan Miller (write-in),Independent,50.0,0.1,False,False
2024,Ohio,OH,State House,8,general,Anita Somani,Democratic,36054.0,64.5,True,True
2024,Ohio,OH,State House,8,general,Aaron Neumann,Republican,19829.0,35.5,False,False
2024,Ohio,OH,State House,9,general,Munira Abdullahi,Democratic,28020.0,72.5,True,True
2024,Ohio,OH,State House,9,general,Brandy Seymour,Libertarian,10651.0,27.5,False,False
2024,Ohio,OH,State House,10,general,Mark Sigrist,Democratic,26752.0,51.5,True,False
2024,Ohio,OH,State House,10,general,Brian M. Garvine,Republican,25175.0,48.5,False,False
2024,Ohio,OH,State House,11,general,Crystal Lett,Democratic,33327.0,51.8,True,False
2024,Ohio,OH,State House,11,general,Stephanie Kunze,Republican,30965.0,48.2,False,False
2024,Ohio,OH,State House,12,general,Brad W. Cotton,Democratic,14894.0,27.1,False,False
2024,Ohio,OH,State House,12,general,Brian Stewart,Republican,40109.0,72.9,True,True
2024,Ohio,OH,State House,13,general,Tristan W. Rader,Democratic,34532.0,76.5,True,False
2024,Ohio,OH,State House,13,general,Robert E. Dintaman,Republican,10625.0,23.5,False,False
2024,Ohio,OH,State House,14,general,Sean Brennan,Democratic,27918.0,59.7,True,True
2024,Ohio,OH,State House,14,general,David Morgan,Republican,19604.0,40.3,False,False
2024,Ohio,OH,State House,15,general,Chris Glassburn,Democratic,27121.0,54.5,True,False
2024,Ohio,OH,State House,15,general,Aaron L. Borowski,Republican,22599.0,45.5,False,False
2024,Ohio,OH,State House,16,general,Bride Rose Sweeney,Democratic,37653.0,60.7,True,True
2024,Ohio,OH,State House,16,general,Dan Harrington,Republican,24375.0,39.3,False,False
2024,Ohio,OH,State House,17,general,Jessica Sutherland,Democratic,28643.0,45.4,False,False
2024,Ohio,OH,State House,17,general,Mike Dovilla,Republican,34403.0,54.6,True,False
2024,Ohio,OH,State House,18,general,Juanita Brent,Democratic,50276.0,89.3,True,True
2024,Ohio,OH,State House,18,general,Justyn Anderson,Republican,5991.0,10.7,False,False
2024,Ohio,OH,State House,18,general,Christela Neal,Independent,5.0,0.0,False,False
2024,Ohio,OH,State House,19,general,Phil Robinson,Democratic,36778.0,57.0,True,True
2024,Ohio,OH,State House,19,general,Kenny Godnavec,Republican,27718.0,43.0,False,False
2024,Ohio,OH,State House,20,general,Terrence Upchurch,Democratic,27309.0,85.4,True,True
2024,Ohio,OH,State House,20,general,Donna Walker-Brown,Republican,4678.0,14.6,False,False
2024,Ohio,OH,State House,21,general,Eric Synenberg,Democratic,42376.0,79.2,True,False
2024,Ohio,OH,State House,21,general,Joshua Malovasic,Republican,11116.0,20.8,False,False
2024,Ohio,OH,State House,22,general,Darnell Brewer,Democratic,35522.0,86.3,True,True
2024,Ohio,OH,State House,22,general,Milan Wesley,Republican,5617.0,13.7,False,False
2024,Ohio,OH,State House,23,general,Dan Troy,Democratic,33941.0,52.9,True,True
2024,Ohio,OH,State House,23,general,Tony Hocevar,Republican,30241.0,47.1,False,False
2024,Ohio,OH,State House,24,general,Dani Isaacsohn,Democratic,27744.0,72.5,True,True
2024,Ohio,OH,State House,24,general,John Sess,Republican,10526.0,17.5,False,False
2024,Ohio,OH,State House,25,general,Cecil Thomas,Democratic,34264.0,84.0,True,True
2024,Ohio,OH,State House,25,general,Jim Berns,Republican,6517.0,16.0,False,False
2024,Ohio,OH,State House,26,general,Sedrick Denson,Democratic,42296.0,69.1,True,True
2024,Ohio,OH,State House,26,general,John Breadon,Republican,18926.0,30.9,False,False
2024,Ohio,OH,State House,27,general,Rachel Baker,Democratic,39483.0,55.8,True,True
2024,Ohio,OH,State House,27,general,Curt C. Hartman,Republican,31331.0,44.2,False,False
2024,Ohio,OH,State House,28,general,Karen Brownlee,Democratic,35671.0,55.9,True,False
2024,Ohio,OH,State House,28,general,Jenn Giroux,Republican,28121.0,44.1,False,False
2024,Ohio,OH,State House,28,general,Regina Collins (write-in),Independent,5.0,0.0,False,False
2024,Ohio,OH,State House,29,general,Joe Salvato,Democratic,24639.0,42.8,False,False
2024,Ohio,OH,State House,29,general,Cindy Abrams,Republican,32927.0,57.2,True,True
2024,Ohio,OH,State House,30,general,Stefanie A. Hawk,Democratic,19486.0,31.3,False,False
2024,Ohio,OH,State House,30,general,Mike Odioso,Republican,42863.0,68.7,True,False
2024,Ohio,OH,State House,31,general,A. J. Harris,Democratic,30311.0,47.0,False,False
2024,Ohio,OH,State House,31,general,Bill Roemer,Republican,34149.0,53.0,True,False
2024,Ohio,OH,State House,32,general,Jim Colopy,Democratic,23193.0,42.8,False,False
2024,Ohio,OH,State House,32,general,Jack Daniels,Republican,31050.0,57.2,True,False
2024,Ohio,OH,State House,33,general,Veronica Sims,Democratic,37146.0,100.0,True,False
2024,Ohio,OH,State House,34,general,Derrick Hall,Democratic,32674.0,53.2,True,False
2024,Ohio,OH,State House,34,general,Adam Bozic,Republican,28763.0,46.8,False,False
2024,Ohio,OH,State House,35,general,Mark Curtis,Democratic,33375.0,47.5,False,False
2024,Ohio,OH,State House,35,general,Steve Demetriou,Republican,36961.0,52.5,True,True
2024,Ohio,OH,State House,36,general,Rose Lounsbury,Democratic,27060.0,47.6,False,False
2024,Ohio,OH,State House,36,general,Andrea White,Republican,29757.0,52.4,True,True
2024,Ohio,OH,State House,37,general,Tom Young,Republican,43003.0,100.0,True,True
2024,Ohio,OH,State House,38,general,Desiree Tims,Democratic,34877.0,100.0,True,False
2024,Ohio,OH,State House,39,general,Phil Plummer,Republican,32191.0,58.8,True,True
2024,Ohio,OH,State House,39,general,Dion Green,Democratic,22541.0,41.2,False,False
2024,Ohio,OH,State House,40,general,Rodney Creech,Republican,45615.0,77.1,True,True
2024,Ohio,OH,State House,40,general,Bobbie Arnold,Democratic,13569.0,22.9,False,False
2024,Ohio,OH,State House,41,general,Erika White,Democratic,31027.0,61.0,True,False
2024,Ohio,OH,State House,41,general,Josiah Leinbach,Republican,19863.0,39.0,False,False
2024,Ohio,OH,State House,42,general,"Elgin Rogers, Jr.",Democratic,28382.0,100.0,True,True
2024,Ohio,OH,State House,43,general,Michele Grim,Democratic,26881.0,60.3,True,True
2024,Ohio,OH,State House,43,general,Wendi Hendricks,Republican,17661.0,39.7,False,False
2024,Ohio,OH,State House,44,general,Dave Blyth,Democratic,27818.0,42.3,False,False
2024,Ohio,OH,State House,44,general,Josh Williams,Republican,37915.0,57.7,True,True
2024,Ohio,OH,State House,45,general,Landon Meador,Democratic,23138.0,38.1,False,False
2024,Ohio,OH,State House,45,general,Jennifer Gross,Republican,37565.0,61.9,True,True
2024,Ohio,OH,State House,46,general,Benjamin McCall,Democratic,19235.0,33.7,False,False
2024,Ohio,OH,State House,46,general,Thomas Hall,Republican,37819.0,66.3,True,True
2024,Ohio,OH,State House,47,general,Vanessa Cummings,Democratic,18470.0,38.4,False,False
2024,Ohio,OH,State House,47,general,Diane Mullins,Republican,29643.0,61.6,True,False
2024,Ohio,OH,State House,48,general,Lynn C. Gorman,Democratic,20182.0,31.1,False,False
2024,Ohio,OH,State House,48,general,Scott Oelslager,Republican,44717.0,68.9,True,True
2024,Ohio,OH,State House,49,general,Krista L. Allison,Democratic,22601.0,47.6,False,False
2024,Ohio,OH,State House,49,general,Jim Thomas,Republican,24871.0,52.4,True,True
2024,Ohio,OH,State House,50,general,Doremus C. Redvine,Democratic,18098.0,33.4,False,False
2024,Ohio,OH,State House,50,general,Matthew Kishman,Republican,36149.0,66.6,True,False
2024,Ohio,OH,State House,51,general,Jodi Salvo,Republican,37433.0,72.5,True,False
2024,Ohio,OH,State House,51,general,Joe Rinehart,Democratic,14203.0,27.5,False,False
2024,Ohio,OH,State House,52,general,Genevieve Flieger,Democratic,25755.0,42.8,False,False
2024,Ohio,OH,State House,52,general,Gayle Manning,Republican,34378.0,57.2,True,True
2024,Ohio,OH,State House,53,general,Joe Miller,Democratic,29205.0,56.3,True,True
2024,Ohio,OH,State House,53,general,Bradley Lacko,Republican,22695.0,43.7,False,False
2024,Ohio,OH,State House,54,general,Brenda Buchanan,Democratic,20685.0,34.5,False,False
2024,Ohio,OH,State House,54,general,Kellie Deeter,Republican,39271.0,65.5,True,False
2024,Ohio,OH,State House,54,general,Andrew Leonard (write-in),Independent,8.0,0.0,False,False
2024,Ohio,OH,State House,55,general,Laura Marie Davis,Democratic,19583.0,27.5,False,False
2024,Ohio,OH,State House,55,general,C. Michelle Teska,Republican,51698.0,72.5,True,False
2024,Ohio,OH,State House,56,general,Cleveland Canova,Democratic,23510.0,37.4,False,False
2024,Ohio,OH,State House,56,general,Adam Matthews,Republican,39280.0,62.6,True,True
2024,Ohio,OH,State House,57,general,Rick Walker,Democratic,24468.0,37.4,False,False
2024,Ohio,OH,State House,57,general,Jamie Callender,Republican,40994.0,62.6,True,True
2024,Ohio,OH,State House,58,general,Lauren McNally,Democratic,28937.0,58.0,True,True
2024,Ohio,OH,State House,58,general,Emily Ciccone,Republican,20938.0,42.0,False,False
2024,Ohio,OH,State House,59,general,Laura Schaeffer,Democratic,26294.0,42.9,False,False
2024,Ohio,OH,State House,59,general,Tex Fischer,Republican,34950.0,57.1,True,True
2024,Ohio,OH,State House,60,general,Brian Lorenz,Republican,37345.0,54.3,True,True
2024,Ohio,OH,State House,60,general,Rachael Morocco,Democratic,31492.0,45.7,False,False
2024,Ohio,OH,State House,61,general,David Hogan,Democratic,27698.0,38.2,False,False
2024,Ohio,OH,State House,61,general,Beth Lear,Republican,44808.0,61.8,True,True
2024,Ohio,OH,State House,62,general,Katie Vockell,Democratic,24251.0,36.5,False,False
2024,Ohio,OH,State House,62,general,Jean Schmidt,Republican,42134.0,63.5,True,True
2024,Ohio,OH,State House,63,general,Adam Bird,Republican,42842.0,75.5,True,True
2024,Ohio,OH,State House,63,general,Tracey D. McCullough,Democratic,13912.0,24.5,False,False
2024,Ohio,OH,State House,64,general,Lauren Mathews,Democratic,23695.0,43.8,False,False
2024,Ohio,OH,State House,64,general,Nick Santucci,Republican,30439.0,56.2,True,True
2024,Ohio,OH,State House,65,general,David Thomas,Republican,44110.0,100.0,True,False
2024,Ohio,OH,State House,66,general,Bradford Scott Quade,Democratic,22770.0,34.6,False,False
2024,Ohio,OH,State House,66,general,Sharon Ray,Republican,43051.0,65.4,True,True
2024,Ohio,OH,State House,67,general,Melanie Miller,Republican,47103.0,100.0,True,True
2024,Ohio,OH,State House,68,general,Michael E. Smith,Democratic,24775.0,41.1,False,False
2024,Ohio,OH,State House,68,general,Thaddeus Claggett,Republican,35448.0,58.9,True,True
2024,Ohio,OH,State House,69,general,Jamie Hough,Democratic,14048.0,23.2,False,False
2024,Ohio,OH,State House,69,general,Kevin D. Miller,Republican,46445.0,76.8,True,True
2024,Ohio,OH,State House,70,general,Brian Lampton,Republican,38455.0,61.5,True,True
2024,Ohio,OH,State House,70,general,Joseph Wilson,Democratic,24030.0,38.5,False,False
2024,Ohio,OH,State House,71,general,Levi Dean,Republican,39278.0,70.4,True,False
2024,Ohio,OH,State House,71,general,James H. Duffee,Democratic,16485.0,29.6,False,False
2024,Ohio,OH,State House,72,general,Nathaniel Adams,Democratic,23657.0,41.3,False,False
2024,Ohio,OH,State House,72,general,Heidi Workman,Republican,33607.0,58.7,True,False
2024,Ohio,OH,State House,73,general,Michael Scarmack,Democratic,24595.0,39.0,False,False
2024,Ohio,OH,State House,73,general,Jeff LaRe,Republican,38390.0,61.0,True,True
2024,Ohio,OH,State House,74,general,Derek I. Alvarado,Democratic,17577.0,35.8,False,False
2024,Ohio,OH,State House,74,general,Bernard Willis,Republican,31515.0,64.2,True,True
2024,Ohio,OH,State House,75,general,Haraz Ghanbari,Republican,32907.0,59.4,True,True
2024,Ohio,OH,State House,75,general,Jan K. Materni,Democratic,22490.0,40.6,False,False
2024,Ohio,OH,State House,76,general,Alomar Davenport,Democratic,15738.0,28.1,False,False
2024,Ohio,OH,State House,76,general,Marilyn John,Republican,40352.0,71.9,True,True
2024,Ohio,OH,State House,76,general,Tim Grady (write-in),Independent,11.0,0.0,False,False
2024,Ohio,OH,State House,77,general,Meredith Craig,Republican,35555.0,69.3,True,False
2024,Ohio,OH,State House,77,general,Mark D. Gooch,Democratic,15729.0,30.7,False,False
2024,Ohio,OH,State House,78,general,Matt Huffman,Republican,41369.0,100.0,True,False
2024,Ohio,OH,State House,79,general,Dan Votaw,Democratic,14122.0,25.4,False,False
2024,Ohio,OH,State House,79,general,Monica Robb Blasdel,Republican,41502.0,74.6,True,True
2024,Ohio,OH,State House,80,general,Melissa VanDyke,Democratic,16394.0,25.1,False,False
2024,Ohio,OH,State House,80,general,Johnathan Newman,Republican,48868.0,74.9,True,False
2024,Ohio,OH,State House,81,general,Gene Redinger,Democratic,13046.0,23.0,False,False
2024,Ohio,OH,State House,81,general,Jim Hoops,Republican,43757.0,77.0,True,True
2024,Ohio,OH,State House,82,general,Magdalene Markward,Democratic,11825.0,20.6,False,False
2024,Ohio,OH,State House,82,general,Roy Klopfenstein,Republican,45616.0,79.4,True,True
2024,Ohio,OH,State House,83,general,Sheila M. Coressel,Democratic,14404.0,24.9,False,False
2024,Ohio,OH,State House,83,general,Ty Mathews,Republican,43407.0,75.1,True,False
2024,Ohio,OH,State House,84,general,Arienne Childrey,Democratic,9410.0,15.7,False,False
2024,Ohio,OH,State House,84,general,Angela King,Republican,50246.0,84.3,True,True
2024,Ohio,OH,State House,85,general,Victoria Maddox,Democratic,11551.0,19.9,False,False
2024,Ohio,OH,State House,85,general,Tim Barhorst,Republican,46524.0,80.1,True,True
2024,Ohio,OH,State House,86,general,Lesley Verbus,Democratic,16927.0,31.1,False,False
2024,Ohio,OH,State House,86,general,Tracy Richardson,Republican,37571.0,68.9,True,True
2024,Ohio,OH,State House,87,general,Craig Swartz,Democratic,13205.0,23.5,False,False
2024,Ohio,OH,State House,87,general,Riordan McClain,Republican,42897.0,76.5,True,True
2024,Ohio,OH,State House,88,general,Diane Selvey,Democratic,17762.0,33.4,False,False
2024,Ohio,OH,State House,88,general,Gary Click,Republican,35367.0,66.6,True,True
2024,Ohio,OH,State House,89,general,Alisha W. Roshong,Democratic,24762.0,41.3,False,False
2024,Ohio,OH,State House,89,general,D. J. Swearingen,Republican,35148.0,58.7,True,True
2024,Ohio,OH,State House,90,general,Kate Nunnelley,Democratic,11314.0,23.3,False,False
2024,Ohio,OH,State House,90,general,Justin Pizzulli,Republican,37420.0,76.7,True,True
2024,Ohio,OH,State House,91,general,Ellen Yvette Clark,Democratic,9932.0,20.3,False,False
2024,Ohio,OH,State House,91,general,Bob Peterson,Republican,39096.0,79.7,True,True
2024,Ohio,OH,State House,92,general,Arthur Donald Beatty,Democratic,13966.0,28.4,False,False
2024,Ohio,OH,State House,92,general,Mark Johnson,Republican,35181.0,71.6,True,True
2024,Ohio,OH,State House,93,general,Jason Stephens,Republican,43225.0,100.0,True,False
2024,Ohio,OH,State House,94,general,Wenda Sheard,Democratic,16568.0,30.6,False,False
2024,Ohio,OH,State House,94,general,Kevin Ritter,Republican,37516.0,69.4,True,False
2024,Ohio,OH,State House,94,general,Andrea Neutzling (write-in),Independent,10.0,0.0,False,False
2024,Ohio,OH,State House,95,general,Micah McCarey,Democratic,16020.0,32.7,False,False
2024,Ohio,OH,State House,95,general,Don Jones,Republican,32958.0,67.3,True,True
2024,Ohio,OH,State House,96,general,Ron Ferguson,Republican,41434.0,100.0,True,True
2024,Ohio,OH,State House,97,general,Adam Holmes,Republican,35081.0,74.3,True,True
2024,Ohio,OH,State House,97,general,Scott Wilson,Independent,12120.0,25.7,False,False
2024,Ohio,OH,State House,98,general,Annie Homstad,Democratic,11557.0,24.5,False,False
2024,Ohio,OH,State House,98,general,Mark Hiner,Republican,35572.0,75.5,True,False
2024,Ohio,OH,State House,99,general,Louis Murphy,Democratic,20986.0,35.5,False,False
2024,Ohio,OH,State House,99,general,Sarah Fowler Arthur,Republican,38184.0,64.5,True,True
2024,Oklahoma,OK,State House,39,general,Erick Harris,Republican,,50.4,False,False
2024,Oklahoma,OK,State House,39,general,Regan Raff (Democratic),Democratic,,45.1,False,False
2024,Oklahoma,OK,State House,39,general,Richard Prawdzienski (Libertarian),Libertarian,,4.5,False,False
2024,Oklahoma,OK,State House,1,general,Eddy Dempsey,Republican,,86.3,True,False
2024,Oklahoma,OK,State House,1,general,Victoria Lawhorn,Libertarian,,13.7,False,False
2024,Oklahoma,OK,State House,2,general,Jim Olsen,Republican,,58.2,True,False
2024,Oklahoma,OK,State House,2,general,"E. O. ""Junior"" Smith",Republican,,41.8,False,False
2024,Oklahoma,OK,State House,3,general,Rick West,Republican,,,True,False
2024,Oklahoma,OK,State House,4,general,Bob Ed Culver Jr.,Republican,,67.9,True,False
2024,Oklahoma,OK,State House,4,general,Christopher Wier,Democratic,,32.1,False,False
2024,Oklahoma,OK,State House,5,general,Josh West,Republican,,,True,False
2024,Oklahoma,OK,State House,6,general,Rusty Cornwell,Republican,,,True,False
2024,Oklahoma,OK,State House,7,general,Steve Bashore,Republican,,,True,False
2024,Oklahoma,OK,State House,8,general,Tom Gann,Republican,,,True,False
2024,Oklahoma,OK,State House,9,general,Mark Lepak,Republican,,,True,False
2024,Oklahoma,OK,State House,10,general,Judd Strom,Republican,,64.1,True,False
2024,Oklahoma,OK,State House,10,general,Chad McCarthy,Republican,,35.9,False,False
2024,Oklahoma,OK,State House,11,general,John Kane,Republican,,,True,False
2024,Oklahoma,OK,State House,12,general,Mark Chapman,Republican,,79.1,True,False
2024,Oklahoma,OK,State House,12,general,Crystal LaGrone,Democratic,,20.9,False,False
2024,Oklahoma,OK,State House,13,general,Neil Hays,Republican,,78.8,True,False
2024,Oklahoma,OK,State House,13,general,Jarod Mendenhall,Republican,,21.2,False,False
2024,Oklahoma,OK,State House,14,general,Chris Sneed,Republican,,,True,False
2024,Oklahoma,OK,State House,15,general,Tim Turner,Republican,,52.6,True,False
2024,Oklahoma,OK,State House,15,general,Paul Palmer,Republican,,25.8,False,False
2024,Oklahoma,OK,State House,15,general,Spring Morrow,Republican,,13.4,False,False
2024,Oklahoma,OK,State House,15,general,Gail Jackson,Republican,,4.1,False,False
2024,Oklahoma,OK,State House,15,general,Casey Johnson,Republican,,4.1,False,False
2024,Oklahoma,OK,State House,16,general,Scott Fetgatter,Republican,,71.4,True,False
2024,Oklahoma,OK,State House,16,general,Rosie Lynch,Democratic,,28.6,False,False
2024,Oklahoma,OK,State House,17,general,Jim Grego,Republican,,,True,False
2024,Oklahoma,OK,State House,18,general,David Smith,Republican,,,True,False
2024,Oklahoma,OK,State House,19,general,Justin Humphrey,Republican,,,True,False
2024,Oklahoma,OK,State House,20,general,Jonathan Wilk,Republican,,75.8,True,False
2024,Oklahoma,OK,State House,20,general,Mitchell Jacob,Democratic,,24.2,False,False
2024,Oklahoma,OK,State House,21,general,Cody Maynard,Republican,,,True,False
2024,Oklahoma,OK,State House,22,general,Ryan Eaves,Republican,,62.0,True,False
2024,Oklahoma,OK,State House,22,general,Troy Golden,Republican,,38.0,False,False
2024,Oklahoma,OK,State House,23,general,Derrick Hildebrant,Republican,,71.9,True,False
2024,Oklahoma,OK,State House,23,general,Connor Whitham,Republican,,28.1,False,False
2024,Oklahoma,OK,State House,24,general,Chris Banning,Republican,,,True,False
2024,Oklahoma,OK,State House,25,general,Ronny Johns,Republican,,72.7,True,False
2024,Oklahoma,OK,State House,25,general,Robert Burch,Republican,,27.3,False,False
2024,Oklahoma,OK,State House,26,general,Dell Kerbs,Republican,,62.4,True,False
2024,Oklahoma,OK,State House,26,general,Kerri Keck,Democratic,,37.6,False,False
2024,Oklahoma,OK,State House,27,general,Danny Sterling,Republican,,,True,False
2024,Oklahoma,OK,State House,28,general,Danny Williams,Republican,,62.1,True,False
2024,Oklahoma,OK,State House,28,general,Darlene Wallace,Republican,,37.9,False,False
2024,Oklahoma,OK,State House,29,general,Kyle Hilbert,Republican,,,True,False
2024,Oklahoma,OK,State House,30,general,Mark Lawson,Republican,,,True,False
2024,Oklahoma,OK,State House,31,general,Collin Duel,Republican,,,True,False
2024,Oklahoma,OK,State House,32,general,Jim Shaw,Republican,,54.3,True,False
2024,Oklahoma,OK,State House,32,general,Kevin Wallace,Republican,,45.7,False,False
2024,Oklahoma,OK,State House,33,general,Molly Jenkins,Republican,,60.4,True,False
2024,Oklahoma,OK,State House,33,general,John Talley,Republican,,39.6,False,False
2024,Oklahoma,OK,State House,34,general,Trish Ranson,Democratic,,58.5,True,False
2024,Oklahoma,OK,State House,34,general,Andrew Muchmore,Republican,,41.5,False,False
2024,Oklahoma,OK,State House,35,general,Ty Burns,Republican,,,True,False
2024,Oklahoma,OK,State House,36,general,John George,Republican,,,True,False
2024,Oklahoma,OK,State House,37,general,Ken Luttrell,Republican,,78.6,True,False
2024,Oklahoma,OK,State House,37,general,Carter Rogers,Independent,,21.4,False,False
2024,Oklahoma,OK,State House,38,general,John Pfeiffer,Republican,,84.8,True,False
2024,Oklahoma,OK,State House,38,general,Doyle Lewis,Democratic,,15.2,False,False
2024,Oklahoma,OK,State House,39,general,Erick Harris,Republican,,75.9,True,False
2024,Oklahoma,OK,State House,39,general,Richard Prawdzienski,Libertarian,,24.1,False,False
2024,Oklahoma,OK,State House,40,general,Chad Caldwell,Republican,,,True,False
2024,Oklahoma,OK,State House,41,general,Denise Crosswhite Hader,Republican,,68.4,True,False
2024,Oklahoma,OK,State House,41,general,Mike Bockus,Democratic,,31.6,False,False
2024,Oklahoma,OK,State House,42,general,Cynthia Roe,Republican,,53.5,True,False
2024,Oklahoma,OK,State House,42,general,Matthew Huggans,Republican,,34.2,False,False
2024,Oklahoma,OK,State House,42,general,Tony Bowen,Republican,,12.2,False,False
2024,Oklahoma,OK,State House,43,general,Jay Steagall,Republican,,70.2,True,False
2024,Oklahoma,OK,State House,43,general,Cassie Kinet,Independent,,29.8,False,False
2024,Oklahoma,OK,State House,44,general,Jared Deck,Democratic,,,True,False
2024,Oklahoma,OK,State House,45,general,Annie Menz,Democratic,,52.4,True,False
2024,Oklahoma,OK,State House,45,general,Matt Watson,Republican,,44.1,False,False
2024,Oklahoma,OK,State House,45,general,Robert Murphy,Libertarian,,3.5,False,False
2024,Oklahoma,OK,State House,46,general,Jacob Rosecrants,Democratic,,54.0,True,False
2024,Oklahoma,OK,State House,46,general,Alexander Torvi,Republican,,46.0,False,False
2024,Oklahoma,OK,State House,47,general,Brian Hill,Republican,,,True,False
2024,Oklahoma,OK,State House,48,general,Tammy Townley,Republican,,60.7,True,False
2024,Oklahoma,OK,State House,48,general,April Brown,Republican,,39.3,False,False
2024,Oklahoma,OK,State House,49,general,Josh Cantrell,Republican,,,True,False
2024,Oklahoma,OK,State House,50,general,Stacy Jo Adams,Republican,,61.7,True,False
2024,Oklahoma,OK,State House,50,general,Andrew Aldridge,Republican,,38.3,False,False
2024,Oklahoma,OK,State House,51,general,Brad Boles,Republican,,,True,False
2024,Oklahoma,OK,State House,52,general,Gerrid Kendrix,Republican,,,True,False
2024,Oklahoma,OK,State House,53,general,Jason Blair,Republican,,62.4,True,False
2024,Oklahoma,OK,State House,53,general,Nick Pokorny,Republican,,37.6,False,False
2024,Oklahoma,OK,State House,54,general,Kevin West,Republican,,,True,False
2024,Oklahoma,OK,State House,55,general,Nick Archer,Republican,,,True,False
2024,Oklahoma,OK,State House,56,general,Dick Lowe,Republican,,,True,False
2024,Oklahoma,OK,State House,57,general,Anthony Moore,Republican,,,True,False
2024,Oklahoma,OK,State House,58,general,Carl Newton,Republican,,79.9,True,False
2024,Oklahoma,OK,State House,58,general,Kannin J. D. Koehn,Republican,,20.1,False,False
2024,Oklahoma,OK,State House,59,general,Mike Dobrinski,Republican,,,True,False
2024,Oklahoma,OK,State House,60,general,Mike Kelley,Republican,,64.8,True,False
2024,Oklahoma,OK,State House,60,general,Ron Lynch,Republican,,35.2,False,False
2024,Oklahoma,OK,State House,61,general,Kenton Patzkowsky,Republican,,,True,False
2024,Oklahoma,OK,State House,62,general,Daniel Pae,Republican,,57.0,True,False
2024,Oklahoma,OK,State House,62,general,Allison Offield,Democratic,,43.0,False,False
2024,Oklahoma,OK,State House,63,general,Trey Caldwell,Republican,,81.2,True,False
2024,Oklahoma,OK,State House,63,general,Shykira Smith,Democratic,,18.8,False,False
2024,Oklahoma,OK,State House,64,general,Rande Worthen,Republican,,53.8,True,False
2024,Oklahoma,OK,State House,64,general,Tom Sutherlin,Democratic,,46.2,False,False
2024,Oklahoma,OK,State House,65,general,Toni Hasenbeck,Republican,,59.9,True,False
2024,Oklahoma,OK,State House,65,general,William Ratley,Republican,,40.1,False,False
2024,Oklahoma,OK,State House,66,general,Clay Staires,Republican,,76.4,True,False
2024,Oklahoma,OK,State House,66,general,Kenneth Blevins,Libertarian,,23.6,False,False
2024,Oklahoma,OK,State House,67,general,Rob Hall,Republican,,50.7,True,False
2024,Oklahoma,OK,State House,67,general,Ryan Myers,Republican,,33.0,False,False
2024,Oklahoma,OK,State House,67,general,Kane Smith,Republican,,11.8,False,False
2024,Oklahoma,OK,State House,67,general,Bowden McElroy,Republican,,4.5,False,False
2024,Oklahoma,OK,State House,68,general,Mike Lay,Republican,,53.0,True,False
2024,Oklahoma,OK,State House,68,general,Jonathan Grable,Republican,,47.0,False,False
2024,Oklahoma,OK,State House,69,general,Mark Tedford,Republican,,,True,False
2024,Oklahoma,OK,State House,70,general,Suzanne Schreiber,Democratic,,56.4,True,False
2024,Oklahoma,OK,State House,70,general,Bradley Banks,Republican,,43.6,False,False
2024,Oklahoma,OK,State House,71,general,Amanda Swope,Democratic,,,True,False
2024,Oklahoma,OK,State House,72,general,Michelle McCane,Democratic,,72.6,True,False
2024,Oklahoma,OK,State House,72,general,Adam Martin,Democratic,,27.4,False,False
2024,Oklahoma,OK,State House,73,general,Ron Stewart,Democratic,,52.8,True,False
2024,Oklahoma,OK,State House,73,general,Darrell Knox,Democratic,,47.2,False,False
2024,Oklahoma,OK,State House,74,general,Mark Vancuren,Republican,,76.2,True,False
2024,Oklahoma,OK,State House,74,general,Aaron Brent,Independent,,23.8,False,False
2024,Oklahoma,OK,State House,75,general,T. J. Marti,Republican,,,True,False
2024,Oklahoma,OK,State House,76,general,Ross Ford,Republican,,,True,False
2024,Oklahoma,OK,State House,77,general,John Waldron,Democratic,,,True,False
2024,Oklahoma,OK,State House,78,general,Meloyde Blancett,Democratic,,,True,False
2024,Oklahoma,OK,State House,79,general,Melissa Provenzano,Democratic,,54.6,True,False
2024,Oklahoma,OK,State House,79,general,Paul Hassink,Republican,,45.4,False,False
2024,Oklahoma,OK,State House,80,general,Stan May,Republican,,,True,False
2024,Oklahoma,OK,State House,81,general,Mike Osburn,Republican,,,True,False
2024,Oklahoma,OK,State House,82,general,Nicole Miller,Republican,,,True,False
2024,Oklahoma,OK,State House,83,general,Eric Roberts,Republican,,55.4,True,False
2024,Oklahoma,OK,State House,83,general,Jimmy Lawson,Democratic,,44.6,False,False
2024,Oklahoma,OK,State House,84,general,Tammy West,Republican,,58.2,True,False
2024,Oklahoma,OK,State House,84,general,Jeremy Lamb,Democratic,,41.8,False,False
2024,Oklahoma,OK,State House,85,general,Cyndi Munson,Democratic,,60.9,True,False
2024,Oklahoma,OK,State House,85,general,David B. Hooten,Republican,,39.1,False,False
2024,Oklahoma,OK,State House,86,general,David Hardin,Republican,,77.3,True,False
2024,Oklahoma,OK,State House,86,general,Anna Fite,Democratic,,22.7,False,False
2024,Oklahoma,OK,State House,87,general,Ellyn Hefner,Democratic,,61.5,True,False
2024,Oklahoma,OK,State House,87,general,Dave Schnittger,Republican,,38.5,False,False
2024,Oklahoma,OK,State House,88,general,Ellen Pogemiller,Democratic,,76.9,True,False
2024,Oklahoma,OK,State House,88,general,Bobby McCollum,Independent,,23.1,False,False
2024,Oklahoma,OK,State House,89,general,Arturo Alonso,Democratic,,,True,False
2024,Oklahoma,OK,State House,90,general,Emily Gise,Republican,,66.3,True,False
2024,Oklahoma,OK,State House,90,general,Nana Abram Dankwa,Democratic,,33.7,False,False
2024,Oklahoma,OK,State House,91,general,Chris Kannady,Republican,,83.0,True,False
2024,Oklahoma,OK,State House,91,general,Bruce Fleming,Republican,,17.0,False,False
2024,Oklahoma,OK,State House,92,general,Forrest Bennett,Democratic,,,True,False
2024,Oklahoma,OK,State House,93,general,Mickey Dollens,Democratic,,,True,False
2024,Oklahoma,OK,State House,94,general,Andy Fugate,Democratic,,60.6,True,False
2024,Oklahoma,OK,State House,94,general,Suzanne Jobe,Republican,,39.4,False,False
2024,Oklahoma,OK,State House,95,general,Max Wolfley,Republican,,54.0,True,False
2024,Oklahoma,OK,State House,95,general,Tegan Malone,Democratic,,46.0,False,False
2024,Oklahoma,OK,State House,96,general,Preston Stinson,Republican,,58.7,True,False
2024,Oklahoma,OK,State House,96,general,Steve Herburger,Republican,,41.3,False,False
2024,Oklahoma,OK,State House,97,general,Jason Lowe,Democratic,,,True,False
2024,Oklahoma,OK,State House,98,general,Gabe Woolley,Republican,,66.7,True,False
2024,Oklahoma,OK,State House,98,general,Cathy Smythe,Democratic,,33.3,False,False
2024,Oklahoma,OK,State House,99,general,Ajay Pittman,Democratic,,53.5,True,False
2024,Oklahoma,OK,State House,99,general,Brittane Grant,Democratic,,46.5,False,False
2024,Oklahoma,OK,State House,100,general,Marilyn Stark,Republican,,50.9,True,False
2024,Oklahoma,OK,State House,100,general,Chaunte Gilmore,Democratic,,49.1,False,False
2024,Oklahoma,OK,State House,101,general,Robert Manger,Republican,,52.2,True,False
2024,Oklahoma,OK,State House,101,general,Jonathan Hewitt,Republican,,47.8,False,False
2024,Oregon,OR,State House,41,general,Mark F. Gamba,Democratic,32386.0,79.86,True,False
2024,Oregon,OR,State House,41,general,Elvis Clark,Republican,8101.0,19.98,False,False
2024,Oregon,OR,State House,42,general,Rob Nosse,Democratic,32941.0,98.53,True,False
2024,Oregon,OR,State House,43,general,Tawna Sanchez,Democratic,37084.0,92.11,True,False
2024,Oregon,OR,State House,43,general,Tim LeMaster,Republican,3078.0,7.65,False,False
2024,Oregon,OR,State House,44,general,Travis Nelson,Democratic,27281.0,98.29,True,False
2024,Oregon,OR,State House,45,general,Thuy Tran,Democratic,29118.0,98.04,True,False
2024,Oregon,OR,State House,46,general,Willy Chotzen,Democratic,25542.0,79.06,True,False
2024,Oregon,OR,State House,46,general,John Mark Alexander,Republican,4414.0,13.66,False,False
2024,Oregon,OR,State House,46,general,Kevin Levy,Independent,1252.0,3.88,False,False
2024,Oregon,OR,State House,46,general,Austin Daniel,Libertarian Party (oregon),1040.0,3.22,False,False
2024,Oregon,OR,State House,47,general,Andrea Valderrama,Democratic,16754.0,95.53,True,False
2024,Oregon,OR,State House,48,general,Hoa H. Nguyen,Democratic,14451.0,52.95,True,False
2024,Oregon,OR,State House,48,general,John Masterman,Republican,12773.0,46.8,False,False
2024,Oregon,OR,State House,49,general,Zach Hudson,Democratic,13784.0,55.82,True,False
2024,Oregon,OR,State House,49,general,Terry A. Tipsord,Republican,10838.0,43.89,False,False
2024,Oregon,OR,State House,50,general,Ricki Ruiz,Democratic,15014.0,54.54,True,False
2024,Oregon,OR,State House,50,general,Paul Drechsler,Republican,12448.0,45.22,False,False
2024,Oregon,OR,State House,51,general,Christine Drazan,Republican,27872.0,94.13,True,False
2024,Oregon,OR,State House,52,general,Jeff Helfrich,Republican,18958.0,51.84,True,False
2024,Oregon,OR,State House,52,general,Nick Walden Poublon,Democratic,17573.0,48.05,False,False
2024,Oregon,OR,State House,53,general,Emerson Levy,Democratic,23866.0,54.25,True,False
2024,Oregon,OR,State House,53,general,Keri Lopez,Republican,20082.0,45.65,False,False
2024,Oregon,OR,State House,54,general,Jason Kropf,Democratic,28395.0,96.47,True,False
2024,Oregon,OR,State House,55,general,E. Werner Reschke,Republican,27260.0,69.62,True,False
2024,Oregon,OR,State House,55,general,James Williamson,Democratic,11848.0,30.26,False,False
2024,Oregon,OR,State House,56,general,Emily G. McIntire,Republican,25285.0,96.69,True,False
2024,Oregon,OR,State House,57,general,Greg Smith,Republican,19728.0,97.58,True,False
2024,Oregon,OR,State House,58,general,Bobby Levy,Republican,26477.0,98.23,True,False
2024,Oregon,OR,State House,59,general,Vikki Breese-Iverson,Republican,29431.0,71.62,True,False
2024,Oregon,OR,State House,59,general,Brian K. Samp,Democratic,11561.0,28.13,False,False
2024,Oregon,OR,State House,60,general,Mark Owens,Republican,25928.0,98.79,True,False
2024,Pennsylvania,PA,State House,140,special general,Jim Prokopiak,Democratic,6489.0,67.4,True,False
2024,Pennsylvania,PA,State House,140,special general,Candace Cabanas,Republican,3083.0,32.02,False,False
2024,Pennsylvania,PA,State House,139,special general,Jeffrey Olsommer,Republican,7156.0,59.33,True,False
2024,Pennsylvania,PA,State House,139,special general,Robin Skibber,Democratic,4715.0,39.09,False,False
2024,South Carolina,SC,State House,109,special general,Tiffany Spann-Wilder,Democratic,299.0,97.39,True,False
2024,South Carolina,SC,State House,1,general,Bill Whitmire,Republican,20495.0,99.13,True,True
2024,South Carolina,SC,State House,2,general,Adam Lewis Duncan,Republican,16639.0,95.87,True,False
2024,South Carolina,SC,State House,3,general,Phillip Bowers,Republican,8281.0,64.28,True,False
2024,South Carolina,SC,State House,3,general,Eunice Lehmacher,Democratic,4587.0,35.61,False,False
2024,South Carolina,SC,State House,4,general,Davey Hiott,Republican,19241.0,98.98,True,True
2024,South Carolina,SC,State House,5,general,Neal Collins,Republican,17029.0,98.24,True,True
2024,South Carolina,SC,State House,6,general,April Cromer,Republican,16324.0,74.33,True,True
2024,South Carolina,SC,State House,6,general,Tony Wagoner,Democratic,5580.0,25.41,False,False
2024,South Carolina,SC,State House,7,general,Lee Gilreath,Republican,13699.0,90.6,True,False
2024,South Carolina,SC,State House,7,general,Hunter Savirino,Libertarian,1368.0,9.05,False,False
2024,South Carolina,SC,State House,8,general,Don Chapman,Republican,14314.0,86.9,True,True
2024,South Carolina,SC,State House,8,general,Jackie Todd,Alliance,2090.0,12.69,False,False
2024,South Carolina,SC,State House,9,general,Blake Sanders,Republican,14840.0,98.68,True,False
2024,South Carolina,SC,State House,10,general,Thomas Beach,Republican,16218.0,98.58,True,True
2024,South Carolina,SC,State House,11,general,Craig A. Gagnon,Republican,14815.0,99.48,True,True
2024,South Carolina,SC,State House,12,general,Daniel Gibson,Republican,8251.0,52.26,True,True
2024,South Carolina,SC,State House,12,general,Jumelle Brooks,Democratic,7527.0,47.68,False,False
2024,South Carolina,SC,State House,13,general,John R. McCravy III,Republican,15880.0,74.75,True,True
2024,South Carolina,SC,State House,13,general,Bill Kimler,Democratic,5346.0,25.17,False,False
2024,South Carolina,SC,State House,14,general,Luke Samuel Rankin,Republican,13875.0,96.86,True,False
2024,South Carolina,SC,State House,15,general,JA Moore,Democratic,6667.0,55.69,True,True
2024,South Carolina,SC,State House,15,general,Carlton Walker,Republican,5284.0,44.14,False,False
2024,South Carolina,SC,State House,16,general,Mark N. Willis,Republican,17423.0,98.7,True,True
2024,South Carolina,SC,State House,17,general,Mike Burns,Republican,20070.0,99.06,True,True
2024,South Carolina,SC,State House,18,general,Alan Morgan,Republican,18376.0,98.91,True,True
2024,South Carolina,SC,State House,19,general,Patrick Haddon,Republican,11663.0,98.02,True,True
2024,South Carolina,SC,State House,20,general,Stephen Frank,Republican,13444.0,68.13,True,False
2024,South Carolina,SC,State House,20,general,Stephen Dreyfus,Democratic,6248.0,31.66,False,False
2024,South Carolina,SC,State House,21,general,Bobby Cox,Republican,18184.0,98.28,True,True
2024,South Carolina,SC,State House,22,general,Paul Wickensimer,Republican,13243.0,59.99,True,False
2024,South Carolina,SC,State House,22,general,Brann Fowler,Democratic,8794.0,39.84,False,False
2024,South Carolina,SC,State House,23,general,Chandra Dillard,Democratic,8868.0,79.97,True,True
2024,South Carolina,SC,State House,23,general,James Archibald Atkins Jr.,Libertarian,2168.0,19.55,False,False
2024,South Carolina,SC,State House,24,general,Bruce W. Bannister,Republican,14021.0,60.37,True,True
2024,South Carolina,SC,State House,24,general,Shauna R. Johnson,Democratic,9171.0,39.48,False,False
2024,South Carolina,SC,State House,25,general,Wendell K. Jones,Democratic,9608.0,62.71,True,True
2024,South Carolina,SC,State House,25,general,Tim Kennedy,Republican,5694.0,37.16,False,False
2024,South Carolina,SC,State House,26,general,David Martin,Republican,14358.0,62.56,True,False
2024,South Carolina,SC,State House,26,general,Matt Vilardebo,Democratic,8528.0,37.16,False,False
2024,South Carolina,SC,State House,27,general,David Vaughan,Republican,13330.0,60.02,True,True
2024,South Carolina,SC,State House,27,general,John MacCarthy,Democratic,8869.0,39.93,False,False
2024,South Carolina,SC,State House,28,general,Chris Huff,Republican,15095.0,64.86,True,False
2024,South Carolina,SC,State House,28,general,J. Fritz Wiebel,Democratic,8145.0,35.0,False,False
2024,South Carolina,SC,State House,29,general,Dennis Moss,Republican,16294.0,99.23,True,True
2024,South Carolina,SC,State House,30,general,Brian Lawson,Republican,14196.0,79.33,True,True
2024,South Carolina,SC,State House,30,general,Ysante McDowell,Democratic,3684.0,20.59,False,False
2024,South Carolina,SC,State House,32,general,Scott Montgomery,Republican,12786.0,98.08,True,False
2024,South Carolina,SC,State House,33,general,Travis Moore,Republican,14848.0,71.86,True,True
2024,South Carolina,SC,State House,33,general,Clemson Turregano,Democratic,5770.0,27.92,False,False
2024,South Carolina,SC,State House,34,general,Sarita Edgerton,Republican,16061.0,98.35,True,False
2024,South Carolina,SC,State House,35,general,Bill Chumley,Republican,19136.0,98.05,True,True
2024,South Carolina,SC,State House,36,general,Rob Harris,Republican,14083.0,98.25,True,True
2024,South Carolina,SC,State House,37,general,Steven Wayne Long,Republican,15207.0,98.4,True,True
2024,South Carolina,SC,State House,38,general,Josiah Magnuson,Republican,18163.0,81.61,True,True
2024,South Carolina,SC,State House,38,general,J.R. Taylor,Democratic,4052.0,18.21,False,False
2024,South Carolina,SC,State House,39,general,Cal Forrest,Republican,17575.0,99.25,True,True
2024,South Carolina,SC,State House,40,general,Joe White,Republican,15082.0,98.42,True,True
2024,South Carolina,SC,State House,41,general,Annie McDaniel,Democratic,15172.0,98.11,True,True
2024,South Carolina,SC,State House,42,general,Doug Gilliam,Republican,11278.0,67.96,True,True
2024,South Carolina,SC,State House,42,general,David Gossett,Democratic,5288.0,31.87,False,False
2024,South Carolina,SC,State House,43,general,Randy Ligon,Republican,15937.0,99.01,True,True
2024,South Carolina,SC,State House,44,general,Mike Neese,Republican,16918.0,60.98,True,True
2024,South Carolina,SC,State House,44,general,Katie Crosby,Democratic,10795.0,38.91,False,False
2024,South Carolina,SC,State House,45,general,Brandon Newton,Republican,12284.0,64.31,True,True
2024,South Carolina,SC,State House,45,general,Nicole Ventour,Democratic,6785.0,35.52,False,False
2024,South Carolina,SC,State House,46,general,Heath Sessions,Republican,12293.0,59.9,True,True
2024,South Carolina,SC,State House,46,general,John Zabel,Democratic,8214.0,40.02,False,False
2024,South Carolina,SC,State House,47,general,Tommy Pope,Republican,19625.0,98.81,True,True
2024,South Carolina,SC,State House,48,general,Brandon Guffey,Republican,18609.0,98.11,True,True
2024,South Carolina,SC,State House,49,general,John Richard C. King,Democratic,12546.0,98.14,True,True
2024,South Carolina,SC,State House,50,general,Will Wheeler,Democratic,13512.0,98.12,True,True
2024,South Carolina,SC,State House,51,general,J. David Weeks,Democratic,11824.0,98.72,True,True
2024,South Carolina,SC,State House,52,general,Jermaine Johnson,Democratic,14205.0,97.7,True,False
2024,South Carolina,SC,State House,53,general,Richie Yow,Republican,13365.0,73.74,True,True
2024,South Carolina,SC,State House,53,general,Bruce Wallace,Democratic,4738.0,26.14,False,False
2024,South Carolina,SC,State House,54,general,Jason S. Luck,Democratic,8371.0,52.02,True,False
2024,South Carolina,SC,State House,54,general,Sterling McDiarmid,Republican,7700.0,47.85,False,False
2024,South Carolina,SC,State House,55,general,Jackie E. Hayes,Democratic,12488.0,98.63,True,True
2024,South Carolina,SC,State House,56,general,Tim McGinnis,Republican,21060.0,99.04,True,True
2024,South Carolina,SC,State House,57,general,Lucas Atkinson,Democratic,10897.0,58.61,True,True
2024,South Carolina,SC,State House,57,general,Kevin Taylor Coleridge,Republican,7645.0,41.12,False,False
2024,South Carolina,SC,State House,58,general,Jeff Johnson,Republican,16286.0,99.15,True,True
2024,South Carolina,SC,State House,59,general,Terry Alexander,Democratic,11049.0,98.24,True,True
2024,South Carolina,SC,State House,60,general,Phillip Lowe,Republican,14413.0,98.92,True,True
2024,South Carolina,SC,State House,61,general,Carla Schuessler,Republican,13645.0,98.78,True,True
2024,South Carolina,SC,State House,62,general,Robert Q. Williams,Democratic,11534.0,97.77,True,True
2024,South Carolina,SC,State House,63,general,Jay Jordan,Republican,12633.0,66.37,True,True
2024,South Carolina,SC,State House,63,general,Kory Haskins,Democratic,6386.0,33.55,False,False
2024,South Carolina,SC,State House,64,general,Fawn Pedalino,Republican,11055.0,55.76,True,True
2024,South Carolina,SC,State House,64,general,Quadri Bell,Democratic,8758.0,44.18,False,False
2024,South Carolina,SC,State House,65,general,Cody Mitchell,Republican,15665.0,99.23,True,True
2024,South Carolina,SC,State House,66,general,Jackie Terribile,Republican,15552.0,90.58,True,False
2024,South Carolina,SC,State House,67,general,G. Murrell Smith Jr.,Republican,13683.0,98.41,True,True
2024,South Carolina,SC,State House,69,general,Chris Wooten,Republican,14660.0,81.45,True,True
2024,South Carolina,SC,State House,69,general,Allen James Broadus,Libertarian,3231.0,17.95,False,False
2024,South Carolina,SC,State House,70,general,Robert Reese,Democratic,13752.0,97.26,True,False
2024,South Carolina,SC,State House,71,general,Nathan Ballentine,Republican,18992.0,98.07,True,True
2024,South Carolina,SC,State House,72,general,Seth Rose,Democratic,8282.0,98.96,True,True
2024,South Carolina,SC,State House,73,general,Christopher R. Hart,Democratic,11952.0,98.97,True,True
2024,South Carolina,SC,State House,74,general,Todd Rutherford,Democratic,12303.0,98.42,True,True
2024,South Carolina,SC,State House,75,general,Heather Bauer,Democratic,9846.0,53.31,True,True
2024,South Carolina,SC,State House,75,general,Kirkman Finlay III,Republican,8610.0,46.61,False,False
2024,South Carolina,SC,State House,76,general,Leon Howard,Democratic,12651.0,92.0,True,True
2024,South Carolina,SC,State House,76,general,Gary Votour,Workers,1052.0,7.65,False,False
2024,South Carolina,SC,State House,77,general,Kambrell Garvin,Democratic,17863.0,99.08,True,True
2024,South Carolina,SC,State House,78,general,Beth Bernstein,Democratic,14847.0,98.72,True,True
2024,South Carolina,SC,State House,79,general,Hamilton R. Grant,Democratic,14831.0,75.27,True,False
2024,South Carolina,SC,State House,79,general,Rebecca Madsen,Republican,4851.0,24.62,False,False
2024,South Carolina,SC,State House,80,general,Katherine D. Landing,Republican,16029.0,65.12,True,True
2024,South Carolina,SC,State House,80,general,Donna Brown Newton,Democratic,8574.0,34.83,False,False
2024,South Carolina,SC,State House,81,general,Charles Hartz,Republican,16290.0,68.02,True,False
2024,South Carolina,SC,State House,81,general,Jensen Jennings,Democratic,7630.0,31.86,False,False
2024,South Carolina,SC,State House,82,general,Bill Clyburn,Democratic,8982.0,53.9,True,True
2024,South Carolina,SC,State House,82,general,Suzanne Spurgeon,Republican,7676.0,46.06,False,False
2024,South Carolina,SC,State House,83,general,Bill Hixon,Republican,17038.0,98.73,True,True
2024,South Carolina,SC,State House,85,general,Jay Kilmartin,Republican,17933.0,98.12,True,True
2024,South Carolina,SC,State House,86,general,Bill Taylor,Republican,14950.0,98.84,True,True
2024,South Carolina,SC,State House,87,general,Paula Rawl Calhoon,Republican,18574.0,85.58,True,True
2024,South Carolina,SC,State House,87,general,Robin Machajewski,Libertarian,3046.0,14.03,False,False
2024,South Carolina,SC,State House,88,general,RJ May,Republican,13020.0,92.18,True,True
2024,South Carolina,SC,State House,89,general,Micah Caskey,Republican,10158.0,60.24,True,True
2024,South Carolina,SC,State House,89,general,Wayne Borders,Democratic,6681.0,39.62,False,False
2024,South Carolina,SC,State House,90,general,Justin Bamberg,Democratic,10625.0,59.92,True,True
2024,South Carolina,SC,State House,90,general,H. Frank Dickson,Republican,7085.0,39.96,False,False
2024,South Carolina,SC,State House,91,general,Lonnie Hosey,Democratic,9274.0,51.6,True,True
2024,South Carolina,SC,State House,91,general,Ben Kinlaw,Republican,8690.0,48.35,False,False
2024,South Carolina,SC,State House,92,general,Brandon Cox,Republican,12632.0,97.9,True,True
2024,South Carolina,SC,State House,93,general,Jerry Govan Jr.,Democratic,10145.0,51.58,True,False
2024,South Carolina,SC,State House,93,general,Krista Hassell,Republican,9127.0,46.4,False,False
2024,South Carolina,SC,State House,93,general,Harold Geddings,Workers,360.0,1.83,False,False
2024,South Carolina,SC,State House,94,general,Gil Gatch,Republican,13649.0,98.2,True,True
2024,South Carolina,SC,State House,95,general,Gilda Cobb-Hunter,Democratic,12568.0,98.27,True,True
2024,South Carolina,SC,State House,96,general,Ryan McCabe,Republican,14055.0,99.08,True,True
2024,South Carolina,SC,State House,97,general,Robby Robbins,Republican,15464.0,99.06,True,True
2024,South Carolina,SC,State House,98,general,Chris Murphy,Republican,9838.0,56.86,True,True
2024,South Carolina,SC,State House,98,general,Sonja Ogletree Satani,Democratic,7429.0,42.93,False,False
2024,South Carolina,SC,State House,99,general,Mark Smith,Republican,16409.0,98.51,True,True
2024,South Carolina,SC,State House,100,general,Sylleste Davis,Republican,14596.0,98.61,True,True
2024,South Carolina,SC,State House,101,general,Roger K. Kirby,Democratic,12531.0,98.45,True,True
2024,South Carolina,SC,State House,102,general,Harriet Holman,Republican,10773.0,51.87,True,False
2024,South Carolina,SC,State House,102,general,Joseph H. Jefferson,Democratic,9969.0,48.0,False,True
2024,South Carolina,SC,State House,103,general,Carl Anderson,Democratic,11367.0,98.4,True,True
2024,South Carolina,SC,State House,104,general,William Bailey,Republican,24670.0,99.38,True,True
2024,South Carolina,SC,State House,105,general,Kevin Hardee,Republican,19214.0,99.25,True,True
2024,South Carolina,SC,State House,106,general,Val Guest Jr.,Republican,21778.0,98.53,True,True
2024,South Carolina,SC,State House,107,general,Case Brittain,Republican,16658.0,98.7,True,True
2024,South Carolina,SC,State House,108,general,Lee Hewitt,Republican,20536.0,99.3,True,True
2024,South Carolina,SC,State House,109,general,Tiffany Spann-Wilder,Democratic,10157.0,98.03,True,True
2024,South Carolina,SC,State House,110,general,Tom Hartnett Jr.,Republican,12907.0,55.94,True,True
2024,South Carolina,SC,State House,110,general,John Moffett,Democratic,10145.0,43.97,False,False
2024,South Carolina,SC,State House,111,general,Wendell Gilliard,Democratic,12457.0,82.91,True,True
2024,South Carolina,SC,State House,111,general,Joe Jernigan,Libertarian,2510.0,16.71,False,False
2024,South Carolina,SC,State House,112,general,Joe Bustos,Republican,16905.0,61.04,True,True
2024,South Carolina,SC,State House,112,general,Peter Brennan,Democratic,10765.0,38.87,False,False
2024,South Carolina,SC,State House,113,general,Marvin R. Pendarvis,Democratic,9373.0,97.28,True,False
2024,South Carolina,SC,State House,114,general,Gary Brewer,Republican,15892.0,61.11,True,True
2024,South Carolina,SC,State House,114,general,Adrienne Lett,Democratic,10082.0,38.77,False,False
2024,South Carolina,SC,State House,115,general,Spencer Wetmore,Democratic,13627.0,51.89,True,True
2024,South Carolina,SC,State House,115,general,J. Warren Sloane,Republican,12623.0,48.07,False,False
2024,South Carolina,SC,State House,116,general,James Teeple,Republican,12576.0,51.18,True,False
2024,South Carolina,SC,State House,116,general,Charlie Murray,Democratic,11984.0,48.77,False,False
2024,South Carolina,SC,State House,117,general,Jordan Pace,Republican,16281.0,97.9,True,True
2024,South Carolina,SC,State House,118,general,Bill Herbkersman,Republican,16052.0,64.73,True,True
2024,South Carolina,SC,State House,118,general,Charity Owens,Democratic,8733.0,35.22,False,False
2024,South Carolina,SC,State House,119,general,Leon Stavrinakis,Democratic,13280.0,55.14,True,True
2024,South Carolina,SC,State House,119,general,Brendan R. Magee,Republican,10775.0,44.74,False,False
2024,South Carolina,SC,State House,120,general,Weston J. Newton,Republican,17696.0,66.68,True,True
2024,South Carolina,SC,State House,120,general,Kate Creech,Democratic,8820.0,33.24,False,False
2024,South Carolina,SC,State House,121,general,Michael F. Rivers Sr.,Democratic,9913.0,58.04,True,True
2024,South Carolina,SC,State House,121,general,Shelley Gay Yuhas,Republican,7149.0,41.86,False,False
2024,South Carolina,SC,State House,122,general,Bill Hager,Republican,11234.0,53.59,True,True
2024,South Carolina,SC,State House,122,general,Audrey Hopkins Williams,Democratic,9718.0,46.36,False,False
2024,South Carolina,SC,State House,123,general,Jeff Bradley,Republican,15113.0,59.87,True,True
2024,South Carolina,SC,State House,123,general,Lisette Cifaldi,Democratic,10114.0,40.07,False,False
2024,South Carolina,SC,State House,124,general,Shannon Erickson,Republican,13086.0,63.21,True,True
2024,South Carolina,SC,State House,124,general,Melinda Henrickson,Democratic,7589.0,36.66,False,False
2024,South Dakota,SD,State House,1,general,Logan Manhart,Republican,5946.0,28.0,True,False
2024,South Dakota,SD,State House,1,general,Christopher Reder,Republican,5546.0,26.0,True,False
2024,South Dakota,SD,State House,1,general,Mark Sumption,Democratic,4230.0,20.0,False,False
2024,South Dakota,SD,State House,1,general,Steven D. McCleerey,Democratic,4174.0,19.0,False,False
2024,South Dakota,SD,State House,1,general,Josh Dennert,Libertarian,950.0,4.0,False,False
2024,South Dakota,SD,State House,1,general,Tamara Lesnar,Libertarian,578.0,3.0,False,False
2024,South Dakota,SD,State House,2,general,David Kull,Republican,8239.0,50.0,True,True
2024,South Dakota,SD,State House,2,general,John Sjaarda,Republican,8392.0,50.0,True,True
2024,South Dakota,SD,State House,3,general,Brandei Schaefbauer,Republican,6049.0,37.0,True,True
2024,South Dakota,SD,State House,3,general,Al Novstrup,Republican,5738.0,35.0,True,False
2024,South Dakota,SD,State House,3,general,Erin R. Rudner,Democratic,4515.0,28.0,False,False
2024,South Dakota,SD,State House,4,general,Kent Roe,Republican,7959.0,52.0,True,False
2024,South Dakota,SD,State House,4,general,Dylan C. Jordan,Republican,7308.0,48.0,True,False
2024,South Dakota,SD,State House,5,general,Matt Roby,Republican,8314.0,45.0,True,False
2024,South Dakota,SD,State House,5,general,Josephine Garcia,Republican,5892.0,32.0,True,False
2024,South Dakota,SD,State House,5,general,Diane M Drake,Democratic,2308.0,12.0,False,False
2024,South Dakota,SD,State House,5,general,Amy D. Rambow,Democratic,1953.0,11.0,False,False
2024,South Dakota,SD,State House,6,general,Herman Otten,Republican,7216.0,42.0,True,False
2024,South Dakota,SD,State House,6,general,Aaron Aylward,Republican,6534.0,38.0,True,True
2024,South Dakota,SD,State House,6,general,Garret M. Campbell,Democratic,3546.0,21.0,False,False
2024,South Dakota,SD,State House,7,general,Roger DeGroot,Republican,6045.0,33.0,True,True
2024,South Dakota,SD,State House,7,general,Mellissa Heermann,Republican,5666.0,31.0,True,True
2024,South Dakota,SD,State House,7,general,Fedora Sutton-Butler,Democratic,3533.0,19.0,False,False
2024,South Dakota,SD,State House,7,general,Blake Stevens,Democratic,3189.0,17.0,False,False
2024,South Dakota,SD,State House,8,general,Tim Walburg,Republican,9282.0,46.0,True,False
2024,South Dakota,SD,State House,8,general,Tim Reisch,Republican,8953.0,44.0,True,True
2024,South Dakota,SD,State House,8,general,Greg Zimmerman,Libertarian,1958.0,10.0,False,False
2024,South Dakota,SD,State House,9,general,Tesa Schwans,Republican,6560.0,39.0,True,False
2024,South Dakota,SD,State House,9,general,Bethany Soye,Republican,6473.0,38.0,True,True
2024,South Dakota,SD,State House,9,general,Beverly Froslie Johnson,Democratic,4003.0,23.0,False,False
2024,South Dakota,SD,State House,10,general,Erin Healy,Democratic,5138.0,38.0,True,True
2024,South Dakota,SD,State House,10,general,Bobbi Andera,Republican,4234.0,32.0,True,False
2024,South Dakota,SD,State House,10,general,Kameron Nelson,Democratic,4045.0,30.0,False,True
2024,South Dakota,SD,State House,11,general,Brian Mulder,Republican,6235.0,30.0,True,True
2024,South Dakota,SD,State House,11,general,Keri Weems,Republican,5926.0,28.0,True,False
2024,South Dakota,SD,State House,11,general,Aaron Matson,Democratic,4261.0,20.0,False,False
2024,South Dakota,SD,State House,11,general,Sonja Mentzer,Democratic,4599.0,22.0,False,False
2024,South Dakota,SD,State House,12,general,Amber Arlint,Republican,6257.0,31.0,True,True
2024,South Dakota,SD,State House,12,general,Greg Jamison,Republican,5961.0,30.0,True,True
2024,South Dakota,SD,State House,12,general,Erin Royer,Democratic,4414.0,22.0,False,False
2024,South Dakota,SD,State House,12,general,JR Anderson,Democratic,3535.0,18.0,False,False
2024,South Dakota,SD,State House,13,general,John Hughes,Republican,7735.0,52.0,True,False
2024,South Dakota,SD,State House,13,general,Tony Venhuizen,Republican,7270.0,48.0,True,False
2024,South Dakota,SD,State House,14,general,Taylor Rehfeldt,Republican,7833.0,33.0,True,True
2024,South Dakota,SD,State House,14,general,Tony Kayser,Republican,6389.0,27.0,True,False
2024,South Dakota,SD,State House,14,general,Keith Block,Democratic,4991.0,21.0,False,False
2024,South Dakota,SD,State House,14,general,B.J. Motley,Democratic,4253.0,18.0,False,False
2024,South Dakota,SD,State House,15,general,Kadyn Wittman,Democratic,4552.0,26.0,True,True
2024,South Dakota,SD,State House,15,general,Eric Muckey,Democratic,4365.0,25.0,True,False
2024,South Dakota,SD,State House,15,general,Joni Tschetter,Republican,4356.0,25.0,False,False
2024,South Dakota,SD,State House,15,general,Brad Lindwurm,Republican,3917.0,23.0,False,False
2024,South Dakota,SD,State House,16,general,Karla Lems,Republican,7960.0,44.0,True,True
2024,South Dakota,SD,State House,16,general,Richard Vasgaard,Republican,7407.0,41.0,True,False
2024,South Dakota,SD,State House,16,general,Matthew Carl Ness,Democratic,2918.0,16.0,False,False
2024,South Dakota,SD,State House,17,general,Chris Kassin,Republican,6699.0,41.0,True,True
2024,South Dakota,SD,State House,17,general,William Shorma,Republican,5497.0,33.0,True,True
2024,South Dakota,SD,State House,17,general,Ray Ring,Democratic,4245.0,26.0,False,False
2024,South Dakota,SD,State House,18,general,Mike Stevens,Republican,6872.0,36.0,True,True
2024,South Dakota,SD,State House,18,general,Julie Auch,Republican,6116.0,32.0,True,True
2024,South Dakota,SD,State House,18,general,Paul Harens,Democratic,4094.0,21.0,False,False
2024,South Dakota,SD,State House,18,general,Sarah Mechtenberg,Democratic,2233.0,12.0,False,False
2024,South Dakota,SD,State House,19,general,Jessica Bahmuller,Republican,7718.0,53.0,True,True
2024,South Dakota,SD,State House,19,general,Drew Peterson,Republican,6972.0,47.0,True,True
2024,South Dakota,SD,State House,20,general,Jeff Bathke,Republican,6953.0,54.0,True,False
2024,South Dakota,SD,State House,20,general,Kaley Nolz,Republican,6013.0,46.0,True,False
2024,South Dakota,SD,State House,21,general,Marty Overweg,Republican,7201.0,52.0,True,True
2024,South Dakota,SD,State House,21,general,Jim Halverson,Republican,6686.0,48.0,True,False
2024,South Dakota,SD,State House,22,general,Kevin Van Diepen,Republican,6021.0,51.0,True,False
2024,South Dakota,SD,State House,22,general,Lana Greenfield,Republican,5897.0,49.0,True,False
2024,South Dakota,SD,State House,23,general,Spencer Gosch,Republican,7973.0,52.0,True,False
2024,South Dakota,SD,State House,23,general,Scott Moore,Republican,7420.0,48.0,True,True
2024,South Dakota,SD,State House,24,general,Will Mortenson,Republican,8895.0,52.0,True,True
2024,South Dakota,SD,State House,24,general,Mike Weisgram,Republican,8296.0,48.0,True,True
2024,South Dakota,SD,State House,25,general,Jon Hansen,Republican,8281.0,53.0,True,True
2024,South Dakota,SD,State House,25,general,Les Heinemann,Republican,7479.0,47.0,True,False
2024,South Dakota,SD,State House,26A,general,Eric Emery,Democratic,1531.0,51.0,True,True
2024,South Dakota,SD,State House,26A,general,Ron Frederick,Republican,904.0,30.0,False,False
2024,South Dakota,SD,State House,26A,general,William Craig Lafferty,Independent,559.0,19.0,False,False
2024,South Dakota,SD,State House,26B,general,Rebecca Reimer,Republican,2746.0,60.0,True,True
2024,South Dakota,SD,State House,26B,general,David Reis,Independent,1831.0,40.0,False,False
2024,South Dakota,SD,State House,27,general,Liz Marty May,Republican,3717.0,37.0,True,True
2024,South Dakota,SD,State House,27,general,Peri Pourier,Democratic,3451.0,34.0,True,True
2024,South Dakota,SD,State House,27,general,Elsie Meeks,Democratic,2919.0,29.0,False,False
2024,South Dakota,SD,State House,28A,general,Jana Hunt,Republican,2563.0,58.0,True,False
2024,South Dakota,SD,State House,28A,general,Carl J. Petersen,Democratic,1892.0,42.0,False,False
2024,South Dakota,SD,State House,28B,general,Travis Ismay,Republican,5040.0,100.0,True,False
2024,South Dakota,SD,State House,29,general,Terri Jorgenson,Republican,6966.0,51.0,True,False
2024,South Dakota,SD,State House,29,general,Kathy Rice,Republican,6615.0,49.0,True,False
2024,South Dakota,SD,State House,30,general,Tim Goodwin,Republican,10094.0,43.0,True,False
2024,South Dakota,SD,State House,30,general,Trish Ladner,Republican,9708.0,41.0,True,True
2024,South Dakota,SD,State House,30,general,Susan Scheirbeck,Democratic,3872.0,16.0,False,False
2024,South Dakota,SD,State House,31,general,Scott Odenbach,Republican,9100.0,38.0,True,True
2024,South Dakota,SD,State House,31,general,Mary Fitzgerald,Republican,7768.0,32.0,True,True
2024,South Dakota,SD,State House,31,general,Victoria Greenlee,Independent,3986.0,17.0,False,False
2024,South Dakota,SD,State House,31,general,Shana McVickers,Independent,3049.0,13.0,False,False
2024,South Dakota,SD,State House,32,general,Nicole Uhre-Balk,Democratic,4133.0,35.0,True,False
2024,South Dakota,SD,State House,32,general,Steve Duffy,Republican,4111.0,35.0,True,True
2024,South Dakota,SD,State House,32,general,Brook Kaufman,Republican,3548.0,30.0,False,False
2024,South Dakota,SD,State House,33,general,Curt Massie,Republican,7355.0,50.0,True,True
2024,South Dakota,SD,State House,33,general,Phil Jensen,Republican,7325.0,50.0,True,True
2024,South Dakota,SD,State House,34,general,Mike Derby,Republican,7108.0,53.0,True,True
2024,South Dakota,SD,State House,34,general,Heather Baxter,Republican,6381.0,47.0,True,False
2024,South Dakota,SD,State House,35,general,Tony Randolph,Republican,8778.0,35.0,True,True
2024,South Dakota,SD,State House,35,general,Tina Mulally,Republican,8586.0,34.0,True,True
2024,South Dakota,SD,State House,35,general,Pat Cromwell,Democratic,4004.0,16.0,False,False
2024,South Dakota,SD,State House,35,general,Jason Lind,Democratic,3772.0,15.0,False,False
2024,Tennessee,TN,State House,1,general,John Crawford,Republican,24296.0,100.0,True,True
2024,Tennessee,TN,State House,2,general,Bud Hulsey,Republican,26619.0,100.0,True,True
2024,Tennessee,TN,State House,3,general,Timothy Aaron Hill,Republican,25634.0,83.01,True,True
2024,Tennessee,TN,State House,3,general,Lori Love,Democratic,5248.0,16.99,False,False
2024,Tennessee,TN,State House,4,general,Renea Jones,Republican,22278.0,100.0,True,False
2024,Tennessee,TN,State House,5,general,David B. Hawk,Republican,24547.0,82.01,True,True
2024,Tennessee,TN,State House,5,general,Rebecca Anderson,Independent,5383.0,17.99,False,False
2024,Tennessee,TN,State House,6,general,Tim Hicks,Republican,22531.0,72.95,True,True
2024,Tennessee,TN,State House,6,general,Brad Batt,Democratic,8356.0,27.05,False,False
2024,Tennessee,TN,State House,7,general,Rebecca K. Alexander,Republican,19016.0,71.27,True,True
2024,Tennessee,TN,State House,7,general,Sylvain Bruni,Democratic,7665.0,28.73,False,False
2024,Tennessee,TN,State House,8,general,Jerome Moon,Republican,26450.0,77.17,True,True
2024,Tennessee,TN,State House,8,general,Sue DuBois,Democratic,7827.0,22.83,False,False
2024,Tennessee,TN,State House,9,general,Gary W. Hicks Jr.,Republican,25336.0,100.0,True,True
2024,Tennessee,TN,State House,10,general,Rick Eldridge,Republican,22293.0,99.06,True,True
2024,Tennessee,TN,State House,10,general,Nathan Dressel,Write-in Candidate,212.0,0.94,False,False
2024,Tennessee,TN,State House,11,general,Jeremy Faison,Republican,24424.0,84.39,True,True
2024,Tennessee,TN,State House,11,general,Justin L. Gross,Democratic,4517.0,15.61,False,False
2024,Tennessee,TN,State House,12,general,Fred A. Atchley,Republican,23955.0,82.18,True,False
2024,Tennessee,TN,State House,12,general,Leslie P. Braddock,Democratic,5196.0,17.82,False,False
2024,Tennessee,TN,State House,13,general,Robert Stevens,Republican,16210.0,59.88,True,True
2024,Tennessee,TN,State House,13,general,Jonathan Yancey,Democratic,10859.0,40.12,False,False
2024,Tennessee,TN,State House,14,general,Jason Zachary,Republican,27129.0,64.83,True,True
2024,Tennessee,TN,State House,14,general,Amanda S. Collins,Democratic,14716.0,35.17,False,False
2024,Tennessee,TN,State House,15,general,Sam McKenzie,Democratic,12281.0,67.96,True,True
2024,Tennessee,TN,State House,15,general,Justin Hirst,Republican,5790.0,32.04,False,False
2024,Tennessee,TN,State House,16,general,Michele Carringer,Republican,22376.0,68.72,True,True
2024,Tennessee,TN,State House,16,general,Lauren Carver,Democratic,9331.0,28.66,False,False
2024,Tennessee,TN,State House,16,general,Sean Eastham,Independent,854.0,2.62,False,False
2024,Tennessee,TN,State House,17,general,Andrew Ellis Farmer,Republican,25047.0,100.0,True,True
2024,Tennessee,TN,State House,18,general,Elaine Davis,Republican,18611.0,53.75,True,True
2024,Tennessee,TN,State House,18,general,Bryan Goldberg,Democratic,16013.0,46.25,False,False
2024,Tennessee,TN,State House,19,general,Dave Wright,Republican,27784.0,100.0,True,True
2024,Tennessee,TN,State House,20,general,Tom Stinnett,Republican,24704.0,74.82,True,False
2024,Tennessee,TN,State House,20,general,Karen Gertz,Democratic,8312.0,25.18,False,False
2024,Tennessee,TN,State House,21,general,Lowell Russell,Republican,29929.0,81.12,True,True
2024,Tennessee,TN,State House,21,general,Kenneth R. Moore,Democratic,6967.0,18.88,False,False
2024,Tennessee,TN,State House,22,general,Dan Howell,Republican,27463.0,85.19,True,True
2024,Tennessee,TN,State House,22,general,Anna Grabowski,Democratic,4773.0,14.81,False,False
2024,Tennessee,TN,State House,23,general,Mark Cochran,Republican,25265.0,84.97,True,True
2024,Tennessee,TN,State House,23,general,David W. Thomforde,Democratic,4470.0,15.03,False,False
2024,Tennessee,TN,State House,24,general,Kevin Raper,Republican,20826.0,78.31,True,True
2024,Tennessee,TN,State House,24,general,Andrea Chase,Democratic,5769.0,21.69,False,False
2024,Tennessee,TN,State House,25,general,Cameron Sexton,Republican,29725.0,81.82,True,True
2024,Tennessee,TN,State House,25,general,Wesley M. Adkins,Democratic,6603.0,18.18,False,False
2024,Tennessee,TN,State House,26,general,Greg Martin,Republican,24582.0,62.13,True,True
2024,Tennessee,TN,State House,26,general,Allison Gorman,Democratic,14986.0,37.87,False,False
2024,Tennessee,TN,State House,27,general,Michele Reneau,Republican,23085.0,60.18,True,False
2024,Tennessee,TN,State House,27,general,Kathy Lennon,Democratic,15276.0,39.82,False,False
2024,Tennessee,TN,State House,28,general,Yusuf A. Hakeem,Democratic,17735.0,74.89,True,True
2024,Tennessee,TN,State House,28,general,Thomas J. Brooks III,Independent,5946.0,25.11,False,False
2024,Tennessee,TN,State House,29,general,Greg Vital,Republican,25690.0,70.65,True,True
2024,Tennessee,TN,State House,29,general,Ryan Scofield,Democratic,10671.0,29.35,False,False
2024,Tennessee,TN,State House,30,general,Esther Helton-Haynes,Republican,19473.0,59.72,True,True
2024,Tennessee,TN,State House,30,general,Heather McClendon,Democratic,13136.0,40.28,False,False
2024,Tennessee,TN,State House,31,general,Ron Travis,Republican,25429.0,83.83,True,True
2024,Tennessee,TN,State House,31,general,Brittany Lynn Warfel,Democratic,4094.0,13.5,False,False
2024,Tennessee,TN,State House,31,general,"William ""Jay"" Jenkins",Independent,810.0,2.67,False,False
2024,Tennessee,TN,State House,32,general,Monty G. Fritts,Republican,29444.0,100.0,True,True
2024,Tennessee,TN,State House,33,general,Rick Scarbrough,Republican,20299.0,67.7,True,False
2024,Tennessee,TN,State House,33,general,Anne Backus,Democratic,9685.0,32.3,False,False
2024,Tennessee,TN,State House,34,general,Tim Rudd,Republican,17805.0,60.5,True,True
2024,Tennessee,TN,State House,34,general,Amelia Pant,Democratic,11624.0,39.5,False,False
2024,Tennessee,TN,State House,35,general,William H. Slater,Republican,20190.0,70.76,True,True
2024,Tennessee,TN,State House,35,general,Lexi Melton,Democratic,8345.0,29.24,False,False
2024,Tennessee,TN,State House,36,general,Dennis Powers,Republican,24118.0,100.0,True,True
2024,Tennessee,TN,State House,37,general,Charlie Baum,Republican,16859.0,64.21,True,True
2024,Tennessee,TN,State House,37,general,Cheri Brown,Democratic,9399.0,35.79,False,False
2024,Tennessee,TN,State House,38,general,Kelly T. Keisling,Republican,24785.0,88.79,True,True
2024,Tennessee,TN,State House,38,general,Alexander Armor,Independent,3130.0,11.21,False,False
2024,Tennessee,TN,State House,39,general,Iris Rudder,Republican,24655.0,76.36,True,True
2024,Tennessee,TN,State House,39,general,Rose Mary Drake,Democratic,7632.0,23.64,False,False
2024,Tennessee,TN,State House,40,general,Michael Hale,Republican,25287.0,83.73,True,True
2024,Tennessee,TN,State House,40,general,Daniel T. Hawthorne,Democratic,4913.0,16.27,False,False
2024,Tennessee,TN,State House,41,general,Ed Butler,Republican,24763.0,82.89,True,True
2024,Tennessee,TN,State House,41,general,Joel Derek Hawn,Democratic,5113.0,17.11,False,False
2024,Tennessee,TN,State House,42,general,Ryan D. Williams,Republican,21184.0,73.9,True,True
2024,Tennessee,TN,State House,42,general,"Amber ""Bennie"" Taylor",Democratic,7482.0,26.1,False,False
2024,Tennessee,TN,State House,43,general,Paul Sherrell,Republican,23446.0,100.0,True,True
2024,Tennessee,TN,State House,44,general,William Lamberth,Republican,27028.0,77.08,True,True
2024,Tennessee,TN,State House,44,general,Brian Robertson,Democratic,8039.0,22.92,False,False
2024,Tennessee,TN,State House,45,general,Johnny Garrett,Republican,21845.0,67.84,True,True
2024,Tennessee,TN,State House,45,general,Alison Beale,Democratic,10354.0,32.16,False,False
2024,Tennessee,TN,State House,46,general,Clark Boyd,Republican,28319.0,74.86,True,True
2024,Tennessee,TN,State House,46,general,Joni Cochran,Democratic,9508.0,25.14,False,False
2024,Tennessee,TN,State House,47,general,Rush Bricken,Republican,23052.0,79.84,True,True
2024,Tennessee,TN,State House,47,general,Veronica Owens,Independent,5822.0,20.16,False,False
2024,Tennessee,TN,State House,48,general,Bryan Terry,Republican,20555.0,65.34,True,True
2024,Tennessee,TN,State House,48,general,Matt Ferry,Democratic,10903.0,34.66,False,False
2024,Tennessee,TN,State House,49,general,Mike Sparks,Republican,15361.0,57.2,True,True
2024,Tennessee,TN,State House,49,general,Luis Mata,Democratic,11492.0,42.8,False,False
2024,Tennessee,TN,State House,50,general,Bo Mitchell,Democratic,16632.0,54.09,True,True
2024,Tennessee,TN,State House,50,general,Jennifer Frensley Webb,Republican,14117.0,45.91,False,False
2024,Tennessee,TN,State House,51,general,Aftyn Behn,Democratic,24391.0,73.87,True,True
2024,Tennessee,TN,State House,51,general,Jeff Ketelsen,Independent,8626.0,26.13,False,False
2024,Tennessee,TN,State House,52,general,Justin Jones,Democratic,13479.0,69.22,True,True
2024,Tennessee,TN,State House,52,general,Laura Nelson,Republican,5995.0,30.78,False,False
2024,Tennessee,TN,State House,53,general,Jason L. Powell,Democratic,14004.0,62.46,True,True
2024,Tennessee,TN,State House,53,general,Yog Nepal,Republican,7494.0,33.43,False,False
2024,Tennessee,TN,State House,53,general,Rueben I. Dockery,Independent,921.0,4.11,False,False
2024,Tennessee,TN,State House,54,general,Vincent B. Dixie,Democratic,22893.0,100.0,True,True
2024,Tennessee,TN,State House,55,general,John Ray Clemmons,Democratic,13388.0,100.0,True,True
2024,Tennessee,TN,State House,56,general,Bob Freeman,Democratic,25690.0,100.0,True,True
2024,Tennessee,TN,State House,57,general,Susan Lynn,Republican,27040.0,67.71,True,True
2024,Tennessee,TN,State House,57,general,Ailina Carona,Democratic,12895.0,32.29,False,False
2024,Tennessee,TN,State House,58,general,Harold M. Love Jr.,Democratic,19027.0,100.0,True,True
2024,Tennessee,TN,State House,59,general,Caleb Hemmer (inc.),Democratic,25812.0,100.0,True,False
2024,Tennessee,TN,State House,60,general,Shaundelle Brooks,Democratic,16681.0,53.78,True,False
2024,Tennessee,TN,State House,60,general,Chad Bobo,Republican,14335.0,46.22,False,False
2024,Tennessee,TN,State House,61,general,Gino Bulso (inc.),Republican,25594.0,62.07,True,False
2024,Tennessee,TN,State House,61,general,Claire Jones,Democratic,14711.0,35.68,False,False
2024,Tennessee,TN,State House,61,general,Alana LeBlanc,Independent,929.0,2.25,False,False
2024,Tennessee,TN,State House,62,general,Pat Marsh (inc.),Republican,26110.0,100.0,True,False
2024,Tennessee,TN,State House,63,general,Jake McCalmon (inc.),Republican,28667.0,68.09,True,False
2024,Tennessee,TN,State House,63,general,Laura Andreson,Democratic,13433.0,31.91,False,False
2024,Tennessee,TN,State House,64,general,Scott Cepicky (inc.),Republican,24898.0,70.16,True,False
2024,Tennessee,TN,State House,64,general,Eileen H. Longstreet,Democratic,10590.0,29.84,False,False
2024,Tennessee,TN,State House,65,general,Lee Reeves,Republican,28234.0,69.31,True,False
2024,Tennessee,TN,State House,65,general,Larhonda Williams,Democratic,12503.0,30.69,False,False
2024,Tennessee,TN,State House,66,general,"Sabi ""Doc"" Kumar (inc.)",Republican,23760.0,73.02,True,False
2024,Tennessee,TN,State House,66,general,Elizabeth Webb,Democratic,6152.0,18.91,False,False
2024,Tennessee,TN,State House,66,general,Kevin Mead,Independent,2626.0,8.07,False,False
2024,Tennessee,TN,State House,67,general,Ronnie Glynn,Democratic,11055.0,50.3,True,True
2024,Tennessee,TN,State House,67,general,Jamie Dean Peltz,Republican,10924.0,49.7,False,False
2024,Tennessee,TN,State House,68,general,Aron Maberry,Republican,23249.0,67.98,True,False
2024,Tennessee,TN,State House,68,general,Garfield Scott,Democratic,10950.0,32.02,False,False
2024,Tennessee,TN,State House,69,general,Jody Barrett (inc.),Republican,23839.0,100.0,True,False
2024,Tennessee,TN,State House,70,general,Clay Doggett,Republican,25462.0,83.68,True,True
2024,Tennessee,TN,State House,70,general,Jason Luttrell,Democratic,4965.0,16.32,False,False
2024,Tennessee,TN,State House,71,general,Kip Capley,Republican,25607.0,81.4,True,True
2024,Tennessee,TN,State House,71,general,Tim Coy,Democratic,5853.0,18.6,False,False
2024,Tennessee,TN,State House,72,general,Kirk Haston (inc.),Republican,25924.0,100.0,True,False
2024,Tennessee,TN,State House,73,general,Chris Todd (inc.),Republican,24238.0,100.0,True,False
2024,Tennessee,TN,State House,74,general,Jay Reedy (inc.),Republican,24464.0,100.0,True,False
2024,Tennessee,TN,State House,75,general,Jeff Burkhart,Republican,11164.0,54.74,True,True
2024,Tennessee,TN,State House,75,general,Allie Phillips,Democratic,9230.0,45.26,False,False
2024,Tennessee,TN,State House,76,general,Tandy Darby,Republican,21373.0,84.41,True,True
2024,Tennessee,TN,State House,76,general,James Hart,Independent,3946.0,15.59,False,False
2024,Tennessee,TN,State House,77,general,Rusty Grills (inc.),Republican,20457.0,100.0,True,False
2024,Tennessee,TN,State House,78,general,Mary Littleton,Republican,23678.0,74.11,True,True
2024,Tennessee,TN,State House,78,general,Deborah Castle Doyle,Democratic,8270.0,25.89,False,False
2024,Tennessee,TN,State House,79,general,Brock Martin (inc.),Republican,21658.0,100.0,True,False
2024,Tennessee,TN,State House,80,general,Johnny Shaw (inc.),Democratic,12140.0,60.75,True,False
2024,Tennessee,TN,State House,80,general,Brad Grantham,Republican,7843.0,39.25,False,False
2024,Tennessee,TN,State House,81,general,Debra Moody (inc.),Republican,23789.0,100.0,True,False
2024,Tennessee,TN,State House,82,general,Chris Hurt (inc.),Republican,20007.0,100.0,True,False
2024,Tennessee,TN,State House,83,general,Mark White,Republican,19910.0,57.88,True,True
2024,Tennessee,TN,State House,83,general,Noah Nordstrom,Democratic,14488.0,42.12,False,False
2024,Tennessee,TN,State House,84,general,Joe Towns,Democratic,13785.0,100.0,True,True
2024,Tennessee,TN,State House,85,general,Jesse Chism,Democratic,9992.0,23.0,True,True
2024,Tennessee,TN,State House,86,general,Justin J. Pearson,Democratic,15612.0,77.87,True,True
2024,Tennessee,TN,State House,86,general,William P Mouzon,Independent,4436.0,22.13,False,False
2024,Tennessee,TN,State House,87,general,Karen Camper,Democratic,13669.0,100.0,True,True
2024,Tennessee,TN,State House,88,general,Larry Miller,Democratic,15043.0,71.84,True,True
2024,Tennessee,TN,State House,88,general,Larry Hunter,Republican,5896.0,28.16,False,False
2024,Tennessee,TN,State House,89,general,Justin Lafferty,Republican,23733.0,66.57,True,True
2024,Tennessee,TN,State House,89,general,Cary Hammond,Democratic,11920.0,33.43,False,False
2024,Tennessee,TN,State House,90,general,Gloria Johnson,Democratic,16372.0,99.69,True,True
2024,Tennessee,TN,State House,91,general,Torrey Harris,Democratic,17049.0,100.0,True,True
2024,Tennessee,TN,State House,92,general,Todd Warner,Republican,25086.0,74.54,True,True
2024,Tennessee,TN,State House,92,general,Teri Mai,Democratic,8569.0,25.46,False,False
2024,Tennessee,TN,State House,93,general,G. A. Hardaway,Democratic,12398.0,80.94,True,True
2024,Tennessee,TN,State House,93,general,Renarda Renee Clariett,Republican,2920.0,19.06,False,False
2024,Tennessee,TN,State House,94,general,Ron Gant,Republican,26053.0,78.4,True,True
2024,Tennessee,TN,State House,94,general,Terry S. Saine,Democratic,7178.0,21.6,False,False
2024,Tennessee,TN,State House,95,general,Kevin Vaughan,Republican,27790.0,100.0,True,True
2024,Tennessee,TN,State House,96,general,Gabby Salinas,Democratic,19055.0,100.0,True,False
2024,Tennessee,TN,State House,97,general,John Gillespie,Republican,16368.0,51.64,True,True
2024,Tennessee,TN,State House,97,general,Jesse Huseth,Democratic,15292.0,48.24,False,False
2024,Tennessee,TN,State House,98,general,Antonio Parkinson,Democratic,15348.0,73.94,True,True
2024,Tennessee,TN,State House,98,general,Cecil Hale,Republican,5410.0,26.06,False,False
2024,Tennessee,TN,State House,99,general,Tom Leatherwood,Republican,25259.0,75.32,True,True
2024,Tennessee,TN,State House,99,general,William P Mouzon,Independent,8275.0,24.68,False,False
2024,Texas,TX,State House,2,special general,Brent Money,Republican,15737.0,31.77,True,False
2024,Texas,TX,State House,2,special general,Jill Dutton,Republican,13992.0,25.23,True,False
2024,Texas,TX,State House,2,special general,Heath Hyde,Republican,6081.0,21.44,False,False
2024,Texas,TX,State House,2,special general,Kristen Washington,Democratic,3170.0,11.18,False,False
2024,Texas,TX,State House,2,special general,Doug Roszhart,Republican,2221.0,7.83,False,False
2024,Texas,TX,State House,2,special general,Krista Schild,Republican,721.0,2.54,False,False
2024,Texas,TX,State House,1,general,Gary VanDeaver,Republican,66843.0,100.0,True,True
2024,Texas,TX,State House,2,general,Brent Money,Republican,71222.0,80.56,True,False
2024,Texas,TX,State House,2,general,Kristen Washington,Democratic,17182.0,19.44,False,False
2024,Texas,TX,State House,3,general,Cecil Bell Jr.,Republican,85793.0,85.0,True,True
2024,Texas,TX,State House,4,general,Keith Bell,Republican,60287.0,69.67,True,True
2024,Texas,TX,State House,4,general,Alex Bar-Sela,Democratic,26240.0,30.33,False,False
2024,Texas,TX,State House,5,general,Cole Hefner,Republican,74381.0,98.79,True,True
2024,Texas,TX,State House,5,general,Nancy A. Nichols,Write-in,910.0,1.21,False,False
2024,Texas,TX,State House,6,general,Daniel Alders,Republican,56497.0,71.83,True,False
2024,Texas,TX,State House,6,general,Cody Grace,Democratic,22158.0,28.17,False,False
2024,Texas,TX,State House,7,general,Jay Dean,Republican,59056.0,74.21,True,True
2024,Texas,TX,State House,7,general,Marlena Cooper,Democratic,20520.0,25.79,False,False
2024,Texas,TX,State House,8,general,Cody Harris,Republican,60938.0,81.36,True,True
2024,Texas,TX,State House,8,general,Carolyn Salter,Democratic,13961.0,18.64,False,False
2024,Texas,TX,State House,9,general,Trent Ashby,Republican,74006.0,100.0,True,True
2024,Texas,TX,State House,10,general,Brian Harrison,Republican,68706.0,98.67,True,True
2024,Texas,TX,State House,10,general,Jennifer Brummell,Write-in,888.0,1.28,False,False
2024,Texas,TX,State House,10,general,Jeremy Schroppel,Write-in,40.0,0.06,False,False
2024,Texas,TX,State House,11,general,Joanne Shofner,Republican,62338.0,100.0,True,False
2024,Texas,TX,State House,12,general,Trey Wharton,Republican,64105.0,76.84,True,False
2024,Texas,TX,State House,12,general,Dee Howard Mullins,Democratic,19325.0,23.16,False,False
2024,Texas,TX,State House,13,general,Angelia Orr,Republican,55317.0,76.18,True,True
2024,Texas,TX,State House,13,general,Albert Hunter,Democratic,17301.0,23.82,False,False
2024,Texas,TX,State House,15,general,Steve Toth,Republican,73720.0,100.0,True,True
2024,Texas,TX,State House,16,general,Will Metcalf,Republican,73385.0,80.36,True,True
2024,Texas,TX,State House,16,general,Mike Midler,Democratic,17930.0,19.64,False,False
2024,Texas,TX,State House,17,general,Stan Gerdes,Republican,53531.0,66.15,True,True
2024,Texas,TX,State House,17,general,Desiree Venable,Democratic,27389.0,33.85,False,False
2024,Texas,TX,State House,18,general,Janis Holt,Republican,69326.0,86.58,True,False
2024,Texas,TX,State House,18,general,Seth Steele,Libertarian,10749.0,13.42,False,False
2024,Texas,TX,State House,19,general,Ellen Troxclair,Republican,87416.0,70.85,True,True
2024,Texas,TX,State House,19,general,Dwain Handley,Democratic,31486.0,25.52,False,False
2024,Texas,TX,State House,19,general,Kodi Sawin,Independent,4478.0,3.63,False,False
2024,Texas,TX,State House,20,general,Terry Wilson,Republican,64086.0,59.76,True,True
2024,Texas,TX,State House,20,general,Stephan Wyman,Democratic,43148.0,40.24,False,False
2024,Texas,TX,State House,21,general,Dade Phelan,Republican,66398.0,100.0,True,True
2024,Texas,TX,State House,22,general,Christian Manuel,Democratic,34336.0,100.0,True,True
2024,Texas,TX,State House,23,general,Terri Leo-Wilson,Republican,53841.0,66.87,True,True
2024,Texas,TX,State House,23,general,Dev Merugumala,Democratic,26680.0,33.13,False,False
2024,Texas,TX,State House,24,general,Greg Bonnen,Republican,78761.0,100.0,True,True
2024,Texas,TX,State House,25,general,Cody Vasut,Republican,47002.0,61.04,True,True
2024,Texas,TX,State House,25,general,J. Daggett,Democratic,29999.0,38.96,False,False
2024,Texas,TX,State House,26,general,Matt Morgan,Republican,48561.0,59.17,True,False
2024,Texas,TX,State House,26,general,Daniel Lee,Democratic,33505.0,40.83,False,False
2024,Texas,TX,State House,27,general,Ron Reynolds,Democratic,57594.0,69.81,True,True
2024,Texas,TX,State House,27,general,Ibifrisolam Max-Alalibo,Republican,24908.0,30.19,False,False
2024,Texas,TX,State House,28,general,Gary Gates,Republican,56890.0,60.55,True,True
2024,Texas,TX,State House,28,general,Marty Rocha,Democratic,37058.0,39.45,False,False
2024,Texas,TX,State House,29,general,Jeffrey Barry,Republican,49655.0,61.52,True,False
2024,Texas,TX,State House,29,general,Adrienne Bell,Democratic,31060.0,38.48,False,False
2024,Texas,TX,State House,30,general,AJ Louderback,Republican,57180.0,76.96,True,False
2024,Texas,TX,State House,30,general,Stephanie Bassham,Democratic,17120.0,23.04,False,False
2024,Texas,TX,State House,31,general,Ryan Guillen,Republican,50653.0,100.0,True,True
2024,Texas,TX,State House,32,general,Todd Hunter,Republican,54091.0,68.69,True,True
2024,Texas,TX,State House,32,general,Cathy McAuliffe,Democratic,24656.0,31.31,False,False
2024,Texas,TX,State House,33,general,Katrina Pierson,Republican,70996.0,100.0,True,False
2024,Texas,TX,State House,34,general,Denise Villalobos,Republican,28553.0,55.37,True,False
2024,Texas,TX,State House,34,general,Solomon Ortiz Jr.,Democratic,23013.0,44.63,False,False
2024,Texas,TX,State House,35,general,Oscar Longoria,Democratic,25896.0,100.0,True,True
2024,Texas,TX,State House,36,general,Sergio Muñoz,Democratic,32483.0,100.0,True,True
2024,Texas,TX,State House,37,general,Janie Lopez,Republican,30590.0,55.01,True,True
2024,Texas,TX,State House,37,general,Jonathan Gracia,Democratic,25014.0,44.99,False,False
2024,Texas,TX,State House,38,general,Erin Gamez,Democratic,33944.0,100.0,True,True
2024,Texas,TX,State House,39,general,Armando Martinez,Democratic,26962.0,60.9,True,True
2024,Texas,TX,State House,39,general,Jimmie Garcia,Republican,17308.0,39.1,False,False
2024,Texas,TX,State House,40,general,Terry Canales,Democratic,34671.0,100.0,True,True
2024,Texas,TX,State House,41,general,Robert Guerra,Democratic,30589.0,53.47,True,True
2024,Texas,TX,State House,41,general,John Robert Guerra,Republican,26618.0,46.53,False,False
2024,Texas,TX,State House,42,general,Richard Raymond,Democratic,38584.0,100.0,True,True
2024,Texas,TX,State House,43,general,Jose Manuel Lozano Jr.,Republican,43812.0,66.73,True,True
2024,Texas,TX,State House,43,general,Mariana Casarez,Democratic,21842.0,33.27,False,False
2024,Texas,TX,State House,44,general,Alan Schoolcraft,Republican,57466.0,65.12,True,False
2024,Texas,TX,State House,44,general,Eric Norman,Democratic,30780.0,34.88,False,False
2024,Texas,TX,State House,45,general,Erin Zwiener,Democratic,52912.0,56.76,True,True
2024,Texas,TX,State House,45,general,Tennyson Moreno,Republican,40312.0,43.24,False,False
2024,Texas,TX,State House,46,general,Sheryl Cole,Democratic,60832.0,73.24,True,True
2024,Texas,TX,State House,46,general,Nikki Kosich,Republican,22223.0,26.76,False,False
2024,Texas,TX,State House,47,general,Vikki Goodwin,Democratic,59016.0,60.17,True,True
2024,Texas,TX,State House,47,general,Scott Firsing,Republican,39066.0,39.83,False,False
2024,Texas,TX,State House,48,general,Donna Howard,Democratic,72631.0,83.0,True,True
2024,Texas,TX,State House,48,general,Daniel Jerome McCarthy,Libertarian,14871.0,17.0,False,False
2024,Texas,TX,State House,49,general,Gina Hinojosa,Democratic,80498.0,100.0,True,True
2024,Texas,TX,State House,50,general,James Talarico,Democratic,48289.0,100.0,True,True
2024,Texas,TX,State House,51,general,Lulu Flores,Democratic,52801.0,100.0,True,True
2024,Texas,TX,State House,52,general,Caroline Harris-Davila,Republican,62830.0,56.24,True,True
2024,Texas,TX,State House,52,general,Jennie Birkholz,Democratic,48884.0,43.76,False,False
2024,Texas,TX,State House,53,general,Wes Virdell,Republican,76176.0,76.59,True,False
2024,Texas,TX,State House,53,general,Joe Herrera,Democratic,21058.0,21.17,False,False
2024,Texas,TX,State House,53,general,B. W. Holk,Libertarian,2230.0,2.24,False,False
2024,Texas,TX,State House,54,general,Brad Buckley,Republican,34526.0,61.09,True,True
2024,Texas,TX,State House,54,general,Dawn Richardson,Democratic,21993.0,38.91,False,False
2024,Texas,TX,State House,55,general,Hillary Hickland,Republican,39455.0,57.41,True,False
2024,Texas,TX,State House,55,general,Jennifer Lee,Democratic,29269.0,42.59,False,False
2024,Texas,TX,State House,56,special general,Pat Curry,Republican,55928.0,68.49,True,False
2024,Texas,TX,State House,56,special general,Erin Shank,Democratic,25695.0,31.51,False,False
2024,Texas,TX,State House,56,general,Pat Curry,Republican,56195.0,68.59,True,False
2024,Texas,TX,State House,56,general,Erin Shank,Democratic,25733.0,31.41,False,False
2024,Texas,TX,State House,57,general,Richard Hayes,Republican,51865.0,58.27,True,True
2024,Texas,TX,State House,57,general,Collin Johnson,Democratic,34279.0,38.51,False,False
2024,Texas,TX,State House,57,general,Darren Hamilton,Libertarian,2870.0,3.22,False,False
2024,Texas,TX,State House,58,general,Helen Kerwin,Republican,63760.0,82.06,True,False
2024,Texas,TX,State House,58,general,Richard Windmann,Libertarian,13935.0,17.94,False,False
2024,Texas,TX,State House,59,general,Shelby Slawson,Republican,64147.0,80.67,True,True
2024,Texas,TX,State House,59,general,Hannah Bohm,Democratic,15367.0,19.33,False,False
2024,Texas,TX,State House,60,general,Mike Olcott,Republican,93326.0,100.0,True,False
2024,Texas,TX,State House,61,general,Keresa Richardson,Republican,58513.0,59.62,True,False
2024,Texas,TX,State House,61,general,Tony Adams,Democratic,36932.0,40.38,False,False
2024,Texas,TX,State House,62,general,Shelley Luther,Republican,67062.0,77.71,True,False
2024,Texas,TX,State House,62,general,Tiffany Drake,Democratic,19240.0,22.29,False,False
2024,Texas,TX,State House,63,general,Ben Bumgarner,Republican,46861.0,55.66,True,True
2024,Texas,TX,State House,63,general,Michelle Beckley,Democratic,37326.0,44.34,False,False
2024,Texas,TX,State House,64,general,Andy Hopper,Republican,59542.0,63.12,True,False
2024,Texas,TX,State House,64,general,Angela Brewer,Democratic,34786.0,36.88,False,False
2024,Texas,TX,State House,65,general,Mitch Little,Republican,60284.0,60.3,True,False
2024,Texas,TX,State House,65,general,Detrick Deburr,Democratic,39686.0,39.7,False,False
2024,Texas,TX,State House,66,general,Matt Shaheen,Republican,58294.0,61.11,True,True
2024,Texas,TX,State House,66,general,David Carstens,Democratic,37098.0,38.89,False,False
2024,Texas,TX,State House,67,general,Jeff Leach,Republican,56107.0,60.23,True,True
2024,Texas,TX,State House,67,general,Makala Washington,Democratic,37051.0,39.77,False,False
2024,Texas,TX,State House,68,general,David Spiller,Republican,79554.0,87.17,True,True
2024,Texas,TX,State House,68,general,Stacey Swann,Democratic,11705.0,12.83,False,False
2024,Texas,TX,State House,69,general,James Frank,Republican,53583.0,78.68,True,True
2024,Texas,TX,State House,69,general,Walter Coppage,Democratic,14518.0,21.32,False,False
2024,Texas,TX,State House,70,general,Mihaela Plesa,Democratic,38183.0,52.22,True,True
2024,Texas,TX,State House,70,general,Steve Kinard,Republican,34933.0,47.78,False,False
2024,Texas,TX,State House,71,general,Stan Lambert,Republican,58413.0,81.03,True,True
2024,Texas,TX,State House,71,general,Linda Goolsbee,Democratic,13678.0,18.97,False,False
2024,Texas,TX,State House,72,general,Drew Darby,Republican,57821.0,100.0,True,True
2024,Texas,TX,State House,73,general,Carrie Isaac,Republican,91924.0,71.47,True,True
2024,Texas,TX,State House,73,general,Sally Duval,Democratic,36686.0,28.52,False,False
2024,Texas,TX,State House,74,general,Eddie Morales,Democratic,28203.0,51.67,True,True
2024,Texas,TX,State House,74,general,Robert Garza,Republican,26378.0,48.33,False,False
2024,Texas,TX,State House,75,general,Mary González,Democratic,35033.0,100.0,True,False
2024,Texas,TX,State House,76,general,Suleman Lalani,Democratic,39770.0,56.5,True,True
2024,Texas,TX,State House,76,general,Lea Simmons,Republican,30615.0,43.5,False,False
2024,Texas,TX,State House,77,general,Vincent Perez,Democratic,35427.0,100.0,True,False
2024,Texas,TX,State House,78,general,Joe Moody,Democratic,45474.0,100.0,True,True
2024,Texas,TX,State House,79,general,Claudia Ordaz,Democratic,41652.0,100.0,True,True
2024,Texas,TX,State House,80,general,Don McLaughlin,Republican,31182.0,59.49,True,False
2024,Texas,TX,State House,80,general,Cecilia Castellano,Democratic,21231.0,40.51,False,False
2024,Texas,TX,State House,81,general,Brooks Landgraf,Republican,41508.0,100.0,True,True
2024,Texas,TX,State House,82,general,Tom Craddick,Republican,50546.0,82.73,True,True
2024,Texas,TX,State House,82,general,Steven Schafersman,Democratic,10555.0,17.27,False,False
2024,Texas,TX,State House,83,general,Dustin Burrows,Republican,69899.0,100.0,True,True
2024,Texas,TX,State House,84,general,Carl Tepper,Republican,37021.0,64.1,True,True
2024,Texas,TX,State House,84,general,Noah Lopez,Democratic,20733.0,35.9,False,False
2024,Texas,TX,State House,85,general,Stan Kitzman,Republican,75040.0,100.0,True,True
2024,Texas,TX,State House,86,general,John Smithee,Republican,68942.0,100.0,True,True
2024,Texas,TX,State House,87,general,Caroline Fairly,Republican,42317.0,79.22,True,False
2024,Texas,TX,State House,87,general,Timothy Gassaway,Democratic,11048.0,20.68,False,False
2024,Texas,TX,State House,87,general,Jeffrey McGunegle,Write-in,55.0,0.1,False,False
2024,Texas,TX,State House,88,general,Ken King,Republican,54093.0,100.0,True,True
2024,Texas,TX,State House,89,general,Candy Noble,Republican,55900.0,60.63,True,True
2024,Texas,TX,State House,89,general,Darrel Evans,Democratic,36292.0,39.37,False,False
2024,Texas,TX,State House,90,general,Ramon Romero Jr.,Democratic,35674.0,100.0,True,True
2024,Texas,TX,State House,91,general,David Lowe,Republican,53970.0,100.0,True,False
2024,Texas,TX,State House,92,general,Salman Bhojani,Democratic,35274.0,100.0,True,True
2024,Texas,TX,State House,93,general,Nate Schatzline,Republican,53532.0,60.55,True,True
2024,Texas,TX,State House,93,general,Perla Bojórquez,Democratic,34871.0,39.45,False,False
2024,Texas,TX,State House,94,general,Tony Tinderholt,Republican,43785.0,55.62,True,True
2024,Texas,TX,State House,94,general,Denise Wilkerson,Democratic,34937.0,44.38,False,False
2024,Texas,TX,State House,95,general,Nicole Collier,Democratic,43827.0,100.0,True,True
2024,Texas,TX,State House,96,general,David Cook,Republican,48814.0,57.37,True,True
2024,Texas,TX,State House,96,general,Ebony Turner,Democratic,36276.0,42.63,False,False
2024,Texas,TX,State House,97,general,John McQueeney,Republican,51432.0,58.07,True,False
2024,Texas,TX,State House,97,general,Carlos Walker,Democratic,37132.0,41.93,False,False
2024,Texas,TX,State House,98,general,Giovanni Capriglione,Republican,64833.0,65.7,True,True
2024,Texas,TX,State House,98,general,Scott Bryan White,Democratic,33845.0,34.3,False,False
2024,Texas,TX,State House,99,general,Charlie Geren,Republican,47708.0,62.82,True,True
2024,Texas,TX,State House,99,general,Mimi Coffey,Democratic,28233.0,37.18,False,False
2024,Texas,TX,State House,100,general,Venton Jones,Democratic,34119.0,100.0,True,True
2024,Texas,TX,State House,101,general,Chris Turner,Democratic,40337.0,64.94,True,True
2024,Texas,TX,State House,101,general,Clint Burgess,Republican,21781.0,35.06,False,False
2024,Texas,TX,State House,102,general,Ana-Maria Ramos,Democratic,35788.0,100.0,True,True
2024,Texas,TX,State House,103,general,Rafael Anchia,Democratic,40330.0,100.0,True,True
2024,Texas,TX,State House,104,general,Jessica González,Democratic,33295.0,100.0,True,True
2024,Texas,TX,State House,105,general,Terry Meza,Democratic,22850.0,54.69,True,True
2024,Texas,TX,State House,105,general,Rose Cannaday,Republican,18928.0,45.31,False,False
2024,Texas,TX,State House,106,general,Jared Patterson,Republican,61381.0,60.58,True,True
2024,Texas,TX,State House,106,general,Hava Johnston,Democratic,39941.0,39.42,False,False
2024,Texas,TX,State House,107,general,Linda Garcia,Democratic,29546.0,100.0,True,False
2024,Texas,TX,State House,108,general,Morgan Meyer,Republican,60227.0,57.61,True,True
2024,Texas,TX,State House,108,general,Elizabeth Ginsberg,Democratic,44307.0,42.39,False,False
2024,Texas,TX,State House,109,general,Aicha Davis,Democratic,56138.0,100.0,True,False
2024,Texas,TX,State House,110,general,Toni Rose,Democratic,30618.0,100.0,True,True
2024,Texas,TX,State House,111,general,Yvonne Davis,Democratic,53039.0,100.0,True,True
2024,Texas,TX,State House,112,general,Angie Chen Button,Republican,47456.0,53.87,True,True
2024,Texas,TX,State House,112,general,Averie Bishop,Democratic,40645.0,46.13,False,False
2024,Texas,TX,State House,113,general,Rhetta Bowers,Democratic,33547.0,56.59,True,True
2024,Texas,TX,State House,113,general,Stephen Stanley,Republican,25732.0,43.41,False,False
2024,Texas,TX,State House,114,general,John Wiley Bryant,Democratic,43554.0,62.76,True,True
2024,Texas,TX,State House,114,general,Aimee Ramsey,Republican,25839.0,37.24,False,False
2024,Texas,TX,State House,115,general,Cassandra Hernandez,Democratic,37692.0,54.31,True,False
2024,Texas,TX,State House,115,general,John Jun,Republican,31709.0,45.69,False,False
2024,Texas,TX,State House,116,general,Trey Martinez Fischer,Democratic,38044.0,66.0,True,True
2024,Texas,TX,State House,116,general,Darryl Crain,Republican,19596.0,34.0,False,False
2024,Texas,TX,State House,117,general,Philip Cortez,Democratic,40066.0,57.99,True,True
2024,Texas,TX,State House,117,general,Ben Mostyn,Republican,29021.0,42.01,False,False
2024,Texas,TX,State House,118,general,John Lujan,Republican,39246.0,51.73,True,True
2024,Texas,TX,State House,118,general,Kristian Carranza,Democratic,36624.0,48.27,False,False
2024,Texas,TX,State House,119,general,Elizabeth Campos,Democratic,38160.0,63.68,True,True
2024,Texas,TX,State House,119,general,Brandon Grable,Republican,21763.0,36.32,False,False
2024,Texas,TX,State House,120,general,Barbara Gervin-Hawkins,Democratic,38208.0,100.0,True,True
2024,Texas,TX,State House,121,general,Marc LaHood,Republican,51013.0,52.53,True,False
2024,Texas,TX,State House,121,general,Laurel Jordan Swift,Democratic,46104.0,47.47,False,False
2024,Texas,TX,State House,122,general,Mark Dorazio,Republican,64018.0,58.09,True,True
2024,Texas,TX,State House,122,general,Kevin Geary,Democratic,46180.0,41.91,False,False
2024,Texas,TX,State House,123,general,Diego Bernal,Democratic,44043.0,100.0,True,True
2024,Texas,TX,State House,124,general,Josey Garcia,Democratic,30345.0,61.52,True,True
2024,Texas,TX,State House,124,general,Sylvia Soto,Republican,18981.0,38.48,False,False
2024,Texas,TX,State House,125,general,Ray Lopez,Democratic,48251.0,100.0,True,True
2024,Texas,TX,State House,126,general,Sam Harless,Republican,59749.0,98.98,True,True
2024,Texas,TX,State House,126,general,Sarah Smith,Write-in,616.0,1.02,False,False
2024,Texas,TX,State House,127,general,Charles Cunningham,Republican,55048.0,60.51,True,True
2024,Texas,TX,State House,127,general,John Lehr,Democratic,35932.0,39.49,False,False
2024,Texas,TX,State House,128,general,Briscoe Cain,Republican,45372.0,68.24,True,True
2024,Texas,TX,State House,128,general,Chuck Crews,Democratic,19181.0,28.85,False,False
2024,Texas,TX,State House,128,general,Kevin J. Hagan,Libertarian,1932.0,2.91,False,False
2024,Texas,TX,State House,129,general,Dennis Paul,Republican,52419.0,60.83,True,True
2024,Texas,TX,State House,129,general,Doug Peterson,Democratic,33758.0,39.17,False,False
2024,Texas,TX,State House,130,general,Tom Oliverson,Republican,63270.0,68.82,True,True
2024,Texas,TX,State House,130,general,Brett Robinson,Democratic,28671.0,31.18,False,False
2024,Texas,TX,State House,131,general,Alma Allen,Democratic,36948.0,100.0,True,True
2024,Texas,TX,State House,132,general,Mike Schofield,Republican,53928.0,58.76,True,True
2024,Texas,TX,State House,132,general,Chase West,Democratic,37846.0,41.24,False,False
2024,Texas,TX,State House,133,general,Mano DeAyala,Republican,54283.0,100.0,True,True
2024,Texas,TX,State House,134,general,Ann Johnson,Democratic,61037.0,61.33,True,True
2024,Texas,TX,State House,134,general,Audrey Douglas,Republican,38480.0,38.67,False,False
2024,Texas,TX,State House,135,general,Jon Rosenthal,Democratic,43114.0,100.0,True,True
2024,Texas,TX,State House,136,general,John Bucy III,Democratic,45185.0,62.02,True,True
2024,Texas,TX,State House,136,general,Amin Salahuddin,Republican,27665.0,37.98,False,False
2024,Texas,TX,State House,137,general,Gene Wu,Democratic,19286.0,76.31,True,True
2024,Texas,TX,State House,137,general,Lee Sharp,Libertarian,5988.0,23.69,False,False
2024,Texas,TX,State House,138,general,Lacey Hull,Republican,42022.0,57.02,True,True
2024,Texas,TX,State House,138,general,Stephanie Morales,Democratic,31671.0,42.98,False,False
2024,Texas,TX,State House,139,general,Charlene Ward Johnson,Democratic,46196.0,100.0,True,False
2024,Texas,TX,State House,140,general,Armando Walle,Democratic,22272.0,100.0,True,True
2024,Texas,TX,State House,141,general,Senfronia Thompson,Democratic,32492.0,100.0,True,True
2024,Texas,TX,State House,142,general,Harold Dutton Jr.,Democratic,41430.0,100.0,True,True
2024,Texas,TX,State House,143,general,Ana Hernandez,Democratic,27796.0,100.0,True,True
2024,Texas,TX,State House,144,general,Mary Ann Perez,Democratic,26617.0,100.0,True,True
2024,Texas,TX,State House,145,general,Christina Morales,Democratic,46104.0,100.0,True,True
2024,Texas,TX,State House,146,general,Lauren Ashley Simmons,Democratic,42840.0,77.72,True,False
2024,Texas,TX,State House,146,general,Lance York,Republican,12282.0,22.28,False,False
2024,Texas,TX,State House,147,general,Jolanda Jones,Democratic,47828.0,74.54,True,True
2024,Texas,TX,State House,147,general,Claudio Gutierrez,Republican,16332.0,25.46,False,False
2024,Texas,TX,State House,148,general,Penny Morales Shaw,Democratic,28341.0,54.94,True,True
2024,Texas,TX,State House,148,general,Kay Smith,Republican,23246.0,45.06,False,False
2024,Texas,TX,State House,149,general,Hubert Vo,Democratic,26921.0,57.02,True,True
2024,Texas,TX,State House,149,general,Lily Truong,Republican,20291.0,42.98,False,False
2024,Texas,TX,State House,150,general,Valoree Swanson,Republican,48000.0,59.86,True,True
2024,Texas,TX,State House,150,general,Marisela Jimenez,Democratic,32181.0,40.14,False,False
2024,Utah,UT,State House,HOUSE DISTRICT 1,general,Thomas Peterson,Republican,17308.0,82.36,True,False
2024,Utah,UT,State House,HOUSE DISTRICT 1,general,Claudia Bigler,Democratic,3707.0,17.64,False,False
2024,Utah,UT,State House,HOUSE DISTRICT 2,general,Mike Petersen,Republican,14303.0,73.97,True,False
2024,Utah,UT,State House,HOUSE DISTRICT 2,general,Tom Liljegren,Democratic,5032.0,26.03,False,False
2024,Utah,UT,State House,HOUSE DISTRICT 3,general,Jason Thompson,Republican,8209.0,54.02,True,False
2024,Utah,UT,State House,HOUSE DISTRICT 3,general,Patrick Belmont,Independent,6988.0,45.98,False,False
2024,Utah,UT,State House,HOUSE DISTRICT 4,general,Kera Birkeland,Republican,14799.0,59.54,True,True
2024,Utah,UT,State House,HOUSE DISTRICT 4,general,Kris Campbell,Democratic,10055.0,40.46,False,False
2024,Utah,UT,State House,HOUSE DISTRICT 5,general,Casey Snider,Republican,17572.0,100.0,True,True
2024,Utah,UT,State House,HOUSE DISTRICT 6,general,Matthew Gwynn,Republican,16376.0,79.93,True,False
2024,Utah,UT,State House,HOUSE DISTRICT 6,general,Amber Hardy,Democratic,4111.0,20.07,False,False
2024,Utah,UT,State House,HOUSE DISTRICT 7,general,Ryan Wilcox,Republican,13190.0,100.0,True,True
2024,Utah,UT,State House,HOUSE DISTRICT 8,general,Jason Kyle,Republican,13292.0,100.0,True,True
2024,Utah,UT,State House,HOUSE DISTRICT 9,general,Jake Sawyer,Republican,9497.0,58.29,True,False
2024,Utah,UT,State House,HOUSE DISTRICT 9,general,Angela Choberka,Democratic,5996.0,36.8,False,False
2024,Utah,UT,State House,HOUSE DISTRICT 9,general,Jacob Johnson,Libertarian,799.0,4.9,False,False
2024,Utah,UT,State House,HOUSE DISTRICT 10,general,Jill Koford,Republican,8018.0,50.98,True,False
2024,Utah,UT,State House,HOUSE DISTRICT 10,general,Rosemary Lesser,Democratic,7709.0,49.02,False,True
2024,Utah,UT,State House,HOUSE DISTRICT 11,general,Katy Hall,Republican,11945.0,100.0,True,True
2024,Utah,UT,State House,HOUSE DISTRICT 12,general,Mike Schultz,Republican,14126.0,72.87,True,False
2024,Utah,UT,State House,HOUSE DISTRICT 12,general,Sharon Hilton,Democratic,5260.0,27.13,False,False
2024,Utah,UT,State House,HOUSE DISTRICT 13,general,Karen M. Peterson,Republican,12391.0,71.85,True,False
2024,Utah,UT,State House,HOUSE DISTRICT 13,general,Lorri Rogers,Democratic,4854.0,28.15,False,False
2024,Utah,UT,State House,HOUSE DISTRICT 14,general,Karianne Lisonbee,Republican,12947.0,100.0,True,True
2024,Utah,UT,State House,HOUSE DISTRICT 15,general,Ariel Defay,Republican,14904.0,75.7,True,True
2024,Utah,UT,State House,HOUSE DISTRICT 15,general,Josh Smith,Utah Forward,4783.0,24.3,False,False
2024,Utah,UT,State House,HOUSE DISTRICT 16,general,Trevor Lee,Republican,11510.0,65.28,True,False
2024,Utah,UT,State House,HOUSE DISTRICT 16,general,Zeaid Hasan,Democratic,6123.0,34.72,False,False
2024,Utah,UT,State House,HOUSE DISTRICT 17,general,Stewart Barlow,Republican,14694.0,78.92,True,False
2024,Utah,UT,State House,HOUSE DISTRICT 17,general,Adam Feller,Libertarian,3926.0,21.08,False,False
2024,Utah,UT,State House,HOUSE DISTRICT 18,general,Paul A. Cutler,Republican,14816.0,72.55,True,False
2024,Utah,UT,State House,HOUSE DISTRICT 18,general,Steve Hartwick,Democratic,5607.0,27.45,False,False
2024,Utah,UT,State House,HOUSE DISTRICT 19,general,Raymond Ward,Republican,13620.0,66.73,True,False
2024,Utah,UT,State House,HOUSE DISTRICT 19,general,Nick Wadsworth,Democratic,5232.0,25.63,False,False
2024,Utah,UT,State House,HOUSE DISTRICT 19,general,Cameron Dransfield,Constitution,1560.0,7.64,False,False
2024,Utah,UT,State House,HOUSE DISTRICT 20,general,Melissa Garff Ballard,Republican,11381.0,66.06,True,False
2024,Utah,UT,State House,HOUSE DISTRICT 20,general,Lew Jeppson,Democratic,5848.0,33.94,False,False
2024,Utah,UT,State House,HOUSE DISTRICT 21,general,Sandra Hollins,Democratic,8818.0,71.42,True,False
2024,Utah,UT,State House,HOUSE DISTRICT 21,general,David Atkin,Republican,3529.0,28.58,False,False
2024,Utah,UT,State House,HOUSE DISTRICT 22,general,Jennifer Dailey-Provost,Democratic,15886.0,79.56,True,False
2024,Utah,UT,State House,HOUSE DISTRICT 22,general,Steve Harmsen,Republican,4082.0,20.44,False,False
2024,Utah,UT,State House,HOUSE DISTRICT 23,general,Hoang Nguyen,Democratic,17821.0,71.66,True,False
2024,Utah,UT,State House,HOUSE DISTRICT 23,general,M. Scott Romney,Republican,6566.0,26.4,False,False
2024,Utah,UT,State House,HOUSE DISTRICT 23,general,Cabot WM. Nelson,United Utah,481.0,1.93,False,False
2024,Utah,UT,State House,HOUSE DISTRICT 24,general,Grant Amjad Miller,Democratic,16639.0,100.0,True,False
2024,Utah,UT,State House,HOUSE DISTRICT 25,general,Angela Romero,Democratic,5700.0,63.69,True,False
2024,Utah,UT,State House,HOUSE DISTRICT 25,general,Richard Nowak,Republican,3249.0,36.31,False,False
2024,Utah,UT,State House,HOUSE DISTRICT 26,general,Matt MacPherson,Republican,7338.0,53.62,True,False
2024,Utah,UT,State House,HOUSE DISTRICT 26,general,Jeanetta Williams,Democratic,6347.0,46.38,False,False
2024,Utah,UT,State House,HOUSE DISTRICT 27,general,Anthony Loubet,Republican,8175.0,55.72,True,False
2024,Utah,UT,State House,HOUSE DISTRICT 27,general,Dawn Stevenson,Democratic,6496.0,44.28,False,False
2024,Utah,UT,State House,HOUSE DISTRICT 28,general,Nicholeen Peck,Republican,11863.0,68.94,True,False
2024,Utah,UT,State House,HOUSE DISTRICT 28,general,Fred Baker,Democratic,5344.0,31.06,False,False
2024,Utah,UT,State House,HOUSE DISTRICT 29,general,Bridger Bolinder,Republican,15955.0,75.42,True,False
2024,Utah,UT,State House,HOUSE DISTRICT 29,general,Ron Draper,Democratic,5201.0,24.58,False,False
2024,Utah,UT,State House,HOUSE DISTRICT 30,general,Jake Fitisemanu,Democratic,7371.0,52.53,True,False
2024,Utah,UT,State House,HOUSE DISTRICT 30,general,Fred Cox,Republican,6662.0,47.47,False,False
2024,Utah,UT,State House,HOUSE DISTRICT 31,general,Verona Mauga,Democratic,7148.0,57.9,True,False
2024,Utah,UT,State House,HOUSE DISTRICT 31,general,Bill Swann,Republican,5198.0,42.1,False,False
2024,Utah,UT,State House,HOUSE DISTRICT 32,general,Sahara Hayes,Democratic,12158.0,72.65,True,False
2024,Utah,UT,State House,HOUSE DISTRICT 32,general,Sarah Dawn Montes,Republican,4576.0,27.35,False,False
2024,Utah,UT,State House,HOUSE DISTRICT 33,general,Doug Owens,Democratic,16863.0,68.03,True,False
2024,Utah,UT,State House,HOUSE DISTRICT 33,general,Sheryl R. Fraser,Republican,7923.0,31.97,False,False
2024,Utah,UT,State House,HOUSE DISTRICT 34,general,Carol Spackman Moss,Democratic,13125.0,62.96,True,False
2024,Utah,UT,State House,HOUSE DISTRICT 34,general,Karl Jurek,Republican,7202.0,34.55,False,False
2024,Utah,UT,State House,HOUSE DISTRICT 34,general,Dennis Roach,United Utah,519.0,2.49,False,False
2024,Utah,UT,State House,HOUSE DISTRICT 35,general,Rosalba Dominguez,Democratic,9139.0,51.96,True,False
2024,Utah,UT,State House,HOUSE DISTRICT 35,general,Mike Bird,Republican,8451.0,48.04,False,False
2024,Utah,UT,State House,HOUSE DISTRICT 36,general,Jim Dunnigan,Republican,13333.0,100.0,True,False
2024,Utah,UT,State House,HOUSE DISTRICT 37,general,Ashlee Matthews,Democratic,6541.0,54.74,True,False
2024,Utah,UT,State House,HOUSE DISTRICT 37,general,Paul Douglas Johnson,Republican,5409.0,45.26,False,False
2024,Utah,UT,State House,HOUSE DISTRICT 38,general,Cheryl Acton,Republican,9921.0,61.41,True,False
2024,Utah,UT,State House,HOUSE DISTRICT 38,general,Steven Laude Jr.,Democratic,6235.0,38.59,False,False
2024,Utah,UT,State House,HOUSE DISTRICT 39,general,Ken Ivory,Republican,8799.0,55.3,True,False
2024,Utah,UT,State House,HOUSE DISTRICT 39,general,Jessica Wignall,Independent,7112.0,44.7,False,False
2024,Utah,UT,State House,HOUSE DISTRICT 40,general,Andrew Stoddard,Democratic,8883.0,57.34,True,False
2024,Utah,UT,State House,HOUSE DISTRICT 40,general,Tyler Glaittli,Republican,6126.0,39.54,False,False
2024,Utah,UT,State House,HOUSE DISTRICT 40,general,John Jackson,United Utah,483.0,3.12,False,False
2024,Utah,UT,State House,HOUSE DISTRICT 41,general,Gay Lynn Bennion,Democratic,15206.0,63.82,True,False
2024,Utah,UT,State House,HOUSE DISTRICT 41,general,Roy Piskadlo,Republican,8622.0,36.18,False,False
2024,Utah,UT,State House,HOUSE DISTRICT 42,general,Clint Okerlund,Republican,13557.0,54.53,True,False
2024,Utah,UT,State House,HOUSE DISTRICT 42,general,Travis Smith,Democratic,11303.0,45.47,False,False
2024,Utah,UT,State House,HOUSE DISTRICT 43,general,Steve Eliason,Republican,11354.0,56.17,True,False
2024,Utah,UT,State House,HOUSE DISTRICT 43,general,Jason R. Barber,Democratic,8861.0,43.83,False,False
2024,Utah,UT,State House,HOUSE DISTRICT 44,general,Jordan Teuscher,Republican,13359.0,61.01,True,False
2024,Utah,UT,State House,HOUSE DISTRICT 44,general,Greg Green,Democratic,8539.0,38.99,False,False
2024,Utah,UT,State House,HOUSE DISTRICT 45,general,Tracy Miller,Republican,13930.0,66.97,True,False
2024,Utah,UT,State House,HOUSE DISTRICT 45,general,Sara Rose Cimmers,Democratic,6871.0,33.03,False,False
2024,Utah,UT,State House,HOUSE DISTRICT 46,general,Cal Roberts,Republican,16757.0,100.0,True,False
2024,Utah,UT,State House,HOUSE DISTRICT 47,general,Mark Ashby Strong,Republican,15170.0,75.08,True,False
2024,Utah,UT,State House,HOUSE DISTRICT 47,general,David Lundgren,United Utah,5034.0,24.92,False,False
2024,Utah,UT,State House,HOUSE DISTRICT 48,general,Doug Fiefia,Republican,13054.0,63.81,True,False
2024,Utah,UT,State House,HOUSE DISTRICT 48,general,Stephen J. Middleton,Democratic,7405.0,36.19,False,False
2024,Utah,UT,State House,HOUSE DISTRICT 49,general,Candice Pierucci,Republican,14166.0,69.02,True,False
2024,Utah,UT,State House,HOUSE DISTRICT 49,general,Samuel Winkler,Democratic,6358.0,30.98,False,False
2024,Utah,UT,State House,HOUSE DISTRICT 50,general,Stephanie Gricius,Republican,17414.0,100.0,True,False
2024,Utah,UT,State House,HOUSE DISTRICT 51,general,Jefferson Moss,Republican,20013.0,100.0,True,False
2024,Utah,UT,State House,HOUSE DISTRICT 52,general,Cory Maloy,Republican,15166.0,73.6,True,False
2024,Utah,UT,State House,HOUSE DISTRICT 52,general,Michael Keller,Democratic,5440.0,26.4,False,False
2024,Utah,UT,State House,HOUSE DISTRICT 53,general,Kay Christofferson,Republican,15791.0,80.02,True,False
2024,Utah,UT,State House,HOUSE DISTRICT 53,general,Alex Day,United Utah,3943.0,19.98,False,False
2024,Utah,UT,State House,HOUSE DISTRICT 54,general,Brady Brammer,Republican,19780.0,100.0,True,False
2024,Utah,UT,State House,HOUSE DISTRICT 55,general,Jon Hawkins,Republican,16745.0,100.0,True,False
2024,Utah,UT,State House,HOUSE DISTRICT 56,general,Val Peterson,Republican,12338.0,100.0,True,False
2024,Utah,UT,State House,HOUSE DISTRICT 57,general,Nelson Abbott,Republican,12553.0,72.53,True,False
2024,Utah,UT,State House,HOUSE DISTRICT 57,general,Alan Keele,Democratic,4755.0,27.47,False,False
2024,Utah,UT,State House,HOUSE DISTRICT 58,general,David Shallenberger,Republican,16431.0,76.15,True,False
2024,Utah,UT,State House,HOUSE DISTRICT 58,general,Joshua Sorensen,Democratic,5147.0,23.85,False,False
2024,Utah,UT,State House,HOUSE DISTRICT 59,general,Mike Kohler,Republican,14241.0,59.24,True,False
2024,Utah,UT,State House,HOUSE DISTRICT 59,general,Julie Monahan,Democratic,9798.0,40.76,False,False
2024,Utah,UT,State House,HOUSE DISTRICT 60,general,Tyler Clancy,Republican,6738.0,100.0,True,False
2024,Utah,UT,State House,HOUSE DISTRICT 61,general,Lisa Shepherd,Republican,11946.0,100.0,True,False
2024,Utah,UT,State House,HOUSE DISTRICT 62,general,Norm Thurston,Republican,9286.0,65.49,True,False
2024,Utah,UT,State House,HOUSE DISTRICT 62,general,Kevin Slater,Democratic,4894.0,34.51,False,False
2024,Utah,UT,State House,HOUSE DISTRICT 63,general,Stephen L. Whyte,Republican,18412.0,80.3,True,False
2024,Utah,UT,State House,HOUSE DISTRICT 63,general,Mark Youngquist,Democratic,4518.0,19.7,False,False
2024,Utah,UT,State House,HOUSE DISTRICT 64,general,Jeff Burton,Republican,17179.0,84.2,True,False
2024,Utah,UT,State House,HOUSE DISTRICT 64,general,Rick Dougan,Democratic,3224.0,15.8,False,False
2024,Utah,UT,State House,HOUSE DISTRICT 65,general,Doug Welton,Republican,17734.0,84.02,True,False
2024,Utah,UT,State House,HOUSE DISTRICT 65,general,Joseph Hansen,Democratic,3373.0,15.98,False,False
2024,Utah,UT,State House,HOUSE DISTRICT 66,general,Troy Shelley,Republican,17111.0,100.0,True,False
2024,Utah,UT,State House,HOUSE DISTRICT 67,general,Christine Watkins,Republican,14175.0,75.46,True,False
2024,Utah,UT,State House,HOUSE DISTRICT 67,general,Joe Christman,Democratic,4611.0,24.54,False,False
2024,Utah,UT,State House,HOUSE DISTRICT 68,general,Scott Chew,Republican,17491.0,100.0,True,False
2024,Utah,UT,State House,HOUSE DISTRICT 69,general,Logan Monson,Republican,13246.0,62.45,True,False
2024,Utah,UT,State House,HOUSE DISTRICT 69,general,Davina Smith,Democratic,7963.0,37.55,False,False
2024,Utah,UT,State House,HOUSE DISTRICT 70,general,Carl Albrecht,Republican,19523.0,93.31,True,False
2024,Utah,UT,State House,HOUSE DISTRICT 70,general,Zeno Parry,United Utah,1399.0,6.69,False,False
2024,Utah,UT,State House,HOUSE DISTRICT 71,general,Rex Shipp,Republican,15413.0,78.1,True,False
2024,Utah,UT,State House,HOUSE DISTRICT 71,general,Steve Merrill,Democratic,4322.0,21.9,False,False
2024,Utah,UT,State House,HOUSE DISTRICT 72,general,Joseph Elison,Republican,22406.0,100.0,True,False
2024,Utah,UT,State House,HOUSE DISTRICT 73,general,Colin Jack,Republican,18715.0,100.0,True,False
2024,Utah,UT,State House,HOUSE DISTRICT 74,general,R. Neil Walter,Republican,19978.0,100.0,True,False
2024,Utah,UT,State House,HOUSE DISTRICT 75,general,Walt Brooks,Republican,15580.0,78.83,True,False
2024,Utah,UT,State House,HOUSE DISTRICT 75,general,Joshua Dutson,Democratic,4183.0,21.17,False,False
2024,West Virginia,WV,State House,1,general,Pat McGeehan,Republican,7689.0,100.0,True,True
2024,West Virginia,WV,State House,2,general,Mark Zatezalo,Republican,5206.0,68.25,True,True
2024,West Virginia,WV,State House,2,general,Olivia Dowler,Democratic,2422.0,31.75,False,False
2024,West Virginia,WV,State House,3,general,Jimmy Willis,Republican,5128.0,68.83,True,True
2024,West Virginia,WV,State House,3,general,David Cantrell,Democratic,2322.0,31.17,False,False
2024,West Virginia,WV,State House,4,general,Bill Flanigan,Republican,5991.0,65.95,True,False
2024,West Virginia,WV,State House,4,general,Jonathan Haught,Democratic,3093.0,34.05,False,False
2024,West Virginia,WV,State House,5,general,Shawn Fluharty,Democratic,4135.0,57.28,True,True
2024,West Virginia,WV,State House,5,general,Thomas Salkovick,Republican,3084.0,42.72,False,False
2024,West Virginia,WV,State House,6,general,Jeffrey Stephens,Republican,,,True,True
2024,West Virginia,WV,State House,7,general,Charles Sheedy,Republican,5106.0,67.76,True,True
2024,West Virginia,WV,State House,7,general,Devon Tennant,Democratic,2429.0,32.24,False,False
2024,West Virginia,WV,State House,8,general,David Kelly,Republican,6537.0,100.0,True,True
2024,West Virginia,WV,State House,9,general,Trenton Barnhart,Republican,7475.0,100.0,True,True
2024,West Virginia,WV,State House,10,general,Bill Anderson,Republican,7020.0,100.0,True,True
2024,West Virginia,WV,State House,11,general,Bob Fehrenbacher,Republican,6272.0,100.0,True,True
2024,West Virginia,WV,State House,12,general,Vernon Criss,Republican,4847.0,100.0,True,True
2024,West Virginia,WV,State House,13,general,Scot Heckert,Republican,5883.0,100.0,True,True
2024,West Virginia,WV,State House,14,general,Dave Foggin,Republican,6146.0,76.52,True,True
2024,West Virginia,WV,State House,14,general,Jim Marion,Democratic,1886.0,23.48,False,False
2024,West Virginia,WV,State House,15,general,Erica Moore,Republican,8032.0,82.04,True,True
2024,West Virginia,WV,State House,15,general,JuliAnna Penfold,Democratic,1285.0,17.96,False,False
2024,West Virginia,WV,State House,16,general,Frederick Parsons,Republican,7482.0,,True,False
2024,West Virginia,WV,State House,17,general,Jonathan Pinson,Republican,6639.0,100.0,True,True
2024,West Virginia,WV,State House,18,general,Jim Butler,Republican,5023.0,71.71,True,True
2024,West Virginia,WV,State House,18,general,Andrea Meadows,Democratic,1982.0,28.29,False,False
2024,West Virginia,WV,State House,19,general,Kathie Hess Crouse,Republican,6560.0,100.0,True,True
2024,West Virginia,WV,State House,20,general,Sarah Drennan,Republican,6617.0,71.63,True,False
2024,West Virginia,WV,State House,20,general,Steve Patrick,Democratic,2621.0,28.37,False,False
2024,West Virginia,WV,State House,21,general,Jarred Cannon,Republican,5865.0,68.99,True,True
2024,West Virginia,WV,State House,21,general,Michael Mosteller II,Democratic,2636.0,31.01,False,False
2024,West Virginia,WV,State House,22,general,Daniel Linville,Republican,6091.0,100.0,True,True
2024,West Virginia,WV,State House,23,general,Evan Worrell,Republican,5170.0,75.55,True,True
2024,West Virginia,WV,State House,23,general,Amanda Beth Beach-Burge,Democratic,1673.0,24.45,False,False
2024,West Virginia,WV,State House,24,general,Patrick Lucas,Republican,3134.0,57.13,True,True
2024,West Virginia,WV,State House,24,general,Billy Wray,Democratic,2352.0,42.87,False,False
2024,West Virginia,WV,State House,25,general,Sean Hornbuckle,Democratic,3699.0,74.35,True,True
2024,West Virginia,WV,State House,25,general,Connie Beaty,Republican,1276.0,25.65,False,False
2024,West Virginia,WV,State House,26,general,Matthew Rohrbach,Republican,6046.0,100.0,True,True
2024,West Virginia,WV,State House,27,general,Gina Milum,Democratic,1910.0,31.36,False,False
2024,West Virginia,WV,State House,27,general,Michael D. Amos,Republican,3892.0,63.91,True,False
2024,West Virginia,WV,State House,27,general,Craig Carpenter II,Libertarian,288.0,4.73,False,False
2024,West Virginia,WV,State House,28,general,Ryan Browning,Republican,6126.0,98.2,True,True
2024,West Virginia,WV,State House,29,general,Henry Dillon,Republican,3397.0,60.78,True,True
2024,West Virginia,WV,State House,29,general,Wayne Bug Williamson,Democratic,2192.0,39.22,False,False
2024,West Virginia,WV,State House,30,general,Jeff Eldridge,Republican,4533.0,72.22,True,False
2024,West Virginia,WV,State House,30,general,Britney Brogan,Democratic,1744.0,27.78,False,False
2024,West Virginia,WV,State House,31,general,Margitta Mazzocchi,Republican,5265.0,100.0,True,True
2024,West Virginia,WV,State House,32,general,Josh Holstein,Republican,4909.0,73.24,True,True
2024,West Virginia,WV,State House,32,general,April D. Estep,Democratic,1794.0,26.76,False,False
2024,West Virginia,WV,State House,33,general,Jordan Bridges,Republican,,,True,True
2024,West Virginia,WV,State House,33,general,George Howes,Democratic,,,False,False
2024,West Virginia,WV,State House,34,general,Mark Dean,Republican,5383.0,100.0,True,True
2024,West Virginia,WV,State House,35,general,Adam Vance,Republican,5579.0,100.0,True,True
2024,West Virginia,WV,State House,36,general,Stephen Green,Republican,3668.0,74.09,True,True
2024,West Virginia,WV,State House,36,general,Tiffany Clemins,Democratic,1283.0,25.91,False,False
2024,West Virginia,WV,State House,37,general,Marty Gearheart,Republican,4851.0,73.85,True,True
2024,West Virginia,WV,State House,37,general,Polla McClellan Rumberg,Democratic,1718.0,26.15,False,False
2024,West Virginia,WV,State House,38,general,Joe Ellington,Republican,5410.0,75.23,True,True
2024,West Virginia,WV,State House,38,general,Randa D. Faulkner,Democratic,1781.0,24.77,False,False
2024,West Virginia,WV,State House,39,general,Doug Smith,Republican,5958.0,81.22,True,True
2024,West Virginia,WV,State House,39,general,Neal Vestal,Democratic,1378.0,18.78,False,False
2024,West Virginia,WV,State House,40,general,Roy Cooper,Republican,6178.0,72.79,True,True
2024,West Virginia,WV,State House,40,general,James W. McNeely,Democratic,2310.0,27.21,False,False
2024,West Virginia,WV,State House,41,general,Jordan Maynor,Republican,6960.0,79.01,True,True
2024,West Virginia,WV,State House,41,general,Anna White Ferraraccio,Democratic,1849.0,20.99,False,False
2024,West Virginia,WV,State House,42,general,Brandon Steele,Republican,5929.0,77.0,True,True
2024,West Virginia,WV,State House,42,general,Addam Gibson,Democratic,1771.0,23.0,False,False
2024,West Virginia,WV,State House,43,general,Christopher Toney,Republican,6365.0,100.0,True,True
2024,West Virginia,WV,State House,44,general,"Carl ""Bill"" Roop",Republican,3883.0,57.11,True,True
2024,West Virginia,WV,State House,44,general,Tony O. Martin,Democratic,2916.0,42.89,False,False
2024,West Virginia,WV,State House,45,general,Eric Brooks,Republican,4991.0,100.0,True,True
2024,West Virginia,WV,State House,46,general,Jeff Campbell,Republican,5714.0,71.13,True,True
2024,West Virginia,WV,State House,46,general,Paul Detch,Democratic,2319.0,28.87,False,False
2024,West Virginia,WV,State House,47,general,Ray Canterbury,Republican,5516.0,71.42,True,False
2024,West Virginia,WV,State House,47,general,Kayla McCoy,Democratic,2207.0,28.58,False,False
2024,West Virginia,WV,State House,48,general,Tom Clark,Republican,4546.0,75.44,True,True
2024,West Virginia,WV,State House,48,general,Devin Spinks,Democratic,1480.0,24.56,False,False
2024,West Virginia,WV,State House,49,general,Stanley Adkins,Republican,5290.0,76.38,True,False
2024,West Virginia,WV,State House,49,general,Jean Nutter,Democratic,1636.0,23.62,False,False
2024,West Virginia,WV,State House,50,general,Elliott Pritt,Republican,3928.0,66.42,True,True
2024,West Virginia,WV,State House,50,general,Jerry L. Allen,Democratic,1587.0,26.83,False,False
2024,West Virginia,WV,State House,50,general,Scotty Bowman,Independent,399.0,6.75,False,False
2024,West Virginia,WV,State House,51,general,Marshall W. Clay,Republican,4882.0,67.08,True,False
2024,West Virginia,WV,State House,51,general,Robyn Kincaid,Democratic,2396.0,32.92,False,False
2024,West Virginia,WV,State House,52,general,Thomas Jones,Democratic,2694.0,39.72,False,False
2024,West Virginia,WV,State House,52,general,Tresa Howell,Republican,4088.0,60.28,True,False
2024,West Virginia,WV,State House,53,general,Tristan Leavitt,Republican,3893.0,59.89,True,False
2024,West Virginia,WV,State House,53,general,Chris Smith,Democratic,2607.0,40.11,False,False
2024,West Virginia,WV,State House,54,general,Mike Pushkin,Democratic,4611.0,74.89,True,True
2024,West Virginia,WV,State House,54,general,Julien Aklei,Republican,1546.0,25.11,False,False
2024,West Virginia,WV,State House,55,general,JB Akers,Republican,4926.0,59.75,True,False
2024,West Virginia,WV,State House,55,general,Linda Bodie,Democratic,3319.0,40.25,False,False
2024,West Virginia,WV,State House,56,general,Kayla Young,Democratic,4198.0,51.92,True,True
2024,West Virginia,WV,State House,56,general,Andrew G. Anderson,Republican,3887.0,48.08,False,False
2024,West Virginia,WV,State House,57,general,Hollis Lewis,Democratic,4006.0,54.93,True,True
2024,West Virginia,WV,State House,57,general,Mark Carter,Republican,3287.0,45.07,False,False
2024,West Virginia,WV,State House,58,general,Walter Hall,Republican,5842.0,100.0,True,True
2024,West Virginia,WV,State House,59,general,Andy Shamblin,Republican,5636.0,100.0,True,True
2024,West Virginia,WV,State House,60,general,Dana Ferrell,Republican,6346.0,100.0,True,True
2024,West Virginia,WV,State House,61,general,Dean Jeffries,Republican,6328.0,100.0,True,True
2024,West Virginia,WV,State House,62,general,Roger Hanshaw,Republican,6224.0,100.0,True,True
2024,West Virginia,WV,State House,63,general,Lori Dittman,Republican,5501.0,100.0,True,True
2024,West Virginia,WV,State House,64,general,Adam Burkhammer,Republican,6474.0,100.0,True,True
2024,West Virginia,WV,State House,65,general,Carl Martin,Republican,5321.0,77.17,True,True
2024,West Virginia,WV,State House,65,general,Matthew Kerner,Democratic,1574.0,22.83,False,False
2024,West Virginia,WV,State House,66,general,Jonathan B. Kyle,Republican,4826.0,70.26,True,False
2024,West Virginia,WV,State House,66,general,Dama M. Nestor,Democratic,2043.0,29.74,False,False
2024,West Virginia,WV,State House,67,general,Elias Coop-Gonzalez,Republican,4358.0,54.54,True,True
2024,West Virginia,WV,State House,67,general,Cody Thompson,Democratic,3632.0,45.46,False,False
2024,West Virginia,WV,State House,68,general,Chris Phillips,Republican,6286.0,100.0,True,True
2024,West Virginia,WV,State House,69,general,Keith Marple,Republican,7504.0,100.0,True,True
2024,West Virginia,WV,State House,70,general,Mickey Petitto,Republican,3505.0,56.16,True,True
2024,West Virginia,WV,State House,70,general,Shannon R Welsh,Democratic,2736.0,43.84,False,False
2024,West Virginia,WV,State House,71,general,Laura Kimble,Republican,7201.0,100.0,True,True
2024,West Virginia,WV,State House,72,general,Clay Riley,Republican,6145.0,100.0,True,True
2024,West Virginia,WV,State House,73,general,Bryan Smith,Republican,6710.0,100.0,True,False
2024,West Virginia,WV,State House,74,general,Mike DeVault,Republican,6023.0,72.05,True,True
2024,West Virginia,WV,State House,74,general,Frankie Delapas,Democratic,2337.0,27.95,False,False
2024,West Virginia,WV,State House,75,general,Phil Mallow,Republican,4467.0,55.66,True,True
2024,West Virginia,WV,State House,75,general,Stephanie Tomana,Democratic,3558.0,44.34,False,False
2024,West Virginia,WV,State House,76,general,Rick Garcia,Democratic,3568.0,50.97,True,False
2024,West Virginia,WV,State House,76,general,Jon Dodds,Republican,3432.0,49.03,False,False
2024,West Virginia,WV,State House,77,general,Joe Statler,Republican,6984.0,100.0,True,True
2024,West Virginia,WV,State House,78,general,Geno Chiarelli,Republican,4641.0,55.68,True,True
2024,West Virginia,WV,State House,78,general,Diane Market Gaston,Democratic,3694.0,44.32,False,False
2024,West Virginia,WV,State House,79,general,Evan Hansen,Democratic,4496.0,100.0,True,True
2024,West Virginia,WV,State House,80,general,John Williams,Democratic,3283.0,58.76,True,True
2024,West Virginia,WV,State House,80,general,Summer D. Hartley,Republican,2304.0,41.24,False,False
2024,West Virginia,WV,State House,81,general,Anitra Hamilton,Democratic,3456.0,100.0,True,True
2024,West Virginia,WV,State House,82,general,Dave McCormick,Republican,4657.0,53.94,True,False
2024,West Virginia,WV,State House,82,general,Bill Reger-Nash,Democratic,3976.0,46.06,False,False
2024,West Virginia,WV,State House,83,general,George Street,Republican,5910.0,100.0,True,True
2024,West Virginia,WV,State House,84,general,D. Rolland Jennings,Republican,6455.0,100.0,True,True
2024,West Virginia,WV,State House,85,general,John Paul Hott,Republican,7403.0,100.0,True,True
2024,West Virginia,WV,State House,86,general,Bryan Ward,Republican,6623.0,100.0,True,True
2024,West Virginia,WV,State House,87,general,Gary Howell,Republican,6744.0,100.0,True,True
2024,West Virginia,WV,State House,88,general,Rick Hillenbrand,Republican,6176.0,78.46,True,True
2024,West Virginia,WV,State House,88,general,Amanda Vincent,Democratic,1696.0,21.54,False,False
2024,West Virginia,WV,State House,89,general,Darren Thorne,Republican,6665.0,79.43,True,True
2024,West Virginia,WV,State House,89,general,Alyson Reeves,Democratic,1726.0,20.57,False,False
2024,West Virginia,WV,State House,90,general,George Miller,Republican,8712.0,100.0,True,True
2024,West Virginia,WV,State House,91,general,Joseph de Soto,Republican,5974.0,76.26,True,False
2024,West Virginia,WV,State House,91,general,Rick Thomson,Constitution,1860.0,23.74,False,False
2024,West Virginia,WV,State House,92,general,Michael Hite,Republican,7176.0,100.0,True,True
2024,West Virginia,WV,State House,93,general,Michael Hornby,Republican,5159.0,100.0,True,True
2024,West Virginia,WV,State House,94,general,Larry Kump,Republican,6413.0,100.0,True,True
2024,West Virginia,WV,State House,95,general,Chuck Horst,Republican,4877.0,67.38,True,True
2024,West Virginia,WV,State House,95,general,Debi Carroll,Democratic,2361.0,32.62,False,False
2024,West Virginia,WV,State House,96,general,Lisa White,Republican,5383.0,71.05,True,False
2024,West Virginia,WV,State House,96,general,Aniqua Lower,Democratic,2193.0,28.95,False,False
2024,West Virginia,WV,State House,97,general,S. Chris Anders,Republican,4594.0,54.16,True,False
2024,West Virginia,WV,State House,97,general,Lucia Valentine,Democratic,3888.0,45.84,False,False
2024,West Virginia,WV,State House,98,general,Joe Funkhouser,Republican,5136.0,65.99,True,True
2024,West Virginia,WV,State House,98,general,Troy N. Miller,Democratic,2647.0,34.01,False,False
2024,West Virginia,WV,State House,99,general,Wayne Clark,Republican,5199.0,57.97,True,True
2024,West Virginia,WV,State House,99,general,Osmund A. Anderson,Democratic,3770.0,42.03,False,False
2024,West Virginia,WV,State House,100,general,William Ridenour,Republican,4610.0,53.38,True,True
2024,West Virginia,WV,State House,100,general,Maria Russo,Democratic,4027.0,46.62,False,False
2024,Wisconsin,WI,State House,1,general,Joel Kitchens,Republican,24101.0,61.91,True,True
2024,Wisconsin,WI,State House,1,general,Renee Paplham,Democratic,14801.0,38.02,False,False
2024,Wisconsin,WI,State House,1,general,Milt Swagel (write-in),Independent,5.0,0.01,False,False
2024,Wisconsin,WI,State House,2,general,Shae Sortwell,Republican,23198.0,63.22,True,True
2024,Wisconsin,WI,State House,2,general,Alicia Saunders,Democratic,13474.0,36.72,False,False
2024,Wisconsin,WI,State House,3,general,Ron Tusler,Republican,23343.0,64.47,True,True
2024,Wisconsin,WI,State House,3,general,Jason J. Schmitz,Democratic,12839.0,35.46,False,False
2024,Wisconsin,WI,State House,4,general,David Steffen,Republican,24629.0,66.15,True,True
2024,Wisconsin,WI,State House,4,general,Jane Benson,Democratic,12579.0,33.78,False,False
2024,Wisconsin,WI,State House,5,general,Joy Goeben,Republican,22041.0,62.77,True,True
2024,Wisconsin,WI,State House,5,general,Greg Sampson,Democratic,13063.0,37.21,False,False
2024,Wisconsin,WI,State House,6,general,Elijah Behnke,Republican,21941.0,67.37,True,False
2024,Wisconsin,WI,State House,6,general,Shirley Hinze,Democratic,10591.0,32.53,False,False
2024,Wisconsin,WI,State House,7,general,Karen Kirsch,Democratic,16014.0,58.49,True,False
2024,Wisconsin,WI,State House,7,general,Lee Whiting,Republican,11289.0,41.24,False,False
2024,Wisconsin,WI,State House,8,general,Sylvia Ortiz-Velez,Democratic,10987.0,97.97,True,True
2024,Wisconsin,WI,State House,9,general,Priscilla Prado,Democratic,12449.0,70.18,True,False
2024,Wisconsin,WI,State House,9,general,Ryan Antczak,Republican,5234.0,29.51,False,False
2024,Wisconsin,WI,State House,10,general,Darrin Madison,Democratic,24882.0,98.65,True,True
2024,Wisconsin,WI,State House,11,general,Sequanna Taylor,Democratic,20392.0,98.77,True,False
2024,Wisconsin,WI,State House,12,general,Russell Goodwin Sr.,Democratic,18391.0,80.46,True,False
2024,Wisconsin,WI,State House,12,general,Deanna Alexander,Independent,4331.0,18.95,False,False
2024,Wisconsin,WI,State House,13,general,Robyn Vining,Democratic,22540.0,57.23,True,True
2024,Wisconsin,WI,State House,13,general,Tom Michalski,Republican,16796.0,42.65,False,True
2024,Wisconsin,WI,State House,14,general,Angelito Tenorio,Democratic,15637.0,52.66,True,False
2024,Wisconsin,WI,State House,14,general,Jim Engstrand,Republican,12896.0,43.43,False,False
2024,Wisconsin,WI,State House,14,general,Steven Shevey,Independent,1117.0,3.76,False,False
2024,Wisconsin,WI,State House,15,general,Adam Neylon,Republican,22573.0,59.07,True,False
2024,Wisconsin,WI,State House,15,general,Sarah Harrison,Democratic,15598.0,40.82,False,False
2024,Wisconsin,WI,State House,16,general,Kalan Haywood,Democratic,20079.0,98.67,True,True
2024,Wisconsin,WI,State House,17,general,Supreme Moore Omokunde,Democratic,24469.0,98.45,True,True
2024,Wisconsin,WI,State House,18,general,Margaret Arney,Democratic,20801.0,82.19,True,False
2024,Wisconsin,WI,State House,18,general,Kevin Andre Anderson,Republican,4431.0,17.51,False,False
2024,Wisconsin,WI,State House,19,general,Ryan Clancy,Democratic,30112.0,97.61,True,True
2024,Wisconsin,WI,State House,20,general,Christine Sinicki,Democratic,20018.0,61.01,True,True
2024,Wisconsin,WI,State House,20,general,Mike Moeller,Republican,12740.0,38.83,False,False
2024,Wisconsin,WI,State House,21,general,Jessie Rodriguez,Republican,16923.0,51.27,True,True
2024,Wisconsin,WI,State House,21,general,David L. Marstellar,Democratic,15993.0,48.45,False,False
2024,Wisconsin,WI,State House,22,general,Paul Melotik,Republican,23566.0,58.0,True,False
2024,Wisconsin,WI,State House,22,general,Dana Glasstein,Democratic,17014.0,41.88,False,False
2024,Wisconsin,WI,State House,23,general,Deb Andraca,Democratic,23804.0,62.57,True,True
2024,Wisconsin,WI,State House,23,general,Laurie Wolf,Republican,14199.0,37.32,False,False
2024,Wisconsin,WI,State House,24,general,Dan Knodl,Republican,23858.0,59.94,True,False
2024,Wisconsin,WI,State House,24,general,William Walter,Democratic,15887.0,39.91,False,False
2024,Wisconsin,WI,State House,25,general,Paul Tittl,Republican,19587.0,61.72,True,True
2024,Wisconsin,WI,State House,25,general,Stephen R. Welch,Democratic,12123.0,38.2,False,False
2024,Wisconsin,WI,State House,26,general,Joe Sheehan,Democratic,14887.0,51.35,True,False
2024,Wisconsin,WI,State House,26,general,Amy Binsfeld,Republican,14042.0,48.43,False,False
2024,Wisconsin,WI,State House,27,general,Lindee Brill,Republican,25477.0,67.66,True,False
2024,Wisconsin,WI,State House,27,general,Kay Ladson,Democratic,12139.0,32.24,False,False
2024,Wisconsin,WI,State House,28,general,Robin Kreibich,Republican,23979.0,66.14,True,False
2024,Wisconsin,WI,State House,28,general,Danielle Johnson,Democratic,12245.0,33.77,False,False
2024,Wisconsin,WI,State House,29,general,Treig Pronschinske,Republican,21619.0,64.89,True,False
2024,Wisconsin,WI,State House,29,general,Terrance Schoonover,Democratic,11675.0,35.05,False,False
2024,Wisconsin,WI,State House,30,general,Shannon Zimmerman,Republican,20309.0,54.21,True,True
2024,Wisconsin,WI,State House,30,general,Alison Page,Democratic,17117.0,45.69,False,False
2024,Wisconsin,WI,State House,31,general,Tyler August,Republican,20769.0,63.32,True,False
2024,Wisconsin,WI,State House,31,general,John Henderson,Democratic,11965.0,36.47,False,False
2024,Wisconsin,WI,State House,32,general,Amanda Nedweski,Republican,24257.0,67.93,True,False
2024,Wisconsin,WI,State House,32,general,Michael Dhindsa,Democratic,11409.0,31.95,False,False
2024,Wisconsin,WI,State House,33,general,Robin Vos,Republican,20555.0,56.97,True,False
2024,Wisconsin,WI,State House,33,general,Alan Kupsik,Democratic,10739.0,29.76,False,False
2024,Wisconsin,WI,State House,33,general,Kelly Clark,Independent,4743.0,13.14,False,False
2024,Wisconsin,WI,State House,34,general,Rob Swearingen,Republican,25040.0,64.06,True,True
2024,Wisconsin,WI,State House,34,general,Dennis Nitzel,Democratic,14027.0,35.88,False,False
2024,Wisconsin,WI,State House,35,general,Calvin Callahan,Republican,24421.0,67.73,True,True
2024,Wisconsin,WI,State House,35,general,Elizabeth McCrank,Democratic,11616.0,32.22,False,False
2024,Wisconsin,WI,State House,36,general,Jeffrey Mursau,Republican,24905.0,70.77,True,True
2024,Wisconsin,WI,State House,36,general,Benjamin Murray,Democratic,10182.0,28.93,False,False
2024,Wisconsin,WI,State House,37,general,Mark Born,Republican,20977.0,68.58,True,False
2024,Wisconsin,WI,State House,37,general,LaToya Bates,Democratic,9608.0,31.41,False,False
2024,Wisconsin,WI,State House,38,general,William Penterman,Republican,22163.0,67.27,True,False
2024,Wisconsin,WI,State House,38,general,Izzy Nevarez,Democratic,10745.0,32.61,False,False
2024,Wisconsin,WI,State House,39,general,Alex Dallman,Republican,23266.0,69.53,True,False
2024,Wisconsin,WI,State House,39,general,Chris Gordon,Democratic,10168.0,30.39,False,False
2024,Wisconsin,WI,State House,40,general,Karen DeSanto,Democratic,17949.0,54.09,True,False
2024,Wisconsin,WI,State House,40,general,Jerry Helmer,Republican,15221.0,45.87,False,False
2024,Wisconsin,WI,State House,41,general,Tony Kurtz,Republican,19996.0,63.08,True,False
2024,Wisconsin,WI,State House,41,general,Julia Henley,Democratic,11677.0,36.84,False,False
2024,Wisconsin,WI,State House,42,general,Maureen McCarville,Democratic,20400.0,55.01,True,False
2024,Wisconsin,WI,State House,42,general,Rebecca Witherspoon,Republican,16648.0,44.89,False,False
2024,Wisconsin,WI,State House,43,general,Brienne Brown,Democratic,16736.0,51.24,True,False
2024,Wisconsin,WI,State House,43,general,Scott Johnson,Republican,15889.0,48.64,False,False
2024,Wisconsin,WI,State House,44,general,Ann Roe,Democratic,17335.0,56.39,True,False
2024,Wisconsin,WI,State House,44,general,Bruce Danielson,Republican,13371.0,43.49,False,False
2024,Wisconsin,WI,State House,45,general,Clinton Anderson,Democratic,19864.0,95.87,True,True
2024,Wisconsin,WI,State House,46,general,Joan Fitzgerald,Democratic,18985.0,52.39,True,False
2024,Wisconsin,WI,State House,46,general,Jenifer Quimby,Republican,17219.0,47.52,False,False
2024,Wisconsin,WI,State House,47,general,Randy Udell,Democratic,29040.0,98.18,True,False
2024,Wisconsin,WI,State House,48,general,Andrew Hysell,Democratic,23816.0,67.32,True,False
2024,Wisconsin,WI,State House,48,general,Lisa Rubrich,Republican,11509.0,32.53,False,False
2024,Wisconsin,WI,State House,49,general,Travis Tranel,Republican,19701.0,62.99,True,True
2024,Wisconsin,WI,State House,49,general,Scott Walker,Democratic,11546.0,36.92,False,False
2024,Wisconsin,WI,State House,50,general,Jenna Jacobson,Democratic,20418.0,56.27,True,False
2024,Wisconsin,WI,State House,50,general,Richard Johnson,Republican,15841.0,43.66,False,False
2024,Wisconsin,WI,State House,51,general,Todd Novak,Republican,17682.0,51.66,True,True
2024,Wisconsin,WI,State House,51,general,Elizabeth Grabe,Democratic,16524.0,48.27,False,False
2024,Wisconsin,WI,State House,52,general,Lee Snodgrass,Democratic,17681.0,57.25,True,True
2024,Wisconsin,WI,State House,52,general,Chad Cooke,Republican,13203.0,42.75,False,False
2024,Wisconsin,WI,State House,53,general,Dean Kaufert,Republican,15801.0,50.51,True,False
2024,Wisconsin,WI,State House,53,general,Duane Shukoski,Democratic,15437.0,49.35,False,False
2024,Wisconsin,WI,State House,54,general,Lori Palmeri,Democratic,14003.0,52.57,True,True
2024,Wisconsin,WI,State House,54,general,Tim Paterson,Republican,12590.0,47.27,False,False
2024,Wisconsin,WI,State House,55,general,Nate Gustafson,Republican,22609.0,60.37,True,True
2024,Wisconsin,WI,State House,55,general,Kyle Kehoe,Democratic,14803.0,39.53,False,False
2024,Wisconsin,WI,State House,56,general,Dave Murphy,Republican,23789.0,64.74,True,True
2024,Wisconsin,WI,State House,56,general,Emily Tseffos,Democratic,12950.0,35.24,False,False
2024,Wisconsin,WI,State House,57,general,Kevin David Petersen,Republican,22044.0,62.31,True,True
2024,Wisconsin,WI,State House,57,general,Ruth Caves,Democratic,10048.0,28.4,False,False
2024,Wisconsin,WI,State House,57,general,Dylan Testin,Independent,3261.0,9.22,False,False
2024,Wisconsin,WI,State House,58,general,Rick Gundrum,Republican,26847.0,71.26,True,True
2024,Wisconsin,WI,State House,58,general,Deb Anderson,Democratic,10786.0,28.63,False,False
2024,Wisconsin,WI,State House,59,general,Robert Brooks,Republican,29315.0,75.71,True,False
2024,Wisconsin,WI,State House,59,general,Jack Holzman,Democratic,9369.0,24.2,False,False
2024,Wisconsin,WI,State House,60,general,Jerry L. O'Connor,Republican,17283.0,60.11,True,True
2024,Wisconsin,WI,State House,60,general,Joe Lavrenz,Democratic,11453.0,39.84,False,False
2024,Wisconsin,WI,State House,61,general,Bob Donovan,Republican,17618.0,51.54,True,False
2024,Wisconsin,WI,State House,61,general,LuAnn Bird,Democratic,16511.0,48.3,False,False
2024,Wisconsin,WI,State House,62,general,Angelina Cruz,Democratic,19060.0,95.24,True,False
2024,Wisconsin,WI,State House,63,general,Robert Wittke,Republican,27163.0,96.8,True,False
2024,Wisconsin,WI,State House,64,general,Tip McGuire,Democratic,15816.0,55.59,True,False
2024,Wisconsin,WI,State House,64,general,Ed Hibsch,Republican,12576.0,44.21,False,False
2024,Wisconsin,WI,State House,65,general,Ben DeSmidt,Democratic,15065.0,53.27,True,False
2024,Wisconsin,WI,State House,65,general,Brian Gonzales,Republican,13166.0,46.55,False,False
2024,Wisconsin,WI,State House,66,general,Greta Neubauer,Democratic,15767.0,53.89,True,True
2024,Wisconsin,WI,State House,66,general,David DeGroot,Republican,13426.0,45.89,False,False
2024,Wisconsin,WI,State House,67,general,David Armstrong,Republican,23049.0,67.63,True,False
2024,Wisconsin,WI,State House,67,general,Jeffrey Foster,Democratic,11021.0,32.34,False,False
2024,Wisconsin,WI,State House,68,general,Rob Summerfield,Republican,25631.0,72.81,True,False
2024,Wisconsin,WI,State House,68,general,Richard Pulcher,Democratic,9549.0,27.13,False,False
2024,Wisconsin,WI,State House,69,general,Karen Hurd,Republican,19534.0,71.89,True,False
2024,Wisconsin,WI,State House,69,general,Roger Halls,Democratic,6565.0,24.16,False,False
2024,Wisconsin,WI,State House,69,general,Joshua Kelley,Independent,1058.0,3.89,False,False
2024,Wisconsin,WI,State House,70,general,Nancy VanderMeer,Republican,19344.0,66.73,True,True
2024,Wisconsin,WI,State House,70,general,Remberto Gomez,Democratic,9626.0,33.21,False,False
2024,Wisconsin,WI,State House,71,general,Vinnie Miresse,Democratic,18631.0,53.13,True,False
2024,Wisconsin,WI,State House,71,general,Robert Pahmeier,Republican,16416.0,46.82,False,False
2024,Wisconsin,WI,State House,72,general,Scott Krug,Republican,21993.0,63.89,True,True
2024,Wisconsin,WI,State House,72,general,Suzanne M. Campbell,Democratic,12407.0,36.05,False,False
2024,Wisconsin,WI,State House,73,general,Angela Stroud,Democratic,19265.0,58.32,True,False
2024,Wisconsin,WI,State House,73,general,Frank Kostka,Republican,13720.0,41.53,False,False
2024,Wisconsin,WI,State House,74,general,Chanz Green,Republican,23396.0,62.44,True,True
2024,Wisconsin,WI,State House,74,general,Jeanne Bruce,Democratic,14051.0,37.5,False,False
2024,Wisconsin,WI,State House,75,general,Duke Tucker,Republican,24642.0,66.71,True,False
2024,Wisconsin,WI,State House,75,general,Jane Kleiss,Democratic,12298.0,33.29,False,False
2024,Wisconsin,WI,State House,76,general,Francesca Hong,Democratic,34311.0,98.85,True,True
2024,Wisconsin,WI,State House,77,general,Renuka Mayadev,Democratic,29888.0,98.35,True,False
2024,Wisconsin,WI,State House,78,general,Shelia Stubbs,Democratic,29638.0,98.15,True,False
2024,Wisconsin,WI,State House,79,general,Lisa Subeck,Democratic,32151.0,98.6,True,False
2024,Wisconsin,WI,State House,80,general,Mike Bare,Democratic,30593.0,73.42,True,True
2024,Wisconsin,WI,State House,80,general,Robert Relph,Republican,11038.0,26.49,False,False
2024,Wisconsin,WI,State House,81,general,Alex Joers,Democratic,30969.0,97.74,True,False
2024,Wisconsin,WI,State House,82,general,Scott Allen,Republican,18632.0,57.18,True,False
2024,Wisconsin,WI,State House,82,general,Kevin Reilly,Democratic,13917.0,42.71,False,False
2024,Wisconsin,WI,State House,83,general,Dave Maxey,Republican,23772.0,60.92,True,False
2024,Wisconsin,WI,State House,83,general,Jill Schindler,Democratic,15194.0,38.94,False,False
2024,Wisconsin,WI,State House,84,general,Chuck Wichgers,Republican,28676.0,71.88,True,False
2024,Wisconsin,WI,State House,84,general,Zach Roper,Democratic,11174.0,28.01,False,False
2024,Wisconsin,WI,State House,85,general,Patrick Snyder,Republican,15636.0,53.17,True,True
2024,Wisconsin,WI,State House,85,general,Yee Leng Xiong,Democratic,13736.0,46.71,False,False
2024,Wisconsin,WI,State House,86,general,John Spiros,Republican,23331.0,66.9,True,True
2024,Wisconsin,WI,State House,86,general,John H. Small,Democratic,11513.0,33.01,False,False
2024,Wisconsin,WI,State House,87,general,Brent Jacobson,Republican,23885.0,66.0,True,False
2024,Wisconsin,WI,State House,87,general,William Switalla,Democratic,12273.0,33.91,False,False
2024,Wisconsin,WI,State House,88,general,Benjamin Franklin,Republican,17008.0,50.29,True,False
2024,Wisconsin,WI,State House,88,general,Christy Welch,Democratic,16788.0,49.64,False,False
2024,Wisconsin,WI,State House,89,general,Ryan Spaude,Democratic,15169.0,51.32,True,False
2024,Wisconsin,WI,State House,89,general,Patrick J. Buckley,Republican,14343.0,48.52,False,False
2024,Wisconsin,WI,State House,90,general,Amaad Rivera-Wagner,Democratic,12446.0,52.53,True,False
2024,Wisconsin,WI,State House,90,general,Jessica Henderson,Republican,11222.0,47.36,False,False
2024,Wisconsin,WI,State House,91,general,Jodi Emerson,Democratic,17712.0,51.52,True,True
2024,Wisconsin,WI,State House,91,general,Michele Skinner,Republican,16610.0,48.32,False,False
2024,Wisconsin,WI,State House,92,general,Clint Moses,Republican,17009.0,53.25,True,False
2024,Wisconsin,WI,State House,92,general,Joe Plouff,Democratic,14908.0,46.68,False,False
2024,Wisconsin,WI,State House,93,general,Christian Phelps,Democratic,18474.0,52.72,True,False
2024,Wisconsin,WI,State House,93,general,James Rolbiecki,Republican,16527.0,47.16,False,False
2024,Wisconsin,WI,State House,94,general,Steve Doyle,Democratic,18436.0,50.29,True,True
2024,Wisconsin,WI,State House,94,general,Ryan Huebsch,Republican,18219.0,49.7,False,False
2024,Wisconsin,WI,State House,95,general,Jill Billings,Democratic,16461.0,51.99,True,True
2024,Wisconsin,WI,State House,95,general,Cedric Schnitzler,Republican,15191.0,47.98,False,False
2024,Wisconsin,WI,State House,96,general,Tara Johnson,Democratic,16615.0,50.97,True,False
2024,Wisconsin,WI,State House,96,general,Loren Oldenburg,Republican,15963.0,48.97,False,True
2024,Wisconsin,WI,State House,97,general,Cindi Duchow,Republican,29443.0,70.94,True,False
2024,Wisconsin,WI,State House,97,general,Beth Leonard,Democratic,12011.0,28.94,False,False
2024,Wisconsin,WI,State House,98,general,Jim Piwowarczyk,Republican,28823.0,71.08,True,False
2024,Wisconsin,WI,State House,98,general,Del Schmechel,Democratic,11698.0,28.85,False,False
2024,Wisconsin,WI,State House,99,general,Barbara Dittrich,Republican,32132.0,97.48,True,False
2024,Wyoming,WY,State House,1,general,Chip Neiman (inc.),Republican,5096.0,97.62,True,False
2024,Wyoming,WY,State House,2,general,J. D. Williams,Republican,3834.0,93.92,True,False
2024,Wyoming,WY,State House,3,general,Abby Angelos (inc.),Republican,3753.0,99.05,True,False
2024,Puerto Rico,PU,State House,1,general,Eddie Charbonier Chinea,Progressive,10961.0,46.0,True,True
2024,Puerto Rico,PU,State House,1,general,Pedro Cardona Roig (El Urbanista),Movimiento Victoria Ciudadana,7889.0,33.1,False,False
2024,Puerto Rico,PU,State House,1,general,Ana (Ginny) Piñero Parés,Democratic,4202.0,17.6,False,False
2024,Puerto Rico,PU,State House,1,general,Antonio Santos,Project Dignity,792.0,3.3,False,False
2024,Puerto Rico,PU,State House,2,general,Ricardo Chino Rey Ocasio Ramos,Progressive,8755.0,36.3,True,False
2024,Puerto Rico,PU,State House,2,general,Joel Vázquez Rosario,Movimiento Victoria Ciudadana,8314.0,34.5,False,False
2024,Puerto Rico,PU,State House,2,general,Bryan Saavedra,Democratic,5772.0,23.9,False,False
2024,Puerto Rico,PU,State House,2,general,Juan Gabriel Zayas Monge,Project Dignity,1273.0,5.3,False,False
2024,Puerto Rico,PU,State House,3,general,José Hernández Concepción,Progressive,9797.0,41.9,True,True
2024,Puerto Rico,PU,State House,3,general,Eva Prados Rodríguez,Movimiento Victoria Ciudadana,9085.0,38.8,False,False
2024,Puerto Rico,PU,State House,3,general,Cristofer Malespín,Democratic,4511.0,19.3,False,False
2024,Puerto Rico,PU,State House,4,general,Víctor Parés,Progressive,11210.0,35.1,True,True
2024,Puerto Rico,PU,State House,4,general,Adriana Gutiérrez Colón,Independence,10866.0,34.1,True,False
2024,Puerto Rico,PU,State House,4,general,Manuel Calderón Cerame,Democratic,8228.0,25.8,False,False
2024,Puerto Rico,PU,State House,4,general,Rosalina Valcárcel Ruiz,Project Dignity,1591.0,5.0,False,False
2024,Puerto Rico,PU,State House,5,general,Jorge Navarro Suárez,Progressive,14748.0,48.1,True,True
2024,Puerto Rico,PU,State House,5,general,Gabriel Casal Nazario,Independence,6980.0,22.8,False,False
2024,Puerto Rico,PU,State House,5,general,Elba Beatriz Rivera,Democratic,6646.0,21.7,False,False
2024,Puerto Rico,PU,State House,5,general,Ricardo Rodríguez Quiles,Project Dignity,2302.0,7.5,False,False
2024,Puerto Rico,PU,State House,6,general,Ángel Morey Noble,Progressive,14006.0,49.7,True,True
2024,Puerto Rico,PU,State House,6,general,Effie Alexandra Acevedo Guasp,Movimiento Victoria Ciudadana,6094.0,22.4,False,False
2024,Puerto Rico,PU,State House,6,general,Magdiel Colón,Democratic,5655.0,20.1,False,False
2024,Puerto Rico,PU,State House,6,general,Ricky Aponte,Project Dignity,2418.0,8.6,False,False
2024,Puerto Rico,PU,State House,7,general,Luis Pérez Ortíz,Progressive,11889.0,46.2,True,True
2024,Puerto Rico,PU,State House,7,general,Zabdiel Rodríguez Nieves,Democratic,5785.0,22.5,False,False
2024,Puerto Rico,PU,State House,7,general,Marisel Álvarez Feliciano,Independence,5751.0,22.4,False,False
2024,Puerto Rico,PU,State House,7,general,Johnny Rivera,Project Dignity,2295.0,8.9,False,False
2024,Puerto Rico,PU,State House,8,general,Yashira Lebrón Rodríguez,Progressive,13006.0,48.0,True,True
2024,Puerto Rico,PU,State House,8,general,Carlos A. Sánchez Rivera,Democratic,6083.0,25.1,False,False
2024,Puerto Rico,PU,State House,8,general,Jesús M. Dávila,Independence,5570.0,20.6,False,False
2024,Puerto Rico,PU,State House,8,general,Abdiel Enrique Contreras Álvarez,Project Dignity,2428.0,9.0,False,False
2024,Puerto Rico,PU,State House,9,general,Félix Pacheco,Progressive,12117.0,46.1,True,False
2024,Puerto Rico,PU,State House,9,general,Noelia Ramos Vázquez,Democratic,8061.0,30.7,False,False
2024,Puerto Rico,PU,State House,9,general,Gabriel Vicéns Rivera,Movimiento Victoria Ciudadana,3094.0,11.8,False,False
2024,Puerto Rico,PU,State House,9,general,Anabel Sánchez,Independence,3020.0,11.5,False,False
2024,Puerto Rico,PU,State House,10,general,Pellé Santiago,Progressive,10528.0,42.2,True,False
2024,Puerto Rico,PU,State House,10,general,Deborah Soto Arroyo,Democratic,8822.0,35.4,False,True
2024,Puerto Rico,PU,State House,10,general,Sahir Pujols,Movimiento Victoria Ciudadana,3511.0,14.1,False,False
2024,Puerto Rico,PU,State House,10,general,María Angélica Díaz López,Project Dignity,2066.0,8.3,False,False
2024,Puerto Rico,PU,State House,11,general,Elinette González Aguayo,Progressive,11262.0,43.2,True,False
2024,Puerto Rico,PU,State House,11,general,Rubén Soto,Democratic,11090.0,42.5,False,False
2024,Puerto Rico,PU,State House,11,general,Eric Rossner,Movimiento Victoria Ciudadana,3714.0,14.2,False,False
2024,Puerto Rico,PU,State House,12,general,Edgardo Feliciano Sánchez,Democratic,11869.0,39.8,True,True
2024,Puerto Rico,PU,State House,12,general,Jesús (Nolo) Figueroa,Progressive,11235.0,37.7,False,False
2024,Puerto Rico,PU,State House,12,general,Anamari Ojeda Vilá,Independence,3489.0,11.7,False,False
2024,Puerto Rico,PU,State House,12,general,Benjamín Cardona Rosario,Project Dignity,2265.0,7.6,False,False
2024,Puerto Rico,PU,State House,12,general,Ángel G. Torres Maldonado,Movimiento Victoria Ciudadana,963.0,3.2,False,False
2024,Puerto Rico,PU,State House,13,general,Jerry Nieves Rosario,Progressive,12518.0,45.8,True,False
2024,Puerto Rico,PU,State House,13,general,Yulixa Paredes Albarrán,Democratic,9012.0,33.0,False,False
2024,Puerto Rico,PU,State House,13,general,Kevin C. Cruz Chacón,Project Dignity,3272.0,12.0,False,False
2024,Puerto Rico,PU,State House,13,general,Teresa Vélez Rolón,Movimiento Victoria Ciudadana,2535.0,9.3,False,False
2024,Puerto Rico,PU,State House,14,general,Edgar Robles,Progressive,13087.0,43.0,True,False
2024,Puerto Rico,PU,State House,14,general,Juan Carlos Colón González,Democratic,11684.0,38.4,False,False
2024,Puerto Rico,PU,State House,14,general,Deniel Batista Crespo,Project Dignity,3099.0,10.2,False,False
2024,Puerto Rico,PU,State House,14,general,Karina García,Independence,2561.0,8.4,False,False
2024,Puerto Rico,PU,State House,15,general,Joel Franqui Atiles,Progressive,17679.0,51.6,True,True
2024,Puerto Rico,PU,State House,15,general,Iván Serrano,Democratic,10054.0,29.3,False,False
2024,Puerto Rico,PU,State House,15,general,Abiatar Ramos Jiménez,Project Dignity,3744.0,10.9,False,False
2024,Puerto Rico,PU,State House,15,general,Fernando Babilonia Aguilar,Independence,2781.0,8.1,False,False
2024,Puerto Rico,PU,State House,16,general,Rey Figueroa,Democratic,13298.0,40.0,True,False
2024,Puerto Rico,PU,State House,16,general,Liza I. Alfaro Mercado,Progressive,11605.0,34.5,False,False
2024,Puerto Rico,PU,State House,16,general,Ángel Lebrón,Project Dignity,5555.0,16.5,False,False
2024,Puerto Rico,PU,State House,16,general,Reynaldo Acevedo Vélez,Independence,3139.0,9.3,False,False
2024,Puerto Rico,PU,State House,17,general,Wilson Román,Progressive,14615.0,46.8,True,True
2024,Puerto Rico,PU,State House,17,general,Kenneth Sanabria Domenech,Democratic,11141.0,35.6,False,False
2024,Puerto Rico,PU,State House,17,general,Playuela Santaella Buitrago,Independence,2792.0,8.9,False,False
2024,Puerto Rico,PU,State House,17,general,Ramón Antonio Román Márquez,Project Dignity,2712.0,8.7,False,False
2024,Puerto Rico,PU,State House,18,general,Odalys González González,Progressive,16515.0,47.7,True,False
2024,Puerto Rico,PU,State House,18,general,Jessie Cortés Ramos,Democratic,14206.0,41.0,False,True
2024,Puerto Rico,PU,State House,18,general,Héctor López Cardona,Project Dignity,2004.0,5.8,False,False
2024,Puerto Rico,PU,State House,18,general,Christian Santiago,Movimiento Victoria Ciudadana,1911.0,5.5,False,False
2024,Puerto Rico,PU,State House,19,general,Lilly Rosas,Democratic,10994.0,40.7,True,False
2024,Puerto Rico,PU,State House,19,general,Edson Rodríguez,Progressive,9311.0,34.5,False,False
2024,Puerto Rico,PU,State House,19,general,Leonor M. Velázquez Franceschi,Independence,3723.0,13.8,False,False
2024,Puerto Rico,PU,State House,19,general,Felipe Morales Nieves,Project Dignity,1572.0,5.8,False,False
2024,Puerto Rico,PU,State House,19,general,Julia Mignucci,Movimiento Victoria Ciudadana,1420.0,5.3,False,False
2024,Puerto Rico,PU,State House,20,general,Emilio Carlo,Progressive,11541.0,38.1,True,False
2024,Puerto Rico,PU,State House,20,general,Joel Sánchez Ayala,Democratic,11180.0,36.9,False,False
2024,Puerto Rico,PU,State House,20,general,Juliana I. Ortiz Rodríguez,Independence,5333.0,17.6,False,False
2024,Puerto Rico,PU,State House,20,general,Edgar Agosto Betancourt,Project Dignity,1434.0,4.7,False,False
2024,Puerto Rico,PU,State House,20,general,Tony Linares Hernández,Movimiento Victoria Ciudadana,826.0,2.7,False,False
2024,Puerto Rico,PU,State House,21,general,Omayra Martínez,Progressive,15279.0,44.8,True,False
2024,Puerto Rico,PU,State House,21,general,Joey Cuevas,Democratic,13778.0,40.4,False,False
2024,Puerto Rico,PU,State House,21,general,Luiche Santiago,Independence,3322.0,9.7,False,False
2024,Puerto Rico,PU,State House,21,general,Leo Vázquez Santiago,Project Dignity,1762.0,5.2,False,False
2024,Puerto Rico,PU,State House,22,general,Joito Colón,Progressive,17765.0,47.0,True,False
2024,Puerto Rico,PU,State House,22,general,Jorge Alfredo Rivera,Democratic,16362.0,43.3,False,True
2024,Puerto Rico,PU,State House,22,general,Astrid Raquel Cruz Negrón,Independence,3653.0,9.7,False,False
2024,Puerto Rico,PU,State House,23,general,Ensol Rodríguez Torres,Progressive,15173.0,43.1,True,False
2024,Puerto Rico,PU,State House,23,general,Cheito Rivera Madera,Democratic,13361.0,37.9,False,True
2024,Puerto Rico,PU,State House,23,general,Lugo Boneta,Independence,3052.0,8.7,False,False
2024,Puerto Rico,PU,State House,23,general,Daniel Ortiz Vargas,Movimiento Victoria Ciudadana,2160.0,6.1,False,False
2024,Puerto Rico,PU,State House,23,general,Josué Eliú Pagán Carbone,Project Dignity,1492.0,4.2,False,False
2024,Puerto Rico,PU,State House,24,general,Ángel A. Fourquet Cordero,Democratic,11188.0,44.4,True,True
2024,Puerto Rico,PU,State House,24,general,Doris Alvarado Golderos,Progressive,8508.0,33.8,False,False
2024,Puerto Rico,PU,State House,24,general,Elaine M. Arrufat Berastaín,Project Dignity,2768.0,11.0,False,False
2024,Puerto Rico,PU,State House,24,general,José A. Hernández Lázaro,Movimiento Victoria Ciudadana,2720.0,10.8,False,False
2024,Puerto Rico,PU,State House,25,general,Domingo Torres Garcia,Democratic,12203.0,42.5,True,True
2024,Puerto Rico,PU,State House,25,general,Daniel Vega Ortiz,Progressive,10168.0,35.4,False,False
2024,Puerto Rico,PU,State House,25,general,Gerardo Cruz López,Independence,3953.0,13.8,False,False
2024,Puerto Rico,PU,State House,25,general,Luis Antonio Yordán Frau,Project Dignity,2419.0,8.4,False,False
2024,Puerto Rico,PU,State House,26,general,Josean Jiménez Torres,Progressive,17906.0,50.7,True,False
2024,Puerto Rico,PU,State House,26,general,Chui Hernández Arroyo,Democratic,15512.0,43.9,False,True
2024,Puerto Rico,PU,State House,26,general,Sigfredo Torres Cintrón,Movimiento Victoria Ciudadana,1916.0,5.4,False,False
2024,Puerto Rico,PU,State House,27,general,Estrella Martínez Soto,Democratic,13470.0,42.3,True,True
2024,Puerto Rico,PU,State House,27,general,Adriach Bermúdez Ortiz,Progressive,12069.0,37.9,False,False
2024,Puerto Rico,PU,State House,27,general,Andrés A. Román Arguinzoni,Independence,4725.0,14.8,False,False
2024,Puerto Rico,PU,State House,27,general,Evette Mejías Rivera,Project Dignity,1562.0,4.9,False,False
2024,Puerto Rico,PU,State House,28,general,Chino Roque,Progressive,16649.0,51.0,True,False
2024,Puerto Rico,PU,State House,28,general,Juan Santiago Nieves,Democratic,12680.0,38.8,False,True
2024,Puerto Rico,PU,State House,28,general,Elsa Berríos López,Independence,3322.0,10.2,False,False
2024,Puerto Rico,PU,State House,29,general,Gretchen Hau,Democratic,12837.0,46.9,True,True
2024,Puerto Rico,PU,State House,29,general,Christopher García Figueroa,Progressive,9605.0,35.1,False,False
2024,Puerto Rico,PU,State House,29,general,Rebecca I. Cotto Morales,Movimiento Victoria Ciudadana,4905.0,17.9,False,False
2024,Puerto Rico,PU,State House,30,general,Fernándo Sanabria,Progressive,13651.0,44.3,True,False
2024,Puerto Rico,PU,State House,30,general,Luis Ortiz Lugo,Democratic,13331.0,43.3,False,True
2024,Puerto Rico,PU,State House,30,general,Justo Echevarría,Independence,3822.0,12.4,False,False
2024,Puerto Rico,PU,State House,31,general,Vimarie Peña Dávila,Progressive,10962.0,35.4,True,False
2024,Puerto Rico,PU,State House,31,general,Jesús Santa Rodríguez,Democratic,10769.0,34.8,False,True
2024,Puerto Rico,PU,State House,31,general,Raúl Tirado,Independence,6997.0,22.6,False,False
2024,Puerto Rico,PU,State House,31,general,Wilfredo Elías Bachour Ortiz,Project Dignity,2255.0,7.3,False,False
2024,Puerto Rico,PU,State House,32,general,Conny Varela,Democratic,10342.0,40.6,True,True
2024,Puerto Rico,PU,State House,32,general,Evelyn Aponte Vázquez,Progressive,9613.0,37.7,False,False
2024,Puerto Rico,PU,State House,32,general,Maritza Maymí Hernández,Movimiento Victoria Ciudadana,3415.0,13.4,False,False
2024,Puerto Rico,PU,State House,32,general,George Mendoza Roque,Project Dignity,2110.0,8.3,False,False
2024,Puerto Rico,PU,State House,33,general,Angel Peña Ramírez,Progressive,14695.0,52.3,True,True
2024,Puerto Rico,PU,State House,33,general,Güi Mojica Carrasquillo,Democratic,8292.0,29.5,False,False
2024,Puerto Rico,PU,State House,33,general,Tati Santana Muñoz,Independence,3621.0,12.9,False,False
2024,Puerto Rico,PU,State House,33,general,Julio A. Muriente Pérez,Movimiento Victoria Ciudadana,1491.0,5.3,False,False
2024,Puerto Rico,PU,State House,34,general,Christian Muriel,Progressive,16831.0,47.6,True,False
2024,Puerto Rico,PU,State House,34,general,Ramón Luis Cruz,Democratic,15130.0,42.8,False,True
2024,Puerto Rico,PU,State House,34,general,Catalino Santiago,Independence,3383.0,9.6,False,False
2024,Puerto Rico,PU,State House,35,general,Sol Yamiz Higgins Cuadrado,Democratic,12636.0,43.1,True,False
2024,Puerto Rico,PU,State House,35,general,Jean Paul Carrillo Cáceres,Progressive,10936.0,37.3,False,False
2024,Puerto Rico,PU,State House,35,general,Ricardo Díaz Maldonado,Independence,2871.0,9.8,False,False
2024,Puerto Rico,PU,State House,35,general,Rosanna Ortiz García,Project Dignity,2858.0,9.7,False,False
2024,Puerto Rico,PU,State House,36,general,Carlos Johnny Méndez,Progressive,12419.0,50.2,True,True
2024,Puerto Rico,PU,State House,36,general,Tito Gómez,Democratic,7301.0,29.5,False,False
2024,Puerto Rico,PU,State House,36,general,Johanna Liz Santiago Santiago,Movimiento Victoria Ciudadana,2636.0,10.7,False,False
2024,Puerto Rico,PU,State House,36,general,Ricardo Ruiz Rivera,Project Dignity,2381.0,9.6,False,False
2024,Puerto Rico,PU,State House,37,general,Carmen Medina Calderón,Progressive,10684.0,40.6,True,False
2024,Puerto Rico,PU,State House,37,general,Angel Osorio,Democratic,9616.0,36.6,False,False
2024,Puerto Rico,PU,State House,37,general,Reginald Michael Carrasquillo Maisonet,Independence,3262.0,12.4,False,False
2024,Puerto Rico,PU,State House,37,general,Héctor Andrés Santiago Ramos,Project Dignity,2727.0,10.4,False,False
2024,Puerto Rico,PU,State House,38,general,Wanda Del Valle Correa,Progressive,12774.0,50.7,True,False
2024,Puerto Rico,PU,State House,38,general,Christian Rodríguez Rivera,Democratic,7649.0,30.3,False,False
2024,Puerto Rico,PU,State House,38,general,Roberto Figueroa Acosta,Independence,4780.0,19.0,False,False
2024,Puerto Rico,PU,State House,39,general,Roberto Rivera Ruiz de Porras,Democratic,8868.0,36.9,True,True
2024,Puerto Rico,PU,State House,39,general,Piku López Santiago,Progressive,8061.0,33.5,False,False
2024,Puerto Rico,PU,State House,39,general,Juan C. Del Valle (El Enfermero),Movimiento Victoria Ciudadana,4462.0,18.6,False,False
2024,Puerto Rico,PU,State House,39,general,Janise W. Santiago Ramos,Project Dignity,2659.0,11.1,False,False
2024,Puerto Rico,PU,State House,40,general,Sergio Estévez,Progressive,8301.0,34.8,True,False
2024,Puerto Rico,PU,State House,40,general,Angel Matos García,Democratic,7756.0,32.5,False,True
2024,Puerto Rico,PU,State House,40,general,Nelie Lebrón Robles,Independence,5884.0,24.6,True,False
2024,Puerto Rico,PU,State House,40,general,Gilberto Rodríguez Velázquez,Project Dignity,1942.0,8.1,False,False
