year,state,state_code,chamber,district,race,candidate,party,votes,percentage,winner,incumbent
2010,Alabama,AL,State House,1,general,Greg Burdine,Democratic,7083,50.7,True,False
2010,Alabama,AL,State House,1,general,Quinton Hanson,Republican,6877,49.2,False,False
2010,Alabama,AL,State House,2,general,Lynn Greer,Republican,7599,54.7,True,False
2010,Alabama,AL,State House,2,general,Mike Curtis,Democratic,6284,45.2,False,True
2010,Alabama,AL,State House,3,general,Marcel Black,Democratic,9076,97.5,True,True
2010,Alabama,AL,State House,4,general,Micky Hammon,Republican,12153,69.8,True,True
2010,Alabama,AL,State House,4,general,Vaughn Goodwin,Democratic,5244,30.1,False,False
2010,Alabama,AL,State House,5,general,Dan Williams,Republican,8807,56.5,True,False
2010,Alabama,AL,State House,5,general,Henry A. White,Democratic,5402,34.7,False,True
2010,Alabama,AL,State House,5,general,Jerry Hill,Independent (politician),1359,8.7,False,False
2010,Alabama,AL,State House,6,general,Phil Williams,Republican,9880,97.0,True,False
2010,Alabama,AL,State House,7,general,Ken Johnson,Republican,7096,50.62,True,False
2010,Alabama,AL,State House,7,general,"John ""Jody"" Letson",Democratic,6911,49.3,False,True
2010,Alabama,AL,State House,8,general,Terri Collins,Republican,6574,56.0,True,False
2010,Alabama,AL,State House,8,general,Drama Breland,Democratic,5147,43.9,False,False
2010,Alabama,AL,State House,9,general,Ed Henry,Republican,11405,72.6,True,False
2010,Alabama,AL,State House,9,general,Kathy White Goodwin,Democratic,4294,27.3,False,False
2010,Alabama,AL,State House,10,general,Mike Ball,Republican,11950,98.4,True,True
2010,Alabama,AL,State House,11,general,Jeremy Oden,Republican,12977,98.9,True,True
2010,Alabama,AL,State House,12,general,Mac Buttram,Republican,9062,54.1,True,False
2010,Alabama,AL,State House,12,general,James C. Fields,Democratic,7667,45.8,False,True
2010,Alabama,AL,State House,13,general,Bill Roberts,Republican,7990,60.6,True,False
2010,Alabama,AL,State House,13,general,Tommy Sherer,Democratic,5186,39.3,False,True
2010,Alabama,AL,State House,14,general,Richard Baughn,Republican,9327,69.2,True,False
2010,Alabama,AL,State House,14,general,Ken Guin,Democratic,4121,30.6,False,True
2010,Alabama,AL,State House,15,general,Allen Farley,Republican,14117,99.1,True,False
2010,Alabama,AL,State House,16,general,Daniel Boman,Republican,7451,53.8,True,False
2010,Alabama,AL,State House,16,general,William E. Thigpen Sr.,Democratic,6379,46.1,False,True
2010,Alabama,AL,State House,17,general,Mike Millican,Democratic,8107,96.7,True,True
2010,Alabama,AL,State House,18,general,Johnny Mack Morrow,Democratic,8344,97.4,True,True
2010,Alabama,AL,State House,19,general,Laura Hall,Democratic,10669,97.4,True,True
2010,Alabama,AL,State House,20,general,Howard Sanderford,Republican,17733,98.8,True,True
2010,Alabama,AL,State House,21,general,Jim Patterson,Republican,6654,51.7,True,False
2010,Alabama,AL,State House,21,general,Randy Hinshaw,Democratic,6201,48.2,False,True
2010,Alabama,AL,State House,22,general,Wayne Johnson,Republican,9523,64.7,True,False
2010,Alabama,AL,State House,22,general,Butch Taylor,Democratic,5177,35.2,False,False
2010,Alabama,AL,State House,23,general,John Robinson,Democratic,7782,90.0,True,True
2010,Alabama,AL,State House,24,general,Todd Greeson,Republican,7967,53.3,True,True
2010,Alabama,AL,State House,24,general,Nathaniel Ledbetter,Democratic,6971,46.7,False,False
2010,Alabama,AL,State House,25,general,Mac McCutcheon,Republican,17822,98.3,True,True
2010,Alabama,AL,State House,26,general,Kerry Rich,Republican,7203,59.5,True,False
2010,Alabama,AL,State House,26,general,Randall White,Democratic,4873,40.3,False,False
2010,Alabama,AL,State House,27,general,Wes Long,Republican,8238,53.2,True,False
2010,Alabama,AL,State House,27,general,Jeff McLaughlin,Democratic,7225,46.7,False,True
2010,Alabama,AL,State House,28,general,Craig Ford,Democratic,8208,96.8,True,True
2010,Alabama,AL,State House,29,general,Becky Nordgren,Republican,5845,51.9,True,False
2010,Alabama,AL,State House,29,general,Jack Page,Democratic,5406,48.0,False,True
2010,Alabama,AL,State House,30,general,Blaine Galliher,Republican,10979,72.4,True,True
2010,Alabama,AL,State House,30,general,Wally Burns,Democratic,4153,27.4,False,False
2010,Alabama,AL,State House,31,general,Barry Mask,Republican,13104,98.4,True,True
2010,Alabama,AL,State House,32,general,Barbara Bigsby-Boyd,Democratic,7240,71.3,True,True
2010,Alabama,AL,State House,32,general,Ron Struzik,Republican,2905,28.6,False,False
2010,Alabama,AL,State House,33,general,Ron Johnson,Republican,9567,98.2,True,True
2010,Alabama,AL,State House,34,general,Elwyn Thomas,Republican,13515,99.1,True,True
2010,Alabama,AL,State House,35,general,Steve Hurst,Democratic,6722,51.6,True,True
2010,Alabama,AL,State House,35,general,Steven M. Dean,Republican,6295,48.3,False,False
2010,Alabama,AL,State House,36,general,Randy Wood,Republican,10612,76.1,True,True
2010,Alabama,AL,State House,36,general,Garry Bearden,Democratic,3301,23.7,False,False
2010,Alabama,AL,State House,37,general,Richard Laird,Democratic,8106,53.6,True,True
2010,Alabama,AL,State House,37,general,Bob Fincher,Republican,7011,46.3,False,False
2010,Alabama,AL,State House,38,general,DuWayne Bridges,Republican,5980,50.8,True,True
2010,Alabama,AL,State House,38,general,Huey P. Long,Democratic,5748,48.8,False,False
2010,Alabama,AL,State House,39,general,Richard Lindsey,Democratic,7808,57.0,True,True
2010,Alabama,AL,State House,39,general,Tim Sprayberry,Republican,5872,42.9,False,False
2010,Alabama,AL,State House,40,general,K. L. (Koven) Brown,Republican,8587,62.4,True,False
2010,Alabama,AL,State House,40,general,Ricky Whaley,Democratic,5148,37.4,False,False
2010,Alabama,AL,State House,41,general,Mike Hill,Republican,19319,99.1,True,True
2010,Alabama,AL,State House,42,general,Kurt Wallace,Republican,9382,63.2,True,False
2010,Alabama,AL,State House,42,general,"James M. ""Jimmy"" Martin",Democratic,5452,36.7,False,True
2010,Alabama,AL,State House,43,general,Mary Sue McClurkin,Republican,16368,80.1,True,True
2010,Alabama,AL,State House,43,general,Virginia Sweet,Democratic,4041,19.8,False,False
2010,Alabama,AL,State House,44,general,Arthur Payne,Republican,11654,97.8,True,True
2010,Alabama,AL,State House,45,general,Owen Drake,Republican,8165,61.5,True,True
2010,Alabama,AL,State House,45,general,Charlene Cannon,Democratic,5103,38.4,False,False
2010,Alabama,AL,State House,46,general,Paul DeMarco,Republican,15446,98.9,True,True
2010,Alabama,AL,State House,47,general,Jack Williams,Republican,8735,61.0,True,True
2010,Alabama,AL,State House,47,general,"Charles ""Chip"" McCallum",Independent (politician),5527,38.6,False,False
2010,Alabama,AL,State House,48,general,Greg Canfield,Republican,16859,99.0,True,True
2010,Alabama,AL,State House,49,general,April Weaver,Republican,12411,99.0,True,False
2010,Alabama,AL,State House,50,general,Jim McClendon,Republican,14248,99.0,True,True
2010,Alabama,AL,State House,51,general,Allen Treadaway,Republican,14061,99.0,True,True
2010,Alabama,AL,State House,52,general,John Rogers,Democratic,9599,97.5,True,True
2010,Alabama,AL,State House,53,general,Demetrius Newton,Democratic,7729,98.9,True,True
2010,Alabama,AL,State House,54,general,Patricia Todd,Democratic,7599,98.7,True,True
2010,Alabama,AL,State House,55,general,Rod Scott,Democratic,8670,99.1,True,True
2010,Alabama,AL,State House,56,general,Lawrence McAdory,Democratic,9881,98.4,True,True
2010,Alabama,AL,State House,57,general,Merika Coleman,Democratic,10676,98.7,True,True
2010,Alabama,AL,State House,58,general,Oliver Robinson,Democratic,9704,99.2,True,True
2010,Alabama,AL,State House,59,general,Mary Moore,Democratic,7521,98.7,True,True
2010,Alabama,AL,State House,60,general,"Juandalynn ""Lee Lee"" Givan",Democratic,10383,98.8,True,False
2010,Alabama,AL,State House,61,general,Alan Harper,Democratic,11102,77.8,True,True
2010,Alabama,AL,State House,61,general,Frank Chandler,Republican,3167,22.2,False,False
2010,Alabama,AL,State House,62,general,John Merrill,Republican,11658,86.7,True,False
2010,Alabama,AL,State House,62,general,Steven Kneussle,Constitution,1694,12.6,False,False
2010,Alabama,AL,State House,63,general,Bill Poole,Republican,9937,63.8,True,False
2010,Alabama,AL,State House,63,general,Susan Pace Hamill,Democratic,5631,36.1,False,False
2010,Alabama,AL,State House,64,general,Harry Shiver,Republican,8524,98.5,True,True
2010,Alabama,AL,State House,65,general,Elaine Beech,Democratic,11727,85.8,True,False
2010,Alabama,AL,State House,65,general,Ozelle Hubert,Independent (politician),1920,14.0,False,False
2010,Alabama,AL,State House,66,general,Alan Baker,Republican,8615,98.9,True,True
2010,Alabama,AL,State House,67,general,Dario Melton,Democratic,10382,98.5,True,False
2010,Alabama,AL,State House,68,general,Thomas E. (Action) Jackson,Democratic,10471,98.9,True,True
2010,Alabama,AL,State House,69,general,David Colston,Democratic,11058,98.6,True,False
2010,Alabama,AL,State House,70,general,Christopher John England,Democratic,7611,99.1,True,True
2010,Alabama,AL,State House,71,general,"Artis ""A. J."" McCampbell",Democratic,12261,99.2,True,True
2010,Alabama,AL,State House,72,general,Ralph A. Howard,Democratic,11552,98.8,True,True
2010,Alabama,AL,State House,73,general,"Joseph Lister ""Joe"" Hubbard",Democratic,8137,50.9,True,False
2010,Alabama,AL,State House,73,general,David Grimes,Republican,7825,49.0,False,True
2010,Alabama,AL,State House,74,general,Jay Love,Republican,8714,76.9,True,True
2010,Alabama,AL,State House,74,general,Jay King,Independent (politician),2562,22.6,False,False
2010,Alabama,AL,State House,75,general,Greg Wren,Republican,14046,71.6,True,True
2010,Alabama,AL,State House,75,general,Glenn L. Allen,Democratic,5551,28.3,False,False
2010,Alabama,AL,State House,76,general,Thad McClammy,Democratic,10092,98.0,True,True
2010,Alabama,AL,State House,77,general,John Knight,Democratic,8353,98.3,True,True
2010,Alabama,AL,State House,78,general,Alvin Holmes,Democratic,7349,81.2,True,True
2010,Alabama,AL,State House,78,general,Ken Guin,Independent (politician),1313,14.5,False,False
2010,Alabama,AL,State House,79,general,Mike Hubbard,Republican,11128,97.3,True,True
2010,Alabama,AL,State House,80,general,Lesley Vance,Democratic,5579,54.6,True,True
2010,Alabama,AL,State House,80,general,Mervin Dudley,Republican,4626,45.3,False,False
2010,Alabama,AL,State House,81,general,Mark M. Tuggle,Republican,9268,55.9,True,False
2010,Alabama,AL,State House,81,general,Betty Carol Graham,Democratic,7306,44.1,False,True
2010,Alabama,AL,State House,82,general,Pebblin W. Warren,Democratic,10180,98.0,True,True
2010,Alabama,AL,State House,83,general,"George ""Tootie"" Bandy",Democratic,7484,96.9,True,True
2010,Alabama,AL,State House,84,general,Berry Forte,Democratic,7764,65.1,True,False
2010,Alabama,AL,State House,84,general,Joyce L. Perrin,Republican,4152,34.8,False,False
2010,Alabama,AL,State House,85,general,Dexter Grimsley,Democratic,6692,51.6,True,False
2010,Alabama,AL,State House,85,general,Jody Singleton,Republican,6255,48.2,False,False
2010,Alabama,AL,State House,86,general,Paul Lee,Republican,9159,58.0,True,False
2010,Alabama,AL,State House,86,general,Merritt Carothers,Democratic,6623,41.9,False,False
2010,Alabama,AL,State House,87,general,Donnie Chesteen,Republican,14347,99.0,True,False
2010,Alabama,AL,State House,88,general,Paul Beckman,Republican,14382,98.4,True,False
2010,Alabama,AL,State House,89,general,Alan C. Boothe,Democratic,7912,97.7,True,True
2010,Alabama,AL,State House,90,general,Charles Newton,Democratic,8577,59.4,True,True
2010,Alabama,AL,State House,90,general,Jerry Hartin,Republican,5855,40.5,False,False
2010,Alabama,AL,State House,91,general,Barry Moore,Republican,9754,64.3,True,False
2010,Alabama,AL,State House,91,general,Terry Spicer,Democratic,5383,35.5,False,True
2010,Alabama,AL,State House,92,general,Mike Jones Jr.,Republican,6820,52.1,True,False
2010,Alabama,AL,State House,92,general,Don Cotton,Independent (politician),3180,24.3,False,False
2010,Alabama,AL,State House,92,general,David S. Darby,Democratic,3086,23.6,False,False
2010,Alabama,AL,State House,93,general,Steve Clouse,Republican,11418,77.5,True,True
2010,Alabama,AL,State House,93,general,Ronnie Helms,Democratic,3271,22.2,False,False
2010,Alabama,AL,State House,94,general,Joe Faust,Republican,16481,98.9,True,True
2010,Alabama,AL,State House,95,general,Steve McMillan,Republican,16239,99.0,True,True
2010,Alabama,AL,State House,96,general,Randy Davis,Republican,13319,98.8,True,True
2010,Alabama,AL,State House,97,general,Yvonne Kennedy,Democratic,6714,97.1,True,True
2010,Alabama,AL,State House,98,general,Napoleon Bracy Jr.,Democratic,6767,60.6,True,False
2010,Alabama,AL,State House,98,general,Sharon L. Powe,Republican,3222,28.9,False,False
2010,Alabama,AL,State House,99,general,James E. Buskey,Democratic,8554,82.3,True,True
2010,Alabama,AL,State House,99,general,Rashawn Figures,Independent (politician),1800,17.3,False,False
2010,Alabama,AL,State House,100,general,Victor Gaston,Republican,12640,98.8,True,True
2010,Alabama,AL,State House,101,general,Jamie Ison,Republican,8414,98.2,True,True
2010,Alabama,AL,State House,102,general,Chad Fincher,Republican,9641,99.0,True,True
2010,Alabama,AL,State House,103,general,Joseph C. Mitchell,Democratic,6962,98.9,True,True
2010,Alabama,AL,State House,104,general,Jim Barton,Republican,11155,98.7,True,True
2010,Alabama,AL,State House,105,general,Spencer Collier,Republican,7807,98.3,True,True
2010,Arizona,AZ,State House,1,general,Andy Tobin,Republican,46401,39.76,True,True
2010,Arizona,AZ,State House,1,general,Karen Fann,Republican,41082,35.2,True,False
2010,Arizona,AZ,State House,1,general,Lindsay Bell,Democratic,29214,25.03,False,False
2010,Arizona,AZ,State House,2,general,Albert Hale,Democratic,30164,51.87,True,False
2010,Arizona,AZ,State House,2,general,Tom Chabin,Democratic,22789,39.19,True,True
2010,Arizona,AZ,State House,2,general,Frank Mulligan,Libertarian,5195,8.93,False,False
2010,Arizona,AZ,State House,3,general,Nancy McLain,Republican,34978,50.29,True,True
2010,Arizona,AZ,State House,3,general,Doris Goodale,Republican,34581,49.71,True,True
2010,Arizona,AZ,State House,4,general,Judy M. Burges,Republican,60124,40.44,True,True
2010,Arizona,AZ,State House,4,general,Jack W. Harper,Republican,56422,37.95,True,False
2010,Arizona,AZ,State House,4,general,Karina Guerrero,Democratic,32134,21.61,False,False
2010,Arizona,AZ,State House,5,general,Brenda Barton,Republican,32884,33.99,True,False
2010,Arizona,AZ,State House,5,general,Chester Crandell,Republican,30890,31.93,True,False
2010,Arizona,AZ,State House,5,general,Bill Shumway,Democratic,17478,18.07,False,False
2010,Arizona,AZ,State House,5,general,Prescott Winslow,Democratic,15489,16.01,False,False
2010,Arizona,AZ,State House,6,general,Amanda Reeve,Republican,34555,37.47,True,True
2010,Arizona,AZ,State House,6,general,Carl Seel,Republican,31508,34.17,True,True
2010,Arizona,AZ,State House,6,general,Teri Conrad,Democratic,20754,22.5,False,False
2010,Arizona,AZ,State House,6,general,Deborah ODowd,Green,5405,5.86,False,False
2010,Arizona,AZ,State House,7,general,Heather Carter,Republican,37254,33.53,True,False
2010,Arizona,AZ,State House,7,general,David Smith,Republican,34007,30.61,True,False
2010,Arizona,AZ,State House,7,general,Don Chilton,Democratic,18897,17.01,False,False
2010,Arizona,AZ,State House,7,general,Peter Royers,Democratic,16560,14.9,False,False
2010,Arizona,AZ,State House,7,general,Jim Iannuzo,Libertarian,4395,3.96,False,False
2010,Arizona,AZ,State House,8,general,John Kavanagh,Republican,42867,39.33,True,True
2010,Arizona,AZ,State House,8,general,Michelle Ugenti,Republican,38055,34.91,True,False
2010,Arizona,AZ,State House,8,general,John Kriekard,Democratic,28084,25.76,False,False
2010,Arizona,AZ,State House,9,general,Debbie Lesko,Republican,32423,39.96,True,True
2010,Arizona,AZ,State House,9,general,Rick Gray,Republican,28459,35.08,True,False
2010,Arizona,AZ,State House,9,general,Shirley McAllister,Democratic,20249,24.96,False,False
2010,Arizona,AZ,State House,10,general,Kimberly Yee,Republican,19485,30.11,True,True
2010,Arizona,AZ,State House,10,general,James Weiers,Republican,18237,28.18,True,True
2010,Arizona,AZ,State House,10,general,Jackie Thrasher,Democratic,14770,22.82,True,False
2010,Arizona,AZ,State House,10,general,Aaron Jahneke,Democratic,12226,18.89,True,False
2010,Arizona,AZ,State House,11,general,Kate Brophy McGee,Republican,32589,35.67,True,False
2010,Arizona,AZ,State House,11,general,Eric Meyer,Democratic,30151,33.01,True,True
2010,Arizona,AZ,State House,11,general,Eric West,Republican,28611,31.32,False,False
2010,Arizona,AZ,State House,12,general,Steve Montenegro,Republican,36623,33.4,True,True
2010,Arizona,AZ,State House,12,general,Jerry Weiers,Republican,35724,32.58,True,True
2010,Arizona,AZ,State House,12,general,Angela Cotera,Democratic,30543,27.85,False,False
2010,Arizona,AZ,State House,12,general,Justin Dahl,Green,6762,6.17,False,False
2010,Arizona,AZ,State House,12,general,Penny Lewis,Independent (politician),4,0.0,False,False
2010,Arizona,AZ,State House,13,general,Richard Miranda,Democratic,12990,50.72,True,False
2010,Arizona,AZ,State House,13,general,Anna Tovar,Democratic,12619,49.28,True,True
2010,Arizona,AZ,State House,14,general,Debbie McCune-Davis,Democratic,9584,51.14,True,False
2010,Arizona,AZ,State House,14,general,Chad Campbell,Democratic,9157,48.86,True,True
2010,Arizona,AZ,State House,15,general,Katie Hobbs,Democratic,15885,30.83,True,False
2010,Arizona,AZ,State House,15,general,Lela Alston,Democratic,15167,29.43,True,False
2010,Arizona,AZ,State House,15,general,Paul Yoder,Republican,8972,17.41,False,False
2010,Arizona,AZ,State House,15,general,Caroline B. Condit,Republican,8424,16.35,False,False
2010,Arizona,AZ,State House,15,general,Les White,Independent (politician),1739,3.37,False,False
2010,Arizona,AZ,State House,15,general,Luisa Evonne Valdez,Green,1343,2.61,False,False
2010,Arizona,AZ,State House,16,general,Catherine H. Miranda,Democratic,19197,39.46,True,False
2010,Arizona,AZ,State House,16,general,Ruben Gallego,Democratic,18365,37.75,True,False
2010,Arizona,AZ,State House,16,general,Michael Gular,Republican,8551,17.58,False,False
2010,Arizona,AZ,State House,16,general,Ángel Torres,Green,2532,5.21,False,False
2010,Arizona,AZ,State House,17,general,P. Ben Arredondo,Democratic,22458,29.44,True,False
2010,Arizona,AZ,State House,17,general,Ed Ableser,Democratic,21153,27.73,True,True
2010,Arizona,AZ,State House,17,general,Donald Hawker,Republican,14277,18.72,False,False
2010,Arizona,AZ,State House,17,general,Steve May,Republican,14048,18.42,False,False
2010,Arizona,AZ,State House,17,general,Damian Trabel,Libertarian,1638,2.15,False,False
2010,Arizona,AZ,State House,17,general,Cristian Dumitrescu,Libertarian,1429,1.87,False,False
2010,Arizona,AZ,State House,17,general,Gregor Knauer,Green,1260,1.65,False,False
2010,Arizona,AZ,State House,17,general,Marcus Gaethje,Independent (politician),16,0.02,False,False
2010,Arizona,AZ,State House,18,general,Cecil Ash,Republican,16222,34.21,True,True
2010,Arizona,AZ,State House,18,general,Steve Court,Republican,16177,34.12,True,True
2010,Arizona,AZ,State House,18,general,Michael Conway,Democratic,11568,24.4,False,False
2010,Arizona,AZ,State House,18,general,Chris A.H. Will,Libertarian,3452,7.28,False,False
2010,Arizona,AZ,State House,19,general,Kirk Adams,Republican,33972,39.8,True,True
2010,Arizona,AZ,State House,19,general,Justin Olson,Republican,31513,36.92,True,False
2010,Arizona,AZ,State House,19,general,Kit Filbey,Democratic,19866,23.28,False,False
2010,Arizona,AZ,State House,20,general,Jeff Dial,Republican,28680,34.58,True,False
2010,Arizona,AZ,State House,20,general,Bob Robson,Republican,27662,33.35,True,False
2010,Arizona,AZ,State House,20,general,Rae Waters,Democratic,26602,32.07,False,True
2010,Arizona,AZ,State House,21,general,Tom Forese,Republican,42523,42.7,True,False
2010,Arizona,AZ,State House,21,general,J.D. Mesnard,Republican,39891,40.05,True,False
2010,Arizona,AZ,State House,21,general,Linda J. Macías,Green,17181,17.25,False,False
2010,Arizona,AZ,State House,22,general,Eddie Farnsworth,Republican,51533,51.76,True,False
2010,Arizona,AZ,State House,22,general,Steve Urie,Republican,48031,48.24,True,False
2010,Arizona,AZ,State House,23,general,Frank Pratt,Republican,32303,29.46,True,True
2010,Arizona,AZ,State House,23,general,John Fillmore,Republican,30986,28.25,True,False
2010,Arizona,AZ,State House,23,general,Barbara McGuire,Democratic,23679,21.59,False,True
2010,Arizona,AZ,State House,23,general,Ernest Bustamante,Democratic,22698,20.7,False,False
2010,Arizona,AZ,State House,24,general,Russ Jones,Republican,19226,40.33,True,True
2010,Arizona,AZ,State House,24,general,Lynne Pancrazi,Democratic,15298,32.09,True,True
2010,Arizona,AZ,State House,24,general,John Weil,Democratic,13146,27.58,False,False
2010,Arizona,AZ,State House,25,general,Peggy Judd,Republican,25405,27.7,True,False
2010,Arizona,AZ,State House,25,general,David Stevens,Republican,25043,27.3,True,True
2010,Arizona,AZ,State House,25,general,Patricia V. Fleming,Democratic,21359,23.29,False,True
2010,Arizona,AZ,State House,25,general,Ruben Ortega,Democratic,19911,21.71,False,False
2010,Arizona,AZ,State House,26,general,Terri Proud,Republican,40247,34.74,True,False
2010,Arizona,AZ,State House,26,general,Vic Williams,Republican,38180,32.95,True,True
2010,Arizona,AZ,State House,26,general,Nancy Young Wright,Democratic,37435,32.31,False,True
2010,Arizona,AZ,State House,27,general,Sally Ann Gonzales,Democratic,23623,33.3,True,False
2010,Arizona,AZ,State House,27,general,Macario Saldate,Democratic,22791,32.13,True,False
2010,Arizona,AZ,State House,27,general,Robert I. Compton,Republican,14226,20.05,False,False
2010,Arizona,AZ,State House,27,general,Kent Solberg,Green,5778,8.14,False,False
2010,Arizona,AZ,State House,27,general,Gene Chewning,Independent (politician),4526,6.38,False,False
2010,Arizona,AZ,State House,28,general,Bruce Wheeler,Democratic,29073,36.98,True,False
2010,Arizona,AZ,State House,28,general,Steve Farley,Democratic,29041,36.94,True,True
2010,Arizona,AZ,State House,28,general,Ken Smalley,Republican,20508,26.08,False,False
2010,Arizona,AZ,State House,29,general,Daniel Patterson,Democratic,18326,36.73,True,True
2010,Arizona,AZ,State House,29,general,Matt Heinz,Democratic,17227,34.53,True,True
2010,Arizona,AZ,State House,29,general,Pat Kilburn,Republican,14338,28.74,False,False
2010,Arizona,AZ,State House,30,general,David Gowan,Republican,49387,37.21,True,True
2010,Arizona,AZ,State House,30,general,Ted Vogt,Republican,45237,34.09,True,True
2010,Arizona,AZ,State House,30,general,Andrea Dalessandro,Democratic,38093,28.7,False,False
2010,California,CA,State House,1,general,Wesley Chesbro,Democratic,98250,61.6,True,True
2010,California,CA,State House,1,general,Karen Brooks,Republican,61414,38.4,False,False
2010,California,CA,State House,2,general,Jim Nielsen,Republican,118120,100.0,True,True
2010,California,CA,State House,3,general,Dan Logue,Republican,84069,54.2,True,True
2010,California,CA,State House,3,general,Michael Harrington,Democratic,56812,36.6,False,False
2010,California,CA,State House,3,general,Gary Bryant,Libertarian,14420,9.2,False,False
2010,California,CA,State House,4,general,Ted Gaines,Republican,109672,58.8,True,True
2010,California,CA,State House,4,general,Dennis J. Campanale,Democratic,68306,36.6,False,False
2010,California,CA,State House,4,general,Daniel D. Frederick,Freedom,8647,4.6,False,False
2010,California,CA,State House,5,general,Richard Pan,Democratic,78239,49.6,True,False
2010,California,CA,State House,5,general,Andy Pugno,Republican,71910,45.5,False,False
2010,California,CA,State House,5,general,Elizabeth Martinez,Freedom,7850,4.9,False,False
2010,California,CA,State House,6,general,Jared Huffman,Democratic,119753,70.5,True,True
2010,California,CA,State House,6,general,Robert Louis Stephens,Republican,50218,29.5,False,False
2010,California,CA,State House,7,general,Michael Allen,Democratic,86316,63.7,True,False
2010,California,CA,State House,7,general,Doris Gentry,Republican,43293,31.9,False,False
2010,California,CA,State House,7,general,Kathryn N. Moore,Libertarian,5977,4.4,False,False
2010,California,CA,State House,8,general,Mariko Yamada,Democratic,79846,61.6,True,True
2010,California,CA,State House,8,general,Michelle P. Connor,Republican,49797,38.4,False,False
2010,California,CA,State House,9,general,Roger Dickinson,Democratic,67294,68.0,True,False
2010,California,CA,State House,9,general,Rick D. Redding,Republican,24766,25.0,False,False
2010,California,CA,State House,9,general,Daniel A. Costa,Freedom,6941,7.0,False,False
2010,California,CA,State House,10,general,Alyson Huber,Democratic,83177,52.0,True,True
2010,California,CA,State House,10,general,Jack Sieglock,Republican,68395,42.7,False,False
2010,California,CA,State House,10,general,Janice Marlae Bonser,Libertarian,5286,3.2,False,False
2010,California,CA,State House,10,general,Albert R. Troyer,Freedom,3368,2.1,False,False
2010,California,CA,State House,11,general,Susan Bonilla,Democratic,81869,69.0,True,False
2010,California,CA,State House,11,general,Julie Craven,Republican,36864,31.0,False,False
2010,California,CA,State House,12,general,Fiona Ma,Democratic,90388,80.8,True,True
2010,California,CA,State House,12,general,Alfonso Faustino,Republican,21540,19.2,False,False
2010,California,CA,State House,13,general,Tom Ammiano,Democratic,120174,83.0,True,True
2010,California,CA,State House,13,general,Laura Peter,Republican,24741,17.0,False,False
2010,California,CA,State House,14,general,Nancy Skinner,Democratic,127940,82.1,True,True
2010,California,CA,State House,14,general,Ryan Hatcher,Republican,28055,17.9,False,False
2010,California,CA,State House,15,general,Joan Buchanan,Democratic,104441,53.4,True,True
2010,California,CA,State House,15,general,H. Abram Wilson,Republican,91378,46.6,False,False
2010,California,CA,State House,16,general,Sandré Swanson,Democratic,99082,83.5,True,True
2010,California,CA,State House,16,general,"James I. ""Jim"" Faison",Republican,14692,12.4,False,False
2010,California,CA,State House,16,general,Lisa D. Ringer,Libertarian,4909,4.1,False,False
2010,California,CA,State House,17,general,Cathleen Galgiani,Democratic,52219,58.4,True,True
2010,California,CA,State House,17,general,Jack Mobley,Republican,37293,41.6,False,False
2010,California,CA,State House,18,general,Mary Hayashi,Democratic,85237,75.2,True,True
2010,California,CA,State House,18,general,Michael Havig,Republican,28124,24.8,False,False
2010,California,CA,State House,19,general,Jerry Hill,Democratic,90717,70.8,True,True
2010,California,CA,State House,19,general,Alberto Waisman,Republican,33765,26.4,False,False
2010,California,CA,State House,19,general,Gary Tutin,Libertarian,3674,2.8,False,False
2010,California,CA,State House,20,general,Bob Wieckowski,Democratic,76446,72.9,True,False
2010,California,CA,State House,20,general,Adnan Shahab,Republican,28460,27.1,False,False
2010,California,CA,State House,21,general,Rich Gordon,Democratic,89927,60.1,True,False
2010,California,CA,State House,21,general,Greg Conlon,Republican,52809,35.3,False,False
2010,California,CA,State House,21,general,"Ray M. Bell, Jr.",Libertarian,6925,4.6,False,False
2010,California,CA,State House,22,general,Paul Fong,Democratic,74501,67.1,True,True
2010,California,CA,State House,22,general,Eric Shooter Hickok,Republican,30143,27.1,False,False
2010,California,CA,State House,22,general,T.J. Campbell,Libertarian,6478,5.8,False,False
2010,California,CA,State House,23,general,Nora Campos,Democratic,58629,75.1,True,False
2010,California,CA,State House,23,general,Atul Saini,Republican,19494,24.9,False,False
2010,California,CA,State House,24,general,Jim Beall,Democratic,81526,62.0,True,True
2010,California,CA,State House,24,general,Robert Chandler,Republican,50087,38.0,False,False
2010,California,CA,State House,25,general,Kristin Olsen,Republican,106715,100.0,True,False
2010,California,CA,State House,26,general,Bill Berryhill,Republican,64625,60.8,True,True
2010,California,CA,State House,26,general,"Tim Weintz, Sr.",Democratic,41775,39.2,False,False
2010,California,CA,State House,27,general,Bill Monning,Democratic,102124,66.8,True,True
2010,California,CA,State House,27,general,"Linda ""Ellie"" Black",Republican,50831,33.2,False,False
2010,California,CA,State House,28,general,Luis Alejo,Democratic,56098,62.8,True,False
2010,California,CA,State House,28,general,Robert Bernosky,Republican,33264,37.2,False,False
2010,California,CA,State House,29,general,Linda Halderman,Republican,89016,67.4,True,False
2010,California,CA,State House,29,general,Michael J. Esswein,Democratic,43124,32.6,False,False
2010,California,CA,State House,30,general,David Valadao,Republican,37392,60.6,True,False
2010,California,CA,State House,30,general,Fran Florez,Democratic,24386,39.4,False,False
2010,California,CA,State House,31,general,Henry Perea,Democratic,40947,59.8,True,False
2010,California,CA,State House,31,general,Brandon Shoemaker,Republican,27606,40.2,False,False
2010,California,CA,State House,32,general,Shannon Grove,Republican,97470,72.1,True,False
2010,California,CA,State House,32,general,Holly Spohn-Gross,Democratic,37892,27.9,False,False
2010,California,CA,State House,33,general,Katcho Achadjian,Republican,84629,57.8,True,False
2010,California,CA,State House,33,general,Hilda Zacarias,Democratic,54817,37.4,False,False
2010,California,CA,State House,33,general,Paul K. Polson,Libertarian,7051,4.8,False,False
2010,California,CA,State House,34,general,Connie Conway,Republican,67303,70.2,True,True
2010,California,CA,State House,34,general,Esmeralda Castro,Democratic,28657,29.8,False,False
2010,California,CA,State House,35,general,Das Williams,Democratic,75821,54.9,True,False
2010,California,CA,State House,35,general,Mike Stoker,Republican,62310,45.1,False,False
2010,California,CA,State House,36,general,Steve Knight,Republican,66312,57.6,True,True
2010,California,CA,State House,36,general,Linda K. Jones,Democratic,48943,42.4,False,False
2010,California,CA,State House,37,general,Jeff Gorell,Republican,90649,58.5,True,False
2010,California,CA,State House,37,general,Ferial Masry,Democratic,64413,41.5,False,False
2010,California,CA,State House,38,general,Cameron Smyth,Republican,83854,56.7,True,True
2010,California,CA,State House,38,general,Diana G. Shaw,Democratic,55062,37.3,False,False
2010,California,CA,State House,38,general,Peggy Christensen,Libertarian,9015,6.0,False,False
2010,California,CA,State House,39,general,Felipe Fuentes,Democratic,43267,78.5,True,True
2010,California,CA,State House,39,general,John Paul (Jack) Lindblad,Green,11905,21.6,False,False
2010,California,CA,State House,40,general,Bob Blumenfield,Democratic,56208,61.0,True,True
2010,California,CA,State House,40,general,Dennis Deyoung,Republican,36069,39.0,False,False
2010,California,CA,State House,41,general,Julia Brownley,Democratic,84222,58.8,True,True
2010,California,CA,State House,41,general,Terry Rathbun,Republican,53243,37.2,False,False
2010,California,CA,State House,41,general,Linda Piera-Ávila,Green,5837,4.0,False,False
2010,California,CA,State House,42,general,Mike Feuer,Democratic,106029,73.2,True,True
2010,California,CA,State House,42,general,Mary Toman-Miller,Republican,38836,26.8,False,False
2010,California,CA,State House,42,general,David Hernandez (write-in),Republican,17,0.0,False,False
2010,California,CA,State House,43,general,Mike Gatto,Democratic,65350,66.0,True,True
2010,California,CA,State House,43,general,Sunder Ramani,Republican,33767,34.0,False,False
2010,California,CA,State House,44,general,Anthony Portantino,Democratic,81347,63.8,True,True
2010,California,CA,State House,44,general,Alvaro G. Day,Republican,41571,32.6,False,False
2010,California,CA,State House,44,general,Eytan Kollin,Libertarian,4613,3.6,False,False
2010,California,CA,State House,45,general,Gil Cedillo,Democratic,53745,83.4,True,False
2010,California,CA,State House,45,general,Suzanne Ovilos,Republican,10724,16.6,False,False
2010,California,CA,State House,46,general,John Pérez,Democratic,38566,100.0,True,True
2010,California,CA,State House,47,general,Holly Mitchell,Democratic,93541,80.7,True,False
2010,California,CA,State House,47,general,Lady Cage,Republican,17195,14.8,False,False
2010,California,CA,State House,47,general,Sean P. McGary,Libertarian,5305,4.5,False,False
2010,California,CA,State House,48,general,Mike Davis,Democratic,50825,100.0,True,True
2010,California,CA,State House,49,general,Mike Eng,Democratic,46841,68.9,True,True
2010,California,CA,State House,49,general,Brad Jonathan Taylor,Republican,21148,31.1,False,False
2010,California,CA,State House,50,general,Ricardo Lara,Democratic,46676,77.7,True,False
2010,California,CA,State House,50,general,Gladys O. Miller,Republican,13452,22.3,False,False
2010,California,CA,State House,51,general,Steven Bradford,Democratic,69111,81.7,True,True
2010,California,CA,State House,51,general,Cynthia Santiago,Green,15486,18.3,False,False
2010,California,CA,State House,52,general,"Isadore Hall, III",Democratic,48323,88.3,True,True
2010,California,CA,State House,52,general,Gwen Patrick,Republican,6399,11.7,False,False
2010,California,CA,State House,53,general,Betsy Butler,Democratic,73344,50.3,True,False
2010,California,CA,State House,53,general,Nathan Mintz,Republican,62770,43.0,False,False
2010,California,CA,State House,53,general,Lisa Ann Green,Green,6526,4.4,False,False
2010,California,CA,State House,53,general,Ethan Musulin,Libertarian,3446,2.3,False,False
2010,California,CA,State House,54,general,Bonnie Lowenthal,Democratic,73775,56.7,True,True
2010,California,CA,State House,54,general,Martha E. Flores-Gibson,Republican,56535,43.3,False,False
2010,California,CA,State House,55,general,Warren Furutani,Democratic,61088,70.7,True,True
2010,California,CA,State House,55,general,Christopher Salabaj,Republican,25328,29.3,False,False
2010,California,CA,State House,56,general,Tony Mendoza,Democratic,56943,65.5,True,True
2010,California,CA,State House,56,general,Henry J. Bestwick,Republican,30111,34.5,False,False
2010,California,CA,State House,57,general,Roger Hernandez,Democratic,52763,67.2,True,False
2010,California,CA,State House,57,general,Brian A. Gutierrez,Republican,25699,32.6,False,False
2010,California,CA,State House,57,general,Mike Meza (write-in),Independent (politician),163,0.2,False,False
2010,California,CA,State House,58,general,Charles Calderon,Democratic,61375,68.9,True,True
2010,California,CA,State House,58,general,Garrett M. May,Republican,27771,31.1,False,False
2010,California,CA,State House,59,general,Tim Donnelly,Republican,82475,57.3,True,False
2010,California,CA,State House,59,general,Darcel Woods,Democratic,52928,36.8,False,False
2010,California,CA,State House,59,general,Tony Tyler,Libertarian,4335,3.0,False,False
2010,California,CA,State House,59,general,Robert Gosney,American Independent,4269,2.9,False,False
2010,California,CA,State House,60,general,Curt Hagman,Republican,83354,65.3,True,True
2010,California,CA,State House,60,general,Gregg D. Fritchle,Democratic,44405,34.7,False,False
2010,California,CA,State House,61,general,Norma Torres,Democratic,43813,60.2,True,True
2010,California,CA,State House,61,general,Ray Moors,Republican,29009,39.8,False,False
2010,California,CA,State House,62,general,Wilmer Carter,Democratic,44606,69.8,True,True
2010,California,CA,State House,62,general,Jeane Ensley,Republican,19319,30.2,False,False
2010,California,CA,State House,63,general,Mike Morrell,Republican,72866,58.1,True,False
2010,California,CA,State House,63,general,Renea Wickman,Democratic,52653,41.9,False,False
2010,California,CA,State House,64,general,Brian Nestande,Republican,75737,57.3,True,True
2010,California,CA,State House,64,general,Jose Medina,Democratic,56574,42.7,False,False
2010,California,CA,State House,65,general,Paul Cook,Republican,78475,57.9,True,True
2010,California,CA,State House,65,general,Carl Wood,Democratic,57212,42.1,False,False
2010,California,CA,State House,66,general,Kevin Jeffries,Republican,81176,64.8,True,True
2010,California,CA,State House,66,general,Douglas P. Dye,Democratic,44134,35.2,False,False
2010,California,CA,State House,67,general,Jim Silva,Republican,91108,66.3,True,True
2010,California,CA,State House,67,general,Rosalind Freeman,Democratic,46435,33.7,False,False
2010,California,CA,State House,68,general,Allan Mansoor,Republican,57016,54.9,True,False
2010,California,CA,State House,68,general,Phu Nguyen,Democratic,46269,44.6,False,False
2010,California,CA,State House,68,general,Long Pham (write-in),Republican,617,0.5,False,False
2010,California,CA,State House,69,general,Jose Solorio,Democratic,36436,65.5,True,True
2010,California,CA,State House,69,general,Robert M. Hammond,Republican,19273,34.5,False,False
2010,California,CA,State House,70,general,Donald P. Wagner,Republican,89636,58.2,True,False
2010,California,CA,State House,70,general,Melissa Fox,Democratic,58208,37.8,False,False
2010,California,CA,State House,70,general,Deborah Tharp,Libertarian,6212,4.0,False,False
2010,California,CA,State House,71,general,Jeff Miller,Republican,97158,66.2,True,True
2010,California,CA,State House,71,general,Gary Kephart,Democratic,49792,33.8,False,False
2010,California,CA,State House,72,general,Chris Norby,Republican,68751,61.4,True,True
2010,California,CA,State House,72,general,Esiquio Ramos Uballe,Democratic,36534,32.5,False,False
2010,California,CA,State House,72,general,Jane Rands,Green,6845,6.1,False,False
2010,California,CA,State House,73,general,Diane Harkey,Republican,81164,62.0,True,True
2010,California,CA,State House,73,general,Judy Jones,Democratic,49846,38.0,False,False
2010,California,CA,State House,74,general,Martin Garrick,Republican,81661,55.5,True,True
2010,California,CA,State House,74,general,Crystal Crawford,Democratic,56033,38.1,False,False
2010,California,CA,State House,74,general,Paul King,Libertarian,9453,6.4,False,False
2010,California,CA,State House,75,general,Nathan Fletcher,Republican,92430,60.5,True,True
2010,California,CA,State House,75,general,Paul R. Garver,Democratic,54711,35.8,False,False
2010,California,CA,State House,75,general,Christopher Chadwick,Libertarian,5692,3.7,False,False
2010,California,CA,State House,76,general,Toni Atkins,Democratic,75357,57.7,True,False
2010,California,CA,State House,76,general,Ralph Denney,Republican,48610,37.2,False,False
2010,California,CA,State House,76,general,Daniel H. Baehr,Libertarian,6679,5.1,False,False
2010,California,CA,State House,77,general,Brian Jones,Republican,82909,62.5,True,False
2010,California,CA,State House,77,general,Mark Hanson,Democratic,43674,32.9,False,False
2010,California,CA,State House,77,general,Richard Belitz,Libertarian,6228,4.6,False,False
2010,California,CA,State House,78,general,Marty Block,Democratic,72036,59.3,True,True
2010,California,CA,State House,78,general,Rick L. Powell,Republican,49455,40.7,False,False
2010,California,CA,State House,79,general,Ben Hueso,Democratic,46349,62.8,True,False
2010,California,CA,State House,79,general,Derrick Roach,Republican,27545,37.2,False,False
2010,California,CA,State House,80,general,Manuel Perez,Democratic,58315,58.3,True,True
2010,California,CA,State House,80,general,Steve Sanchez,Republican,41728,41.7,False,False
2010,Delaware,DE,State House,1,general,Dennis Williams,Democratic,6044,100.0,True,True
2010,Delaware,DE,State House,2,general,Stephanie Bolden,Democratic,4485,100.0,True,False
2010,Delaware,DE,State House,3,general,Helene Keeley,Democratic,3375,83.15,True,True
2010,Delaware,DE,State House,3,general,Robert Bovell,Working Families,684,16.85,False,False
2010,Delaware,DE,State House,4,general,Gerald Brady,Democratic,5298,65.77,True,True
2010,Delaware,DE,State House,4,general,Richard Carroll,Republican,2757,34.23,False,False
2010,Delaware,DE,State House,5,general,Melanie George,Democratic,4921,100.0,True,True
2010,Delaware,DE,State House,6,general,Debra Heffernan,Democratic,4263,51.89,True,False
2010,Delaware,DE,State House,6,general,Tom Kovach,Republican,3856,46.93,False,True
2010,Delaware,DE,State House,6,general,Matthew John Flebbe,Libertarian,97,1.18,False,False
2010,Delaware,DE,State House,7,general,Bryon Short,Democratic,4983,56.86,True,True
2010,Delaware,DE,State House,7,general,Judith Travis,Republican,3619,41.29,False,False
2010,Delaware,DE,State House,7,general,Scott Gesty,Independent,162,0.99,False,False
2010,Delaware,DE,State House,8,general,Quinn Johnson,Democratic,6402,63.18,True,True
2010,Delaware,DE,State House,8,general,Kathleen Rokosz,Republican,3731,36.82,False,False
2010,Delaware,DE,State House,9,general,Rebecca Walker,Democratic,5583,51.3,True,False
2010,Delaware,DE,State House,9,general,John Marino,Republican,5301,48.7,False,False
2010,Delaware,DE,State House,10,general,Dennis Williams,Democratic,4314,54.65,True,True
2010,Delaware,DE,State House,10,general,Robert Rhodunda,Republican,3580,45.35,False,False
2010,Delaware,DE,State House,11,general,Gregory Lavelle,Republican,5198,61.04,True,True
2010,Delaware,DE,State House,11,general,Joshua Samuel Schoenberg,Democratic,3318,38.96,False,False
2010,Delaware,DE,State House,12,general,Deborah Hudson,Republican,6067,88.78,True,True
2010,Delaware,DE,State House,12,general,James Christina,Libertarian,767,11.22,False,False
2010,Delaware,DE,State House,13,general,Larry Mitchell,Democratic,4345,90.8,True,True
2010,Delaware,DE,State House,13,general,Jeffrey Brown,Enigma,440,9.2,False,False
2010,Delaware,DE,State House,14,general,Peter Schwartzkopf,Democratic,6425,53.67,True,True
2010,Delaware,DE,State House,14,general,Christopher Weeks,Republican,5546,46.33,False,False
2010,Delaware,DE,State House,15,general,Valerie Longhurst,Democratic,6764,70.66,True,True
2010,Delaware,DE,State House,15,general,James van Houten,Republican,2659,27.78,False,False
2010,Delaware,DE,State House,15,general,George Edward Barnett,Libertarian,150,1.57,False,False
2010,Delaware,DE,State House,16,general,J.J. Johnson,Democratic,5328,100.0,True,True
2010,Delaware,DE,State House,17,general,Michael Mulrooney,Democratic,5108,100.0,True,True
2010,Delaware,DE,State House,18,general,Michael Barbieri,Democratic,3115,52.97,True,True
2010,Delaware,DE,State House,18,general,Terry Spence,Republican,2766,45.52,False,False
2010,Delaware,DE,State House,19,general,Robert Gilligan,Democratic,4527,73.37,True,True
2010,Delaware,DE,State House,19,general,Vincent Ruff,Republican,1643,26.63,False,False
2010,Delaware,DE,State House,20,general,Nick Manolakos,Republican,5469,62.45,True,True
2010,Delaware,DE,State House,20,general,Francis Swift Jr.,Democratic,3288,37.55,False,False
2010,Delaware,DE,State House,21,general,Michael Ramone,Republican,5356,100.0,True,True
2010,Delaware,DE,State House,22,general,Joseph Miró,Republican,5767,67.33,True,True
2010,Delaware,DE,State House,22,general,David Ellis,Democratic,2798,32.67,False,False
2010,Delaware,DE,State House,23,general,Teresa Schooley,Democratic,4649,68.38,True,True
2010,Delaware,DE,State House,23,general,Bill Stritzinger,Republican,2150,31.62,False,False
2010,Delaware,DE,State House,24,general,Edward Osienski,Democratic,3531,68.35,True,False
2010,Delaware,DE,State House,24,general,Abraham Jones,Republican,1635,31.65,False,False
2010,Delaware,DE,State House,25,general,John Kowalko Jr.,Democratic,3402,65.54,True,True
2010,Delaware,DE,State House,25,general,Gordon Winegar,Republican,1789,34.46,False,False
2010,Delaware,DE,State House,26,general,John Viola,Democratic,4819,96.67,True,True
2010,Delaware,DE,State House,26,general,Hans-Erik Janco,Republican,166,3.33,False,False
2010,Delaware,DE,State House,27,general,Earl Jaques Jr.,Democratic,4654,64.94,True,True
2010,Delaware,DE,State House,27,general,Jay Galloway,Republican,2513,35.06,False,False
2010,Delaware,DE,State House,28,general,William Carson Jr.,Democratic,4534,67.72,True,True
2010,Delaware,DE,State House,28,general,Karen Minner,Republican,2161,32.28,False,False
2010,Delaware,DE,State House,29,general,Lincoln Willis,Republican,5176,58.49,True,False
2010,Delaware,DE,State House,29,general,John McCutchan,Democratic,3673,41.51,False,False
2010,Delaware,DE,State House,30,general,William Outten,Republican,5514,100.0,True,True
2010,Delaware,DE,State House,31,general,Darryl Scott,Democratic,3487,59.12,True,True
2010,Delaware,DE,State House,31,general,Ronald Smith,Republican,2411,40.88,False,False
2010,Delaware,DE,State House,32,general,Brad Bennett,Democratic,2291,50.18,True,True
2010,Delaware,DE,State House,32,general,Beth Buzzell Miller,Republican,1995,43.69,False,False
2010,Delaware,DE,State House,32,general,William McVay,Independent,280,4.47,False,False
2010,Delaware,DE,State House,33,general,Harold Peterman,Republican,4314,52.17,True,False
2010,Delaware,DE,State House,33,general,Robert Walls,Democratic,3955,47.83,False,True
2010,Delaware,DE,State House,34,general,Donald Blakey,Republican,5015,61.66,True,True
2010,Delaware,DE,State House,34,general,Jill Fuchs,Democratic,2393,29.42,False,False
2010,Delaware,DE,State House,34,general,Michael Tedesco,Independent (politician),463,5.69,False,False
2010,Delaware,DE,State House,34,general,Jonathan Marango,Independent,262,3.22,False,False
2010,Delaware,DE,State House,35,general,David Wilson,Republican,4719,70.29,True,True
2010,Delaware,DE,State House,35,general,James Westhoff,Democratic,1995,29.71,False,False
2010,Delaware,DE,State House,36,general,Harvey Kenton,Republican,5229,54.3,True,False
2010,Delaware,DE,State House,36,general,C. Russell McCabe,Democratic,4400,45.7,False,False
2010,Delaware,DE,State House,37,general,Ruth Briggs King,Republican,5149,61.75,True,True
2010,Delaware,DE,State House,37,general,Frank Shade,Democratic,3189,38.25,False,False
2010,Delaware,DE,State House,38,general,Gerald Hocker,Republican,9371,100.0,True,True
2010,Delaware,DE,State House,39,general,Daniel Short,Republican,4562,100.0,True,True
2010,Delaware,DE,State House,40,general,Clifford Lee,Republican,5342,100.0,True,True
2010,Delaware,DE,State House,41,general,John Atkins,Democratic,4865,55.34,True,True
2010,Delaware,DE,State House,41,general,Gregory Hastings,Republican,3926,44.66,False,False
2010,Georgia,GA,State House,1,general,Jay Neal (R) unopposed,Republican,,,True,False
2010,Georgia,GA,State House,2,general,Martin Scott (R) unopposed,Republican,,,True,False
2010,Georgia,GA,State House,3,general,"Tom Weldon, Jr. (R) unopposed",Republican,,,True,False
2010,Georgia,GA,State House,4,general,Roger Williams (R) unopposed,Republican,,,True,False
2010,Georgia,GA,State House,5,general,"John Meadows, III (R) unopposed",Republican,,,True,False
2010,Georgia,GA,State House,6,general,Tom Dickson (R) 77.38% Tommy Patterson (D) 22.62%,Republican,,,True,False
2010,Georgia,GA,State House,7,general,David Ralston (R) unopposed,Republican,,,True,False
2010,Georgia,GA,State House,8,general,Stephen Allison (R) 63.95% Jack Lance (D) 36.05%,Republican,,,True,False
2010,Georgia,GA,State House,9,general,Amos Amerson (R) unopposed,Republican,,,True,False
2010,Georgia,GA,State House,10,general,Rick Austin (R) unopposed,Republican,,,True,False
2010,Georgia,GA,State House,11,general,Barbara Reece (D) unopposed,Democratic,,,True,False
2010,Georgia,GA,State House,12,general,Rick Jasperse (R) 85.94% Jerry Nally (D) 14.06%,Republican,,,True,False
2010,Georgia,GA,State House,13,general,Katie Dempsey (R) 64.64% Bonny Askew (D) 35.36%,Republican,,,True,False
2010,Georgia,GA,State House,14,general,Christian Coomer (R) 78.54% Dan Ledford (D) 21.46%,Republican,,,True,False
2010,Georgia,GA,State House,15,general,Paul Battles (R) unopposed,Republican,,,True,False
2010,Georgia,GA,State House,16,general,Rick Crawford (D) unopposed,Democratic,,,True,False
2010,Georgia,GA,State House,17,general,Howard Maxwell (R) unopposed,Republican,,,True,False
2010,Georgia,GA,State House,18,general,Kevin Cooke (R) unopposed,Republican,,,True,False
2010,Georgia,GA,State House,19,general,Paulette Braddock (R) 65.63% Will Avery (D) 21.46%,Republican,,,True,False
2010,Georgia,GA,State House,20,general,Charlice Byrd (R) 78.93% Lillian Burnaman (D) 21.07%,Republican,,,True,False
2010,Georgia,GA,State House,21,general,Calvin Hill (R) 84.87% Stephanie Webb (D) 15.13%,Republican,,,True,False
2010,Georgia,GA,State House,22,general,Sean Jerguson (R) 79.70% Bill Brown (D) 20.30%,Republican,,,True,False
2010,Georgia,GA,State House,23,general,Mark Hamilton (R) unopposed,Republican,,,True,False
2010,Georgia,GA,State House,24,general,Mike Dudgeon (R) unopposed,Republican,,,True,False
2010,Georgia,GA,State House,25,general,James Mills (R) 84.06% Mike Parker (D) 15.94%,Republican,,,True,False
2010,Georgia,GA,State House,26,general,Carl W. Rogers (R) 71.02% Chad Cobb (D) 28.98%,Republican,,,True,False
2010,Georgia,GA,State House,27,general,Doug Collins (R) unopposed,Republican,,,True,False
2010,Georgia,GA,State House,28,general,Michael Harden (R) 73.95% Chris Irvin (D) 26.05%,Republican,,,True,False
2010,Georgia,GA,State House,29,general,Alan Powell (D) unopposed,Democratic,,,True,False
2010,Georgia,GA,State House,30,general,Tom McCall (R) 75.48% Marilyn Bridges (D) 24.52%,Republican,,,True,False
2010,Georgia,GA,State House,31,general,Tommy Benton (R) unopposed,Republican,,,True,False
2010,Georgia,GA,State House,32,general,Judy Manning (R) 74.14% Kevin Hagler (D) 25.86%,Republican,,,True,False
2010,Georgia,GA,State House,33,general,David Wilkerson (D) unopposed,Democratic,,,True,False
2010,Georgia,GA,State House,34,general,Rich Golick (R) 59.50% Maryline Blackburn (D) 40.49%,Republican,,,True,False
2010,Georgia,GA,State House,35,general,Ed Setzler (R) 64.70% Matthew Adams (D) 35.30%,Republican,,,True,False
2010,Georgia,GA,State House,36,general,Earl Ehrhart (R) unopposed,Republican,,,True,False
2010,Georgia,GA,State House,37,general,Terry Johnson (D) 53.32% Jason Shepherd (R) 46.69%,Democratic,,,True,False
2010,Georgia,GA,State House,38,general,Sam Teasley (R) 56.83% Pat Dooley (D) 43.18%,Democratic,,,True,False
2010,Georgia,GA,State House,39,general,Alisha Thomas Morgan (D) unopposed,Democratic,,,True,False
2010,Georgia,GA,State House,40,general,Stacey Evans (D) 68.51% Scott McDearman (R) 31.49%,Democratic,,,True,False
2010,Georgia,GA,State House,41,general,Sharon Cooper (R) 66.93% Diane Lore (D) 33.07%,Republican,,,True,False
2010,Georgia,GA,State House,42,general,Don Parsons (R) unopposed,Republican,,,True,False
2010,Georgia,GA,State House,43,general,Bobby Franklin (R) unopposed,Republican,,,True,False
2010,Georgia,GA,State House,44,general,Sheila Jones (D) unopposed,Democratic,,,True,False
2010,Georgia,GA,State House,45,general,Matt Dollar (R) 74.83% Ruth Levy (D) 25.17%,Republican,,,True,False
2010,Georgia,GA,State House,46,general,Jan Jones (R) 78.09% Paul Kennedy (D) 21.91%,Republican,,,True,False
2010,Georgia,GA,State House,47,general,Chuck Martin (R) unopposed,Republican,,,True,False
2010,Georgia,GA,State House,48,general,Harry Geisinger (R) unopposed,Republican,,,True,False
2010,Georgia,GA,State House,49,general,Wendell Willard (R) unopposed,Republican,,,True,False
2010,Georgia,GA,State House,50,general,Lynne Riley (R) unopposed,Republican,,,True,False
2010,Georgia,GA,State House,51,general,Tom Rice (R) unopposed,Republican,,,True,False
2010,Georgia,GA,State House,52,general,Joe Wilkinson (R) unopposed,Republican,,,True,False
2010,Georgia,GA,State House,53,general,Elly Dobbs (D) unopposed,Democratic,,,True,False
2010,Georgia,GA,State House,54,general,Ed Lindsey (R) unopposed,Republican,,,True,False
2010,Georgia,GA,State House,55,general,Rashad Taylor (D) unopposed,Democratic,,,True,False
2010,Georgia,GA,State House,56,general,Kathy Ashe (D) unopposed,Democratic,,,True,False
2010,Georgia,GA,State House,57,general,Pat Gardner (D) unopposed,Democratic,,,True,False
2010,Georgia,GA,State House,58,general,Simone Bell (D) unopposed,Democratic,,,True,False
2010,Georgia,GA,State House,59,general,Margaret Kaiser (D) unopposed,Democratic,,,True,False
2010,Georgia,GA,State House,60,general,Gloria Bromell Tinubu (D) unopposed,Democratic,,,True,False
2010,Georgia,GA,State House,61,general,Ralph Long III (D) unopposed,Democratic,,,True,False
2010,Georgia,GA,State House,62,general,Joe Heckstall (D) unopposed,Democratic,,,True,False
2010,Georgia,GA,State House,63,general,"Tyrone Brooks, Sr. (D) unopposed",Democratic,,,True,False
2010,Georgia,GA,State House,64,general,Roger Bruce (D) unopposed,Democratic,,,True,False
2010,Georgia,GA,State House,65,general,Sharon Beasley-Teague (D) unopposed,Democratic,,,True,False
2010,Georgia,GA,State House,66,general,Virgil Fludd (D) unopposed,Democratic,,,True,False
2010,Georgia,GA,State House,67,general,Bill Hembree (R) 58.33% Kimberly Alexander (D) 41.67%,Republican,,,True,False
2010,Georgia,GA,State House,68,general,Tim Bearden (R) unopposed,Republican,,,True,False
2010,Georgia,GA,State House,69,general,Randy Nix (R) unopposed,Republican,,,True,False
2010,Georgia,GA,State House,70,general,Lynn Smith (R) unopposed,Republican,,,True,False
2010,Georgia,GA,State House,71,general,Billy Horne (R) unopposed,Republican,,,True,False
2010,Georgia,GA,State House,72,general,Matt Ramsey (R) unopposed,Republican,,,True,False
2010,Georgia,GA,State House,73,general,John Yates (R) 69.96% Rose Carroll (D) 30.04%,Republican,,,True,False
2010,Georgia,GA,State House,74,general,Roberta Abdul-Salaam (D) unopposed,Democratic,,,True,False
2010,Georgia,GA,State House,75,general,Yasmin Neal (D) unopposed,Democratic,,,True,False
2010,Georgia,GA,State House,76,general,Sandra G. Scott (D) 92.03% Gail Buckner (WI) 7.97%,Democratic,,,True,False
2010,Georgia,GA,State House,77,general,Darryl Jordan (D) 77.75% James Brown (R) 22.25%,Democratic,,,True,False
2010,Georgia,GA,State House,78,general,Glenn Baker (D) unopposed,Democratic,,,True,False
2010,Georgia,GA,State House,79,general,Tom Taylor (R) 67.73% Keith Kaylor (D) 32.27%,Republican,,,True,False
2010,Georgia,GA,State House,80,general,Mike Jacobs (R) 65.96% Sandy Murray (D) 34.04%,Republican,,,True,False
2010,Georgia,GA,State House,81,general,Elena Parent (D) 52.24% Jill Chambers (R) 47.77%,Republican,,,True,False
2010,Georgia,GA,State House,82,general,Scott Holcomb (D) unopposed,Democratic,,,True,False
2010,Georgia,GA,State House,83,general,Mary M. Oliver (D) unopposed,Democratic,,,True,False
2010,Georgia,GA,State House,84,general,Stacey Abrams (D) unopposed,Democratic,,,True,False
2010,Georgia,GA,State House,85,general,Stephanie Stuckey Benfield (D) 87.14% Ken Quarterman (R) 12.86%,Democratic,,,True,False
2010,Georgia,GA,State House,86,general,Karla Drenner (D) unopposed,Democratic,,,True,False
2010,Georgia,GA,State House,87,general,Michele Henson (D) unopposed,Democratic,,,True,False
2010,Georgia,GA,State House,88,general,Billy Mitchell (D) unopposed,Democratic,,,True,False
2010,Georgia,GA,State House,89,general,Coach Williams (D) unopposed,Democratic,,,True,False
2010,Georgia,GA,State House,90,general,Howard Mosby (D) unopposed,Democratic,,,True,False
2010,Georgia,GA,State House,91,general,Rahn Mayo (D) unopposed,Democratic,,,True,False
2010,Georgia,GA,State House,92,general,Pam Stephenson (D) unopposed,Democratic,,,True,False
2010,Georgia,GA,State House,93,general,Dee Dawkins-Haigler (D) unopposed,Democratic,,,True,False
2010,Georgia,GA,State House,94,general,Dar'shun Kendrick (D) 82.86% Steven Conner (R) 17.14%,Democratic,,,True,False
2010,Georgia,GA,State House,95,general,Pam Dickerson (D) 59.24% Rodney Upton (R) 40.76%,Democratic,,,True,False
2010,Georgia,GA,State House,96,general,Pedro R. Marin (D) unopposed,Democratic,,,True,False
2010,Georgia,GA,State House,97,general,"Brooks Coleman, Jr. (R) unopposed",Republican,,,True,False
2010,Georgia,GA,State House,98,general,Josh Clark (R) unopposed,Republican,,,True,False
2010,Georgia,GA,State House,99,general,Hugh Floyd (D) unopposed,Democratic,,,True,False
2010,Georgia,GA,State House,100,general,Brian W. Thomas (D) unopposed,Democratic,,,True,False
2010,Georgia,GA,State House,101,general,Buzz Brockway (R) unopposed,Republican,,,True,False
2010,Georgia,GA,State House,102,general,B.J. Pak (R) 68.57% Porter Deal (D) 31.43%,Republican,,,True,False
2010,Georgia,GA,State House,103,general,David Casas (R) 60.81% Allan Burns (D) 39.19%,Republican,,,True,False
2010,Georgia,GA,State House,104,general,Valerie Clark (R) 53.98% Lee Thompson (D) 46.02%,Democratic,,,True,False
2010,Georgia,GA,State House,105,general,Donna Sheldon (R) unopposed,Republican,,,True,False
2010,Georgia,GA,State House,106,general,Brett Harrell (R) 61.95% Steffini Bethea (D) 38.05%,Republican,,,True,False
2010,Georgia,GA,State House,107,general,Len Walker (R) unopposed,Republican,,,True,False
2010,Georgia,GA,State House,108,general,Terry England (R) 99.81% Kirk Howell (I) .19%,Republican,,,True,False
2010,Georgia,GA,State House,109,general,Steve Davis (R) 54.51% Matt Roberts (D) 45.49%,Republican,,,True,False
2010,Georgia,GA,State House,110,general,Andy Welch (R) 66.41% Rudy Cox (D) 33.59%,Republican,,,True,False
2010,Georgia,GA,State House,111,general,Bruce Williamson (R) unopposed,Republican,,,True,False
2010,Georgia,GA,State House,112,general,Doug Holt (R) unopposed,Republican,,,True,False
2010,Georgia,GA,State House,113,general,Hank Huckaby (R) 72.47% Suzy Compere (D) 27.53%,Republican,,,True,False
2010,Georgia,GA,State House,114,general,Keith Heard (D) unopposed,Democratic,,,True,False
2010,Georgia,GA,State House,115,general,Doug McKillip (D) unopposed,Democratic,,,True,False
2010,Georgia,GA,State House,116,general,Mickey Channell (R) unopposed,Republican,,,True,False
2010,Georgia,GA,State House,117,general,Lee Anderson (R) unopposed,Republican,,,True,False
2010,Georgia,GA,State House,118,general,Ben Harbin (R) unopposed,Republican,,,True,False
2010,Georgia,GA,State House,119,general,Barbara Sims (R) unopposed,Republican,,,True,False
2010,Georgia,GA,State House,120,general,Quincy Murphy (D) unopposed,Democratic,,,True,False
2010,Georgia,GA,State House,121,general,Wayne Howard (D) unopposed,Democratic,,,True,False
2010,Georgia,GA,State House,122,general,Earnie Smith (D) unopposed,Democratic,,,True,False
2010,Georgia,GA,State House,123,general,Gloria Frazier (D) unopposed,Democratic,,,True,False
2010,Georgia,GA,State House,124,general,Sistie Hudson (D) 53.25% Charles Ashfield (R) 46.75%,Democratic,,,True,False
2010,Georgia,GA,State House,125,general,Susan Holmes (R) 64.74% David Gault (D) 35.26%,Republican,,,True,False
2010,Georgia,GA,State House,126,general,David Knight (R) unopposed,Republican,,,True,False
2010,Georgia,GA,State House,127,general,Billy Maddox (R) unopposed,Republican,,,True,False
2010,Georgia,GA,State House,128,general,Carl Von Epps (D) unopposed,Democratic,,,True,False
2010,Georgia,GA,State House,129,general,Kip Smith (R) unopposed,Republican,,,True,False
2010,Georgia,GA,State House,130,general,Debbie Buckner (D) unopposed,Democratic,,,True,False
2010,Georgia,GA,State House,131,general,Richard H. Smith (R) unopposed,Republican,,,True,False
2010,Georgia,GA,State House,132,general,Calvin Smyre (D) unopposed,Democratic,,,True,False
2010,Georgia,GA,State House,133,general,Carolyn Hugley (D) unopposed,Democratic,,,True,False
2010,Georgia,GA,State House,134,general,Mike Cheokas (D) unopposed,Democratic,,,True,False
2010,Georgia,GA,State House,135,general,Lynmore James (D) unopposed,Democratic,,,True,False
2010,Georgia,GA,State House,136,general,Tony Sellier (R) 69.29% Sharon Howard (D) 30.71%,Republican,,,True,False
2010,Georgia,GA,State House,137,general,Allen Peake (R) unopposed,Republican,,,True,False
2010,Georgia,GA,State House,138,general,Nikki Randall (D) unopposed,Democratic,,,True,False
2010,Georgia,GA,State House,139,general,"David Lucas, Sr. (D) unopposed",Democratic,,,True,False
2010,Georgia,GA,State House,140,general,Bubber Epps (D) 55.53% Allen G. Freeman (R) 44.47%,Democratic,,,True,False
2010,Georgia,GA,State House,141,general,Rusty Kidd (I) 57.31% Quentin Howell (D) 42.69%,,,,True,False
2010,Georgia,GA,State House,142,general,Mack Jackson (D) unopposed,Democratic,,,True,False
2010,Georgia,GA,State House,143,general,Matt Hatchett (R) 54.71% Pablo Santamaria (D) 45.29%,Democratic,,,True,False
2010,Georgia,GA,State House,144,general,Jimmy Pruett (R) unopposed,Republican,,,True,False
2010,Georgia,GA,State House,145,general,Willie Talton (R) 57.53% Fenika Miller (D) 42.47%,Republican,,,True,False
2010,Georgia,GA,State House,146,general,Larry O'Neal (R) unopposed,Republican,,,True,False
2010,Georgia,GA,State House,147,general,Buddy Harden (R) unopposed,Republican,,,True,False
2010,Georgia,GA,State House,148,general,Bob Hanner (D) unopposed,Democratic,,,True,False
2010,Georgia,GA,State House,149,general,Gerald Greene (D) unopposed,Democratic,,,True,False
2010,Georgia,GA,State House,150,general,Winfred Dukes (D) 66.52% Karen Kemp (R) 33.48%,Democratic,,,True,False
2010,Georgia,GA,State House,151,general,Carol Fullerton (D) unopposed,Democratic,,,True,False
2010,Georgia,GA,State House,152,general,Ed Rynders (R) unopposed,Republican,,,True,False
2010,Georgia,GA,State House,153,general,Tony McBrayer (R) 61.78% John Tibbetts (D) 38.22%,Republican,,,True,False
2010,Georgia,GA,State House,154,general,Jay Roberts (R) unopposed,Republican,,,True,False
2010,Georgia,GA,State House,155,general,Greg Morris (R) unopposed,Republican,,,True,False
2010,Georgia,GA,State House,156,general,Butch Parrish (R) unopposed,Republican,,,True,False
2010,Georgia,GA,State House,157,general,Jon Burns (R) 67.36% Elizabeth Johnson (D) 32.64%,Republican,,,True,False
2010,Georgia,GA,State House,158,general,Jan Tankersley (R) unopposed,Republican,,,True,False
2010,Georgia,GA,State House,159,general,Ann Purcell (R) 71.93% Tawana Garrett (D) 28.08%,Republican,,,True,False
2010,Georgia,GA,State House,160,general,Bob Bryant (D) 77.70% Joseph Woods (R) 22.30%,Democratic,,,True,False
2010,Georgia,GA,State House,161,general,Mickey Stephens (D) unopposed,Democratic,,,True,False
2010,Georgia,GA,State House,162,general,J. Craig Gordon (D) unopposed,Democratic,,,True,False
2010,Georgia,GA,State House,163,general,Ben Watson (R) 80.18% Jeremy Scheinbart (D) 19.82%,Republican,,,True,False
2010,Georgia,GA,State House,164,general,Ron Stephens (R) 67.71% Zena McClain (D) 32.29%,Republican,,,True,False
2010,Georgia,GA,State House,165,general,Al Williams (D) unopposed,Democratic,,,True,False
2010,Georgia,GA,State House,166,general,Delvis Dutton (R) unopposed,Republican,,,True,False
2010,Georgia,GA,State House,167,general,Roger B. Lane (R) unopposed,Republican,,,True,False
2010,Georgia,GA,State House,168,general,Tommy Smith (R) unopposed,Republican,,,True,False
2010,Georgia,GA,State House,169,general,Chuck Sims (R) unopposed,Republican,,,True,False
2010,Georgia,GA,State House,170,general,Penny Houston (R) unopposed,Republican,,,True,False
2010,Georgia,GA,State House,171,general,Jay Powell (R) 60.51% James Timmons (D) 39.49%,Republican,,,True,False
2010,Georgia,GA,State House,172,general,Gene Maddox (R) 58.26% Marjean Boyd (D) 41.74%,Republican,,,True,False
2010,Georgia,GA,State House,173,general,Darlene Taylor (R) 67.73% Haley Shank (D) 32.27%,Republican,,,True,False
2010,Georgia,GA,State House,174,general,Ellis Black (D) unopposed,Democratic,,,True,False
2010,Georgia,GA,State House,175,general,Amy Carter (D) unopposed,Democratic,,,True,False
2010,Georgia,GA,State House,176,general,Jason Shaw (R) 69.04% Debra Tann (D) 30.96%,Democratic,,,True,False
2010,Georgia,GA,State House,177,general,Mark Hatfield (R) unopposed,Republican,,,True,False
2010,Georgia,GA,State House,178,general,Mark Williams (R) unopposed,Republican,,,True,False
2010,Georgia,GA,State House,179,general,Alex Atwood (R) 61.39% Audrey Stewart (D) 38.61%,Republican,,,True,False
2010,Georgia,GA,State House,180,general,Jason Spencer (R) 69.49% Adell James (D) 30.51%,Republican,,,True,False
2010,Iowa,IA,State House,1,general,Jeremy Taylor,Republican,4645,53.65,True,False
2010,Iowa,IA,State House,1,general,David Dawson,Democratic,4013,46.35,False,False
2010,Iowa,IA,State House,2,general,Chris Hall,Democratic,3438,54.42,True,False
2010,Iowa,IA,State House,2,general,Cate Bryan,Republican,2880,45.58,False,False
2010,Iowa,IA,State House,3,general,Chuck Soderberg,Republican,9052,100.0,True,True
2010,Iowa,IA,State House,4,general,Dwayne Alons,Republican,11272,100.0,True,True
2010,Iowa,IA,State House,5,general,Royd Chambers,Republican,8769,100.0,True,True
2010,Iowa,IA,State House,6,general,Jeff Smith,Republican,8693,100.0,True,True
2010,Iowa,IA,State House,7,general,John Wittneben,Democratic,5140,50.16,True,False
2010,Iowa,IA,State House,7,general,Lannie Miller,Republican,5108,49.84,False,False
2010,Iowa,IA,State House,8,general,Tom W. Shaw,Republican,7304,66.06,True,False
2010,Iowa,IA,State House,8,general,Susan G. Bangert,Democratic,3753,33.94,False,False
2010,Iowa,IA,State House,9,general,Stewart Iverson,Republican,5498,53.38,True,False
2010,Iowa,IA,State House,9,general,McKinley Bailey,Democratic,4801,46.62,False,True
2010,Iowa,IA,State House,10,general,Dave Deyoe,Republican,7803,62.24,True,True
2010,Iowa,IA,State House,10,general,Selden Spencer,Democratic,4734,37.76,False,False
2010,Iowa,IA,State House,11,general,Henry Rayhons,Republican,7286,65.04,True,True
2010,Iowa,IA,State House,11,general,Ann Marie Fairchild,Democratic,3916,34.96,False,False
2010,Iowa,IA,State House,12,general,Linda Upmeyer,Republican,9246,100.0,True,True
2010,Iowa,IA,State House,13,general,Sharon Steckman,Democratic,6235,60.85,True,True
2010,Iowa,IA,State House,13,general,Brian R. Randall,Republican,4011,39.15,False,False
2010,Iowa,IA,State House,14,general,Josh Byrnes,Republican,6696,61.0,True,False
2010,Iowa,IA,State House,14,general,Kurt Meyer,Democratic,4281,39.0,False,False
2010,Iowa,IA,State House,15,general,Brian Quirk,Democratic,5790,54.39,True,True
2010,Iowa,IA,State House,15,general,Michael T. Klimesh,Republican,4856,45.61,False,False
2010,Iowa,IA,State House,16,general,Bob Hager,Republican,5608,51.18,True,False
2010,Iowa,IA,State House,16,general,John W. Beard,Democratic,5349,48.82,False,True
2010,Iowa,IA,State House,17,general,Pat Grassley,Republican,9066,100.0,True,True
2010,Iowa,IA,State House,18,general,Andrew Wenthe,Democratic,5499,50.16,True,True
2010,Iowa,IA,State House,18,general,Roger Arthur,Republican,5463,49.84,False,False
2010,Iowa,IA,State House,19,general,Bob Kressig,Democratic,5577,52.36,True,True
2010,Iowa,IA,State House,19,general,Darin Beck,Republican,5075,47.64,False,False
2010,Iowa,IA,State House,20,general,Walt Rogers,Republican,6997,53.71,True,False
2010,Iowa,IA,State House,20,general,Doris Kelley,Democratic,6031,46.29,False,True
2010,Iowa,IA,State House,21,general,Anesa Kajtazović,Democratic,5539,58.84,True,False
2010,Iowa,IA,State House,21,general,John Rooff,Republican,3875,41.16,False,False
2010,Iowa,IA,State House,22,general,Deborah Berry,Democratic,5776,100.0,True,True
2010,Iowa,IA,State House,23,general,Dan Rasmussen,Republican,5596,50.95,True,False
2010,Iowa,IA,State House,23,general,Gene Ficken,Democratic,5388,49.05,False,True
2010,Iowa,IA,State House,24,general,Roger Thomas,Democratic,5282,50.58,True,True
2010,Iowa,IA,State House,24,general,Michael Breitbach,Republican,5160,49.42,False,False
2010,Iowa,IA,State House,25,general,Brian Moore,Republican,5484,50.64,True,False
2010,Iowa,IA,State House,25,general,Tom Schueller,Democratic,5346,49.36,False,True
2010,Iowa,IA,State House,26,general,Mary Wolfe,Democratic,4800,52.31,True,False
2010,Iowa,IA,State House,26,general,David A. Rose,Republican,4376,47.69,False,False
2010,Iowa,IA,State House,27,general,Charles Isenhart,Democratic,6076,64.14,True,True
2010,Iowa,IA,State House,27,general,Hank Linden,Republican,3397,35.86,False,False
2010,Iowa,IA,State House,28,general,Pat Murphy,Democratic,5188,51.81,True,True
2010,Iowa,IA,State House,28,general,Paul Kern,Republican,4825,48.19,False,False
2010,Iowa,IA,State House,29,general,Nathan Willems,Democratic,7487,52.93,True,True
2010,Iowa,IA,State House,29,general,Shawn Graham,Republican,6658,47.07,False,False
2010,Iowa,IA,State House,30,general,David Jacoby,Democratic,9924,79.49,True,True
2010,Iowa,IA,State House,30,general,Dustin Krutsinger,Libertarian,2560,20.51,False,False
2010,Iowa,IA,State House,31,general,Lee Hein,Republican,6280,53.62,True,False
2010,Iowa,IA,State House,31,general,Ray Zirkelbach,Democratic,5431,46.38,False,True
2010,Iowa,IA,State House,32,general,Steven Lukan,Republican,9919,100.0,True,True
2010,Iowa,IA,State House,33,general,Kirsten Running-Marquardt,Democratic,5364,63.62,True,True
2010,Iowa,IA,State House,33,general,Josh Thurston,Republican,3067,36.38,False,False
2010,Iowa,IA,State House,34,general,Todd Taylor,Democratic,5959,58.39,True,True
2010,Iowa,IA,State House,34,general,Jim Burke,Republican,4246,41.61,False,False
2010,Iowa,IA,State House,35,general,Kraig Paulsen,Republican,10652,100.0,True,True
2010,Iowa,IA,State House,36,general,Nick Wagner,Republican,10574,100.0,True,True
2010,Iowa,IA,State House,37,general,Renee Schulte,Republican,6836,54.26,True,True
2010,Iowa,IA,State House,37,general,Mark J. Seidl,Democratic,5762,45.74,False,False
2010,Iowa,IA,State House,38,general,Tyler Olson,Democratic,7136,83.5,True,True
2010,Iowa,IA,State House,38,general,Jason Marshall,Independent,1410,16.5,False,False
2010,Iowa,IA,State House,39,general,Dawn Pettengill,Republican,8556,100.0,True,True
2010,Iowa,IA,State House,40,general,Lance Horbach,Republican,9004,100.0,True,True
2010,Iowa,IA,State House,41,general,Dan Kelley,Democratic,5869,51.19,True,False
2010,Iowa,IA,State House,41,general,Gabriel Swersie,Republican,5595,48.81,False,False
2010,Iowa,IA,State House,42,general,Kim Pearson,Republican,6975,48.62,True,False
2010,Iowa,IA,State House,42,general,Geri Huser,Democratic,6849,47.74,False,True
2010,Iowa,IA,State House,42,general,Dan Nieland,Independent,522,3.64,False,False
2010,Iowa,IA,State House,43,general,Mark Smith,Democratic,5089,51.53,True,True
2010,Iowa,IA,State House,43,general,Jane A. Jech,Republican,4786,48.47,False,False
2010,Iowa,IA,State House,44,general,Annette Sweeney,Republican,7384,68.16,True,True
2010,Iowa,IA,State House,44,general,Mike Gerhart,Democratic,3449,31.84,False,False
2010,Iowa,IA,State House,45,general,Beth Wessel-Kroeschell,Democratic,4396,56.47,True,True
2010,Iowa,IA,State House,45,general,Karin Sevde,Republican,3389,43.53,False,False
2010,Iowa,IA,State House,46,general,Lisa Heddens,Democratic,8002,56.34,True,True
2010,Iowa,IA,State House,46,general,Chad R. Steenhoek,Republican,5850,41.2,False,False
2010,Iowa,IA,State House,46,general,Tyler Pauly,Libertarian,350,2.46,False,False
2010,Iowa,IA,State House,47,general,Ralph Watts,Republican,13663,67.1,True,True
2010,Iowa,IA,State House,47,general,Roger Huston,Democratic,6699,32.9,False,False
2010,Iowa,IA,State House,48,general,Chip Baltimore,Republican,5384,50.11,True,False
2010,Iowa,IA,State House,48,general,Donovan Olson,Democratic,5361,49.89,False,True
2010,Iowa,IA,State House,49,general,Helen Miller,Democratic,4857,51.84,True,True
2010,Iowa,IA,State House,49,general,Matt Alcazar,Republican,4512,48.16,False,False
2010,Iowa,IA,State House,50,general,Dave Tjepkes,Republican,8293,100.0,True,True
2010,Iowa,IA,State House,51,general,Dan Muhlbauer,Democratic,6410,58.7,True,False
2010,Iowa,IA,State House,51,general,Daniel D. Dirkx,Republican,4510,41.3,False,False
2010,Iowa,IA,State House,52,general,Gary Worthan,Republican,6076,73.64,True,True
2010,Iowa,IA,State House,52,general,Danuta Hutchins,Democratic,2175,26.36,False,False
2010,Iowa,IA,State House,53,general,Dan Huseman,Republican,8902,100.0,True,True
2010,Iowa,IA,State House,54,general,Ron Jorgensen,Republican,6345,66.92,True,False
2010,Iowa,IA,State House,54,general,Carlos Venable-Ridley,Democratic,3136,33.08,False,False
2010,Iowa,IA,State House,55,general,Jason Schultz,Republican,7309,100.0,True,True
2010,Iowa,IA,State House,56,general,Matt Windschitl,Republican,7854,100.0,True,True
2010,Iowa,IA,State House,57,general,Jack Drake,Republican,7817,100.0,True,True
2010,Iowa,IA,State House,58,general,Clel Baudler,Republican,7747,78.82,True,True
2010,Iowa,IA,State House,58,general,Dallas Ford,Independent,2082,21.18,False,False
2010,Iowa,IA,State House,59,general,Chris Hagenow,Republican,7650,58.13,True,True
2010,Iowa,IA,State House,59,general,Andrew McDowell,Democratic,5510,41.87,False,False
2010,Iowa,IA,State House,60,general,Peter Cownie,Republican,7761,64.17,True,True
2010,Iowa,IA,State House,60,general,Alan R. Koslow,Democratic,4333,35.83,False,False
2010,Iowa,IA,State House,61,general,Jo Oldson,Democratic,7943,65.02,True,True
2010,Iowa,IA,State House,61,general,Darlene Blake,Republican,4274,34.98,False,False
2010,Iowa,IA,State House,62,general,Bruce Hunter,Democratic,5661,100.0,True,True
2010,Iowa,IA,State House,63,general,Scott Raecker,Republican,9543,64.61,True,True
2010,Iowa,IA,State House,63,general,John E. Sachs,Democratic,5227,35.39,False,False
2010,Iowa,IA,State House,64,general,Janet Petersen,Democratic,6689,56.66,True,True
2010,Iowa,IA,State House,64,general,Dan Kennedy,Republican,3626,30.72,False,False
2010,Iowa,IA,State House,64,general,Vicki Stogdill,Independent,1490,12.62,False,False
2010,Iowa,IA,State House,65,general,Ruth Ann Gaines,Democratic,4887,67.45,True,False
2010,Iowa,IA,State House,65,general,Gary L. Jordan,Republican,2358,32.55,False,False
2010,Iowa,IA,State House,66,general,Ako Abdul-Samad,Democratic,4646,100.0,True,True
2010,Iowa,IA,State House,67,general,Kevin McCarthy,Democratic,6226,59.87,True,True
2010,Iowa,IA,State House,67,general,Jeremy L. Walters,Republican,4173,40.13,False,False
2010,Iowa,IA,State House,68,general,Rick Olson,Democratic,5747,63.46,True,True
2010,Iowa,IA,State House,68,general,Dave Dicks,Republican,3309,36.54,False,False
2010,Iowa,IA,State House,69,general,Erik Helland,Republican,14681,100.0,True,True
2010,Iowa,IA,State House,70,general,Kevin Koester,Republican,12655,100.0,True,True
2010,Iowa,IA,State House,71,general,Jim Van Engelenhoven,Republican,8285,69.48,True,True
2010,Iowa,IA,State House,71,general,Pat VanZante,Democratic,3640,30.52,False,False
2010,Iowa,IA,State House,72,general,Rich Arnold,Republican,7264,67.31,True,True
2010,Iowa,IA,State House,72,general,Deb Ballalatak,Democratic,3528,32.69,False,False
2010,Iowa,IA,State House,73,general,Julian Garrett,Republican,8826,64.53,True,False
2010,Iowa,IA,State House,73,general,Tim Pierce,Democratic,4851,35.47,False,False
2010,Iowa,IA,State House,74,general,Glen Massie,Republican,7472,53.4,True,False
2010,Iowa,IA,State House,74,general,Scott Ourth,Democratic,6520,46.6,False,False
2010,Iowa,IA,State House,75,general,Guy Vander Linden,Republican,6015,53.05,True,False
2010,Iowa,IA,State House,75,general,Eric Palmer,Democratic,5324,46.95,False,True
2010,Iowa,IA,State House,76,general,Betty De Boef,Republican,7218,65.98,True,True
2010,Iowa,IA,State House,76,general,Nathan Clubb,Democratic,3721,34.02,False,False
2010,Iowa,IA,State House,77,general,Mary Mascher,Democratic,8211,100.0,True,True
2010,Iowa,IA,State House,78,general,Vicki Lensing,Democratic,11364,100.0,True,True
2010,Iowa,IA,State House,79,general,Jeff Kaufmann,Republican,7582,72.52,True,True
2010,Iowa,IA,State House,79,general,John Archer,Democratic,2873,27.48,False,False
2010,Iowa,IA,State House,80,general,Mark Lofgren,Republican,5458,57.62,True,False
2010,Iowa,IA,State House,80,general,Nathan Reichert,Democratic,4014,42.38,False,True
2010,Iowa,IA,State House,81,general,Phyllis Thede,Democratic,5397,51.1,True,True
2010,Iowa,IA,State House,81,general,Carla Batchelor,Republican,5164,48.9,False,False
2010,Iowa,IA,State House,82,general,Linda Miller,Republican,9609,100.0,True,True
2010,Iowa,IA,State House,83,general,Steven Olson,Republican,9224,100.0,True,True
2010,Iowa,IA,State House,84,general,Ross Paustian,Republican,6259,57.21,True,False
2010,Iowa,IA,State House,84,general,Sheri L. Carnahan,Democratic,4682,42.79,False,False
2010,Iowa,IA,State House,85,general,Jim Lykam,Democratic,6826,100.0,True,False
2010,Iowa,IA,State House,86,general,Cindy Winckler,Democratic,3342,54.74,True,True
2010,Iowa,IA,State House,86,general,Ray Ambrose,Republican,2763,45.26,False,False
2010,Iowa,IA,State House,87,general,Tom Sands,Republican,7163,100.0,True,True
2010,Iowa,IA,State House,88,general,Dennis Cohoon,Democratic,5702,58.64,True,True
2010,Iowa,IA,State House,88,general,Dave Selmon,Republican,4022,41.36,False,False
2010,Iowa,IA,State House,89,general,Jarad Klein,Republican,6339,53.88,True,False
2010,Iowa,IA,State House,89,general,Larry Marek,Democratic,5121,43.53,False,True
2010,Iowa,IA,State House,89,general,David Arthur Smithers,Green,305,2.59,False,False
2010,Iowa,IA,State House,90,general,Curt Hanson,Democratic,6183,54.67,True,True
2010,Iowa,IA,State House,90,general,Stephen Burgmeier,Republican,5126,45.33,False,False
2010,Iowa,IA,State House,91,general,Dave Heaton,Republican,6642,67.66,True,True
2010,Iowa,IA,State House,91,general,Ron Fedler,Democratic,3175,32.34,False,False
2010,Iowa,IA,State House,92,general,Jerry Kearns,Democratic,4955,57.47,True,True
2010,Iowa,IA,State House,92,general,Richard Gates,Republican,3667,42.53,False,False
2010,Iowa,IA,State House,93,general,Mary Gaskill,Democratic,5350,57.51,True,True
2010,Iowa,IA,State House,93,general,Jane Hodoly,Republican,3952,42.49,False,False
2010,Iowa,IA,State House,94,general,Kurt Swaim,Democratic,5021,50.38,True,True
2010,Iowa,IA,State House,94,general,James F. Johnson,Republican,4945,49.62,False,False
2010,Iowa,IA,State House,95,general,Joel Fry,Republican,6191,56.67,True,False
2010,Iowa,IA,State House,95,general,Mike Reasoner,Democratic,4732,43.32,False,True
2010,Iowa,IA,State House,96,general,Cecil Dolecheck,Republican,8627,100.0,True,True
2010,Iowa,IA,State House,97,general,Rich Anderson,Republican,7363,100.0,True,True
2010,Iowa,IA,State House,98,general,Greg Forristall,Republican,9498,100.0,True,True
2010,Iowa,IA,State House,99,general,Mary Ann Hanusa,Republican,3919,55.3,True,False
2010,Iowa,IA,State House,99,general,Kurt Hubler,Democratic,3168,44.7,False,False
2010,Iowa,IA,State House,100,general,Mark Brandenburg,Republican,3699,52.95,True,False
2010,Iowa,IA,State House,100,general,Paul Shomshor,Democratic,3287,47.05,False,True
2010,Maryland,MD,State House,1A,general,Wendell R. Beitzel,Republican,8866,72.6,True,True
2010,Maryland,MD,State House,1A,general,"James R. ""Smokey"" Stanton",Democratic,3333,27.3,False,False
2010,Maryland,MD,State House,1B,general,Kevin Kelly,Democratic,6226,51.3,True,True
2010,Maryland,MD,State House,1B,general,Mary Beth Pirolozzi,Republican,5908,48.6,False,False
2010,Maryland,MD,State House,1C,general,LeRoy E. Myers Jr.,Republican,7554,69.7,True,True
2010,Maryland,MD,State House,1C,general,Ronald Lohr,Democratic,3267,30.1,False,False
2010,Maryland,MD,State House,2A,general,Andrew A. Serafini,Republican,9754,71.0,True,True
2010,Maryland,MD,State House,2A,general,Neil Becker,Democratic,3957,28.8,False,False
2010,Maryland,MD,State House,2B,general,Neil Parrott,Republican,7663,61.8,True,False
2010,Maryland,MD,State House,2B,general,Brien Poffenberger,Democratic,4718,38.0,False,False
2010,Maryland,MD,State House,2C,general,John P. Donoghue,Democratic,4426,52.7,True,True
2010,Maryland,MD,State House,2C,general,Cort Frederick Meinelschmidt,Republican,3936,46.9,False,False
2010,Maryland,MD,State House,3A,general,Galen R. Clagett,Democratic,13341,27.5,True,True
2010,Maryland,MD,State House,3A,general,Patrick N. Hogan,Republican,12617,26.0,True,False
2010,Maryland,MD,State House,3A,general,Scott Rolle,Republican,11312,23.3,False,False
2010,Maryland,MD,State House,3A,general,Candy O. Greenway,Democratic,11203,23.1,False,False
2010,Maryland,MD,State House,3B,general,Michael Hough,Republican,10090,57.4,True,False
2010,Maryland,MD,State House,3B,general,Paul Gilligan,Democratic,7444,42.4,False,False
2010,Maryland,MD,State House,4A,general,Kelly Schulz,Republican,16952,32.2,True,False
2010,Maryland,MD,State House,4A,general,Kathy Afzali,Republican,16683,31.7,True,False
2010,Maryland,MD,State House,4A,general,Ryan P. Trout,Democratic,9678,18.4,False,False
2010,Maryland,MD,State House,4A,general,Bonita Riffle Currey,Democratic,6993,13.3,False,False
2010,Maryland,MD,State House,4A,general,Scott L. Guenthner,Independent,2150,4.1,False,False
2010,Maryland,MD,State House,4B,general,Donald B. Elliott,Republican,11409,74.9,True,True
2010,Maryland,MD,State House,4B,general,Timothy Schlauch,Democratic,3814,25.0,False,False
2010,Maryland,MD,State House,5A,general,Justin Ready,Republican,21226,38.4,True,False
2010,Maryland,MD,State House,5A,general,Nancy R. Stocksdale,Republican,19046,34.4,True,True
2010,Maryland,MD,State House,5A,general,Francis X. Walsh,Democratic,7688,13.9,False,False
2010,Maryland,MD,State House,5A,general,Sharon L. Baker,Democratic,7250,13.1,False,False
2010,Maryland,MD,State House,5B,general,Wade Kach,Republican,13933,70.8,True,True
2010,Maryland,MD,State House,5B,general,Pete Definbaugh,Democratic,4881,24.8,False,False
2010,Maryland,MD,State House,5B,general,M. Justin Kinsey,Libertarian,863,4.4,False,False
2010,Maryland,MD,State House,6,general,Johnny Olszewski,Democratic,16278,20.2,True,True
2010,Maryland,MD,State House,6,general,Michael H. Weir Jr.,Democratic,14618,18.2,True,True
2010,Maryland,MD,State House,6,general,Joseph J. Minnick,Democratic,14405,17.9,True,True
2010,Maryland,MD,State House,6,general,Robert B. Long,Republican,12999,16.2,False,False
2010,Maryland,MD,State House,6,general,Ric Metzgar,Republican,12480,15.5,False,False
2010,Maryland,MD,State House,6,general,Carlton William Clendaniel,Republican,9612,11.9,False,False
2010,Maryland,MD,State House,7,general,Pat McDonough,Republican,27217,23.1,True,True
2010,Maryland,MD,State House,7,general,Rick Impallaria,Republican,25450,21.6,True,True
2010,Maryland,MD,State House,7,general,Kathy Szeliga,Republican,24573,20.9,True,False
2010,Maryland,MD,State House,7,general,Jeff Beard,Democratic,14885,12.6,False,False
2010,Maryland,MD,State House,7,general,Kristina A. Sargent,Democratic,13551,11.5,False,False
2010,Maryland,MD,State House,7,general,James Ward Morrow,Democratic,11960,10.2,False,False
2010,Maryland,MD,State House,8,general,Joseph C. Boteler III,Republican,21688,19.4,True,True
2010,Maryland,MD,State House,8,general,John W. E. Cluster Jr.,Republican,19462,17.4,True,False
2010,Maryland,MD,State House,8,general,Eric Bromwell,Democratic,19379,17.3,True,True
2010,Maryland,MD,State House,8,general,Ruth Baisden,Democratic,18640,16.7,False,False
2010,Maryland,MD,State House,8,general,Norma M. Secoura,Republican,16458,14.7,False,False
2010,Maryland,MD,State House,8,general,Cal Bowman,Democratic,16101,14.4,False,False
2010,Maryland,MD,State House,9A,general,Gail H. Bates,Republican,21709,30.6,True,True
2010,Maryland,MD,State House,9A,general,Warren E. Miller,Republican,19911,28.0,True,True
2010,Maryland,MD,State House,9A,general,Maryann Maher,Democratic,15264,21.5,False,False
2010,Maryland,MD,State House,9A,general,Jonathan Weinstein,Democratic,14110,19.9,False,False
2010,Maryland,MD,State House,9B,general,Susan W. Krebs,Republican,12488,73.5,True,True
2010,Maryland,MD,State House,9B,general,Anita Lombardi Riley,Democratic,4442,26.2,False,False
2010,Maryland,MD,State House,10,general,Emmett C. Burns Jr.,Democratic,31513,31.6,True,True
2010,Maryland,MD,State House,10,general,Shirley Nathan-Pulliam,Democratic,31399,31.5,True,True
2010,Maryland,MD,State House,10,general,Adrienne A. Jones,Democratic,29719,29.8,True,True
2010,Maryland,MD,State House,10,general,Jeanne L. Turnock,Republican,6837,6.9,False,False
2010,Maryland,MD,State House,11,general,Jon S. Cardin,Democratic,32211,24.3,True,True
2010,Maryland,MD,State House,11,general,Dan K. Morhaim,Democratic,28129,21.2,True,True
2010,Maryland,MD,State House,11,general,Dana Stein,Democratic,28034,21.2,True,True
2010,Maryland,MD,State House,11,general,J. Michael Collins,Republican,13971,10.6,False,False
2010,Maryland,MD,State House,11,general,Carol C. Byrd,Republican,13952,10.5,False,False
2010,Maryland,MD,State House,11,general,Steven J. Smith,Republican,13647,10.3,False,False
2010,Maryland,MD,State House,11,general,Brandon Brooks,Libertarian,2341,1.8,False,False
2010,Maryland,MD,State House,12A,general,James E. Malone Jr.,Democratic,14109,28.3,True,True
2010,Maryland,MD,State House,12A,general,Steven J. DeBoy Sr.,Democratic,13011,26.1,True,True
2010,Maryland,MD,State House,12A,general,"Joseph D.""Joe"" Hooe",Republican,12327,24.7,False,False
2010,Maryland,MD,State House,12A,general,Albert L. Nalley,Republican,10453,20.9,False,False
2010,Maryland,MD,State House,12B,general,Elizabeth Bobo,Democratic,11164,71.6,True,True
2010,Maryland,MD,State House,12B,general,Robert W. Wheatley,Republican,4421,28.4,False,False
2010,Maryland,MD,State House,13,general,Guy Guzzone,Democratic,27140,21.9,True,True
2010,Maryland,MD,State House,13,general,Shane Pendergrass,Democratic,25894,20.9,True,True
2010,Maryland,MD,State House,13,general,Frank S. Turner,Democratic,24823,20.1,True,True
2010,Maryland,MD,State House,13,general,Ed Priola,Republican,16225,13.1,False,False
2010,Maryland,MD,State House,13,general,Loretta Gaffney,Republican,14844,12.0,False,False
2010,Maryland,MD,State House,13,general,Jeff Robinson,Republican,14680,11.9,False,False
2010,Maryland,MD,State House,14,general,Anne Kaiser,Democratic,23503,21.5,True,True
2010,Maryland,MD,State House,14,general,Craig Zucker,Democratic,22148,20.2,True,False
2010,Maryland,MD,State House,14,general,Eric Luedtke,Democratic,21165,19.3,True,False
2010,Maryland,MD,State House,14,general,Patricia A. Fenati,Republican,14866,13.6,False,False
2010,Maryland,MD,State House,14,general,Henry Kahwaty,Republican,14152,12.9,False,False
2010,Maryland,MD,State House,14,general,Maria Peña-Faustino,Republican,13639,12.4,False,False
2010,Maryland,MD,State House,15,general,Kathleen Dumais,Democratic,23476,20.7,True,True
2010,Maryland,MD,State House,15,general,Brian J. Feldman,Democratic,23120,20.4,True,True
2010,Maryland,MD,State House,15,general,Aruna Miller,Democratic,21353,18.9,True,False
2010,Maryland,MD,State House,15,general,Scott Graham,Republican,15298,13.5,False,False
2010,Maryland,MD,State House,15,general,Sylvia J. Darrow,Republican,14490,12.8,False,False
2010,Maryland,MD,State House,15,general,Matthew Mockerman,Republican,13477,11.9,False,False
2010,Maryland,MD,State House,15,general,Arvin Vohra,Libertarian,1910,1.7,False,False
2010,Maryland,MD,State House,16,general,William Frick,Democratic,29813,24.3,True,True
2010,Maryland,MD,State House,16,general,Susan C. Lee,Democratic,28768,23.4,True,True
2010,Maryland,MD,State House,16,general,Ariana Kelly,Democratic,28341,23.1,True,False
2010,Maryland,MD,State House,16,general,Jeanne Allen,Republican,13553,11.0,False,False
2010,Maryland,MD,State House,16,general,Carol G. Bowis,Republican,11619,9.5,False,False
2010,Maryland,MD,State House,16,general,Meyer F. Marks,Republican,10678,8.7,False,False
2010,Maryland,MD,State House,17,general,Kumar P. Barve,Democratic,20720,22.9,True,True
2010,Maryland,MD,State House,17,general,James W. Gilchrist,Democratic,20704,22.9,True,True
2010,Maryland,MD,State House,17,general,Luiz R. S. Simmons,Democratic,20469,22.7,True,True
2010,Maryland,MD,State House,17,general,Daniel R. Campos,Republican,10646,11.8,False,False
2010,Maryland,MD,State House,17,general,Craig Frick,Republican,8945,9.9,False,False
2010,Maryland,MD,State House,17,general,Josephine J. Wang,Republican,8736,9.7,False,False
2010,Maryland,MD,State House,18,general,Al Carr,Democratic,26313,34.0,True,True
2010,Maryland,MD,State House,18,general,Ana Sol Gutierrez,Democratic,25545,33.0,True,True
2010,Maryland,MD,State House,18,general,Jeff Waldstreicher,Democratic,24822,32.0,True,True
2010,Maryland,MD,State House,19,general,Benjamin F. Kramer,Democratic,23526,25.8,True,True
2010,Maryland,MD,State House,19,general,Sam Arora,Democratic,22242,24.4,True,False
2010,Maryland,MD,State House,19,general,Bonnie Cullison,Democratic,21795,23.9,True,False
2010,Maryland,MD,State House,19,general,Linn Rivera,Republican,11929,13.1,False,False
2010,Maryland,MD,State House,19,general,Tom Masser,Republican,11362,12.5,False,False
2010,Maryland,MD,State House,20,general,Sheila E. Hixson,Democratic,23782,34.4,True,True
2010,Maryland,MD,State House,20,general,Heather Mizeur,Democratic,22532,32.6,True,True
2010,Maryland,MD,State House,20,general,Tom Hucker,Democratic,22434,32.4,True,True
2010,Maryland,MD,State House,21,general,Ben Barnes,Democratic,18954,25.2,True,True
2010,Maryland,MD,State House,21,general,Barbara A. Frush,Democratic,18689,24.8,True,True
2010,Maryland,MD,State House,21,general,Joseline Peña-Melnyk,Democratic,18457,24.5,True,True
2010,Maryland,MD,State House,21,general,Scott W. Dibiasio,Republican,6131,8.1,False,False
2010,Maryland,MD,State House,21,general,Jason W. Papanikolas,Republican,6013,8.0,False,False
2010,Maryland,MD,State House,21,general,Kat Nelson,Republican,5822,7.7,False,False
2010,Maryland,MD,State House,21,general,K. Bryan Walker,Libertarian,1151,1.5,False,False
2010,Maryland,MD,State House,22,general,Tawanna P. Gaines,Democratic,18550,34.7,True,True
2010,Maryland,MD,State House,22,general,Justin Ross,Democratic,17399,32.5,True,True
2010,Maryland,MD,State House,22,general,Anne Healey,Democratic,17302,32.4,True,True
2010,Maryland,MD,State House,23A,general,Geraldine Valentino-Smith,Democratic,19238,43.5,True,False
2010,Maryland,MD,State House,23A,general,James W. Hubbard,Democratic,18999,43.0,True,True
2010,Maryland,MD,State House,23A,general,Margaret I. Moodie,Republican,5913,13.4,False,False
2010,Maryland,MD,State House,23B,general,Marvin E. Holmes Jr.,Democratic,15376,99.6,True,True
2010,Maryland,MD,State House,24,general,Tiffany T. Alston,Democratic,22970,34.3,True,False
2010,Maryland,MD,State House,24,general,Carolyn J. B. Howard,Democratic,22083,33.0,True,True
2010,Maryland,MD,State House,24,general,Michael L. Vaughn,Democratic,21832,32.6,True,True
2010,Maryland,MD,State House,25,general,Aisha Braveboy,Democratic,27804,35.3,True,True
2010,Maryland,MD,State House,25,general,Dereck E. Davis,Democratic,25723,32.6,True,True
2010,Maryland,MD,State House,25,general,Melony G. Griffith,Democratic,25095,31.8,True,True
2010,Maryland,MD,State House,26,general,Veronica L. Turner,Democratic,27770,35.0,True,True
2010,Maryland,MD,State House,26,general,Jay Walker,Democratic,24328,30.7,True,True
2010,Maryland,MD,State House,26,general,Kris Valderrama,Democratic,24141,30.5,True,True
2010,Maryland,MD,State House,26,general,Holly Ellison Henderson,Republican,2916,3.7,False,False
2010,Maryland,MD,State House,27A,general,James E. Proctor Jr.,Democratic,25487,43.4,True,True
2010,Maryland,MD,State House,27A,general,Joseph F. Vallario Jr.,Democratic,22627,38.5,True,True
2010,Maryland,MD,State House,27A,general,Mike Hethmon,Republican,5442,9.3,False,False
2010,Maryland,MD,State House,27A,general,"Antoinette ""Toni"" Jarboe-Duley",Republican,5123,8.7,False,False
2010,Maryland,MD,State House,27B,general,Mark N. Fisher,Republican,8141,52.6,True,False
2010,Maryland,MD,State House,27B,general,Sue Kullen,Democratic,7336,47.4,False,True
2010,Maryland,MD,State House,28,general,Sally Y. Jameson,Democratic,28092,23.6,True,True
2010,Maryland,MD,State House,28,general,Peter Murphy,Democratic,26006,21.9,True,True
2010,Maryland,MD,State House,28,general,C. T. Wilson,Democratic,23619,19.9,True,False
2010,Maryland,MD,State House,28,general,Kirk W. Bowie,Republican,14577,12.3,False,False
2010,Maryland,MD,State House,28,general,Mike Phillips,Republican,13750,11.6,False,False
2010,Maryland,MD,State House,28,general,Daniel D. Richards,Republican,12844,10.8,False,False
2010,Maryland,MD,State House,29A,general,John F. Wood Jr.,Democratic,7379,50.9,True,True
2010,Maryland,MD,State House,29A,general,Matt Morgan,Republican,7096,49.0,False,False
2010,Maryland,MD,State House,29B,general,John L. Bohanan Jr.,Democratic,7654,52.4,True,True
2010,Maryland,MD,State House,29B,general,Erik Anderson,Republican,6946,47.5,False,False
2010,Maryland,MD,State House,29C,general,Tony O'Donnell,Republican,8009,56.8,True,True
2010,Maryland,MD,State House,29C,general,Chris Davies,Democratic,5610,39.8,False,False
2010,Maryland,MD,State House,29C,general,Shawn P. Quinn,Libertarian,474,3.4,False,False
2010,Maryland,MD,State House,30,general,Ron George,Republican,25631,19.2,True,True
2010,Maryland,MD,State House,30,general,Michael E. Busch,Democratic,23995,18.0,True,True
2010,Maryland,MD,State House,30,general,Herbert H. McMillan,Republican,22553,16.9,True,False
2010,Maryland,MD,State House,30,general,Virginia P. Clagett,Democratic,21142,15.9,False,True
2010,Maryland,MD,State House,30,general,Seth A. Howard,Republican,20080,15.1,False,False
2010,Maryland,MD,State House,30,general,Judd Legum,Democratic,19670,14.8,False,False
2010,Maryland,MD,State House,31,general,Nic Kipke,Republican,24143,22.0,True,True
2010,Maryland,MD,State House,31,general,Steve Schuh,Republican,22805,20.7,True,True
2010,Maryland,MD,State House,31,general,Don H. Dwyer Jr.,Republican,22452,20.4,True,True
2010,Maryland,MD,State House,31,general,Jeremiah Chiappelli,Democratic,12943,11.8,False,False
2010,Maryland,MD,State House,31,general,Justin M. Towles,Democratic,11968,10.9,False,False
2010,Maryland,MD,State House,31,general,Robert L. Eckert,Democratic,11856,10.8,False,False
2010,Maryland,MD,State House,31,general,Joshua Matthew Crandall,Libertarian,2015,1.8,False,False
2010,Maryland,MD,State House,31,general,Cory Faust Sr.,Constitution,1660,1.5,False,False
2010,Maryland,MD,State House,32,general,Pamela Beidle,Democratic,20409,19.0,True,True
2010,Maryland,MD,State House,32,general,Theodore J. Sophocleus,Democratic,18947,17.7,True,True
2010,Maryland,MD,State House,32,general,Mary Ann Love,Democratic,18830,17.6,True,True
2010,Maryland,MD,State House,32,general,Stephanie A. Hodges,Republican,17477,16.3,False,False
2010,Maryland,MD,State House,32,general,Wayne Smith,Republican,16865,15.7,False,False
2010,Maryland,MD,State House,32,general,David P. Starr,Republican,14582,13.6,False,False
2010,Maryland,MD,State House,33A,general,Cathy Vitale,Republican,24046,41.7,True,False
2010,Maryland,MD,State House,33A,general,Tony McConkey,Republican,18612,32.3,True,True
2010,Maryland,MD,State House,33A,general,Madonna Brennan,Democratic,14818,25.7,False,False
2010,Maryland,MD,State House,33B,general,Robert A. Costa,Republican,14625,98.8,True,True
2010,Maryland,MD,State House,34A,general,Mary-Dulany James,Democratic,12639,29.2,True,True
2010,Maryland,MD,State House,34A,general,Glen Glass,Republican,10931,25.3,True,False
2010,Maryland,MD,State House,34A,general,Patrick McGrady,Republican,9889,22.9,False,False
2010,Maryland,MD,State House,34A,general,Marla Posey-Moss,Democratic,9745,22.5,False,False
2010,Maryland,MD,State House,34B,general,David D. Rudolph,Democratic,7097,48.7,True,True
2010,Maryland,MD,State House,34B,general,Theodore A. Patterson,Republican,6700,46.0,False,False
2010,Maryland,MD,State House,34B,general,Michael W. Dawson,Constitution,773,5.3,False,False
2010,Maryland,MD,State House,35A,general,Donna Stifler,Republican,24058,38.0,True,True
2010,Maryland,MD,State House,35A,general,H. Wayne Norman Jr.,Republican,23819,37.6,True,True
2010,Maryland,MD,State House,35A,general,John W. Jones,Democratic,8502,13.4,False,False
2010,Maryland,MD,State House,35A,general,Joseph J. Gutierrez,Democratic,6867,10.8,False,False
2010,Maryland,MD,State House,35B,general,Susan K. McComas,Republican,12817,72.3,True,False
2010,Maryland,MD,State House,35B,general,John Janowich,Democratic,4884,27.6,False,False
2010,Maryland,MD,State House,36,general,Steve Hershey (Queen Anne's),Republican,32364,26.9,True,False
2010,Maryland,MD,State House,36,general,Jay A. Jacobs (Kent),Republican,26979,22.4,True,False
2010,Maryland,MD,State House,36,general,"Michael D. Smigiel Sr. (Cecil, incumbent)",Republican,26295,21.8,True,False
2010,Maryland,MD,State House,36,general,William C. Manlove (Cecil),Democratic,17453,14.5,False,False
2010,Maryland,MD,State House,36,general,Arthur Hock (Kent),Democratic,16472,13.7,False,False
2010,Maryland,MD,State House,37A,general,Rudolph C. Cane,Democratic,6604,63.2,True,True
2010,Maryland,MD,State House,37A,general,Dustin Mills,Republican,3828,36.7,False,False
2010,Maryland,MD,State House,37B,general,Adelaide C. Eckardt,Republican,23106,41.3,True,True
2010,Maryland,MD,State House,37B,general,Jeannie Haddaway-Riccio,Republican,22309,39.9,True,True
2010,Maryland,MD,State House,37B,general,Patrice L. Stanley,Democratic,10476,18.7,False,False
2010,Maryland,MD,State House,38A,general,Charles J. Otto,Republican,8714,62.1,True,False
2010,Maryland,MD,State House,38A,general,Michael K. McCready,Democratic,5293,37.7,False,False
2010,Maryland,MD,State House,38B,general,Norman Conway,Democratic,16248,29.1,True,True
2010,Maryland,MD,State House,38B,general,Mike McDermott,Republican,15297,27.4,True,False
2010,Maryland,MD,State House,38B,general,Marty Pusey,Republican,13794,24.7,False,False
2010,Maryland,MD,State House,38B,general,Gee Williams,Democratic,10459,18.7,False,False
2010,Maryland,MD,State House,39,general,Charles E. Barkley,Democratic,18060,23.5,True,True
2010,Maryland,MD,State House,39,general,Kirill Reznik,Democratic,16199,21.1,True,True
2010,Maryland,MD,State House,39,general,Shane Robinson,Democratic,15961,20.8,True,False
2010,Maryland,MD,State House,39,general,Jim Pettit,Republican,9695,12.6,False,False
2010,Maryland,MD,State House,39,general,Bill Witham,Republican,8482,11.1,False,False
2010,Maryland,MD,State House,39,general,Al Phillips,Republican,8240,10.7,False,False
2010,Maryland,MD,State House,40,general,Frank M. Conaway Jr.,Democratic,19028,37.5,True,True
2010,Maryland,MD,State House,40,general,Barbara A. Robinson,Democratic,15988,31.5,True,True
2010,Maryland,MD,State House,40,general,Shawn Z. Tarrant,Democratic,15378,30.3,True,True
2010,Maryland,MD,State House,41,general,Jill P. Carter,Democratic,24985,33.5,True,True
2010,Maryland,MD,State House,41,general,Samuel I. Rosenberg,Democratic,22654,30.4,True,True
2010,Maryland,MD,State House,41,general,Nathaniel T. Oaks,Democratic,21931,29.4,True,True
2010,Maryland,MD,State House,41,general,Mark Ehrlichmann,Republican,4723,6.3,False,False
2010,Maryland,MD,State House,42,general,Susan L. M. Aumann,Republican,21540,18.9,True,True
2010,Maryland,MD,State House,42,general,William J. Frank,Republican,19797,17.4,True,True
2010,Maryland,MD,State House,42,general,Stephen W. Lafferty,Democratic,19503,17.1,True,True
2010,Maryland,MD,State House,42,general,Lori Albin,Democratic,18036,15.9,False,False
2010,Maryland,MD,State House,42,general,John C. Fiastro Jr.,Republican,17974,15.8,False,False
2010,Maryland,MD,State House,42,general,Oz Bengur,Democratic,16859,14.8,False,False
2010,Maryland,MD,State House,43,general,Curt Anderson,Democratic,24831,35.1,True,True
2010,Maryland,MD,State House,43,general,Maggie McIntosh,Democratic,23266,32.9,True,True
2010,Maryland,MD,State House,43,general,Mary L. Washington,Democratic,22334,31.6,True,False
2010,Maryland,MD,State House,44,general,Keiffer Mitchell Jr.,Democratic,15068,32.0,True,False
2010,Maryland,MD,State House,44,general,Keith E. Haynes,Democratic,14879,31.6,True,True
2010,Maryland,MD,State House,44,general,Melvin L. Stukes,Democratic,13994,29.7,True,True
2010,Maryland,MD,State House,44,general,Brian D. Jones,Republican,1837,3.9,False,False
2010,Maryland,MD,State House,44,general,Trae Lewis,Republican,1224,2.6,False,False
2010,Maryland,MD,State House,45,general,Talmadge Branch,Democratic,18676,30.0,True,True
2010,Maryland,MD,State House,45,general,Cheryl Glenn,Democratic,18232,29.3,True,True
2010,Maryland,MD,State House,45,general,Hattie N. Harrison,Democratic,17564,28.2,True,True
2010,Maryland,MD,State House,45,general,Rick Saffery,Republican,2799,4.5,False,False
2010,Maryland,MD,State House,45,general,"Larry O. Wardlow, Jr.",Republican,2622,4.2,False,False
2010,Maryland,MD,State House,45,general,Ronald M. Owens-Bey,Libertarian,2309,3.7,False,False
2010,Maryland,MD,State House,46,general,Peter A. Hammen,Democratic,15367,29.6,True,True
2010,Maryland,MD,State House,46,general,Brian K. McHale,Democratic,14871,28.6,True,True
2010,Maryland,MD,State House,46,general,Luke Clippinger,Democratic,14159,27.3,True,False
2010,Maryland,MD,State House,46,general,Roger Bedingfield,Republican,7338,14.1,False,False
2010,Maryland,MD,State House,47,general,Jolene Ivey,Democratic,14404,35.4,True,True
2010,Maryland,MD,State House,47,general,Michael G. Summers,Democratic,12337,30.3,True,False
2010,Maryland,MD,State House,47,general,Doyle Niemann,Democratic,11925,29.3,True,True
2010,Maryland,MD,State House,47,general,Rachel Audi,Republican,1853,4.6,False,False
2010,Michigan,MI,State House,1,general,Tim Bledsoe,Democratic,17131,52.96,True,True
2010,Michigan,MI,State House,1,general,Janice DuMouchelle,Republican,15215,47.04,False,False
2010,Michigan,MI,State House,2,general,Lisa Howze,Democratic,11320,96.12,True,False
2010,Michigan,MI,State House,2,general,Damian Mitchell,Republican,457,3.88,False,False
2010,Michigan,MI,State House,3,general,Alberta Tinsley-Talabi,Democratic,13162,93.97,True,False
2010,Michigan,MI,State House,3,general,Daniel Lamar,Republican,523,3.73,False,False
2010,Michigan,MI,State House,3,general,Fred Vitale,Green,322,2.3,False,False
2010,Michigan,MI,State House,4,general,Maureen Stapleton,Democratic,15561,94.89,True,False
2010,Michigan,MI,State House,4,general,Lillian Smith,Republican,547,3.34,False,False
2010,Michigan,MI,State House,4,general,Danetta Simpson,Independent (politician),291,1.77,False,False
2010,Michigan,MI,State House,5,general,John Olumba,Democratic,11567,89.85,True,False
2010,Michigan,MI,State House,5,general,Jermain Lee Jones,Republican,771,5.99,False,False
2010,Michigan,MI,State House,5,general,Alim Muhammad,Independent (politician),536,4.16,False,False
2010,Michigan,MI,State House,6,general,Fred Durhal,Democratic,14194,96.49,True,True
2010,Michigan,MI,State House,6,general,Robert Midgett,Republican,516,3.51,False,False
2010,Michigan,MI,State House,7,general,Jimmy Womack,Democratic,16676,95.12,True,True
2010,Michigan,MI,State House,7,general,Debra Duren,Republican,511,2.91,False,False
2010,Michigan,MI,State House,7,general,Derek Grigsby,Green,345,1.97,False,False
2010,Michigan,MI,State House,8,general,Thomas Stallworth,Democratic,22790,97.46,True,False
2010,Michigan,MI,State House,8,general,Keith Franklin,Republican,595,2.54,False,False
2010,Michigan,MI,State House,9,general,Shanelle Jackson,Democratic,19063,95.0,True,True
2010,Michigan,MI,State House,9,general,David Porter,Republican,683,3.4,False,False
2010,Michigan,MI,State House,9,general,Kenneth Haney,Independent (politician),187,0.93,False,False
2010,Michigan,MI,State House,9,general,D'Artagnan Collier,Independent (politician),134,0.67,False,False
2010,Michigan,MI,State House,10,general,Harvey Santana,Democratic,14000,93.99,True,False
2010,Michigan,MI,State House,10,general,Jasmine Ford,Republican,895,6.01,False,False
2010,Michigan,MI,State House,11,general,David Nathan,Democratic,16272,97.08,True,True
2010,Michigan,MI,State House,11,general,Leonard Mier,Republican,489,2.92,False,False
2010,Michigan,MI,State House,12,general,Rashida Tlaib,Democratic,6975,91.96,True,True
2010,Michigan,MI,State House,12,general,Darrin Daigle,Republican,610,8.04,False,False
2010,Michigan,MI,State House,13,general,Andrew Kandrevas,Democratic,14335,52.67,True,True
2010,Michigan,MI,State House,13,general,Cynthia Kallgren,Republican,12130,44.56,False,False
2010,Michigan,MI,State House,13,general,Jesse Church,Libertarian,754,2.77,False,False
2010,Michigan,MI,State House,14,general,Paul Clemente,Democratic,13227,66.96,True,False
2010,Michigan,MI,State House,14,general,Patrick O'Connell,Republican,6526,33.04,False,False
2010,Michigan,MI,State House,15,general,George Darany,Democratic,12408,52.5,True,False
2010,Michigan,MI,State House,15,general,Suzanne Sareini,Republican,10220,43.24,False,False
2010,Michigan,MI,State House,15,general,Daryl Smith,Constitution,1007,4.26,False,False
2010,Michigan,MI,State House,16,general,Bob Constan,Democratic,14724,67.3,True,True
2010,Michigan,MI,State House,16,general,Michael Mullins,Republican,7153,32.7,False,False
2010,Michigan,MI,State House,17,general,Phil Cavanagh,Democratic,16668,62.54,True,False
2010,Michigan,MI,State House,17,general,Mike Adams,Republican,9985,37.46,False,False
2010,Michigan,MI,State House,18,general,Richard LeBlanc,Democratic,14792,69.0,True,True
2010,Michigan,MI,State House,18,general,Floyd Collins,Republican,6645,31.0,False,False
2010,Michigan,MI,State House,19,general,John J. Walsh,Republican,23141,66.47,True,True
2010,Michigan,MI,State House,19,general,Joseph Larkin,Democratic,11671,33.53,False,False
2010,Michigan,MI,State House,20,general,Kurt Heise,Republican,20920,58.03,True,False
2010,Michigan,MI,State House,20,general,Joan Wadsworth,Democratic,15128,41.97,False,False
2010,Michigan,MI,State House,21,general,Dian Slavens,Democratic,18200,51.24,True,True
2010,Michigan,MI,State House,21,general,Lori Levi,Republican,17320,48.76,False,False
2010,Michigan,MI,State House,22,general,Doug Geiss,Democratic,14294,67.93,True,True
2010,Michigan,MI,State House,22,general,Darrell McNeill,Republican,6748,32.07,False,False
2010,Michigan,MI,State House,23,general,Pat Somerville,Republican,15742,53.55,True,False
2010,Michigan,MI,State House,23,general,Deb Kennedy,Democratic,13657,46.45,False,True
2010,Michigan,MI,State House,24,general,Anthony Forlini,Republican,16552,51.62,True,False
2010,Michigan,MI,State House,24,general,Sarah Roberts,Democratic,15516,48.38,False,True
2010,Michigan,MI,State House,25,general,Jon Switalski,Democratic,14890,53.07,True,True
2010,Michigan,MI,State House,25,general,Sean Clark,Republican,13167,46.93,False,False
2010,Michigan,MI,State House,26,general,Jim Townsend,Democratic,15489,52.03,True,False
2010,Michigan,MI,State House,26,general,Ken Rosen,Republican,13344,44.82,False,False
2010,Michigan,MI,State House,26,general,James Young,Libertarian,938,3.15,False,False
2010,Michigan,MI,State House,27,general,Ellen Cogen Lipton,Democratic,19245,69.89,True,True
2010,Michigan,MI,State House,27,general,Michelangelo Fortuna III,Republican,8293,30.11,False,False
2010,Michigan,MI,State House,28,general,Lesia Liss,Democratic,12388,62.98,True,True
2010,Michigan,MI,State House,28,general,Marc Goodson,Republican,7281,37.02,False,False
2010,Michigan,MI,State House,29,general,Tim Melton,Democratic,14199,60.31,True,False
2010,Michigan,MI,State House,29,general,Bret Allen,Republican,9344,39.69,False,False
2010,Michigan,MI,State House,30,general,Jeff Farrington,Republican,15736,55.73,True,False
2010,Michigan,MI,State House,30,general,Ken Lampar,Democratic,12501,44.27,False,False
2010,Michigan,MI,State House,31,general,Marilyn Lane,Democratic,12710,53.89,True,False
2010,Michigan,MI,State House,31,general,Daniel Tollis,Republican,10874,46.11,False,False
2010,Michigan,MI,State House,32,general,Andrea LaFontaine,Republican,12541,51.99,True,False
2010,Michigan,MI,State House,32,general,Jennifer Haase,Democratic,11580,48.01,False,True
2010,Michigan,MI,State House,33,general,Ken Goike,Republican,24467,66.48,True,False
2010,Michigan,MI,State House,33,general,Andrew Prasiloski,Democratic,12338,33.52,False,False
2010,Michigan,MI,State House,34,general,Woodrow Stanley,Democratic,11613,83.39,True,True
2010,Michigan,MI,State House,34,general,Bruce Rogers,Republican,2313,16.61,False,False
2010,Michigan,MI,State House,35,general,Rudy Hobbs,Democratic,28280,87.79,True,False
2010,Michigan,MI,State House,35,general,Michael Weinenger,Republican,3933,12.21,False,False
2010,Michigan,MI,State House,36,general,Pete Lund,Republican,25552,69.86,True,True
2010,Michigan,MI,State House,36,general,Robert Murphy,Democratic,11025,30.14,False,False
2010,Michigan,MI,State House,37,general,Vicki Barnett,Democratic,21223,62.14,True,True
2010,Michigan,MI,State House,37,general,Christopher Atallah,Republican,12929,37.86,False,False
2010,Michigan,MI,State House,38,general,Hugh Crawford,Republican,22870,67.53,True,True
2010,Michigan,MI,State House,38,general,Jeffrey Gedeon,Democratic,10998,32.47,False,False
2010,Michigan,MI,State House,39,general,Lisa Brown,Democratic,17138,49.08,True,True
2010,Michigan,MI,State House,39,general,Lois Shulman,Republican,17051,48.83,False,False
2010,Michigan,MI,State House,39,general,Nathan Allen,Libertarian,727,2.08,False,False
2010,Michigan,MI,State House,40,general,Chuck Moss,Republican,27621,67.42,True,True
2010,Michigan,MI,State House,40,general,Julie Candler,Democratic,13346,32.58,False,False
2010,Michigan,MI,State House,41,general,Marty Knollenberg,Republican,22538,66.26,True,True
2010,Michigan,MI,State House,41,general,Ed Spillers,Democratic,11477,33.74,False,False
2010,Michigan,MI,State House,42,general,Harold Haugh,Democratic,14927,66.57,True,True
2010,Michigan,MI,State House,42,general,Stuart Jason,Republican,7497,33.43,False,False
2010,Michigan,MI,State House,43,general,Gail Haines,Republican,17295,65.61,True,True
2010,Michigan,MI,State House,43,general,Regina Strong,Democratic,9064,34.39,False,False
2010,Michigan,MI,State House,44,general,Eileen Kowall,Republican,25714,70.52,True,True
2010,Michigan,MI,State House,44,general,Philip Fabrizio,Democratic,9395,25.77,False,False
2010,Michigan,MI,State House,44,general,Thomas Johnson,Libertarian,1355,3.72,False,False
2010,Michigan,MI,State House,45,general,Tom McMillin,Republican,24973,67.88,True,True
2010,Michigan,MI,State House,45,general,Mary Ward,Democratic,11815,32.12,False,False
2010,Michigan,MI,State House,46,general,Bradford Jacobsen,Republican,24364,72.5,True,False
2010,Michigan,MI,State House,46,general,David Jay Lillis,Democratic,9240,27.5,False,False
2010,Michigan,MI,State House,47,general,Cindy Denby,Republican,22448,69.62,True,True
2010,Michigan,MI,State House,47,general,Garry Post,Democratic,9794,30.38,False,False
2010,Michigan,MI,State House,48,general,Richard Hammel,Democratic,15322,57.34,True,True
2010,Michigan,MI,State House,48,general,Susan Culver,Republican,11401,42.66,False,False
2010,Michigan,MI,State House,49,general,Jim Ananich,Democratic,15647,67.28,True,False
2010,Michigan,MI,State House,49,general,Allen Pool,Republican,7610,32.72,False,False
2010,Michigan,MI,State House,50,general,Charles Smiley,Democratic,13647,52.93,True,False
2010,Michigan,MI,State House,50,general,William Ralph,Republican,12134,47.07,False,False
2010,Michigan,MI,State House,51,general,Paul Scott,Republican,21576,59.4,True,True
2010,Michigan,MI,State House,51,general,Art Reyes,Democratic,14745,40.6,False,False
2010,Michigan,MI,State House,52,general,Mark Ouimet,Republican,21462,51.73,True,False
2010,Michigan,MI,State House,52,general,Christine Green,Democratic,20027,48.27,False,False
2010,Michigan,MI,State House,53,general,Jeff Irwin,Democratic,23436,80.46,True,False
2010,Michigan,MI,State House,53,general,Chase Ingersoll,Republican,5692,19.54,False,False
2010,Michigan,MI,State House,54,general,David Rutledge,Democratic,18146,61.16,True,False
2010,Michigan,MI,State House,54,general,Richard Deitering,Republican,9708,32.72,False,False
2010,Michigan,MI,State House,54,general,David Palmer,Independent (politician),1363,4.59,False,False
2010,Michigan,MI,State House,54,general,Clifford McKinney,Constitution,451,1.52,False,False
2010,Michigan,MI,State House,55,general,Rick Olson,Republican,17295,52.93,True,False
2010,Michigan,MI,State House,55,general,Mike Smith,Democratic,15381,47.07,False,False
2010,Michigan,MI,State House,56,general,Dale Zorn,Republican,13592,53.36,True,False
2010,Michigan,MI,State House,56,general,Kate Ebli,Democratic,11879,46.64,False,True
2010,Michigan,MI,State House,57,general,Nancy Jenkins,Republican,16442,57.2,True,False
2010,Michigan,MI,State House,57,general,Harvey Schmidt,Democratic,12301,42.8,False,False
2010,Michigan,MI,State House,58,general,Kenneth Kurtz,Republican,21222,100.0,True,True
2010,Michigan,MI,State House,59,general,Matt Lori,Republican,17603,72.0,True,True
2010,Michigan,MI,State House,59,general,Carol Higgins,Democratic,6846,28.0,False,False
2010,Michigan,MI,State House,60,general,Jeff Fernandez,Republican,8022,36.69,False,False
2010,Michigan,MI,State House,60,general,Sean McCann,Democratic,13841,63.31,True,False
2010,Michigan,MI,State House,61,general,Margaret O'Brien,Republican,21917,61.59,True,False
2010,Michigan,MI,State House,61,general,Thomas Batten,Democratic,13669,38.41,False,False
2010,Michigan,MI,State House,62,general,Kate Segal,Democratic,14187,54.76,True,True
2010,Michigan,MI,State House,62,general,Steven Mobley,Republican,11720,45.24,False,False
2010,Michigan,MI,State House,63,general,Jase Bolger,Republican,20931,62.78,True,True
2010,Michigan,MI,State House,63,general,Dave Morgan,Democratic,12407,37.22,False,False
2010,Michigan,MI,State House,64,general,Earl Poleski,Republican,13186,58.59,True,False
2010,Michigan,MI,State House,64,general,Martin Griffin,Democratic,9318,41.41,False,False
2010,Michigan,MI,State House,65,general,Mike Shirkey,Republican,17889,63.23,True,False
2010,Michigan,MI,State House,65,general,Janet Rochefort,Democratic,10405,36.77,False,False
2010,Michigan,MI,State House,66,general,Bill Rogers,Republican,26990,73.94,True,True
2010,Michigan,MI,State House,66,general,James Delcamp,Democratic,9512,26.06,False,False
2010,Michigan,MI,State House,67,general,Barb Byrum,Democratic,17962,52.61,True,True
2010,Michigan,MI,State House,67,general,Jeff Oesterle,Republican,16177,47.39,False,False
2010,Michigan,MI,State House,68,general,Joan Bauer,Democratic,18588,72.9,True,True
2010,Michigan,MI,State House,68,general,Timothy Moede,Republican,6909,27.1,False,False
2010,Michigan,MI,State House,69,general,Mark Meadows,Democratic,16780,61.62,True,True
2010,Michigan,MI,State House,69,general,Susan McGillicuddy,Republican,10450,38.38,False,False
2010,Michigan,MI,State House,70,general,Rick Outman,Republican,13324,54.7,True,False
2010,Michigan,MI,State House,70,general,Mike Huckleberry,Democratic,10487,43.05,False,True
2010,Michigan,MI,State House,70,general,Patty Hone,Libertarian,548,2.25,False,False
2010,Michigan,MI,State House,71,general,Deb Shaughnessy,Republican,24674,59.19,True,False
2010,Michigan,MI,State House,71,general,Theresa Abed,Democratic,17014,40.81,False,False
2010,Michigan,MI,State House,72,general,Ken Yonker,Republican,24800,72.9,True,False
2010,Michigan,MI,State House,72,general,Brian Bosak,Democratic,9219,27.1,False,False
2010,Michigan,MI,State House,73,general,Peter MacGregor,Republican,28526,73.92,True,False
2010,Michigan,MI,State House,73,general,Jerrod Roberts,Democratic,10062,26.08,False,False
2010,Michigan,MI,State House,74,general,David Agema,Republican,27509,80.69,True,True
2010,Michigan,MI,State House,74,general,Leon Chase,Democratic,6583,19.31,False,False
2010,Michigan,MI,State House,75,general,Brandon Dillon,Democratic,13678,51.25,True,False
2010,Michigan,MI,State House,75,general,Bing Goei,Republican,13012,48.75,False,False
2010,Michigan,MI,State House,76,general,Roy Schmidt,Democratic,11678,66.32,True,True
2010,Michigan,MI,State House,76,general,Marc Tonnemacher,Republican,5931,33.68,False,False
2010,Michigan,MI,State House,77,general,Thomas Hooker,Republican,18088,72.35,True,False
2010,Michigan,MI,State House,77,general,Scott Barton,Democratic,6913,27.65,False,False
2010,Michigan,MI,State House,78,general,Sharon Tyler,Republican,15218,65.35,True,True
2010,Michigan,MI,State House,78,general,Cindy Ellis,Democratic,8070,34.65,False,False
2010,Michigan,MI,State House,79,general,Al Pscholka,Republican,17291,66.38,True,False
2010,Michigan,MI,State House,79,general,Mary Brown,Democratic,8757,33.62,False,False
2010,Michigan,MI,State House,80,general,Aric Nesbitt,Republican,15492,64.23,True,False
2010,Michigan,MI,State House,80,general,Thomas Erdmann,Democratic,7850,32.55,False,False
2010,Michigan,MI,State House,80,general,Cheryl Evick,Independent (politician),778,3.23,False,False
2010,Michigan,MI,State House,81,general,Jud Gilbert,Republican,19620,69.91,True,False
2010,Michigan,MI,State House,81,general,Carol Morrissette,Democratic,8444,30.09,False,False
2010,Michigan,MI,State House,81,general,Gary R. Eisen,Independent,3793,11.76,False,False
2010,Michigan,MI,State House,82,general,Kevin Daley,Republican,20338,70.77,True,True
2010,Michigan,MI,State House,82,general,Mark Monson,Democratic,8401,29.23,False,False
2010,Michigan,MI,State House,83,general,Paul Muxlow,Republican,14940,59.63,True,False
2010,Michigan,MI,State House,83,general,Alan Lewandowski,Democratic,10115,40.37,False,False
2010,Michigan,MI,State House,84,general,Kurt Damrow,Republican,15181,50.05,True,False
2010,Michigan,MI,State House,84,general,Terry Brown,Democratic,15153,49.95,False,True
2010,Michigan,MI,State House,85,general,Ben Glardon,Republican,22363,67.51,True,False
2010,Michigan,MI,State House,85,general,Pamela Drake,Democratic,10764,32.49,False,False
2010,Michigan,MI,State House,86,general,Lisa Posthumus Lyons,Republican,25943,70.23,True,False
2010,Michigan,MI,State House,86,general,Frank Hammond,Democratic,10996,29.77,False,False
2010,Michigan,MI,State House,87,general,Mike Callton,Republican,22308,71.87,True,False
2010,Michigan,MI,State House,87,general,Greg Grieves,Democratic,8731,28.13,False,False
2010,Michigan,MI,State House,88,general,Bob Genetski,Republican,23518,73.71,True,True
2010,Michigan,MI,State House,88,general,Randy Thompson,Democratic,8389,26.29,False,False
2010,Michigan,MI,State House,89,general,Amanda Price,Republican,22151,69.59,True,False
2010,Michigan,MI,State House,89,general,Don Bergman,Democratic,8553,26.87,False,False
2010,Michigan,MI,State House,89,general,Terry Ashcraft,Libertarian,1127,3.54,False,False
2010,Michigan,MI,State House,90,general,Joe Haveman,Republican,24643,100.0,True,True
2010,Michigan,MI,State House,91,general,Holly Hughes,Republican,16033,55.94,True,False
2010,Michigan,MI,State House,91,general,Ben Gillette,Democratic,12628,44.06,False,False
2010,Michigan,MI,State House,92,general,Marcia Hovey-Wright,Democratic,12424,63.97,True,False
2010,Michigan,MI,State House,92,general,John McNally,Republican,6999,36.03,False,False
2010,Michigan,MI,State House,93,general,Paul Opsommer,Republican,22287,70.18,True,True
2010,Michigan,MI,State House,93,general,Travis Lacelle,Democratic,9471,29.82,False,False
2010,Michigan,MI,State House,94,general,Ken Horn,Republican,24361,69.94,True,True
2010,Michigan,MI,State House,94,general,Vince Mosca,Democratic,10470,30.06,False,False
2010,Michigan,MI,State House,95,general,Stacy Erwin Oakes,Democratic,13858,71.3,True,False
2010,Michigan,MI,State House,95,general,Sarge Harvey,Republican,5577,28.7,False,False
2010,Michigan,MI,State House,96,general,Charles Brunner,Democratic,17052,52.11,True,False
2010,Michigan,MI,State House,96,general,Dennis Poirier,Republican,15668,47.89,False,False
2010,Michigan,MI,State House,97,general,Joel Johnson,Republican,16819,58.26,True,False
2010,Michigan,MI,State House,97,general,Mark Lightfoot,Democratic,10657,36.92,False,False
2010,Michigan,MI,State House,97,general,Brandon Dickhausen,Libertarian,1392,4.82,False,False
2010,Michigan,MI,State House,98,general,Jim Stamas,Republican,22119,100.0,True,True
2010,Michigan,MI,State House,99,general,Kevin Cotter,Republican,16647,64.4,True,False
2010,Michigan,MI,State House,99,general,Toni Sessoms,Democratic,9202,35.6,False,False
2010,Michigan,MI,State House,100,general,Jon Bumstead,Republican,17163,66.37,True,False
2010,Michigan,MI,State House,100,general,Bill Richards,Democratic,8695,33.63,False,False
2010,Michigan,MI,State House,101,general,Ray Franz,Republican,19386,51.18,True,False
2010,Michigan,MI,State House,101,general,Dan Scripps,Democratic,18494,48.82,False,True
2010,Michigan,MI,State House,102,general,Philip Potvin,Republican,18825,65.74,True,False
2010,Michigan,MI,State House,102,general,Jodi Estes Gabert,Democratic,8471,29.58,False,False
2010,Michigan,MI,State House,102,general,Roy Kissinger,Independent (politician),1340,4.68,False,False
2010,Michigan,MI,State House,103,general,Bruce Rendon,Republican,19930,62.5,True,False
2010,Michigan,MI,State House,103,general,Van Sheltrown,Democratic,11958,37.5,False,False
2010,Michigan,MI,State House,104,general,Wayne Schmidt,Republican,23458,60.46,True,True
2010,Michigan,MI,State House,104,general,John Scrudato,Democratic,10948,28.22,False,False
2010,Michigan,MI,State House,104,general,Megan Crandall,Independent (politician),4391,11.32,False,False
2010,Michigan,MI,State House,105,general,Greg MacMaster,Republican,25907,70.77,True,False
2010,Michigan,MI,State House,105,general,Greg Dean,Democratic,10702,29.23,False,False
2010,Michigan,MI,State House,106,general,Peter Pettalia,Republican,18096,57.74,True,False
2010,Michigan,MI,State House,106,general,Casey Viegelahn,Democratic,11744,37.48,False,False
2010,Michigan,MI,State House,106,general,Nicholas Hein,Independent (politician),1498,4.78,False,False
2010,Michigan,MI,State House,107,general,Frank Foster,Republican,19337,63.01,True,False
2010,Michigan,MI,State House,107,general,Richard Timmer,Democratic,11350,36.99,False,False
2010,Michigan,MI,State House,108,general,Ed McBroom,Republican,17734,59.9,True,False
2010,Michigan,MI,State House,108,general,Judy Nerat,Democratic,11872,40.1,False,True
2010,Michigan,MI,State House,109,general,Steven Lindberg,Democratic,17154,57.87,True,True
2010,Michigan,MI,State House,109,general,John Brock,Republican,12490,42.13,False,False
2010,Michigan,MI,State House,110,general,Matt Huuki,Republican,16031,55.58,True,False
2010,Michigan,MI,State House,110,general,Scott Dianda,Democratic,12814,44.42,False,False
2010,New Mexico,NM,State House,1,general,Tom Taylor,Republican,8136,100.0,True,True
2010,New Mexico,NM,State House,2,general,James Strickler,Republican,5935,100.0,True,True
2010,New Mexico,NM,State House,3,general,Paul Bandy,Republican,6997,100.0,True,True
2010,New Mexico,NM,State House,4,general,Ray Begaye,Democratic,5383,100.0,True,True
2010,New Mexico,NM,State House,5,general,Sandra Jeff,Democratic,5112,100.0,True,True
2010,New Mexico,NM,State House,6,general,Eliseo Alcon,Democratic,4838,100.0,True,True
2010,New Mexico,NM,State House,7,general,David Chavez,Republican,4788,54.87,True,False
2010,New Mexico,NM,State House,7,general,Andrew Barreras,Democratic,3938,45.13,False,True
2010,New Mexico,NM,State House,8,general,Alonzo Baldonado,Republican,4588,53.45,True,False
2010,New Mexico,NM,State House,8,general,Julian Luna,Democratic,3995,46.55,False,False
2010,New Mexico,NM,State House,9,general,Patricia Lundstrom,Democratic,4340,100.0,True,True
2010,New Mexico,NM,State House,10,general,Henry Saavedra,Democratic,4093,100.0,True,True
2010,New Mexico,NM,State House,11,general,Rick Miera,Democratic,6602,100.0,True,True
2010,New Mexico,NM,State House,12,general,Ernest Chavez,Democratic,3945,58.26,True,True
2010,New Mexico,NM,State House,12,general,Clyde Wheeler,Republican,2317,34.22,False,False
2010,New Mexico,NM,State House,12,general,Robert Schiller,Independent (politician),509,7.52,False,False
2010,New Mexico,NM,State House,13,general,Eleanor Chavez,Democratic,5679,100.0,True,True
2010,New Mexico,NM,State House,14,general,Miguel Garcia,Democratic,4187,70.61,True,True
2010,New Mexico,NM,State House,14,general,Clara Pena,Republican,1743,29.39,False,False
2010,New Mexico,NM,State House,15,general,Bill O'Neill,Democratic,5545,50.77,True,True
2010,New Mexico,NM,State House,15,general,Justin Alexander Horwitz,Republican,5376,49.23,False,False
2010,New Mexico,NM,State House,16,general,Moe Maestas,Democratic,5875,100.0,True,True
2010,New Mexico,NM,State House,17,general,Edward Sandoval,Democratic,7459,100.0,True,True
2010,New Mexico,NM,State House,18,general,Gail Chasey,Democratic,6608,100.0,True,True
2010,New Mexico,NM,State House,19,general,Sheryl Williams Stapleton,Democratic,4558,68.11,True,True
2010,New Mexico,NM,State House,19,general,Anthony Lawrence Romo,Republican,1610,24.06,False,False
2010,New Mexico,NM,State House,19,general,Mark Austin Curtis,Libertarian,524,7.83,False,False
2010,New Mexico,NM,State House,20,general,James White,Republican,7667,100.0,True,True
2010,New Mexico,NM,State House,21,general,Mimi Stewart,Democratic,3122,52.09,True,True
2010,New Mexico,NM,State House,21,general,Antoinette Marie Baca,Republican,2871,47.91,False,False
2010,New Mexico,NM,State House,22,general,James Smith,Republican,9388,100.0,True,False
2010,New Mexico,NM,State House,23,general,David Doyle,Republican,6429,54.12,True,False
2010,New Mexico,NM,State House,23,general,Benjamin Rodefer,Democratic,5450,45.88,False,True
2010,New Mexico,NM,State House,24,general,Conrad James,Republican,6366,100.0,True,False
2010,New Mexico,NM,State House,25,general,Danice Picraux,Democratic,5628,64.34,True,True
2010,New Mexico,NM,State House,25,general,Jennifer Thornburg,Republican,3119,35.66,False,False
2010,New Mexico,NM,State House,26,general,Al Park,Democratic,3026,62.05,True,True
2010,New Mexico,NM,State House,26,general,Larry Kennedy,Republican,1851,37.95,False,False
2010,New Mexico,NM,State House,27,general,Larry Larrañaga,Republican,9680,100.0,True,True
2010,New Mexico,NM,State House,28,general,Jimmie Hall,Republican,6170,60.9,True,True
2010,New Mexico,NM,State House,28,general,Cornelia Wells Lange,Democratic,3961,39.1,False,False
2010,New Mexico,NM,State House,29,general,Thomas Anderson,Republican,9274,59.13,True,True
2010,New Mexico,NM,State House,29,general,Alexander Russell,Democratic,6410,40.87,False,False
2010,New Mexico,NM,State House,30,general,Nate Gentry,Republican,5634,58.11,True,False
2010,New Mexico,NM,State House,30,general,Karen Giannini,Democratic,4061,41.89,False,True
2010,New Mexico,NM,State House,31,general,Bill Rehm,Republican,8184,63.17,True,True
2010,New Mexico,NM,State House,31,general,Michael Malloy,Democratic,4771,36.83,False,False
2010,New Mexico,NM,State House,32,general,Dona Irwin,Democratic,3464,56.92,True,True
2010,New Mexico,NM,State House,32,general,Thomas Walker,Republican,2622,43.08,False,False
2010,New Mexico,NM,State House,33,general,Joni Gutierrez,Democratic,4326,61.92,True,True
2010,New Mexico,NM,State House,33,general,Virginia Robertson,Republican,2660,38.08,False,False
2010,New Mexico,NM,State House,34,general,Mary Helen Garcia,Democratic,2860,100.0,True,True
2010,New Mexico,NM,State House,35,general,Antonio Luján,Democratic,3797,100.0,True,True
2010,New Mexico,NM,State House,36,general,Andy Nuñez,Democratic,4277,55.82,True,True
2010,New Mexico,NM,State House,36,general,Debra White,Republican,3385,44.18,False,False
2010,New Mexico,NM,State House,37,general,Terry McMillan,Republican,6110,51.44,True,False
2010,New Mexico,NM,State House,37,general,Jeff Steinborn,Democratic,5767,48.56,False,True
2010,New Mexico,NM,State House,38,general,Dianne Hamilton,Republican,6384,100.0,True,True
2010,New Mexico,NM,State House,39,general,Rodolpho Martinez,Democratic,6277,55.94,True,True
2010,New Mexico,NM,State House,39,general,Gilbert Guadiana,Democratic,1319,37.92,False,False
2010,New Mexico,NM,State House,39,general,Linda Pecotte,Republican,3826,44.06,True,False
2010,New Mexico,NM,State House,39,general,Charles William Cassady,Republican,495,45.92,False,False
2010,New Mexico,NM,State House,40,general,Nick Salazar,Democratic,5962,100.0,True,True
2010,New Mexico,NM,State House,41,general,Debbie Rodella,Democratic,5175,100.0,True,True
2010,New Mexico,NM,State House,42,general,Roberto Gonzales,Democratic,7834,78.94,True,True
2010,New Mexico,NM,State House,42,general,Matthew John Nielsen,Republican,2090,21.06,False,False
2010,New Mexico,NM,State House,43,general,Jeannette Wallace,Republican,5550,50.87,True,True
2010,New Mexico,NM,State House,43,general,Stephanie Garcia Richard,Democratic,5360,49.13,False,False
2010,New Mexico,NM,State House,44,general,Jane Powdrell-Culbert,Republican,9960,62.78,True,True
2010,New Mexico,NM,State House,44,general,Joel Davis,Democratic,5905,37.22,False,False
2010,New Mexico,NM,State House,45,general,Jim Trujillo,Democratic,5853,100.0,True,True
2010,New Mexico,NM,State House,46,general,Ben Luján,Democratic,7960,100.0,True,True
2010,New Mexico,NM,State House,47,general,Brian Egolf,Democratic,11256,75.93,True,True
2010,New Mexico,NM,State House,47,general,Brigette Russell,Republican,3568,24.07,False,False
2010,New Mexico,NM,State House,48,general,Lucky Varela,Democratic,7776,78.51,True,True
2010,New Mexico,NM,State House,48,general,Bob Walsh,Republican,2128,21.49,False,False
2010,New Mexico,NM,State House,49,general,Don Tripp,Republican,8089,100.0,True,True
2010,New Mexico,NM,State House,50,general,Rhonda Sue King,Democratic,6131,60.36,True,True
2010,New Mexico,NM,State House,50,general,Leroy Candelaria,Republican,4027,39.64,False,False
2010,New Mexico,NM,State House,51,general,Yvette Herrell,Republican,3077,62.92,True,False
2010,New Mexico,NM,State House,51,general,Susan Medina,Democratic,1813,37.08,False,False
2010,New Mexico,NM,State House,52,general,Joe Cervantes,Democratic,4110,100.0,True,True
2010,New Mexico,NM,State House,53,general,Ricky Little,Republican,3753,52.91,True,False
2010,New Mexico,NM,State House,53,general,Nate Cote,Democratic,3340,47.09,False,True
2010,New Mexico,NM,State House,54,general,Bill Gray,Republican,3858,100.0,True,True
2010,New Mexico,NM,State House,55,general,Cathrynn Brown,Republican,4010,52.19,True,False
2010,New Mexico,NM,State House,55,general,John Heaton,Democratic,3673,47.81,False,True
2010,New Mexico,NM,State House,56,general,Zachary Cook,Republican,5620,100.0,True,True
2010,New Mexico,NM,State House,57,general,Dennis Kintigh,Republican,7950,100.0,True,True
2010,New Mexico,NM,State House,58,general,Candy Ezzell,Republican,3036,64.91,True,True
2010,New Mexico,NM,State House,58,general,Michael Trujillo,Democratic,1641,35.09,False,False
2010,New Mexico,NM,State House,59,general,Nora Espinoza,Republican,5337,72.12,True,True
2010,New Mexico,NM,State House,59,general,Ellen Wedum,Democratic,2063,27.88,False,False
2010,New Mexico,NM,State House,60,general,Tim Lewis,Republican,6980,60.86,True,False
2010,New Mexico,NM,State House,60,general,Jack Thomas,Democratic,4489,39.14,False,True
2010,New Mexico,NM,State House,61,general,Shirley Tyler,Republican,3237,100.0,True,True
2010,New Mexico,NM,State House,62,general,Donald Bratton,Republican,6583,100.0,True,True
2010,New Mexico,NM,State House,63,general,George Dodge Jr.,Democratic,2638,54.52,True,False
2010,New Mexico,NM,State House,63,general,Melinda Joy Russ,Republican,2201,45.48,False,False
2010,New Mexico,NM,State House,64,general,Anna Crook,Republican,5529,100.0,True,True
2010,New Mexico,NM,State House,65,general,James Madalena,Democratic,5066,100.0,True,True
2010,New Mexico,NM,State House,66,general,Keith Gardner,Republican,5719,100.0,True,True
2010,New Mexico,NM,State House,67,general,Dennis Roch,Republican,5862,100.0,True,True
2010,New Mexico,NM,State House,68,general,Thomas Garcia,Democratic,6690,100.0,True,True
2010,New Mexico,NM,State House,69,general,Ken Martinez,Democratic,5379,100.0,True,True
2010,New Mexico,NM,State House,70,general,Richard Vigil,Democratic,4769,64.98,True,True
2010,New Mexico,NM,State House,70,general,Mel Root,Republican,2570,35.02,False,False
2010,North Carolina,NC,State House,1,general,Bill Owens,Democratic,11538,52.75,True,True
2010,North Carolina,NC,State House,1,general,John J. Woodard Jr.,Republican,10336,47.25,False,False
2010,North Carolina,NC,State House,2,general,Timothy Spear,Democratic,12733,54.88,True,True
2010,North Carolina,NC,State House,2,general,Bob Steinburg,Republican,10467,45.12,False,False
2010,North Carolina,NC,State House,3,general,Norman Sanderson,Republican,14620,63.69,True,False
2010,North Carolina,NC,State House,3,general,Alice Graham Underhill,Democratic,7859,34.24,False,True
2010,North Carolina,NC,State House,3,general,Herb Sobel,Libertarian,477,2.08,False,False
2010,North Carolina,NC,State House,4,general,Jimmy Dixon,Republican,9004,51.36,True,False
2010,North Carolina,NC,State House,4,general,Mott Blair,Democratic,8527,48.64,False,False
2010,North Carolina,NC,State House,5,general,Annie Mobley,Democratic,11850,58.99,True,True
2010,North Carolina,NC,State House,5,general,Matthew (Matt) Peeler,Republican,8237,41.01,False,False
2010,North Carolina,NC,State House,6,general,Bill Cook,Republican,12910,53.45,True,False
2010,North Carolina,NC,State House,6,general,Arthur Williams,Democratic,11242,46.55,False,True
2010,North Carolina,NC,State House,7,general,Angela Bryant,Democratic,12544,100.0,True,True
2010,North Carolina,NC,State House,8,general,Edith Warren,Democratic,14814,100.0,True,True
2010,North Carolina,NC,State House,9,general,Marian McLawhorn,Democratic,11808,50.75,True,True
2010,North Carolina,NC,State House,9,general,Stan Larson,Republican,11460,49.25,False,False
2010,North Carolina,NC,State House,10,general,Stephen LaRoque,Republican,11802,57.23,True,False
2010,North Carolina,NC,State House,10,general,Van Braxton,Democratic,8820,42.77,False,True
2010,North Carolina,NC,State House,11,general,Efton Sager,Republican,15409,100.0,True,True
2010,North Carolina,NC,State House,12,general,William Wainwright,Democratic,9390,60.21,True,True
2010,North Carolina,NC,State House,12,general,Mark W. Griffin,Republican,6206,39.79,False,False
2010,North Carolina,NC,State House,13,general,Pat McElraft,Republican,19491,73.26,True,True
2010,North Carolina,NC,State House,13,general,Craig K. Hassler,Democratic,7113,26.74,False,False
2010,North Carolina,NC,State House,14,general,George Cleveland,Republican,8961,100.0,True,True
2010,North Carolina,NC,State House,15,general,Phil Shepard,Republican,5873,76.64,True,False
2010,North Carolina,NC,State House,15,general,George Shaeffer,Independent (politician),1790,23.36,False,False
2010,North Carolina,NC,State House,16,general,Carolyn Justice,Republican,21630,69.89,True,True
2010,North Carolina,NC,State House,16,general,Franklin (F. D.) Rivenbark,Democratic,9320,30.11,False,False
2010,North Carolina,NC,State House,17,general,Frank Iler,Republican,24065,68.35,True,True
2010,North Carolina,NC,State House,17,general,James A. Knox,Democratic,11146,31.65,False,False
2010,North Carolina,NC,State House,18,general,Susi Hamilton,Democratic,10097,57.05,True,False
2010,North Carolina,NC,State House,18,general,Beth Dawson,Republican,7600,42.95,False,False
2010,North Carolina,NC,State House,19,general,Danny McComas,Republican,22407,100.0,True,True
2010,North Carolina,NC,State House,20,general,Dewey Hill,Democratic,11042,53.24,True,True
2010,North Carolina,NC,State House,20,general,Tristan V. Patterson,Republican,9698,46.76,False,False
2010,North Carolina,NC,State House,21,general,Larry Bell,Democratic,11678,65.59,True,True
2010,North Carolina,NC,State House,21,general,DeAnn G. Poirier,Republican,6126,34.41,False,False
2010,North Carolina,NC,State House,22,general,William Brisson,Democratic,12675,52.87,True,True
2010,North Carolina,NC,State House,22,general,John Szoka,Republican,11298,47.13,False,False
2010,North Carolina,NC,State House,23,general,Joe Tolson,Democratic,12043,53.38,True,True
2010,North Carolina,NC,State House,23,general,Gerald Shepheard,Republican,10517,46.62,False,False
2010,North Carolina,NC,State House,24,general,Jean Farmer-Butterfield,Democratic,12682,64.84,True,True
2010,North Carolina,NC,State House,24,general,Claiborne R. Holtzman,Republican,6878,35.16,False,False
2010,North Carolina,NC,State House,25,general,Jeff Collins,Republican,14096,57.61,True,False
2010,North Carolina,NC,State House,25,general,Randy Stewart,Democratic,10370,42.39,False,True
2010,North Carolina,NC,State House,26,general,Leo Daughtry,Republican,18941,100.0,True,True
2010,North Carolina,NC,State House,27,general,Michael Wray,Democratic,17701,100.0,True,True
2010,North Carolina,NC,State House,28,general,James Langdon Jr.,Republican,19918,76.72,True,True
2010,North Carolina,NC,State House,28,general,Brian Allen,Democratic,6043,23.28,False,False
2010,North Carolina,NC,State House,29,general,Larry Hall,Democratic,18130,100.0,True,True
2010,North Carolina,NC,State House,30,general,Paul Luebke,Democratic,13442,64.52,True,True
2010,North Carolina,NC,State House,30,general,Jason Chambers,Republican,7393,35.48,False,False
2010,North Carolina,NC,State House,31,general,Mickey Michaux,Democratic,18801,75.5,True,True
2010,North Carolina,NC,State House,31,general,Patricia Ladd,Republican,6102,24.5,False,False
2010,North Carolina,NC,State House,32,general,Jim Crawford,Democratic,13814,78.42,True,True
2010,North Carolina,NC,State House,32,general,Barbara Howe,Libertarian,3802,21.58,False,False
2010,North Carolina,NC,State House,33,general,Rosa Gill,Democratic,18426,77.79,True,True
2010,North Carolina,NC,State House,33,general,Paul Terrell,Republican,5262,22.21,False,False
2010,North Carolina,NC,State House,34,general,Grier Martin,Democratic,15234,54.17,True,True
2010,North Carolina,NC,State House,34,general,Steve Henion,Republican,12886,45.83,False,False
2010,North Carolina,NC,State House,35,general,Jennifer Weiss,Democratic,13144,57.48,True,True
2010,North Carolina,NC,State House,35,general,Don Frantz,Republican,9725,42.52,False,False
2010,North Carolina,NC,State House,36,general,Nelson Dollar,Republican,17477,58.84,True,True
2010,North Carolina,NC,State House,36,general,Robin Anderson,Democratic,12225,41.16,False,False
2010,North Carolina,NC,State House,37,general,Paul Stam,Republican,24937,64.0,True,True
2010,North Carolina,NC,State House,37,general,Debra McHenry,Democratic,14028,36.0,False,False
2010,North Carolina,NC,State House,38,general,Deborah Ross,Democratic,14093,65.63,True,True
2010,North Carolina,NC,State House,38,general,Madison E. Shook,Republican,7382,34.37,False,False
2010,North Carolina,NC,State House,39,general,Darren Jackson,Democratic,16870,56.84,True,True
2010,North Carolina,NC,State House,39,general,Duane Cutlip,Republican,12809,43.16,False,False
2010,North Carolina,NC,State House,40,general,Marilyn Avila,Republican,27686,62.88,True,True
2010,North Carolina,NC,State House,40,general,Violet Rhinehart,Democratic,16345,37.12,False,False
2010,North Carolina,NC,State House,41,general,Tom Murry,Republican,19736,53.65,True,False
2010,North Carolina,NC,State House,41,general,Chris Heagarty,Democratic,17052,46.35,False,True
2010,North Carolina,NC,State House,42,general,Marvin Lucas,Democratic,8874,100.0,True,True
2010,North Carolina,NC,State House,43,general,Elmer Floyd,Democratic,7967,100.0,True,True
2010,North Carolina,NC,State House,44,general,Diane Parfitt,Democratic,8189,50.33,True,True
2010,North Carolina,NC,State House,44,general,Johnny Dawkins,Republican,8081,49.67,False,False
2010,North Carolina,NC,State House,45,general,Rick Glazier,Democratic,9858,50.12,True,True
2010,North Carolina,NC,State House,45,general,Jackie Warner,Republican,9812,49.88,False,False
2010,North Carolina,NC,State House,46,general,Gaston (G.L.) Pridgen,Republican,7590,52.17,True,False
2010,North Carolina,NC,State House,46,general,Douglas Yongue,Democratic,6958,47.83,False,True
2010,North Carolina,NC,State House,47,general,Charles Graham,Democratic,7865,66.83,True,False
2010,North Carolina,NC,State House,47,general,Brawleigh Jason Graham,Republican,3903,33.17,False,False
2010,North Carolina,NC,State House,48,general,Garland Pierce,Democratic,9698,74.8,True,True
2010,North Carolina,NC,State House,48,general,John F. Harry,Republican,3267,25.2,False,False
2010,North Carolina,NC,State House,49,general,Glen Bradley,Republican,11276,51.68,True,False
2010,North Carolina,NC,State House,49,general,John May,Democratic,10544,48.32,False,True
2010,North Carolina,NC,State House,50,general,Bill Faison,Democratic,13848,56.17,True,True
2010,North Carolina,NC,State House,50,general,Rick Smith,Republican,10804,43.83,False,False
2010,North Carolina,NC,State House,51,general,Mike Stone,Republican,10793,53.53,True,False
2010,North Carolina,NC,State House,51,general,Jimmy Love Sr.,Democratic,9370,46.47,False,True
2010,North Carolina,NC,State House,52,general,Jamie Boles,Republican,20749,100.0,True,True
2010,North Carolina,NC,State House,53,general,David Lewis,Republican,13533,66.61,True,True
2010,North Carolina,NC,State House,53,general,Abraham Oudeh,Democratic,6784,33.39,False,False
2010,North Carolina,NC,State House,54,general,Joe Hackney,Democratic,18048,57.45,True,True
2010,North Carolina,NC,State House,54,general,Cathy Wright,Republican,13368,42.55,False,False
2010,North Carolina,NC,State House,55,general,Winkie Wilkins,Democratic,16619,100.0,True,True
2010,North Carolina,NC,State House,56,general,Verla Insko,Democratic,17737,100.0,True,True
2010,North Carolina,NC,State House,57,general,Pricey Harrison,Democratic,10664,55.69,True,True
2010,North Carolina,NC,State House,57,general,Jon Hardister,Republican,8485,44.31,False,False
2010,North Carolina,NC,State House,58,general,Alma Adams,Democratic,15334,63.15,True,True
2010,North Carolina,NC,State House,58,general,Darin H. Thomas,Republican,8948,36.85,False,False
2010,North Carolina,NC,State House,59,general,Maggie Jeffus,Democratic,11928,52.65,True,True
2010,North Carolina,NC,State House,59,general,Thersea Yon,Republican,10729,47.35,False,False
2010,North Carolina,NC,State House,60,general,Marcus Brandon,Democratic,10664,69.65,True,False
2010,North Carolina,NC,State House,60,general,Lonnie R. Wilson,Republican,4646,30.35,False,False
2010,North Carolina,NC,State House,61,general,John Faircloth,Republican,18035,100.0,True,False
2010,North Carolina,NC,State House,62,general,John Blust,Republican,21829,83.65,True,True
2010,North Carolina,NC,State House,62,general,Jeffery Simon,Libertarian,4266,16.35,False,False
2010,North Carolina,NC,State House,63,general,Alice Bordsen,Democratic,8920,54.21,True,True
2010,North Carolina,NC,State House,63,general,Roger Kirk Parker,Republican,7536,45.79,False,False
2010,North Carolina,NC,State House,64,general,Dan Ingle,Republican,19301,100.0,True,True
2010,North Carolina,NC,State House,65,general,Bert Jones,Independent (politician),9628,56.01,True,False
2010,North Carolina,NC,State House,65,general,Nelson Cole,Democratic,7561,43.99,False,True
2010,North Carolina,NC,State House,66,general,Ken Goodman,Democratic,11298,60.68,True,False
2010,North Carolina,NC,State House,66,general,James Haywood Parsons,Republican,7322,39.32,False,False
2010,North Carolina,NC,State House,67,general,Justin Burr,Republican,17135,75.41,True,True
2010,North Carolina,NC,State House,67,general,Kevin Furr,Democratic,5587,24.59,False,False
2010,North Carolina,NC,State House,68,general,Craig Horn,Republican,28214,100.0,True,False
2010,North Carolina,NC,State House,69,general,Pryor Gibson,Democratic,10302,60.2,True,True
2010,North Carolina,NC,State House,69,general,John L. Barker,Republican,6810,39.8,False,False
2010,North Carolina,NC,State House,70,general,Pat Hurley,Republican,13564,100.0,True,True
2010,North Carolina,NC,State House,71,general,Larry Womble,Democratic,9503,100.0,True,True
2010,North Carolina,NC,State House,72,general,Earline Parmon,Democratic,9980,69.48,True,True
2010,North Carolina,NC,State House,72,general,John Magee,Republican,4384,30.52,False,False
2010,North Carolina,NC,State House,73,general,Larry Brown,Republican,17675,100.0,True,True
2010,North Carolina,NC,State House,74,general,Dale Folwell,Republican,17475,69.32,True,True
2010,North Carolina,NC,State House,74,general,Cristina V. Vazquez,Democratic,7733,30.68,False,False
2010,North Carolina,NC,State House,75,general,William McGee,Republican,17824,100.0,True,True
2010,North Carolina,NC,State House,76,general,Fred Steen II,Republican,15093,100.0,True,True
2010,North Carolina,NC,State House,77,general,Harry Warren,Republican,9117,50.46,True,False
2010,North Carolina,NC,State House,77,general,Lorene Coates,Democratic,8951,49.54,False,True
2010,North Carolina,NC,State House,78,general,Harold Brubaker,Republican,13823,100.0,True,True
2010,North Carolina,NC,State House,79,general,Julia Craven Howard,Republican,17006,100.0,True,True
2010,North Carolina,NC,State House,80,general,Jerry Dockham,Republican,16593,100.0,True,True
2010,North Carolina,NC,State House,81,general,Rayne Brown,Republican,8744,57.48,True,False
2010,North Carolina,NC,State House,81,general,Hugh Holliman,Democratic,6469,42.52,False,True
2010,North Carolina,NC,State House,82,general,Jeff Barnhart,Republican,17694,100.0,True,True
2010,North Carolina,NC,State House,83,general,Linda Johnson,Republican,17197,100.0,True,True
2010,North Carolina,NC,State House,84,general,Phillip Frye,Republican,15393,100.0,True,True
2010,North Carolina,NC,State House,85,general,Mitch Gillespie,Republican,12421,69.01,True,True
2010,North Carolina,NC,State House,85,general,Beth Ostgaard,Democratic,5577,30.99,False,False
2010,North Carolina,NC,State House,86,general,Hugh Blackwell,Republican,10429,61.93,True,True
2010,North Carolina,NC,State House,86,general,Walter Church Jr.,Democratic,6412,38.07,False,False
2010,North Carolina,NC,State House,87,general,Edgar Starnes,Republican,14295,100.0,True,True
2010,North Carolina,NC,State House,88,general,Mark Hollo,Republican,13587,64.36,True,False
2010,North Carolina,NC,State House,88,general,David Munday,Democratic,7525,35.64,False,False
2010,North Carolina,NC,State House,89,general,Mitchell Setzer,Republican,16119,100.0,True,True
2010,North Carolina,NC,State House,90,general,Sarah Stevens,Republican,12274,71.1,True,True
2010,North Carolina,NC,State House,90,general,Randy Wolfe,Democratic,4988,28.9,False,False
2010,North Carolina,NC,State House,91,general,Bryan Holloway,Republican,16153,75.38,True,True
2010,North Carolina,NC,State House,91,general,Ed Gambill,Democratic,5275,24.62,False,False
2010,North Carolina,NC,State House,92,general,Darrell McCormick,Republican,15883,100.0,True,True
2010,North Carolina,NC,State House,93,general,Jonathan Jordan,Republican,13528,51.46,True,False
2010,North Carolina,NC,State House,93,general,Cullie Tarleton,Democratic,12759,48.54,False,True
2010,North Carolina,NC,State House,94,general,Shirley Randleman,Republican,14322,73.65,True,True
2010,North Carolina,NC,State House,94,general,David H. Moulton,Democratic,5124,26.35,False,False
2010,North Carolina,NC,State House,95,general,Grey Mills,Republican,18675,100.0,True,True
2010,North Carolina,NC,State House,96,general,Mark Hilton,Republican,12193,66.7,True,True
2010,North Carolina,NC,State House,96,general,Gary Lafone,Democratic,6087,33.3,False,False
2010,North Carolina,NC,State House,97,general,Jonathan Rhyne Jr.,Republican,18274,100.0,True,True
2010,North Carolina,NC,State House,98,general,Thom Tillis,Republican,23540,100.0,True,True
2010,North Carolina,NC,State House,99,general,Rodney Moore,Democratic,15591,72.01,True,False
2010,North Carolina,NC,State House,99,general,Michael T. Wilson,Republican,6059,27.99,False,False
2010,North Carolina,NC,State House,100,general,Tricia Cotham,Democratic,9578,100.0,True,True
2010,North Carolina,NC,State House,101,general,Beverly Earle,Democratic,15184,74.3,True,True
2010,North Carolina,NC,State House,101,general,Rebecca H. Steen,Republican,5253,25.7,False,False
2010,North Carolina,NC,State House,102,general,Becky Carney,Democratic,10993,100.0,True,True
2010,North Carolina,NC,State House,103,general,Bill Brawley,Republican,13790,56.01,True,False
2010,North Carolina,NC,State House,103,general,Ann Newman,Democratic,10830,43.99,False,False
2010,North Carolina,NC,State House,104,general,Ruth Samuelson,Republican,20001,74.74,True,True
2010,North Carolina,NC,State House,104,general,Frank Deaton,Democratic,6758,25.26,False,False
2010,North Carolina,NC,State House,105,general,Ric Killian,Republican,22857,100.0,True,True
2010,North Carolina,NC,State House,106,general,Martha Alexander,Democratic,10278,59.5,True,True
2010,North Carolina,NC,State House,106,general,Michael Cavallo,Republican,6996,40.5,False,False
2010,North Carolina,NC,State House,107,general,Kelly Alexander,Democratic,13132,67.26,True,True
2010,North Carolina,NC,State House,107,general,Debbie Ware,Republican,6392,32.74,False,False
2010,North Carolina,NC,State House,108,general,John Torbett,Republican,15034,100.0,True,False
2010,North Carolina,NC,State House,109,general,William Current,Republican,12183,,True,True
2010,North Carolina,NC,State House,110,general,Kelly Hastings,Republican,12433,69.82,True,False
2010,North Carolina,NC,State House,110,general,John Eaker,Democratic,5373,30.18,False,False
2010,North Carolina,NC,State House,111,general,Tim Moore,Republican,11972,65.12,True,True
2010,North Carolina,NC,State House,111,general,Mary S. Accor,Democratic,6413,34.88,False,False
2010,North Carolina,NC,State House,112,general,Mike Hager,Republican,13486,65.18,True,False
2010,North Carolina,NC,State House,112,general,Jim Proctor,Democratic,7203,34.82,False,False
2010,North Carolina,NC,State House,113,general,David Guice,Republican,19641,100.0,True,True
2010,North Carolina,NC,State House,114,general,Susan Fisher,Democratic,14555,58.43,True,True
2010,North Carolina,NC,State House,114,general,John Carroll,Republican,10356,41.57,False,False
2010,North Carolina,NC,State House,115,general,Patsy Keever,Democratic,15775,56.22,True,True
2010,North Carolina,NC,State House,115,general,Mark Crawford,Republican,12282,43.78,False,False
2010,North Carolina,NC,State House,116,general,Tim Moffitt,Republican,14638,55.79,True,False
2010,North Carolina,NC,State House,116,general,Jane Whilden,Democratic,11598,44.21,False,True
2010,North Carolina,NC,State House,117,general,Chuck McGrady,Republican,20331,100.0,True,False
2010,North Carolina,NC,State House,118,general,Ray Rapp,Democratic,13267,54.66,True,True
2010,North Carolina,NC,State House,118,general,Samuel L. (Sam) Edwards,Republican,11006,45.34,False,False
2010,North Carolina,NC,State House,119,general,Phil Haire,Democratic,12637,55.95,True,True
2010,North Carolina,NC,State House,119,general,Dodie Allen,Republican,9951,44.05,False,False
2010,North Carolina,NC,State House,120,general,Roger West,Republican,20086,72.11,True,True
2010,North Carolina,NC,State House,120,general,Randy Hogsed,Democratic,7767,27.89,False,False
2010,Washington,WA,State House,1,general,Derek Stanford,Democratic,29181.0,53.2,True,False
2010,Washington,WA,State House,1,general,Dennis Richter,Republican,25672.0,46.8,False,False
2010,Washington,WA,State House,1,general,Luis Moscoso,Democratic,27736.0,50.95,False,False
2010,Washington,WA,State House,1,general,Heidi Munson,Republican,26704.0,49.05,False,False
2010,Washington,WA,State House,2,general,Representative Jim McCune,Republican,31459.0,58.99,True,False
2010,Washington,WA,State House,2,general,Marilyn Rasmussen,Democratic,21872.0,41.01,False,False
2010,Washington,WA,State House,2,general,J.T. Wilcox,Republican,29995.0,60.3,False,False
2010,Washington,WA,State House,2,general,Representative Tom Campbell,Republican,19751.0,39.7,False,False
2010,Washington,WA,State House,3,general,Andy Billig,Democratic,20291.0,60.32,False,False
2010,Washington,WA,State House,3,general,Dave White,Republican,13348.0,39.68,False,False
2010,Washington,WA,State House,3,general,Representative Timm Ormsby,Democratic,20596.0,60.96,True,False
2010,Washington,WA,State House,3,general,Morgan Oyler,Republican,13189.0,39.04,False,False
2010,Washington,WA,State House,4,general,Representative Larry Crouse,Republican,43339.0,100.0,False,False
2010,Washington,WA,State House,4,general,Representative Matt Shea,Republican,43425.0,100.0,True,False
2010,Washington,WA,State House,5,general,Representative Jay Rodne,Republican,38029.0,59.79,True,False
2010,Washington,WA,State House,5,general,Gregory Hoover,Democratic,25575.0,40.21,False,False
2010,Washington,WA,State House,5,general,Representative Glenn Anderson,Republican,36170.0,57.34,False,False
2010,Washington,WA,State House,5,general,David Spring,Democratic,26907.0,42.66,False,False
2010,Washington,WA,State House,6,general,Representative Kevin Parker,Republican,45650.0,100.0,True,False
2010,Washington,WA,State House,6,general,John Ahern,Republican,32133.0,51.78,False,False
2010,Washington,WA,State House,6,general,Representative John Driscoll,Democratic,29923.0,48.22,False,False
2010,Washington,WA,State House,7,general,Representative Shelly Short,Republican,41839.0,100.0,False,False
2010,Washington,WA,State House,7,general,Representative Joel Kretz,Republican,41998.0,100.0,True,False
2010,Washington,WA,State House,8,general,Brad Klippert,Republican,32555.0,61.32,False,False
2010,Washington,WA,State House,8,general,Carol L Moser,Democratic,20532.0,38.68,False,False
2010,Washington,WA,State House,8,general,Representative Larry Haler,Republican,43092.0,100.0,True,False
2010,Washington,WA,State House,9,general,Representative Susan Fagan,Republican,33864.0,100.0,True,False
2010,Washington,WA,State House,9,general,Representative Joe Schmick,Republican,29056.0,77.83,False,False
2010,Washington,WA,State House,9,general,Glen R. Stockwell,Republican,8275.0,22.17,False,False
2010,Washington,WA,State House,10,general,Representative Norma Smith,Republican,36190.0,60.58,True,False
2010,Washington,WA,State House,10,general,Laura Lewis,Democratic,23546.0,39.42,False,False
2010,Washington,WA,State House,10,general,Representative Barbara Bailey,Republican,34700.0,57.95,False,False
2010,Washington,WA,State House,10,general,Tom Riggs,Democratic,25175.0,42.05,False,False
2010,Washington,WA,State House,11,general,Representative Zack Hudgins,Democratic,22189.0,73.49,True,False
2010,Washington,WA,State House,11,general,Sarah Sanoy-Wright,,8004.0,26.51,False,False
2010,Washington,WA,State House,11,general,Representative Bob Hasegawa,Democratic,22105.0,70.07,False,False
2010,Washington,WA,State House,11,general,John Potter,Republican,9442.0,29.93,False,False
2010,Washington,WA,State House,12,general,Representative Cary Condotta,Republican,35630.0,100.0,True,False
2010,Washington,WA,State House,12,general,Representative Mike Armstrong,Republican,23643.0,53.62,False,False
2010,Washington,WA,State House,12,general,Cliff Courtney,Republican,20448.0,46.38,False,False
2010,Washington,WA,State House,13,general,Representative Judith Warnick,Republican,34889.0,100.0,False,False
2010,Washington,WA,State House,13,general,Representative Bill Hinkle,Republican,34923.0,85.06,True,False
2010,Washington,WA,State House,13,general,Anthony (El Tigrero) Novack,Moose,6134.0,14.94,False,False
2010,Washington,WA,State House,14,general,Representative Norm Johnson,Republican,19044.0,52.5,False,False
2010,Washington,WA,State House,14,general,Michele Strobel,Republican,17229.0,47.5,False,False
2010,Washington,WA,State House,14,general,Representative Charles Ross,Republican,31374.0,100.0,True,False
2010,Washington,WA,State House,15,general,Representative Bruce Chandler,Republican,20712.0,64.13,True,False
2010,Washington,WA,State House,15,general,Paul Spencer,Democratic,11585.0,35.87,False,False
2010,Washington,WA,State House,15,general,Representative David Taylor,Republican,19951.0,62.5,False,False
2010,Washington,WA,State House,15,general,Thomas (Tom) T. Silva,Democratic,11970.0,37.5,False,False
2010,Washington,WA,State House,16,general,Representative Maureen Walsh,Republican,33793.0,77.63,False,False
2010,Washington,WA,State House,16,general,Brenda High,Constitution,9736.0,22.37,False,False
2010,Washington,WA,State House,16,general,Representative Terry Nealey,Republican,36405.0,100.0,True,False
2010,Washington,WA,State House,17,general,Representative Tim Probst,Democratic,26298.0,53.18,True,False
2010,Washington,WA,State House,17,general,Brian Peck,Republican,22269.0,46.82,False,False
2010,Washington,WA,State House,17,general,Paul Harris,Republican,25342.0,53.62,False,False
2010,Washington,WA,State House,17,general,Monica Stonier,Democratic,21924.0,46.38,False,False
2010,Washington,WA,State House,18,general,Ann Rivers,Republican,37317.0,60.16,False,False
2010,Washington,WA,State House,18,general,Dennis Kampe,Democratic,24717.0,39.84,False,False
2010,Washington,WA,State House,18,general,Representative Ed Orcutt,Republican,47595.0,100.0,True,False
2010,Washington,WA,State House,19,general,Representative Dean Takko,Democratic,26504.0,59.4,True,False
2010,Washington,WA,State House,19,general,Kurt Swanson,Republican,18118.0,40.6,False,False
2010,Washington,WA,State House,19,general,Representative Brian Blake,Democratic,23354.0,52.42,False,False
2010,Washington,WA,State House,19,general,Tim Sutinen,Taxes,21201.0,47.58,False,False
2010,Washington,WA,State House,20,general,Representative Richard DeBolt,Republican,36363.0,64.2,False,False
2010,Washington,WA,State House,20,general,Corinne Tobeck,Democratic,20278.0,35.8,False,False
2010,Washington,WA,State House,20,general,Representative Gary Alexander,Republican,44715.0,100.0,True,False
2010,Washington,WA,State House,21,general,Representative Mary Helen Roberts,Democratic,26612.0,56.33,True,False
2010,Washington,WA,State House,21,general,Ed Borey,Republican,20633.0,43.67,False,False
2010,Washington,WA,State House,21,general,Representative Marko Liias,Democratic,25491.0,54.22,False,False
2010,Washington,WA,State House,21,general,Elizabeth Scott,Republican,21519.0,45.78,False,False
2010,Washington,WA,State House,22,general,Chris Reykdal,Democratic,34600.0,60.71,False,False
2010,Washington,WA,State House,22,general,Jason Hearn,Republican,22392.0,39.29,False,False
2010,Washington,WA,State House,22,general,Representative Sam Hunt,Democratic,39261.0,71.89,True,False
2010,Washington,WA,State House,22,general,Chris Ward,No party preference,15351.0,28.11,False,False
2010,Washington,WA,State House,23,general,Representative Sherry Appleton,Democratic,30666.0,54.28,False,False
2010,Washington,WA,State House,23,general,Pete DeBoer,Republican,25829.0,45.72,False,False
2010,Washington,WA,State House,23,general,Representative Christine Rolfes,Democratic,32351.0,57.6,True,False
2010,Washington,WA,State House,23,general,James M. Olsen,Republican,23812.0,42.4,False,False
2010,Washington,WA,State House,24,general,Representative Kevin Van De Wege,Democratic,34977.0,56.18,True,False
2010,Washington,WA,State House,24,general,Dan Gase,Republican,27277.0,43.82,False,False
2010,Washington,WA,State House,24,general,Steve Tharinger,Democratic,32300.0,52.33,False,False
2010,Washington,WA,State House,24,general,Jim McEntire,Republican,29427.0,47.67,False,False
2010,Washington,WA,State House,25,general,Representative Bruce Dammeier,Republican,31419.0,63.66,True,False
2010,Washington,WA,State House,25,general,John Thompson,Democratic,17935.0,36.34,False,False
2010,Washington,WA,State House,25,general,Hans Zeiger,Republican,24919.0,50.05,False,False
2010,Washington,WA,State House,25,general,Representative Dawn Morrell,Democratic,24872.0,49.95,False,False
2010,Washington,WA,State House,26,general,Representative Jan Angel,Republican,33716.0,60.75,True,False
2010,Washington,WA,State House,26,general,Sumner Schoenike,Democratic,21785.0,39.25,False,False
2010,Washington,WA,State House,26,general,Representative Larry Seaquist,Democratic,28942.0,52.17,False,False
2010,Washington,WA,State House,26,general,Doug Richards,Republican,26535.0,47.83,False,False
2010,Washington,WA,State House,27,general,Laurie Jinkins,Democratic,19503.0,54.0,False,False
2010,Washington,WA,State House,27,general,Jake Fey,Democratic,16611.0,46.0,False,False
2010,Washington,WA,State House,27,general,Representative Jeannie Darneille,Democratic,24296.0,62.85,True,False
2010,Washington,WA,State House,27,general,Jon M. Higley,Republican,14363.0,37.15,False,False
2010,Washington,WA,State House,28,general,Representative Troy Kelley,Democratic,21347.0,52.87,True,False
2010,Washington,WA,State House,28,general,Steve O'Ban,Republican,19026.0,47.13,False,False
2010,Washington,WA,State House,28,general,Representative Tami Green,Democratic,20712.0,51.53,False,False
2010,Washington,WA,State House,28,general,Paul Wagemann,Republican,19481.0,48.47,False,False
2010,Washington,WA,State House,29,general,Connie Ladenburg,Democratic,15934.0,59.94,False,False
2010,Washington,WA,State House,29,general,Steven T. Cook,Republican,10651.0,40.06,False,False
2010,Washington,WA,State House,29,general,Representative Steve Kirby,Democratic,17146.0,64.66,True,False
2010,Washington,WA,State House,29,general,Jesse Miller,Republican,9373.0,35.34,False,False
2010,Washington,WA,State House,30,general,Representative Mark Miloscia,Democratic,22726.0,59.5,True,False
2010,Washington,WA,State House,30,general,Shawn Sullivan,Republican,15466.0,40.5,False,False
2010,Washington,WA,State House,30,general,Carol Gregory,Democratic,18829.0,49.6,False,False
2010,Washington,WA,State House,30,general,Katrina Asay,Republican,19130.0,50.4,False,False
2010,Washington,WA,State House,31,general,Cathy Dahlquist,Republican,22254.0,53.17,False,False
2010,Washington,WA,State House,31,general,Shawn Bunney,Republican,20479.0,46.83,False,False
2010,Washington,WA,State House,31,general,Representative Christopher Hurst,Democratic,27396.0,58.03,True,False
2010,Washington,WA,State House,31,general,Patrick Reed,Republican,19815.0,41.97,False,False
2010,Washington,WA,State House,32,general,Cindy Ryu,Democratic,33550.0,61.15,False,False
2010,Washington,WA,State House,32,general,Art Coday,Republican,21314.0,38.85,False,False
2010,Washington,WA,State House,32,general,Representative Ruth Kagi,Democratic,35344.0,64.47,True,False
2010,Washington,WA,State House,32,general,Gary Gagliardi,Republican,19480.0,35.53,False,False
2010,Washington,WA,State House,33,general,Representative Tina Orwall,Democratic,,,True,False
2010,Washington,WA,State House,33,general,Representative Dave Upthegrove,Democratic,,,False,False
2010,Washington,WA,State House,34,general,Representative Eileen Cody,Democratic,38774.0,80.59,True,False
2010,Washington,WA,State House,34,general,Ray Carter,Republican,9338.0,19.41,False,False
2010,Washington,WA,State House,34,general,Joe Fitzgibbon,Democratic,26187.0,57.3,False,False
2010,Washington,WA,State House,34,general,Mike Heavey,Democratic,19514.0,42.7,False,False
2010,Washington,WA,State House,35,general,Representative Kathy Haigh,Democratic,28590.0,50.91,False,False
2010,Washington,WA,State House,35,general,Daniel (Dan) Griffey,Republican,27566.0,49.09,False,False
2010,Washington,WA,State House,35,general,Representative Fred Finn,Democratic,29543.0,53.46,True,False
2010,Washington,WA,State House,35,general,Linda Simpson,Republican,25724.0,46.54,False,False
2010,Washington,WA,State House,36,general,Representative Reuven Carlyle,Democratic,,,False,False
2010,Washington,WA,State House,36,general,Representative Mary Lou Dickerson,Democratic,49778.0,81.29,True,False
2010,Washington,WA,State House,36,general,Jill England,Republican,11459.0,18.71,False,False
2010,Washington,WA,State House,37,general,Representative Sharon Tomiko Santos,Democratic,,,False,False
2010,Washington,WA,State House,37,general,Representative Eric Pettigrew,Democratic,30787.0,84.37,True,False
2010,Washington,WA,State House,37,general,John Stafford,Democratic,5702.0,15.63,False,False
2010,Washington,WA,State House,38,general,Representative John McCoy,Democratic,21875.0,57.89,False,False
2010,Washington,WA,State House,38,general,Hugh Fleet,Republican,15910.0,42.11,False,False
2010,Washington,WA,State House,38,general,Representative Mike Sells,Democratic,22043.0,58.55,True,False
2010,Washington,WA,State House,38,general,Iris Lilly,Republican,15602.0,41.45,False,False
2010,Washington,WA,State House,39,general,Representative Dan Kristiansen,Republican,31578.0,59.44,True,False
2010,Washington,WA,State House,39,general,Eleanor Walters,Democratic,21544.0,40.56,False,False
2010,Washington,WA,State House,39,general,Representative Kirk Pearson,Republican,,,False,False
2010,Washington,WA,State House,40,general,Kristine Lytton,Democratic,33304.0,57.31,True,False
2010,Washington,WA,State House,40,general,Mike Newman,Republican,24812.0,42.69,False,False
2010,Washington,WA,State House,40,general,Representative Jeff Morris,Democratic,33064.0,56.87,False,False
2010,Washington,WA,State House,40,general,John Swapp,Republican,25079.0,43.13,False,False
2010,Washington,WA,State House,41,general,Representative Marcie Maxwell,Democratic,32205.0,54.11,False,False
2010,Washington,WA,State House,41,general,Peter Dunbar,Republican,27309.0,45.89,False,False
2010,Washington,WA,State House,41,general,Representative Judy Clibborn,Democratic,35015.0,59.99,True,False
2010,Washington,WA,State House,41,general,Stephen Strader,Republican,23350.0,40.01,False,False
2010,Washington,WA,State House,42,general,Jason Overstreet,Republican,31885.0,52.75,True,False
2010,Washington,WA,State House,42,general,Al Jensen,Democratic,28558.0,47.25,False,False
2010,Washington,WA,State House,42,general,Representative Kelli Linville,Democratic,30454.0,49.87,False,False
2010,Washington,WA,State House,42,general,Vincent Buys,Republican,30608.0,50.13,False,False
2010,Washington,WA,State House,43,general,Representative Jamie Pedersen,Democratic,,,True,False
2010,Washington,WA,State House,43,general,Representative Frank Chopp,Democratic,,,False,False
2010,Washington,WA,State House,43,general,Kim Verde,Republican,,,False,False
2010,Washington,WA,State House,44,general,Representative Hans Dunshee,Democratic,,,False,False
2010,Washington,WA,State House,44,general,Shahram Hadian,Republican,,,False,False
2010,Washington,WA,State House,44,general,Bob McCaughan,Republican,,,False,False
2010,Washington,WA,State House,44,general,Representative Mike Hope,Republican,38816.0,65.25,True,False
2010,Washington,WA,State House,44,general,John Boerger,Democratic,20673.0,34.75,False,False
2010,Washington,WA,State House,45,general,Representative Roger Goodman,Democratic,29242.0,51.33,False,False
2010,Washington,WA,State House,45,general,Kevin Haistings,Republican,27731.0,48.67,False,False
2010,Washington,WA,State House,45,general,Representative Larry Springer,Democratic,33083.0,58.22,True,False
2010,Washington,WA,State House,45,general,Mark Isaacs,Republican,23738.0,41.78,False,False
2010,Washington,WA,State House,46,general,David Frockt,Democratic,,,True,False
2010,Washington,WA,State House,46,general,Representative Phyllis Gutierrez Kenney,Democratic,,,False,False
2010,Washington,WA,State House,46,general,Beau Gunderson,Independent (politician),,,False,False
2010,Washington,WA,State House,47,general,Representative Geoff Simpson,Democratic,19943.0,43.67,False,False
2010,Washington,WA,State House,47,general,Mark Hargrove,Republican,25728.0,56.33,False,False
2010,Washington,WA,State House,47,general,Representative Pat Sullivan,Democratic,25813.0,57.13,True,False
2010,Washington,WA,State House,47,general,Rodrigo M. Yanez,Republican,19368.0,42.87,False,False
2010,Washington,WA,State House,48,general,Representative Ross Hunter,Democratic,25981.0,54.0,True,False
2010,Washington,WA,State House,48,general,Diane Tebelius,Republican,21283.0,46.0,False,False
2010,Washington,WA,State House,48,general,Representative Deborah Eddy,Democratic,25941.0,57.31,False,False
2010,Washington,WA,State House,48,general,Philip L. Wilson,Republican,19321.0,42.69,False,False
2010,Washington,WA,State House,49,general,Representative Jim Jacks,Democratic,23381.0,57.14,True,False
2010,Washington,WA,State House,49,general,Bill Cismar,Republican,17540.0,42.86,False,False
2010,Washington,WA,State House,49,general,Representative Jim Moeller,Democratic,21975.0,53.48,False,False
2010,Washington,WA,State House,49,general,Craig Riley,Republican,19118.0,46.52,False,False
