year,state,state_code,chamber,district,race,candidate,party,votes,percentage,winner,incumbent
2006,Arizona,AZ,State House,1,general,Lucy Mason,Republican,39402.0,34.62,True,True
2006,Arizona,AZ,State House,1,general,Andy Tobin,Republican,34586.0,30.39,True,False
2006,Arizona,AZ,State House,1,general,Wesley Edmonds,Democratic,27372.0,24.05,False,False
2006,Arizona,AZ,State House,1,general,George Seaman,Nonpartisan,12437.0,10.93,False,False
2006,Arizona,AZ,State House,2,general,Ann Kirkpatrick,Democratic,26787.0,45.48,True,True
2006,Arizona,AZ,State House,2,general,Albert Tom,Democratic,22863.0,38.82,True,True
2006,Arizona,AZ,State House,2,general,Preston J. Korn,Republican,9247.0,15.7,False,False
2006,Arizona,AZ,State House,3,general,Trish Groe,Republican,24447.0,36.81,True,True
2006,Arizona,AZ,State House,3,general,Nancy McLain,Republican,24301.0,36.59,True,True
2006,Arizona,AZ,State House,3,general,Luis Lopez,Democratic,17659.0,26.59,False,False
2006,Arizona,AZ,State House,4,general,Tom Boone,Republican,45309.0,30.69,True,True
2006,Arizona,AZ,State House,4,general,Judy M. Burges,Republican,43919.0,29.75,True,True
2006,Arizona,AZ,State House,4,general,Debra Boehlke,Democratic,30702.0,20.8,False,False
2006,Arizona,AZ,State House,4,general,Sue Dolphin,Democratic,27687.0,18.76,False,False
2006,Arizona,AZ,State House,5,general,Bill Konopnicki,Republican,29393.0,53.84,True,True
2006,Arizona,AZ,State House,5,general,Jack A. Brown,Democratic,25197.0,46.16,True,True
2006,Arizona,AZ,State House,6,general,Doug Clark,Republican,29526.0,51.45,True,False
2006,Arizona,AZ,State House,6,general,Sam Crump,Republican,27861.0,48.55,True,False
2006,Arizona,AZ,State House,7,general,Nancy Barto,Republican,29952.0,29.74,True,True
2006,Arizona,AZ,State House,7,general,Ray Barnes,Republican,27897.0,27.7,True,True
2006,Arizona,AZ,State House,7,general,Marilyn Fox,Democratic,21143.0,20.99,False,False
2006,Arizona,AZ,State House,7,general,Jeanne Lunn,Democratic,19601.0,19.46,False,False
2006,Arizona,AZ,State House,7,general,Jim Iannuzo,Libertarian,2128.0,2.11,False,False
2006,Arizona,AZ,State House,8,general,Michele Reagan,Republican,40118.0,32.89,True,True
2006,Arizona,AZ,State House,8,general,John Kavanagh,Republican,35260.0,28.9,True,False
2006,Arizona,AZ,State House,8,general,Stephanie Rimmer,Democratic,26684.0,21.87,False,False
2006,Arizona,AZ,State House,8,general,H. William Sandberg,Democratic,19931.0,16.34,False,False
2006,Arizona,AZ,State House,9,general,Bob Stump,Republican,28475.0,37.4,True,True
2006,Arizona,AZ,State House,9,general,Rick Murphy,Republican,24208.0,31.79,True,True
2006,Arizona,AZ,State House,9,general,Sheri Van Horsen,Democratic,23457.0,30.81,False,False
2006,Arizona,AZ,State House,10,general,James Weiers,Republican,17093.0,27.38,True,True
2006,Arizona,AZ,State House,10,general,Jackie Thrasher,Democratic,16735.0,26.81,True,False
2006,Arizona,AZ,State House,10,general,Doug Quelland,Republican,16504.0,26.44,False,True
2006,Arizona,AZ,State House,10,general,Lamont Lovejoy,Democratic,12100.0,19.38,False,False
2006,Arizona,AZ,State House,11,general,Adam Driggs,Republican,29505.0,34.58,True,False
2006,Arizona,AZ,State House,11,general,Mark Anthony Desimone,Democratic,28470.0,33.37,True,False
2006,Arizona,AZ,State House,11,general,Don Hesselbrock,Republican,27353.0,32.06,False,False
2006,Arizona,AZ,State House,12,general,John Nelson,Republican,32493.0,52.36,True,True
2006,Arizona,AZ,State House,12,general,Jerry Weiers,Republican,29560.0,47.64,True,True
2006,Arizona,AZ,State House,13,general,Martha Garcia,Democratic,10642.0,52.02,True,True
2006,Arizona,AZ,State House,13,general,Steve Gallardo,Democratic,9814.0,47.98,True,True
2006,Arizona,AZ,State House,14,general,Robert Meza,Democratic,8172.0,38.24,True,True
2006,Arizona,AZ,State House,14,general,Chad Campbell,Democratic,7560.0,35.38,True,False
2006,Arizona,AZ,State House,14,general,John Stevens,Republican,4469.0,20.91,False,False
2006,Arizona,AZ,State House,14,general,Mike Renzulli,Libertarian,1169.0,5.47,False,False
2006,Arizona,AZ,State House,15,general,David Lujan,Democratic,15951.0,33.12,True,True
2006,Arizona,AZ,State House,15,general,Kyrsten Sinema,Democratic,15723.0,32.64,True,True
2006,Arizona,AZ,State House,15,general,Robert Gear,Republican,7689.0,15.96,False,False
2006,Arizona,AZ,State House,15,general,William Wheat,Republican,7305.0,15.17,False,False
2006,Arizona,AZ,State House,15,general,Richard Buck,Libertarian,1499.0,3.11,False,False
2006,Arizona,AZ,State House,16,general,Ben R. Miranda,Democratic,13182.0,41.18,True,True
2006,Arizona,AZ,State House,16,general,Cloves C. Campbell Jr.,Democratic,12356.0,38.6,True,False
2006,Arizona,AZ,State House,16,general,Daniel Coleman,Republican,6469.0,20.21,False,False
2006,Arizona,AZ,State House,17,general,Ed Ableser,Democratic,21170.0,28.04,True,False
2006,Arizona,AZ,State House,17,general,David Schapira,Democratic,21035.0,27.86,True,False
2006,Arizona,AZ,State House,17,general,Laura Knaperek,Republican,18407.0,24.38,False,True
2006,Arizona,AZ,State House,17,general,Dale Despain,Republican,14883.0,19.71,False,False
2006,Arizona,AZ,State House,18,general,Mark Anderson,Republican,16196.0,36.46,True,True
2006,Arizona,AZ,State House,18,general,Russell Pearce,Republican,15139.0,34.08,True,True
2006,Arizona,AZ,State House,18,general,Tammie Pursley,Democratic,13083.0,29.45,False,False
2006,Arizona,AZ,State House,19,general,Rich Crandall,Republican,29273.0,36.65,True,False
2006,Arizona,AZ,State House,19,general,Kirk Adams,Republican,28288.0,35.41,True,True
2006,Arizona,AZ,State House,19,general,Lara Wibeto,Democratic,22319.0,27.94,False,False
2006,Arizona,AZ,State House,20,general,John McComish,Republican,29531.0,42.58,True,True
2006,Arizona,AZ,State House,20,general,Bob Robson,Republican,26963.0,38.88,True,True
2006,Arizona,AZ,State House,20,general,Jack Heald,Libertarian,12857.0,18.54,False,False
2006,Arizona,AZ,State House,21,general,Steve Yarbrough,Republican,34703.0,38.33,True,True
2006,Arizona,AZ,State House,21,general,Warde V. Nichols,Republican,28353.0,31.31,True,True
2006,Arizona,AZ,State House,21,general,Phil Hettmansperger,Democratic,27490.0,30.36,False,False
2006,Arizona,AZ,State House,22,general,Eddie Farnsworth,Republican,38817.0,41.26,True,True
2006,Arizona,AZ,State House,22,general,Andy Biggs,Republican,38085.0,40.48,True,True
2006,Arizona,AZ,State House,22,general,Edward Schwebel,Libertarian,17173.0,18.25,False,False
2006,Arizona,AZ,State House,23,general,Pete Rios,Democratic,21484.0,29.02,True,True
2006,Arizona,AZ,State House,23,general,Barbara McGuire,Democratic,18050.0,24.39,True,False
2006,Arizona,AZ,State House,23,general,Frank Pratt,Republican,17756.0,23.99,False,False
2006,Arizona,AZ,State House,23,general,John Fillmore,Republican,16730.0,22.6,False,False
2006,Arizona,AZ,State House,24,general,Lynne Pancrazi,Democratic,14883.0,28.83,True,False
2006,Arizona,AZ,State House,24,general,Theresa Ulmer,Democratic,11980.0,23.21,True,False
2006,Arizona,AZ,State House,24,general,Ken Rosevear,Republican,11822.0,22.9,False,False
2006,Arizona,AZ,State House,24,general,"Joseph ""Mel"" Melchionne",Republican,11417.0,22.12,False,False
2006,Arizona,AZ,State House,24,general,Rodney Martin,Reform,1516.0,2.94,False,False
2006,Arizona,AZ,State House,25,general,"Manuel V. ""Manny"" Alvarez",Democratic,21476.0,27.14,True,True
2006,Arizona,AZ,State House,25,general,Jennifer J. Burns,Republican,19302.0,24.39,True,True
2006,Arizona,AZ,State House,25,general,Patricia Fleming,Democratic,18518.0,23.4,False,False
2006,Arizona,AZ,State House,25,general,Gail Griffin,Republican,18498.0,23.37,False,False
2006,Arizona,AZ,State House,25,general,Bill Dore,Nonpartisan,1347.0,1.7,False,False
2006,Arizona,AZ,State House,26,general,Pete Hershberger,Republican,39733.0,38.38,True,True
2006,Arizona,AZ,State House,26,general,Lena S. Saradnik,Democratic,34520.0,33.35,True,False
2006,Arizona,AZ,State House,26,general,David A. Jorgenson,Republican,29267.0,28.27,False,False
2006,Arizona,AZ,State House,27,general,Olivia Cajero Bedford,Democratic,24756.0,42.85,True,True
2006,Arizona,AZ,State House,27,general,Phil Lopes,Democratic,21697.0,37.55,True,True
2006,Arizona,AZ,State House,27,general,Gene Chewning,Republican,11327.0,19.6,False,False
2006,Arizona,AZ,State House,28,general,Steve Farley,Democratic,30941.0,39.01,True,False
2006,Arizona,AZ,State House,28,general,David Bradley,Democratic,30575.0,38.55,True,True
2006,Arizona,AZ,State House,28,general,Bill Phillips,Republican,17805.0,22.45,False,False
2006,Arizona,AZ,State House,29,general,Linda Lopez,Democratic,19225.0,42.97,True,True
2006,Arizona,AZ,State House,29,general,Tom Prezelski,Democratic,14756.0,32.98,True,True
2006,Arizona,AZ,State House,29,general,Bruce P. Murchison,Republican,10763.0,24.05,False,False
2006,Arizona,AZ,State House,30,general,Marian Ann McClure,Republican,41502.0,36.23,True,True
2006,Arizona,AZ,State House,30,general,Jonathan Paton,Republican,39201.0,34.22,True,True
2006,Arizona,AZ,State House,30,general,Clarence Boykins,Democratic,33864.0,29.56,False,False
2006,California,CA,State House,1,general,Patty Berg,Democratic,99626.0,64.74,True,True
2006,California,CA,State House,1,general,Ray Tyrone,Republican,47196.0,30.67,False,False
2006,California,CA,State House,1,general,Thomas Reed,Libertarian,7011.0,4.56,False,False
2006,California,CA,State House,1,general,Robert Parker (write-in),Independent (politician),51.0,0.03,False,False
2006,California,CA,State House,2,general,Doug LaMalfa,Republican,95723.0,68.07,True,True
2006,California,CA,State House,2,general,Melvin Smith,Democratic,41425.0,29.46,False,False
2006,California,CA,State House,2,general,Phil Dynan,Freedom,3474.0,2.47,False,False
2006,California,CA,State House,3,general,Rick Keene,Republican,87758.0,61.0,True,True
2006,California,CA,State House,3,general,Michael J. Harrington,Democratic,56101.0,39.0,False,False
2006,California,CA,State House,4,general,Ted Gaines,Republican,96958.0,58.83,True,False
2006,California,CA,State House,4,general,Robert Haswell,Democratic,57401.0,34.83,False,False
2006,California,CA,State House,4,general,Michael Murphy,Libertarian,5423.0,3.29,False,False
2006,California,CA,State House,4,general,Gerald Fritts,Green,5025.0,3.05,False,False
2006,California,CA,State House,5,general,Roger Niello,Republican,84334.0,61.68,True,True
2006,California,CA,State House,5,general,Brandon Bell,Democratic,48325.0,35.34,False,False
2006,California,CA,State House,5,general,Mike Lopez,Freedom,4068.0,2.98,False,False
2006,California,CA,State House,6,general,Jared Huffman,Democratic,106589.0,65.84,True,False
2006,California,CA,State House,6,general,Michael Hartnett,Republican,43864.0,27.09,False,False
2006,California,CA,State House,6,general,Cat Woods,Green,6922.0,4.28,False,False
2006,California,CA,State House,6,general,Richard Olmstead,Libertarian,4519.0,2.79,False,False
2006,California,CA,State House,7,general,Noreen Evans,Democratic,99262.0,98.55,True,True
2006,California,CA,State House,7,general,Raylene Wiesner (write-in),Republican,1464.0,1.45,False,False
2006,California,CA,State House,8,general,Lois Wolk,Democratic,78171.0,66.02,True,True
2006,California,CA,State House,8,general,John Gould,Republican,40238.0,33.98,False,False
2006,California,CA,State House,9,general,Dave Jones,Democratic,61932.0,69.91,True,True
2006,California,CA,State House,9,general,William Chan,Republican,26652.0,30.09,False,False
2006,California,CA,State House,10,general,Alan Nakanishi,Republican,84455.0,60.79,True,True
2006,California,CA,State House,10,general,Jim Cook,Democratic,46858.0,33.73,False,False
2006,California,CA,State House,10,general,Janice Bonser,Libertarian,4636.0,3.34,False,False
2006,California,CA,State House,10,general,Albert Troyer,Freedom,1974.0,1.42,False,False
2006,California,CA,State House,11,general,Mark DeSaulnier,Democratic,69054.0,66.5,True,False
2006,California,CA,State House,11,general,Arne Simonsen,Republican,31048.0,29.9,False,False
2006,California,CA,State House,11,general,Cory Nott,Libertarian,3743.0,3.6,False,False
2006,California,CA,State House,12,general,Fiona Ma,Democratic,73922.0,71.0,True,False
2006,California,CA,State House,12,general,Howard Epstein,Republican,17020.0,16.35,False,False
2006,California,CA,State House,12,general,Barry Hermanson,Green,13174.0,12.65,False,False
2006,California,CA,State House,13,general,Mark Leno,Democratic,110937.0,86.88,True,True
2006,California,CA,State House,13,general,Ramiro Maldonado,Republican,16760.0,13.12,False,False
2006,California,CA,State House,14,general,Loni Hancock,Democratic,116879.0,81.72,True,True
2006,California,CA,State House,14,general,Leigh Wolf,Republican,26140.0,18.28,False,False
2006,California,CA,State House,15,general,Guy Houston,Republican,89039.0,54.79,True,True
2006,California,CA,State House,15,general,Terry Coleman,Democratic,73466.0,45.21,False,False
2006,California,CA,State House,16,general,Sandré Swanson,Democratic,91696.0,90.1,True,False
2006,California,CA,State House,16,general,Edward Ytuarte,Freedom,10071.0,9.9,False,False
2006,California,CA,State House,17,general,Cathleen Galgiani,Democratic,47675.0,59.76,True,False
2006,California,CA,State House,17,general,Gerald Machado,Republican,32107.0,40.24,False,False
2006,California,CA,State House,18,general,Mary Hayashi,Democratic,69411.0,67.85,True,False
2006,California,CA,State House,18,general,Jill Buck,Republican,32897.0,32.15,False,False
2006,California,CA,State House,19,general,Gene Mullin,Democratic,88849.0,74.19,True,True
2006,California,CA,State House,19,general,Elsie Gufler,Republican,30908.0,25.81,False,False
2006,California,CA,State House,20,general,Alberto Torrico,Democratic,61238.0,65.3,True,True
2006,California,CA,State House,20,general,Ken Nishimura,Republican,32548.0,34.7,False,False
2006,California,CA,State House,21,general,Ira Ruskin,Democratic,95104.0,67.77,True,True
2006,California,CA,State House,21,general,Virginia Kiraly,Republican,45314.0,32.23,False,False
2006,California,CA,State House,22,general,Sally Lieber,Democratic,66941.0,68.79,True,True
2006,California,CA,State House,22,general,Roger Riffenburgh,Republican,30369.0,31.21,False,False
2006,California,CA,State House,23,general,Joe Coto,Democratic,49977.0,73.88,True,True
2006,California,CA,State House,23,general,Mark Patrosso,Republican,17671.0,26.12,False,False
2006,California,CA,State House,24,general,Jim Beall,Democratic,75769.0,65.25,True,False
2006,California,CA,State House,24,general,Lawrence Hileman,Republican,36425.0,31.37,False,False
2006,California,CA,State House,24,general,Lionel Silva,Libertarian,3934.0,3.39,False,False
2006,California,CA,State House,25,general,Tom Berryhill,Republican,79594.0,62.24,True,False
2006,California,CA,State House,25,general,James Bufford,Democratic,42158.0,32.97,False,False
2006,California,CA,State House,25,general,Michael Dell'Orto,Libertarian,6123.0,4.79,False,False
2006,California,CA,State House,26,general,Greg Aghazarian,Republican,54703.0,58.39,True,True
2006,California,CA,State House,26,general,Kenneth Goeken,Democratic,38990.0,41.61,False,False
2006,California,CA,State House,27,general,John Laird,Democratic,99530.0,70.12,True,True
2006,California,CA,State House,27,general,Michael Morrison,Republican,42411.0,29.88,False,False
2006,California,CA,State House,28,general,Anna Caballero,Democratic,43570.0,57.42,True,False
2006,California,CA,State House,28,general,Ignacio Velazquez,Republican,32303.0,42.58,False,False
2006,California,CA,State House,29,general,Mike Villines,Republican,76719.0,65.49,True,True
2006,California,CA,State House,29,general,Benjamin Avila,Democratic,35163.0,30.02,False,False
2006,California,CA,State House,29,general,John Crockford,Freedom,3784.0,3.23,False,False
2006,California,CA,State House,29,general,Jonathan Zwickel,Libertarian,1479.0,1.26,False,False
2006,California,CA,State House,30,general,Nicole Parra,Democratic,28244.0,51.56,True,True
2006,California,CA,State House,30,general,Danny Gilmore,Republican,26527.0,48.44,False,False
2006,California,CA,State House,31,general,Juan Arambula,Democratic,45004.0,100.0,True,True
2006,California,CA,State House,32,general,Jean Fuller,Republican,85055.0,71.69,True,False
2006,California,CA,State House,32,general,Maribel Vega,Democratic,33594.0,28.31,False,False
2006,California,CA,State House,33,general,Sam Blakeslee,Republican,91393.0,67.01,True,True
2006,California,CA,State House,33,general,Robert Cuthbert,Democratic,44991.0,32.99,False,False
2006,California,CA,State House,34,general,Bill Maze,Republican,56880.0,68.33,True,True
2006,California,CA,State House,34,general,Desmond Farrelly,Democratic,23575.0,28.32,False,False
2006,California,CA,State House,34,general,David Silva,Green,2793.0,3.36,False,False
2006,California,CA,State House,35,general,Pedro Nava,Democratic,77868.0,68.32,True,True
2006,California,CA,State House,35,general,Cristina Martin,Republican,46109.0,31.68,False,False
2006,California,CA,State House,36,general,Sharon Runner,Republican,55712.0,61.51,True,True
2006,California,CA,State House,36,general,Robert Bynum,Democratic,34863.0,38.49,False,False
2006,California,CA,State House,37,general,Audra Strickland,Republican,78493.0,57.38,True,True
2006,California,CA,State House,37,general,Ferial Masry,Democratic,58305.0,42.62,False,False
2006,California,CA,State House,38,general,Cameron Smyth,Republican,70193.0,56.5,True,False
2006,California,CA,State House,38,general,Lyn Shaw,Democratic,46926.0,37.77,False,False
2006,California,CA,State House,38,general,Peggy Christensen,Libertarian,7116.0,5.73,False,False
2006,California,CA,State House,39,general,Richard Alarcón,Democratic,40603.0,100.0,True,False
2006,California,CA,State House,40,general,Lloyd Levine,Democratic,50807.0,63.4,True,True
2006,California,CA,State House,40,general,Rick Montaine,Republican,29325.0,36.6,False,False
2006,California,CA,State House,41,general,Julia Brownley,Democratic,78380.0,61.74,True,False
2006,California,CA,State House,41,general,Tony Dolz,Republican,44543.0,35.09,False,False
2006,California,CA,State House,41,general,Conrad Frankowski,Libertarian,4027.0,3.17,False,False
2006,California,CA,State House,42,general,Michael Feuer,Democratic,94619.0,73.77,True,False
2006,California,CA,State House,42,general,Steven Sion,Republican,27539.0,21.47,False,False
2006,California,CA,State House,42,general,Colin Goldman,Libertarian,6101.0,4.76,False,False
2006,California,CA,State House,43,general,Paul Krekorian,Democratic,55871.0,63.12,True,False
2006,California,CA,State House,43,general,Michael Agbaba,Republican,26350.0,29.77,False,False
2006,California,CA,State House,43,general,Steve Myers,Libertarian,6296.0,7.11,False,False
2006,California,CA,State House,44,general,Anthony Portantino,Democratic,66206.0,58.31,True,False
2006,California,CA,State House,44,general,Scott Carwile,Republican,37699.0,33.2,False,False
2006,California,CA,State House,44,general,Barron Yanaga,Libertarian,4969.0,4.38,False,False
2006,California,CA,State House,44,general,Ricardo Costa,Green,4662.0,4.11,False,False
2006,California,CA,State House,45,general,Kevin de León,Democratic,45106.0,83.24,True,False
2006,California,CA,State House,45,general,Samantha Allen-Newman,Republican,9082.0,16.76,False,False
2006,California,CA,State House,46,general,Fabian Núñez,Democratic,30518.0,100.0,True,True
2006,California,CA,State House,47,general,Karen Bass,Democratic,84674.0,84.87,True,True
2006,California,CA,State House,47,general,Jeffers Dodge,Republican,15096.0,15.13,False,False
2006,California,CA,State House,48,general,Mike Davis,Democratic,43310.0,88.77,True,False
2006,California,CA,State House,48,general,Brenda Green,Republican,5479.0,11.23,False,False
2006,California,CA,State House,49,general,Mike Eng,Democratic,39326.0,63.21,True,False
2006,California,CA,State House,49,general,Esthela Siegrist,Republican,18021.0,28.97,False,False
2006,California,CA,State House,49,general,Laura Brown,Libertarian,4865.0,7.82,False,False
2006,California,CA,State House,50,general,Hector De La Torre,Democratic,39019.0,77.68,True,True
2006,California,CA,State House,50,general,Gladys Miller,Republican,11210.0,22.32,False,False
2006,California,CA,State House,51,general,Curren Price,Democratic,52671.0,73.94,True,False
2006,California,CA,State House,51,general,Ross Moen,Republican,16241.0,22.8,False,False
2006,California,CA,State House,51,general,Carl Swinney,Libertarian,2322.0,3.26,False,False
2006,California,CA,State House,52,general,Mervyn Dymally,Democratic,37959.0,100.0,True,True
2006,California,CA,State House,53,general,Ted Lieu,Democratic,75491.0,58.47,True,True
2006,California,CA,State House,53,general,Mary Ford,Republican,47534.0,36.82,False,False
2006,California,CA,State House,53,general,Peter Thottam,Green,3070.0,2.38,False,False
2006,California,CA,State House,53,general,Karl Abrams,Freedom,2997.0,2.32,False,False
2006,California,CA,State House,54,general,Betty Karnette,Democratic,69890.0,60.76,True,True
2006,California,CA,State House,54,general,Michael Jackson,Republican,45128.0,39.24,False,False
2006,California,CA,State House,55,general,Laura Richardson,Democratic,50006.0,68.1,True,False
2006,California,CA,State House,55,general,Margherita Underhill,Republican,23421.0,31.9,False,False
2006,California,CA,State House,56,general,Tony Mendoza,Democratic,43666.0,57.72,True,False
2006,California,CA,State House,56,general,Grace Hu,Republican,31991.0,42.28,False,False
2006,California,CA,State House,57,general,Edward Hernandez,Democratic,44025.0,63.06,True,False
2006,California,CA,State House,57,general,Holly Carver,Republican,25790.0,36.94,False,False
2006,California,CA,State House,58,general,Charles Calderon,Democratic,53879.0,69.39,True,False
2006,California,CA,State House,58,general,Jim Kleinpell,Republican,23766.0,30.61,False,False
2006,California,CA,State House,59,general,Anthony Adams,Republican,67499.0,55.78,True,False
2006,California,CA,State House,59,general,Elliott Barkan,Democratic,45655.0,37.73,False,False
2006,California,CA,State House,59,general,Jill Stone,Libertarian,7845.0,6.48,False,False
2006,California,CA,State House,60,general,Bob Huff,Republican,74721.0,69.96,True,True
2006,California,CA,State House,60,general,Van Tamom,Democratic,32090.0,30.04,False,False
2006,California,CA,State House,61,general,Nell Soto,Democratic,36482.0,62.77,True,False
2006,California,CA,State House,61,general,Benjamin Lopez,Republican,21639.0,37.23,False,False
2006,California,CA,State House,62,general,Wilmer Carter,Democratic,33747.0,68.24,True,False
2006,California,CA,State House,62,general,Marge Mendoza-Ware,Republican,15704.0,31.76,False,False
2006,California,CA,State House,63,general,Bill Emmerson,Republican,59340.0,59.94,True,True
2006,California,CA,State House,63,general,Mark Westwood,Democratic,39655.0,40.06,False,False
2006,California,CA,State House,64,general,John Benoit,Republican,66501.0,61.11,True,True
2006,California,CA,State House,64,general,Paul Rasso,Democratic,42314.0,38.89,False,False
2006,California,CA,State House,65,general,Paul Cook,Republican,67669.0,59.92,True,False
2006,California,CA,State House,65,general,Rita Ramirez-Dean,Democratic,41906.0,37.11,False,False
2006,California,CA,State House,65,general,Jon Taleb,Freedom,3358.0,2.97,False,False
2006,California,CA,State House,66,general,Kevin Jeffries,Republican,62582.0,61.56,True,False
2006,California,CA,State House,66,general,Laurel Nicholson,Democratic,39081.0,38.44,False,False
2006,California,CA,State House,67,general,Jim Silva,Republican,75001.0,64.05,True,False
2006,California,CA,State House,67,general,Ray Roberts,Democratic,42103.0,35.95,False,False
2006,California,CA,State House,68,general,Van Tran,Republican,55155.0,61.67,True,True
2006,California,CA,State House,68,general,Paul Lucas,Democratic,34277.0,38.33,False,False
2006,California,CA,State House,69,general,Jose Solorio,Democratic,28339.0,65.61,True,False
2006,California,CA,State House,69,general,Ryan Williams,Republican,14854.0,34.39,False,False
2006,California,CA,State House,70,general,Chuck DeVore,Republican,78724.0,60.47,True,True
2006,California,CA,State House,70,general,Michael Glover,Democratic,51453.0,39.53,False,False
2006,California,CA,State House,71,general,Todd Spitzer,Republican,83645.0,71.63,True,True
2006,California,CA,State House,71,general,Irene LaChance,Democratic,33135.0,28.37,False,False
2006,California,CA,State House,72,general,Michael Duvall,Republican,55664.0,59.14,True,False
2006,California,CA,State House,72,general,John MacMurray,Democratic,35352.0,37.56,False,False
2006,California,CA,State House,72,general,Brian Cross,Libertarian,3114.0,3.31,False,False
2006,California,CA,State House,73,general,Mimi Walters,Republican,75600.0,73.39,True,True
2006,California,CA,State House,73,general,Andrew Favor,Libertarian,27412.0,26.61,False,False
2006,California,CA,State House,74,general,Martin Garrick,Republican,72980.0,58.05,True,False
2006,California,CA,State House,74,general,Roxana Folescu,Democratic,52747.0,41.95,False,False
2006,California,CA,State House,75,general,George Plescia,Republican,77921.0,57.87,True,True
2006,California,CA,State House,75,general,Scott Meyer,Democratic,52881.0,39.27,False,False
2006,California,CA,State House,75,general,Edward Teyssier,Libertarian,3856.0,2.86,False,False
2006,California,CA,State House,76,general,Lori Saldaña,Democratic,73932.0,64.4,True,True
2006,California,CA,State House,76,general,Ralph Denney,Republican,39530.0,34.43,False,False
2006,California,CA,State House,76,general,Kim Tran (write-in),Republican,1335.0,1.16,False,False
2006,California,CA,State House,77,general,Joel Anderson,Republican,69436.0,60.56,True,False
2006,California,CA,State House,77,general,Christopher Larkin,Democratic,41292.0,36.02,False,False
2006,California,CA,State House,77,general,Rich Belitz,Libertarian,3921.0,3.42,False,False
2006,California,CA,State House,78,general,Shirley Horton,Republican,51983.0,50.89,True,True
2006,California,CA,State House,78,general,Maxine Sherard,Democratic,46846.0,45.86,False,False
2006,California,CA,State House,78,general,Geof Gibson,Libertarian,3324.0,3.25,False,False
2006,California,CA,State House,79,general,Mary Salas,Democratic,39437.0,62.77,True,False
2006,California,CA,State House,79,general,Jean Roesch,Republican,23395.0,37.23,False,False
2006,California,CA,State House,80,general,Bonnie Garcia,Republican,42459.0,51.52,True,True
2006,California,CA,State House,80,general,Steve Clute,Democratic,39946.0,48.48,False,False
2006,Delaware,DE,State House,1,general,Dennis Williams,Democratic,4695.0,100.0,True,True
2006,Delaware,DE,State House,2,general,Hazel Plant,Democratic,3094.0,100.0,True,True
2006,Delaware,DE,State House,3,general,Helene Keeley,Democratic,2828.0,100.0,True,True
2006,Delaware,DE,State House,4,general,Gerald Brady,Democratic,4053.0,54.99,True,False
2006,Delaware,DE,State House,4,general,Gary Linarducci,Republican,3317.0,45.01,False,False
2006,Delaware,DE,State House,5,general,Melanie George Marshall,Democratic,3568.0,100.0,True,True
2006,Delaware,DE,State House,6,general,Diana McWilliams,Democratic,4559.0,61.31,True,True
2006,Delaware,DE,State House,6,general,W. E. Smith,Republican,2647.0,35.59,False,False
2006,Delaware,DE,State House,6,general,Michael Dore,Independent,231.0,3.11,False,False
2006,Delaware,DE,State House,7,general,Wayne Smith,Republican,4526.0,55.28,True,True
2006,Delaware,DE,State House,7,general,Carl Colantuono,Democratic,3662.0,44.72,False,False
2006,Delaware,DE,State House,8,general,Bethany Hall-Long,Democratic,5864.0,77.04,True,True
2006,Delaware,DE,State House,8,general,Edward Colaprete,Republican,1748.0,22.96,False,False
2006,Delaware,DE,State House,9,general,Richard Cathcart,Republican,4416.0,53.47,True,True
2006,Delaware,DE,State House,9,general,Rebecca Walker,Democratic,3843.0,46.53,False,False
2006,Delaware,DE,State House,10,general,Robert Valihura Jr.,Republican,4101.0,56.76,True,True
2006,Delaware,DE,State House,10,general,Francis Murphy,Democratic,3124.0,43.24,False,False
2006,Delaware,DE,State House,11,general,Gregory Lavelle,Republican,4635.0,57.97,True,True
2006,Delaware,DE,State House,11,general,Eric Levin,Democratic,3360.0,42.03,False,False
2006,Delaware,DE,State House,12,general,Deborah Hudson,Republican,5133.0,64.68,True,True
2006,Delaware,DE,State House,12,general,Harry Gravell,Democratic,2803.0,35.32,False,False
2006,Delaware,DE,State House,13,general,Larry Mitchell,Democratic,3126.0,59.65,True,False
2006,Delaware,DE,State House,13,general,John Jaremchuk Jr.,Republican,2115.0,40.35,False,False
2006,Delaware,DE,State House,14,general,Peter Schwartzkopf,Democratic,6610.0,69.23,True,True
2006,Delaware,DE,State House,14,general,Kirk Pope Jr.,Republican,2838.0,29.72,False,False
2006,Delaware,DE,State House,14,general,Maurice Barros,Independent,100.0,1.05,False,False
2006,Delaware,DE,State House,15,general,Valerie Longhurst,Democratic,5195.0,74.19,True,True
2006,Delaware,DE,State House,15,general,Laura Brown,Republican,1807.0,25.81,False,False
2006,Delaware,DE,State House,16,general,J.J. Johnson,Democratic,4221.0,100.0,True,True
2006,Delaware,DE,State House,17,general,Michael Mulrooney,Democratic,4619.0,84.24,True,True
2006,Delaware,DE,State House,17,general,David Lee Osborn,Republican,864.0,15.76,False,False
2006,Delaware,DE,State House,18,general,Terry Spence,Republican,2724.0,56.2,True,True
2006,Delaware,DE,State House,18,general,Michael Barbieri,Democratic,2123.0,43.8,False,False
2006,Delaware,DE,State House,19,general,Robert Gilligan,Democratic,4896.0,100.0,True,True
2006,Delaware,DE,State House,20,general,Nick Manolakos,Republican,4709.0,56.47,True,False
2006,Delaware,DE,State House,20,general,Richard Korn,Democratic,3630.0,43.53,False,False
2006,Delaware,DE,State House,21,general,Pamela Maier,Republican,5164.0,100.0,True,True
2006,Delaware,DE,State House,22,general,Joseph Miró,Republican,5471.0,88.86,True,True
2006,Delaware,DE,State House,22,general,David Okner,Libertarian,686.0,11.14,False,False
2006,Delaware,DE,State House,23,general,Teresa Schooley,Democratic,5143.0,100.0,True,True
2006,Delaware,DE,State House,24,general,William Orbele Jr.,Republican,2822.0,100.0,True,True
2006,Delaware,DE,State House,25,general,John Kowalko Jr.,Democratic,2473.0,52.0,True,False
2006,Delaware,DE,State House,25,general,Stephanie Ulbrich,Republican,2283.0,48.0,False,True
2006,Delaware,DE,State House,26,general,John Viola,Democratic,3795.0,100.0,True,True
2006,Delaware,DE,State House,27,general,Vincet Lofink,Republican,3049.0,51.07,True,True
2006,Delaware,DE,State House,27,general,Earl Jaques Jr.,Democratic,2921.0,48.93,False,False
2006,Delaware,DE,State House,28,general,Bruce Ennis,Democratic,4343.0,100.0,True,True
2006,Delaware,DE,State House,29,general,Pamela Thornburg,Republican,4764.0,100.0,True,True
2006,Delaware,DE,State House,30,general,William Outten,Republican,3521.0,63.35,True,True
2006,Delaware,DE,State House,30,general,Robert Price,Democratic,2037.0,36.65,False,False
2006,Delaware,DE,State House,31,general,Nancy Wagner,Republican,2829.0,54.51,True,True
2006,Delaware,DE,State House,31,general,Prameela Kaza,Democratic,2361.0,45.49,False,False
2006,Delaware,DE,State House,32,general,Donna Stone,Republican,2805.0,100.0,True,True
2006,Delaware,DE,State House,33,general,Robert Walls,Democratic,3253.0,50.63,True,False
2006,Delaware,DE,State House,33,general,Ulysses Grant,Republican,3172.0,49.37,False,False
2006,Delaware,DE,State House,34,general,Donald Blakey,Republican,3560.0,56.1,True,False
2006,Delaware,DE,State House,34,general,M. Jeanine Kleimo,Democratic,2786.0,43.9,False,False
2006,Delaware,DE,State House,35,general,J. Benjamin Ewing,Republican,3928.0,100.0,True,True
2006,Delaware,DE,State House,36,general,V. George Carey,Republican,4420.0,62.24,True,True
2006,Delaware,DE,State House,36,general,Paul Hayes,Democratic,2682.0,37.76,False,False
2006,Delaware,DE,State House,37,general,Joseph Booth,Republican,5121.0,100.0,True,True
2006,Delaware,DE,State House,38,general,Gerald Hocker,Republican,6849.0,72.32,True,True
2006,Delaware,DE,State House,38,general,Robert Maddex,Democratic,2622.0,27.68,False,False
2006,Delaware,DE,State House,39,general,Daniel Short,Republican,3370.0,68.59,True,False
2006,Delaware,DE,State House,39,general,Richard Sternberg,Democratic,1543.0,31.41,False,False
2006,Delaware,DE,State House,40,general,Clifford Lee,Republican,4254.0,100.0,True,True
2006,Delaware,DE,State House,41,general,John Atkins,Republican,4199.0,62.71,True,True
2006,Delaware,DE,State House,41,general,Barbara Lifflander,Democratic,2497.0,37.29,False,False
2006,Iowa,IA,State House,1,general,Wesley Whitead*,Democratic,5079.0,63.0,True,False
2006,Iowa,IA,State House,1,general,Jamie Simmons,Republican,2980.0,37.0,False,False
2006,Iowa,IA,State House,2,general,Roger F. Wendt*,Democratic,4212.0,98.9,True,False
2006,Iowa,IA,State House,3,general,Chuck Soderberg*,Republican,7806.0,99.8,True,False
2006,Iowa,IA,State House,4,general,Dwayne Alons*,Republican,9743.0,99.7,True,False
2006,Iowa,IA,State House,5,general,Royd E. Chambers*,Republican,7736.0,81.6,True,False
2006,Iowa,IA,State House,6,general,Mike May*,Republican,8281.0,73.1,True,False
2006,Iowa,IA,State House,7,general,Marcella R. Frevert*,Democratic,7335.0,74.2,True,False
2006,Iowa,IA,State House,8,general,Dolores M. Mertz*,Democratic,8142.0,75.5,True,False
2006,Iowa,IA,State House,9,general,McKinley Bailey,Democratic,5685.0,54.7,True,False
2006,Iowa,IA,State House,9,general,George Eichhorn*,Republican,4610.0,44.3,False,False
2006,Iowa,IA,State House,10,general,Dave Deyoe,Republican,6358.0,52.5,True,False
2006,Iowa,IA,State House,10,general,Susan R. Radke,Democratic,5678.0,46.9,False,False
2006,Iowa,IA,State House,11,general,Henry V. Rayhons*,Republican,5933.0,55.1,True,False
2006,Iowa,IA,State House,11,general,Ann Fairchild,Democratic,4388.0,40.8,False,False
2006,Iowa,IA,State House,12,general,Linda Upmeyer*,Republican,8014.0,79.7,True,False
2006,Iowa,IA,State House,13,general,Bill Schickel*,Republican,5433.0,51.0,True,False
2006,Iowa,IA,State House,13,general,Alan Steckman,Democratic,4616.0,43.4,False,False
2006,Iowa,IA,State House,13,general,Gary van Horn,Independent,540.0,5.1,False,False
2006,Iowa,IA,State House,14,general,Mark A. Kuhn*,Democratic,8154.0,75.3,True,False
2006,Iowa,IA,State House,14,general,Darwin J. Rieman,Independent,1338.0,12.4,False,False
2006,Iowa,IA,State House,15,general,Brian J. Quirk*,Democratic,7147.0,67.7,True,False
2006,Iowa,IA,State House,15,general,David Kraft,Republican,3184.0,30.2,False,False
2006,Iowa,IA,State House,16,general,Chuck Gipp*,Republican,5782.0,59.3,True,False
2006,Iowa,IA,State House,16,general,Thomas Hansen,Democratic,3960.0,40.6,False,False
2006,Iowa,IA,State House,17,general,Pat Grassley,Republican,6553.0,55.5,True,False
2006,Iowa,IA,State House,17,general,Alek Wipperman,Democratic,5039.0,42.7,False,False
2006,Iowa,IA,State House,18,general,Andrew Wenthe,Democratic,6160.0,56.0,True,False
2006,Iowa,IA,State House,18,general,David Lalk*,Republican,4783.0,43.5,False,False
2006,Iowa,IA,State House,19,general,Bob Kressig*,Democratic,5174.0,50.5,True,False
2006,Iowa,IA,State House,19,general,Matt Reisetter,Republican,5065.0,49.4,False,False
2006,Iowa,IA,State House,20,general,Doris J. Kelley,Democratic,6344.0,51.5,True,False
2006,Iowa,IA,State House,20,general,David Wieland,Republican,5947.0,48.3,False,False
2006,Iowa,IA,State House,21,general,Tami Wiencek,Republican,4802.0,51.5,True,False
2006,Iowa,IA,State House,21,general,Don Shoultz*,Democratic,4504.0,48.3,False,False
2006,Iowa,IA,State House,22,general,Deborah L. Berry*,Democratic,5985.0,77.1,True,False
2006,Iowa,IA,State House,22,general,Michael Anthony,Republican,1759.0,22.6,False,False
2006,Iowa,IA,State House,23,general,Dan Rasmussen*,Republican,5716.0,51.4,True,False
2006,Iowa,IA,State House,23,general,Pete McRoberts,Democratic,5217.0,46.9,False,False
2006,Iowa,IA,State House,24,general,Roger Thomas*,Democratic,7820.0,99.5,True,False
2006,Iowa,IA,State House,25,general,Thomas J. Schueller*,Democratic,6355.0,59.9,True,False
2006,Iowa,IA,State House,25,general,David Bevan Kendell,Republican,3971.0,37.7,False,False
2006,Iowa,IA,State House,26,general,Polly Bukta*,Democratic,5536.0,59.6,True,False
2006,Iowa,IA,State House,26,general,Lester A. Shields,Republican,3595.0,38.7,False,False
2006,Iowa,IA,State House,27,general,Pam Jochum*,Democratic,7405.0,70.7,True,False
2006,Iowa,IA,State House,27,general,"John Hulsizer, Jr.",Republican,2739.0,26.1,False,False
2006,Iowa,IA,State House,28,general,Pat Murphy*,Democratic,7417.0,72.5,True,False
2006,Iowa,IA,State House,29,general,Ro Foege*,Democratic,8055.0,59.9,True,False
2006,Iowa,IA,State House,29,general,Emma Nemecek,Republican,5145.0,38.3,False,False
2006,Iowa,IA,State House,30,general,Dave Jacoby*,Democratic,9639.0,74.3,True,False
2006,Iowa,IA,State House,31,general,Raymond Zirkelbach*,Democratic,8447.0,74.4,True,False
2006,Iowa,IA,State House,32,general,Steven F. Lukan*,Republican,8183.0,66.5,True,False
2006,Iowa,IA,State House,32,general,Tom Avenarius,Democratic,3913.0,31.8,False,False
2006,Iowa,IA,State House,33,general,Dick Taylor*,Democratic,6760.0,99.5,True,False
2006,Iowa,IA,State House,34,general,Todd Taylor*,Democratic,7312.0,66.9,True,False
2006,Iowa,IA,State House,34,general,David Gochenouer,Republican,3608.0,33.0,False,False
2006,Iowa,IA,State House,35,general,Kraig Paulsen*,Republican,7083.0,53.8,True,False
2006,Iowa,IA,State House,35,general,Jan Kvach,Democratic,6085.0,46.2,False,False
2006,Iowa,IA,State House,36,general,Swati A. Dandekar*,Democratic,6987.0,52.6,True,False
2006,Iowa,IA,State House,36,general,Nick Wagner,Republican,6302.0,47.4,False,False
2006,Iowa,IA,State House,37,general,Art Staed,Democratic,6462.0,51.4,True,False
2006,Iowa,IA,State House,37,general,Andy Anderson,Republican,6097.0,48.5,False,False
2006,Iowa,IA,State House,38,general,Tyler Olson,Democratic,7148.0,64.7,True,False
2006,Iowa,IA,State House,38,general,Don Palmer,Republican,3894.0,35.3,False,False
2006,Iowa,IA,State House,39,general,Dawn Pettengill*,Democratic,6365.0,56.3,True,False
2006,Iowa,IA,State House,39,general,Connie Jacobsen,Republican,4759.0,42.1,False,False
2006,Iowa,IA,State House,40,general,Lance J. Horbach*,Republican,6249.0,54.8,True,False
2006,Iowa,IA,State House,40,general,Sharon Owens,Democratic,4994.0,43.8,False,False
2006,Iowa,IA,State House,41,general,Paul Bell*,Democratic,7303.0,63.4,True,False
2006,Iowa,IA,State House,41,general,Adam Vandall,Republican,4215.0,36.6,False,False
2006,Iowa,IA,State House,42,general,Geri Huser*,Democratic,8493.0,98.0,True,False
2006,Iowa,IA,State House,43,general,Mark Smith*,Democratic,7097.0,73.4,True,False
2006,Iowa,IA,State House,44,general,Polly Granzow*,Republican,5559.0,50.4,True,False
2006,Iowa,IA,State House,44,general,Tim Hoy,Democratic,5298.0,48.0,False,False
2006,Iowa,IA,State House,45,general,Beth Wessel-Kroeschell*,Democratic,5473.0,98.7,True,False
2006,Iowa,IA,State House,46,general,Lisa Heddens*,Democratic,8371.0,63.3,True,False
2006,Iowa,IA,State House,46,general,John E. Griswold,Republican,4508.0,34.1,False,False
2006,Iowa,IA,State House,46,general,Eric Cooper,Libertarian,345.0,2.6,False,False
2006,Iowa,IA,State House,47,general,Ralph Watts*,Republican,8313.0,51.7,True,False
2006,Iowa,IA,State House,47,general,Russ Wiesley,Democratic,7242.0,45.0,False,False
2006,Iowa,IA,State House,48,general,Donovan Olson*,Democratic,6145.0,61.2,True,False
2006,Iowa,IA,State House,48,general,Charles Braun,Republican,3856.0,38.4,False,False
2006,Iowa,IA,State House,49,general,Helen Miller*,Democratic,7709.0,79.2,True,False
2006,Iowa,IA,State House,50,general,David A. Tjepkes*,Republican,5493.0,54.5,True,False
2006,Iowa,IA,State House,50,general,Lynne R. Gentry,Democratic,4351.0,43.2,False,False
2006,Iowa,IA,State House,51,general,Rod Roberts*,Republican,6564.0,91.6,True,False
2006,Iowa,IA,State House,52,general,Mary Lou Freeman*,Republican,0.0,100.0,True,False
2006,Iowa,IA,State House,53,general,Dan Huseman*,Republican,7465.0,99.6,True,False
2006,Iowa,IA,State House,54,general,Christopher Rants*,Republican,5959.0,97.2,True,False
2006,Iowa,IA,State House,55,general,Clarence C. Hoffman*,Republican,6297.0,77.0,True,False
2006,Iowa,IA,State House,56,general,Matt W. Windschitl,Republican,4993.0,50.3,True,False
2006,Iowa,IA,State House,56,general,Nancy Bleth,Democratic,4436.0,45.3,False,False
2006,Iowa,IA,State House,57,general,Jack Drake*,Republican,7255.0,73.5,True,False
2006,Iowa,IA,State House,58,general,Clel Baudler*,Republican,7428.0,86.3,True,False
2006,Iowa,IA,State House,59,general,Dan Clute,Republican,7250.0,57.8,True,False
2006,Iowa,IA,State House,59,general,Jim Sammler,Democratic,5293.0,42.2,False,False
2006,Iowa,IA,State House,60,general,Libby Jacobs*,Republican,7849.0,98.2,True,False
2006,Iowa,IA,State House,61,general,Jo Oldson*,Democratic,7893.0,66.6,True,False
2006,Iowa,IA,State House,61,general,David Payer,Republican,3945.0,33.3,False,False
2006,Iowa,IA,State House,62,general,Bruce Hunter*,Democratic,6040.0,98.8,True,False
2006,Iowa,IA,State House,63,general,Scott Raecker*,Republican,9607.0,98.5,True,False
2006,Iowa,IA,State House,64,general,Janet Petersen*,Democratic,8561.0,98.5,True,False
2006,Iowa,IA,State House,65,general,Wayne W. Ford*,Democratic,5405.0,98.0,True,False
2006,Iowa,IA,State House,66,general,Ako Abdul-Samad,Democratic,3459.0,61.0,True,False
2006,Iowa,IA,State House,66,general,Jack Whitver,Republican,1566.0,27.6,False,False
2006,Iowa,IA,State House,66,general,Jeff Johannsen,Independent,398.0,7.0,False,False
2006,Iowa,IA,State House,66,general,Brett Blanchfield,Libertarian,225.0,4.0,False,False
2006,Iowa,IA,State House,67,general,Kevin McCarthy*,Democratic,5656.0,60.6,True,False
2006,Iowa,IA,State House,67,general,Steven Inman,Republican,3191.0,34.2,False,False
2006,Iowa,IA,State House,67,general,Brian McLain,Independent,487.0,5.2,False,False
2006,Iowa,IA,State House,68,general,Rick L. Olson*,Democratic,6472.0,98.4,True,False
2006,Iowa,IA,State House,69,general,Walt Tomenga*,Republican,8758.0,55.2,True,False
2006,Iowa,IA,State House,69,general,John Calhoun,Democratic,7108.0,44.8,False,False
2006,Iowa,IA,State House,70,general,Carmine Boal*,Republican,10945.0,98.1,True,False
2006,Iowa,IA,State House,71,general,Jim Van Engelenhoven*,Republican,6587.0,57.3,True,False
2006,Iowa,IA,State House,71,general,Catherine Haustein,Democratic,4271.0,37.2,False,False
2006,Iowa,IA,State House,71,general,Steve Woody Fisher,Independent,324.0,2.8,False,False
2006,Iowa,IA,State House,72,general,Richard D. Arnold*,Republican,6117.0,59.9,True,False
2006,Iowa,IA,State House,72,general,Buzz Malone,Democratic,3833.0,37.6,False,False
2006,Iowa,IA,State House,73,general,Jodi Tymeson*,Republican,7523.0,58.3,True,False
2006,Iowa,IA,State House,73,general,Maxine R. Bussanmas,Democratic,5084.0,39.4,False,False
2006,Iowa,IA,State House,74,general,Mark Davitt*,Democratic,6439.0,51.4,True,False
2006,Iowa,IA,State House,74,general,Doug Shull,Republican,5802.0,46.3,False,False
2006,Iowa,IA,State House,75,general,Eric J. Palmer,Democratic,5728.0,52.7,True,False
2006,Iowa,IA,State House,75,general,Danny Carroll*,Republican,5037.0,46.3,False,False
2006,Iowa,IA,State House,76,general,Betty R. De Boef*,Republican,5819.0,53.5,True,False
2006,Iowa,IA,State House,76,general,Christopher L. Montross,Democratic,4598.0,42.3,False,False
2006,Iowa,IA,State House,77,general,Mary Mascher*,Democratic,6236.0,79.7,True,False
2006,Iowa,IA,State House,78,general,Vicki Lensing*,Democratic,11000.0,80.5,True,False
2006,Iowa,IA,State House,79,general,Jeff Kaufmann*,Republican,6311.0,62.5,True,False
2006,Iowa,IA,State House,79,general,Clara Oleson,Democratic,3745.0,37.1,False,False
2006,Iowa,IA,State House,80,general,Nathan K. Reichert*,Democratic,5245.0,59.9,True,False
2006,Iowa,IA,State House,80,general,R. Greg Orr,Republican,3421.0,39.0,False,False
2006,Iowa,IA,State House,81,general,Jamie Van Fossen*,Republican,5501.0,51.1,True,False
2006,Iowa,IA,State House,81,general,Lauren M. Phelps,Democratic,4934.0,45.9,False,False
2006,Iowa,IA,State House,82,general,Linda J. Miller,Republican,6931.0,54.1,True,False
2006,Iowa,IA,State House,82,general,Joe Hutter*,Independent,3307.0,25.8,False,False
2006,Iowa,IA,State House,83,general,Steven Olson*,Republican,6488.0,56.5,True,False
2006,Iowa,IA,State House,83,general,Reg. Kauffman,Democratic,4621.0,40.3,False,False
2006,Iowa,IA,State House,84,general,Elesha Gayman,Democratic,5429.0,50.1,True,False
2006,Iowa,IA,State House,84,general,Jim Van Fossen*,Republican,5156.0,47.6,False,False
2006,Iowa,IA,State House,85,general,Jim Lykam*,Democratic,5623.0,54.3,True,False
2006,Iowa,IA,State House,85,general,Roby Smith,Republican,4515.0,43.6,False,False
2006,Iowa,IA,State House,86,general,Cindy L. Winckler*,Democratic,4598.0,69.1,True,False
2006,Iowa,IA,State House,86,general,Susie Bell,Republican,1792.0,26.9,False,False
2006,Iowa,IA,State House,87,general,Thomas R. Sands*,Republican,5118.0,55.0,True,False
2006,Iowa,IA,State House,87,general,Andrew Hoth,Democratic,4148.0,44.5,False,False
2006,Iowa,IA,State House,88,general,Dennis M. Cohoon*,Democratic,7201.0,99.3,True,False
2006,Iowa,IA,State House,89,general,Sandra H. Greiner*,Republican,5756.0,54.9,True,False
2006,Iowa,IA,State House,89,general,Mark Nolte,Democratic,4606.0,43.9,False,False
2006,Iowa,IA,State House,90,general,John Whitaker*,Democratic,7827.0,78.9,True,False
2006,Iowa,IA,State House,91,general,Dave Heaton*,Republican,6726.0,71.9,True,False
2006,Iowa,IA,State House,92,general,Philip Wise*,Democratic,6532.0,74.7,True,False
2006,Iowa,IA,State House,93,general,Mary Gaskill*,Democratic,7210.0,99.1,True,False
2006,Iowa,IA,State House,94,general,Kurt Swaim*,Democratic,6052.0,64.1,True,False
2006,Iowa,IA,State House,94,general,Kevin Wiskus,Republican,3377.0,35.8,False,False
2006,Iowa,IA,State House,95,general,Michael J. Reasoner*,Democratic,6316.0,63.6,True,False
2006,Iowa,IA,State House,95,general,George Barber,Republican,3499.0,35.2,False,False
2006,Iowa,IA,State House,96,general,Cecil Dolecheck*,Republican,7312.0,99.2,True,False
2006,Iowa,IA,State House,97,general,Rich Anderson*,Republican,6464.0,94.7,True,False
2006,Iowa,IA,State House,98,general,Greg Forristall,Republican,6570.0,60.7,True,False
2006,Iowa,IA,State House,98,general,Sally Vitamvas,Democratic,3858.0,35.7,False,False
2006,Iowa,IA,State House,99,general,Doug L. Struyk*,Republican,3466.0,53.0,True,False
2006,Iowa,IA,State House,99,general,Will Reger,Democratic,2926.0,44.7,False,False
2006,Iowa,IA,State House,100,general,Paul Shomshor*,Democratic,3568.0,51.8,True,False
2006,Iowa,IA,State House,100,general,Scott A. Bell,Republican,3211.0,46.6,False,False
2006,Iowa,IA,State House,52,special general,Gary Worthan,Republican,2003.0,,False,False
2006,Iowa,IA,State House,52,special general,Kate Logan,Democratic,791.0,,False,False
2006,Maryland,MD,State House,1A,general,Wendell R. Beitzel,Republican,6985.0,56.3,True,False
2006,Maryland,MD,State House,1A,general,Bill Aiken,Democratic,5406.0,43.5,False,False
2006,Maryland,MD,State House,1B,general,Kevin Kelly,Democratic,6489.0,55.7,True,True
2006,Maryland,MD,State House,1B,general,Mark A. Fisher,Republican,5151.0,44.2,False,False
2006,Maryland,MD,State House,1C,general,LeRoy E. Myers Jr.,Republican,6398.0,57.2,True,True
2006,Maryland,MD,State House,1C,general,Brian K. Grim,Democratic,4769.0,42.7,False,False
2006,Maryland,MD,State House,2A,general,Robert A. McKee,Republican,11676.0,99.2,True,True
2006,Maryland,MD,State House,2B,general,Christopher B. Shank,Republican,9606.0,99.0,True,True
2006,Maryland,MD,State House,2C,general,John P. Donoghue,Democratic,5099.0,55.5,True,True
2006,Maryland,MD,State House,2C,general,Paul D. Muldowney,Republican,4078.0,44.4,False,False
2006,Maryland,MD,State House,3A,general,Sue Hecht,Democratic,13900.0,28.7,True,False
2006,Maryland,MD,State House,3A,general,Galen R. Clagett,Democratic,12422.0,25.7,True,True
2006,Maryland,MD,State House,3A,general,Patrick N. Hogan,Republican,12163.0,25.1,False,True
2006,Maryland,MD,State House,3A,general,Linda Naylor,Republican,9873.0,20.4,False,False
2006,Maryland,MD,State House,3B,general,Richard B. Weldon Jr.,Republican,10057.0,61.4,True,True
2006,Maryland,MD,State House,3B,general,Paul Gilligan,Democratic,6317.0,38.6,False,False
2006,Maryland,MD,State House,4A,general,Paul S. Stull,Republican,17765.0,39.5,True,True
2006,Maryland,MD,State House,4A,general,Joseph R. Bartlett,Republican,16545.0,36.8,True,True
2006,Maryland,MD,State House,4A,general,Maggi Margaret Hays,Democratic,10519.0,23.4,False,False
2006,Maryland,MD,State House,4B,general,Donald B. Elliott,Republican,10148.0,69.8,True,True
2006,Maryland,MD,State House,4B,general,Timothy Schlauch,Democratic,4374.0,30.1,False,False
2006,Maryland,MD,State House,5A,general,Nancy R. Stocksdale,Republican,20630.0,36.1,True,True
2006,Maryland,MD,State House,5A,general,Tanya Thornton Shewell,Republican,18785.0,32.9,True,True
2006,Maryland,MD,State House,5A,general,Ann Darrin,Democratic,9489.0,16.6,False,False
2006,Maryland,MD,State House,5A,general,Frank Henry Rammes,Democratic,8192.0,14.3,False,False
2006,Maryland,MD,State House,5B,general,Wade Kach,Republican,15321.0,98.9,True,True
2006,Maryland,MD,State House,6,general,Johnny Olszewski,Democratic,18769.0,22.9,True,True
2006,Maryland,MD,State House,6,general,Joseph J. Minnick,Democratic,17379.0,21.2,True,True
2006,Maryland,MD,State House,6,general,Michael H. Weir Jr.,Democratic,17117.0,20.9,True,True
2006,Maryland,MD,State House,6,general,Steve Dishon,Republican,10961.0,13.4,False,False
2006,Maryland,MD,State House,6,general,Ric Metzgar,Republican,8915.0,10.9,False,False
2006,Maryland,MD,State House,6,general,Paul M. Blitz,Republican,8765.0,10.7,False,False
2006,Maryland,MD,State House,7,general,Pat McDonough,Republican,23184.0,20.3,True,True
2006,Maryland,MD,State House,7,general,Richard Impallaria,Republican,21333.0,18.7,True,True
2006,Maryland,MD,State House,7,general,J. B. Jennings,Republican,21189.0,18.6,True,True
2006,Maryland,MD,State House,7,general,Linda W. Hart,Democratic,17122.0,15.0,False,False
2006,Maryland,MD,State House,7,general,Jack Sturgill,Democratic,15390.0,13.5,False,False
2006,Maryland,MD,State House,7,general,Rebecca L. Nelson,Democratic,13481.0,11.8,False,False
2006,Maryland,MD,State House,7,general,Kim Fell,Green,2307.0,2.0,False,False
2006,Maryland,MD,State House,8,general,Eric M. Bromwell,Democratic,20116.0,17.9,True,True
2006,Maryland,MD,State House,8,general,Joseph C. Boteler III,Republican,19586.0,17.4,True,True
2006,Maryland,MD,State House,8,general,Todd Schuler,Democratic,18356.0,16.3,True,False
2006,Maryland,MD,State House,8,general,Ruth Baisden,Democratic,18261.0,16.2,False,False
2006,Maryland,MD,State House,8,general,Melissa Redmer Mullahey,Republican,18160.0,16.1,False,False
2006,Maryland,MD,State House,8,general,John W. E. Cluster Jr.,Republican,18057.0,16.0,False,True
2006,Maryland,MD,State House,9A,general,Gail H. Bates,Republican,22862.0,39.6,True,True
2006,Maryland,MD,State House,9A,general,Warren E. Miller,Republican,18533.0,32.1,True,True
2006,Maryland,MD,State House,9A,general,David Leonard Osmundson,Democratic,16162.0,28.0,False,False
2006,Maryland,MD,State House,9B,general,Susan W. Krebs,Republican,12059.0,72.1,True,True
2006,Maryland,MD,State House,9B,general,Anita Lombardi Riley,Democratic,4621.0,27.6,False,False
2006,Maryland,MD,State House,10,general,Emmett C. Burns Jr.,Democratic,29140.0,34.2,True,True
2006,Maryland,MD,State House,10,general,Shirley Nathan-Pulliam,Democratic,28544.0,33.5,True,True
2006,Maryland,MD,State House,10,general,Adrienne A. Jones,Democratic,27064.0,31.8,True,True
2006,Maryland,MD,State House,11,general,Jon S. Cardin,Democratic,32747.0,25.8,True,True
2006,Maryland,MD,State House,11,general,Dan K. Morhaim,Democratic,31185.0,24.6,True,True
2006,Maryland,MD,State House,11,general,Dana Stein,Democratic,30481.0,24.0,True,False
2006,Maryland,MD,State House,11,general,Patrick V. Dyer,Republican,13904.0,11.0,False,False
2006,Maryland,MD,State House,11,general,Patrick Abbondandolo,Republican,12822.0,10.1,False,False
2006,Maryland,MD,State House,11,general,Dave Goldsmith,Green,5435.0,4.3,False,False
2006,Maryland,MD,State House,12A,general,James E. Malone Jr.,Democratic,15130.0,30.6,True,True
2006,Maryland,MD,State House,12A,general,Steven J. DeBoy Sr.,Democratic,13929.0,28.1,True,True
2006,Maryland,MD,State House,12A,general,Joe Hooe,Republican,11141.0,22.5,False,False
2006,Maryland,MD,State House,12A,general,Albert L. Nalley,Republican,9286.0,18.8,False,False
2006,Maryland,MD,State House,12B,general,Elizabeth Bobo,Democratic,11892.0,75.3,True,True
2006,Maryland,MD,State House,12B,general,Christopher J. Feldwick,Republican,3885.0,24.6,False,False
2006,Maryland,MD,State House,13,general,Guy Guzzone,Democratic,26891.0,22.3,True,False
2006,Maryland,MD,State House,13,general,Shane Pendergrass,Democratic,26633.0,22.1,True,True
2006,Maryland,MD,State House,13,general,Frank S. Turner,Democratic,24437.0,20.3,True,True
2006,Maryland,MD,State House,13,general,Mary Beth Tung,Republican,15216.0,12.6,False,False
2006,Maryland,MD,State House,13,general,Rick Bowers,Republican,13665.0,11.4,False,False
2006,Maryland,MD,State House,13,general,Loretta Gaffney,Republican,13466.0,11.2,False,False
2006,Maryland,MD,State House,14,general,Anne Kaiser,Democratic,24500.0,21.8,True,True
2006,Maryland,MD,State House,14,general,Karen S. Montgomery,Democratic,24478.0,21.8,True,True
2006,Maryland,MD,State House,14,general,Herman L. Taylor Jr.,Democratic,24273.0,21.6,True,True
2006,Maryland,MD,State House,14,general,John McKinnis,Republican,13471.0,12.0,False,False
2006,Maryland,MD,State House,14,general,John R. Austin,Republican,12963.0,11.5,False,False
2006,Maryland,MD,State House,14,general,Jim Goldberg,Republican,12603.0,11.2,False,False
2006,Maryland,MD,State House,15,general,Kathleen Dumais,Democratic,25781.0,21.6,True,True
2006,Maryland,MD,State House,15,general,Brian J. Feldman,Democratic,25760.0,21.6,True,True
2006,Maryland,MD,State House,15,general,Craig L. Rice,Democratic,20202.0,17.0,True,False
2006,Maryland,MD,State House,15,general,Jean B. Cryor,Republican,20050.0,16.8,False,True
2006,Maryland,MD,State House,15,general,Brian Mezger,Republican,14112.0,11.8,False,False
2006,Maryland,MD,State House,15,general,Chris Pilkerton,Republican,13174.0,11.1,False,False
2006,Maryland,MD,State House,16,general,Marilyn R. Goldwater,Democratic,33249.0,25.1,True,True
2006,Maryland,MD,State House,16,general,Susan C. Lee,Democratic,33064.0,25.0,True,True
2006,Maryland,MD,State House,16,general,William A. Bronrott,Democratic,33004.0,25.0,True,True
2006,Maryland,MD,State House,16,general,Robert F. Dyer,Republican,11504.0,8.7,False,False
2006,Maryland,MD,State House,16,general,Angela M. Markelonis,Republican,10924.0,8.3,False,False
2006,Maryland,MD,State House,16,general,Mike Monroe,Republican,10433.0,7.9,False,False
2006,Maryland,MD,State House,17,general,James W. Gilchrist,Democratic,23524.0,25.4,True,False
2006,Maryland,MD,State House,17,general,Luiz R. S. Simmons,Democratic,22148.0,23.9,True,True
2006,Maryland,MD,State House,17,general,Kumar P. Barve,Democratic,21994.0,23.7,True,True
2006,Maryland,MD,State House,17,general,Mary Haley,Republican,9016.0,9.7,False,False
2006,Maryland,MD,State House,17,general,Josephine J. Wang,Republican,8384.0,9.0,False,False
2006,Maryland,MD,State House,17,general,Paul N. Hnarakis,Republican,7535.0,8.1,False,False
2006,Maryland,MD,State House,18,general,Jane Lawton,Democratic,26994.0,25.9,True,True
2006,Maryland,MD,State House,18,general,Ana Sol Gutierrez,Democratic,26751.0,25.6,True,True
2006,Maryland,MD,State House,18,general,Jeff Waldstreicher,Democratic,26315.0,25.2,True,False
2006,Maryland,MD,State House,18,general,Joan Pleiman,Republican,8137.0,7.8,False,False
2006,Maryland,MD,State House,18,general,Richard A. Fenati,Republican,8134.0,7.8,False,False
2006,Maryland,MD,State House,18,general,Lorri D. Simmons,Republican,7926.0,7.6,False,False
2006,Maryland,MD,State House,19,general,Henry B. Heller,Democratic,24928.0,23.6,True,True
2006,Maryland,MD,State House,19,general,Benjamin F. Kramer,Democratic,24707.0,23.3,True,False
2006,Maryland,MD,State House,19,general,Roger Manno,Democratic,24598.0,23.2,True,False
2006,Maryland,MD,State House,19,general,John R. Joaquin,Republican,10647.0,10.1,False,False
2006,Maryland,MD,State House,19,general,Thomas Hardman,Republican,10474.0,9.9,False,False
2006,Maryland,MD,State House,19,general,Tom Masser,Republican,10348.0,9.8,False,False
2006,Maryland,MD,State House,20,general,Sheila E. Hixson,Democratic,24124.0,32.0,True,True
2006,Maryland,MD,State House,20,general,Heather Mizeur,Democratic,23233.0,30.8,True,False
2006,Maryland,MD,State House,20,general,Tom Hucker,Democratic,22704.0,30.1,True,False
2006,Maryland,MD,State House,20,general,John W. Wrightson,Republican,5032.0,6.7,False,False
2006,Maryland,MD,State House,21,general,Ben Barnes,Democratic,18453.0,29.6,True,False
2006,Maryland,MD,State House,21,general,Barbara A. Frush,Democratic,18279.0,29.3,True,True
2006,Maryland,MD,State House,21,general,Joseline Peña-Melnyk,Democratic,18001.0,28.9,True,False
2006,Maryland,MD,State House,21,general,Neil B. Sood,Republican,7349.0,11.8,False,False
2006,Maryland,MD,State House,22,general,Tawanna P. Gaines,Democratic,17572.0,33.9,True,True
2006,Maryland,MD,State House,22,general,Anne Healey,Democratic,17258.0,33.3,True,True
2006,Maryland,MD,State House,22,general,Justin Ross,Democratic,16818.0,32.4,True,True
2006,Maryland,MD,State House,23A,general,James W. Hubbard,Democratic,17765.0,47.6,True,True
2006,Maryland,MD,State House,23A,general,Gerron Levi,Democratic,15959.0,42.8,True,False
2006,Maryland,MD,State House,23A,general,Steve Krukar,Constitution,3479.0,9.3,False,False
2006,Maryland,MD,State House,23B,general,Marvin E. Holmes Jr.,Democratic,11951.0,99.4,True,True
2006,Maryland,MD,State House,24,general,Joanne C. Benson,Democratic,19081.0,33.5,True,True
2006,Maryland,MD,State House,24,general,Carolyn J. B. Howard,Democratic,19007.0,33.4,True,True
2006,Maryland,MD,State House,24,general,Michael L. Vaughn,Democratic,18806.0,33.0,True,True
2006,Maryland,MD,State House,25,general,Aisha Braveboy,Democratic,22632.0,32.6,True,False
2006,Maryland,MD,State House,25,general,Melony G. Griffith,Democratic,21584.0,31.1,True,True
2006,Maryland,MD,State House,25,general,Dereck E. Davis,Democratic,21540.0,31.1,True,True
2006,Maryland,MD,State House,25,general,Patrick A. Schaeffer Jr.,Republican,2541.0,3.7,False,False
2006,Maryland,MD,State House,25,general,David Kiasi,Green,999.0,1.4,False,False
2006,Maryland,MD,State House,26,general,Veronica L. Turner,Democratic,24891.0,34.1,True,True
2006,Maryland,MD,State House,26,general,Kris Valderrama,Democratic,22231.0,30.5,True,False
2006,Maryland,MD,State House,26,general,Jay Walker,Democratic,22162.0,30.4,True,False
2006,Maryland,MD,State House,26,general,John Rowe,Republican,3587.0,4.9,False,False
2006,Maryland,MD,State House,27A,general,James E. Proctor Jr.,Democratic,19829.0,40.3,True,True
2006,Maryland,MD,State House,27A,general,Joseph F. Vallario Jr.,Democratic,18677.0,38.0,True,True
2006,Maryland,MD,State House,27A,general,Kenneth S. Brown,Republican,5687.0,11.6,False,False
2006,Maryland,MD,State House,27A,general,"Antoinette ""Toni"" Jarboe-Duley",Republican,4948.0,10.1,False,False
2006,Maryland,MD,State House,27B,general,Sue Kullen,Democratic,8236.0,56.8,True,True
2006,Maryland,MD,State House,27B,general,David Hale,Republican,6250.0,43.1,False,False
2006,Maryland,MD,State House,28,general,Sally Y. Jameson,Democratic,24051.0,24.5,True,True
2006,Maryland,MD,State House,28,general,Murray D. Levy,Democratic,23435.0,23.9,True,True
2006,Maryland,MD,State House,28,general,Peter Murphy,Democratic,21190.0,21.6,True,True
2006,Maryland,MD,State House,28,general,William Daniel Mayer,Republican,15978.0,16.3,False,True
2006,Maryland,MD,State House,28,general,James H. Crawford,Republican,13343.0,13.6,False,False
2006,Maryland,MD,State House,29A,general,John F. Wood Jr.,Democratic,8695.0,65.2,True,True
2006,Maryland,MD,State House,29A,general,Joe DiMarco,Republican,4613.0,34.6,False,False
2006,Maryland,MD,State House,29B,general,John L. Bohanan Jr.,Democratic,8077.0,64.0,True,True
2006,Maryland,MD,State House,29B,general,Noel Temple Wood,Republican,4528.0,35.9,False,False
2006,Maryland,MD,State House,29C,general,Tony O'Donnell,Republican,7739.0,60.3,True,True
2006,Maryland,MD,State House,29C,general,Norma Powers,Democratic,5091.0,39.6,False,False
2006,Maryland,MD,State House,30,general,Michael E. Busch,Democratic,22479.0,17.1,True,True
2006,Maryland,MD,State House,30,general,Virginia P. Clagett,Democratic,22360.0,17.0,True,True
2006,Maryland,MD,State House,30,general,Ron George,Republican,21811.0,16.6,True,False
2006,Maryland,MD,State House,30,general,Barbara Samorajczyk,Democratic,21758.0,16.5,False,False
2006,Maryland,MD,State House,30,general,Andy Smarick,Republican,20594.0,15.6,False,False
2006,Maryland,MD,State House,30,general,Ron Elfenbein,Republican,20457.0,15.5,False,False
2006,Maryland,MD,State House,30,general,David Whitney,Constitution,2225.0,1.7,False,False
2006,Maryland,MD,State House,31,general,Steve Schuh,Republican,19049.0,18.4,True,False
2006,Maryland,MD,State House,31,general,Nic Kipke,Republican,18150.0,17.5,True,False
2006,Maryland,MD,State House,31,general,Don H. Dwyer Jr.,Republican,17558.0,17.0,True,True
2006,Maryland,MD,State House,31,general,Joan Cadden,Democratic,17533.0,16.9,False,True
2006,Maryland,MD,State House,31,general,Thomas J. Fleckenstein,Democratic,16654.0,16.1,False,False
2006,Maryland,MD,State House,31,general,Craig A. Reynolds,Democratic,14454.0,14.0,False,False
2006,Maryland,MD,State House,32,general,Pamela Beidle,Democratic,17964.0,18.6,True,False
2006,Maryland,MD,State House,32,general,Mary Ann Love,Democratic,17697.0,18.3,True,True
2006,Maryland,MD,State House,32,general,Theodore J. Sophocleus,Democratic,17661.0,18.3,True,True
2006,Maryland,MD,State House,32,general,Mark S. Chang,Republican,16569.0,17.1,False,False
2006,Maryland,MD,State House,32,general,Terry R. Gilleland Jr.,Republican,13632.0,14.1,False,True
2006,Maryland,MD,State House,32,general,Wayne Charles Smith,Republican,13153.0,13.6,False,False
2006,Maryland,MD,State House,33A,general,James King,Republican,18542.0,29.0,True,False
2006,Maryland,MD,State House,33A,general,Tony McConkey,Republican,16655.0,26.0,True,True
2006,Maryland,MD,State House,33A,general,Patricia Weathersbee,Democratic,15226.0,23.8,False,False
2006,Maryland,MD,State House,33A,general,Paul G. Rudolph,Democratic,13461.0,21.0,False,False
2006,Maryland,MD,State House,33B,general,Robert A. Costa,Republican,10484.0,58.1,True,True
2006,Maryland,MD,State House,33B,general,Mike Shay,Democratic,7568.0,41.9,False,False
2006,Maryland,MD,State House,34A,general,Mary-Dulany James,Democratic,12903.0,31.7,True,True
2006,Maryland,MD,State House,34A,general,B. Daniel Riley,Democratic,11121.0,27.3,True,False
2006,Maryland,MD,State House,34A,general,Glen Glass,Republican,8554.0,21.0,False,False
2006,Maryland,MD,State House,34A,general,Sheryl Davis Kohl,Republican,8085.0,19.9,False,True
2006,Maryland,MD,State House,34B,general,David D. Rudolph,Democratic,7716.0,55.0,True,True
2006,Maryland,MD,State House,34B,general,Ewing McDowell,Republican,6301.0,44.9,False,False
2006,Maryland,MD,State House,35A,general,Barry Glassman,Republican,21766.0,40.1,True,True
2006,Maryland,MD,State House,35A,general,Donna Stifler,Republican,18909.0,34.8,True,False
2006,Maryland,MD,State House,35A,general,Craig H. DeRan,Democratic,13589.0,25.0,False,False
2006,Maryland,MD,State House,35B,general,Susan K. McComas,Republican,10922.0,62.5,True,True
2006,Maryland,MD,State House,35B,general,David Carey,Democratic,6536.0,37.4,False,False
2006,Maryland,MD,State House,36,general,Richard A. Sossi (Queen Anne's incumbent),Republican,19450.0,22.3,True,False
2006,Maryland,MD,State House,36,general,"Mary Roe Walkup (Kent, incumbent)",Republican,19430.0,22.3,True,False
2006,Maryland,MD,State House,36,general,"Michael D. Smigiel Sr. (Cecil, incumbent)",Republican,17764.0,20.3,True,False
2006,Maryland,MD,State House,36,general,Wheeler R. Baker (Queen Anne's),Democratic,16950.0,19.4,False,False
2006,Maryland,MD,State House,36,general,Mark Guns (Cecil),Democratic,15475.0,17.7,False,False
2006,Maryland,MD,State House,36,general,Joan O. Horsey (Kent),Democratic,13498.0,15.5,False,False
2006,Maryland,MD,State House,36,general,Joseph Sanchez (Caroline),Green,4137.0,4.7,False,False
2006,Maryland,MD,State House,37A,general,Rudolph C. Cane,Democratic,7405.0,98.7,True,True
2006,Maryland,MD,State House,37B,general,Adelaide C. Eckardt,Republican,19980.0,34.5,True,True
2006,Maryland,MD,State House,37B,general,Jeannie Haddaway-Riccio,Republican,18677.0,32.2,True,True
2006,Maryland,MD,State House,37B,general,James A. Adkins,Democratic,9640.0,16.6,False,False
2006,Maryland,MD,State House,37B,general,Tim Quinn,Democratic,9588.0,16.6,False,False
2006,Maryland,MD,State House,38A,general,D. Page Elmore,Republican,8030.0,63.3,True,True
2006,Maryland,MD,State House,38A,general,Patrick M. Armstrong,Democratic,4652.0,36.6,False,False
2006,Maryland,MD,State House,38B,general,James N. Mathias Jr.,Democratic,15082.0,26.6,True,True
2006,Maryland,MD,State House,38B,general,Norman Conway,Democratic,14223.0,25.1,True,True
2006,Maryland,MD,State House,38B,general,Michael J. James,Republican,13969.0,24.6,False,False
2006,Maryland,MD,State House,38B,general,Bonnie Nelson Luna,Republican,13469.0,23.7,False,False
2006,Maryland,MD,State House,39,general,Nancy J. King,Democratic,18651.0,23.5,True,True
2006,Maryland,MD,State House,39,general,Charles E. Barkley,Democratic,18253.0,23.0,True,True
2006,Maryland,MD,State House,39,general,Saqib Ali,Democratic,16455.0,20.7,True,False
2006,Maryland,MD,State House,39,general,David Nichols,Republican,9278.0,11.7,False,False
2006,Maryland,MD,State House,39,general,Gary Scott,Republican,8363.0,10.5,False,False
2006,Maryland,MD,State House,39,general,Bill Witham,Republican,8244.0,10.4,False,False
2006,Maryland,MD,State House,40,general,Frank M. Conaway Jr.,Democratic,16432.0,32.4,True,False
2006,Maryland,MD,State House,40,general,Barbara A. Robinson,Democratic,16032.0,31.6,True,True
2006,Maryland,MD,State House,40,general,Shawn Z. Tarrant,Democratic,13921.0,27.5,True,False
2006,Maryland,MD,State House,40,general,Jan E. Danworth,Green,4135.0,8.2,False,False
2006,Maryland,MD,State House,41,general,Jill P. Carter,Democratic,24189.0,33.7,True,True
2006,Maryland,MD,State House,41,general,Samuel I. Rosenberg,Democratic,21751.0,30.3,True,True
2006,Maryland,MD,State House,41,general,Nathaniel T. Oaks,Democratic,20570.0,28.6,True,True
2006,Maryland,MD,State House,41,general,Tony Asa,Republican,5166.0,7.2,False,False
2006,Maryland,MD,State House,42,general,Susan L. M. Aumann,Republican,22054.0,18.3,True,True
2006,Maryland,MD,State House,42,general,Stephen W. Lafferty,Democratic,21117.0,17.5,True,False
2006,Maryland,MD,State House,42,general,William J. Frank,Republican,20522.0,17.0,True,True
2006,Maryland,MD,State House,42,general,Dilip Paliath,Republican,19490.0,16.2,False,False
2006,Maryland,MD,State House,42,general,Tracy Miller,Democratic,19168.0,15.9,False,False
2006,Maryland,MD,State House,42,general,Andrew Belt,Democratic,18006.0,14.9,False,False
2006,Maryland,MD,State House,43,general,Curt Anderson,Democratic,22315.0,29.4,True,True
2006,Maryland,MD,State House,43,general,Maggie McIntosh,Democratic,22093.0,29.1,True,True
2006,Maryland,MD,State House,43,general,Ann Marie Doory,Democratic,21219.0,28.0,True,True
2006,Maryland,MD,State House,43,general,Armand F. Girard,Republican,3425.0,4.5,False,False
2006,Maryland,MD,State House,43,general,David G. S. Greene,Green,2619.0,3.5,False,False
2006,Maryland,MD,State House,43,general,Brandy Baker,Green,2267.0,3.0,False,False
2006,Maryland,MD,State House,43,general,Richard J. Ochs,Green,1772.0,2.3,False,False
2006,Maryland,MD,State House,44,general,Jeffrey A. Paige,Democratic,13173.0,34.0,False,True
2006,Maryland,MD,State House,44,general,Ruth M. Kirk,Democratic,12894.0,33.3,True,True
2006,Maryland,MD,State House,44,general,Keith E. Haynes,Democratic,12565.0,32.4,True,True
2006,Maryland,MD,State House,45,general,Cheryl Glenn,Democratic,16911.0,32.6,True,False
2006,Maryland,MD,State House,45,general,Hattie N. Harrison,Democratic,16084.0,31.0,True,True
2006,Maryland,MD,State House,45,general,Talmadge Branch,Democratic,16014.0,30.9,True,True
2006,Maryland,MD,State House,45,general,Ronald M. Owens-Bey,Populist,2727.0,5.3,False,False
2006,Maryland,MD,State House,46,general,Peter A. Hammen,Democratic,15883.0,29.6,True,True
2006,Maryland,MD,State House,46,general,Carolyn Krysiak,Democratic,15856.0,29.6,True,True
2006,Maryland,MD,State House,46,general,Brian K. McHale,Democratic,15542.0,29.0,True,True
2006,Maryland,MD,State House,46,general,Peter Kimos,Republican,6219.0,11.6,False,False
2006,Maryland,MD,State House,47,general,Jolene Ivey,Democratic,12860.0,35.3,True,False
2006,Maryland,MD,State House,47,general,Victor R. Ramirez,Democratic,12231.0,33.6,True,True
2006,Maryland,MD,State House,47,general,Doyle Niemann,Democratic,11229.0,30.8,True,True
2006,Michigan,MI,State House,1,general,Ed Gaffney,Republican,19500.0,51.96,True,True
2006,Michigan,MI,State House,1,general,Tim Bledsoe,Democratic,17374.0,46.3,False,False
2006,Michigan,MI,State House,1,general,Kristen Hamel,Green,652.0,1.74,False,False
2006,Michigan,MI,State House,2,general,LaMar Lemmons,Democratic,16110.0,95.89,True,True
2006,Michigan,MI,State House,2,general,Edith Floyd,Republican,690.0,4.11,False,False
2006,Michigan,MI,State House,3,general,Bettie Cook Scott,Democratic,17623.0,94.41,True,False
2006,Michigan,MI,State House,3,general,Shirley Lamar,Republican,694.0,3.72,False,False
2006,Michigan,MI,State House,3,general,Fred Vitale,Green,350.0,1.87,False,False
2006,Michigan,MI,State House,4,general,Coleman Young II,Democratic,18841.0,93.9,True,False
2006,Michigan,MI,State House,4,general,Scott Withington,Republican,1225.0,6.1,False,False
2006,Michigan,MI,State House,5,general,Bert Johnson,Democratic,15698.0,100.0,True,False
2006,Michigan,MI,State House,6,general,Marsha Cheeks,Democratic,18373.0,95.27,True,True
2006,Michigan,MI,State House,6,general,Charity Renee Jones,Republican,912.0,4.73,False,False
2006,Michigan,MI,State House,7,general,"Virgil Smith, Jr.",Democratic,21083.0,97.21,True,True
2006,Michigan,MI,State House,7,general,Derek Grigsby,Green,605.0,2.79,False,False
2006,Michigan,MI,State House,8,general,"George Cushingberry, Jr.",Democratic,28241.0,96.71,True,True
2006,Michigan,MI,State House,8,general,Melvin Byrd,Republican,961.0,3.29,False,False
2006,Michigan,MI,State House,9,general,Shanelle Jackson,Democratic,23234.0,93.72,True,False
2006,Michigan,MI,State House,9,general,Ron March,Independent (politician),1556.0,6.28,False,False
2006,Michigan,MI,State House,10,general,Gabe Leland,Democratic,17885.0,93.9,True,True
2006,Michigan,MI,State House,10,general,Thomas Schaut,Republican,1161.0,6.1,False,False
2006,Michigan,MI,State House,11,general,Morris Hood,Democratic,21489.0,100.0,True,True
2006,Michigan,MI,State House,12,general,Steve Tobocman,Democratic,9365.0,95.67,True,True
2006,Michigan,MI,State House,12,general,Raymond Warner,Libertarian,424.0,4.33,False,False
2006,Michigan,MI,State House,13,general,Barbara Farrah,Democratic,22411.0,69.36,True,False
2006,Michigan,MI,State House,13,general,Darrell Stasik,Republican,9902.0,30.64,False,False
2006,Michigan,MI,State House,14,general,Ed Clemente,Democratic,21767.0,78.28,True,False
2006,Michigan,MI,State House,14,general,Dave Stone,Republican,6038.0,21.72,False,False
2006,Michigan,MI,State House,15,general,Gino Polidori,Democratic,21391.0,76.0,True,True
2006,Michigan,MI,State House,15,general,Abbas Ghasham,Republican,6755.0,24.0,False,False
2006,Michigan,MI,State House,16,general,Bob Constan,Democratic,19274.0,73.36,True,False
2006,Michigan,MI,State House,16,general,Jeremy DeLozier,Republican,7000.0,26.64,False,False
2006,Michigan,MI,State House,17,general,Andy Dillon,Democratic,25157.0,77.42,True,True
2006,Michigan,MI,State House,17,general,Zhelinrentice Clampitt,Republican,7336.0,22.58,False,False
2006,Michigan,MI,State House,18,general,Richard LeBlanc,Democratic,19065.0,73.12,True,False
2006,Michigan,MI,State House,18,general,Sam Durante,Republican,6298.0,24.16,False,False
2006,Michigan,MI,State House,18,general,Harold Dunn,Constitution,710.0,2.72,False,False
2006,Michigan,MI,State House,19,general,John R. Pastor,Republican,22627.0,55.19,True,True
2006,Michigan,MI,State House,19,general,Brian Duggan,Democratic,18372.0,44.81,False,False
2006,Michigan,MI,State House,20,general,Marc Corriveau,Democratic,20051.0,51.16,True,False
2006,Michigan,MI,State House,20,general,Mark Abbo,Republican,19140.0,48.84,False,False
2006,Michigan,MI,State House,21,general,Phil LaJoy,Republican,21478.0,56.16,True,True
2006,Michigan,MI,State House,21,general,Al Sinis,Democratic,16769.0,43.84,False,False
2006,Michigan,MI,State House,22,general,Hoon-Yung Hopgood,Democratic,19259.0,73.97,True,True
2006,Michigan,MI,State House,22,general,Ben Armstrong,Republican,5882.0,22.59,False,False
2006,Michigan,MI,State House,22,general,Rick Butkowski,Constitution,895.0,3.44,False,False
2006,Michigan,MI,State House,23,general,Kathleen Law,Democratic,21636.0,63.05,True,False
2006,Michigan,MI,State House,23,general,Linda Bostic,Republican,12677.0,36.95,False,False
2006,Michigan,MI,State House,24,general,Jack Brandenburg,Republican,22256.0,59.34,True,True
2006,Michigan,MI,State House,24,general,Karen Abdella,Democratic,14640.0,39.04,False,False
2006,Michigan,MI,State House,24,general,Frederick Powell,Constitution,608.0,1.62,True,False
2006,Michigan,MI,State House,25,general,Steve Bieda,Democratic,22652.0,67.41,True,True
2006,Michigan,MI,State House,25,general,Cecil St. Pierre,Republican,100156.0,30.22,False,False
2006,Michigan,MI,State House,25,general,Michael Brylewski,Libertarian,795.0,2.37,False,False
2006,Michigan,MI,State House,26,general,Marie Donigan,Democratic,22077.0,62.2,True,True
2006,Michigan,MI,State House,26,general,Kevin Konczal,Republican,12357.0,34.82,False,False
2006,Michigan,MI,State House,26,general,James Young,Libertarian,1057.0,2.98,False,False
2006,Michigan,MI,State House,27,general,Andy Meisner,Democratic,27288.0,78.89,True,True
2006,Michigan,MI,State House,27,general,Will Sears,Republican,7304.0,21.11,False,False
2006,Michigan,MI,State House,28,general,Lisa Wojno,Democratic,19957.0,75.18,True,True
2006,Michigan,MI,State House,28,general,Timothy Knue,Republican,6589.0,24.82,False,False
2006,Michigan,MI,State House,29,general,Tim Melton,Democratic,3740.0,61.95,True,False
2006,Michigan,MI,State House,29,general,Tom March,Republican,2297.0,38.05,False,False
2006,Michigan,MI,State House,30,general,Tory Rocca,Republican,19387.0,59.74,True,True
2006,Michigan,MI,State House,30,general,Rose Marie Fessler,Democratic,13066.0,40.26,False,False
2006,Michigan,MI,State House,31,general,Fred Miller,Democratic,18583.0,62.55,True,False
2006,Michigan,MI,State House,31,general,Daniel Tollis,Republican,10348.0,34.83,False,False
2006,Michigan,MI,State House,31,general,James Miller,Libertarian,777.0,2.62,False,False
2006,Michigan,MI,State House,32,general,Dan Acciavatti,Republican,20716.0,58.76,True,False
2006,Michigan,MI,State House,32,general,Jill Lezotte,Democratic,13841.0,39.26,False,False
2006,Michigan,MI,State House,32,general,Joseph Zemens,Libertarian,701.0,1.99,False,False
2006,Michigan,MI,State House,33,general,Kimberly Meltzer,Republican,21753.0,53.59,True,False
2006,Michigan,MI,State House,33,general,Gary Cynowa,Democratic,18838.0,46.41,False,False
2006,Michigan,MI,State House,34,general,Brenda Clack,Democratic,18454.0,90.46,True,True
2006,Michigan,MI,State House,34,general,Ronald Arnott,Republican,1946.0,9.54,False,False
2006,Michigan,MI,State House,35,general,Paul Condino,Democratic,31507.0,89.14,True,False
2006,Michigan,MI,State House,35,general,Marc Zwick,Republican,3837.0,10.86,False,False
2006,Michigan,MI,State House,36,general,Brian Palmer,Republican,23619.0,60.96,True,False
2006,Michigan,MI,State House,36,general,Robert Murphy,Democratic,15124.0,39.04,False,False
2006,Michigan,MI,State House,37,general,Aldo Vagnozzi,Democratic,23177.0,61.72,True,True
2006,Michigan,MI,State House,37,general,Dennis Malaney,Republican,14375.0,38.28,False,False
2006,Michigan,MI,State House,38,general,Craig DeRoche,Republican,22310.0,59.93,True,True
2006,Michigan,MI,State House,38,general,Tim Jarrell,Democratic,14914.0,40.07,False,False
2006,Michigan,MI,State House,39,general,David Law,Republican,19566.0,50.23,True,True
2006,Michigan,MI,State House,39,general,Lisa Brown,Democratic,19385.0,49.77,False,False
2006,Michigan,MI,State House,40,general,Chuck Moss,Republican,28092.0,65.37,True,False
2006,Michigan,MI,State House,40,general,Syed Jafry,Democratic,14880.0,34.63,False,False
2006,Michigan,MI,State House,41,general,Marty Knollenberg,Republican,21458.0,58.52,True,False
2006,Michigan,MI,State House,41,general,Eric Gregory,Democratic,15208.0,41.48,False,False
2006,Michigan,MI,State House,42,general,Frank Accavitti,Democratic,21718.0,73.11,True,False
2006,Michigan,MI,State House,42,general,Greg Fleming,Republican,7285.0,24.52,False,False
2006,Michigan,MI,State House,42,general,Brett Pfeil,Constitution,703.0,,False,False
2006,Michigan,MI,State House,43,general,Fran Amos,Republican,19286.0,58.99,True,True
2006,Michigan,MI,State House,43,general,Kellie Riddell,Democratic,13406.0,41.01,False,False
2006,Michigan,MI,State House,44,general,John Stakoe,Republican,27123.0,67.16,True,False
2006,Michigan,MI,State House,44,general,Mark Venie,Democratic,13264.0,32.84,False,False
2006,Michigan,MI,State House,45,general,John Garfield,Republican,24212.0,59.64,True,False
2006,Michigan,MI,State House,45,general,Thomas Werth,Democratic,16385.0,40.36,False,False
2006,Michigan,MI,State House,46,general,James Marleau,Republican,23742.0,60.97,True,True
2006,Michigan,MI,State House,46,general,Bill Pearson,Democratic,15196.0,39.03,False,False
2006,Michigan,MI,State House,47,general,Joe Hune,Republican,23487.0,61.56,True,True
2006,Michigan,MI,State House,47,general,Mary Andersson,Democratic,14664.0,38.44,False,False
2006,Michigan,MI,State House,48,general,Richard Hammel,Democratic,22174.0,67.43,True,False
2006,Michigan,MI,State House,48,general,Dana Whitehead,Republican,10711.0,32.57,False,False
2006,Michigan,MI,State House,49,general,Lee Gonzales,Democratic,22637.0,75.24,True,True
2006,Michigan,MI,State House,49,general,Bill Kelly,Republican,7451.0,24.76,False,False
2006,Michigan,MI,State House,50,general,Ted Hammon,Democratic,20259.0,64.55,True,False
2006,Michigan,MI,State House,50,general,Fred Mac Fortner,Republican,11126.0,35.45,False,False
2006,Michigan,MI,State House,51,general,Dave Robertson,Republican,21812.0,50.8,True,True
2006,Michigan,MI,State House,51,general,Fred Starzyk,Democratic,21125.0,49.2,False,False
2006,Michigan,MI,State House,52,general,Pam Byrnes,Democratic,280446.0,62.61,True,True
2006,Michigan,MI,State House,52,general,Shannon Brown,Republican,16747.0,37.39,False,False
2006,Michigan,MI,State House,53,general,Rebekah Warren,Democratic,36979.0,80.0,True,False
2006,Michigan,MI,State House,53,general,Erik Sheagren,Republican,5898.0,17.49,False,False
2006,Michigan,MI,State House,53,general,Matt Erard,Independent (politician),847.0,2.51,False,False
2006,Michigan,MI,State House,54,general,Alma Wheeler Smith,Democratic,22246.0,69.24,True,True
2006,Michigan,MI,State House,54,general,Tom Banks,Republican,9036.0,28.12,False,False
2006,Michigan,MI,State House,54,general,David Helm,Independent (politician),849.0,2.64,False,False
2006,Michigan,MI,State House,55,general,Kathy Angerer,Democratic,23409.0,63.93,True,True
2006,Michigan,MI,State House,55,general,Matt Milosch,Republican,13208.0,36.07,False,False
2006,Michigan,MI,State House,56,general,Kate Ebli,Democratic,16133.0,46.63,True,False
2006,Michigan,MI,State House,56,general,John Manor,Republican,16133.0,46.63,False,False
2006,Michigan,MI,State House,57,general,Dudley Spade,Democratic,20745.0,66.61,True,True
2006,Michigan,MI,State House,57,general,Jim Koehn,Republican,10401.0,33.39,False,False
2006,Michigan,MI,State House,58,general,Bruce Caswell,Republican,21317.0,72.9,True,True
2006,Michigan,MI,State House,58,general,Randy Smith,Democratic,7925.0,27.1,False,False
2006,Michigan,MI,State House,59,general,Rick Shaffer,Republican,19028.0,66.0,True,False
2006,Michigan,MI,State House,59,general,Ed Pawlowski,Democratic,9802.0,34.0,False,False
2006,Michigan,MI,State House,60,general,Robert Jones,Democratic,18925.0,70.76,True,False
2006,Michigan,MI,State House,60,general,Armando Romero,Republican,7821.0,29.24,False,False
2006,Michigan,MI,State House,61,general,Jack Hoogendyk,Republican,21073.0,50.57,True,True
2006,Michigan,MI,State House,61,general,Julie Rogers,Democratic,20600.0,49.43,False,False
2006,Michigan,MI,State House,62,general,Mike Nofs,Republican,15643.0,53.62,True,True
2006,Michigan,MI,State House,62,general,Lynn Haley,Democratic,13531.0,46.38,False,False
2006,Michigan,MI,State House,63,general,Lorence Wenke,Republican,21261.0,55.07,True,True
2006,Michigan,MI,State House,63,general,Phyllis Smith,Democratic,17349.0,44.93,False,False
2006,Michigan,MI,State House,64,general,Martin Griffin,Democratic,15703.0,52.55,True,False
2006,Michigan,MI,State House,64,general,Rick Baxter,Republican,14177.0,47.45,False,False
2006,Michigan,MI,State House,65,general,Mike Simpson,Democratic,16721.0,52.51,True,False
2006,Michigan,MI,State House,65,general,Leslie Mortimer,Republican,15123.0,47.49,False,False
2006,Michigan,MI,State House,66,general,Chris Ward,Republican,27772.0,65.75,True,False
2006,Michigan,MI,State House,66,general,Michael McGonegal,Democratic,14469.0,34.25,False,False
2006,Michigan,MI,State House,67,general,Barb Byrum,Democratic,22837.0,59.66,True,False
2006,Michigan,MI,State House,67,general,Donald Vickers,Republican,15439.0,40.34,False,False
2006,Michigan,MI,State House,68,general,Joan Bauer,Democratic,22830.0,74.32,True,False
2006,Michigan,MI,State House,68,general,Harilaos Sorovigas,Republican,6073.0,19.77,False,False
2006,Michigan,MI,State House,68,general,Charles Ford,Independent (politician),1485.0,4.83,False,False
2006,Michigan,MI,State House,68,general,DelRae Finnerty,Constitution,331.0,1.08,False,False
2006,Michigan,MI,State House,69,general,Mark Meadows,Democratic,21962.0,67.69,True,False
2006,Michigan,MI,State House,69,general,John Knowles,Republican,10485.0,32.31,False,False
2006,Michigan,MI,State House,70,general,Judy Emmons,Republican,18392.0,63.21,True,True
2006,Michigan,MI,State House,70,general,Christopher Mahar,Democratic,10704.0,36.79,False,False
2006,Michigan,MI,State House,71,general,Rick Jones,Republican,23711.0,58.49,True,True
2006,Michigan,MI,State House,71,general,Victor Braatz,Democratic,16830.0,41.51,False,False
2006,Michigan,MI,State House,72,general,Glenn Steil,Republican,27004.0,65.62,True,False
2006,Michigan,MI,State House,72,general,Kyle Eric Hinton,Democratic,13054.0,31.72,False,False
2006,Michigan,MI,State House,72,general,William Wenzel,Libertarian,591.0,1.44,False,False
2006,Michigan,MI,State House,72,general,William Mohr,Constitution,500.0,1.22,False,False
2006,Michigan,MI,State House,73,general,Tom Pearce,Republican,28636.0,64.55,True,False
2006,Michigan,MI,State House,73,general,Joseph Marckini,Democratic,14714.0,33.17,False,False
2006,Michigan,MI,State House,73,general,Steven Nickelson,Libertarian,1010.0,2.28,False,False
2006,Michigan,MI,State House,74,general,David Agema,Republican,30495.0,70.13,True,False
2006,Michigan,MI,State House,74,general,Steven Kauffman,Democratic,12108.0,27.85,False,False
2006,Michigan,MI,State House,74,general,Tracey McLaughlin,Libertarian,880.0,2.02,False,False
2006,Michigan,MI,State House,75,general,Robert Dean,Democratic,17462.0,51.33,True,False
2006,Michigan,MI,State House,75,general,Tim Doyle,Republican,15964.0,46.93,False,False
2006,Michigan,MI,State House,75,general,Lauren Hillmer,Libertarian,592.0,1.74,False,False
2006,Michigan,MI,State House,75,general,Louise Jackson,Independent (politician),0.0,0.0,False,False
2006,Michigan,MI,State House,76,general,Michael Sak,Democratic,17823.0,72.8,True,True
2006,Michigan,MI,State House,76,general,Ted Liberski,Republican,6119.0,24.99,False,False
2006,Michigan,MI,State House,76,general,Matthew Friar,Libertarian,540.0,2.21,False,False
2006,Michigan,MI,State House,77,general,Kevin Green,Republican,21350.0,67.47,True,True
2006,Michigan,MI,State House,77,general,Daniel Ficeli,Democratic,9235.0,29.18,False,False
2006,Michigan,MI,State House,77,general,John Stedman,Libertarian,1060.0,3.35,False,False
2006,Michigan,MI,State House,78,general,Neal Nitz,Republican,14037.0,51.82,True,True
2006,Michigan,MI,State House,78,general,Judy Truesdell,Democratic,13052.0,48.18,False,False
2006,Michigan,MI,State House,79,general,John Proos,Republican,19660.0,65.02,True,True
2006,Michigan,MI,State House,79,general,Janet King,Democratic,10576.0,34.98,False,False
2006,Michigan,MI,State House,80,general,Tonya Schuitmaker,Republican,18264.0,61.49,True,True
2006,Michigan,MI,State House,80,general,Jessie Olson,Democratic,11440.0,38.51,False,False
2006,Michigan,MI,State House,81,general,Phil Pavlov,Republican,22365.0,60.15,True,True
2006,Michigan,MI,State House,81,general,Dan Donnellon,Democratic,14816.0,39.85,False,False
2006,Michigan,MI,State House,82,general,John Stahl,Republican,18629.0,53.33,True,False
2006,Michigan,MI,State House,82,general,Dennis Harrand,Democratic,15021.0,43.0,False,False
2006,Michigan,MI,State House,82,general,Brian Ervin,Constitution,1281.0,3.67,False,False
2006,Michigan,MI,State House,83,general,John Espinoza,Democratic,22318.0,73.02,True,True
2006,Michigan,MI,State House,83,general,Ed Smith,Republican,8245.0,26.98,False,False
2006,Michigan,MI,State House,84,general,Terry Brown,Democratic,18421.0,51.46,True,False
2006,Michigan,MI,State House,84,general,John Hunt,Republican,17378.0,48.54,False,False
2006,Michigan,MI,State House,85,general,Dick Ball,Republican,18982.0,55.31,True,True
2006,Michigan,MI,State House,85,general,Judy Ford,Democratic,15337.0,44.69,False,False
2006,Michigan,MI,State House,86,general,Dave Hildenbrand,Republican,28716.0,64.36,True,True
2006,Michigan,MI,State House,86,general,Melissa Casalina,Democratic,15085.0,33.81,False,False
2006,Michigan,MI,State House,86,general,Patricia Steinport,Libertarian,819.0,1.84,False,False
2006,Michigan,MI,State House,87,general,Brian Calley,Republican,21527.0,56.36,True,False
2006,Michigan,MI,State House,87,general,Doug Kalnbach,Democratic,15504.0,40.56,False,False
2006,Michigan,MI,State House,87,general,Walt Herwath,Constitution,1195.0,3.13,False,False
2006,Michigan,MI,State House,88,general,Fulton Sheen,Republican,23633.0,61.08,True,False
2006,Michigan,MI,State House,88,general,Gery Weichman,Democratic,14059.0,36.34,False,False
2006,Michigan,MI,State House,88,general,Pete Van,Green,999.0,2.58,False,False
2006,Michigan,MI,State House,89,general,Arlan Meekhof,Republican,22921.0,60.6,True,False
2006,Michigan,MI,State House,89,general,Don Bergman,Democratic,13322.0,35.22,False,False
2006,Michigan,MI,State House,90,general,Bill Huizenga,Republican,27338.0,78.27,True,True
2006,Michigan,MI,State House,90,general,Clay Stauffer,Democratic,7590.0,21.73,False,False
2006,Michigan,MI,State House,91,general,Mary Valentine,Democratic,20494.0,55.93,True,False
2006,Michigan,MI,State House,91,general,David Farhat,Republican,16148.0,44.07,False,False
2006,Michigan,MI,State House,92,general,Doug Bennett,Democratic,18700.0,70.38,True,True
2006,Michigan,MI,State House,92,general,Marianne Harris-Darnell,Republican,7870.0,29.62,False,False
2006,Michigan,MI,State House,93,general,Paul Opsommer,Republican,21284.0,56.24,True,False
2006,Michigan,MI,State House,93,general,Ronald McComb,Democratic,16564.0,43.76,False,False
2006,Michigan,MI,State House,94,general,Ken Horn,Republican,21090.0,53.14,True,False
2006,Michigan,MI,State House,94,general,Bob Blaine,Democratic,18595.0,46.86,False,False
2006,Michigan,MI,State House,95,general,Andy Coulouris,Democratic,18986.0,81.43,True,False
2006,Michigan,MI,State House,95,general,Joel Wilson,Republican,4329.0,18.57,False,False
2006,Michigan,MI,State House,95,general,Wilfred Beal,Independent (politician),,,False,False
2006,Michigan,MI,State House,96,general,Jeff Mayes,Democratic,27188.0,73.39,True,True
2006,Michigan,MI,State House,96,general,Eric Schaefer,Republican,9857.0,26.61,False,False
2006,Michigan,MI,State House,97,general,Tim Moore,Republican,18887.0,53.65,True,True
2006,Michigan,MI,State House,97,general,David Schwab,Democratic,16315.0,46.35,False,False
2006,Michigan,MI,State House,98,general,John Moolenaar,Republican,21578.0,61.39,True,True
2006,Michigan,MI,State House,98,general,Jan Taylor Sutherland,Democratic,13572.0,38.61,False,False
2006,Michigan,MI,State House,99,general,Bill Caul,Republican,17198.0,57.65,True,False
2006,Michigan,MI,State House,99,general,Loren Partlo,Democratic,12632.0,42.35,False,False
2006,Michigan,MI,State House,100,general,Goeff Hansen,Republican,19138.0,58.48,True,True
2006,Michigan,MI,State House,100,general,Bill Richards,Democratic,13590.0,41.52,False,False
2006,Michigan,MI,State House,101,general,David Palsrok,Republican,21779.0,51.96,True,False
2006,Michigan,MI,State House,101,general,Daniel Scripps,Democratic,20132.0,48.04,False,False
2006,Michigan,MI,State House,102,general,Darwin L. Booher,Republican,21633.0,62.0,True,True
2006,Michigan,MI,State House,102,general,Nate Heffron,Democratic,13257.0,38.0,False,False
2006,Michigan,MI,State House,103,general,Joel Sheltrown,Democratic,25155.0,68.69,True,True
2006,Michigan,MI,State House,103,general,Raymond Moore,Republican,11468.0,31.31,False,False
2006,Michigan,MI,State House,104,general,Howard Walker,Republican,24385.0,58.46,True,True
2006,Michigan,MI,State House,104,general,Roman Grucz,Democratic,17328.0,41.54,False,False
2006,Michigan,MI,State House,105,general,Kevin Elsenheimer,Republican,26291.0,64.24,True,True
2006,Michigan,MI,State House,105,general,Tom Bauer,Democratic,14635.0,35.76,False,False
2006,Michigan,MI,State House,106,general,Matt Gillard,Democratic,23675.0,64.86,True,True
2006,Michigan,MI,State House,106,general,Howard Viegelahn,Republican,12827.0,35.14,False,False
2006,Michigan,MI,State House,107,general,Gary McDowell,Democratic,20286.0,59.49,True,True
2006,Michigan,MI,State House,107,general,Michael Duggan,Republican,13816.0,40.51,False,False
2006,Michigan,MI,State House,108,general,Tom Casperson,Republican,17816.0,55.48,True,True
2006,Michigan,MI,State House,108,general,Judy Nerat,Democratic,14297.0,44.52,False,False
2006,Michigan,MI,State House,109,general,Steven Lindberg,Democratic,21398.0,67.07,True,False
2006,Michigan,MI,State House,109,general,Joel Westrom,Republican,10504.0,32.93,False,False
2006,Michigan,MI,State House,110,general,Michael Lahti,Democratic,19361.0,63.4,True,False
2006,Michigan,MI,State House,110,general,Dave Schmidt,Republican,10357.0,33.92,False,False
2006,Michigan,MI,State House,110,general,James Niemela,Constitution,820.0,2.69,False,False
2006,New Mexico,NM,State House,1,general,Tom Taylor,Republican,5760.0,69.41,True,True
2006,New Mexico,NM,State House,1,general,Ann George,Democratic,2539.0,30.59,False,False
2006,New Mexico,NM,State House,2,general,James Strickler,Republican,3905.0,62.53,True,False
2006,New Mexico,NM,State House,2,general,Alice Marie Slaven-Emond,Democratic,2340.0,37.47,False,False
2006,New Mexico,NM,State House,3,general,Paul Bandy,Republican,5591.0,100.0,True,False
2006,New Mexico,NM,State House,4,general,Ray Begaye,Democratic,5835.0,100.0,True,True
2006,New Mexico,NM,State House,5,general,Irvin Harrison,Democratic,5673.0,100.0,True,True
2006,New Mexico,NM,State House,6,general,George Hanosh,Democratic,4629.0,71.98,True,True
2006,New Mexico,NM,State House,6,general,R. Grant Clawson,Republican,1802.0,28.02,False,False
2006,New Mexico,NM,State House,7,general,Andrew Barreras,Democratic,4313.0,53.64,True,False
2006,New Mexico,NM,State House,7,general,David Young,Republican,3728.0,46.36,False,False
2006,New Mexico,NM,State House,8,general,Elias Barela,Democratic,4170.0,53.07,True,False
2006,New Mexico,NM,State House,8,general,Jackie Farnsworth,Republican,3688.0,46.93,False,False
2006,New Mexico,NM,State House,9,general,Patricia Lundstrom,Democratic,5007.0,100.0,True,True
2006,New Mexico,NM,State House,10,general,Henry Saavedra,Democratic,4345.0,100.0,True,True
2006,New Mexico,NM,State House,11,general,Rick Miera,Democratic,7127.0,100.0,True,True
2006,New Mexico,NM,State House,12,general,Ernest Chavez,Democratic,4608.0,100.0,True,True
2006,New Mexico,NM,State House,13,general,Daniel Silva,Democratic,5548.0,100.0,True,True
2006,New Mexico,NM,State House,14,general,Miguel Garcia,Democratic,4631.0,77.09,True,True
2006,New Mexico,NM,State House,14,general,Clara Pena,Republican,1376.0,22.91,False,False
2006,New Mexico,NM,State House,15,general,Teresa Zanetti,Republican,5711.0,53.65,True,True
2006,New Mexico,NM,State House,15,general,Traci Jo Cadigan,Democratic,4934.0,46.35,False,False
2006,New Mexico,NM,State House,16,general,Moe Maestas,Democratic,5703.0,68.59,True,False
2006,New Mexico,NM,State House,16,general,Storm Field,Republican,2612.0,31.41,False,False
2006,New Mexico,NM,State House,17,general,Edward Sandoval,Democratic,7965.0,100.0,True,True
2006,New Mexico,NM,State House,18,general,Gail Chasey,Democratic,7049.0,82.76,True,True
2006,New Mexico,NM,State House,18,general,Lance Klafeta,Republican,1468.0,17.24,False,False
2006,New Mexico,NM,State House,19,general,Sheryl Williams Stapleton,Democratic,4676.0,75.98,True,True
2006,New Mexico,NM,State House,19,general,Donald Thompson,Green,1478.0,24.02,False,False
2006,New Mexico,NM,State House,20,general,Richard Berry,Republican,7740.0,100.0,True,False
2006,New Mexico,NM,State House,21,general,Mimi Stewart,Democratic,4628.0,100.0,True,True
2006,New Mexico,NM,State House,22,general,Kathy McCoy,Republican,7564.0,58.25,True,True
2006,New Mexico,NM,State House,22,general,Janice Saxton,Democratic,5422.0,41.75,False,False
2006,New Mexico,NM,State House,23,general,Eric Youngberg,Republican,5897.0,52.66,True,True
2006,New Mexico,NM,State House,23,general,Barbara Anne Stirling,Democratic,5302.0,47.34,False,False
2006,New Mexico,NM,State House,24,general,Janice Arnold-Jones,Republican,5735.0,54.7,True,True
2006,New Mexico,NM,State House,24,general,Shirley Abbott,Democratic,4750.0,45.3,False,False
2006,New Mexico,NM,State House,25,general,Danice Picraux,Democratic,7417.0,100.0,True,True
2006,New Mexico,NM,State House,26,general,Al Park,Democratic,3896.0,100.0,True,True
2006,New Mexico,NM,State House,27,general,Larry Larrañaga,Republican,9768.0,100.0,True,True
2006,New Mexico,NM,State House,28,general,Jimmie Hall,Republican,5916.0,56.39,True,True
2006,New Mexico,NM,State House,28,general,Shay Rose,Democratic,4575.0,43.61,False,False
2006,New Mexico,NM,State House,29,general,Thomas Anderson,Republican,6929.0,52.78,True,True
2006,New Mexico,NM,State House,29,general,Antonio Sandoval,Democratic,6199.0,47.22,False,False
2006,New Mexico,NM,State House,30,general,Justine Fox-Young,Republican,5552.0,56.49,True,True
2006,New Mexico,NM,State House,30,general,John McWaters III,Democratic,4277.0,43.51,False,False
2006,New Mexico,NM,State House,31,general,Bill Rehm,Republican,7443.0,58.75,True,False
2006,New Mexico,NM,State House,31,general,Barbara Scharf,Democratic,5225.0,41.25,False,False
2006,New Mexico,NM,State House,32,general,Dona Irwin,Democratic,3733.0,61.55,True,True
2006,New Mexico,NM,State House,32,general,Ida Kay Chandler,Republican,2332.0,38.45,False,False
2006,New Mexico,NM,State House,33,general,Joni Gutierrez,Democratic,4673.0,100.0,True,True
2006,New Mexico,NM,State House,34,general,Mary Helen Garcia,Democratic,2511.0,100.0,True,True
2006,New Mexico,NM,State House,35,general,Antonio Luján,Democratic,3162.0,67.41,True,True
2006,New Mexico,NM,State House,35,general,Lawrence Joy,Republican,1529.0,32.59,False,False
2006,New Mexico,NM,State House,36,general,Andy Nuñez,Democratic,3486.0,55.96,True,True
2006,New Mexico,NM,State House,36,general,Isaac Chavez,Republican,2744.0,44.04,False,False
2006,New Mexico,NM,State House,37,general,Jeff Steinborn,Democratic,4848.0,51.65,True,False
2006,New Mexico,NM,State House,37,general,Scott Witt,Republican,4539.0,48.35,False,False
2006,New Mexico,NM,State House,38,general,Dianne Hamilton,Republican,6349.0,100.0,True,True
2006,New Mexico,NM,State House,39,general,Manuel Herrera,Democratic,5831.0,100.0,True,True
2006,New Mexico,NM,State House,40,general,Nick Salazar,Democratic,5909.0,100.0,True,True
2006,New Mexico,NM,State House,41,general,Debbie Rodella,Democratic,5362.0,100.0,True,True
2006,New Mexico,NM,State House,42,general,Roberto Gonzales,Democratic,8205.0,100.0,True,True
2006,New Mexico,NM,State House,43,general,Jeannette Wallace,Republican,7921.0,100.0,True,True
2006,New Mexico,NM,State House,44,general,Jane Powdrell-Culbert,Republican,7516.0,59.06,True,True
2006,New Mexico,NM,State House,44,general,Eliot Gould,Democratic,5211.0,40.94,False,False
2006,New Mexico,NM,State House,45,general,Jim Trujillo,Democratic,5625.0,100.0,True,True
2006,New Mexico,NM,State House,46,general,Ben Luján,Democratic,8008.0,100.0,True,True
2006,New Mexico,NM,State House,47,general,Peter Wirth,Democratic,11679.0,100.0,True,True
2006,New Mexico,NM,State House,48,general,Lucky Varela,Democratic,8459.0,100.0,True,True
2006,New Mexico,NM,State House,49,general,Don Tripp,Republican,7651.0,100.0,True,True
2006,New Mexico,NM,State House,50,general,Rhonda Sue King,Democratic,7032.0,100.0,True,True
2006,New Mexico,NM,State House,51,general,Gloria Vaughn,Republican,3134.0,100.0,True,True
2006,New Mexico,NM,State House,52,general,Joe Cervantes,Democratic,3836.0,100.0,True,True
2006,New Mexico,NM,State House,53,general,Nate Cote,Democratic,2672.0,51.93,True,False
2006,New Mexico,NM,State House,53,general,Terry Marquardt,Republican,2473.0,48.07,False,True
2006,New Mexico,NM,State House,54,general,Bill Gray,Republican,2838.0,54.78,True,False
2006,New Mexico,NM,State House,54,general,Christy Bourgeois,Democratic,2343.0,45.22,False,False
2006,New Mexico,NM,State House,55,general,John Heaton,Democratic,5919.0,100.0,True,True
2006,New Mexico,NM,State House,56,general,Dub Williams,Republican,4500.0,64.7,True,True
2006,New Mexico,NM,State House,56,general,Carolyn Provencher,Democratic,2455.0,35.3,False,False
2006,New Mexico,NM,State House,57,general,Dan Foley,Republican,6147.0,74.28,True,True
2006,New Mexico,NM,State House,57,general,Cynthia Morrison,Green,1561.0,18.86,False,False
2006,New Mexico,NM,State House,57,general,Steven Gavi (write-in),Independent (politician),567.0,6.85,False,False
2006,New Mexico,NM,State House,58,general,Candy Ezzell,Republican,2619.0,54.07,True,True
2006,New Mexico,NM,State House,58,general,Pablo Martinez,Democratic,2225.0,45.93,False,False
2006,New Mexico,NM,State House,59,general,Nora Espinoza,Republican,4271.0,59.34,True,False
2006,New Mexico,NM,State House,59,general,Ellen Wedum,Democratic,2926.0,40.66,False,False
2006,New Mexico,NM,State House,60,general,Thomas Swisstack,Democratic,5462.0,56.95,True,True
2006,New Mexico,NM,State House,60,general,Jim Owen,Republican,4129.0,43.05,False,False
2006,New Mexico,NM,State House,61,general,Shirley Tyler,Republican,2091.0,50.67,True,False
2006,New Mexico,NM,State House,61,general,Donald Whitaker,Democratic,2036.0,49.33,False,True
2006,New Mexico,NM,State House,62,general,Donald Bratton,Republican,5571.0,100.0,True,True
2006,New Mexico,NM,State House,63,general,Jose Campos II,Democratic,3655.0,100.0,True,True
2006,New Mexico,NM,State House,64,general,Anna Crook,Republican,4753.0,100.0,True,True
2006,New Mexico,NM,State House,65,general,James Madalena,Democratic,5427.0,100.0,True,True
2006,New Mexico,NM,State House,66,general,Keith Gardner,Republican,4996.0,100.0,True,True
2006,New Mexico,NM,State House,67,general,Brian Moore,Republican,5792.0,100.0,True,True
2006,New Mexico,NM,State House,69,general,Ken Martinez,Democratic,5623.0,100.0,True,True
2006,New Mexico,NM,State House,70,general,Richard Vigil,Democratic,5668.0,100.0,True,True
2006,New York,NY,State House,1,general,Marc Alessi,Democratic,24366.0,56.83,True,True
2006,New York,NY,State House,1,general,Daniel J. Panico,Republican,15446.0,36.02,False,False
2006,New York,NY,State House,2,general,Fred Thiele,Republican,20978.0,56.5,True,True
2006,New York,NY,State House,2,general,M. Treewolf West,Democratic,14449.0,38.23,False,False
2006,New York,NY,State House,3,general,Patricia Eddington,Democratic,17037.0,59.4,True,True
2006,New York,NY,State House,3,general,Scott J. Salimando,Republican,9819.0,34.24,False,False
2006,New York,NY,State House,4,general,Steve Englebright,Democratic,22442.0,64.93,True,True
2006,New York,NY,State House,4,general,Bruce C. Bennett,Republican,9970.0,28.85,False,False
2006,New York,NY,State House,5,general,Ginny Fields,Democratic,18406.0,53.33,True,True
2006,New York,NY,State House,5,general,William M. Faulk Jr.,Republican,11826.0,34.26,False,False
2006,New York,NY,State House,6,general,Philip Ramos,Democratic,11580.0,62.76,True,True
2006,New York,NY,State House,7,general,Michael J. Fitzpatrick,Republican,21211.0,54.34,True,True
2006,New York,NY,State House,7,general,Grace Kelly-McGovern,Democratic,14111.0,36.15,False,False
2006,New York,NY,State House,8,general,Phil Boyle,Republican,19088.0,52.68,True,True
2006,New York,NY,State House,8,general,Dennis M. Cohen,Democratic,12261.0,33.83,False,False
2006,New York,NY,State House,9,general,Andrew Raia,Republican,22039.0,56.3,True,True
2006,New York,NY,State House,9,general,Gerard J. McCreight,Democratic,13950.0,35.64,False,False
2006,New York,NY,State House,10,general,James D. Conte,Republican,18881.0,49.68,True,True
2006,New York,NY,State House,10,general,Barbara A. LoMoriello,Democratic,16381.0,43.11,False,False
2006,New York,NY,State House,11,general,Robert K. Sweeney,Democratic,15485.0,62.34,True,True
2006,New York,NY,State House,11,general,Donald H. Nohs,Conservative,1167.0,4.7,False,False
2006,New York,NY,State House,12,general,Joseph Saladino,Republican,24180.0,61.49,True,True
2006,New York,NY,State House,12,general,Craig S. Heller,Democratic,12046.0,30.63,False,False
2006,New York,NY,State House,13,general,Charles D. Lavine,Democratic,24160.0,59.98,True,True
2006,New York,NY,State House,13,general,Steve J. Gonzalez,Republican,12600.0,31.28,False,False
2006,New York,NY,State House,14,general,Robert Barra,Republican,20938.0,53.17,True,True
2006,New York,NY,State House,14,general,Daniel A. Torres,Democratic,14417.0,36.61,False,False
2006,New York,NY,State House,15,general,Rob Walker,Republican,19294.0,52.98,True,True
2006,New York,NY,State House,15,general,Matthew G. Pangburn,Democratic,13368.0,36.71,False,False
2006,New York,NY,State House,16,general,Tom DiNapoli,Democratic,27296.0,68.53,True,True
2006,New York,NY,State House,16,general,Louis F. Chisari,Republican,9516.0,23.89,False,False
2006,New York,NY,State House,17,general,Thomas McKevitt,Republican,19048.0,47.3,True,True
2006,New York,NY,State House,17,general,Dolores D. Sedacca,Democratic,16622.0,41.27,False,False
2006,New York,NY,State House,18,general,Earlene Hill Hooper,Democratic,16587.0,70.63,True,True
2006,New York,NY,State House,18,general,J. Barrington Jackson,Republican,3580.0,15.25,False,False
2006,New York,NY,State House,19,general,David McDonough,Republican,20681.0,51.0,True,True
2006,New York,NY,State House,19,general,Donald Birnbaum,Democratic,15627.0,38.54,False,False
2006,New York,NY,State House,20,general,Harvey Weisenberg,Democratic,24480.0,65.02,True,True
2006,New York,NY,State House,20,general,Francis X. McQuade,Republican,10240.0,27.2,False,False
2006,New York,NY,State House,21,general,Thomas Alfano,Republican,20815.0,59.11,True,True
2006,New York,NY,State House,21,general,Alfred D. Cooper Sr.,Democratic,11168.0,31.72,False,False
2006,New York,NY,State House,22,general,Ellen Young,Democratic,8211.0,62.06,True,False
2006,New York,NY,State House,22,general,Christopher M. Migliaccio,Republican,2200.0,16.63,False,False
2006,New York,NY,State House,23,general,Audrey Pheffer,Democratic,14473.0,66.79,True,True
2006,New York,NY,State House,23,general,Stuart Mirsky,Republican,4349.0,20.07,False,False
2006,New York,NY,State House,24,general,Mark Weprin,Democratic,19306.0,71.48,True,True
2006,New York,NY,State House,25,general,Rory Lancman,Democratic,10395.0,62.34,True,False
2006,New York,NY,State House,25,general,Morshed Alam,Republican,2656.0,15.93,False,False
2006,New York,NY,State House,26,general,Ann-Margaret Carrozza,Democratic,18503.0,66.53,True,True
2006,New York,NY,State House,27,general,Nettie Mayersohn,Democratic,12606.0,65.32,True,True
2006,New York,NY,State House,27,general,Walter A. Lamp,Conservative,769.0,3.99,False,False
2006,New York,NY,State House,28,general,Andrew Hevesi,Democratic,14790.0,60.79,True,True
2006,New York,NY,State House,28,general,Dolores Maddis,Republican,5653.0,23.23,False,False
2006,New York,NY,State House,29,general,William Scarborough,Democratic,15897.0,75.55,True,True
2006,New York,NY,State House,30,general,Margaret Markey,Democratic,10504.0,60.01,True,True
2006,New York,NY,State House,31,general,Michele Titus,Democratic,11072.0,68.2,True,True
2006,New York,NY,State House,31,general,Michael Duvalle,Independence,1037.0,6.39,False,False
2006,New York,NY,State House,32,general,Vivian E. Cook,Democratic,13727.0,71.58,True,True
2006,New York,NY,State House,33,general,Barbara M. Clark,Democratic,16993.0,74.87,True,True
2006,New York,NY,State House,34,general,Ivan C. Lafayette,Democratic,9772.0,67.65,True,True
2006,New York,NY,State House,35,general,Jeffrion L. Aubry,Democratic,8597.0,63.78,True,True
2006,New York,NY,State House,36,general,Michael Gianaris,Democratic,12575.0,71.94,True,True
2006,New York,NY,State House,37,general,Catherine Nolan,Democratic,10102.0,68.72,True,True
2006,New York,NY,State House,38,general,Anthony S. Seminerio,Democratic,10849.0,80.17,True,True
2006,New York,NY,State House,39,general,Jose Peralta,Democratic,7081.0,68.55,True,True
2006,New York,NY,State House,40,general,Diane Gordon,Democratic,12316.0,65.98,True,True
2006,New York,NY,State House,40,general,Godfrey Jelks,Republican,767.0,4.11,False,False
2006,New York,NY,State House,41,general,Helene Weinstein,Democratic,15038.0,72.0,True,True
2006,New York,NY,State House,41,general,Jack Benton,Republican,1967.0,9.0,False,False
2006,New York,NY,State House,41,general,Jonathan Testaverde,Conservative,461.0,2.0,False,False
2006,New York,NY,State House,42,general,Rhoda S. Jacobs,Democratic,11073.0,66.99,True,True
2006,New York,NY,State House,42,general,Harriet Katz,Republican,697.0,4.22,False,False
2006,New York,NY,State House,43,general,Karim Camara,Democratic,11873.0,62.83,True,True
2006,New York,NY,State House,43,general,Kenneth E. Cook,Republican,983.0,5.2,False,False
2006,New York,NY,State House,44,general,James F. Brennan,Democratic,16169.0,72.08,True,True
2006,New York,NY,State House,44,general,Yvette Valezquez Bennett,Republican,2635.0,11.75,False,False
2006,New York,NY,State House,45,general,Steven Cymbrowitz,Democratic,12367.0,83.83,True,True
2006,New York,NY,State House,46,general,Alec Brook-Krasny,Democratic,11129.0,56.96,True,False
2006,New York,NY,State House,46,general,Patricia B. Laudano,Republican,4738.0,24.25,False,False
2006,New York,NY,State House,47,general,William Colton,Democratic,9168.0,68.53,True,True
2006,New York,NY,State House,47,general,Phyllis Carbo,Republican,2509.0,18.76,False,False
2006,New York,NY,State House,48,general,Dov Hikind,Democratic,9642.0,75.34,True,True
2006,New York,NY,State House,48,general,Herbert F. Ryan,Conservative,788.0,6.16,False,False
2006,New York,NY,State House,49,general,Peter J. Abbate Jr.,Democratic,7884.0,65.85,True,True
2006,New York,NY,State House,49,general,Lucretia Regina-Potter,Republican,2737.0,22.86,False,False
2006,New York,NY,State House,50,general,Joe Lentol,Democratic,11148.0,69.98,True,True
2006,New York,NY,State House,50,general,Richard Trainer,Republican,1326.0,8.33,False,False
2006,New York,NY,State House,51,general,Félix W. Ortiz,Democratic,7431.0,66.12,True,True
2006,New York,NY,State House,51,general,Washington G. Artus,Republican,1184.0,10.53,False,False
2006,New York,NY,State House,52,general,Joan Millman,Democratic,30070.0,81.97,True,True
2006,New York,NY,State House,52,general,Rosemarie Markgraf,Republican,2438.0,6.65,False,False
2006,New York,NY,State House,53,general,Vito Lopez,Democratic,12194.0,75.63,True,True
2006,New York,NY,State House,53,general,Ameriar Feliciano,Republican,785.0,4.87,False,False
2006,New York,NY,State House,54,general,Darryl C. Towns,Democratic,8192.0,66.91,True,True
2006,New York,NY,State House,54,general,Khorshed A. Chowdhury,Republican,503.0,4.11,False,False
2006,New York,NY,State House,55,general,William Boyland Jr.,Democratic,10505.0,68.94,True,True
2006,New York,NY,State House,55,general,Rose Laney,Republican,440.0,2.89,False,False
2006,New York,NY,State House,56,general,Annette Robinson,Democratic,12785.0,73.24,True,True
2006,New York,NY,State House,57,general,Hakeem Jeffries,Democratic,19551.0,79.31,True,False
2006,New York,NY,State House,57,general,Henry P. Weinstein,Republican,613.0,2.49,False,False
2006,New York,NY,State House,58,general,Nick Perry,Democratic,14691.0,74.87,True,True
2006,New York,NY,State House,58,general,Robert Gaffney,Conservative,215.0,1.1,False,False
2006,New York,NY,State House,59,general,Alan Maisel,Democratic,12427.0,61.84,True,True
2006,New York,NY,State House,59,general,Stephen Walters,Conservative,871.0,4.33,False,False
2006,New York,NY,State House,60,general,Janele Hyer-Spencer,Democratic,11352.0,46.2,True,False
2006,New York,NY,State House,60,general,Anthony C. Xanthakis,Republican,10605.0,43.16,False,False
2006,New York,NY,State House,61,general,John W. Lavelle,Democratic,13963.0,60.42,True,True
2006,New York,NY,State House,61,general,Rose Margarella,Republican,5249.0,22.71,False,False
2006,New York,NY,State House,62,general,Vincent M. Ignizio,Republican,16131.0,63.67,True,True
2006,New York,NY,State House,63,general,Michael Cusick,Democratic,13086.0,60.27,True,True
2006,New York,NY,State House,63,general,Victor A. Grossman,Republican,5775.0,26.6,False,False
2006,New York,NY,State House,64,general,Sheldon Silver,Democratic,17786.0,74.75,True,True
2006,New York,NY,State House,64,general,Michael A. Imperiale,Republican,2758.0,11.59,False,False
2006,New York,NY,State House,65,general,Pete Grannis,Democratic,25334.0,73.34,True,True
2006,New York,NY,State House,65,general,Michael Fandal,Republican,5499.0,15.92,False,False
2006,New York,NY,State House,66,general,Deborah J. Glick,Democratic,33667.0,85.17,True,True
2006,New York,NY,State House,67,general,Linda Rosenthal,Democratic,33909.0,79.66,True,True
2006,New York,NY,State House,67,general,Theodore Howard,Republican,4469.0,10.5,False,False
2006,New York,NY,State House,68,general,Adam Clayton Powell IV,Democratic,15629.0,72.52,True,True
2006,New York,NY,State House,68,general,Dean Loren Velasco,Republican,1587.0,7.36,False,False
2006,New York,NY,State House,69,general,Daniel J. O'Donnell,Democratic,27890.0,74.59,True,True
2006,New York,NY,State House,70,general,Keith L. T. Wright,Democratic,19633.0,79.69,True,True
2006,New York,NY,State House,71,general,Herman D. Farrell Jr.,Democratic,18826.0,73.46,True,True
2006,New York,NY,State House,71,general,Glenda Allen,Republican,1378.0,5.38,False,False
2006,New York,NY,State House,72,general,Adriano Espaillat,Democratic,14176.0,76.44,True,True
2006,New York,NY,State House,72,general,Martin Chicon,Republican,1109.0,5.98,False,False
2006,New York,NY,State House,73,general,Jonathan Bing,Democratic,26920.0,68.47,True,True
2006,New York,NY,State House,73,general,Robert Heim,Republican,8062.0,20.5,False,False
2006,New York,NY,State House,74,general,Brian P. Kavanagh,Democratic,21875.0,64.59,True,False
2006,New York,NY,State House,74,general,Sylvia Friedman,Working Families,3855.0,11.38,False,True
2006,New York,NY,State House,74,general,Frank J. Scala,Republican,3576.0,10.56,False,False
2006,New York,NY,State House,75,general,Richard N. Gottfried,Democratic,29190.0,78.98,True,True
2006,New York,NY,State House,76,general,Peter M. Rivera,Democratic,12679.0,70.55,True,True
2006,New York,NY,State House,76,general,Steven Stern,Republican,1132.0,6.3,False,False
2006,New York,NY,State House,77,general,Aurelia Greene,Democratic,10092.0,73.56,True,True
2006,New York,NY,State House,77,general,Kathleen Benjamin Larkins,Republican,369.0,2.69,False,False
2006,New York,NY,State House,77,general,Anthony Curry,Conservative,170.0,1.24,False,False
2006,New York,NY,State House,78,general,Jose Rivera,Democratic,8421.0,69.33,True,True
2006,New York,NY,State House,78,general,William J. Sullivan,Republican,970.0,7.99,False,False
2006,New York,NY,State House,79,general,Michael Benjamin,Democratic,10704.0,68.27,True,True
2006,New York,NY,State House,79,general,Sharon L. Grady,Republican,551.0,3.52,False,False
2006,New York,NY,State House,80,general,Naomi Rivera,Democratic,10542.0,59.3,True,True
2006,New York,NY,State House,80,general,Frank Olivo,Republican,2532.0,14.25,False,False
2006,New York,NY,State House,80,general,Joseph A. Thompson,Conservative,1062.0,5.98,False,False
2006,New York,NY,State House,81,general,Jeffrey Dinowitz,Democratic,17539.0,73.19,True,True
2006,New York,NY,State House,81,general,Steve Bradian,Conservative,908.0,3.79,False,False
2006,New York,NY,State House,82,general,Michael Benedetto,Democratic,16632.0,65.49,True,True
2006,New York,NY,State House,82,general,Raymond Capone,Republican,3795.0,14.94,False,False
2006,New York,NY,State House,83,general,Carl Heastie,Democratic,14113.0,75.04,True,True
2006,New York,NY,State House,83,general,Willie Bowman,Republican,741.0,3.94,False,False
2006,New York,NY,State House,83,general,Trevor Archer,Green,146.0,0.78,False,False
2006,New York,NY,State House,84,general,Carmen E. Arroyo,Democratic,9992.0,67.23,True,True
2006,New York,NY,State House,84,general,David Rosado,Republican,647.0,4.35,False,False
2006,New York,NY,State House,84,general,Harry Almodovar,Conservative,135.0,0.91,False,False
2006,New York,NY,State House,85,general,Rubén Díaz Jr.,Democratic,10195.0,70.69,True,True
2006,New York,NY,State House,85,general,William J. McDonagh,Republican,554.0,3.84,False,False
2006,New York,NY,State House,86,general,Luis Diaz,Democratic,7810.0,67.08,True,True
2006,New York,NY,State House,86,general,Sham Ninah,Republican,449.0,3.86,False,False
2006,New York,NY,State House,87,general,J. Gary Pretlow,Democratic,16244.0,67.18,True,True
2006,New York,NY,State House,87,general,Barbara Snyder,Republican,3571.0,14.77,False,False
2006,New York,NY,State House,88,general,Amy Paulin,Democratic,25063.0,65.32,True,True
2006,New York,NY,State House,88,general,Jim Coleman,Republican,9544.0,24.88,False,False
2006,New York,NY,State House,89,general,Adam Bradley,Democratic,27915.0,63.13,True,True
2006,New York,NY,State House,90,general,Sandy Galef,Democratic,26028.0,61.89,True,True
2006,New York,NY,State House,91,general,George Latimer,Democratic,21830.0,66.38,True,True
2006,New York,NY,State House,92,general,Richard Brodsky,Democratic,30023.0,64.91,True,True
2006,New York,NY,State House,92,general,Gerard R. Gershonowitz,Conservative,1870.0,4.04,False,False
2006,New York,NY,State House,93,general,Mike Spano,Republican,17472.0,47.94,True,True
2006,New York,NY,State House,93,general,Shelley B. Mayer,Democratic,16088.0,44.15,False,False
2006,New York,NY,State House,94,general,Kenneth Zebrowski,Democratic,23440.0,59.98,True,True
2006,New York,NY,State House,94,general,Peter H. Partridge,New York State Right To Life,1390.0,3.56,False,False
2006,New York,NY,State House,95,general,Ellen Jaffee,Democratic,18778.0,53.78,True,False
2006,New York,NY,State House,95,general,Joseph P. Brennan,Republican,11910.0,34.11,False,False
2006,New York,NY,State House,96,general,Nancy Calhoun,Republican,18942.0,48.92,True,True
2006,New York,NY,State House,96,general,Richard Randazzo,Democratic,17033.0,43.99,False,False
2006,New York,NY,State House,97,general,Ann Rabbitt,Republican,19834.0,50.89,True,True
2006,New York,NY,State House,97,general,Michael D. Paduch,Democratic,16385.0,42.04,False,False
2006,New York,NY,State House,98,general,Aileen Gunther,Democratic,22625.0,65.24,True,True
2006,New York,NY,State House,99,general,Greg Ball,Republican,20956.0,46.17,True,False
2006,New York,NY,State House,99,general,Kenneth P. Harper,Democratic,17155.0,37.8,False,False
2006,New York,NY,State House,99,general,"Willis H. Stephens, Jr.",Independence,3228.0,7.11,False,False
2006,New York,NY,State House,100,general,Thomas J. Kirwan,Republican,15228.0,50.33,True,True
2006,New York,NY,State House,100,general,Eleanor Thompson,Democratic,12096.0,39.97,False,False
2006,New York,NY,State House,101,general,Kevin Cahill,Democratic,30379.0,64.81,True,True
2006,New York,NY,State House,102,general,Joel M. Miller,Republican,19365.0,48.88,True,True
2006,New York,NY,State House,102,general,Joel C. Tyner,Democratic,14968.0,37.79,False,False
2006,New York,NY,State House,102,general,Helen Westover,Conservative,2055.0,5.19,False,False
2006,New York,NY,State House,103,general,Marc Molinaro,Republican,22065.0,50.8,True,False
2006,New York,NY,State House,103,general,Virginia S. Martin,Democratic,17531.0,40.36,False,False
2006,New York,NY,State House,104,general,John McEneny,Democratic,36806.0,77.72,True,True
2006,New York,NY,State House,105,general,Paul Tonko,Democratic,28243.0,70.12,True,True
2006,New York,NY,State House,105,general,John R. Mertz,Republican,9389.0,23.31,False,False
2006,New York,NY,State House,106,general,Ronald Canestrari,Democratic,25669.0,65.38,True,True
2006,New York,NY,State House,106,general,Kandi S. Terry,Republican,9317.0,23.73,False,False
2006,New York,NY,State House,106,general,Christopher N. Consuello,Working Families,679.0,1.73,False,False
2006,New York,NY,State House,107,general,Clifford W. Crouch,Republican,22420.0,52.66,True,True
2006,New York,NY,State House,107,general,Kelly Keck,Democratic,15001.0,35.24,False,False
2006,New York,NY,State House,108,general,Timothy P. Gordon,Independence,26245.0,47.07,True,False
2006,New York,NY,State House,108,general,Martin T. Reid,Republican,22545.0,40.44,False,False
2006,New York,NY,State House,108,general,Keith A. Hammond,Working Families,2001.0,3.59,False,False
2006,New York,NY,State House,109,general,Robert Reilly,Democratic,33131.0,58.53,True,True
2006,New York,NY,State House,109,general,Paulette M. Barlette,Republican,19731.0,34.86,False,False
2006,New York,NY,State House,110,general,Jim Tedisco,Republican,32853.0,60.03,True,True
2006,New York,NY,State House,110,general,Michael C. Eidens,Democratic,18671.0,34.01,False,False
2006,New York,NY,State House,111,general,William Magee,Democratic,23872.0,58.5,True,True
2006,New York,NY,State House,112,general,Roy J. McDonald,Republican,26619.0,56.13,True,True
2006,New York,NY,State House,112,general,David J. Carter,Democratic,14874.0,31.37,False,False
2006,New York,NY,State House,113,general,Teresa Sayward,Republican,33787.0,68.43,True,True
2006,New York,NY,State House,114,general,Janet Duprey,Republican,20093.0,52.74,True,False
2006,New York,NY,State House,114,general,Andrew D. Brockway,Democratic,15495.0,40.67,False,False
2006,New York,NY,State House,115,general,David R. Townsend Jr.,Republican,27233.0,60.97,True,True
2006,New York,NY,State House,115,general,David J. Gordon,Democratic,12986.0,29.07,False,False
2006,New York,NY,State House,116,general,RoAnn Destito,Democratic,21319.0,58.36,True,True
2006,New York,NY,State House,117,general,Marc W. Butler,Republican,25980.0,66.0,True,True
2006,New York,NY,State House,118,general,Darrel Aubertine,Democratic,22114.0,65.51,True,True
2006,New York,NY,State House,119,general,Joan Christensen,Democratic,28095.0,67.38,True,True
2006,New York,NY,State House,119,general,Jacques Zenner,Republican,10153.0,24.35,False,False
2006,New York,NY,State House,120,general,Bill Magnarelli,Democratic,22953.0,64.03,True,True
2006,New York,NY,State House,121,general,Albert A. Stirpe Jr.,Democratic,23914.0,47.92,True,False
2006,New York,NY,State House,121,general,William H. Meyer Jr.,Republican,22562.0,45.21,False,False
2006,New York,NY,State House,122,general,Dede Scozzafava,Republican,18351.0,57.99,True,True
2006,New York,NY,State House,122,general,Karl R. Williams,Democratic,9742.0,30.78,False,False
2006,New York,NY,State House,123,general,Gary Finch,Republican,21683.0,51.93,True,True
2006,New York,NY,State House,123,general,Barbara Abbott King,Democratic,14809.0,35.46,False,False
2006,New York,NY,State House,124,general,William A. Barclay,Republican,22855.0,51.41,True,True
2006,New York,NY,State House,124,general,J. Edward Putnam,Democratic,18286.0,41.14,False,False
2006,New York,NY,State House,125,general,Barbara Lifton,Democratic,24066.0,61.66,True,True
2006,New York,NY,State House,125,general,Jim R. Rohan,Republican,11654.0,29.86,False,False
2006,New York,NY,State House,126,general,Donna Lupardo,Democratic,25714.0,62.49,True,True
2006,New York,NY,State House,126,general,Jay J. Dinga,Republican,13626.0,33.12,False,False
2006,New York,NY,State House,127,general,Pete Lopez,Republican,22215.0,49.0,True,False
2006,New York,NY,State House,127,general,W. Scott Trees,Democratic,18194.0,40.13,False,False
2006,New York,NY,State House,128,general,Bob Oaks,Republican,24096.0,65.4,True,True
2006,New York,NY,State House,129,general,Brian Kolb,Republican,25805.0,59.08,True,True
2006,New York,NY,State House,130,general,Joseph Errigo,Republican,25507.0,53.43,True,True
2006,New York,NY,State House,130,general,Daniel C. West,Democratic,18501.0,38.76,False,False
2006,New York,NY,State House,131,general,Susan V. John,Democratic,18000.0,54.38,True,True
2006,New York,NY,State House,131,general,John J. Ferlicca,Republican,12817.0,38.72,False,False
2006,New York,NY,State House,132,general,Joseph Morelle,Democratic,29036.0,63.85,True,True
2006,New York,NY,State House,132,general,Samuel R. Trapani,Republican,13344.0,29.34,False,False
2006,New York,NY,State House,133,general,David F. Gantt,Democratic,14791.0,62.67,True,True
2006,New York,NY,State House,133,general,Carlos Q. Coker,Republican,4563.0,19.33,False,False
2006,New York,NY,State House,134,general,Bill Reilich,Republican,25017.0,57.77,True,True
2006,New York,NY,State House,134,general,Philip A. Fedele,Democratic,13541.0,31.27,False,False
2006,New York,NY,State House,135,general,David Koon,Democratic,31029.0,58.8,True,True
2006,New York,NY,State House,135,general,Mark C. Johns,Republican,19285.0,36.55,False,False
2006,New York,NY,State House,136,general,James Bacalles,Republican,25559.0,67.66,True,True
2006,New York,NY,State House,137,general,Tom O'Mara,Republican,23372.0,60.82,True,True
2006,New York,NY,State House,138,general,Francine DelMonte,Democratic,19788.0,53.06,True,True
2006,New York,NY,State House,138,general,Daniel J. Bazzani,Republican,12835.0,34.42,False,False
2006,New York,NY,State House,138,general,Gary D. Parenti,Independence,2795.0,7.5,False,False
2006,New York,NY,State House,139,general,Stephen Hawley,Republican,23503.0,60.8,True,True
2006,New York,NY,State House,139,general,Gary F. Kent,Democratic,12096.0,31.3,False,False
2006,New York,NY,State House,140,general,Robin Schimminger,Democratic,27970.0,67.26,True,True
2006,New York,NY,State House,140,general,Catherine G. Schwandt,Republican,10175.0,24.47,False,False
2006,New York,NY,State House,141,general,Crystal Peoples-Stokes,Democratic,19340.0,76.09,True,True
2006,New York,NY,State House,142,general,Mike Cole,Republican,25035.0,52.58,True,True
2006,New York,NY,State House,142,general,Laura Monte,Democratic,19917.0,41.84,False,False
2006,New York,NY,State House,143,general,Dennis Gabryszak,Democratic,26528.0,63.06,True,False
2006,New York,NY,State House,143,general,Jeffrey N. Sell,Republican,11261.0,26.77,False,False
2006,New York,NY,State House,144,general,Sam Hoyt,Democratic,21685.0,69.78,True,True
2006,New York,NY,State House,144,general,Rus Thompson,Republican,6852.0,22.05,False,False
2006,New York,NY,State House,145,general,Mark J. F. Schroeder,Democratic,29495.0,69.77,True,True
2006,New York,NY,State House,145,general,Richard E. Zajac,Republican,8389.0,19.85,False,False
2006,New York,NY,State House,146,general,Jack Quinn III,Republican,27174.0,62.64,True,True
2006,New York,NY,State House,146,general,Maximillian G. Tresmond,Democratic,13469.0,31.05,False,False
2006,New York,NY,State House,147,general,Daniel Burling,Republican,23227.0,60.61,True,True
2006,New York,NY,State House,147,general,Judith A. Hunter,Democratic,11606.0,30.29,False,False
2006,New York,NY,State House,148,general,James P. Hayes,Republican,28351.0,59.62,True,True
2006,New York,NY,State House,148,general,Susan J. Grelick,Democratic,15287.0,32.15,False,False
2006,New York,NY,State House,148,general,Judy A. Rudes,Independence,1501.0,3.16,False,False
2006,New York,NY,State House,149,general,Joseph Giglio,Republican,20417.0,57.02,True,True
2006,New York,NY,State House,149,general,Linda L. Witte,Democratic,13472.0,37.62,False,False
2006,New York,NY,State House,150,general,William Parment,Democratic,22346.0,65.04,True,True
2006,North Carolina,NC,State House,1,general,Bill Owens,Democratic,12446.0,100.0,True,True
2006,North Carolina,NC,State House,2,general,Timothy Spear,Democratic,12193.0,68.73,True,True
2006,North Carolina,NC,State House,2,general,Daniel M. Beall,Republican,5547.0,31.27,False,False
2006,North Carolina,NC,State House,3,general,Alice Graham Underhill,Democratic,10772.0,55.7,True,True
2006,North Carolina,NC,State House,3,general,Michael Speciale,Republican,8568.0,44.3,False,False
2006,North Carolina,NC,State House,4,general,Russell Tucker,Democratic,6844.0,63.2,True,True
2006,North Carolina,NC,State House,4,general,Richard J. Kaiser,Republican,3985.0,36.8,False,False
2006,North Carolina,NC,State House,5,general,Howard Hunter Jr.,Democratic,8125.0,64.27,True,True
2006,North Carolina,NC,State House,5,general,Kyle Jones,Republican,4516.0,35.73,False,False
2006,North Carolina,NC,State House,6,general,Arthur Williams,Democratic,10716.0,62.73,True,True
2006,North Carolina,NC,State House,6,general,Hood Richardson,Republican,6368.0,37.27,False,False
2006,North Carolina,NC,State House,7,general,Ed Jones,Democratic,7264.0,100.0,True,True
2006,North Carolina,NC,State House,8,general,Edith Warren,Democratic,8843.0,100.0,True,True
2006,North Carolina,NC,State House,9,general,Marian McLawhorn,Democratic,8424.0,56.75,True,True
2006,North Carolina,NC,State House,9,general,Tony Moore,Republican,6419.0,43.25,False,False
2006,North Carolina,NC,State House,10,general,Van Braxton,Democratic,7699.0,55.01,True,False
2006,North Carolina,NC,State House,10,general,Willie Ray Starling,Republican,6296.0,44.99,False,False
2006,North Carolina,NC,State House,11,general,Louis Pate,Republican,9016.0,65.5,True,True
2006,North Carolina,NC,State House,11,general,Ronnie Griffin,Democratic,4749.0,34.5,False,False
2006,North Carolina,NC,State House,12,general,William Wainwright,Democratic,7941.0,66.28,True,True
2006,North Carolina,NC,State House,12,general,"John Percy Wetherington, Jr.",Republican,4040.0,33.72,False,False
2006,North Carolina,NC,State House,13,general,Pat McElraft,Republican,14304.0,58.37,True,False
2006,North Carolina,NC,State House,13,general,"G. Malcolm Fulcher, Jr.",Democratic,10201.0,41.63,False,False
2006,North Carolina,NC,State House,14,general,George Cleveland,Republican,5238.0,58.05,True,True
2006,North Carolina,NC,State House,14,general,Kever M. Clark,Democratic,3785.0,41.95,False,False
2006,North Carolina,NC,State House,15,general,Robert Grady,Republican,3920.0,61.88,True,True
2006,North Carolina,NC,State House,15,general,Jean Hawley,Democratic,2415.0,38.12,False,False
2006,North Carolina,NC,State House,16,general,Carolyn Justice,Republican,14918.0,100.0,True,True
2006,North Carolina,NC,State House,17,general,Bonner Stiller,Republican,14619.0,62.32,True,True
2006,North Carolina,NC,State House,17,general,Allan Dameron,Democratic,8838.0,37.68,False,False
2006,North Carolina,NC,State House,18,general,Thomas Wright,Democratic,8007.0,63.56,True,True
2006,North Carolina,NC,State House,18,general,Frankie Roberts,Republican,4590.0,36.44,False,False
2006,North Carolina,NC,State House,19,general,Danny McComas,Republican,14850.0,100.0,True,True
2006,North Carolina,NC,State House,20,general,Dewey Hill,Democratic,10164.0,62.78,True,True
2006,North Carolina,NC,State House,20,general,R. C. (Ray) Gilbert,Republican,6026.0,37.22,False,False
2006,North Carolina,NC,State House,21,general,Larry Bell,Democratic,9215.0,100.0,True,True
2006,North Carolina,NC,State House,22,general,William Brisson,Democratic,10267.0,100.0,True,False
2006,North Carolina,NC,State House,23,general,Joe Tolson,Democratic,7924.0,71.05,True,True
2006,North Carolina,NC,State House,23,general,"Henry Williams, II",Republican,3228.0,28.95,False,False
2006,North Carolina,NC,State House,24,general,Jean Farmer-Butterfield,Democratic,7987.0,100.0,True,True
2006,North Carolina,NC,State House,25,general,Bill Daughtridge,Republican,8444.0,61.58,True,True
2006,North Carolina,NC,State House,25,general,Carnell Taylor,Democratic,5268.0,38.42,False,False
2006,North Carolina,NC,State House,26,general,Leo Daughtry,Republican,12169.0,100.0,True,True
2006,North Carolina,NC,State House,27,general,Michael Wray,Democratic,13839.0,100.0,True,True
2006,North Carolina,NC,State House,28,general,James Langdon Jr.,Republican,12687.0,100.0,True,True
2006,North Carolina,NC,State House,29,general,Larry Hall,Democratic,13295.0,100.0,True,True
2006,North Carolina,NC,State House,30,general,Paul Luebke,Democratic,12033.0,100.0,True,True
2006,North Carolina,NC,State House,31,general,Mickey Michaux,Democratic,11555.0,100.0,True,True
2006,North Carolina,NC,State House,32,general,Jim Crawford,Democratic,10531.0,100.0,True,True
2006,North Carolina,NC,State House,33,general,Bernard Allen,Democratic,12566.0,100.0,True,True
2006,North Carolina,NC,State House,34,general,Grier Martin,Democratic,13596.0,59.13,True,True
2006,North Carolina,NC,State House,34,general,J. H. Ross,Republican,9396.0,40.87,False,False
2006,North Carolina,NC,State House,35,general,Jennifer Weiss,Democratic,13157.0,100.0,True,True
2006,North Carolina,NC,State House,36,general,Nelson Dollar,Republican,12305.0,50.69,True,True
2006,North Carolina,NC,State House,36,general,Greer Beaty,Democratic,11970.0,49.31,False,False
2006,North Carolina,NC,State House,37,general,Paul Stam,Republican,15459.0,57.07,True,True
2006,North Carolina,NC,State House,37,general,Ed Ridpath,Democratic,11628.0,42.93,False,False
2006,North Carolina,NC,State House,38,general,Deborah Ross,Democratic,11819.0,100.0,True,True
2006,North Carolina,NC,State House,39,general,Linda Coleman,Democratic,11737.0,58.73,True,True
2006,North Carolina,NC,State House,39,general,John W. Blackwell,Republican,8246.0,41.27,False,False
2006,North Carolina,NC,State House,40,general,Marilyn Avila,Republican,20556.0,100.0,True,False
2006,North Carolina,NC,State House,41,general,Ty Harrell,Democratic,13051.0,51.64,True,False
2006,North Carolina,NC,State House,41,general,Russell Capps,Republican,12224.0,48.36,False,True
2006,North Carolina,NC,State House,42,general,Marvin Lucas,Democratic,5610.0,100.0,True,True
2006,North Carolina,NC,State House,43,general,Mary McAllister,Democratic,5645.0,100.0,True,True
2006,North Carolina,NC,State House,44,general,Margaret Dickson,Democratic,8648.0,100.0,True,True
2006,North Carolina,NC,State House,45,general,Rick Glazier,Democratic,6990.0,52.3,True,True
2006,North Carolina,NC,State House,45,general,Alex Warner,Republican,6375.0,47.7,False,False
2006,North Carolina,NC,State House,46,general,Douglas Yongue,Democratic,7684.0,100.0,True,True
2006,North Carolina,NC,State House,47,general,Ronnie Sutton,Democratic,5791.0,100.0,True,True
2006,North Carolina,NC,State House,48,general,Garland Pierce,Democratic,8714.0,100.0,True,True
2006,North Carolina,NC,State House,49,general,Lucy Allen,Democratic,9173.0,59.22,True,True
2006,North Carolina,NC,State House,49,general,Dave Harker,Republican,6316.0,40.78,False,False
2006,North Carolina,NC,State House,50,general,Bill Faison,Democratic,12516.0,100.0,True,True
2006,North Carolina,NC,State House,51,general,Jimmy Love Sr.,Democratic,8724.0,54.16,True,False
2006,North Carolina,NC,State House,51,general,Tim McNeill,Republican,7383.0,45.84,False,False
2006,North Carolina,NC,State House,52,general,Joe Boylan,Republican,8250.0,43.41,True,False
2006,North Carolina,NC,State House,52,general,Gerald L. Galloway,Independent (politician),6799.0,35.77,False,False
2006,North Carolina,NC,State House,52,general,Manila G. (Bud) Shaver,Independent (politician),3958.0,20.82,False,False
2006,North Carolina,NC,State House,53,general,David Lewis,Republican,7763.0,53.14,True,True
2006,North Carolina,NC,State House,53,general,Frank Stewart,Democratic,6846.0,46.86,False,False
2006,North Carolina,NC,State House,54,general,Joe Hackney,Democratic,15649.0,69.78,True,True
2006,North Carolina,NC,State House,54,general,Alvin Reed,Republican,6776.0,30.22,False,False
2006,North Carolina,NC,State House,55,general,Winkie Wilkins,Democratic,14319.0,100.0,True,True
2006,North Carolina,NC,State House,56,general,Verla Insko,Democratic,14472.0,100.0,True,True
2006,North Carolina,NC,State House,57,general,Pricey Harrison,Democratic,9897.0,63.05,True,True
2006,North Carolina,NC,State House,57,general,Ron Styers,Republican,5799.0,36.95,False,False
2006,North Carolina,NC,State House,58,general,Alma Adams,Democratic,10391.0,65.63,True,True
2006,North Carolina,NC,State House,58,general,Olga Morgan Wright,Republican,5441.0,34.37,False,False
2006,North Carolina,NC,State House,59,general,Maggie Jeffus,Democratic,10044.0,59.48,True,True
2006,North Carolina,NC,State House,59,general,Jim Rumley,Republican,6843.0,40.52,False,False
2006,North Carolina,NC,State House,60,general,Earl Jones,Democratic,6417.0,59.96,True,True
2006,North Carolina,NC,State House,60,general,Bill Wright,Republican,4285.0,40.04,False,False
2006,North Carolina,NC,State House,61,general,Laura Wiley,Republican,12342.0,100.0,True,True
2006,North Carolina,NC,State House,62,general,John Blust,Republican,16116.0,100.0,True,True
2006,North Carolina,NC,State House,63,general,Alice Bordsen,Democratic,8105.0,100.0,True,True
2006,North Carolina,NC,State House,64,general,Cary Allred,Republican,12320.0,100.0,True,True
2006,North Carolina,NC,State House,65,general,Nelson Cole,Democratic,9749.0,66.56,True,True
2006,North Carolina,NC,State House,65,general,Michael Moore,Republican,4897.0,33.44,False,False
2006,North Carolina,NC,State House,66,general,Melanie Wade Goodwin,Democratic,9578.0,70.55,True,True
2006,North Carolina,NC,State House,66,general,David Browder,Republican,3999.0,29.45,False,False
2006,North Carolina,NC,State House,67,general,David Almond,Republican,13788.0,100.0,True,True
2006,North Carolina,NC,State House,68,general,Curtis Blackwood,Republican,16837.0,100.0,True,True
2006,North Carolina,NC,State House,69,general,Pryor Gibson,Democratic,8616.0,66.66,True,True
2006,North Carolina,NC,State House,69,general,"Jim H. Bention, Sr.",Republican,4309.0,33.34,False,False
2006,North Carolina,NC,State House,70,general,Pat Hurley,Republican,8756.0,64.77,True,False
2006,North Carolina,NC,State House,70,general,Hampton (Happy) Spivey,Democratic,4762.0,35.23,False,False
2006,North Carolina,NC,State House,71,general,Larry Womble,Democratic,7101.0,100.0,True,True
2006,North Carolina,NC,State House,72,general,Earline Parmon,Democratic,7971.0,100.0,True,True
2006,North Carolina,NC,State House,73,general,Larry Brown,Republican,11432.0,100.0,True,True
2006,North Carolina,NC,State House,74,general,Dale Folwell,Republican,13942.0,100.0,True,True
2006,North Carolina,NC,State House,75,general,Bill McGee,Republican,12893.0,100.0,True,True
2006,North Carolina,NC,State House,76,general,Fred Steen II,Republican,9457.0,100.0,True,True
2006,North Carolina,NC,State House,77,general,Lorene Coates,Democratic,8279.0,61.68,True,True
2006,North Carolina,NC,State House,77,general,Susan Morris,Republican,5144.0,38.32,False,False
2006,North Carolina,NC,State House,78,general,Harold Brubaker,Republican,10472.0,100.0,True,True
2006,North Carolina,NC,State House,79,general,Julia Craven Howard,Republican,12553.0,100.0,True,True
2006,North Carolina,NC,State House,80,general,Jerry Dockham,Republican,10801.0,100.0,True,True
2006,North Carolina,NC,State House,81,general,Hugh Holliman,Democratic,8454.0,100.0,True,True
2006,North Carolina,NC,State House,82,general,Jeff Barnhart,Republican,11298.0,100.0,True,True
2006,North Carolina,NC,State House,83,general,Linda Johnson,Republican,10947.0,100.0,True,True
2006,North Carolina,NC,State House,84,general,Phillip Frye,Republican,13150.0,100.0,True,True
2006,North Carolina,NC,State House,85,general,Mitch Gillespie,Republican,8899.0,54.07,True,True
2006,North Carolina,NC,State House,85,general,Chuck Aldridge,Democratic,7560.0,45.93,False,False
2006,North Carolina,NC,State House,86,general,Walt Church,Democratic,8369.0,51.5,True,True
2006,North Carolina,NC,State House,86,general,Hugh Blackwell,Republican,7883.0,48.5,False,False
2006,North Carolina,NC,State House,87,general,Edgar Starnes,Republican,11548.0,100.0,True,True
2006,North Carolina,NC,State House,88,general,Ray Warren,Democratic,9650.0,52.61,True,False
2006,North Carolina,NC,State House,88,general,Mark Hollo,Republican,8693.0,47.39,False,True
2006,North Carolina,NC,State House,89,general,Mitchell Setzer,Republican,11301.0,100.0,True,True
2006,North Carolina,NC,State House,90,general,Jim Harrell,Democratic,9533.0,60.93,True,True
2006,North Carolina,NC,State House,90,general,Jack Conway,Republican,6114.0,39.07,False,False
2006,North Carolina,NC,State House,91,general,Bryan Holloway,Republican,10295.0,61.61,True,True
2006,North Carolina,NC,State House,91,general,Ed Gambill,Democratic,6416.0,38.39,False,False
2006,North Carolina,NC,State House,92,general,George Holmes,Republican,10664.0,100.0,True,True
2006,North Carolina,NC,State House,93,general,Cullie Tarleton,Democratic,13414.0,54.79,True,False
2006,North Carolina,NC,State House,93,general,Gene Wilson,Republican,11069.0,45.21,False,True
2006,North Carolina,NC,State House,94,general,Tracy Walker,Republican,7550.0,55.62,True,True
2006,North Carolina,NC,State House,94,general,Judith Barlow Porter,Democratic,6025.0,44.38,False,False
2006,North Carolina,NC,State House,95,general,Karen Ray,Republican,11269.0,100.0,True,True
2006,North Carolina,NC,State House,96,general,Mark Hilton,Republican,10575.0,100.0,True,True
2006,North Carolina,NC,State House,97,general,Joe Kiser,Republican,12080.0,100.0,True,True
2006,North Carolina,NC,State House,98,general,Thom Tillis,Republican,14479.0,100.0,True,False
2006,North Carolina,NC,State House,99,general,Drew Saunders,Democratic,9463.0,100.0,True,True
2006,North Carolina,NC,State House,100,general,Jim Black,Democratic,5340.0,50.14,True,True
2006,North Carolina,NC,State House,100,general,Hal Jordan,Republican,5310.0,49.86,False,False
2006,North Carolina,NC,State House,101,general,Beverly Earle,Democratic,8535.0,100.0,True,True
2006,North Carolina,NC,State House,102,general,Becky Carney,Democratic,7994.0,100.0,True,True
2006,North Carolina,NC,State House,103,general,Jim Gulley,Republican,9267.0,57.9,True,True
2006,North Carolina,NC,State House,103,general,Everette A. Passaly,Democratic,6738.0,42.1,False,False
2006,North Carolina,NC,State House,104,general,Ruth Samuelson,Republican,14668.0,67.03,True,False
2006,North Carolina,NC,State House,104,general,Paula McSwain,Democratic,7215.0,32.97,False,False
2006,North Carolina,NC,State House,105,general,Ric Killian,Republican,15343.0,100.0,True,False
2006,North Carolina,NC,State House,106,general,Martha Alexander,Democratic,8571.0,100.0,True,True
2006,North Carolina,NC,State House,107,general,Pete Cunningham,Democratic,7826.0,100.0,True,True
2006,North Carolina,NC,State House,108,general,Wil Neumann,Republican,8653.0,59.02,True,False
2006,North Carolina,NC,State House,108,general,"Marvin E. (Eddie) Wyatt, Jr.",Democratic,6009.0,40.98,False,False
2006,North Carolina,NC,State House,109,general,William Current,Republican,9047.0,100.0,True,True
2006,North Carolina,NC,State House,110,general,Debbie Clary,Republican,8888.0,62.19,True,True
2006,North Carolina,NC,State House,110,general,Jim Long,Democratic,5404.0,37.81,False,False
2006,North Carolina,NC,State House,111,general,Tim Moore,Republican,9841.0,60.72,True,True
2006,North Carolina,NC,State House,111,general,Betsy H. Fonvielle,Democratic,6367.0,39.28,False,False
2006,North Carolina,NC,State House,112,general,Bob England,Democratic,14169.0,70.62,True,True
2006,North Carolina,NC,State House,112,general,David L. Reno,Republican,5894.0,29.38,False,False
2006,North Carolina,NC,State House,113,general,Trudi Walend,Republican,19026.0,100.0,True,True
2006,North Carolina,NC,State House,114,general,Susan Fisher,Democratic,16073.0,64.28,True,True
2006,North Carolina,NC,State House,114,general,Mike Harrison,Republican,8933.0,35.72,False,False
2006,North Carolina,NC,State House,115,general,Bruce Goforth,Democratic,18584.0,67.64,True,True
2006,North Carolina,NC,State House,115,general,Eric Gorny,Republican,8892.0,32.36,False,False
2006,North Carolina,NC,State House,116,general,Charles Thomas,Republican,12840.0,50.83,True,False
2006,North Carolina,NC,State House,116,general,Doug Jones,Democratic,12420.0,49.17,False,False
2006,North Carolina,NC,State House,117,general,Carolyn Justus,Republican,16783.0,67.48,True,True
2006,North Carolina,NC,State House,117,general,Gordon Hoots,Democratic,8088.0,32.52,False,False
2006,North Carolina,NC,State House,118,general,Ray Rapp,Democratic,16712.0,69.18,True,True
2006,North Carolina,NC,State House,118,general,Chris Gowan,Republican,7445.0,30.82,False,False
2006,North Carolina,NC,State House,119,general,Phil Haire,Democratic,13158.0,58.61,True,True
2006,North Carolina,NC,State House,119,general,Margaret Carpenter,Republican,9292.0,41.39,False,False
2006,North Carolina,NC,State House,120,general,Roger West,Republican,19066.0,100.0,True,True
2006,Tennessee,TN,State House,1,general,Jon Lundberg,Republican,8720.0,61.2,True,False
2006,Tennessee,TN,State House,1,general,Kevin B. Smith,Democratic,5087.0,35.7,False,False
2006,Tennessee,TN,State House,1,general,Jerry G. Dykes,Independent,294.0,2.1,False,False
2006,Tennessee,TN,State House,1,general,John Robert Harrison,Independent,145.0,1.0,False,False
2006,Tennessee,TN,State House,2,general,Nathan Vaughn,Democratic,14528.0,100.0,True,False
2006,Tennessee,TN,State House,3,general,Jason E. Mumpower,Republican,13523.0,100.0,True,False
2006,Tennessee,TN,State House,4,general,Kent Williams,Republican,12920.0,100.0,True,False
2006,Tennessee,TN,State House,5,general,David B. Hawk,Republican,12348.0,100.0,True,False
2006,Tennessee,TN,State House,6,general,Dale Ford,Republican,14176.0,100.0,True,False
2006,Tennessee,TN,State House,7,general,Matthew Hill,Republican,8181.0,52.3,True,False
2006,Tennessee,TN,State House,7,general,Fred Phillips,Democratic,7456.0,47.7,False,False
2006,Tennessee,TN,State House,8,general,Joe McCord,Republican,14235.0,100.0,True,False
2006,Tennessee,TN,State House,9,general,Mike Harrison,Republican,9493.0,66.4,True,False
2006,Tennessee,TN,State House,9,general,"Lewis Hopkins, Jr.",Democratic,4803.0,33.6,False,False
2006,Tennessee,TN,State House,10,general,John Litz,Democratic,12677.0,100.0,True,False
2006,Tennessee,TN,State House,11,general,Eddie Yokley,Democratic,9418.0,54.7,True,False
2006,Tennessee,TN,State House,11,general,Charlotte Leibrock,Republican,7804.0,45.3,False,False
2006,Tennessee,TN,State House,12,general,Richard Montgomery,Republican,12340.0,100.0,True,False
2006,Tennessee,TN,State House,13,general,Harry Tindell,Democratic,8455.0,62.0,True,False
2006,Tennessee,TN,State House,13,general,J. Randall Parker,Republican,5192.0,38.0,False,False
2006,Tennessee,TN,State House,14,general,Park M. (Parkey) Strader,Republican,21097.0,100.0,True,False
2006,Tennessee,TN,State House,15,general,Joe Armstrong,Democratic,7924.0,79.5,True,False
2006,Tennessee,TN,State House,15,general,Pete Drew,Independent,2040.0,20.5,False,False
2006,Tennessee,TN,State House,16,general,Bill Dunn,Republican,17321.0,99.9,True,False
2006,Tennessee,TN,State House,16,general,Write-in - Bryan Moneyhun,Republican,21.0,0.1,False,False
2006,Tennessee,TN,State House,17,general,Frank S. Niceley,Republican,14969.0,100.0,True,False
2006,Tennessee,TN,State House,18,general,Stacey Campfield,Republican,10366.0,53.8,True,False
2006,Tennessee,TN,State House,18,general,Schree Pettigrew,Democratic,8250.0,42.8,False,False
2006,Tennessee,TN,State House,18,general,David Garrett Jr.,Independent,657.0,3.4,False,False
2006,Tennessee,TN,State House,19,general,Harry Brooks,Republican,14302.0,100.0,True,False
2006,Tennessee,TN,State House,20,general,Doug Overbey,Republican,16372.0,100.0,True,False
2006,Tennessee,TN,State House,21,general,Jimmy Matlock,Republican,14108.0,60.5,True,False
2006,Tennessee,TN,State House,21,general,Ann Barker,Democratic,9202.0,39.5,False,False
2006,Tennessee,TN,State House,22,general,Eric Watson,Republican,11670.0,64.8,True,False
2006,Tennessee,TN,State House,22,general,Casey Stokes,Democratic,6325.0,35.2,False,False
2006,Tennessee,TN,State House,23,general,Mike Bell,Republican,13384.0,100.0,True,False
2006,Tennessee,TN,State House,24,general,Kevin D. Brooks,Republican,12151.0,100.0,True,False
2006,Tennessee,TN,State House,25,general,Eric Swafford,Republican,13671.0,59.7,True,False
2006,Tennessee,TN,State House,25,general,Robert Safdie,Democratic,9240.0,40.3,False,False
2006,Tennessee,TN,State House,26,general,Gerald McCormick,Republican,15856.0,100.0,True,False
2006,Tennessee,TN,State House,27,general,Richard Floyd,Republican,12491.0,56.1,True,False
2006,Tennessee,TN,State House,27,general,Bill Lusk,Democratic,9763.0,43.9,False,False
2006,Tennessee,TN,State House,28,general,Tommie F. Brown,Democratic,10308.0,80.5,True,False
2006,Tennessee,TN,State House,28,general,Isaac (Ike) Robinson,Independent,2497.0,19.5,False,False
2006,Tennessee,TN,State House,29,general,JoAnne Favors,Democratic,12821.0,100.0,True,False
2006,Tennessee,TN,State House,30,general,Vince Dean,Republican,15740.0,100.0,True,False
2006,Tennessee,TN,State House,31,general,Jim Cobb,Republican,12991.0,65.3,True,False
2006,Tennessee,TN,State House,31,general,J. Glenn Moseley,Democratic,6897.0,34.7,False,False
2006,Tennessee,TN,State House,32,general,Dennis Ferguson,Democratic,14842.0,100.0,True,False
2006,Tennessee,TN,State House,33,general,Jim Hackworth,Democratic,12085.0,61.5,True,False
2006,Tennessee,TN,State House,33,general,David Massengill,Republican,7570.0,38.5,False,False
2006,Tennessee,TN,State House,34,general,Donna Rowland,Republican,12846.0,55.3,True,False
2006,Tennessee,TN,State House,34,general,Mary Esther Bell,Democratic,10396.0,44.7,False,False
2006,Tennessee,TN,State House,35,general,"Dennis ""Coach"" Roach",Republican,9867.0,68.9,True,False
2006,Tennessee,TN,State House,35,general,Edward (ED) Baldwin,Independent,4443.0,31.1,False,False
2006,Tennessee,TN,State House,36,general,William Baird,Republican,7779.0,57.0,True,False
2006,Tennessee,TN,State House,36,general,Gary Seale,Democratic,5877.0,43.0,False,False
2006,Tennessee,TN,State House,37,general,Bill W. Harmon,Democratic,12551.0,71.8,True,False
2006,Tennessee,TN,State House,37,general,Iva Michelle Russell,Republican,4929.0,28.2,False,False
2006,Tennessee,TN,State House,38,general,Leslie E. Winningham,Democratic,11113.0,69.4,True,False
2006,Tennessee,TN,State House,38,general,Champ E. Langford,Independent,4892.0,30.6,False,False
2006,Tennessee,TN,State House,39,general,George Fraley,Democratic,10419.0,59.6,True,False
2006,Tennessee,TN,State House,39,general,Bill Green,Republican,7059.0,40.4,False,False
2006,Tennessee,TN,State House,40,general,Frank Buck,Democratic,9650.0,56.5,True,False
2006,Tennessee,TN,State House,40,general,Terri Lynn Weaver,Republican,6901.0,40.4,False,False
2006,Tennessee,TN,State House,40,general,Carl Jones,Independent,520.0,3.0,False,False
2006,Tennessee,TN,State House,41,general,John Mark Windle,Democratic,14062.0,100.0,True,False
2006,Tennessee,TN,State House,42,general,Henry Fincher,Democratic,12797.0,76.5,True,False
2006,Tennessee,TN,State House,42,general,Bob Cunningham,Independent,3228.0,19.3,False,False
2006,Tennessee,TN,State House,42,general,John Garland Western,Independent,700.0,4.2,False,False
2006,Tennessee,TN,State House,43,general,Charles Curtiss,Democratic,12878.0,100.0,True,False
2006,Tennessee,TN,State House,44,general,Mike McDonald,Democratic,11051.0,65.1,True,False
2006,Tennessee,TN,State House,44,general,Tim Coker,Republican,5917.0,34.9,False,False
2006,Tennessee,TN,State House,45,general,Debra Young Maggart,Republican,13034.0,63.9,True,False
2006,Tennessee,TN,State House,45,general,Patrick Gardner,Democratic,7348.0,36.1,False,False
2006,Tennessee,TN,State House,46,general,Stratton Bone,Democratic,12842.0,67.0,True,False
2006,Tennessee,TN,State House,46,general,John Dee Worley,Republican,6327.0,33.0,False,False
2006,Tennessee,TN,State House,47,general,Judd Matheny,Republican,10121.0,52.6,True,False
2006,Tennessee,TN,State House,47,general,David E. Clark,Democratic,9127.0,47.4,False,False
2006,Tennessee,TN,State House,48,general,John Hood,Democratic,9258.0,56.4,True,False
2006,Tennessee,TN,State House,48,general,Joe Carr,Republican,7144.0,43.6,False,False
2006,Tennessee,TN,State House,49,general,Kent Coleman,Democratic,10151.0,55.9,True,False
2006,Tennessee,TN,State House,49,general,Oscar D. Gardner,Republican,7998.0,44.1,False,False
2006,Tennessee,TN,State House,50,general,Gary W. Moore,Democratic,12216.0,100.0,True,False
2006,Tennessee,TN,State House,51,general,Michael L. Turner,Democratic,11000.0,100.0,True,False
2006,Tennessee,TN,State House,52,general,Rob Briley,Democratic,9849.0,80.7,True,False
2006,Tennessee,TN,State House,52,general,Jon Davidson,Independent,2358.0,19.3,False,False
2006,Tennessee,TN,State House,53,general,Janis Baird Sontany,Democratic,9467.0,100.0,True,False
2006,Tennessee,TN,State House,54,general,Brenda Gilmore,Democratic,12519.0,100.0,True,False
2006,Tennessee,TN,State House,55,general,Gary Odom,Democratic,12781.0,100.0,True,False
2006,Tennessee,TN,State House,56,general,Beth Harwell,Republican,20272.0,100.0,True,False
2006,Tennessee,TN,State House,57,general,Susan M. Lynn,Republican,21258.0,100.0,True,False
2006,Tennessee,TN,State House,58,general,Mary Pruitt,Democratic,8113.0,84.1,True,False
2006,Tennessee,TN,State House,58,general,Jim Boyd,Republican,1530.0,15.9,False,False
2006,Tennessee,TN,State House,59,general,Sherry Jones,Democratic,7960.0,71.1,True,False
2006,Tennessee,TN,State House,59,general,Mike B. Meadows,Republican,3242.0,28.9,False,False
2006,Tennessee,TN,State House,60,general,"Ben West, Jr.",Democratic,12402.0,67.0,True,False
2006,Tennessee,TN,State House,60,general,Juan C. Borges,Republican,6099.0,33.0,False,False
2006,Tennessee,TN,State House,61,general,"Charles M. Sargent, Jr.",Republican,21341.0,100.0,True,False
2006,Tennessee,TN,State House,62,general,Curt Cobb,Democratic,11593.0,100.0,True,False
2006,Tennessee,TN,State House,63,general,Glen Casada,Republican,19258.0,67.6,True,False
2006,Tennessee,TN,State House,63,general,John A. Murphy,Democratic,9245.0,32.4,False,False
2006,Tennessee,TN,State House,64,general,Tom DuBois,Republican,10567.0,53.5,True,False
2006,Tennessee,TN,State House,64,general,Guy Z. Derryberry,Democratic,9185.0,46.5,False,False
2006,Tennessee,TN,State House,65,general,Eddie Bass,Democratic,9376.0,59.7,True,False
2006,Tennessee,TN,State House,65,general,James P. Moon,Republican,6318.0,40.3,False,False
2006,Tennessee,TN,State House,66,general,Robert T. (Bob) Bibb,Democratic,8622.0,50.5,True,False
2006,Tennessee,TN,State House,66,general,Joshua G. Evans,Republican,8453.0,49.5,False,False
2006,Tennessee,TN,State House,67,general,Joe Pitts,Democratic,6703.0,54.0,True,False
2006,Tennessee,TN,State House,67,general,Ken Takasaki,Republican,5715.0,46.0,False,False
2006,Tennessee,TN,State House,68,general,Curtis Johnson,Republican,10158.0,55.5,True,False
2006,Tennessee,TN,State House,68,general,Tim Barnes,Democratic,8151.0,44.5,False,False
2006,Tennessee,TN,State House,69,general,David A. Shepard,Democratic,14767.0,100.0,True,False
2006,Tennessee,TN,State House,70,general,Joey Hensley,Republican,10813.0,62.9,True,False
2006,Tennessee,TN,State House,70,general,Timothy D. Dickey,Democratic,6386.0,37.1,False,False
2006,Tennessee,TN,State House,71,general,"Randy ""Bear"" Rinks",Democratic,9214.0,58.8,True,False
2006,Tennessee,TN,State House,71,general,Vance W. Dennis,Republican,6445.0,41.2,False,False
2006,Tennessee,TN,State House,72,general,Steve K. McDaniel,Republican,13972.0,100.0,True,False
2006,Tennessee,TN,State House,73,general,Jimmy Eldridge,Republican,15977.0,100.0,True,False
2006,Tennessee,TN,State House,74,general,John C. Tidwell,Democratic,13871.0,100.0,True,False
2006,Tennessee,TN,State House,75,general,"Willie ""Butch"" Borchert",Democratic,13261.0,74.1,True,False
2006,Tennessee,TN,State House,75,general,"Stephen R. Blackwell, Sr.",Republican,4631.0,25.9,False,False
2006,Tennessee,TN,State House,75,general,James Hart,Independent,4.0,0.0,False,False
2006,Tennessee,TN,State House,76,general,Mark L. Maddox,Democratic,10550.0,64.5,True,False
2006,Tennessee,TN,State House,76,general,David Hawks,Republican,5808.0,35.5,False,False
2006,Tennessee,TN,State House,77,general,Phillip Pinion,Democratic,12035.0,73.4,True,False
2006,Tennessee,TN,State House,77,general,Shelly Arnett,Republican,4351.0,26.6,False,False
2006,Tennessee,TN,State House,78,general,Phillip Johnson,Republican,9072.0,52.4,True,False
2006,Tennessee,TN,State House,78,general,Bruce Gibbs,Democratic,8227.0,47.6,False,False
2006,Tennessee,TN,State House,79,general,Chris Crider,Republican,10371.0,57.2,True,False
2006,Tennessee,TN,State House,79,general,Cheri Childress,Democratic,7750.0,42.8,False,False
2006,Tennessee,TN,State House,80,general,Johnny W. Shaw,Democratic,9615.0,68.0,True,False
2006,Tennessee,TN,State House,80,general,James E. Wolfe Jr.,Independent,4531.0,32.0,False,False
2006,Tennessee,TN,State House,81,general,Jimmy Naifeh,Democratic,12553.0,100.0,True,False
2006,Tennessee,TN,State House,82,general,Craig Fitzhugh,Democratic,12098.0,100.0,True,False
2006,Tennessee,TN,State House,83,general,Brian Kelsey,Republican,17292.0,100.0,True,False
2006,Tennessee,TN,State House,84,general,"Joe Towns, Jr.",Democratic,13155.0,100.0,True,False
2006,Tennessee,TN,State House,85,general,Larry Turner,Democratic,17806.0,100.0,True,False
2006,Tennessee,TN,State House,86,general,Barbara Cooper,Democratic,10718.0,77.1,True,False
2006,Tennessee,TN,State House,86,general,"George T. Edwards, III",Republican,3191.0,22.9,False,False
2006,Tennessee,TN,State House,87,general,Gary L. Rowe,Democratic,8325.0,100.0,True,False
2006,Tennessee,TN,State House,88,general,Larry J. Miller,Democratic,10081.0,100.0,True,False
2006,Tennessee,TN,State House,89,general,Beverly Robison Marrero,Democratic,7869.0,67.3,True,False
2006,Tennessee,TN,State House,89,general,John Farmer,Republican,3819.0,32.7,False,False
2006,Tennessee,TN,State House,90,general,"John J. Deberry, Jr.",Democratic,11881.0,100.0,True,False
2006,Tennessee,TN,State House,91,general,Lois M. Deberry,Democratic,11647.0,100.0,True,False
2006,Tennessee,TN,State House,92,general,Henri E. Brooks,Democratic,12233.0,100.0,True,False
2006,Tennessee,TN,State House,92,general,"Elbert ""Skip"" Rich, Jr.",Independent,0.0,0.0,False,False
2006,Tennessee,TN,State House,93,general,Mike Kernell,Democratic,9663.0,66.3,True,False
2006,Tennessee,TN,State House,93,general,Tim Cook,Republican,4907.0,33.7,False,False
2006,Tennessee,TN,State House,94,general,Dolores Gresham,Republican,13268.0,64.3,True,False
2006,Tennessee,TN,State House,94,general,Bob Doll,Democratic,7366.0,35.7,False,False
2006,Tennessee,TN,State House,95,general,Curry Todd,Republican,22739.0,100.0,True,False
2006,Tennessee,TN,State House,96,general,Steve McManus,Republican,14683.0,100.0,True,False
2006,Tennessee,TN,State House,97,general,Jim Coley,Republican,13143.0,100.0,True,False
2006,Tennessee,TN,State House,98,general,"Ulysses Jones, Jr.",Democratic,11825.0,100.0,True,False
2006,Tennessee,TN,State House,99,general,Ron Lollar,Republican,15803.0,72.2,True,False
2006,Tennessee,TN,State House,99,general,Eric P. Jones,Democratic,6092.0,27.8,False,False
2006,Washington,WA,State House,1,general,Al O'Brien,Democratic,32274.0,100.0,True,False
2006,Washington,WA,State House,1,general,Mark Ericks,Democratic,25739.0,61.9,False,False
2006,Washington,WA,State House,1,general,Mark Davies,Republican,15843.0,38.1,False,False
2006,Washington,WA,State House,2,general,Jean Marie Christenson,Democratic,16997.0,43.47,False,False
2006,Washington,WA,State House,2,general,Jim McCune,Republican,22107.0,56.53,False,False
2006,Washington,WA,State House,2,general,Jeff Stephan,Democratic,15734.0,40.39,False,False
2006,Washington,WA,State House,2,general,Tom Campbell,Republican,23221.0,59.61,True,False
2006,Washington,WA,State House,3,general,Alex Wood,Democratic,19801.0,67.31,False,False
2006,Washington,WA,State House,3,general,Laura D. Carder,Republican,9618.0,32.69,False,False
2006,Washington,WA,State House,3,general,Timm Ormsby,Democratic,23682.0,100.0,True,False
2006,Washington,WA,State House,49,general,Charles Fromhold,Democratic,21735.0,64.68,True,False
2006,Washington,WA,State House,49,general,Nancy De Leo,Republican,11867.0,35.32,False,False
2006,Washington,WA,State House,49,general,James Moeller,Democratic,20630.0,61.36,False,False
2006,Washington,WA,State House,49,general,Sharon Long,Republican,12989.0,38.64,False,False
