year,state,state_code,chamber,district,race,candidate,party,votes,percentage,winner,incumbent
2016,Alaska,AK,State House,1,general,Scott Kawasaki,Democratic,4376.0,90.19,True,True
2016,Alaska,AK,State House,2,general,Steve Thompson,Republican,3268.0,73.22,True,True
2016,Alaska,AK,State House,2,general,Truno Holdaway,Democratic,1153.0,25.83,False,False
2016,Alaska,AK,State House,3,general,Tammie Wilson,Republican,4291.0,60.32,True,True
2016,Alaska,AK,State House,3,general,Christina M. Sinclair,Democratic,537.0,7.55,False,False
2016,Alaska,AK,State House,3,general,Jeanne Olson,Independent,2270.0,31.91,False,False
2016,Alaska,AK,State House,4,general,David Guttenberg,Democratic,6078.0,91.47,True,True
2016,Alaska,AK,State House,5,general,Adam Wool,Democratic,3812.0,52.77,True,True
2016,Alaska,AK,State House,5,general,Aaron Lojewski,Republican,3384.0,46.84,False,False
2016,Alaska,AK,State House,6,general,Dave Talerico,Republican,5126.0,68.37,True,True
2016,Alaska,AK,State House,6,general,Jason T. Land,Democratic,2327.0,31.04,False,False
2016,Alaska,AK,State House,7,general,Colleen Sullivan-Leonard,Republican,5293.0,76.42,True,False
2016,Alaska,AK,State House,7,general,Sherie A. Olson,Democratic,1573.0,22.71,False,False
2016,Alaska,AK,State House,8,general,Mark Neuman,Republican,5753.0,81.36,True,True
2016,Alaska,AK,State House,8,general,Gregory I. Jones,Democratic,1268.0,17.93,False,False
2016,Alaska,AK,State House,9,general,George Rauscher,Republican,4758.0,61.09,True,False
2016,Alaska,AK,State House,9,general,Pamela Goode,Constitution,2816.0,36.15,False,False
2016,Alaska,AK,State House,10,general,David Eastman,Republican,5901.0,73.98,True,False
2016,Alaska,AK,State House,10,general,Patricia Faye-Brazel,Democratic,2021.0,25.34,False,False
2016,Alaska,AK,State House,11,general,DeLena Johnson,Republican,5752.0,67.94,True,False
2016,Alaska,AK,State House,11,general,Bert Verrall,Independent,2681.0,31.67,False,False
2016,Alaska,AK,State House,12,general,Cathy Tilton,Republican,5597.0,64.83,True,True
2016,Alaska,AK,State House,12,general,Gretchen L. Wehmhoff,Democratic,2061.0,23.87,False,False
2016,Alaska,AK,State House,12,general,Karen Perry,Constitution,949.0,10.99,False,False
2016,Alaska,AK,State House,13,general,Dan Saddler,Republican,4417.0,94.32,True,True
2016,Alaska,AK,State House,14,general,Lora Reinbold,Republican,5733.0,59.36,True,True
2016,Alaska,AK,State House,14,general,Joe Hackenmueller,Independent,3882.0,40.19,False,False
2016,Alaska,AK,State House,15,general,Gabrielle LeDoux,Republican,2834.0,67.54,True,True
2016,Alaska,AK,State House,15,general,Patrick M. McCormack,Democratic,1344.0,32.03,False,False
2016,Alaska,AK,State House,16,general,Ivy Spohnholz,Democratic,3367.0,51.51,True,True
2016,Alaska,AK,State House,16,general,Don Hadley,Republican,2740.0,41.92,False,False
2016,Alaska,AK,State House,16,general,Ian Sharrock,Independent,410.0,6.27,False,False
2016,Alaska,AK,State House,17,general,Andy Josephson,Democratic,4238.0,92.8,True,True
2016,Alaska,AK,State House,18,general,Harriet Drummond,Democratic,3490.0,55.51,True,True
2016,Alaska,AK,State House,18,general,Michael W. Gordon,Republican,2760.0,43.9,False,False
2016,Alaska,AK,State House,19,general,Geran Tarr,Democratic,3201.0,93.98,True,True
2016,Alaska,AK,State House,20,general,Les Gara,Democratic,4730.0,93.04,True,True
2016,Alaska,AK,State House,21,general,Matt Claman,Democratic,4145.0,52.15,True,True
2016,Alaska,AK,State House,21,general,Marilyn Stewart,Republican,3767.0,47.4,False,False
2016,Alaska,AK,State House,22,general,Jason Grenn,Independent,3561.0,46.33,True,False
2016,Alaska,AK,State House,22,general,Liz Vazquez,Republican,3375.0,43.91,False,True
2016,Alaska,AK,State House,22,general,Dustin Darden,Independence,730.0,9.5,False,False
2016,Alaska,AK,State House,23,general,Chris Tuck,Democratic,3443.0,56.05,True,True
2016,Alaska,AK,State House,23,general,Timothy R. Hui,Republican,2672.0,43.5,False,False
2016,Alaska,AK,State House,24,general,Chuck Kopp,Republican,5019.0,58.55,True,False
2016,Alaska,AK,State House,24,general,Sue Levi,Democratic,3518.0,41.04,False,False
2016,Alaska,AK,State House,25,general,Charisse Millett,Republican,3685.0,50.41,True,True
2016,Alaska,AK,State House,25,general,Pat Higgins,Democratic,3592.0,49.14,False,False
2016,Alaska,AK,State House,26,general,Chris Birch,Republican,5141.0,63.86,True,False
2016,Alaska,AK,State House,26,general,David Gillespie,Democratic,2873.0,35.69,False,False
2016,Alaska,AK,State House,27,general,Lance Pruitt,Republican,4086.0,50.77,True,True
2016,Alaska,AK,State House,27,general,Harry Crawford Jr.,Democratic,3929.0,48.82,False,False
2016,Alaska,AK,State House,28,general,Jennifer Johnston,Republican,5903.0,55.94,True,False
2016,Alaska,AK,State House,28,general,Shirley A. Cote,Democratic,4606.0,43.65,False,False
2016,Alaska,AK,State House,29,general,Mike Chenault,Republican,6580.0,91.64,True,False
2016,Alaska,AK,State House,30,general,Gary Knopp,Republican,5346.0,65.29,True,False
2016,Alaska,AK,State House,30,general,Shauna Thornton,Democratic,1868.0,22.81,False,False
2016,Alaska,AK,State House,30,general,J.R. Myers,Constitution,473.0,5.78,False,False
2016,Alaska,AK,State House,30,general,Daniel Lynch,Independent,473.0,5.78,False,False
2016,Alaska,AK,State House,31,general,Paul Seaton,Republican,7556.0,95.6,True,True
2016,Alaska,AK,State House,32,general,Louise Stutes,Republican,2981.0,43.2,True,True
2016,Alaska,AK,State House,32,general,Duncan Fields,Independent,2777.0,40.24,False,False
2016,Alaska,AK,State House,32,general,Brent L. Watkins,Democratic,1128.0,16.35,False,False
2016,Alaska,AK,State House,33,general,Sam Kito III,Democratic,7576.0,95.67,True,True
2016,Alaska,AK,State House,34,general,Justin Parish,Democratic,4527.0,50.85,True,False
2016,Alaska,AK,State House,34,general,Cathy Muñoz,Republican,4332.0,48.66,False,True
2016,Alaska,AK,State House,35,general,Jonathan Kreiss-Tomkins,Democratic,5068.0,59.01,True,True
2016,Alaska,AK,State House,35,general,Sheila Finkenbinder,Republican,3486.0,40.59,False,False
2016,Alaska,AK,State House,36,general,Dan Ortiz,Independent,4109.0,52.43,True,True
2016,Alaska,AK,State House,36,general,Robert W. Siversten,Republican,3319.0,42.35,False,False
2016,Alaska,AK,State House,36,general,Kenneth Shaw,Constitution,396.0,5.05,False,False
2016,Alaska,AK,State House,37,general,Bryce Edgmon,Democratic,2724.0,58.76,True,True
2016,Alaska,AK,State House,37,general,William W. Weatherby,Republican,1868.0,40.29,False,False
2016,Alaska,AK,State House,38,general,Zach Fansler,Democratic,4134.0,95.63,True,False
2016,Alaska,AK,State House,39,general,Neal Foster,Democratic,4661.0,96.8,True,True
2016,Alaska,AK,State House,40,general,Dean Westlake,Democratic,2984.0,78.2,True,False
2016,Arizona,AZ,State House,1,general,Noel Campbell,Republican,70412.0,38.7,True,True
2016,Arizona,AZ,State House,1,general,David Stringer,Republican,65993.0,36.27,True,False
2016,Arizona,AZ,State House,1,general,Peter Pierson,Democratic,33396.0,18.35,False,False
2016,Arizona,AZ,State House,1,general,Haryaksha Gregor Knauer,Green,12145.0,6.68,False,False
2016,Arizona,AZ,State House,2,general,Daniel Hernandez,Democratic,32651.0,34.86,True,False
2016,Arizona,AZ,State House,2,general,Rosanna Gabaldón,Democratic,32495.0,34.7,True,True
2016,Arizona,AZ,State House,2,general,John Christopher Ackerley,Republican,28506.0,30.44,False,True
2016,Arizona,AZ,State House,3,general,Sally Ann Gonzales,Democratic,41706.0,50.15,True,True
2016,Arizona,AZ,State House,3,general,Macario Saldate,Democratic,31299.0,37.64,True,True
2016,Arizona,AZ,State House,3,general,"Edward J. ""Trey"" Cizek III",Green,10150.0,12.21,False,False
2016,Arizona,AZ,State House,4,general,Charlene R. Fernandez,Democratic,29755.0,51.7,True,True
2016,Arizona,AZ,State House,4,general,Jesus Rubalcava,Democratic,27794.0,48.3,True,False
2016,Arizona,AZ,State House,5,general,Paul Mosley,Republican,49453.0,39.15,True,False
2016,Arizona,AZ,State House,5,general,Regina Cobb,Republican,47738.0,37.79,True,True
2016,Arizona,AZ,State House,5,general,Beth Weisser,Democratic,20301.0,16.07,False,False
2016,Arizona,AZ,State House,5,general,Leo Biasiucci,Green,8827.0,6.99,False,False
2016,Arizona,AZ,State House,6,general,Bob Thorpe,Republican,48999.0,34.79,True,True
2016,Arizona,AZ,State House,6,general,Brenda Barton,Republican,47631.0,33.81,True,True
2016,Arizona,AZ,State House,6,general,Alex Martinez,Democratic,44229.0,31.4,False,False
2016,Arizona,AZ,State House,7,general,Eric Descheenie,Democratic,41398.0,52.63,True,False
2016,Arizona,AZ,State House,7,general,Wenona Benally,Democratic,37261.0,47.37,True,False
2016,Arizona,AZ,State House,8,general,David Cook,Republican,31565.0,35.82,True,False
2016,Arizona,AZ,State House,8,general,"Thomas ""T.J."" Shope",Republican,30416.0,34.52,True,True
2016,Arizona,AZ,State House,8,general,Carmen Casillas,Democratic,26138.0,29.66,False,False
2016,Arizona,AZ,State House,9,general,"Randall ""Randy"" Friese",Democratic,51033.0,36.92,True,True
2016,Arizona,AZ,State House,9,general,Pamela Powers Hannley,Democratic,45387.0,32.84,True,False
2016,Arizona,AZ,State House,9,general,Ana Henderson,Republican,41792.0,30.24,False,False
2016,Arizona,AZ,State House,10,general,Todd Clodfelter,Republican,45627.0,33.57,True,False
2016,Arizona,AZ,State House,10,general,Kirsten Engel,Democratic,45530.0,33.5,True,False
2016,Arizona,AZ,State House,10,general,Stefanie Mach,Democratic,44770.0,32.94,False,True
2016,Arizona,AZ,State House,11,general,Mark Finchem,Republican,52509.0,36.39,True,True
2016,Arizona,AZ,State House,11,general,"Venden ""Vince"" Leach",Republican,49209.0,34.1,True,True
2016,Arizona,AZ,State House,11,general,Corin Hammond,Democratic,42511.0,29.46,False,False
2016,Arizona,AZ,State House,11,general,Barry McCain,Democratic,70.0,0.05,False,False
2016,Arizona,AZ,State House,12,general,Eddie Farnsworth,Republican,67225.0,50.44,True,True
2016,Arizona,AZ,State House,12,general,Travis Grantham,Republican,66053.0,49.56,True,False
2016,Arizona,AZ,State House,13,general,Don Shooter,Republican,47748.0,39.15,True,False
2016,Arizona,AZ,State House,13,general,Darin Mitchell,Republican,45699.0,37.47,True,True
2016,Arizona,AZ,State House,13,general,Iisha Graves,Democratic,28500.0,23.37,False,False
2016,Arizona,AZ,State House,14,general,Drew John,Republican,49914.0,32.59,True,False
2016,Arizona,AZ,State House,14,general,Becky Nutt,Republican,47578.0,31.06,True,False
2016,Arizona,AZ,State House,14,general,Mike Holmes,Democratic,28161.0,18.38,False,False
2016,Arizona,AZ,State House,14,general,Jason Lindstrom,Democratic,27527.0,17.97,False,False
2016,Arizona,AZ,State House,15,general,Heather Carter,Republican,60779.0,40.43,True,True
2016,Arizona,AZ,State House,15,general,John Allen,Republican,52832.0,35.14,True,True
2016,Arizona,AZ,State House,15,general,Brandon Dwyer,Democratic,36729.0,24.43,False,False
2016,Arizona,AZ,State House,16,general,Kelly Townsend,Republican,51466.0,33.58,True,True
2016,Arizona,AZ,State House,16,general,Doug Coleman,Republican,51312.0,33.48,True,True
2016,Arizona,AZ,State House,16,general,Sharon Stinard,Democratic,25912.0,16.91,False,False
2016,Arizona,AZ,State House,16,general,Cara Prior,Democratic,24581.0,16.04,False,False
2016,Arizona,AZ,State House,17,general,Jeff Weninger,Republican,51712.0,35.86,True,True
2016,Arizona,AZ,State House,17,general,J.D. Mesnard,Republican,48384.0,33.55,True,True
2016,Arizona,AZ,State House,17,general,Jennifer Pawlik,Democratic,44128.0,30.6,False,False
2016,Arizona,AZ,State House,18,general,"Denise ""Mitzi"" Epstein",Democratic,52002.0,30.37,True,False
2016,Arizona,AZ,State House,18,general,Jill Norgaard,Republican,50613.0,29.56,True,True
2016,Arizona,AZ,State House,18,general,Bob Robson,Republican,47569.0,27.78,False,True
2016,Arizona,AZ,State House,18,general,Linda Macias,Green,21039.0,12.29,False,False
2016,Arizona,AZ,State House,19,general,Diego Espinoza,Democratic,30693.0,52.96,True,True
2016,Arizona,AZ,State House,19,general,Mark Cardenas,Democratic,27263.0,47.04,True,True
2016,Arizona,AZ,State House,20,general,Paul Boyer,Republican,39780.0,34.89,True,True
2016,Arizona,AZ,State House,20,general,Anthony Kern,Republican,39118.0,34.31,True,True
2016,Arizona,AZ,State House,20,general,"Christopher ""Chris"" Gilfillan",Democratic,35117.0,30.8,False,False
2016,Arizona,AZ,State House,21,general,Kevin Payne,Republican,45639.0,36.84,True,False
2016,Arizona,AZ,State House,21,general,Tony Rivero,Republican,44060.0,35.57,True,True
2016,Arizona,AZ,State House,21,general,Deanna Rasmussen-Lacotta,Democratic,34180.0,27.59,False,False
2016,Arizona,AZ,State House,22,general,David Livingston,Republican,69251.0,40.37,True,True
2016,Arizona,AZ,State House,22,general,Phil Lovas,Republican,64347.0,37.51,True,True
2016,Arizona,AZ,State House,22,general,Manuel Hernandez,Democratic,37938.0,22.12,False,False
2016,Arizona,AZ,State House,23,general,Michelle Ugenti-Rita,Republican,69758.0,38.56,True,True
2016,Arizona,AZ,State House,23,general,Jay Lawrence,Republican,64903.0,35.87,True,True
2016,Arizona,AZ,State House,23,general,Tammy Caputi,Democratic,46255.0,25.57,False,False
2016,Arizona,AZ,State House,24,general,Lela Alston,Democratic,43160.0,50.72,True,True
2016,Arizona,AZ,State House,24,general,Ken Clark,Democratic,41927.0,49.28,True,True
2016,Arizona,AZ,State House,25,general,Michelle Udall,Republican,55941.0,40.15,True,False
2016,Arizona,AZ,State House,25,general,"Russell W. ""Rusty"" Bowers",Republican,51160.0,36.72,True,True
2016,Arizona,AZ,State House,25,general,Kathleen Rahn,Democratic,32225.0,23.13,False,False
2016,Arizona,AZ,State House,26,general,Athena Salman,Democratic,28038.0,33.21,True,False
2016,Arizona,AZ,State House,26,general,Isela Blanc,Democratic,26981.0,31.96,True,False
2016,Arizona,AZ,State House,26,general,Steven Adkins,Republican,19469.0,23.06,False,False
2016,Arizona,AZ,State House,26,general,Cara Nicole Trujillo,Green,9941.0,11.77,False,False
2016,Arizona,AZ,State House,27,general,Rebecca Rios,Democratic,37701.0,57.77,True,True
2016,Arizona,AZ,State House,27,general,Reginald Bolding,Democratic,27559.0,42.23,True,True
2016,Arizona,AZ,State House,28,general,Kelli Butler,Democratic,49139.0,35.04,True,False
2016,Arizona,AZ,State House,28,general,Maria Syms,Republican,46739.0,33.33,True,False
2016,Arizona,AZ,State House,28,general,Mary Hamway,Republican,44355.0,31.63,False,False
2016,Arizona,AZ,State House,29,general,Cesar Chavez,Democratic,25564.0,42.09,True,False
2016,Arizona,AZ,State House,29,general,Richard C. Andrade,Democratic,21257.0,35.0,True,True
2016,Arizona,AZ,State House,29,general,John Wilson,Republican,13920.0,22.92,False,False
2016,Arizona,AZ,State House,30,general,Ray Martinez,Democratic,22853.0,37.78,True,False
2016,Arizona,AZ,State House,30,general,"Otoniel ""Tony"" Navarrete",Democratic,22810.0,37.71,True,False
2016,Arizona,AZ,State House,30,general,Gary Leon Cox,Republican,14831.0,24.52,False,False
2016,Colorado,CO,State House,1,general,Susan Lontine,Democratic,17474.0,61.04,True,True
2016,Colorado,CO,State House,1,general,Raymond Garcia,Republican,11154.0,38.96,False,False
2016,Colorado,CO,State House,2,general,Alec Garnett,Democratic,34422.0,73.28,True,True
2016,Colorado,CO,State House,2,general,Paul A. Linton,Republican,12550.0,26.72,False,False
2016,Colorado,CO,State House,3,general,Jeff Bridges,Democratic,22016.0,52.53,True,True
2016,Colorado,CO,State House,3,general,Katy Brown,Republican,19892.0,47.47,False,False
2016,Colorado,CO,State House,4,general,Dan Pabón,Democratic,25224.0,76.9,True,True
2016,Colorado,CO,State House,4,general,Willie Pinkston,Republican,7577.0,23.1,False,False
2016,Colorado,CO,State House,5,general,Crisanta Duran,Democratic,26130.0,77.31,True,True
2016,Colorado,CO,State House,5,general,Ronnie Nelson,Republican,7668.0,22.69,False,False
2016,Colorado,CO,State House,6,general,Chris Hansen,Democratic,32624.0,100.0,True,False
2016,Colorado,CO,State House,7,general,James Rashad Coleman,Democratic,28557.0,100.0,True,False
2016,Colorado,CO,State House,8,general,Leslie Herod,Democratic,38101.0,84.81,True,False
2016,Colorado,CO,State House,8,general,Evan J. Vanderpool,Republican,6822.0,15.19,False,False
2016,Colorado,CO,State House,9,general,Paul Rosenthal,Democratic,25709.0,65.86,True,True
2016,Colorado,CO,State House,9,general,Paul Stevens Martin,Republican,13328.0,34.14,False,False
2016,Colorado,CO,State House,10,general,Edie Hooton,Democratic,35984.0,100.0,True,False
2016,Colorado,CO,State House,11,general,Jonathan Singer,Democratic,25327.0,60.19,True,True
2016,Colorado,CO,State House,11,general,Corey Piper,Republican,16749.0,39.81,False,False
2016,Colorado,CO,State House,12,general,Mike Foote,Democratic,29663.0,65.09,True,True
2016,Colorado,CO,State House,12,general,Corey Piper,Republican,15906.0,34.91,False,False
2016,Colorado,CO,State House,13,general,KC Becker,Democratic,34114.0,100.0,True,True
2016,Colorado,CO,State House,14,general,Dan Nordberg,Republican,31766.0,72.45,True,True
2016,Colorado,CO,State House,14,general,Chris Walters,Democratic,12077.0,27.55,False,False
2016,Colorado,CO,State House,15,general,Dave Williams,Republican,25239.0,67.84,True,False
2016,Colorado,CO,State House,15,general,Sharon Huff,Democratic,11962.0,32.16,False,False
2016,Colorado,CO,State House,16,general,Larry Liston,Republican,26225.0,71.87,True,False
2016,Colorado,CO,State House,16,general,John Hjersman,Libertarian,10262.0,28.13,False,False
2016,Colorado,CO,State House,17,general,"Thomas ""Tony"" Exum, Sr",Democratic,11445.0,49.39,True,False
2016,Colorado,CO,State House,17,general,Kit Roupe,Republican,9613.0,41.48,False,True
2016,Colorado,CO,State House,17,general,Susan Quilleash,Libertarian,2116.0,9.13,False,False
2016,Colorado,CO,State House,18,general,Pete Lee,Democratic,21145.0,53.3,True,True
2016,Colorado,CO,State House,18,general,Cameron Forth,Republican,15556.0,39.21,False,False
2016,Colorado,CO,State House,18,general,Norman Dawson,Libertarian,2972.0,7.49,False,False
2016,Colorado,CO,State House,19,general,Paul Lundeen,Republican,40011.0,79.59,True,True
2016,Colorado,CO,State House,19,general,Tom Reynolds,Democratic,10258.0,20.41,False,False
2016,Colorado,CO,State House,20,general,Terri Carver,Republican,26517.0,64.05,True,True
2016,Colorado,CO,State House,20,general,Julia Endicott,Democratic,12461.0,30.1,False,False
2016,Colorado,CO,State House,20,general,Judith Darcy,Libertarian,2425.0,5.86,False,False
2016,Colorado,CO,State House,21,general,Lois Landgraf,Republican,17358.0,68.71,True,True
2016,Colorado,CO,State House,21,general,Michael Seebeck,Libertarian,7904.0,31.29,False,False
2016,Colorado,CO,State House,22,general,Justin Everett,Republican,26311.0,60.46,True,True
2016,Colorado,CO,State House,22,general,Mary Parker,Independent,17207.0,39.54,False,False
2016,Colorado,CO,State House,23,general,Chris Kennedy,Democratic,23872.0,55.88,True,False
2016,Colorado,CO,State House,23,general,Chris Hadsall,Republican,18850.0,44.12,False,False
2016,Colorado,CO,State House,24,general,Jessie Danielson,Democratic,24103.0,56.99,True,True
2016,Colorado,CO,State House,24,general,Joseph DeMott,Republican,18191.0,43.01,False,False
2016,Colorado,CO,State House,25,general,Timothy Leonard,Republican,26232.0,51.83,True,True
2016,Colorado,CO,State House,25,general,Tammy Story,Democratic,24381.0,48.17,False,False
2016,Colorado,CO,State House,26,general,Diane Mitsch Bush,Democratic,22442.0,60.75,True,True
2016,Colorado,CO,State House,26,general,Michael Cacioppo,Republican,14498.0,39.25,False,False
2016,Colorado,CO,State House,27,general,Lang Sias,Republican,26554.0,53.52,True,True
2016,Colorado,CO,State House,27,general,Wade Michael Norris,Democratic,20098.0,40.51,False,False
2016,Colorado,CO,State House,27,general,Doug Miracle,Independent,2966.0,5.98,False,False
2016,Colorado,CO,State House,28,general,Brittany Pettersen,Democratic,22431.0,55.58,True,True
2016,Colorado,CO,State House,28,general,Nancy Pallozzi,Republican,14522.0,35.99,False,False
2016,Colorado,CO,State House,28,general,Matthew Hess,Libertarian,3402.0,8.43,False,False
2016,Colorado,CO,State House,29,general,Tracy Kraft-Tharp,Democratic,21701.0,54.56,True,True
2016,Colorado,CO,State House,29,general,Susan Kochevar,Republican,18072.0,45.44,False,False
2016,Colorado,CO,State House,30,general,Dafna Michaelson Jenet,Democratic,15844.0,54.19,True,False
2016,Colorado,CO,State House,30,general,JoAnn Windholz,Republican,13395.0,45.81,False,True
2016,Colorado,CO,State House,31,general,Joe Salazar,Democratic,18452.0,55.39,True,True
2016,Colorado,CO,State House,31,general,Jessica Sandgren,Republican,14861.0,44.61,False,False
2016,Colorado,CO,State House,32,general,Adrienne Benavidez,Democratic,15736.0,64.34,True,False
2016,Colorado,CO,State House,32,general,Alexander D. Jacobson,Republican,8710.0,35.61,False,False
2016,Colorado,CO,State House,32,general,Steve Zorn (write-in),Democratic,10.0,0.04,False,False
2016,Colorado,CO,State House,33,general,Matt Gray,Democratic,25268.0,52.16,True,False
2016,Colorado,CO,State House,33,general,Karen Nelson,Republican,20197.0,41.69,False,False
2016,Colorado,CO,State House,33,general,Kim Tavendale,Libertarian,2982.0,6.16,False,False
2016,Colorado,CO,State House,34,general,Steve Lebsock,Democratic,14865.0,50.0,True,True
2016,Colorado,CO,State House,34,general,Dustin Johnson,Republican,13061.0,43.94,False,False
2016,Colorado,CO,State House,34,general,"Jenice ""JJ"" Dove",Green,1802.0,6.06,False,False
2016,Colorado,CO,State House,35,general,Faith Winter,Democratic,20198.0,56.33,True,True
2016,Colorado,CO,State House,35,general,Emily Voss,Republican,15660.0,43.67,False,False
2016,Colorado,CO,State House,36,general,Mike Weissman,Democratic,19423.0,55.29,True,False
2016,Colorado,CO,State House,36,general,Richard J. Bowman,Republican,15708.0,44.71,False,False
2016,Colorado,CO,State House,37,general,Cole Wist,Republican,23518.0,54.65,True,True
2016,Colorado,CO,State House,37,general,Carol A. Barrett,Democratic,19516.0,45.35,False,False
2016,Colorado,CO,State House,38,general,Susan Beckman,Republican,29316.0,57.83,True,False
2016,Colorado,CO,State House,38,general,Robert Bowen,Democratic,21380.0,42.17,False,False
2016,Colorado,CO,State House,39,general,Polly Lawrence,Republican,33472.0,71.29,True,True
2016,Colorado,CO,State House,39,general,Richard Opler,Democratic,13478.0,28.71,False,False
2016,Colorado,CO,State House,40,general,Janet Buckner,Democratic,21391.0,57.69,True,True
2016,Colorado,CO,State House,40,general,Todd Brophy,Republican,15691.0,42.31,False,False
2016,Colorado,CO,State House,41,general,Jovan Melton,Democratic,20933.0,60.14,True,True
2016,Colorado,CO,State House,41,general,Linda Garrison,Republican,13874.0,39.86,False,False
2016,Colorado,CO,State House,42,general,Dominique Jackson,Democratic,16103.0,68.91,True,False
2016,Colorado,CO,State House,42,general,Mike Donald,Republican,7265.0,31.09,False,False
2016,Colorado,CO,State House,43,general,Kevin Van Winkle,Republican,26595.0,60.34,True,True
2016,Colorado,CO,State House,43,general,Scott Wagner,Democratic,17483.0,39.66,False,False
2016,Colorado,CO,State House,44,general,Kim Ransom,Republican,29710.0,64.64,True,True
2016,Colorado,CO,State House,44,general,Tim Hicks,Democratic,16250.0,35.36,False,False
2016,Colorado,CO,State House,45,general,Patrick Neville,Republican,35321.0,70.04,True,True
2016,Colorado,CO,State House,45,general,Shantell Schweikart,Democratic,15109.0,29.96,False,False
2016,Colorado,CO,State House,46,general,Daneya Esgar,Democratic,29797.0,100.0,True,True
2016,Colorado,CO,State House,47,general,Clarice Navarro,Republican,21714.0,57.74,True,True
2016,Colorado,CO,State House,47,general,Jason Munoz,Democratic,15891.0,42.26,False,False
2016,Colorado,CO,State House,48,general,Steve Humphrey,Republican,30417.0,68.22,True,True
2016,Colorado,CO,State House,48,general,Annie King,Democratic,14168.0,31.78,False,False
2016,Colorado,CO,State House,49,general,Perry L. Buck,Republican,35412.0,62.54,True,True
2016,Colorado,CO,State House,49,general,"Adrian ""Buzz"" Sweeney",Democratic,21210.0,37.46,False,False
2016,Colorado,CO,State House,50,general,Dave Young,Democratic,14803.0,55.48,True,True
2016,Colorado,CO,State House,50,general,John Alan Honeycutt,Republican,10479.0,39.27,False,False
2016,Colorado,CO,State House,50,general,Roy Dakroub,Libertarian,1401.0,5.25,False,False
2016,Colorado,CO,State House,51,general,Hugh McKean,Republican,28823.0,60.72,True,False
2016,Colorado,CO,State House,51,general,Jody Shadduck-McNally,Democratic,18642.0,39.28,False,False
2016,Colorado,CO,State House,52,general,Joann Ginal,Democratic,25876.0,54.7,True,True
2016,Colorado,CO,State House,52,general,Donna Walter,Republican,21428.0,45.3,False,False
2016,Colorado,CO,State House,53,general,Jeni Arndt,Democratic,30594.0,100.0,True,True
2016,Colorado,CO,State House,54,general,Yeulin Willett,Republican,28790.0,77.08,True,False
2016,Colorado,CO,State House,54,general,Gilbert Fuller,Libertarian,8563.0,22.92,False,False
2016,Colorado,CO,State House,55,general,Dan Thurlow,Republican,31732.0,100.0,True,True
2016,Colorado,CO,State House,56,general,Philip Covarrubias,Republican,26858.0,58.6,True,False
2016,Colorado,CO,State House,56,general,Matt Snider,Democratic,16228.0,35.41,False,False
2016,Colorado,CO,State House,56,general,Glenn Ingalls,Libertarian,2747.0,5.99,False,False
2016,Colorado,CO,State House,57,general,Bob Rankin,Republican,26002.0,100.0,True,True
2016,Colorado,CO,State House,58,general,Don Coram,Republican,28195.0,100.0,True,True
2016,Colorado,CO,State House,59,general,Barbara Hall McLachlan,Democratic,23336.0,50.73,True,False
2016,Colorado,CO,State House,59,general,J. Paul Brown,Republican,22661.0,49.27,False,True
2016,Colorado,CO,State House,60,general,James Wilson,Republican,26246.0,63.55,True,True
2016,Colorado,CO,State House,60,general,David Higginbotham,Democratic,12406.0,30.04,False,False
2016,Colorado,CO,State House,60,general,Glenn Ingalls,Libertarian,2651.0,6.42,False,False
2016,Colorado,CO,State House,61,general,Millie Hamner,Democratic,24562.0,56.12,True,True
2016,Colorado,CO,State House,61,general,Bob Schutt,Republican,19208.0,39.25,False,False
2016,Colorado,CO,State House,62,general,Donald Valdez,Democratic,19720.0,55.51,True,False
2016,Colorado,CO,State House,62,general,Bob Mattive,Republican,15805.0,44.49,False,False
2016,Colorado,CO,State House,63,general,Lori Saine,Republican,26952.0,60.87,True,True
2016,Colorado,CO,State House,63,general,Thomas A. Hudson,Democratic,13651.0,30.83,False,False
2016,Colorado,CO,State House,63,general,Joe Johnson,Libertarian,3678.0,8.31,False,False
2016,Colorado,CO,State House,64,general,Kimmi Lewis,Republican,27952.0,75.42,True,False
2016,Colorado,CO,State House,64,general,Kathleen J. Conway,Democratic,9108.0,24.58,False,False
2016,Colorado,CO,State House,65,general,Jon Becker,Republican,25965.0,79.25,True,True
2016,Colorado,CO,State House,65,general,Anthony Engelhaupt,Democratic,6797.0,20.75,False,False
2016,Connecticut,CT,State House,107,special general,Stephen Harding,Republican,1600.0,54.24,True,False
2016,Connecticut,CT,State House,107,special general,Howard Lasser,Democratic,1350.0,45.76,False,False
2016,Connecticut,CT,State House,129,special general,Steven Stafstrom,Democratic,776.0,44.52,True,False
2016,Connecticut,CT,State House,129,special general,Enrique Torres,Republican,720.0,41.31,False,False
2016,Connecticut,CT,State House,129,special general,Robert T. Keeley Jr.,Unaffiliated,154.0,8.84,False,False
2016,Connecticut,CT,State House,129,special general,Robert E. Halstead,Unaffiliated,48.0,2.75,False,False
2016,Connecticut,CT,State House,129,special general,Héctor A. Díaz,Unaffiliated,45.0,2.58,False,False
2016,Connecticut,CT,State House,121,special general,Joe Gresko,Democratic,1339.0,60.56,True,False
2016,Connecticut,CT,State House,121,special general,Susan Barksdale,Republican,872.0,39.44,False,False
2016,Connecticut,CT,State House,75,special general,Geraldo Reyes,Democratic,960.0,76.86,True,False
2016,Connecticut,CT,State House,75,special general,Raymond Work,Republican,289.0,23.14,False,False
2016,Connecticut,CT,State House,90,special general,Craig C. Fishbein,Republican,6570.0,58.02,True,False
2016,Connecticut,CT,State House,90,special general,Patrick Reynolds,Democratic,4752.0,41.98,False,False
2016,Connecticut,CT,State House,1,general,Matthew Ritter,Democratic,5662.0,92.05,True,True
2016,Connecticut,CT,State House,1,general,Ken Lerman,Republican,489.0,7.95,False,False
2016,Connecticut,CT,State House,2,general,William Duff,Republican,6012.0,48.8,True,False
2016,Connecticut,CT,State House,2,general,Raghib Allie-Brennan,Democratic,5730.0,45.6,False,False
2016,Connecticut,CT,State House,3,general,Minnie Gonzalez,Democratic,4454.0,100.0,True,True
2016,Connecticut,CT,State House,4,general,Angel Arce,Democratic,4063.0,87.1,True,True
2016,Connecticut,CT,State House,4,general,A. Lloyd Carter,Republican,489.0,12.9,False,False
2016,Connecticut,CT,State House,5,general,Brandon McGee,Democratic,7515.0,81.86,True,True
2016,Connecticut,CT,State House,5,general,Paul Panos,Republican,1662.0,18.1,False,False
2016,Connecticut,CT,State House,5,general,Charles Jackson,Write-in,3.0,0.03,False,False
2016,Connecticut,CT,State House,6,general,Edwin Vargas,Democratic,5422.0,85.0,True,False
2016,Connecticut,CT,State House,6,general,Russell Williams,Republican,662.0,10.9,False,False
2016,Connecticut,CT,State House,7,general,Douglas McCrory,Democratic,5589.0,94.2,True,True
2016,Connecticut,CT,State House,7,general,Paul Panos,Unaffiliated,346.0,5.8,False,False
2016,Connecticut,CT,State House,8,general,Tim Ackert,Republican,8864.0,65.6,True,True
2016,Connecticut,CT,State House,8,general,Thomas Currier,Democratic,4646.0,31.4,False,False
2016,Connecticut,CT,State House,9,general,Jason Rojas,Democratic,7224.0,87.1,True,True
2016,Connecticut,CT,State House,9,general,Richard Lion,Libertarian,1070.0,12.9,False,False
2016,Connecticut,CT,State House,10,general,Henry Genga,Democratic,6246.0,70.4,True,False
2016,Connecticut,CT,State House,10,general,Travis J. Simpson,Republican,2070.0,24.9,False,False
2016,Connecticut,CT,State House,11,general,Jeffrey Currey,Democratic,5794.0,100.0,True,True
2016,Connecticut,CT,State House,12,general,Kelly J.S. Luxenberg,Democratic,6313.0,56.3,True,False
2016,Connecticut,CT,State House,12,general,John D. Topping,Republican,4000.0,35.7,False,False
2016,Connecticut,CT,State House,13,general,Mark Tweedie,Republican,5912.0,47.6,True,False
2016,Connecticut,CT,State House,13,general,Joe Diminico,Democratic,5517.0,45.6,False,False
2016,Connecticut,CT,State House,14,general,Tom Delnicki,Republican,6852.0,49.55,True,False
2016,Connecticut,CT,State House,14,general,Saud Anwar,Democratic,6170.0,44.9,False,False
2016,Connecticut,CT,State House,15,general,David Baram,Democratic,10802.0,93.9,True,False
2016,Connecticut,CT,State House,16,general,John Hampton,Democratic,7011.0,50.8,True,True
2016,Connecticut,CT,State House,16,general,Lydia Tedone,Republican,6720.0,46.1,False,False
2016,Connecticut,CT,State House,16,general,Robert Kalechman,Unaffiliated,75.0,0.5,False,False
2016,Connecticut,CT,State House,17,general,Timothy LeGeyt,Republican,10337.0,100.0,True,True
2016,Connecticut,CT,State House,18,general,Andy Fleischmann,Democratic,7474.0,64.8,True,True
2016,Connecticut,CT,State House,18,general,Robert Levine,Republican,4052.0,32.4,False,False
2016,Connecticut,CT,State House,19,general,Derek Slap,Democratic,7669.0,53.8,True,False
2016,Connecticut,CT,State House,19,general,Chris Barnes,Republican,6573.0,44.4,False,False
2016,Connecticut,CT,State House,20,general,Joseph Verrengia,Democratic,8161.0,100.0,True,True
2016,Connecticut,CT,State House,21,general,Mike Demicco,Democratic,7047.0,50.1,True,False
2016,Connecticut,CT,State House,21,general,Chris Forster,Republican,6147.0,44.7,False,False
2016,Connecticut,CT,State House,22,general,William Petit,Republican,6359.0,54.5,True,False
2016,Connecticut,CT,State House,22,general,Betty Boukus,Democratic,4229.0,39.9,False,True
2016,Connecticut,CT,State House,23,general,Devin Carney,Republican,10447.0,87.5,True,False
2016,Connecticut,CT,State House,24,general,Rick Lopes,Democratic,5209.0,60.1,True,False
2016,Connecticut,CT,State House,24,general,James Sanders,Republican,2855.0,35.4,False,False
2016,Connecticut,CT,State House,25,general,Bobby Sanchez,Democratic,4349.0,75.3,True,False
2016,Connecticut,CT,State House,25,general,Richard Gadomski,Republican,897.0,16.7,False,False
2016,Connecticut,CT,State House,25,general,Martha Kelly,Green,126.0,2.3,False,False
2016,Connecticut,CT,State House,26,general,Peter Tercyak,Democratic,4654.0,65.6,True,False
2016,Connecticut,CT,State House,26,general,Desiree Agosto,Republican,1785.0,27.7,False,False
2016,Connecticut,CT,State House,27,general,Gary Byron,Republican,6624.0,49.9,True,False
2016,Connecticut,CT,State House,27,general,Joshua Shulman,Democratic,5670.0,43.5,False,False
2016,Connecticut,CT,State House,28,general,Russell Morin,Democratic,6756.0,49.3,True,False
2016,Connecticut,CT,State House,28,general,Mike Hurley,Republican,5971.0,44.9,False,False
2016,Connecticut,CT,State House,28,general,Lee N. Johnson,Unaffiliated,151.0,1.17,False,False
2016,Connecticut,CT,State House,29,general,Tony Guerrera,Democratic,7413.0,62.4,True,True
2016,Connecticut,CT,State House,29,general,Todd Brown,Republican,4476.0,37.6,False,False
2016,Connecticut,CT,State House,30,general,Joe Aresimowicz,Democratic,6886.0,46.8,True,False
2016,Connecticut,CT,State House,30,general,Christopher Morelli,Republican,6389.0,48.1,False,False
2016,Connecticut,CT,State House,31,general,Prasad Srinivasan,Republican,9617.0,64.8,True,False
2016,Connecticut,CT,State House,31,general,Matt Saunig,Democratic,4470.0,30.2,False,False
2016,Connecticut,CT,State House,32,general,Christie Carpino,Republican,8263.0,60.5,True,False
2016,Connecticut,CT,State House,32,general,Myron Johnson,Democratic,4395.0,34.7,False,False
2016,Connecticut,CT,State House,33,general,Joseph Serra,Democratic,5648.0,57.8,True,True
2016,Connecticut,CT,State House,33,general,Linda Szynkowicz,Republican,4130.0,48.9,False,False
2016,Connecticut,CT,State House,34,general,Melissa Ziobron,Republican,10459.0,,True,False
2016,Connecticut,CT,State House,35,general,Jesse MacLachlan,Republican,7729.0,57.1,True,False
2016,Connecticut,CT,State House,35,general,Ellen Dahlgren,Democratic,4854.0,37.5,False,False
2016,Connecticut,CT,State House,35,general,Austin Coco,Libertarian,195.0,1.5,False,False
2016,Connecticut,CT,State House,35,general,Ian Barron,Green,168.0,1.3,False,False
2016,Connecticut,CT,State House,36,general,Robert W. Siegrist III,Republican,6975.0,48.2,True,False
2016,Connecticut,CT,State House,36,general,Philip Miller,Democratic,6662.0,48.9,False,False
2016,Connecticut,CT,State House,37,general,Holly Cheeseman,Republican,6827.0,52.5,True,False
2016,Connecticut,CT,State House,37,general,Beth Hogan,Democratic,5342.0,43.9,False,False
2016,Connecticut,CT,State House,38,general,Kathleen McCarty,Republican,6747.0,51.1,True,False
2016,Connecticut,CT,State House,38,general,Sharon Palmer,Democratic,5012.0,38.4,False,False
2016,Connecticut,CT,State House,38,general,Lauren Shaw,Green,477.0,3.9,False,False
2016,Connecticut,CT,State House,39,general,Chris Soto,Democratic,4697.0,83.7,True,False
2016,Connecticut,CT,State House,39,general,Andrew Lockwood,Unaffiliated,517.0,8.8,False,False
2016,Connecticut,CT,State House,39,general,Ronna Stuller,Green,440.0,7.5,False,False
2016,Connecticut,CT,State House,40,general,Christine Conley,Democratic,4078.0,48.8,True,False
2016,Connecticut,CT,State House,40,general,John F. Scott,Republican,3439.0,42.6,False,False
2016,Connecticut,CT,State House,41,general,Joe de la Cruz,Democratic,5636.0,50.1,True,False
2016,Connecticut,CT,State House,41,general,Aundre Bumgardner,Republican,4646.0,42.2,False,False
2016,Connecticut,CT,State House,42,general,Mike France,Republican,7594.0,85.4,True,False
2016,Connecticut,CT,State House,43,general,Diana Urban,Democratic,7849.0,61.5,True,True
2016,Connecticut,CT,State House,43,general,Nicholas Mullane,Republican,4915.0,38.5,False,False
2016,Connecticut,CT,State House,44,general,Anne Dauphinais,Republican,5592.0,64.4,True,False
2016,Connecticut,CT,State House,44,general,Christine Rosati Randall,Democratic,3677.0,34.9,False,False
2016,Connecticut,CT,State House,45,general,Kevin Skulczyck,Republican,6389.0,56.8,True,False
2016,Connecticut,CT,State House,45,general,Tracey Hanson,Democratic,3851.0,32.0,False,False
2016,Connecticut,CT,State House,46,general,Emmett Riley,Democratic,3536.0,47.9,True,False
2016,Connecticut,CT,State House,46,general,Rob Dempsky,Republican,2670.0,35.3,False,False
2016,Connecticut,CT,State House,46,general,Bonita Bonnie Hong,Unaffiliated,610.0,8.9,False,False
2016,Connecticut,CT,State House,47,general,Doug Dubitsky,Republican,7323.0,56.0,True,False
2016,Connecticut,CT,State House,47,general,Kate Donnelly,Democratic,4918.0,45.6,False,False
2016,Connecticut,CT,State House,48,general,Linda Orange,Democratic,6702.0,49.9,True,False
2016,Connecticut,CT,State House,48,general,Evan Evans,Republican,5275.0,44.0,False,False
2016,Connecticut,CT,State House,49,general,Susan Johnson,Democratic,4912.0,59.68,True,False
2016,Connecticut,CT,State House,49,general,Tony Fantoli,Republican,2563.0,30.62,False,False
2016,Connecticut,CT,State House,50,general,Pat Boyd,Democratic,6243.0,47.5,True,False
2016,Connecticut,CT,State House,50,general,Nora Valentine,Republican,5165.0,44.9,False,False
2016,Connecticut,CT,State House,50,general,Ty Perry,Write-in,86.0,0.7,False,False
2016,Connecticut,CT,State House,51,general,Daniel Rovero,Democratic,5548.0,57.9,True,True
2016,Connecticut,CT,State House,51,general,Brian Lynch,Republican,4028.0,42.1,False,False
2016,Connecticut,CT,State House,52,general,Kurt Vail,Republican,6657.0,55.7,True,False
2016,Connecticut,CT,State House,52,general,Kathy Bachiochi,Democratic,4180.0,32.3,False,False
2016,Connecticut,CT,State House,52,general,Linda Louise LaCasse,Unaffiliated,587.0,5.1,False,False
2016,Connecticut,CT,State House,53,general,Sam Belsito,Republican,6385.0,48.3,True,False
2016,Connecticut,CT,State House,53,general,Susan Eastwood,Democratic,6337.0,45.0,False,False
2016,Connecticut,CT,State House,54,general,Gregory Haddad,Democratic,7027.0,70.9,True,False
2016,Connecticut,CT,State House,54,general,Mark Sargent,Republican,2306.0,22.4,False,False
2016,Connecticut,CT,State House,55,general,Robin Green,Republican,9466.0,100.0,True,False
2016,Connecticut,CT,State House,56,general,Mike Winkler,Democratic,5456.0,47.6,True,False
2016,Connecticut,CT,State House,56,general,Jim Tedford,Republican,5091.0,45.6,False,False
2016,Connecticut,CT,State House,57,general,Christopher Davis,Republican,9048.0,100.0,True,True
2016,Connecticut,CT,State House,58,general,Greg Stokes,Republican,5095.0,49.5,True,False
2016,Connecticut,CT,State House,58,general,David J. Alexander,Democratic,4410.0,41.9,False,False
2016,Connecticut,CT,State House,59,general,Carol Hall,Republican,5294.0,50.1,True,False
2016,Connecticut,CT,State House,59,general,Anthony DiPace,Democratic,4495.0,40.5,False,False
2016,Connecticut,CT,State House,60,general,Scott Storms,Republican,6229.0,49.0,True,False
2016,Connecticut,CT,State House,60,general,Tim Curtis,Democratic,5427.0,46.6,False,False
2016,Connecticut,CT,State House,61,general,Tami Zawistowski,Republican,7547.0,60.6,True,False
2016,Connecticut,CT,State House,61,general,Michael Malloy,Democratic,4136.0,35.4,False,False
2016,Connecticut,CT,State House,62,general,William Simanski,Republican,10382.0,100.0,True,True
2016,Connecticut,CT,State House,63,general,Jay Case,Republican,8865.0,91.2,True,False
2016,Connecticut,CT,State House,63,general,David G. LaPointe,Write-in,22.0,0.2,False,False
2016,Connecticut,CT,State House,64,general,Brian Ohler,Republican,6957.0,52.1,True,False
2016,Connecticut,CT,State House,64,general,William Riiska,Democratic,5433.0,43.8,False,False
2016,Connecticut,CT,State House,65,general,Michelle Cook,Democratic,4274.0,44.6,True,False
2016,Connecticut,CT,State House,65,general,Todd Schaller,Republican,4061.0,48.7,False,False
2016,Connecticut,CT,State House,66,general,David Wilson,Republican,7916.0,58.8,True,False
2016,Connecticut,CT,State House,66,general,Gayle Carr,Democratic,5549.0,41.2,False,False
2016,Connecticut,CT,State House,67,general,Bill Buckbee,Republican,6539.0,52.6,True,False
2016,Connecticut,CT,State House,67,general,Mary Jane Lundgren,Democratic,4525.0,37.08,False,False
2016,Connecticut,CT,State House,67,general,Cynthia Day,Green,207.0,1.84,False,False
2016,Connecticut,CT,State House,68,general,Eric Berthel,Republican,9703.0,100.0,True,True
2016,Connecticut,CT,State House,69,general,Arthur O'Neill,Republican,9882.0,100.0,True,True
2016,Connecticut,CT,State House,70,general,Rosa Rebimbas,Republican,7232.0,100.0,True,True
2016,Connecticut,CT,State House,71,general,Anthony D'Amelio,Republican,6302.0,79.9,True,True
2016,Connecticut,CT,State House,71,general,Danielle Albert,Independent,1588.0,20.1,False,False
2016,Connecticut,CT,State House,72,general,Larry Butler,Democratic,4117.0,80.1,True,True
2016,Connecticut,CT,State House,72,general,Vernon Matthews Jr.,Unaffiliated,655.0,12.7,False,False
2016,Connecticut,CT,State House,72,general,Richard Cam,Unaffiliated,368.0,7.2,False,False
2016,Connecticut,CT,State House,73,general,Jeffrey J. Berger,Democratic,4293.0,47.8,True,False
2016,Connecticut,CT,State House,73,general,Steven Giacomi,Republican,3972.0,43.7,False,False
2016,Connecticut,CT,State House,74,general,Stephanie Cummings,Republican,4330.0,49.7,True,False
2016,Connecticut,CT,State House,74,general,Wendy Tyson-Wood,Democratic,3365.0,43.7,False,False
2016,Connecticut,CT,State House,75,general,Geraldo Reyes,Democratic,3282.0,75.2,True,False
2016,Connecticut,CT,State House,75,general,Raymond Work,Republican,903.0,20.7,False,False
2016,Connecticut,CT,State House,75,general,Theodore Derouin Jr.,Independent,180.0,4.1,False,False
2016,Connecticut,CT,State House,76,general,John Piscopo,Republican,9213.0,70.8,True,True
2016,Connecticut,CT,State House,76,general,Myrna Watanabe,Democratic,3795.0,29.2,False,False
2016,Connecticut,CT,State House,77,general,Cara Christine Pavalock,Republican,5782.0,49.7,True,False
2016,Connecticut,CT,State House,77,general,Laura Bartok,Democratic,5169.0,44.4,False,False
2016,Connecticut,CT,State House,78,general,Whit Betts,Republican,7018.0,59.8,True,False
2016,Connecticut,CT,State House,78,general,Krystal Myers,Democratic,4125.0,33.2,False,False
2016,Connecticut,CT,State House,79,general,Christopher Ziogas,Democratic,4785.0,54.1,True,False
2016,Connecticut,CT,State House,79,general,Pete Del Mastro,Republican,4052.0,43.0,False,False
2016,Connecticut,CT,State House,80,general,Robert Sampson,Republican,10529.0,89.3,True,False
2016,Connecticut,CT,State House,81,general,John Fusco,Republican,6991.0,56.3,True,False
2016,Connecticut,CT,State House,81,general,David Zoni,Democratic,4829.0,37.2,False,False
2016,Connecticut,CT,State House,82,general,Emil Altobello,Democratic,7284.0,100.0,True,True
2016,Connecticut,CT,State House,83,general,Catherine Abercrombie,Democratic,5273.0,50.8,True,True
2016,Connecticut,CT,State House,83,general,Joseph Vollano,Republican,5105.0,49.2,False,False
2016,Connecticut,CT,State House,84,general,Hilda Santiago,Democratic,4135.0,85.9,True,True
2016,Connecticut,CT,State House,84,general,Joseph Vollano,Green,678.0,14.1,False,False
2016,Connecticut,CT,State House,85,general,Mary Mushinsky,Democratic,5646.0,51.0,True,False
2016,Connecticut,CT,State House,85,general,Serge Mihaly,Republican,4174.0,39.2,False,False
2016,Connecticut,CT,State House,86,general,Vincent Candelora,Republican,8740.0,76.5,True,False
2016,Connecticut,CT,State House,86,general,Vincent Mase,Unaffiliated,1403.0,13.8,False,False
2016,Connecticut,CT,State House,87,general,Dave Yaccarino,Republican,9926.0,69.2,True,False
2016,Connecticut,CT,State House,87,general,Steve Gifford,Democratic,3331.0,25.1,False,False
2016,Connecticut,CT,State House,88,general,Josh Elliott,Democratic,6375.0,57.8,True,False
2016,Connecticut,CT,State House,88,general,Marjorie Bonadies,Republican,3874.0,37.8,False,False
2016,Connecticut,CT,State House,89,general,Lezlye Zupkus,Republican,10446.0,88.4,True,False
2016,Connecticut,CT,State House,90,general,Craig Fishbein,Republican,7051.0,55.8,True,False
2016,Connecticut,CT,State House,90,general,Patrick Reynolds,Democratic,4860.0,40.8,False,False
2016,Connecticut,CT,State House,91,general,Michael D'Agostino,Democratic,8333.0,71.2,True,True
2016,Connecticut,CT,State House,91,general,James Lynch,Republican,3377.0,28.8,False,False
2016,Connecticut,CT,State House,92,general,Patricia Dillon,Democratic,7938.0,93.6,True,False
2016,Connecticut,CT,State House,93,general,Toni Walker,Democratic,6159.0,94.6,True,True
2016,Connecticut,CT,State House,93,general,Douglas Losty,Republican,351.0,5.4,False,False
2016,Connecticut,CT,State House,94,general,Robyn Porter,Democratic,7426.0,93.7,True,False
2016,Connecticut,CT,State House,95,general,Juan Candelaria,Democratic,5044.0,100.0,True,True
2016,Connecticut,CT,State House,96,general,Roland Lemar,Democratic,5918.0,91.1,True,False
2016,Connecticut,CT,State House,97,general,Alphonse Paolillo,Democratic,5717.0,100.0,True,False
2016,Connecticut,CT,State House,98,general,Sean Scanlon,Democratic,10599.0,87.04,True,False
2016,Connecticut,CT,State House,99,general,James Albis,Democratic,5006.0,45.7,True,False
2016,Connecticut,CT,State House,99,general,"""Big"" Steve Tracey",Republican,4995.0,46.5,False,False
2016,Connecticut,CT,State House,100,general,Matt Lesser,Democratic,7113.0,62.6,True,False
2016,Connecticut,CT,State House,100,general,Anthony Moran,Republican,3136.0,30.6,False,False
2016,Connecticut,CT,State House,101,general,Noreen Kokoruda,Republican,10180.0,96.8,True,False
2016,Connecticut,CT,State House,102,general,Lonnie Reed,Democratic,6878.0,57.6,True,True
2016,Connecticut,CT,State House,102,general,Christopher Kelly,Republican,5068.0,42.4,False,False
2016,Connecticut,CT,State House,103,general,Liz Linehan,Democratic,5637.0,50.4,True,False
2016,Connecticut,CT,State House,103,general,Andrew Falvey,Republican,5552.0,47.7,False,False
2016,Connecticut,CT,State House,104,general,Linda Gentile,Democratic,4880.0,50.8,True,False
2016,Connecticut,CT,State House,104,general,Joseph Jaunmann,Republican,3673.0,40.1,False,False
2016,Connecticut,CT,State House,105,general,Nicole Klarides-Ditria,Republican,6896.0,53.9,True,False
2016,Connecticut,CT,State House,105,general,Theresa Conroy,Democratic,5144.0,37.9,False,False
2016,Connecticut,CT,State House,106,general,Mitch Bolinsky,Republican,7185.0,54.9,True,False
2016,Connecticut,CT,State House,106,general,Eva Zimmerman,Democratic,5323.0,39.4,False,False
2016,Connecticut,CT,State House,107,general,Stephen G. Harding,Republican,10207.0,86.4,True,False
2016,Connecticut,CT,State House,108,general,Richard A. Smith,Republican,8133.0,100.0,True,True
2016,Connecticut,CT,State House,109,general,David Arconti,Democratic,5320.0,58.2,True,False
2016,Connecticut,CT,State House,109,general,V. Roeun,Republican,2835.0,32.9,False,False
2016,Connecticut,CT,State House,110,general,Bob Godfrey,Democratic,3514.0,58.0,True,False
2016,Connecticut,CT,State House,110,general,Emanuela Palmares,Republican,2119.0,32.2,False,False
2016,Connecticut,CT,State House,111,general,John H. Frey,Republican,8435.0,62.8,True,True
2016,Connecticut,CT,State House,111,general,Joe Dowdell,Democratic,4991.0,37.2,False,False
2016,Connecticut,CT,State House,112,general,J.P. Sredzinski,Republican,9753.0,87.8,True,False
2016,Connecticut,CT,State House,113,general,Jason Perillo,Republican,8090.0,72.8,True,True
2016,Connecticut,CT,State House,113,general,Adam M. Heller,Democratic,3017.0,27.2,False,False
2016,Connecticut,CT,State House,114,general,Themis Klarides,Republican,8993.0,76.3,True,False
2016,Connecticut,CT,State House,114,general,Aldon Hynes,Working Families,1569.0,14.9,False,False
2016,Connecticut,CT,State House,115,general,Stephen Dargan,Democratic,5798.0,64.4,True,False
2016,Connecticut,CT,State House,115,general,Bart Chadderton,Republican,2389.0,29.2,False,False
2016,Connecticut,CT,State House,116,general,Michael DiMassa,Democratic,4699.0,70.2,True,False
2016,Connecticut,CT,State House,116,general,Richard DePalma,Republican,1704.0,25.6,False,False
2016,Connecticut,CT,State House,117,general,Charles Ferraro,Republican,6746.0,53.1,True,False
2016,Connecticut,CT,State House,117,general,Sean Ronan,Democratic,5177.0,40.7,False,False
2016,Connecticut,CT,State House,118,general,Kim Rose,Democratic,6447.0,51.0,True,False
2016,Connecticut,CT,State House,118,general,Rick Varrone,Republican,4731.0,42.3,False,False
2016,Connecticut,CT,State House,119,general,Pam Staneski,Republican,7538.0,59.0,True,True
2016,Connecticut,CT,State House,119,general,Ben Gettinger,Democratic,5231.0,37.7,False,False
2016,Connecticut,CT,State House,120,general,Laura Hoydick,Republican,7511.0,58.5,True,False
2016,Connecticut,CT,State House,120,general,Frederick Streets,Democratic,4470.0,37.1,False,False
2016,Connecticut,CT,State House,120,general,Clifton Price,Unaffiliated,62.0,0.5,False,False
2016,Connecticut,CT,State House,121,general,Joseph Gresko,Democratic,7010.0,100.0,True,True
2016,Connecticut,CT,State House,122,general,Ben McGorty,Republican,8996.0,86.2,True,True
2016,Connecticut,CT,State House,122,general,Angela Capinera,Green,1440.0,13.8,False,False
2016,Connecticut,CT,State House,123,general,David Rutigliano,Republican,7727.0,58.7,True,False
2016,Connecticut,CT,State House,123,general,Lino Costantini,Democratic,4847.0,38.6,False,False
2016,Connecticut,CT,State House,124,general,Andre Baker,Democratic,5301.0,89.7,True,True
2016,Connecticut,CT,State House,124,general,Jose Quiroga,Republican,607.0,10.3,False,False
2016,Connecticut,CT,State House,125,general,Tom O'Dea,Republican,9261.0,87.8,True,True
2016,Connecticut,CT,State House,125,general,Jose Quiroga,Green,1288.0,12.2,False,False
2016,Connecticut,CT,State House,126,general,Charlie Stallworth,Democratic,6335.0,83.3,True,True
2016,Connecticut,CT,State House,126,general,Anthony Pizighelli,Republican,1266.0,16.7,False,False
2016,Connecticut,CT,State House,127,general,Jack Hennessy,Democratic,5109.0,72.7,True,False
2016,Connecticut,CT,State House,127,general,Ruben Coriano,Republican,1573.0,23.5,False,False
2016,Connecticut,CT,State House,128,general,Christopher Rosario,Democratic,3535.0,86.4,True,True
2016,Connecticut,CT,State House,128,general,Ethan Book,Republican,557.0,13.6,False,False
2016,Connecticut,CT,State House,129,general,Steven Stafstrom,Democratic,5181.0,79.4,True,True
2016,Connecticut,CT,State House,129,general,Peter Perillo,Republican,1347.0,20.6,False,False
2016,Connecticut,CT,State House,130,general,Ezequiel Santiago,Democratic,4032.0,87.9,True,True
2016,Connecticut,CT,State House,130,general,Melissa Borres,Republican,555.0,12.1,False,False
2016,Connecticut,CT,State House,131,general,David Labriola,Republican,8073.0,68.5,True,True
2016,Connecticut,CT,State House,131,general,Melissa Borres,Democratic,3716.0,31.5,False,False
2016,Connecticut,CT,State House,132,general,Brenda Kupchick,Republican,7984.0,57.0,True,False
2016,Connecticut,CT,State House,132,general,Dru Georgiadis,Democratic,5330.0,40.0,False,False
2016,Connecticut,CT,State House,133,general,Cristin McCarthy Vahey,Democratic,6402.0,55.6,True,False
2016,Connecticut,CT,State House,133,general,Raymond Neuberger,Republican,4428.0,38.7,False,False
2016,Connecticut,CT,State House,134,general,Laura Devlin,Republican,7377.0,57.8,True,False
2016,Connecticut,CT,State House,134,general,Frederick Garrity Jr.,Democratic,4849.0,39.7,False,False
2016,Connecticut,CT,State House,135,general,Adam Dunsby,Republican,7186.0,49.4,True,False
2016,Connecticut,CT,State House,135,general,Bonnie Troy,Democratic,6301.0,44.5,False,False
2016,Connecticut,CT,State House,136,general,Jonathan Steinberg,Democratic,8029.0,57.7,True,True
2016,Connecticut,CT,State House,136,general,Catherine Walsh,Republican,5895.0,40.2,False,False
2016,Connecticut,CT,State House,137,general,Chris Perone,Democratic,6777.0,63.9,True,False
2016,Connecticut,CT,State House,137,general,Darline Perpignan,Republican,3296.0,29.9,False,False
2016,Connecticut,CT,State House,138,general,Michael Ferguson,Republican,5935.0,52.2,True,False
2016,Connecticut,CT,State House,138,general,Jeff Tomchik,Democratic,5051.0,44.2,False,False
2016,Connecticut,CT,State House,139,general,Kevin Ryan,Democratic,5752.0,53.8,True,False
2016,Connecticut,CT,State House,139,general,Joseph Mark C. Taraya,Republican,3413.0,37.2,False,False
2016,Connecticut,CT,State House,140,general,Bruce V. Morris,Democratic,5710.0,90.7,True,False
2016,Connecticut,CT,State House,141,general,Terrie Wood,Republican,8709.0,66.2,True,False
2016,Connecticut,CT,State House,141,general,Randy Klein,Democratic,3979.0,31.4,False,False
2016,Connecticut,CT,State House,142,general,Fred Wilms,Republican,7477.0,71.7,True,False
2016,Connecticut,CT,State House,142,general,Randy Klein,Working Families,1736.0,18.8,False,False
2016,Connecticut,CT,State House,143,general,Gail Lavielle,Republican,9457.0,100.0,True,True
2016,Connecticut,CT,State House,144,general,Caroline Simmons,Democratic,7441.0,67.0,True,True
2016,Connecticut,CT,State House,144,general,Steven Bartolo Kolenberg,Republican,3659.0,31.4,False,False
2016,Connecticut,CT,State House,145,general,Patricia Billie Miller,Democratic,5203.0,81.0,True,True
2016,Connecticut,CT,State House,145,general,Francky Trofort,Republican,1220.0,17.5,False,False
2016,Connecticut,CT,State House,146,general,Terry B. Adams,Democratic,6279.0,68.6,True,True
2016,Connecticut,CT,State House,146,general,Arkadiusz Jakubowski,Republican,2869.0,31.4,False,False
2016,Connecticut,CT,State House,147,general,William Tong,Democratic,8258.0,100.0,True,True
2016,Connecticut,CT,State House,148,general,Daniel J. Fox,Democratic,5727.0,71.45,True,True
2016,Connecticut,CT,State House,148,general,Phil Balestriere,Republican,2134.0,26.62,False,False
2016,Connecticut,CT,State House,148,general,Brian Merlen,Green,155.0,1.93,False,False
2016,Connecticut,CT,State House,149,general,Livvy Floren,Republican,8949.0,100.0,True,True
2016,Connecticut,CT,State House,150,general,Mike Bocchino,Republican,6769.0,100.0,True,True
2016,Connecticut,CT,State House,151,general,Fred Camillo,Republican,7321.0,60.3,True,True
2016,Connecticut,CT,State House,151,general,Dita Bhargava,Democratic,4812.0,39.7,False,False
2016,Delaware,DE,State House,1,general,Charles Potter Jr.,Democratic,8901.0,100.0,True,True
2016,Delaware,DE,State House,2,general,Stephanie Bolden,Democratic,6256.0,100.0,True,True
2016,Delaware,DE,State House,3,general,Helene Keeley,Democratic,6060.0,100.0,True,True
2016,Delaware,DE,State House,4,general,Gerald Brady,Democratic,9565.0,100.0,True,True
2016,Delaware,DE,State House,5,general,Melanie George Smith,Democratic,8280.0,100.0,True,True
2016,Delaware,DE,State House,6,general,Debra Heffernan,Democratic,9545.0,100.0,True,True
2016,Delaware,DE,State House,7,general,Bryon Short,Democratic,8277.0,90.1,True,True
2016,Delaware,DE,State House,7,general,C. Robert Wilson,Libertarian,909.0,9.9,False,False
2016,Delaware,DE,State House,8,general,Quinn Johnson,Democratic,8703.0,100.0,True,True
2016,Delaware,DE,State House,9,general,Kevin Hensley,Republican,7812.0,60.37,True,True
2016,Delaware,DE,State House,9,general,Monique Johns,Democratic,5130.0,39.63,False,False
2016,Delaware,DE,State House,10,general,Sean Matthews,Democratic,6654.0,60.74,True,True
2016,Delaware,DE,State House,10,general,Judith Travis,Republican,4300.0,39.26,False,False
2016,Delaware,DE,State House,11,general,Jeffrey Spiegelman,Republican,6821.0,69.56,True,True
2016,Delaware,DE,State House,11,general,David Neilson,Democratic,2985.0,30.44,False,False
2016,Delaware,DE,State House,12,general,Deborah Hudson,Republican,9866.0,100.0,True,True
2016,Delaware,DE,State House,13,general,Larry Mitchell,Democratic,7287.0,100.0,True,True
2016,Delaware,DE,State House,14,general,Peter Schwartzkopf,Democratic,9297.0,63.55,True,True
2016,Delaware,DE,State House,14,general,James Louis Demartino,Republican,5332.0,36.45,False,False
2016,Delaware,DE,State House,15,general,Valerie Longhurst,Democratic,9390.0,100.0,True,True
2016,Delaware,DE,State House,16,general,J.J. Johnson,Democratic,7536.0,100.0,True,True
2016,Delaware,DE,State House,17,general,Michael Mulrooney,Democratic,7721.0,100.0,True,True
2016,Delaware,DE,State House,18,general,David Bentz,Democratic,7348.0,100.0,True,True
2016,Delaware,DE,State House,19,general,Kimberly Williams,Democratic,5967.0,63.0,True,True
2016,Delaware,DE,State House,19,general,James Startzman Jr.,Republican,3503.0,37.0,False,False
2016,Delaware,DE,State House,20,general,Stephen Smyk,Republican,9209.0,61.57,True,True
2016,Delaware,DE,State House,20,general,Barbara Vaughan,Democratic,5529.0,36.96,False,False
2016,Delaware,DE,State House,20,general,Donald Ayotte,Independent,218.0,1.47,False,False
2016,Delaware,DE,State House,21,general,Michael Ramone,Republican,7574.0,82.21,True,True
2016,Delaware,DE,State House,21,general,David McCorquodale,Green,1638.0,17.79,False,False
2016,Delaware,DE,State House,22,general,Joseph Miró,Republican,8964.0,65.91,True,True
2016,Delaware,DE,State House,22,general,Lanette Edwards,Democratic,4329.0,31.83,False,False
2016,Delaware,DE,State House,22,general,Bernard August,Green,306.0,2.26,False,False
2016,Delaware,DE,State House,23,general,Paul Baumbach,Democratic,6550.0,100.0,True,True
2016,Delaware,DE,State House,24,general,Edward Osienski,Democratic,6406.0,68.72,True,True
2016,Delaware,DE,State House,24,general,Timothy Conrad,Republican,2915.0,31.28,False,False
2016,Delaware,DE,State House,25,general,John Kowalko Jr.,Democratic,5123.0,68.55,True,True
2016,Delaware,DE,State House,25,general,Michael Nagorski,Republican,2350.0,31.45,False,False
2016,Delaware,DE,State House,26,general,John Viola,Democratic,7745.0,100.0,True,True
2016,Delaware,DE,State House,27,general,Earl Jaques Jr.,Democratic,9182.0,100.0,True,True
2016,Delaware,DE,State House,28,general,William Carson Jr.,Democratic,7581.0,100.0,True,True
2016,Delaware,DE,State House,29,general,Charles Paradee,Democratic,6777.0,62.01,True,True
2016,Delaware,DE,State House,29,general,Janice Gallagher,Republican,3918.0,35.85,False,False
2016,Delaware,DE,State House,29,general,Ruth James,Green,233.0,2.14,False,False
2016,Delaware,DE,State House,30,general,William Outten,Republican,6337.0,70.73,True,True
2016,Delaware,DE,State House,30,general,Charles Groce,Democratic,2623.0,29.27,False,False
2016,Delaware,DE,State House,31,general,Sean Lynn,Democratic,5765.0,66.55,True,True
2016,Delaware,DE,State House,31,general,M. Jean Dowding,Republican,2897.0,33.45,False,False
2016,Delaware,DE,State House,32,general,Andria Bennett,Democratic,4241.0,60.48,True,True
2016,Delaware,DE,State House,32,general,Patricia McDaniel Foltz,Republican,2771.0,39.52,False,False
2016,Delaware,DE,State House,33,general,Charles Postles Jr.,Republican,5780.0,57.51,True,False
2016,Delaware,DE,State House,33,general,Karen Williams,Democratic,4271.0,42.49,False,False
2016,Delaware,DE,State House,34,general,Lyndon Yearick,Republican,6518.0,59.08,True,True
2016,Delaware,DE,State House,34,general,David Henderson,Democratic,4516.0,40.92,False,False
2016,Delaware,DE,State House,35,general,David Wilson,Republican,6553.0,72.91,True,True
2016,Delaware,DE,State House,35,general,Gary Wolfe,Democratic,2435.0,27.09,False,False
2016,Delaware,DE,State House,36,general,Harvey Kenton,Republican,7175.0,100.0,True,True
2016,Delaware,DE,State House,37,general,Ruth Briggs King,Republican,6720.0,62.47,True,True
2016,Delaware,DE,State House,37,general,Paulette Rappa,Democratic,4038.0,37.53,False,False
2016,Delaware,DE,State House,38,general,Ronald Gray,Republican,12188.0,100.0,True,True
2016,Delaware,DE,State House,39,general,Daniel Short,Republican,6643.0,91.25,True,True
2016,Delaware,DE,State House,39,general,James Brittingham,Libertarian,637.0,8.75,False,False
2016,Delaware,DE,State House,40,general,Timothy Dukes,Republican,7826.0,100.0,True,True
2016,Delaware,DE,State House,41,general,Richard Collins,Republican,5899.0,59.18,True,True
2016,Delaware,DE,State House,41,general,S. Bradley Connor,Democratic,4070.0,40.82,False,False
2016,Florida,FL,State House,1,general,Clay Ingram,Republican,55795.0,76.45,True,True
2016,Florida,FL,State House,1,general,Bill Fetke,Independent,17192.0,23.55,False,False
2016,Florida,FL,State House,2,general,Frank White,Republican,48117.0,61.34,True,False
2016,Florida,FL,State House,2,general,Ray Guillory,Democratic,30329.0,38.66,False,False
2016,Florida,FL,State House,4,general,Mel Ponder,Republican,72010.0,99.9,True,False
2016,Florida,FL,State House,4,general,Christopher Eugene Schwantz,Independent (politician),70.0,0.1,False,False
2016,Florida,FL,State House,5,general,Brad Drake,Republican,51832.0,67.95,True,True
2016,Florida,FL,State House,5,general,Jamey Westbrook,Independent (politician),24443.0,32.05,False,False
2016,Florida,FL,State House,6,general,Jay Trumbull,Republican,69118.0,99.82,True,True
2016,Florida,FL,State House,6,general,Jerry Wyche,Independent (politician),127.0,0.18,False,False
2016,Florida,FL,State House,8,general,Ramon Alexander,Democratic,60929.0,99.92,True,False
2016,Florida,FL,State House,8,general,Frantz Millien,Independent (politician),51.0,0.08,False,False
2016,Florida,FL,State House,9,general,Loranne Ausley,Democratic,53535.0,56.16,True,False
2016,Florida,FL,State House,9,general,Jim Messer,Republican,41816.0,43.85,False,False
2016,Florida,FL,State House,10,general,Elizabeth Porter,Republican,43043.0,64.3,True,True
2016,Florida,FL,State House,10,general,Jerry Lawrence Bullard,Democratic,23893.0,35.7,False,False
2016,Florida,FL,State House,11,general,Cord Byrd,Republican,76502.0,99.94,True,False
2016,Florida,FL,State House,11,general,Walter Eugene Haynes,Independent (politician),46.0,0.06,False,False
2016,Florida,FL,State House,12,general,Clay Yarborough,Republican,59165.0,99.9,True,False
2016,Florida,FL,State House,12,general,Jerry B. Steckloff,Independent (politician),59.0,0.1,False,False
2016,Florida,FL,State House,13,general,Tracie Davis,Democratic,37517.0,59.71,True,False
2016,Florida,FL,State House,13,general,Mark L. Griffin,Republican,25318.0,40.29,False,False
2016,Michigan,MI,State House,25,general,Henry Yanez,Democratic,21899.0,54.11,True,True
2016,Michigan,MI,State House,25,general,Steve Naumovski,Republican,18573.0,45.89,False,False
2016,Michigan,MI,State House,26,general,Jim Ellison,Democratic,26785.0,59.37,True,False
2016,Michigan,MI,State House,26,general,Randy LeVasseur,Republican,18333.0,40.63,False,False
2016,Michigan,MI,State House,27,general,Robert Wittenberg,Democratic,36392.0,76.78,True,True
2016,Michigan,MI,State House,27,general,Kyle Forrest,Republican,11007.0,23.22,False,False
2016,Michigan,MI,State House,28,general,Patrick Green,Democratic,22680.0,66.63,True,True
2016,Michigan,MI,State House,28,general,Antoine Davison,Republican,11514.0,33.67,False,False
2016,Michigan,MI,State House,29,general,Tim Greimel,Democratic,23097.0,71.25,True,True
2016,Michigan,MI,State House,29,general,Garren Griffith,Republican,8253.0,25.46,False,False
2016,Michigan,MI,State House,29,general,Artelia Marie Leak,Green,1068.0,3.29,False,False
2016,Michigan,MI,State House,38,general,Kathy Crawford,Republican,28205.0,57.66,True,True
2016,Michigan,MI,State House,38,general,Amy McCusker,Democratic,20711.0,42.34,False,False
2016,Minnesota,MN,State House,1A,general,Dan Fabian,Republican,14417.0,74.24,True,False
2016,Minnesota,MN,State House,1A,general,George Nyakasi Bass,Democratic-Farmer-Labor,4982.0,25.66,False,False
2016,Minnesota,MN,State House,1B,general,Deb Kiel,Republican,11895.0,64.75,True,False
2016,Minnesota,MN,State House,1B,general,Mike Moore,Democratic-Farmer-Labor,6458.0,35.15,False,False
2016,Minnesota,MN,State House,2A,general,Matt Grossell,Republican,12387.0,63.94,True,False
2016,Minnesota,MN,State House,2A,general,Jerry Loud,Democratic-Farmer-Labor,6925.0,35.74,False,False
2016,Minnesota,MN,State House,2B,general,Steve Green,Republican,11905.0,60.94,True,False
2016,Minnesota,MN,State House,2B,general,Bryan Klabunde,Democratic-Farmer-Labor,7617.0,38.99,False,False
2016,Minnesota,MN,State House,3A,general,Rob Ecklund,Democratic-Farmer-Labor,13874.0,63.25,True,False
2016,Minnesota,MN,State House,3A,general,Tom Long,Republican,8017.0,36.55,False,False
2016,Minnesota,MN,State House,3B,general,Mary Murphy,Democratic-Farmer-Labor,13429.0,59.57,True,False
2016,Minnesota,MN,State House,4A,general,Ben Lien,Democratic-Farmer-Labor,11653.0,62.2,True,False
2016,Minnesota,MN,State House,4A,general,Jordan Idso,Republican,7066.0,37.72,False,False
2016,Minnesota,MN,State House,4B,general,Paul Marquart,Democratic-Farmer-Labor,11054.0,53.85,True,False
2016,Minnesota,MN,State House,4B,general,Ben Grimsley,Republican,9460.0,46.09,False,False
2016,Minnesota,MN,State House,5A,general,Matt Bliss,Democratic-Farmer-Labor,10318.0,53.88,True,False
2016,Minnesota,MN,State House,5B,general,Sandy Layman,Democratic-Farmer-Labor,11499.0,53.61,True,False
2016,Minnesota,MN,State House,5B,general,Tom Anzelc,Democratic-Farmer-Labor,9011.0,42.01,False,False
2016,Minnesota,MN,State House,5B,general,Dennis Barsness,Green,919.0,4.28,False,False
2016,Minnesota,MN,State House,6A,general,Julie Sandstede,Democratic-Farmer-Labor,11852.0,58.85,True,False
2016,Minnesota,MN,State House,6A,general,Rob Farnsworth,Republican,8209.0,40.76,False,False
2016,Minnesota,MN,State House,6B,general,Jason Metsa,Democratic-Farmer-Labor,13111.0,60.42,True,False
2016,Minnesota,MN,State House,6B,general,Matt Matasich,Republican,8558.0,39.44,False,False
2016,Minnesota,MN,State House,7A,general,Jennifer Schultz,Democratic-Farmer-Labor,15956.0,70.3,True,False
2016,Minnesota,MN,State House,7A,general,Dylan Raddant,Republican,6678.0,29.42,False,False
2016,Minnesota,MN,State House,7B,general,Liz Olson,Democratic-Farmer-Labor,13824.0,70.87,True,False
2016,Minnesota,MN,State House,7B,general,Cody Barringer,Republican,5641.0,28.92,False,False
2016,Minnesota,MN,State House,8A,general,Bud Nornes,Republican,14196.0,65.19,True,False
2016,Minnesota,MN,State House,8B,general,Mary Franson,Republican,14749.0,64.87,True,False
2016,Minnesota,MN,State House,9A,general,John Poston,Republican,13304.0,68.53,True,False
2016,Minnesota,MN,State House,9A,general,Meg Litts,Democratic-Farmer-Labor,6078.0,31.31,False,False
2016,Minnesota,MN,State House,9B,general,Ron Kresha,Republican,14139.0,72.3,True,False
2016,Minnesota,MN,State House,9B,general,Dustin Simmonds,Democratic-Farmer-Labor,5402.0,27.62,False,False
2016,Minnesota,MN,State House,10A,general,Josh Heintzeman,Republican,12919.0,59.32,True,False
2016,Minnesota,MN,State House,10A,general,Quinn Nystrom,Democratic-Farmer-Labor,8831.0,40.55,False,False
2016,Minnesota,MN,State House,10B,general,Dale Lueck,Republican,14074.0,63.13,True,False
2016,Minnesota,MN,State House,11A,general,Mike Sundin,Democratic-Farmer-Labor,11833.0,59.68,True,False
2016,Minnesota,MN,State House,11A,general,Mike Line,Republican,7968.0,40.18,False,False
2016,Minnesota,MN,State House,11B,general,Jason Rarick,Republican,10904.0,60.4,True,False
2016,Minnesota,MN,State House,11B,general,Tom Jones,Democratic-Farmer-Labor,7122.0,39.45,False,False
2016,Minnesota,MN,State House,12A,general,Jeff Backer,Republican,13021.0,60.46,True,False
2016,Minnesota,MN,State House,12B,general,Paul Anderson,Republican,18276.0,98.23,True,False
2016,Minnesota,MN,State House,13A,general,Jeff Howe,Republican,14023.0,66.02,True,False
2016,Minnesota,MN,State House,13A,general,Anne Buckvold,Democratic-Farmer-Labor,7201.0,33.9,False,False
2016,Minnesota,MN,State House,13B,general,Tim O'Driscoll,Republican,14882.0,69.63,True,False
2016,Minnesota,MN,State House,13B,general,Matthew Crouse,Democratic-Farmer-Labor,6465.0,30.25,False,False
2016,Minnesota,MN,State House,14A,general,Tama Theis,Republican,10961.0,54.65,True,False
2016,Minnesota,MN,State House,14A,general,Aric Putnam,Democratic-Farmer-Labor,9059.0,45.17,False,False
2016,Minnesota,MN,State House,14B,general,Jim Knoblach,Republican,8887.0,51.2,True,False
2016,Minnesota,MN,State House,14B,general,Zach Dorholt,Democratic-Farmer-Labor,8427.0,48.55,False,False
2016,Minnesota,MN,State House,15A,general,Sondra Erickson,Republican,12317.0,63.69,True,False
2016,Minnesota,MN,State House,15A,general,Kent Lestrud,Democratic-Farmer-Labor,6973.0,36.05,False,False
2016,Minnesota,MN,State House,15B,general,Jim Newberger,Republican,14949.0,68.88,True,False
2016,Minnesota,MN,State House,16A,general,Chris Swedzinski,Republican,13048.0,68.1,True,False
2016,Minnesota,MN,State House,16A,general,Al Kruse,Democratic-Farmer-Labor,6096.0,31.81,False,False
2016,Minnesota,MN,State House,16B,general,Paul Torkelson,Republican,14529.0,73.06,True,False
2016,Minnesota,MN,State House,17A,general,Tim Miller,Republican,11603.0,59.01,True,False
2016,Minnesota,MN,State House,17A,general,Andrew Falk,Democratic-Farmer-Labor,8045.0,40.91,False,False
2016,Minnesota,MN,State House,17B,general,Dave Baker,Republican,11908.0,59.51,True,False
2016,Minnesota,MN,State House,18A,general,Dean Urdahl,Republican,17787.0,97.81,True,False
2016,Minnesota,MN,State House,18B,general,Glenn Gruenhagen,Republican,13167.0,67.8,True,False
2016,Minnesota,MN,State House,18B,general,Darrel Mosel,Democratic-Farmer-Labor,6229.0,32.08,False,False
2016,Minnesota,MN,State House,19A,general,Clark Johnson,Democratic-Farmer-Labor,11158.0,52.68,True,False
2016,Minnesota,MN,State House,19B,general,Jack Considine,Democratic-Farmer-Labor,11377.0,59.55,True,False
2016,Minnesota,MN,State House,19B,general,Adam Isakson,Republican,7685.0,40.23,False,False
2016,Minnesota,MN,State House,20A,general,Bob Vogel,Republican,13128.0,60.81,True,False
2016,Minnesota,MN,State House,20B,general,David Bly,Democratic-Farmer-Labor,11538.0,54.15,True,False
2016,Minnesota,MN,State House,20B,general,Aramis Wells,Republican,9754.0,45.77,False,False
2016,Minnesota,MN,State House,21A,general,Barb Haley,Republican,11643.0,54.99,True,False
2016,Minnesota,MN,State House,21A,general,Lisa Bayley,Democratic-Farmer-Labor,9503.0,44.88,False,False
2016,Minnesota,MN,State House,21B,general,Steve Drazkowski,Republican,13688.0,65.26,True,False
2016,Minnesota,MN,State House,22A,general,Joe Schomacker,Republican,14316.0,71.98,True,False
2016,Minnesota,MN,State House,22A,general,Laura Woods,Democratic-Farmer-Labor,5564.0,27.98,False,False
2016,Minnesota,MN,State House,22B,general,Rod Hamilton,Republican,11890.0,69.48,True,False
2016,Minnesota,MN,State House,22B,general,Kirby Kruse,Democratic-Farmer-Labor,5207.0,30.43,False,False
2016,Minnesota,MN,State House,23A,general,Bob Gunther,Republican,13700.0,68.14,True,False
2016,Minnesota,MN,State House,23A,general,Zac Huntley,Democratic-Farmer-Labor,6390.0,31.78,False,False
2016,Minnesota,MN,State House,23B,general,Tony Cornish,Republican,13332.0,66.91,True,False
2016,Minnesota,MN,State House,23B,general,Josh Haseman,Democratic-Farmer-Labor,6574.0,32.99,False,False
2016,Minnesota,MN,State House,24A,general,John Petersburg,Republican,11156.0,56.87,True,False
2016,Minnesota,MN,State House,24A,general,Bev Cashman,Democratic-Farmer-Labor,8439.0,43.02,False,False
2016,Minnesota,MN,State House,24B,general,Brian Daniels,Republican,10475.0,58.39,True,False
2016,Minnesota,MN,State House,24B,general,Patti Fritz,Democratic-Farmer-Labor,7441.0,41.47,False,False
2016,Minnesota,MN,State House,25A,general,Duane Quam,Republican,12934.0,59.96,True,False
2016,Minnesota,MN,State House,25A,general,Linda Walbruch,Democratic-Farmer-Labor,8615.0,39.94,False,False
2016,Minnesota,MN,State House,25B,general,Duane Sauke,Democratic-Farmer-Labor,10886.0,51.79,True,False
2016,Minnesota,MN,State House,25B,general,Fran Bradley,Republican,10106.0,48.08,False,False
2016,Minnesota,MN,State House,26A,general,Tina Liebling,Democratic-Farmer-Labor,10737.0,59.89,True,False
2016,Minnesota,MN,State House,26A,general,Will Waggoner,Republican,7168.0,39.98,False,False
2016,Minnesota,MN,State House,26B,general,Nels Pierson,Republican,13832.0,59.14,True,False
2016,Minnesota,MN,State House,26B,general,John Austinson,Democratic-Farmer-Labor,9526.0,40.73,False,False
2016,Minnesota,MN,State House,27A,general,Peggy Bennett,Republican,12329.0,61.71,True,False
2016,Minnesota,MN,State House,27B,general,Jeanne Poppe,Democratic-Farmer-Labor,9485.0,53.61,True,False
2016,Minnesota,MN,State House,27B,general,Dennis Schminke,Republican,8192.0,46.3,False,False
2016,Minnesota,MN,State House,28A,general,Gene Pelowski,Democratic-Farmer-Labor,11862.0,63.15,True,False
2016,Minnesota,MN,State House,28A,general,Adam Pace,Republican,6897.0,36.72,False,False
2016,Minnesota,MN,State House,28B,general,Greg Davids,Republican,11614.0,54.54,True,False
2016,Minnesota,MN,State House,29A,general,Joe McDonald,Republican,14916.0,69.62,True,False
2016,Minnesota,MN,State House,29A,general,Cortney Phillips,Democratic-Farmer-Labor,6482.0,30.26,False,False
2016,Minnesota,MN,State House,29B,general,Marion O'Neill,Republican,12808.0,65.53,True,False
2016,Minnesota,MN,State House,29B,general,Steve Kilburn,Democratic-Farmer-Labor,6714.0,34.35,False,False
2016,Minnesota,MN,State House,30A,general,Nick Zerwas,Republican,14305.0,68.58,True,False
2016,Minnesota,MN,State House,30B,general,Eric Lucero,Republican,15050.0,70.16,True,False
2016,Minnesota,MN,State House,30B,general,Margaret Fernandez,Democratic-Farmer-Labor,6371.0,29.7,False,False
2016,Minnesota,MN,State House,31A,general,Kurt Daudt,Republican,14815.0,70.33,True,False
2016,Minnesota,MN,State House,31A,general,Sarah Udvig,Democratic-Farmer-Labor,6208.0,29.47,False,False
2016,Minnesota,MN,State House,31B,general,Cal Bahr,Republican,14785.0,66.42,True,False
2016,Minnesota,MN,State House,31B,general,Susan Larson,Democratic-Farmer-Labor,7438.0,33.41,False,False
2016,Minnesota,MN,State House,32A,general,Brian Johnson,Republican,12928.0,63.0,True,False
2016,Minnesota,MN,State House,REPRESENTATIVES,general,Bob Barrett,Republican,,,True,False
2016,Minnesota,MN,State House,33A,general,Jerry Hertaus,Republican,17162.0,67.76,True,False
2016,Minnesota,MN,State House,33B,general,Cindy Pugh,Republican,14836.0,60.34,True,False
2016,Minnesota,MN,State House,34A,general,Joyce Peppin,Republican,15518.0,65.9,True,False
2016,Minnesota,MN,State House,34A,general,Dave Craig,Democratic-Farmer-Labor,7996.0,33.95,False,False
2016,Minnesota,MN,State House,34B,general,Dennis Smith,Republican,13773.0,55.83,True,False
2016,Minnesota,MN,State House,34B,general,Kristin Bahner,Democratic-Farmer-Labor,10841.0,43.95,False,False
2016,Minnesota,MN,State House,35A,general,Abigail Whelan,Republican,12768.0,61.35,True,False
2016,Minnesota,MN,State House,35A,general,Andy Hillebregt,Democratic-Farmer-Labor,8009.0,38.48,False,False
2016,Minnesota,MN,State House,35B,general,Peggy Scott,Republican,14705.0,64.74,True,False
2016,Minnesota,MN,State House,36A,general,Mark Uglem,Republican,12119.0,58.21,True,False
2016,Minnesota,MN,State House,36B,general,Melissa Hortman,Democratic-Farmer-Labor,12064.0,55.66,True,False
2016,Minnesota,MN,State House,36B,general,Peter Crema,Republican,9560.0,44.11,False,False
2016,Minnesota,MN,State House,37A,general,Erin Koegel,Democratic-Farmer-Labor,9485.0,47.17,True,False
2016,Minnesota,MN,State House,37A,general,Anthony Wilder,Republican,8946.0,44.49,False,False
2016,Minnesota,MN,State House,37A,general,Brian McCormick,Libertarian,1647.0,8.19,False,False
2016,Minnesota,MN,State House,37B,general,Nolan West,Republican,11473.0,50.26,True,False
2016,Minnesota,MN,State House,37B,general,Susan Witt,Democratic-Farmer-Labor,11305.0,49.52,False,False
2016,Minnesota,MN,State House,38A,general,Linda Runbeck,Republican,13471.0,61.4,True,False
2016,Minnesota,MN,State House,38A,general,Kevin Fogarty,Democratic-Farmer-Labor,8448.0,38.51,False,False
2016,Minnesota,MN,State House,38B,general,Matt Dean,Republican,13874.0,56.94,True,False
2016,Minnesota,MN,State House,38B,general,Ami Wazlawik,Democratic-Farmer-Labor,10465.0,42.95,False,False
2016,Minnesota,MN,State House,39A,general,Bob Dettmer,Republican,14565.0,61.43,True,False
2016,Minnesota,MN,State House,39A,general,Jody Anderson,Democratic-Farmer-Labor,9124.0,38.48,False,False
2016,Minnesota,MN,State House,39B,general,Kathy Lohmer,Republican,13793.0,59.02,True,False
2016,Minnesota,MN,State House,39B,general,Alan Kantrud,Democratic-Farmer-Labor,9564.0,40.92,False,False
2016,Minnesota,MN,State House,40A,general,Mike Nelson,Democratic-Farmer-Labor,11548.0,96.39,True,False
2016,Minnesota,MN,State House,40B,general,Debra Hilstrom,Democratic-Farmer-Labor,11154.0,69.24,True,False
2016,Minnesota,MN,State House,40B,general,Mali Marvin,Republican,4872.0,30.24,False,False
2016,Minnesota,MN,State House,41A,general,Connie Bernardy,Democratic-Farmer-Labor,12168.0,60.38,True,False
2016,Minnesota,MN,State House,41B,general,Mary Kunesh-Podein,Democratic-Farmer-Labor,12936.0,63.24,True,False
2016,Minnesota,MN,State House,42A,general,Randy Jessup,Democratic-Farmer-Labor,11662.0,50.18,True,False
2016,Minnesota,MN,State House,42A,general,Barb Yarusso,Democratic-Farmer-Labor,11537.0,49.64,False,False
2016,Minnesota,MN,State House,42B,general,Jamie Becker-Finn,Democratic-Farmer-Labor,12845.0,56.9,True,False
2016,Minnesota,MN,State House,43A,general,Peter Fischer,Democratic-Farmer-Labor,11970.0,54.95,True,False
2016,Minnesota,MN,State House,43A,general,Bob Cardinal,Republican,9767.0,44.84,False,False
2016,Minnesota,MN,State House,43B,general,Leon Lillie,Democratic-Farmer-Labor,12017.0,59.52,True,False
2016,Minnesota,MN,State House,43B,general,Nathan Hansen,Republican,8123.0,40.23,False,False
2016,Minnesota,MN,State House,44A,general,Sarah Anderson,Republican,13486.0,54.04,True,False
2016,Minnesota,MN,State House,44A,general,Ginny Klevorn,Democratic-Farmer-Labor,11433.0,45.82,False,False
2016,Minnesota,MN,State House,44B,general,Jon Applebaum,Democratic-Farmer-Labor,13929.0,54.89,True,False
2016,Minnesota,MN,State House,44B,general,Patti Meier,Republican,11393.0,44.89,False,False
2016,Minnesota,MN,State House,45A,general,Lyndon Carlson,Democratic-Farmer-Labor,11635.0,56.8,True,False
2016,Minnesota,MN,State House,45A,general,Richard Lieberman,Republican,8797.0,42.94,False,False
2016,Minnesota,MN,State House,45B,general,Mike Freiberg,Democratic-Farmer-Labor,15261.0,68.04,True,False
2016,Minnesota,MN,State House,45B,general,Alma Wetzker,Republican,7098.0,31.65,False,False
2016,Minnesota,MN,State House,46A,general,Peggy Flanagan,Democratic-Farmer-Labor,15187.0,63.85,True,False
2016,Minnesota,MN,State House,46B,general,Cheryl Youakim,Democratic-Farmer-Labor,14988.0,68.67,True,False
2016,Minnesota,MN,State House,46B,general,Bryan Björnson,Republican,6760.0,30.97,False,False
2016,Minnesota,MN,State House,47A,general,Jim Nash,Republican,16696.0,71.5,True,False
2016,Minnesota,MN,State House,47A,general,Sean White,Democratic-Farmer-Labor,6631.0,28.4,False,False
2016,Minnesota,MN,State House,47B,general,Joe Hoppe,Republican,14191.0,62.47,True,False
2016,Minnesota,MN,State House,47B,general,Jane Montemayor,Democratic-Farmer-Labor,8510.0,37.46,False,False
2016,Minnesota,MN,State House,48A,general,Laurie Pryor,Democratic-Farmer-Labor,12984.0,51.66,True,False
2016,Minnesota,MN,State House,48A,general,Mary Shapiro,Republican,12110.0,48.18,False,False
2016,Minnesota,MN,State House,48B,general,Jenifer Loon,Republican,13559.0,62.25,True,False
2016,Minnesota,MN,State House,49A,general,Dario Anselmo,Democratic-Farmer-Labor,13075.0,51.04,True,False
2016,Minnesota,MN,State House,49A,general,Ron Erhardt,Democratic-Farmer-Labor,12499.0,48.79,False,False
2016,Minnesota,MN,State House,49B,general,Paul Rosenthal,Democratic-Farmer-Labor,14399.0,55.38,True,False
2016,Minnesota,MN,State House,50A,general,Linda Slocum,Democratic-Farmer-Labor,12217.0,63.09,True,False
2016,Minnesota,MN,State House,50A,general,Tim Johnson,Republican,7074.0,36.53,False,False
2016,Minnesota,MN,State House,50B,general,Andrew Carlson,Republican,12084.0,53.54,True,False
2016,Minnesota,MN,State House,50B,general,Chad Anderson,Republican,10429.0,46.2,False,False
2016,Minnesota,MN,State House,51A,general,Sandra Masin,Democratic-Farmer-Labor,12036.0,57.64,True,False
2016,Minnesota,MN,State House,51A,general,Brad Gerten,Republican,8769.0,41.99,False,False
2016,Minnesota,MN,State House,51B,general,Laurie Halverson,Democratic-Farmer-Labor,13311.0,56.5,True,False
2016,Minnesota,MN,State House,51B,general,Pat Hammond,Republican,10212.0,43.35,False,False
2016,Minnesota,MN,State House,52A,general,Rick Hansen,Democratic-Farmer-Labor,13737.0,63.33,True,False
2016,Minnesota,MN,State House,52A,general,Larry Sachi,Republican,7929.0,36.55,False,False
2016,Minnesota,MN,State House,52B,general,Regina Barr,Democratic-Farmer-Labor,11001.0,50.17,True,False
2016,Minnesota,MN,State House,53A,general,JoAnn Ward,Democratic-Farmer-Labor,12348.0,59.03,True,False
2016,Minnesota,MN,State House,53A,general,Andy Turonie,Republican,8535.0,40.8,False,False
2016,Minnesota,MN,State House,53B,general,Kelly Fenton,Republican,13740.0,56.35,True,False
2016,Minnesota,MN,State House,53B,general,Alberder Gillespie,Democratic-Farmer-Labor,10620.0,43.56,False,False
2016,Minnesota,MN,State House,54A,general,Keith Franke,Democratic-Farmer-Labor,10483.0,51.43,True,False
2016,Minnesota,MN,State House,54A,general,Jen Peterson,Democratic-Farmer-Labor,9877.0,48.46,False,False
2016,Minnesota,MN,State House,54B,general,Tony Jurgens,Republican,11958.0,55.27,True,False
2016,Minnesota,MN,State House,55A,general,Bob Loonan,Republican,10898.0,55.78,True,False
2016,Minnesota,MN,State House,55A,general,Mary Hernandez,Democratic-Farmer-Labor,8594.0,43.99,False,False
2016,Minnesota,MN,State House,55B,general,Tony Albright,Republican,15947.0,69.05,True,False
2016,Minnesota,MN,State House,55B,general,Ceci Haakenson,Democratic-Farmer-Labor,7112.0,30.79,False,False
2016,Minnesota,MN,State House,56A,general,Drew Christensen,Republican,12069.0,55.96,True,False
2016,Minnesota,MN,State House,56A,general,Jared Christiansen,Democratic-Farmer-Labor,9466.0,43.89,False,False
2016,Minnesota,MN,State House,56B,general,Roz Peterson,Republican,11215.0,52.37,True,False
2016,Minnesota,MN,State House,56B,general,Lindsey Port,Democratic-Farmer-Labor,10165.0,47.46,False,False
2016,Minnesota,MN,State House,57A,general,Erin Maye Quade,Republican,11825.0,52.23,True,False
2016,Minnesota,MN,State House,57A,general,Ali Jimenez-Hopper,Republican,10758.0,47.52,False,False
2016,Minnesota,MN,State House,57B,general,Anna Wills,Republican,12382.0,53.66,True,False
2016,Minnesota,MN,State House,57B,general,John Huot,Democratic-Farmer-Labor,10656.0,46.18,False,False
2016,Minnesota,MN,State House,58A,general,Jon Koznick,Republican,13691.0,60.65,True,False
2016,Minnesota,MN,State House,58A,general,LeAnn Weikle,Democratic-Farmer-Labor,8852.0,39.22,False,False
2016,Minnesota,MN,State House,58B,general,Pat Garofalo,Republican,13926.0,64.78,True,False
2016,Minnesota,MN,State House,58B,general,Marla Vagts,Democratic-Farmer-Labor,7542.0,35.08,False,False
2016,Minnesota,MN,State House,59A,general,Fue Lee,Democratic-Farmer-Labor,12585.0,80.62,True,False
2016,Minnesota,MN,State House,59A,general,Jessica Newville,Republican,2903.0,18.6,False,False
2016,Minnesota,MN,State House,59B,general,Raymond Dehn,Democratic-Farmer-Labor,14877.0,76.56,True,False
2016,Minnesota,MN,State House,59B,general,Margaret Martín,Republican,4440.0,22.85,False,False
2016,Minnesota,MN,State House,60A,general,Diane Loeffler,Democratic-Farmer-Labor,15587.0,73.55,True,False
2016,Minnesota,MN,State House,60A,general,Gabe Barnett,Independent,5423.0,25.59,False,False
2016,Minnesota,MN,State House,60B,general,Ilhan Omar,Democratic-Farmer-Labor,15860.0,79.77,True,False
2016,Minnesota,MN,State House,60B,general,Abdimalik Askar,Republican,3820.0,19.21,False,False
2016,Minnesota,MN,State House,61A,general,Frank Hornstein,Democratic-Farmer-Labor,21656.0,79.16,True,False
2016,Minnesota,MN,State House,61A,general,Brian Rosenblatt,Republican,5615.0,20.53,False,False
2016,Minnesota,MN,State House,61B,general,Paul Thissen,Democratic-Farmer-Labor,20282.0,80.4,True,False
2016,Minnesota,MN,State House,61B,general,Tom Gallagher,Republican,4885.0,19.36,False,False
2016,Minnesota,MN,State House,62A,general,Karen Clark,Democratic-Farmer-Labor,12657.0,88.26,True,False
2016,Minnesota,MN,State House,62A,general,Claire Leiter,Republican,1600.0,11.16,False,False
2016,Minnesota,MN,State House,62B,general,Susan Allen,Democratic-Farmer-Labor,16759.0,98.45,True,False
2016,Minnesota,MN,State House,63A,general,Jim Davnie,Democratic-Farmer-Labor,20366.0,85.3,True,False
2016,Minnesota,MN,State House,63A,general,Kyle Bragg,Republican,3427.0,14.35,False,False
2016,Minnesota,MN,State House,63B,general,Jean Wagenius,Democratic-Farmer-Labor,17769.0,76.19,True,False
2016,Minnesota,MN,State House,63B,general,Frank Pafko,Republican,5465.0,23.43,False,False
2016,Minnesota,MN,State House,64A,general,Erin Murphy,Democratic-Farmer-Labor,18254.0,79.7,True,False
2016,Minnesota,MN,State House,64A,general,Riley Horan,Republican,4588.0,20.03,False,False
2016,Minnesota,MN,State House,64B,general,Dave Pinto,Democratic-Farmer-Labor,18242.0,74.77,True,False
2016,Minnesota,MN,State House,64B,general,Emory Dively,Republican,6103.0,25.02,False,False
2016,Minnesota,MN,State House,65A,general,Rena Moran,Democratic-Farmer-Labor,12665.0,82.79,True,False
2016,Minnesota,MN,State House,65A,general,Monique Giordana,Republican,2564.0,16.76,False,False
2016,Minnesota,MN,State House,65B,general,Carlos Mariani,Democratic-Farmer-Labor,13995.0,77.03,True,False
2016,Minnesota,MN,State House,65B,general,Margaret Mary Stokely,Republican,4098.0,22.56,False,False
2016,Minnesota,MN,State House,66A,general,Alice Hausman,Democratic-Farmer-Labor,15372.0,68.41,True,False
2016,Minnesota,MN,State House,66A,general,Jon Heyer,Republican,7067.0,31.45,False,False
2016,Minnesota,MN,State House,66B,general,John Lesch,Democratic-Farmer-Labor,11687.0,79.73,True,False
2016,Minnesota,MN,State House,66B,general,William Brownell,Republican,2903.0,19.8,False,False
2016,Minnesota,MN,State House,67A,general,Tim Mahoney,Democratic-Farmer-Labor,9945.0,76.34,True,False
2016,Minnesota,MN,State House,67A,general,Andrew Livingston,Republican,3022.0,23.2,False,False
2016,Minnesota,MN,State House,67B,general,Sheldon Johnson,Democratic-Farmer-Labor,10021.0,69.35,True,False
2016,Minnesota,MN,State House,67B,general,Lisa Thompson,Republican,3553.0,24.59,False,False
2016,Minnesota,MN,State House,67B,general,Joseph Weverka,Libertarian,820.0,5.67,False,False
2016,Minnesota,MN,State House,2A,general,Roger Erickson,Democratic-Farmer-Labor,,,False,False
2016,Minnesota,MN,State House,6A,general,Mark Larson,Democratic-Farmer-Labor,,,False,False
2016,Minnesota,MN,State House,25A,general,Dale Amorosia,Democratic-Farmer-Labor,,,False,False
2016,Minnesota,MN,State House,28B,general,Jon Pieper,Democratic-Farmer-Labor,,,False,False
2016,Minnesota,MN,State House,30B,general,Jeanne Holland,Republican,,,False,False
2016,Minnesota,MN,State House,41A,general,Valerie Rolstad,Democratic-Farmer-Labor,,,False,False
2016,Minnesota,MN,State House,41A,general,Rich Rosivach,Democratic-Farmer-Labor,,,False,False
2016,Minnesota,MN,State House,41A,general,Ruben Vazquez,Democratic-Farmer-Labor,,,False,False
2016,Minnesota,MN,State House,41B,general,Rachel Nelson,Democratic-Farmer-Labor,,,False,False
2016,Minnesota,MN,State House,47B,general,Libby Fairchild,Democratic-Farmer-Labor,,,False,False
2016,Minnesota,MN,State House,49A,general,Heather Edelson,Democratic-Farmer-Labor,,,False,False
2016,Minnesota,MN,State House,49A,general,Matt Samuel,Democratic-Farmer-Labor,,,False,False
2016,Minnesota,MN,State House,52B,general,Don Lee,Republican,,,False,False
2016,Minnesota,MN,State House,52B,general,Chris Becker,Democratic-Farmer-Labor,,,False,False
2016,Minnesota,MN,State House,53B,general,Kay Hendrikson,Democratic-Farmer-Labor,,,False,False
2016,Minnesota,MN,State House,53B,general,Shelly Schafer,Democratic-Farmer-Labor,,,False,False
2016,Minnesota,MN,State House,54A,general,Warren Claflin,Democratic-Farmer-Labor,,,False,False
2016,Minnesota,MN,State House,57A,general,Ryan Kirkley,Republican,,,False,False
2016,Minnesota,MN,State House,57A,general,Tasha Wells,Republican,,,False,False
2016,Minnesota,MN,State House,57A,general,},,,,False,False
2016,New Mexico,NM,State House,1,general,Rod Montoya,Republican,10717.0,100.0,True,True
2016,New Mexico,NM,State House,2,general,James Strickler,Republican,6083.0,71.97,True,True
2016,New Mexico,NM,State House,2,general,Kenneth R. Robinson,Democratic,2369.0,28.03,False,False
2016,New Mexico,NM,State House,3,general,Paul Bandy,Republican,8299.0,100.0,True,True
2016,New Mexico,NM,State House,4,general,Sharon Clahchischilliage,Republican,5056.0,54.29,True,True
2016,New Mexico,NM,State House,4,general,Glojean B. Todacheene,Democratic,4257.0,45.71,False,False
2016,New Mexico,NM,State House,5,general,Doreen Wonda Johnson,Democratic,7558.0,100.0,True,True
2016,New Mexico,NM,State House,6,general,Eliseo Alcon,Democratic,6707.0,100.0,True,True
2016,New Mexico,NM,State House,7,general,Kelly Fajardo,Republican,5149.0,56.5,True,True
2016,New Mexico,NM,State House,7,general,Arturo Fierro,Democratic,3964.0,43.5,False,False
2016,New Mexico,NM,State House,8,general,Alonzo Baldonado,Republican,7251.0,61.74,True,True
2016,New Mexico,NM,State House,8,general,Jim D. Danner,Democratic,4493.0,38.26,False,False
2016,New Mexico,NM,State House,9,general,Patricia Lundstrom,Democratic,6446.0,100.0,True,True
2016,New Mexico,NM,State House,10,general,Andrés Romero,Democratic,4821.0,67.35,True,True
2016,New Mexico,NM,State House,10,general,Robert A. Schiller,Independent (politician),2337.0,32.65,False,False
2016,New Mexico,NM,State House,11,general,Javier Martinez,Democratic,10118.0,100.0,True,True
2016,New Mexico,NM,State House,12,general,Patricio Ruiloba,Democratic,5036.0,100.0,True,True
2016,New Mexico,NM,State House,13,general,Patricia Roybal Caballero,Democratic,5525.0,100.0,True,True
2016,New Mexico,NM,State House,14,general,Miguel Garcia,Democratic,6209.0,100.0,True,True
2016,New Mexico,NM,State House,15,general,Sarah Maestas Barnes,Republican,7358.0,53.22,True,True
2016,New Mexico,NM,State House,15,general,Ane C. Romero,Democratic,6467.0,46.78,False,False
2016,New Mexico,NM,State House,16,general,Moe Maestas,Democratic,8256.0,100.0,True,True
2016,New Mexico,NM,State House,17,general,Deborah Armstrong,Democratic,8640.0,100.0,True,True
2016,New Mexico,NM,State House,18,general,Gail Chasey,Democratic,9922.0,100.0,True,True
2016,New Mexico,NM,State House,19,general,Sheryl Williams Stapleton,Democratic,8289.0,100.0,True,True
2016,New Mexico,NM,State House,20,general,Jim Dines,Republican,7350.0,57.7,True,True
2016,New Mexico,NM,State House,20,general,Giovanni Alexander Haqani,Democratic,5389.0,42.3,False,False
2016,New Mexico,NM,State House,21,general,Debra Sariñana,Democratic,4685.0,100.0,True,False
2016,New Mexico,NM,State House,22,general,James Smith,Republican,9630.0,56.18,True,True
2016,New Mexico,NM,State House,22,general,John M. Wallace,Democratic,7510.0,43.82,False,False
2016,New Mexico,NM,State House,23,general,Daymon Ely,Democratic,7127.0,50.37,True,False
2016,New Mexico,NM,State House,23,general,Paul Pacheco,Republican,7022.0,49.63,False,True
2016,New Mexico,NM,State House,24,general,Liz Thomson,Democratic,6798.0,52.31,True,False
2016,New Mexico,NM,State House,24,general,Christinia Marie Hall,Republican,6198.0,47.69,False,False
2016,New Mexico,NM,State House,25,general,Christine Trujillo,Democratic,9807.0,100.0,True,True
2016,New Mexico,NM,State House,26,general,Georgene Louis,Democratic,4800.0,100.0,True,True
2016,New Mexico,NM,State House,27,general,Larry Larrañaga,Republican,9110.0,58.52,True,True
2016,New Mexico,NM,State House,27,general,Ronald E. Krise,Democratic,6457.0,41.48,False,False
2016,New Mexico,NM,State House,28,general,Jimmie Hall,Republican,10279.0,100.0,True,True
2016,New Mexico,NM,State House,29,general,David Adkins,Republican,6977.0,50.03,True,True
2016,New Mexico,NM,State House,29,general,Ronnie Martinez,Democratic,6968.0,49.97,False,False
2016,New Mexico,NM,State House,30,general,Nate Gentry,Republican,6841.0,52.19,True,True
2016,New Mexico,NM,State House,30,general,Natalie Figueroa,Democratic,6267.0,47.81,False,False
2016,New Mexico,NM,State House,31,general,Bill Rehm,Republican,10760.0,60.41,True,True
2016,New Mexico,NM,State House,31,general,Robert L. Scott,Democratic,7051.0,39.59,False,False
2016,New Mexico,NM,State House,32,general,Candie Sweetser,Democratic,4486.0,51.32,True,False
2016,New Mexico,NM,State House,32,general,Vicki K. Chavez,Republican,4256.0,48.68,False,False
2016,New Mexico,NM,State House,33,general,Bill McCamley,Democratic,6605.0,64.6,True,True
2016,New Mexico,NM,State House,33,general,Neal L. Hooks,Republican,3619.0,35.4,False,False
2016,New Mexico,NM,State House,34,general,"Bealquin ""Bill"" Gomez",Democratic,5757.0,100.0,True,True
2016,New Mexico,NM,State House,35,general,Angelica Rubio,Democratic,6412.0,62.9,True,False
2016,New Mexico,NM,State House,35,general,Joseph E. Bishop,Republican,3782.0,37.1,False,False
2016,New Mexico,NM,State House,36,general,Nathan Small,Democratic,5435.0,56.5,True,False
2016,New Mexico,NM,State House,36,general,Andy Nuñez,Republican,4184.0,43.5,False,True
2016,New Mexico,NM,State House,37,general,Joanne Ferrary,Democratic,7483.0,52.54,True,False
2016,New Mexico,NM,State House,37,general,Terry McMillan,Republican,6760.0,47.46,False,True
2016,New Mexico,NM,State House,38,general,Rebecca Dow,Republican,7149.0,54.79,True,False
2016,New Mexico,NM,State House,38,general,Mary E. Hotvedt,Democratic,5900.0,45.21,False,False
2016,New Mexico,NM,State House,39,general,Rodolpho Martinez,Democratic,5103.0,51.12,True,False
2016,New Mexico,NM,State House,39,general,John L. Zimmerman,Republican,4880.0,48.88,False,True
2016,New Mexico,NM,State House,40,general,Nick Salazar,Democratic,9038.0,100.0,True,True
2016,New Mexico,NM,State House,41,general,Debbie Rodella,Democratic,8088.0,100.0,True,True
2016,New Mexico,NM,State House,42,general,Roberto Gonzales,Democratic,10654.0,100.0,True,True
2016,New Mexico,NM,State House,43,general,Stephanie Garcia Richard,Democratic,8452.0,58.85,True,True
2016,New Mexico,NM,State House,43,general,Sharon Stover,Republican,5910.0,41.15,False,False
2016,New Mexico,NM,State House,44,general,Jane Powdrell-Culbert,Republican,12245.0,100.0,True,True
2016,New Mexico,NM,State House,45,general,Jim Trujillo,Democratic,9425.0,100.0,True,True
2016,New Mexico,NM,State House,46,general,Carl Trujillo,Democratic,11563.0,100.0,True,True
2016,New Mexico,NM,State House,47,general,Brian Egolf,Democratic,13740.0,78.9,True,True
2016,New Mexico,NM,State House,47,general,Roger Andrew Gonzales,Republican,3675.0,21.1,False,False
2016,New Mexico,NM,State House,48,general,Linda Trujillo,Democratic,10572.0,100.0,True,False
2016,New Mexico,NM,State House,49,general,Don Tripp,Republican,8864.0,100.0,True,True
2016,New Mexico,NM,State House,50,general,Matthew McQueen,Democratic,8187.0,58.51,True,True
2016,New Mexico,NM,State House,50,general,Jeremy Ryan Tremko,Republican,5805.0,41.49,False,False
2016,New Mexico,NM,State House,51,general,Yvette Herrell,Republican,6447.0,65.79,True,True
2016,New Mexico,NM,State House,51,general,Denise A. Lang,Democratic,3353.0,34.21,False,False
2016,New Mexico,NM,State House,52,general,Doreen Gallegos,Democratic,5796.0,100.0,True,True
2016,New Mexico,NM,State House,53,general,Ricky Little,Republican,2804.0,51.26,True,True
2016,New Mexico,NM,State House,53,general,Willie Madrid,Democratic,2666.0,48.74,False,False
2016,New Mexico,NM,State House,54,general,Jim Townsend,Republican,7098.0,75.59,True,True
2016,New Mexico,NM,State House,54,general,Freddie Joe Nichols III,Independent (politician),2292.0,24.41,False,False
2016,New Mexico,NM,State House,55,general,Cathrynn Brown,Republican,9280.0,100.0,True,True
2016,New Mexico,NM,State House,56,general,Zachary Cook,Republican,7672.0,100.0,True,True
2016,New Mexico,NM,State House,57,general,Jason Harper,Republican,6117.0,54.96,True,True
2016,New Mexico,NM,State House,57,general,Donna I. Tillman,Democratic,5013.0,45.04,False,False
2016,New Mexico,NM,State House,58,general,Candy Ezzell,Republican,5001.0,100.0,True,True
2016,New Mexico,NM,State House,59,general,Greg Nibert,Republican,8594.0,71.27,True,False
2016,New Mexico,NM,State House,59,general,Richard James Garcia,Democratic,3465.0,28.73,False,False
2016,New Mexico,NM,State House,60,general,Tim Lewis,Republican,9824.0,100.0,True,True
2016,New Mexico,NM,State House,61,general,David Gallegos,Republican,4735.0,100.0,True,True
2016,New Mexico,NM,State House,62,general,Larry Scott,Republican,7948.0,100.0,True,True
2016,New Mexico,NM,State House,63,general,George Dodge Jr.,Democratic,5142.0,100.0,True,True
2016,New Mexico,NM,State House,64,general,Randal Crowder,Republican,7732.0,100.0,True,True
2016,New Mexico,NM,State House,65,general,Derrick Lente,Democratic,7162.0,100.0,True,False
2016,New Mexico,NM,State House,66,general,Bob Wooley,Republican,8427.0,100.0,True,True
2016,New Mexico,NM,State House,67,general,Dennis Roch,Republican,8464.0,100.0,True,True
2016,New Mexico,NM,State House,68,general,Monica Youngblood,Republican,9637.0,100.0,True,True
2016,New Mexico,NM,State House,69,general,Harry Garcia,Democratic,6155.0,100.0,True,True
2016,New Mexico,NM,State House,70,general,Tomás Salazar,Democratic,8125.0,100.0,True,True
2016,North Carolina,NC,State House,1,general,Bob Steinburg,Republican,25363.0,64.04,True,True
2016,North Carolina,NC,State House,1,general,Sam Davis,Democratic,14240.0,35.96,False,False
2016,North Carolina,NC,State House,2,general,Larry Yarborough,Republican,22760.0,60.64,True,True
2016,North Carolina,NC,State House,2,general,Joe Parrish,Democratic,14775.0,39.36,False,False
2016,North Carolina,NC,State House,3,general,Michael Speciale,Republican,23273.0,64.81,True,True
2016,North Carolina,NC,State House,3,general,Marva Fisher Baldwin,Democratic,12638.0,35.19,False,False
2016,North Carolina,NC,State House,4,general,Jimmy Dixon,Republican,24646.0,100.0,True,True
2016,North Carolina,NC,State House,5,general,Howard Hunter III,Democratic,25961.0,100.0,True,True
2016,North Carolina,NC,State House,6,general,Beverly Boswell,Republican,22022.0,51.83,True,False
2016,North Carolina,NC,State House,6,general,Warren Judge,Democratic,20471.0,48.17,False,False
2016,North Carolina,NC,State House,7,general,Bobbie Richardson,Democratic,23329.0,67.81,True,True
2016,North Carolina,NC,State House,7,general,William Duke Hancock II,Republican,11072.0,32.19,False,False
2016,North Carolina,NC,State House,8,general,Susan Martin,Republican,21329.0,50.19,True,True
2016,North Carolina,NC,State House,8,general,Charlie Pat Farris,Democratic,21166.0,49.81,False,False
2016,North Carolina,NC,State House,9,general,Greg Murphy,Republican,22869.0,57.35,True,True
2016,North Carolina,NC,State House,9,general,Brian Farkas,Democratic,17007.0,42.65,False,False
2016,North Carolina,NC,State House,10,general,John Bell,Republican,26440.0,71.55,True,True
2016,North Carolina,NC,State House,10,general,Evelyn Paul,Democratic,10514.0,28.45,False,False
2016,North Carolina,NC,State House,11,general,Duane Hall,Democratic,24624.0,60.88,True,True
2016,North Carolina,NC,State House,11,general,Ray Martin,Republican,12924.0,31.95,False,False
2016,North Carolina,NC,State House,11,general,Brian Lewis,Libertarian,2897.0,7.16,False,False
2016,North Carolina,NC,State House,12,general,George Graham,Democratic,23689.0,100.0,True,True
2016,North Carolina,NC,State House,13,general,Pat McElraft,Republican,29188.0,70.82,True,True
2016,North Carolina,NC,State House,13,general,Rodney Alexander,Democratic,12024.0,29.18,False,False
2016,North Carolina,NC,State House,14,general,George Cleveland,Republican,18908.0,100.0,True,True
2016,North Carolina,NC,State House,15,general,Phil Shepard,Republican,13273.0,69.6,True,True
2016,North Carolina,NC,State House,15,general,Dan Whitten,Democratic,5797.0,30.4,False,False
2016,North Carolina,NC,State House,16,general,Chris Millis,Republican,23649.0,66.98,True,True
2016,North Carolina,NC,State House,16,general,Steve Unger,Democratic,11656.0,33.02,False,False
2016,North Carolina,NC,State House,17,general,Frank Iler,Republican,32757.0,66.44,True,True
2016,North Carolina,NC,State House,17,general,Charles Warren,Democratic,16549.0,33.56,False,False
2016,North Carolina,NC,State House,18,general,Susi Hamilton,Democratic,22006.0,61.1,True,True
2016,North Carolina,NC,State House,18,general,Gerald (Jerry) Benton,Republican,14011.0,38.9,False,False
2016,North Carolina,NC,State House,19,general,Ted Davis Jr.,Republican,31133.0,100.0,True,True
2016,North Carolina,NC,State House,20,general,Holly Grange,Republican,32576.0,100.0,True,True
2016,North Carolina,NC,State House,21,general,Larry Bell,Democratic,24564.0,100.0,True,True
2016,North Carolina,NC,State House,22,general,William Brisson,Democratic,21091.0,100.0,True,True
2016,North Carolina,NC,State House,23,general,Shelly Willingham,Democratic,27208.0,100.0,True,True
2016,North Carolina,NC,State House,24,general,Jean Farmer-Butterfield,Democratic,26895.0,100.0,True,True
2016,North Carolina,NC,State House,25,general,Jeff Collins,Republican,27969.0,68.1,True,True
2016,North Carolina,NC,State House,25,general,James Gailliard,Democratic,13099.0,31.9,False,False
2016,North Carolina,NC,State House,26,general,Donna McDowell White,Republican,25899.0,58.05,True,False
2016,North Carolina,NC,State House,26,general,Rich Nixon,Democratic,18716.0,41.95,False,False
2016,North Carolina,NC,State House,27,general,Michael Wray,Democratic,29200.0,100.0,True,True
2016,North Carolina,NC,State House,28,general,Larry Strickland,Republican,26161.0,70.59,True,False
2016,North Carolina,NC,State House,28,general,Patricia Oliver,Democratic,10897.0,29.41,False,False
2016,North Carolina,NC,State House,29,general,Larry Hall,Democratic,39607.0,100.0,True,True
2016,North Carolina,NC,State House,30,general,Paul Luebke,Democratic,37094.0,73.85,True,True
2016,North Carolina,NC,State House,30,general,Elissa Fuchs,Republican,13132.0,26.15,False,False
2016,North Carolina,NC,State House,31,general,Mickey Michaux,Democratic,34540.0,100.0,True,True
2016,North Carolina,NC,State House,32,general,Terry Garrison,Democratic,29142.0,100.0,True,False
2016,North Carolina,NC,State House,33,general,Rosa Gill,Democratic,33094.0,100.0,True,True
2016,North Carolina,NC,State House,34,general,Grier Martin,Democratic,31335.0,67.56,True,True
2016,North Carolina,NC,State House,34,general,Bill Morris,Republican,15049.0,32.44,False,False
2016,North Carolina,NC,State House,35,general,Chris Malone,Republican,25117.0,53.14,True,True
2016,North Carolina,NC,State House,35,general,Terence Everitt,Democratic,22145.0,46.86,False,False
2016,North Carolina,NC,State House,36,general,Nelson Dollar,Republican,25295.0,49.26,True,True
2016,North Carolina,NC,State House,36,general,Jennifer Ferrell,Democratic,23875.0,46.49,False,False
2016,North Carolina,NC,State House,36,general,Brian Irving,Libertarian,2184.0,4.25,False,False
2016,North Carolina,NC,State House,37,general,Linda Hunt Williams,Republican,27448.0,52.29,True,False
2016,North Carolina,NC,State House,37,general,Randy Barrow,Democratic,22569.0,43.0,False,False
2016,North Carolina,NC,State House,37,general,Robert Rose,Libertarian,2474.0,4.71,False,False
2016,North Carolina,NC,State House,38,general,Yvonne Lewis Holley,Democratic,28990.0,84.8,True,True
2016,North Carolina,NC,State House,38,general,Olen Watson III,Libertarian,5196.0,15.2,False,False
2016,North Carolina,NC,State House,39,general,Darren Jackson,Democratic,31901.0,100.0,True,True
2016,North Carolina,NC,State House,40,general,Joe John,Democratic,23786.0,50.41,True,False
2016,North Carolina,NC,State House,40,general,Marilyn Avila,Republican,23402.0,49.59,False,True
2016,North Carolina,NC,State House,41,general,Gale Adcock,Democratic,27491.0,56.99,True,True
2016,North Carolina,NC,State House,41,general,Chris M. Shoffner,Republican,20745.0,43.01,False,False
2016,North Carolina,NC,State House,42,general,Marvin Lucas,Democratic,24213.0,100.0,True,True
2016,North Carolina,NC,State House,43,general,Elmer Floyd,Democratic,27121.0,100.0,True,True
2016,North Carolina,NC,State House,44,general,Billy Richardson,Democratic,15433.0,50.57,True,True
2016,North Carolina,NC,State House,44,general,Jim Arp,Republican,15086.0,49.43,False,False
2016,North Carolina,NC,State House,45,general,John Szoka,Republican,23495.0,100.0,True,True
2016,North Carolina,NC,State House,46,general,Brenden Jones,Republican,19607.0,60.34,True,False
2016,North Carolina,NC,State House,46,general,Tim Benton,Democratic,11836.0,36.42,False,False
2016,North Carolina,NC,State House,46,general,Thomas Howell Jr.,Libertarian,1052.0,3.24,False,False
2016,North Carolina,NC,State House,47,general,Charles Graham,Democratic,17366.0,100.0,True,True
2016,North Carolina,NC,State House,48,general,Garland Pierce,Democratic,24076.0,100.0,True,True
2016,North Carolina,NC,State House,49,general,Cynthia Ball,Democratic,26975.0,48.67,True,False
2016,North Carolina,NC,State House,49,general,Gary Pendleton,Republican,26155.0,47.19,False,True
2016,North Carolina,NC,State House,49,general,David Ulmer,Libertarian,2299.0,4.15,False,False
2016,North Carolina,NC,State House,50,general,Graig Meyer,Democratic,27278.0,57.28,True,True
2016,North Carolina,NC,State House,50,general,Rod Chaney,Republican,20347.0,42.72,False,False
2016,North Carolina,NC,State House,51,general,John Sauls,Republican,17904.0,55.66,True,False
2016,North Carolina,NC,State House,51,general,Brad Salmon,Democratic,14262.0,44.34,False,True
2016,North Carolina,NC,State House,52,general,Jamie Boles,Republican,31146.0,100.0,True,True
2016,North Carolina,NC,State House,53,general,David Lewis,Republican,19548.0,60.66,True,True
2016,North Carolina,NC,State House,53,general,Jon Blum,Democratic,12678.0,39.34,False,False
2016,North Carolina,NC,State House,54,general,Robert Reives,Democratic,24773.0,57.2,True,True
2016,North Carolina,NC,State House,54,general,Wesley Seawell,Republican,18534.0,42.8,False,False
2016,North Carolina,NC,State House,55,general,Mark Brody,Republican,20901.0,60.37,True,True
2016,North Carolina,NC,State House,55,general,Kim Hargett,Democratic,13719.0,39.63,False,False
2016,North Carolina,NC,State House,56,general,Verla Insko,Democratic,43144.0,100.0,True,True
2016,North Carolina,NC,State House,57,general,Pricey Harrison,Democratic,31518.0,100.0,True,True
2016,North Carolina,NC,State House,58,general,Amos Quick,Democratic,35176.0,100.0,True,False
2016,North Carolina,NC,State House,59,general,Jon Hardister,Republican,28980.0,60.32,True,True
2016,North Carolina,NC,State House,59,general,Scott A. Jones,Democratic,19060.0,39.68,False,False
2016,North Carolina,NC,State House,60,general,Cecil Brockman,Democratic,27035.0,100.0,True,True
2016,North Carolina,NC,State House,61,general,John Faircloth,Republican,31767.0,100.0,True,True
2016,North Carolina,NC,State House,62,general,John Blust,Republican,32010.0,100.0,True,True
2016,North Carolina,NC,State House,63,general,Stephen Ross,Republican,26068.0,100.0,True,True
2016,North Carolina,NC,State House,64,general,Dennis Riddell,Republican,23857.0,100.0,True,True
2016,North Carolina,NC,State House,65,general,Bert Jones,Republican,21857.0,60.39,True,True
2016,North Carolina,NC,State House,65,general,H. Keith Duncan,Democratic,14336.0,39.61,False,False
2016,North Carolina,NC,State House,66,general,Ken Goodman,Democratic,23396.0,100.0,True,True
2016,North Carolina,NC,State House,67,general,Justin Burr,Republican,20421.0,53.25,True,True
2016,North Carolina,NC,State House,67,general,Carson Roger Snyder,Democratic,10637.0,27.74,False,False
2016,North Carolina,NC,State House,67,general,Billy Mills,Unaffiliated,7288.0,19.01,False,False
2016,North Carolina,NC,State House,68,general,Craig Horn,Republican,30953.0,100.0,True,True
2016,North Carolina,NC,State House,69,general,Dean Arp,Republican,23249.0,66.01,True,True
2016,North Carolina,NC,State House,69,general,Gordon B. Daniels,Democratic,11970.0,33.99,False,False
2016,North Carolina,NC,State House,70,general,Pat Hurley,Republican,24856.0,76.14,True,True
2016,North Carolina,NC,State House,70,general,Lois Bohnsack,Democratic,7789.0,23.86,False,False
2016,North Carolina,NC,State House,71,general,Evelyn Terry,Democratic,25414.0,100.0,True,True
2016,North Carolina,NC,State House,72,general,Ed Hanes,Democratic,28192.0,100.0,True,True
2016,North Carolina,NC,State House,73,general,Lee Zachary,Republican,30354.0,100.0,True,True
2016,North Carolina,NC,State House,74,general,Debra Conrad,Republican,27209.0,63.52,True,True
2016,North Carolina,NC,State House,74,general,Marilynn Baker,Democratic,15626.0,36.48,False,False
2016,North Carolina,NC,State House,75,general,Donny Lambeth,Republican,30831.0,100.0,True,True
2016,North Carolina,NC,State House,76,general,Carl Ford,Republican,29590.0,100.0,True,True
2016,North Carolina,NC,State House,77,general,Harry Warren,Republican,27699.0,100.0,True,True
2016,North Carolina,NC,State House,78,general,Allen McNeill,Republican,27040.0,78.11,True,True
2016,North Carolina,NC,State House,78,general,William (Bill) McCaskill,Democratic,7579.0,21.89,False,False
2016,North Carolina,NC,State House,79,general,Julia Craven Howard,Republican,31255.0,100.0,True,True
2016,North Carolina,NC,State House,80,general,Sam Watford,Republican,31287.0,100.0,True,True
2016,North Carolina,NC,State House,81,general,Larry Potts,Republican,24379.0,68.07,True,False
2016,North Carolina,NC,State House,81,general,Andy Hedrick,Democratic,11438.0,31.93,False,False
2016,North Carolina,NC,State House,82,general,Larry Pittman,Republican,24636.0,57.92,True,True
2016,North Carolina,NC,State House,82,general,Earle Schecter,Democratic,17900.0,42.08,False,False
2016,North Carolina,NC,State House,83,general,Linda Johnson,Republican,22927.0,63.1,True,True
2016,North Carolina,NC,State House,83,general,Jeremy Hachen,Democratic,13407.0,36.9,False,False
2016,North Carolina,NC,State House,84,general,Rena Turner,Republican,25414.0,69.29,True,True
2016,North Carolina,NC,State House,84,general,John Wayne Kahl,Democratic,11266.0,30.71,False,False
2016,North Carolina,NC,State House,85,general,Josh Dobson,Republican,29064.0,100.0,True,True
2016,North Carolina,NC,State House,86,general,Hugh Blackwell,Republican,21226.0,62.44,True,True
2016,North Carolina,NC,State House,86,general,Tim Barnsback,Democratic,12766.0,37.56,False,False
2016,North Carolina,NC,State House,87,general,Destin Hall,Republican,29066.0,94.14,True,False
2016,North Carolina,NC,State House,87,general,Terri M. Johnson (write-in),Unaffaliated,1279.0,4.14,False,False
2016,North Carolina,NC,State House,88,general,Mary Belk,Democratic,21754.0,50.54,True,False
2016,North Carolina,NC,State House,88,general,Rob Bryan,Republican,21286.0,49.46,False,True
2016,North Carolina,NC,State House,89,general,Mitchell Setzer,Republican,28409.0,100.0,True,True
2016,North Carolina,NC,State House,90,general,Sarah Stevens,Republican,23678.0,73.26,True,True
2016,North Carolina,NC,State House,90,general,Vera Smith Reynolds,Democratic,8641.0,26.74,False,False
2016,North Carolina,NC,State House,91,general,Kyle Hall,Republican,24639.0,66.47,True,True
2016,North Carolina,NC,State House,91,general,Eugene Russell,Democratic,12430.0,33.53,False,False
2016,North Carolina,NC,State House,92,general,Chaz Beasley,Democratic,22941.0,54.38,True,False
2016,North Carolina,NC,State House,92,general,Beth Danae Caulfield,Republican,19246.0,45.62,False,False
2016,North Carolina,NC,State House,93,general,Jonathan Jordan,Republican,21910.0,53.0,True,True
2016,North Carolina,NC,State House,93,general,Sue Counts,Democratic,19433.0,47.0,False,False
2016,North Carolina,NC,State House,94,general,Jeffrey Elmore,Republican,24467.0,74.51,True,True
2016,North Carolina,NC,State House,94,general,Michael T. Lentz,Democratic,8372.0,25.49,False,False
2016,North Carolina,NC,State House,95,general,John Fraley,Republican,33298.0,100.0,True,True
2016,North Carolina,NC,State House,96,general,Jay Adams,Republican,26595.0,100.0,True,True
2016,North Carolina,NC,State House,97,general,Jason Saine,Republican,31390.0,100.0,True,True
2016,North Carolina,NC,State House,98,general,John Bradford,Republican,25428.0,56.48,True,True
2016,North Carolina,NC,State House,98,general,Jane Campbell,Unaffaliated,19597.0,43.52,False,False
2016,North Carolina,NC,State House,99,general,Rodney Moore,Democratic,28838.0,100.0,True,True
2016,North Carolina,NC,State House,100,general,John Autry,Democratic,25736.0,100.0,True,False
2016,North Carolina,NC,State House,101,general,Beverly Earle,Democratic,27476.0,75.97,True,True
2016,North Carolina,NC,State House,101,general,Justin Dunn,Republican,8691.0,24.03,False,False
2016,North Carolina,NC,State House,102,general,Becky Carney,Democratic,27836.0,100.0,True,True
2016,North Carolina,NC,State House,103,general,Bill Brawley,Republican,21702.0,56.19,True,True
2016,North Carolina,NC,State House,103,general,Rochelle Rivas,Democratic,16922.0,43.81,False,False
2016,North Carolina,NC,State House,104,general,Andy Dulin,Republican,24700.0,55.32,True,False
2016,North Carolina,NC,State House,104,general,Peter Noris,Democratic,19952.0,44.68,False,False
2016,North Carolina,NC,State House,105,general,Scott Stone,Republican,21853.0,55.27,True,True
2016,North Carolina,NC,State House,105,general,Connie Green-Johnson,Democratic,17689.0,44.73,False,False
2016,North Carolina,NC,State House,106,general,Carla Cunningham,Democratic,27247.0,100.0,True,True
2016,North Carolina,NC,State House,107,general,Kelly Alexander,Democratic,34305.0,100.0,True,True
2016,North Carolina,NC,State House,108,general,John Torbett,Republican,24636.0,100.0,True,True
2016,North Carolina,NC,State House,109,general,Dana Bumgardner,Republican,21687.0,61.19,True,True
2016,North Carolina,NC,State House,109,general,Susan Maxon,Democratic,13755.0,38.81,False,False
2016,North Carolina,NC,State House,110,general,Kelly Hastings,Republican,24931.0,100.0,True,True
2016,North Carolina,NC,State House,111,general,Tim Moore,Republican,25398.0,100.0,True,True
2016,North Carolina,NC,State House,112,general,David Rogers,Republican,22938.0,70.96,True,True
2016,North Carolina,NC,State House,112,general,Ben Edwards,Unaffaliated,9388.0,29.04,False,False
2016,North Carolina,NC,State House,113,general,Cody Henson,Republican,26848.0,61.61,True,False
2016,North Carolina,NC,State House,113,general,Maureen Mahan Copelof,Democratic,16726.0,38.39,False,False
2016,North Carolina,NC,State House,114,general,Susan Fisher,Democratic,39243.0,100.0,True,True
2016,North Carolina,NC,State House,115,general,John Ager,Democratic,25257.0,55.58,True,True
2016,North Carolina,NC,State House,115,general,Frank Mortez,Republican,20183.0,44.42,False,False
2016,North Carolina,NC,State House,116,general,Brian Turner,Democratic,28014.0,100.0,True,True
2016,North Carolina,NC,State House,117,general,Chuck McGrady,Republican,30659.0,100.0,True,True
2016,North Carolina,NC,State House,118,general,Michele Presnell,Republican,21754.0,55.35,True,True
2016,North Carolina,NC,State House,118,general,Rhonda Cole Schandevel,Democratic,17549.0,45.65,False,False
2016,North Carolina,NC,State House,119,general,Mike Clampitt,Republican,17757.0,50.39,True,False
2016,North Carolina,NC,State House,119,general,Joe Sam Queen,Democratic,17480.0,49.61,False,True
2016,North Carolina,NC,State House,120,general,Kevin Corbin,Republican,29047.0,72.03,True,False
2016,North Carolina,NC,State House,120,general,Randy Hogsed,Democratic,11282.0,27.97,False,False
2016,South Carolina,SC,State House,1,general,Bill Whitmire,Republican,11287.0,98.63,True,True
2016,South Carolina,SC,State House,2,general,Bill Sandifer,Republican,9276.0,64.11,True,True
2016,South Carolina,SC,State House,2,general,Jody G. Gaulin,Democratic,5178.0,35.79,False,False
2016,South Carolina,SC,State House,3,general,Gary Clary,Republican,7576.0,97.18,True,True
2016,South Carolina,SC,State House,4,general,Davey Hiott,Republican,11883.0,98.74,True,True
2016,South Carolina,SC,State House,5,general,Neal Collins,Republican,11617.0,97.21,True,True
2016,South Carolina,SC,State House,6,general,Brian White,Republican,10243.0,82.52,True,True
2016,South Carolina,SC,State House,6,general,Ryan Cowsert,American,2095.0,16.88,False,False
2016,South Carolina,SC,State House,7,general,Jay West,Republican,8201.0,98.56,True,True
2016,South Carolina,SC,State House,8,general,Jonathon Hill,Republican,10186.0,98.15,True,True
2016,South Carolina,SC,State House,9,general,Anne Thayer,Republican,9165.0,97.89,True,True
2016,South Carolina,SC,State House,10,general,West Cox,Republican,10471.0,76.63,True,False
2016,South Carolina,SC,State House,10,general,Lucy Hoffman,Democratic,3190.0,23.35,False,False
2016,South Carolina,SC,State House,11,general,Craig A. Gagnon,Republican,7292.0,65.5,True,True
2016,South Carolina,SC,State House,11,general,Devon D. Smith,Democratic,3832.0,34.42,False,False
2016,South Carolina,SC,State House,12,general,Anne Parks,Democratic,7256.0,96.7,True,True
2016,South Carolina,SC,State House,13,general,John McCravy,Republican,10353.0,71.55,True,True
2016,South Carolina,SC,State House,13,general,Michael Gaskin,Democratic,4109.0,28.4,False,False
2016,South Carolina,SC,State House,14,general,Mike Pitts,Republican,10356.0,97.86,True,True
2016,South Carolina,SC,State House,15,general,J.A. Moore,Democratic,4818.0,49.67,True,False
2016,South Carolina,SC,State House,15,general,"Samuel Rivers, Jr.",Republican,4372.0,47.53,False,True
2016,South Carolina,SC,State House,16,general,Mark Willis,Republican,9259.0,97.11,True,True
2016,South Carolina,SC,State House,17,general,Mike Burns,Republican,11598.0,76.03,True,True
2016,South Carolina,SC,State House,17,general,Judi Buckley,Democratic,3641.0,23.87,False,False
2016,South Carolina,SC,State House,18,general,Tommy Stringer,Republican,12110.0,97.96,True,True
2016,South Carolina,SC,State House,19,general,Dwight Loftis,Republican,6744.0,61.16,True,True
2016,South Carolina,SC,State House,19,general,Carrie Counton,Democratic,4272.0,36.62,False,False
2016,South Carolina,SC,State House,20,general,Adam Morgan,Republican,12234.0,97.61,True,False
2016,South Carolina,SC,State House,21,general,Bobby Cox,Republican,13826.0,97.93,True,False
2016,South Carolina,SC,State House,22,general,Jason Elliott,Republican,9955.0,63.35,True,True
2016,South Carolina,SC,State House,22,general,B.K. Brown,Democratic,5673.0,36.1,False,False
2016,South Carolina,SC,State House,23,general,Chandra Dillard,Democratic,7728.0,97.72,True,True
2016,South Carolina,SC,State House,24,general,Bruce Bannister,Republican,12992.0,97.03,True,True
2016,South Carolina,SC,State House,25,general,Leola Robinson-Simpson,Democratic,7623.0,81.57,True,True
2016,South Carolina,SC,State House,25,general,Tony Boyce,Independent (politician),1648.0,17.64,False,False
2016,South Carolina,SC,State House,26,general,Raye Felder,Republican,10940.0,57.12,True,True
2016,South Carolina,SC,State House,26,general,John Kraljevich,Democratic,8205.0,42.84,False,False
2016,South Carolina,SC,State House,27,general,Garry R. Smith,Republican,10994.0,96.74,True,True
2016,South Carolina,SC,State House,28,general,Ashley Trantham,Republican,11804.0,97.3,True,True
2016,South Carolina,SC,State House,29,general,Dennis Moss,Republican,9711.0,98.59,True,True
2016,South Carolina,SC,State House,30,general,Steve Moss,Republican,8550.0,98.86,True,True
2016,South Carolina,SC,State House,31,general,Rosalyn Henderson-Myers,Democratic,6598.0,98.85,True,True
2016,South Carolina,SC,State House,32,general,Max Hyde,Republican,10239.0,98.12,True,False
2016,South Carolina,SC,State House,33,general,Eddie Tallon,Republican,10378.0,98.48,True,True
2016,South Carolina,SC,State House,34,general,Mike Forrester,Republican,9668.0,97.28,True,True
2016,South Carolina,SC,State House,35,general,Bill Chumley,Republican,11437.0,65.2,True,True
2016,South Carolina,SC,State House,35,general,Helen Pendarvis,Democratic,6071.0,34.61,False,False
2016,South Carolina,SC,State House,36,general,Rita Allison,Republican,8790.0,97.59,True,True
2016,South Carolina,SC,State House,37,general,Steven Long,Republican,8733.0,97.44,True,True
2016,South Carolina,SC,State House,38,general,Josiah Magnuson,Republican,11106.0,98.04,True,True
2016,South Carolina,SC,State House,39,general,Cal Forrest,Republican,10424.0,98.9,True,True
2016,South Carolina,SC,State House,40,general,Richard Martin,Republican,9212.0,98.17,True,True
2016,South Carolina,SC,State House,41,general,Annie McDaniel,Democratic,9630.0,78.15,True,False
2016,South Carolina,SC,State House,41,general,Fred Kennedy,Citizens,2593.0,21.04,False,False
2016,South Carolina,SC,State House,42,general,Doug Gilliam,Republican,8074.0,98.21,True,False
2016,South Carolina,SC,State House,43,general,Randy Ligon,Republican,8247.0,65.75,True,False
2016,South Carolina,SC,State House,43,general,Tom Hawk,Democratic,4293.0,34.23,False,False
2016,South Carolina,SC,State House,44,general,Mandy Powers Norrell,Democratic,6903.0,93.32,True,True
2016,South Carolina,SC,State House,45,general,Brandon Newton,Republican,15125.0,62.47,True,True
2016,South Carolina,SC,State House,45,general,Corin Buskey,Democratic,9075.0,36.05,False,False
2016,South Carolina,SC,State House,46,general,Gary Simrill,Republican,9395.0,60.56,True,True
2016,South Carolina,SC,State House,46,general,Carl Kenny Dicks,Democratic,6104.0,39.35,False,False
2016,South Carolina,SC,State House,47,general,Tommy Pope,Republican,10894.0,71.57,True,True
2016,South Carolina,SC,State House,47,general,Marty R. Cotton,Democratic,4315.0,28.35,False,False
2016,South Carolina,SC,State House,48,general,Bruce M. Bryant,Republican,10504.0,60.79,True,True
2016,South Carolina,SC,State House,48,general,Vickie Holt,Democratic,6764.0,39.15,False,False
2016,South Carolina,SC,State House,49,general,John R. King,Democratic,8427.0,75.54,True,True
2016,South Carolina,SC,State House,49,general,Johnny Walker,American,1886.0,18.2,False,False
2016,South Carolina,SC,State House,50,general,Will Wheeler,Democratic,9139.0,98.51,True,True
2016,South Carolina,SC,State House,51,general,David Weeks,Democratic,8758.0,99.01,True,True
2016,South Carolina,SC,State House,52,general,Laurie Slade Funderburk,Democratic,9017.0,57.41,True,True
2016,South Carolina,SC,State House,52,general,Penry Gustafson,Republican,6672.0,42.48,False,False
2016,South Carolina,SC,State House,53,general,Richie Yow,Republican,6521.0,98.37,True,True
2016,South Carolina,SC,State House,54,general,"Patricia ""Pat"" Moore Henegan",Democratic,7189.0,97.8,True,True
2016,South Carolina,SC,State House,55,general,Jackie E. Hayes,Democratic,6758.0,97.04,True,True
2016,South Carolina,SC,State House,56,general,Tim McGinnis,Republican,10984.0,97.59,True,True
2016,South Carolina,SC,State House,57,general,Lucas Atkinson,Democratic,8946.0,98.98,True,True
2016,South Carolina,SC,State House,58,general,Jeff Johnson,Republican,9580.0,98.65,True,True
2016,South Carolina,SC,State House,59,general,Terry Alexander,Democratic,9064.0,98.31,True,True
2016,South Carolina,SC,State House,60,general,Phillip Lowe,Republican,7548.0,61.11,True,True
2016,South Carolina,SC,State House,60,general,Devon Justin Long,Democratic,4794.0,38.81,False,False
2016,South Carolina,SC,State House,61,general,Roger K. Kirby,Democratic,7246.0,98.54,True,True
2016,South Carolina,SC,State House,62,general,Robert Williams,Democratic,7821.0,63.12,True,True
2016,South Carolina,SC,State House,62,general,Billy Baldwin,Republican,4555.0,36.76,False,False
2016,South Carolina,SC,State House,63,general,Jay Jordan,Republican,9171.0,64.6,True,True
2016,South Carolina,SC,State House,63,general,Mike Brank,Democratic,5016.0,35.33,False,False
2016,South Carolina,SC,State House,64,general,Robert L. Ridgeway III,Democratic,9665.0,98.7,True,True
2016,South Carolina,SC,State House,65,general,Jay Lucas,Republican,8962.0,98.83,True,True
2016,South Carolina,SC,State House,66,general,Gilda Cobb-Hunter,Democratic,8800.0,71.53,True,True
2016,South Carolina,SC,State House,66,general,Tom Connor,Republican,3497.0,28.42,False,False
2016,South Carolina,SC,State House,67,general,"Murrell ""George"" Smith",Republican,8640.0,82.17,True,True
2016,South Carolina,SC,State House,67,general,Brandon Humphries,Libertarian,1811.0,17.22,False,False
2016,South Carolina,SC,State House,68,general,Heather Ammons Crawford,Republican,9457.0,79.29,True,True
2016,South Carolina,SC,State House,68,general,Cameron Ventura,Libertarian,2408.0,20.19,False,False
2016,South Carolina,SC,State House,69,general,Chris Wooten,Republican,10587.0,64.69,True,True
2016,South Carolina,SC,State House,69,general,Beth Ann Rocheleau,Democratic,5330.0,31.0,False,False
2016,South Carolina,SC,State House,69,general,David Morris,Libertarian,425.0,2.6,False,False
2016,South Carolina,SC,State House,70,general,Wendy C. Brawley,Democratic,9820.0,98.21,True,True
2016,South Carolina,SC,State House,71,general,Nathan Ballentine,Republican,13844.0,97.35,True,True
2016,South Carolina,SC,State House,72,general,Seth Rose,Democratic,7301.0,98.66,True,False
2016,South Carolina,SC,State House,73,general,Chris Hart,Democratic,8900.0,77.95,True,True
2016,South Carolina,SC,State House,73,general,Ralph Bell,Republican,2513.0,22.01,False,False
2016,South Carolina,SC,State House,74,general,J. Todd Rutherford,Democratic,9681.0,90.05,True,True
2016,South Carolina,SC,State House,74,general,Michael L. Block,Citizens,1018.0,9.47,False,False
2016,South Carolina,SC,State House,75,general,Kirkman Finlay III,Republican,7842.0,57.48,True,True
2016,South Carolina,SC,State House,75,general,John Crangle,Democratic,5780.0,41.01,False,False
2016,South Carolina,SC,State House,76,general,Leon Howard,Democratic,10639.0,100.0,True,True
2016,South Carolina,SC,State House,77,general,Kambrell Garvin,Democratic,14056.0,84.75,True,False
2016,South Carolina,SC,State House,77,general,Justin Bishop,Libertarian,2445.0,14.74,False,False
2016,South Carolina,SC,State House,78,general,Beth Bernstein,Democratic,10178.0,97.87,True,True
2016,South Carolina,SC,State House,79,general,Ivory Thigpen,Democratic,13307.0,87.82,True,True
2016,South Carolina,SC,State House,79,general,Victor Kocher,Libertarian,1782.0,11.76,False,False
2016,South Carolina,SC,State House,80,general,Jimmy Bales,Democratic,9722.0,97.94,True,True
2016,South Carolina,SC,State House,81,general,Bart Blackwell,Republican,11342.0,62.95,True,True
2016,South Carolina,SC,State House,81,general,Elise Fox,Democratic,6667.0,35.06,False,False
2016,South Carolina,SC,State House,82,general,"William ""Bill"" Clyburn, Sr.",Democratic,8041.0,96.69,True,True
2016,South Carolina,SC,State House,83,general,Bill Hixon,Republican,10414.0,80.44,True,True
2016,South Carolina,SC,State House,83,general,David Weikle,Libertarian,2431.0,18.78,False,False
2016,South Carolina,SC,State House,84,general,Ronnie Young,Republican,8270.0,64.76,True,True
2016,South Carolina,SC,State House,84,general,Jennifer Cook Lariscey,Democratic,4487.0,35.13,False,False
2016,South Carolina,SC,State House,85,general,Chip Huggins,Republican,12206.0,66.01,True,True
2016,South Carolina,SC,State House,85,general,Sam Edwards,Democratic,6273.0,32.05,False,False
2016,South Carolina,SC,State House,86,general,Bill Taylor,Republican,9703.0,97.75,True,True
2016,South Carolina,SC,State House,87,general,Paula Rawl Calhoon,Republican,13617.0,73.68,True,False
2016,South Carolina,SC,State House,87,general,Diane Summers,Democratic,4832.0,26.15,False,False
2016,South Carolina,SC,State House,88,general,"McLain ""Mac"" Toole",Republican,9872.0,98.24,True,True
2016,South Carolina,SC,State House,89,general,Micah Caskey,Republican,8861.0,97.34,True,True
2016,South Carolina,SC,State House,90,general,Justin Bamberg,Democratic,7146.0,96.54,True,True
2016,South Carolina,SC,State House,91,general,Lonnie Hosey,Democratic,8768.0,98.78,True,True
2016,South Carolina,SC,State House,92,general,Joe Daning,Republican,8874.0,97.03,True,True
2016,South Carolina,SC,State House,93,general,Russell L. Ott,Democratic,8507.0,65.99,True,True
2016,South Carolina,SC,State House,93,general,"Terry L. Kiser, Sr.",Republican,4381.0,33.98,False,False
2016,South Carolina,SC,State House,94,general,Con Chellis,Republican,8458.0,62.93,True,False
2016,South Carolina,SC,State House,94,general,Damian Daly,Democratic,4968.0,36.96,False,False
2016,South Carolina,SC,State House,95,general,Jerry Govan,Democratic,8602.0,72.48,True,True
2016,South Carolina,SC,State House,95,general,Chester D. Palmer,Republican,3258.0,27.45,False,False
2016,South Carolina,SC,State House,96,general,Kit Spires,Republican,7040.0,71.73,True,True
2016,South Carolina,SC,State House,96,general,Bob Vanlue,Democratic,2754.0,28.06,False,False
2016,South Carolina,SC,State House,97,general,Mandy W. Kimmons,Republican,7746.0,53.86,True,False
2016,South Carolina,SC,State House,97,general,Patsy G. Knight,Democratic,6629.0,46.1,False,True
2016,South Carolina,SC,State House,98,general,Chris Murphy,Republican,9179.0,96.12,True,True
2016,South Carolina,SC,State House,99,general,Nancy Mace,Republican,10836.0,60.97,True,True
2016,South Carolina,SC,State House,99,general,Jen Gibson,Democratic,6927.0,37.08,False,False
2016,South Carolina,SC,State House,100,general,Sylleste H. Davis,Republican,10809.0,62.52,True,True
2016,South Carolina,SC,State House,100,general,Michael W. Yates,Democratic,6353.0,36.75,False,False
2016,South Carolina,SC,State House,101,general,Cezar McKnight,Democratic,8759.0,96.4,True,True
2016,South Carolina,SC,State House,102,general,Joe Jefferson,Democratic,7480.0,60.92,True,True
2016,South Carolina,SC,State House,102,general,Terry Hardesty,Republican,4788.0,38.99,False,False
2016,South Carolina,SC,State House,103,general,Carl L. Anderson,Democratic,9078.0,98.27,True,True
2016,South Carolina,SC,State House,104,general,William Bailey,Republican,14859.0,98.38,True,False
2016,South Carolina,SC,State House,105,general,Kevin Hardee,Republican,8965.0,97.99,True,True
2016,South Carolina,SC,State House,106,general,Russell Fry,Republican,13198.0,68.38,True,True
2016,South Carolina,SC,State House,106,general,Robin Gause,Democratic,6088.0,29.94,False,False
2016,South Carolina,SC,State House,107,general,Alan Clemmons,Republican,10617.0,97.49,True,True
2016,South Carolina,SC,State House,108,general,Lee Hewitt,Republican,14450.0,98.47,True,True
2016,South Carolina,SC,State House,109,general,David Mack III,Democratic,8089.0,80.81,True,True
2016,South Carolina,SC,State House,109,general,Rodney Travis,Libertarian,1129.0,12.21,False,False
2016,South Carolina,SC,State House,110,general,"William S. Cogswell, Jr.",Republican,9264.0,55.07,True,True
2016,South Carolina,SC,State House,110,general,Ben Pogue,Democratic,7548.0,44.87,False,False
2016,South Carolina,SC,State House,111,general,Wendell G. Gilliard,Democratic,10011.0,98.43,True,True
2016,South Carolina,SC,State House,112,general,Mike Sottile,Republican,12210.0,57.31,True,True
2016,South Carolina,SC,State House,112,general,Joe Preston,Democratic,9084.0,40.89,False,False
2016,South Carolina,SC,State House,113,general,Marvin R. Pendarvis,Democratic,8256.0,98.49,True,True
2016,South Carolina,SC,State House,114,general,Lin Bennett,Republican,8619.0,52.52,True,True
2016,South Carolina,SC,State House,114,general,Dan P. Jones,Democratic,7153.0,43.59,False,False
2016,South Carolina,SC,State House,114,general,Melissa Couture,Libertarian,633.0,3.86,False,False
2016,South Carolina,SC,State House,115,general,Peter McCoy,Republican,9727.0,51.45,True,True
2016,South Carolina,SC,State House,115,general,Carol Tempel,Democratic,9173.0,46.42,False,False
2016,South Carolina,SC,State House,116,general,Robert L. Brown,Democratic,9028.0,54.04,True,True
2016,South Carolina,SC,State House,116,general,Carroll O'Neal,Republican,7065.0,438.0,False,False
2016,South Carolina,SC,State House,117,general,Krystle Matthews,Democratic,5577.0,53.45,True,False
2016,South Carolina,SC,State House,117,general,Bill Crosby,Republican,4842.0,46.41,False,True
2016,South Carolina,SC,State House,118,general,Bill Herbkersman,Republican,12175.0,97.98,True,True
2016,South Carolina,SC,State House,119,general,"Leonidas ""Leon"" Stavrinakis",Democratic,11172.0,64.98,True,True
2016,South Carolina,SC,State House,119,general,Paul Sizemore,Republican,6011.0,34.96,False,False
2016,South Carolina,SC,State House,120,general,Weston Newton,Republican,10806.0,64.12,True,True
2016,South Carolina,SC,State House,120,general,Ryan Martz,Democratic,6039.0,35.83,False,False
2016,South Carolina,SC,State House,121,general,"Michael F. Rivers, Sr.",Democratic,9440.0,97.92,True,True
2016,South Carolina,SC,State House,122,general,Shedron Williams,Democratic,7509.0,80.7,True,False
2016,South Carolina,SC,State House,123,general,Jeff Bradley,Republican,10781.0,61.98,True,True
2016,South Carolina,SC,State House,123,general,Mario Martinez,Democratic,6594.0,37.91,False,False
2016,South Carolina,SC,State House,124,general,Shannon Erickson,Republican,10401.0,97.43,True,True
2016,West Virginia,WV,State House,35,general,Moore Capito,Republican,14822.0,16.67,True,False
2016,West Virginia,WV,State House,35,general,Andrew Byrd,Democratic,13546.0,15.23,True,True
2016,West Virginia,WV,State House,35,general,Eric Nelson,Republican,11881.0,13.36,True,True
2016,West Virginia,WV,State House,35,general,Charlotte Lane,Republican,10505.0,11.81,True,False
2016,West Virginia,WV,State House,35,general,Keith Pauley,Republican,10251.0,11.53,False,False
2016,West Virginia,WV,State House,35,general,Ben Adams,Democratic,9899.0,11.13,False,False
2016,West Virginia,WV,State House,35,general,Thornton Cooper,Democratic,9404.0,10.57,False,False
2016,West Virginia,WV,State House,35,general,Benjamin M. Sheridan,Democratic,8628.0,9.7,False,False
2016,Wyoming,WY,State House,1,general,Tyler Lindholm,Republican,4606.0,89.8,True,True
2016,Wyoming,WY,State House,1,general,Randy Leinen,Democratic,510.0,10.0,False,False
2016,Wyoming,WY,State House,2,general,Hans Hunt,Republican,3863.0,85.8,True,True
2016,Wyoming,WY,State House,2,general,Harold Eaton,Democratic,624.0,13.9,False,False
2016,Wyoming,WY,State House,3,general,Eric Barlow,Republican,3822.0,98.5,True,True
2016,Wyoming,WY,State House,4,general,Dan Kirkbride,Republican,3652.0,74.9,True,True
2016,Wyoming,WY,State House,4,general,Harold Eaton,Constitution,1185.0,24.3,False,False
2016,Wyoming,WY,State House,5,general,Cheri Steinmetz,Republican,3798.0,98.2,True,True
2016,Wyoming,WY,State House,6,general,Aaron Clausen,Republican,3996.0,87.4,True,False
2016,Wyoming,WY,State House,6,general,Shalyn C. Anderson,Democratic,565.0,12.4,False,False
2016,Wyoming,WY,State House,7,general,Sue Wilson,Republican,4782.0,98.5,True,True
2016,Wyoming,WY,State House,8,general,Bob Nicholas,Republican,2570.0,56.8,True,True
2016,Wyoming,WY,State House,8,general,Linda Burt,Democratic,1941.0,42.9,False,False
2016,Wyoming,WY,State House,9,general,Landon Brown,Republican,2299.0,58.3,True,False
2016,Wyoming,WY,State House,9,general,Mike Weiland,Democratic,1639.0,41.6,False,False
2016,Wyoming,WY,State House,10,general,John Eklund,Republican,4187.0,82.5,True,True
2016,Wyoming,WY,State House,10,general,"Gaylan D. Wright, Sr.",Democratic,846.0,16.7,False,False
2016,Wyoming,WY,State House,11,general,Jared Olsen,Republican,1549.0,50.9,True,False
2016,Wyoming,WY,State House,11,general,Mary Throne,Democratic,1487.0,48.9,False,True
2016,Wyoming,WY,State House,12,general,Lars Lone,Republican,1756.0,53.4,True,False
2016,Wyoming,WY,State House,12,general,Lee Filler,Democratic,1519.0,46.2,False,False
2016,Wyoming,WY,State House,13,general,Cathy Connolly,Democratic,2252.0,58.7,True,True
2016,Wyoming,WY,State House,13,general,Joey Correnti,Republican,1564.0,40.8,False,False
2016,Wyoming,WY,State House,14,general,Dan Furphy,Republican,2216.0,59.7,True,False
2016,Wyoming,WY,State House,14,general,Erin O'Doherty,Democratic,1489.0,40.1,False,False
2016,Wyoming,WY,State House,15,general,Donald Burkhart,Republican,2086.0,66.5,True,True
2016,Wyoming,WY,State House,15,general,Erin O'Doherty,Democratic,1030.0,32.9,False,False
2016,Wyoming,WY,State House,16,general,Mike Gierau,Democratic,3740.0,97.4,True,True
2016,Wyoming,WY,State House,17,general,JoAnn Dayton,Democratic,2177.0,95.9,True,True
2016,Wyoming,WY,State House,18,general,Thomas Crank,Republican,3595.0,80.2,True,False
2016,Wyoming,WY,State House,18,general,Michele Irwin,Democratic,880.0,19.6,False,False
2016,Wyoming,WY,State House,19,general,Danny Eyre,Republican,3286.0,84.5,True,False
2016,Wyoming,WY,State House,19,general,Mel McCreary,Democratic,592.0,15.2,False,False
2016,Wyoming,WY,State House,20,general,Albert Sommers,Republican,3268.0,86.4,True,True
2016,Wyoming,WY,State House,20,general,Jeanne Brown,Democratic,504.0,13.3,False,False
2016,Wyoming,WY,State House,21,general,Robert McKim,Republican,3832.0,91.4,True,True
2016,Wyoming,WY,State House,21,general,David Fogle,Democratic,344.0,8.2,False,False
2016,Wyoming,WY,State House,22,general,Marti Halverson,Republican,2942.0,57.5,True,True
2016,Wyoming,WY,State House,22,general,Marylee White,Democratic,2157.0,42.2,False,False
2016,Wyoming,WY,State House,23,general,Andy Schwartz,Democratic,4199.0,95.6,True,True
2016,Wyoming,WY,State House,24,general,Scott Court,Republican,2254.0,46.1,True,False
2016,Wyoming,WY,State House,24,general,Sandy Newsome,Independent,1421.0,29.1,False,False
2016,Wyoming,WY,State House,24,general,Paul Fees,Democratic,1196.0,24.5,False,False
2016,Wyoming,WY,State House,25,general,Dan Laursen,Republican,3135.0,78.6,True,True
2016,Wyoming,WY,State House,25,general,Shane Tillotson,Democratic,837.0,21.0,False,False
2016,Wyoming,WY,State House,26,general,Jamie Flitner,Republican,2665.0,65.8,True,False
2016,Wyoming,WY,State House,26,general,Joyce Collins,Constitution,1001.0,24.7,False,False
2016,Wyoming,WY,State House,26,general,Jean Petty,Democratic,384.0,9.4,False,False
2016,Wyoming,WY,State House,27,general,Mike Greear,Republican,3304.0,85.1,True,True
2016,Wyoming,WY,State House,27,general,"Robert McDonough, Jr.",Democratic,565.0,14.6,False,False
2016,Wyoming,WY,State House,28,general,Nathan Winters,Republican,3510.0,78.0,True,True
2016,Wyoming,WY,State House,28,general,Howard Samelson,Democratic,980.0,21.8,False,False
2016,Wyoming,WY,State House,29,general,Mark Kinner,Republican,3073.0,77.3,True,True
2016,Wyoming,WY,State House,29,general,Sandra Kingsley,Democratic,888.0,22.4,False,False
2016,Wyoming,WY,State House,30,general,Mark Jennings,Republican,2953.0,67.7,True,True
2016,Wyoming,WY,State House,30,general,Val Burgess,Democratic,1402.0,32.1,False,False
2016,Wyoming,WY,State House,31,general,Scott Clem,Republican,3315.0,88.2,True,True
2016,Wyoming,WY,State House,31,general,Val Burgess,Democratic,431.0,11.5,False,False
2016,Wyoming,WY,State House,32,general,Timothy Hallinan,Republican,3713.0,98.5,True,True
2016,Wyoming,WY,State House,33,general,Jim Allen,Republican,1534.0,51.0,True,True
2016,Wyoming,WY,State House,33,general,Sergio Maldonado,Democratic,1467.0,48.8,False,False
2016,Wyoming,WY,State House,34,general,Tim Salazar,Republican,3890.0,98.7,True,True
2016,Wyoming,WY,State House,35,general,Kendell Kroeker,Republican,3879.0,74.8,True,True
2016,Wyoming,WY,State House,35,general,Brett Governanti,Democratic,1286.0,24.8,False,False
2016,Wyoming,WY,State House,36,general,Debbie Bovee,Democratic,1910.0,52.7,True,False
2016,Wyoming,WY,State House,36,general,Gerald Gay,Republican,1698.0,46.8,False,True
2016,Wyoming,WY,State House,37,general,Steve Harshman,Republican,3885.0,79.4,True,True
2016,Wyoming,WY,State House,37,general,Deirdre Stoelzle,Democratic,975.0,19.9,False,False
2016,Wyoming,WY,State House,38,general,Tom Walters,Republican,3528.0,97.6,True,True
2016,Wyoming,WY,State House,39,general,Stan Blake,Democratic,2628.0,95.3,True,True
2016,Wyoming,WY,State House,40,general,Michael Madden,Republican,3534.0,80.1,True,True
2016,Wyoming,WY,State House,40,general,Greg Haas,Democratic,834.0,18.9,False,False
2016,Wyoming,WY,State House,41,general,Bill Henderson,Republican,1976.0,50.7,True,False
2016,Wyoming,WY,State House,41,general,Amy Simpson,Democratic,1913.0,49.0,False,False
2016,Wyoming,WY,State House,42,general,Jim Blackburn,Republican,2775.0,68.1,True,True
2016,Wyoming,WY,State House,42,general,Juliet Daniels,Democratic,1290.0,31.7,False,False
2016,Wyoming,WY,State House,43,general,Dan Zwonitzer,Republican,2620.0,97.2,True,True
2016,Wyoming,WY,State House,44,general,James W. Byrd,Democratic,1412.0,53.8,True,True
2016,Wyoming,WY,State House,44,general,John Romero-Martinez,Republican,1206.0,45.9,False,False
2016,Wyoming,WY,State House,45,general,Charles Pelkey,Democratic,1894.0,52.2,True,True
2016,Wyoming,WY,State House,45,general,Tom Schmit,Republican,1728.0,47.6,False,False
2016,Wyoming,WY,State House,46,general,Bill Haley,Republican,2935.0,58.4,True,False
2016,Wyoming,WY,State House,46,general,Ken Chestek,Democratic,2086.0,41.5,False,False
2016,Wyoming,WY,State House,47,general,Jerry Paxton,Republican,3309.0,83.9,True,True
2016,Wyoming,WY,State House,47,general,Ken Casner,Democratic,612.0,15.5,False,False
2016,Wyoming,WY,State House,48,general,Mark Baker,Republican,1957.0,58.3,True,True
2016,Wyoming,WY,State House,48,general,Jackie Freeze,Democratic,1394.0,41.5,False,False
2016,Wyoming,WY,State House,49,general,Garry Piiparinen,Republican,2747.0,76.3,True,True
2016,Wyoming,WY,State House,49,general,Jackie Freeze,Democratic,829.0,23.0,False,False
2016,Wyoming,WY,State House,50,general,David Northrup,Republican,4077.0,81.7,True,True
2016,Wyoming,WY,State House,50,general,Mike Specht,Democratic,879.0,17.6,False,False
2016,Wyoming,WY,State House,51,general,Bo Biteman,Republican,3931.0,68.6,True,False
2016,Wyoming,WY,State House,51,general,Hollis Hackman,Democratic,1754.0,30.6,False,False
2016,Wyoming,WY,State House,52,general,William Pownall,Republican,2696.0,79.8,True,True
2016,Wyoming,WY,State House,52,general,Duffy Jenniges,Democratic,633.0,18.7,False,False
2016,Wyoming,WY,State House,53,general,Roy Edwards,Republican,2437.0,98.4,True,True
2016,Wyoming,WY,State House,54,general,Lloyd Larsen,Republican,2780.0,56.6,True,True
2016,Wyoming,WY,State House,54,general,Julia Stuble,Democratic,2120.0,43.2,False,False
2016,Wyoming,WY,State House,55,general,David Miller,Republican,3384.0,97.8,True,True
2016,Wyoming,WY,State House,56,general,Jerry Obermueller,Republican,2243.0,59.7,True,False
2016,Wyoming,WY,State House,56,general,Dan Neal,Democratic,1512.0,40.2,False,False
2016,Wyoming,WY,State House,57,general,Chuck Gray,Republican,2261.0,64.0,True,False
2016,Wyoming,WY,State House,57,general,Julia Stuble,Democratic,1252.0,35.4,False,False
2016,Wyoming,WY,State House,58,general,Pat Sweeney,Republican,2407.0,76.2,True,False
2016,Wyoming,WY,State House,58,general,Michael McDaniel,Democratic,482.0,15.3,False,False
2016,Wyoming,WY,State House,58,general,Joe Parambo,Independent,250.0,7.9,False,False
2016,Wyoming,WY,State House,59,general,Bunky Loucks,Republican,2462.0,69.1,True,True
2016,Wyoming,WY,State House,59,general,Laurie Longtine,Democratic,1082.0,30.4,False,False
2016,Wyoming,WY,State House,60,general,John Freeman,Democratic,3088.0,96.4,True,True
