year,state,state_code,chamber,district,race,candidate,party,votes,percentage,winner,incumbent
2020,Alaska,AK,State House,1,general,Bart LeBon,Coalition Republican,3769.0,55.3,True,True
2020,Alaska,AK,State House,1,general,Christopher Quist,Democratic,3027.0,44.42,False,False
2020,Alaska,AK,State House,2,general,Steve Thompson,Coalition Republican,3631.0,69.57,True,True
2020,Alaska,AK,State House,2,general,Jeremiah Youmans,Democratic,1565.0,29.99,False,False
2020,Alaska,AK,State House,3,general,Mike Prax,Republican,7001.0,96.5,True,True
2020,Alaska,AK,State House,4,general,Grier Hopkins,Democratic,5478.0,53.98,True,True
2020,Alaska,AK,State House,4,general,Keith Kurber,Republican,4649.0,45.81,False,False
2020,Alaska,AK,State House,5,general,Adam Wool,Democratic,4341.0,52.79,True,True
2020,Alaska,AK,State House,5,general,Kevin McKinley,Republican,3867.0,47.03,False,False
2020,Alaska,AK,State House,6,general,Mike Cronk,Republican,4861.0,55.8,True,False
2020,Alaska,AK,State House,6,general,Julia Hnilicka,Democratic,2626.0,30.15,False,False
2020,Alaska,AK,State House,6,general,Elijah Verhagen,Independent,644.0,7.39,False,False
2020,Alaska,AK,State House,6,general,Vernon Carlson,Independent,418.0,4.8,False,False
2020,Alaska,AK,State House,6,general,Deborah Riley,Independent,141.0,1.62,False,False
2020,Alaska,AK,State House,7,general,Christopher Kurka,Republican,6449.0,73.77,True,False
2020,Alaska,AK,State House,7,general,Jamin Burton,Independent,2252.0,25.76,False,False
2020,Alaska,AK,State House,8,general,Kevin McCabe,Republican,7533.0,81.44,True,False
2020,Alaska,AK,State House,8,general,Alma Hartley,Democratic,1683.0,18.19,False,False
2020,Alaska,AK,State House,9,general,George Rauscher,Republican,7496.0,71.92,True,True
2020,Alaska,AK,State House,9,general,Bill Johnson,Democratic,2870.0,27.54,False,False
2020,Alaska,AK,State House,10,general,David Eastman,Republican,7659.0,73.7,True,True
2020,Alaska,AK,State House,10,general,Monica Stein-Olson,Democratic,2693.0,25.91,False,False
2020,Alaska,AK,State House,11,general,DeLena Johnson,Republican,7383.0,74.09,True,True
2020,Alaska,AK,State House,11,general,Andrea Hackbarth,Democratic,2553.0,25.62,False,False
2020,Alaska,AK,State House,12,general,Cathy Tilton,Republican,8881.0,95.63,True,True
2020,Alaska,AK,State House,13,general,Ken McCarty,Republican,4730.0,67.57,True,False
2020,Alaska,AK,State House,13,general,James Canitz Sr.,Democratic,2250.0,32.14,False,False
2020,Alaska,AK,State House,14,general,Kelly Merrick,Republican,7602.0,71.77,True,True
2020,Alaska,AK,State House,14,general,Mike Risinger,Independent,2960.0,27.95,False,False
2020,Alaska,AK,State House,15,general,David Nelson,Republican,2541.0,50.82,True,False
2020,Alaska,AK,State House,15,general,Lyn Franks,Democratic,2446.0,48.92,False,False
2020,Alaska,AK,State House,16,general,Ivy Spohnholz,Democratic,4010.0,53.1,True,True
2020,Alaska,AK,State House,16,general,Paul Bauer,Republican,3061.0,40.5,False,False
2020,Alaska,AK,State House,16,general,Scott Kohlhaas,Libertarian,477.0,6.3,False,False
2020,Alaska,AK,State House,17,general,Andy Josephson,Democratic,4923.0,91.4,True,True
2020,Alaska,AK,State House,18,general,Harriet Drummond,Democratic,5233.0,90.8,True,True
2020,Alaska,AK,State House,19,general,Geran Tarr,Democratic,3854.0,92.5,True,True
2020,Alaska,AK,State House,20,general,Zack Fields,Democratic,5195.0,91.8,True,True
2020,Alaska,AK,State House,21,general,Matt Claman,Democratic,5495.0,61.4,True,True
2020,Alaska,AK,State House,21,general,Lynette Largent,Republican,3435.0,38.4,False,False
2020,Alaska,AK,State House,22,general,Sara Rasmussen,Republican,4921.0,54.8,True,True
2020,Alaska,AK,State House,22,general,Stephen Trimble,Independent,2679.0,29.8,False,False
2020,Alaska,AK,State House,22,general,David Nees,Independence,1356.0,15.1,False,False
2020,Alaska,AK,State House,23,general,Chris Tuck,Democratic,3444.0,47.8,True,True
2020,Alaska,AK,State House,23,general,Kathy Henslee,Republican,2990.0,43.1,False,False
2020,Alaska,AK,State House,23,general,Timothy Huit,Independence,646.0,9.0,False,False
2020,Alaska,AK,State House,24,general,Tom McKay,Republican,5605.0,56.3,True,False
2020,Alaska,AK,State House,24,general,Sue Levi,Democratic,4323.0,43.4,False,False
2020,Alaska,AK,State House,25,general,Calvin Schrage,Independent,4584.0,52.2,True,False
2020,Alaska,AK,State House,25,general,Mel Gillis,Republican,4191.0,47.7,False,True
2020,Alaska,AK,State House,26,general,Laddie Shaw,Republican,6934.0,92.8,True,True
2020,Alaska,AK,State House,27,general,Liz Snyder,Democratic,4574.0,50.0,True,False
2020,Alaska,AK,State House,27,general,Lance Pruitt,Republican,4563.0,49.8,False,True
2020,Alaska,AK,State House,28,general,James Kaufman,Republican,6143.0,49.8,True,False
2020,Alaska,AK,State House,28,general,Suzanne LaFrance,Independent,5690.0,46.1,False,False
2020,Alaska,AK,State House,28,general,Benjamin Fletcher,Independent,493.0,3.9,False,False
2020,Alaska,AK,State House,29,general,Ben Carpenter,Republican,6548.0,65.2,True,True
2020,Alaska,AK,State House,29,general,Paul Dale,Independent,3481.0,34.6,False,False
2020,Alaska,AK,State House,30,general,Ron Gillham,Republican,5749.0,62.4,True,False
2020,Alaska,AK,State House,30,general,James Baisden,Independent,3327.0,36.1,False,False
2020,Alaska,AK,State House,31,general,Sarah Vance,Republican,6468.0,54.2,True,True
2020,Alaska,AK,State House,31,general,Kelly Cooper,Independent,5434.0,45.6,False,False
2020,Alaska,AK,State House,32,general,Louise Stutes,Coalition Republican,6663.0,96.0,True,True
2020,Alaska,AK,State House,33,general,Sara Hannan,Democratic,8403.0,94.8,True,True
2020,Alaska,AK,State House,34,general,Andi Story,Democratic,6284.0,62.0,True,True
2020,Alaska,AK,State House,34,general,Edward King,Independent,3805.0,37.5,False,False
2020,Alaska,AK,State House,35,general,Jonathan Kreiss-Tomkins,Democratic,5677.0,58.7,True,True
2020,Alaska,AK,State House,35,general,Kenny Skaflestad,Republican,3971.0,41.0,False,False
2020,Alaska,AK,State House,36,general,Dan Ortiz,Independent,5409.0,60.3,True,True
2020,Alaska,AK,State House,36,general,Leslie Becker,Republican,3514.0,39.2,False,False
2020,Alaska,AK,State House,37,general,Bryce Edgmon,Independent,2538.0,95.7,True,True
2020,Alaska,AK,State House,38,general,Tiffany Zulkosky,Democratic,2232.0,59.1,True,True
2020,Alaska,AK,State House,38,general,Willy Keppel,Veteran's,1522.0,40.3,False,False
2020,Alaska,AK,State House,39,general,Neal Foster,Democratic,3038.0,63.2,True,True
2020,Alaska,AK,State House,39,general,Dan Holmes,Republican,855.0,17.8,False,False
2020,Alaska,AK,State House,40,general,"Josiah ""Aullaqsruaq"" Patkotak",Independent,2011.0,51.7,True,False
2020,Alaska,AK,State House,40,general,Elizabeth Ferguson,Democratic,1863.0,47.9,False,False
2020,Arizona,AZ,State House,1,general,Judy Burges,Republican,92058.0,40.8,True,False
2020,Arizona,AZ,State House,1,general,Quang Nguyen,Republican,86405.0,38.3,True,False
2020,Arizona,AZ,State House,1,general,Judy Stahl,Democratic,47204.0,20.9,False,False
2020,Arizona,AZ,State House,2,general,Daniel Hernandez Jr.,Democratic,46467.0,37.3,True,True
2020,Arizona,AZ,State House,2,general,Andrea Dalessandro,Democratic,44296.0,35.5,True,False
2020,Arizona,AZ,State House,2,general,Deborah McEwen,Republican,33956.0,27.2,False,False
2020,Arizona,AZ,State House,3,general,Alma Hernandez,Democratic,49009.0,50.3,True,True
2020,Arizona,AZ,State House,3,general,Andrés Cano,Democratic,48505.0,49.7,True,True
2020,Arizona,AZ,State House,4,general,Charlene Fernandez,Democratic,40797.0,39.8,True,True
2020,Arizona,AZ,State House,4,general,Joel John,Republican,32318.0,31.5,True,False
2020,Arizona,AZ,State House,4,general,"Geraldine ""Gerae"" Peten",Democratic,29342.0,28.6,False,True
2020,Arizona,AZ,State House,5,general,Regina Cobb,Republican,71279.0,53.9,True,True
2020,Arizona,AZ,State House,5,general,Leo Biasiucci,Republican,60875.0,46.1,True,True
2020,Arizona,AZ,State House,6,general,"Walter ""Walt"" Blackman",Republican,59325.0,28.9,True,True
2020,Arizona,AZ,State House,6,general,Brenda Barton,Republican,54041.0,26.3,True,False
2020,Arizona,AZ,State House,6,general,Coral J Evans,Democratic,51986.0,25.3,False,False
2020,Arizona,AZ,State House,7,general,Myron Tsosie,Democratic,51897.0,35.4,True,True
2020,Arizona,AZ,State House,7,general,Arlando Teller,Democratic,42272.0,28.9,True,True
2020,Arizona,AZ,State House,7,general,"James ""Jim"" Parks",Republican,26897.0,18.4,False,False
2020,Arizona,AZ,State House,8,general,David Cook,Republican,45117.0,35.7,True,True
2020,Arizona,AZ,State House,8,general,Frank Pratt,Republican,43799.0,34.6,True,False
2020,Arizona,AZ,State House,8,general,Sharon Girard,Democratic,37384.0,29.6,False,False
2020,Arizona,AZ,State House,9,general,Pamela Hannley Powers,Democratic,64781.0,36.5,True,True
2020,Arizona,AZ,State House,9,general,"Randall ""Randy"" Friese",Democratic,64772.0,36.5,True,True
2020,Arizona,AZ,State House,9,general,Brendan Lyons,Republican,48026.0,27.0,False,False
2020,Arizona,AZ,State House,10,general,Domingo DeGrazia,Democratic,59725.0,28.6,True,True
2020,Arizona,AZ,State House,10,general,Stephanie Stahl Hamilton,Democratic,59344.0,28.4,True,False
2020,Arizona,AZ,State House,10,general,Michael Hicks,Republican,46950.0,22.5,False,False
2020,Arizona,AZ,State House,11,general,Bret Roberts,Republican,68805.0,34.7,True,True
2020,Arizona,AZ,State House,11,general,Mark Finchem,Republican,68101.0,34.4,True,True
2020,Arizona,AZ,State House,11,general,Felipe R Perez,Democratic,61245.0,30.9,False,False
2020,Arizona,AZ,State House,12,general,Travis Grantham,Republican,93972.0,48.3,True,True
2020,Arizona,AZ,State House,12,general,Jake Hoffman,Republican,92941.0,47.8,True,False
2020,Arizona,AZ,State House,13,general,"Timothy ""Tim"" Dunn",Republican,71049.0,37.7,True,True
2020,Arizona,AZ,State House,13,general,Joanne Osborne,Republican,69733.0,37.0,True,True
2020,Arizona,AZ,State House,13,general,Mariana Sandoval,Democratic,47650.0,25.3,False,False
2020,Arizona,AZ,State House,14,general,Gail Griffin,Republican,63170.0,32.7,True,True
2020,Arizona,AZ,State House,14,general,Becky Nutt,Republican,62722.0,32.5,True,True
2020,Arizona,AZ,State House,14,general,"Kimberly ""Kim"" Beach - Moschetti",Democratic,35289.0,18.3,False,False
2020,Arizona,AZ,State House,15,general,Steve Kaiser,Republican,71900.0,37.1,True,False
2020,Arizona,AZ,State House,15,general,Justin Wilmeth,Republican,66482.0,34.3,True,False
2020,Arizona,AZ,State House,15,general,Kristin Dybvig-Pawelko,Democratic,55259.0,28.5,False,False
2020,Arizona,AZ,State House,16,general,Jacqueline Parker,Republican,74784.0,39.2,True,False
2020,Arizona,AZ,State House,16,general,John Fillmore,Republican,68760.0,36.1,True,True
2020,Arizona,AZ,State House,16,general,Helen Hunter,Democratic,47071.0,24.7,False,False
2020,Arizona,AZ,State House,17,general,Jennifer Pawlik,Democratic,65172.0,33.8,True,True
2020,Arizona,AZ,State House,17,general,Jeff Weninger,Republican,64501.0,33.4,True,True
2020,Arizona,AZ,State House,17,general,Liz Harris,Republican,63409.0,32.8,False,False
2020,Arizona,AZ,State House,18,general,Jennifer Jermaine,Democratic,70049.0,28.9,True,True
2020,Arizona,AZ,State House,18,general,"Denise ""Mitzi"" Epstein",Democratic,67649.0,27.9,True,True
2020,Arizona,AZ,State House,18,general,Bob Robson,Republican,55140.0,22.8,False,False
2020,Arizona,AZ,State House,19,general,Diego Espinoza,Democratic,43372.0,52.9,True,True
2020,Arizona,AZ,State House,19,general,Lorenzo Sierra,Democratic,38617.0,47.1,True,True
2020,Arizona,AZ,State House,20,general,Judy Schwiebert,Democratic,50633.0,34.5,True,False
2020,Arizona,AZ,State House,20,general,Shawnna Bolick,Republican,49268.0,33.5,True,True
2020,Arizona,AZ,State House,20,general,Anthony Kern,Republican,47094.0,32.0,False,True
2020,Arizona,AZ,State House,21,general,Beverly Pingerelli,Republican,57803.0,35.6,True,False
2020,Arizona,AZ,State House,21,general,Kevin Payne,Republican,53441.0,32.9,True,True
2020,Arizona,AZ,State House,21,general,Kathy Knecht,Democratic,51047.0,31.5,False,False
2020,Arizona,AZ,State House,22,general,Ben Toma,Republican,92912.0,32.3,True,True
2020,Arizona,AZ,State House,22,general,Frank Carroll,Republican,92231.0,32.1,True,True
2020,Arizona,AZ,State House,22,general,Wendy Garcia,Democratic,53522.0,18.6,False,False
2020,Arizona,AZ,State House,23,general,John Kavanagh,Republican,86307.0,37.2,True,True
2020,Arizona,AZ,State House,23,general,Joseph Chaplik,Republican,80264.0,34.6,True,False
2020,Arizona,AZ,State House,23,general,Eric Kurland,Democratic,65257.0,28.1,False,False
2020,Arizona,AZ,State House,24,general,Amish Shah,Democratic,61639.0,35.9,True,True
2020,Arizona,AZ,State House,24,general,Jennifer Longdon,Democratic,60233.0,35.1,True,True
2020,Arizona,AZ,State House,24,general,Robyn Cushman,Republican,26099.0,15.2,False,False
2020,Arizona,AZ,State House,25,general,Michelle Udall,Republican,69049.0,38.7,True,True
2020,Arizona,AZ,State House,25,general,"Russell W. ""Rusty"" Bowers",Republican,63412.0,35.5,True,True
2020,Arizona,AZ,State House,25,general,Suzanne Hug,Democratic,46180.0,25.9,False,False
2020,Arizona,AZ,State House,26,general,Melody Hernandez,Democratic,46266.0,34.2,True,False
2020,Arizona,AZ,State House,26,general,Athena Salman,Democratic,44981.0,33.2,True,True
2020,Arizona,AZ,State House,26,general,"Seth ""Marcus"" Sifuentes",Republican,22316.0,16.5,False,False
2020,Arizona,AZ,State House,27,general,Diego Rodriguez,Democratic,48039.0,43.0,True,True
2020,Arizona,AZ,State House,27,general,Reginald Bolding,Democratic,43334.0,38.8,True,True
2020,Arizona,AZ,State House,27,general,Tatiana M. Peña,Republican,20236.0,18.1,False,False
2020,Arizona,AZ,State House,28,general,Kelli Butler,Democratic,60871.0,27.6,True,True
2020,Arizona,AZ,State House,28,general,Aaron Lieberman,Democratic,57760.0,26.2,True,True
2020,Arizona,AZ,State House,28,general,Jana Jackson,Republican,52839.0,23.9,False,False
2020,Arizona,AZ,State House,29,general,Cesar Chavez,Democratic,38818.0,38.0,True,True
2020,Arizona,AZ,State House,29,general,Richard Andrade,Democratic,32075.0,31.4,True,True
2020,Arizona,AZ,State House,29,general,Billy Bragg,Republican,15811.0,15.5,False,False
2020,Arizona,AZ,State House,30,general,Raquel Terán,Democratic,34106.0,52.8,True,True
2020,Arizona,AZ,State House,30,general,Robert Meza,Democratic,30546.0,47.3,True,True
2020,Arkansas,AR,State House,1,general,Carol Dalby,Republican,8522.0,100.0,True,True
2020,Arkansas,AR,State House,2,general,Lane Jean,Republican,11309.0,100.0,True,True
2020,Arkansas,AR,State House,3,general,Danny Watson,Republican,6444.0,69.35,True,True
2020,Arkansas,AR,State House,3,general,"Larry D. Faulkner, Sr.",Democratic,2848.0,30.65,False,False
2020,Arkansas,AR,State House,4,general,DeAnn Vaught,Republican,4498.0,100.0,True,True
2020,Arkansas,AR,State House,5,general,David Fielding,Democratic,5242.0,56.76,True,True
2020,Arkansas,AR,State House,5,general,Chase McDowell,Republican,3993.0,43.24,False,False
2020,Arkansas,AR,State House,6,general,Matthew J. Shepherd,Republican,11610.0,100.0,True,True
2020,Arkansas,AR,State House,7,general,Sonia Eubanks Barker,Republican,6239.0,59.92,True,True
2020,Arkansas,AR,State House,7,general,"George Calloway, Jr.",Democratic,4174.0,40.08,False,False
2020,Arkansas,AR,State House,8,general,Jeffrey R. Wardlaw,Republican,6966.0,69.62,True,True
2020,Arkansas,AR,State House,8,general,Christopher Ogburn,Democratic,3040.0,30.38,False,False
2020,Arkansas,AR,State House,9,general,Howard Beaty,Republican,5339.0,52.27,True,False
2020,Arkansas,AR,State House,9,general,LeAnne Burch,Democratic,4875.0,47.75,False,True
2020,Arkansas,AR,State House,10,general,Mike Holcomb,Republican,10177.0,100.0,True,True
2020,Arkansas,AR,State House,11,general,Mark D. McElroy,Republican,4854.0,50.27,True,False
2020,Arkansas,AR,State House,11,general,Don Edward Glover,Democratic,4802.0,49.73,False,True
2020,Arkansas,AR,State House,12,general,David Tollett,Republican,3491.0,47.5,True,False
2020,Arkansas,AR,State House,12,general,Jimmie L. Wilson,Democratic,3859.0,52.5,False,False
2020,Arkansas,AR,State House,13,general,David Hillman,Republican,8762.0,100.0,True,True
2020,Arkansas,AR,State House,14,general,Roger Dale Lynch,Republican,7005.0,58.75,True,True
2020,Arkansas,AR,State House,14,general,Rick Bransford,Democratic,3964.0,33.25,False,False
2020,Arkansas,AR,State House,14,general,Christia Jones,Independent,954.0,8.0,False,False
2020,Arkansas,AR,State House,15,general,Ken Bragg,Republican,11074.0,84.9,True,True
2020,Arkansas,AR,State House,15,general,Wayne Willems,Libertarian,1970.0,15.1,False,False
2020,Arkansas,AR,State House,16,general,Ken Ferguson,Democratic,9511.0,100.0,True,True
2020,Arkansas,AR,State House,17,general,Vivian Flowers,Democratic,6094.0,100.0,True,True
2020,Arkansas,AR,State House,18,general,Richard Womack,Republican,10128.0,100.0,True,True
2020,Arkansas,AR,State House,19,general,Justin Gonzales,Republican,9095.0,100.0,True,True
2020,Arkansas,AR,State House,20,general,John Maddox,Republican,11017.0,100.0,True,True
2020,Arkansas,AR,State House,21,general,Marcus Richmond,Republican,11226.0,100.0,True,True
2020,Arkansas,AR,State House,22,general,Richard McGrew,Republican,12400.0,74.94,True,False
2020,Arkansas,AR,State House,22,general,Judy Bowers,Libertarian,4146.0,25.06,False,False
2020,Arkansas,AR,State House,23,general,Lanny Fite,Republican,16838.0,100.0,True,True
2020,Arkansas,AR,State House,24,general,Bruce Cozart,Republican,11970.0,100.0,True,True
2020,Arkansas,AR,State House,25,general,Les Warren,Republican,9862.0,100.0,True,True
2020,Arkansas,AR,State House,26,general,Rick McClure,Republican,8327.0,71.59,True,False
2020,Arkansas,AR,State House,26,general,Joyce Schimenti,Democratic,3304.0,28.41,False,False
2020,Arkansas,AR,State House,27,general,Julie Mayberry,Republican,12364.0,100.0,True,True
2020,Arkansas,AR,State House,28,general,Tony Furman,Republican,10684.0,100.0,True,False
2020,Arkansas,AR,State House,29,general,Fredrick Love,Democratic,7557.0,100.0,True,True
2020,Arkansas,AR,State House,30,general,Fred Allen,Democratic,11044.0,100.0,True,False
2020,Arkansas,AR,State House,31,general,Keith Brooks,Republican,13702.0,69.37,True,False
2020,Arkansas,AR,State House,31,general,Mazhil Rajendran,Democratic,6051.0,30.63,False,False
2020,Arkansas,AR,State House,32,general,Ashley Hudson,Democratic,8404.0,50.07,True,False
2020,Arkansas,AR,State House,32,general,Jim Sorvillo,Republican,8380.0,49.93,False,True
2020,Arkansas,AR,State House,33,general,Tippi McCullough,Democratic,11734.0,100.0,True,True
2020,Arkansas,AR,State House,34,general,Joy C. Springer,Democratic,6463.0,70.36,True,False
2020,Arkansas,AR,State House,34,general,Roderick Greer Talley,Libertarian,2722.0,29.64,False,False
2020,Arkansas,AR,State House,35,general,Andrew Collins,Democratic,12638.0,100.0,True,True
2020,Arkansas,AR,State House,36,general,Denise Ennett,Democratic,8180.0,100.0,True,True
2020,Arkansas,AR,State House,37,general,Jamie Aleshia Scott,Democratic,7727.0,100.0,True,True
2020,Arkansas,AR,State House,38,general,Carlton Wing,Republican,7099.0,50.06,True,True
2020,Arkansas,AR,State House,38,general,Matthew Stallings,Democratic,7083.0,49.94,False,False
2020,Arkansas,AR,State House,39,general,Mark Lowery,Republican,7838.0,52.95,True,True
2020,Arkansas,AR,State House,39,general,Kayla Applegate,Democratic,6966.0,47.05,False,False
2020,Arkansas,AR,State House,40,general,David Ray,Republican,11930.0,100.0,True,False
2020,Arkansas,AR,State House,41,general,Karilyn Brown,Republican,8390.0,55.12,True,True
2020,Arkansas,AR,State House,41,general,Jannie M. Cotton,Democratic,6966.0,44.88,False,False
2020,Arkansas,AR,State House,42,general,Mark Perry,Democratic,7241.0,100.0,True,True
2020,Arkansas,AR,State House,43,general,Brian S. Evans,Republican,12064.0,100.0,True,True
2020,Arkansas,AR,State House,44,general,Cameron Cooper,Republican,11737.0,83.71,True,True
2020,Arkansas,AR,State House,44,general,Rodney Govens,Democratic,2284.0,16.29,False,False
2020,Arkansas,AR,State House,47,general,Craig Christiansen,Republican,5789.0,100.0,True,True
2020,Arkansas,AR,State House,48,general,Reginald Murdock,Democratic,5853.0,100.0,True,True
2020,Arkansas,AR,State House,49,general,Steve Hollowell,Republican,5725.0,56.64,True,True
2020,Arkansas,AR,State House,49,general,Justin Reeves,Democratic,4382.0,43.36,False,False
2020,Arkansas,AR,State House,50,general,"Milton Nicks, Jr.",Democratic,7197.0,100.0,True,True
2020,Arkansas,AR,State House,51,general,Deborah Ferguson,Democratic,7961.0,100.0,True,True
2020,Arkansas,AR,State House,52,general,Dwight Tosh,Republican,10235.0,100.0,True,True
2020,Arkansas,AR,State House,53,general,Jon Milligan,Republican,9086.0,76.37,True,False
2020,Arkansas,AR,State House,53,general,Shawn Only,Democratic,2811.0,23.63,False,False
2020,Arkansas,AR,State House,54,general,Johnny Rye,Republican,8091.0,100.0,True,True
2020,Arkansas,AR,State House,55,general,Monte Hodges,Democratic,3666.0,52.16,True,True
2020,Arkansas,AR,State House,55,general,Gary Tobar,Republican,3362.0,47.84,False,False
2020,Arkansas,AR,State House,56,general,Joe Jett,Republican,9232.0,100.0,True,True
2020,Arkansas,AR,State House,57,general,Jimmy Gazaway,Republican,10530.0,100.0,True,True
2020,Arkansas,AR,State House,58,general,Brandt Smith,Republican,7667.0,61.75,True,True
2020,Arkansas,AR,State House,58,general,Jim Burton,Democratic,4749.0,38.25,False,False
2020,Arkansas,AR,State House,59,general,Jack Ladyman,Republican,6244.0,66.14,True,True
2020,Arkansas,AR,State House,59,general,Reginald Prunty,Democratic,3196.0,33.86,False,False
2020,Arkansas,AR,State House,60,general,Frances Cavenaugh,Republican,9899.0,100.0,True,True
2020,Arkansas,AR,State House,61,general,Marsh Davis,Republican,10313.0,100.0,True,True
2020,Arkansas,AR,State House,62,general,Michelle Gray,Republican,11446.0,100.0,True,True
2020,Arkansas,AR,State House,63,general,Stu Smith,Republican,10808.0,100.0,True,True
2020,Arkansas,AR,State House,64,general,John Payton,Republican,13333.0,100.0,True,True
2020,Arkansas,AR,State House,65,general,Rick Beck,Republican,8057.0,68.15,True,True
2020,Arkansas,AR,State House,65,general,David Norman,Democratic,3766.0,31.85,False,False
2020,Arkansas,AR,State House,66,general,Josh Miller,Republican,9318.0,100.0,True,True
2020,Arkansas,AR,State House,67,general,Stephen Meeks,Republican,11915.0,75.37,True,True
2020,Arkansas,AR,State House,67,general,Steve Wilson,Democratic,3894.0,24.63,False,False
2020,Arkansas,AR,State House,68,general,Stan Berry,Republican,11941.0,81.69,True,True
2020,Arkansas,AR,State House,68,general,Lisa L. Hassell,Democratic,2677.0,18.31,False,False
2020,Arkansas,AR,State House,69,general,Aaron Pilkington,Republican,10165.0,100.0,True,True
2020,Arkansas,AR,State House,70,general,Spencer Hawks,Republican,13256.0,100.0,True,True
2020,Arkansas,AR,State House,71,general,Joe Cloud,Republican,8161.0,100.0,True,True
2020,Arkansas,AR,State House,72,general,Stephen Magie,Democratic,6419.0,58.02,True,True
2020,Arkansas,AR,State House,72,general,James B. Phillips,Republican,4645.0,41.98,False,False
2020,Arkansas,AR,State House,73,general,Mary Bentley,Republican,8653.0,100.0,True,True
2020,Arkansas,AR,State House,74,general,Jon S. Eubanks,Republican,9232.0,83.23,True,True
2020,Arkansas,AR,State House,74,general,June Anteski,Democratic,1860.0,16.77,False,False
2020,Arkansas,AR,State House,75,general,Lee Johnson,Republican,12964.0,100.0,True,True
2020,Arkansas,AR,State House,76,general,Cindy Crawford,Republican,9092.0,70.45,True,True
2020,Arkansas,AR,State House,76,general,Caleb Harwell,Democratic,3814.0,29.55,False,False
2020,Arkansas,AR,State House,77,general,Justin Boyd,Republican,7208.0,67.51,True,True
2020,Arkansas,AR,State House,77,general,Stephen Edwards,Libertarian,3469.0,32.49,False,False
2020,Arkansas,AR,State House,78,general,Jay Richardson,Democratic,4786.0,100.0,True,False
2020,Arkansas,AR,State House,79,general,Gary Deffenbaugh,Republican,8846.0,100.0,True,True
2020,Arkansas,AR,State House,80,general,Charlene Fite,Republican,10506.0,72.13,True,True
2020,Arkansas,AR,State House,80,general,Lou Reed Sharp,Democratic,4059.0,27.87,False,False
2020,Arkansas,AR,State House,81,general,Bruce Coleman,Republican,11750.0,100.0,True,True
2020,Arkansas,AR,State House,82,general,Mark H. Berry,Republican,8371.0,70.16,True,False
2020,Arkansas,AR,State House,82,general,Gwen Ford Faulkenberry,Democratic,3560.0,29.84,False,False
2020,Arkansas,AR,State House,83,general,Keith Slape,Republican,11370.0,100.0,True,True
2020,Arkansas,AR,State House,84,general,Denise Garner,Democratic,13515.0,100.0,True,True
2020,Arkansas,AR,State House,85,general,David Whitaker,Democratic,9092.0,55.26,True,True
2020,Arkansas,AR,State House,85,general,Brian Hester,Republican,7360.0,44.74,False,False
2020,Arkansas,AR,State House,86,general,Nicole Clowney,Democratic,8386.0,70.19,True,True
2020,Arkansas,AR,State House,86,general,John S. LaTour,Republican,3561.0,29.81,False,False
2020,Arkansas,AR,State House,87,general,Robin Lundstrum,Republican,10496.0,73.63,True,False
2020,Arkansas,AR,State House,87,general,Michael Bennett-Spears,Democratic,3759.0,26.37,False,False
2020,Arkansas,AR,State House,88,general,Clint Penzo,Republican,6476.0,59.53,True,True
2020,Arkansas,AR,State House,88,general,Hawley Woods,Democratic,4402.0,40.47,False,False
2020,Arkansas,AR,State House,89,general,Megan Godfrey,Democratic,3118.0,56.25,True,True
2020,Arkansas,AR,State House,89,general,Jed Duggar,Republican,2425.0,43.75,False,False
2020,Arkansas,AR,State House,90,general,Kendon Underwood,Republican,11583.0,62.65,True,False
2020,Arkansas,AR,State House,90,general,Kelly Ross Krout,Democratic,6904.0,37.35,False,False
2020,Arkansas,AR,State House,91,general,Delia Haak,Republican,13471.0,72.49,True,False
2020,Arkansas,AR,State House,91,general,Nick Jones,Democratic,5113.0,27.51,False,False
2020,Arkansas,AR,State House,92,general,Gayle Hendren McKenzie,Republican,15993.0,100.0,True,False
2020,Arkansas,AR,State House,93,general,Jim Dotson,Republican,10446.0,58.11,True,True
2020,Arkansas,AR,State House,93,general,Daisy Bonilla,Democratic,7530.0,41.89,False,False
2020,Arkansas,AR,State House,94,general,John P. Carr,Republican,5654.0,54.71,True,False
2020,Arkansas,AR,State House,94,general,Jene Huffman-Gilreath,Democratic,4681.0,45.29,False,False
2020,Arkansas,AR,State House,95,general,Austin McCollum,Republican,14743.0,100.0,True,True
2020,Arkansas,AR,State House,96,general,Joshua P. Bryant,Republican,7838.0,64.5,True,False
2020,Arkansas,AR,State House,96,general,Jon Comstock,Democratic,4313.0,35.5,False,False
2020,Arkansas,AR,State House,97,general,Harlan Breaux,Republican,9083.0,59.71,True,True
2020,Arkansas,AR,State House,97,general,Suzie Bell,Democratic,6129.0,40.29,False,False
2020,Arkansas,AR,State House,98,general,Ron McNair,Republican,8124.0,100.0,True,True
2020,Arkansas,AR,State House,99,general,Jack Fortner,Republican,11965.0,100.0,True,True
2020,Arkansas,AR,State House,100,general,Nelda Speaks,Republican,11205.0,79.0,True,True
2020,Arkansas,AR,State House,100,general,Kevin Vornheder,Libertarian,2979.0,21.0,False,False
2020,Colorado,CO,State House,1,general,Susan Lontine,Democratic,22584.0,66.36,True,True
2020,Colorado,CO,State House,1,general,Samantha Koch,Republican,11448.0,33.64,False,False
2020,Colorado,CO,State House,2,general,Alec Garnett,Democratic,45369.0,80.58,True,True
2020,Colorado,CO,State House,2,general,Victoria Patridge,Republican,10935.0,19.42,False,False
2020,Colorado,CO,State House,3,general,Meg Froelich,Democratic,28071.0,59.11,True,True
2020,Colorado,CO,State House,3,general,Dean Titterington,Republican,18008.0,37.92,False,False
2020,Colorado,CO,State House,3,general,David Jurist,Libertarian,1411.0,2.97,False,False
2020,Colorado,CO,State House,4,general,Serena Gonzales-Gutierrez,Democratic,34501.0,81.85,True,True
2020,Colorado,CO,State House,4,general,Grant Price,Republican,7651.0,18.15,False,False
2020,Colorado,CO,State House,5,general,Alex Valdez,Democratic,37132.0,79.06,True,True
2020,Colorado,CO,State House,5,general,Jonathan Woodley,Republican,9203.0,19.59,False,False
2020,Colorado,CO,State House,5,general,Joe Richardson,Unity,633.0,1.35,False,False
2020,Colorado,CO,State House,6,general,Steven Woodrow,Democratic,36302.0,71.86,True,True
2020,Colorado,CO,State House,6,general,Bill McAleb,Republican,12711.0,25.16,False,False
2020,Colorado,CO,State House,6,general,Jeffrey Crowe,Libertarian,1508.0,2.98,False,False
2020,Colorado,CO,State House,7,general,Jennifer Bacon,Democratic,38938.0,100.0,True,False
2020,Colorado,CO,State House,8,general,Leslie Herod,Democratic,46910.0,100.0,True,True
2020,Colorado,CO,State House,9,general,Emily Sirota,Democratic,32059.0,69.89,True,True
2020,Colorado,CO,State House,9,general,Larry L. Braig,Republican,12438.0,27.12,False,False
2020,Colorado,CO,State House,9,general,Wes Pinchot,Libertarian,1373.0,2.99,False,False
2020,Colorado,CO,State House,10,general,Edie Hooton,Democratic,39269.0,85.36,True,True
2020,Colorado,CO,State House,10,general,Kenneth J. Stickney,Republican,6733.0,14.64,False,False
2020,Colorado,CO,State House,11,general,Karen McCormick,Democratic,32803.0,66.98,True,False
2020,Colorado,CO,State House,11,general,Mark Milliman,Republican,16171.0,33.02,False,False
2020,Colorado,CO,State House,12,general,Tracey Bernett,Democratic,39674.0,73.61,True,False
2020,Colorado,CO,State House,12,general,Eric J. Davila,Republican,14227.0,26.39,False,False
2020,Colorado,CO,State House,13,general,Judy Amabile,Democratic,34652.0,68.24,True,False
2020,Colorado,CO,State House,13,general,Kevin Sipple,Republican,14418.0,28.39,False,False
2020,Colorado,CO,State House,13,general,James Gilman,Libertarian,1713.0,3.37,False,False
2020,Colorado,CO,State House,14,general,Shane Sandridge,Republican,34013.0,60.86,True,True
2020,Colorado,CO,State House,14,general,John Foley,Democratic,19688.0,35.23,False,False
2020,Colorado,CO,State House,14,general,David Thompson,Libertarian,2189.0,3.92,False,False
2020,Colorado,CO,State House,15,general,Dave Williams,Republican,28944.0,59.14,True,True
2020,Colorado,CO,State House,15,general,John Pyne IV,Democratic,17535.0,35.83,False,False
2020,Colorado,CO,State House,15,general,Mike McRedmond,Libertarian,2459.0,5.02,False,False
2020,Colorado,CO,State House,16,general,Andres G. Pico,Republican,23842.0,54.53,True,False
2020,Colorado,CO,State House,16,general,Stephanie Vigil,Democratic,18070.0,41.33,False,False
2020,Colorado,CO,State House,16,general,John Hjersman,Libertarian,1813.0,4.15,False,False
2020,Colorado,CO,State House,17,general,Tony Exum,Democratic,15780.0,56.76,True,True
2020,Colorado,CO,State House,17,general,Rob Blancken,Republican,10398.0,37.4,False,False
2020,Colorado,CO,State House,17,general,Susan Quilleash-Nelson,Libertarian,1621.0,5.83,False,False
2020,Colorado,CO,State House,18,general,Marc Snyder,Democratic,26325.0,59.07,True,True
2020,Colorado,CO,State House,18,general,George M. Rapko,Republican,16331.0,36.65,False,False
2020,Colorado,CO,State House,18,general,Nathan Foutch,Libertarian,1907.0,4.28,False,False
2020,Colorado,CO,State House,19,general,Tim Geitner,Republican,48521.0,74.97,True,True
2020,Colorado,CO,State House,19,general,Joe Thompson,Democratic,16198.0,25.03,False,False
2020,Colorado,CO,State House,20,general,Terri Carver,Republican,27376.0,58.72,True,True
2020,Colorado,CO,State House,20,general,Meg Fossinger,Democratic,17799.0,38.18,False,False
2020,Colorado,CO,State House,20,general,Judith Darcy,Libertarian,1446.0,3.1,False,False
2020,Colorado,CO,State House,21,general,Mary Bradfield,Republican,17448.0,54.2,True,False
2020,Colorado,CO,State House,21,general,Liz Rosenbaum,Democratic,12999.0,40.38,False,False
2020,Colorado,CO,State House,21,general,Michael Seebeck,Libertarian,1743.0,5.41,False,False
2020,Colorado,CO,State House,22,general,Colin Larson,Republican,26421.0,51.27,True,True
2020,Colorado,CO,State House,22,general,Mary Parker,Democratic,23467.0,45.54,False,False
2020,Colorado,CO,State House,22,general,Margot Herzl,Libertarian,1641.0,3.18,False,False
2020,Colorado,CO,State House,23,general,Chris Kennedy,Democratic,29615.0,60.22,True,True
2020,Colorado,CO,State House,23,general,Fred Clifford,Republican,17126.0,34.82,False,False
2020,Colorado,CO,State House,23,general,Doug Anderson,Libertarian,2437.0,4.96,False,False
2020,Colorado,CO,State House,24,general,Monica Duran,Democratic,30671.0,64.03,True,True
2020,Colorado,CO,State House,24,general,Laurel Imer,Republican,17228.0,35.97,False,False
2020,Colorado,CO,State House,25,general,Lisa Cutter,Democratic,30249.0,52.82,True,True
2020,Colorado,CO,State House,25,general,Donald Rosier,Republican,27023.0,47.18,False,False
2020,Colorado,CO,State House,26,general,Dylan Roberts,Democratic,32059.0,100.0,True,True
2020,Colorado,CO,State House,27,general,Brianna Titone,Democratic,29566.0,48.7,True,True
2020,Colorado,CO,State House,27,general,Vicki Pyne,Republican,27674.0,45.59,False,False
2020,Colorado,CO,State House,27,general,Cory Schaeffer,Libertarian,3468.0,5.71,False,False
2020,Colorado,CO,State House,28,general,Kerry Tipper,Democratic,26592.0,57.63,True,True
2020,Colorado,CO,State House,28,general,Pedro Roybal,Republican,17030.0,36.91,False,False
2020,Colorado,CO,State House,28,general,Amara Hildebrand,Libertarian,2519.0,5.46,False,False
2020,Colorado,CO,State House,29,general,Lindsey N. Daugherty,Democratic,26226.0,56.1,True,False
2020,Colorado,CO,State House,29,general,Vanessa DeMott,Republican,17931.0,38.36,False,False
2020,Colorado,CO,State House,29,general,Ryan Van Gundy,Libertarian,2590.0,5.54,False,False
2020,Colorado,CO,State House,30,general,Dafna Michaelson Jenet,Democratic,22445.0,56.85,True,True
2020,Colorado,CO,State House,30,general,Kerrie Gutierrez,Republican,17036.0,43.15,False,False
2020,Colorado,CO,State House,31,general,Yadira Caraveo,Democratic,27687.0,100.0,True,True
2020,Colorado,CO,State House,32,general,Adrienne Benavidez,Democratic,19597.0,63.68,True,True
2020,Colorado,CO,State House,32,general,Tony Caputo,Republican,9368.0,30.44,False,False
2020,Colorado,CO,State House,32,general,Jason Chapman,Libertarian,1810.0,5.88,False,False
2020,Colorado,CO,State House,33,general,Matt Gray,Democratic,37901.0,62.06,True,True
2020,Colorado,CO,State House,33,general,Mindy Quiachon,Republican,23170.0,37.94,False,False
2020,Colorado,CO,State House,34,general,Kyle Mullica,Democratic,19845.0,56.22,True,True
2020,Colorado,CO,State House,34,general,Mark Bromley,Republican,13694.0,38.79,False,False
2020,Colorado,CO,State House,34,general,Robert Stutz,Libertarian,1760.0,4.99,False,False
2020,Colorado,CO,State House,35,general,Shannon Bird,Democratic,27019.0,62.45,True,True
2020,Colorado,CO,State House,35,general,Roger Lehman,Republican,16248.0,37.55,False,False
2020,Colorado,CO,State House,36,general,Mike Weissman,Democratic,26687.0,61.18,True,True
2020,Colorado,CO,State House,36,general,Dustin Bishop,Republican,16935.0,38.82,False,False
2020,Colorado,CO,State House,37,general,Tom Sullivan,Democratic,27829.0,55.58,True,True
2020,Colorado,CO,State House,37,general,Caroline Cornell,Republican,22242.0,44.42,False,False
2020,Colorado,CO,State House,38,general,David Ortiz,Democratic,31504.0,55.57,True,False
2020,Colorado,CO,State House,38,general,Richard Champion,Republican,25191.0,44.43,False,True
2020,Colorado,CO,State House,39,general,Mark Baisley,Republican,37657.0,63.04,True,True
2020,Colorado,CO,State House,39,general,Ian Chapman,Democratic,20257.0,33.91,False,False
2020,Colorado,CO,State House,39,general,Bonnie Pyle,Libertarian,1823.0,3.05,False,False
2020,Colorado,CO,State House,40,general,Naquetta Ricks,Democratic,25508.0,59.16,True,False
2020,Colorado,CO,State House,40,general,Richard A. Bassett,Republican,15807.0,36.66,False,False
2020,Colorado,CO,State House,40,general,Robert Harrison,Libertarian,1805.0,4.19,False,False
2020,Colorado,CO,State House,41,general,Iman Jodeh,Democratic,26167.0,65.97,True,False
2020,Colorado,CO,State House,41,general,Robert Andrews,Republican,13501.0,34.03,False,False
2020,Colorado,CO,State House,42,general,Dominique Jackson,Democratic,22211.0,100.0,True,True
2020,Colorado,CO,State House,43,general,Kevin Van Winkle,Republican,26758.0,52.86,True,True
2020,Colorado,CO,State House,43,general,Jennifer Mitkowski,Democratic,23859.0,47.14,False,False
2020,Colorado,CO,State House,44,general,Kim Ransom,Republican,32963.0,55.35,True,True
2020,Colorado,CO,State House,44,general,Kyra D. Storojev,Democratic,24795.0,41.64,False,False
2020,Colorado,CO,State House,44,general,Brian Meyer,Libertarian,1795.0,3.01,False,False
2020,Colorado,CO,State House,45,general,Patrick Neville,Republican,40418.0,60.19,True,True
2020,Colorado,CO,State House,45,general,Katie Barrett,Democratic,24779.0,36.9,False,False
2020,Colorado,CO,State House,45,general,Caryn Ann Harlos,Libertarian,1958.0,2.92,False,False
2020,Colorado,CO,State House,46,general,Daneya Esgar,Democratic,24118.0,53.21,True,True
2020,Colorado,CO,State House,46,general,Jonathan Ambler,Republican,19532.0,43.1,False,False
2020,Colorado,CO,State House,46,general,John Pickerill,Libertarian,1673.0,3.69,False,False
2020,Colorado,CO,State House,47,general,Stephanie Luck,Republican,23310.0,54.09,True,False
2020,Colorado,CO,State House,47,general,Bri Buentello,Democratic,19785.0,45.91,False,True
2020,Colorado,CO,State House,48,general,Tonya Van Beber,Republican,37670.0,66.71,True,False
2020,Colorado,CO,State House,48,general,Holly A. Herson,Democratic,18802.0,33.29,False,False
2020,Colorado,CO,State House,49,general,Mike Lynch,Republican,44957.0,61.05,True,False
2020,Colorado,CO,State House,49,general,Yara Hanlin Zokaie,Democratic,28678.0,38.95,False,False
2020,Colorado,CO,State House,50,general,Mary Young,Democratic,16402.0,62.14,True,True
2020,Colorado,CO,State House,50,general,Sean Short,Libertarian,9992.0,37.86,False,False
2020,Colorado,CO,State House,51,general,Hugh McKean,Republican,37654.0,100.0,True,True
2020,Colorado,CO,State House,51,general,Vern Richardson (write-in),Democratic,,,False,False
2020,Colorado,CO,State House,52,general,Cathy Kipp,Democratic,36140.0,63.77,True,True
2020,Colorado,CO,State House,52,general,Donna Walter,Republican,20528.0,36.23,False,False
2020,Colorado,CO,State House,53,general,Jennifer Arndt,Democratic,32184.0,75.32,True,True
2020,Colorado,CO,State House,53,general,Adam Shuknecht,Libertarian,10543.0,24.68,False,False
2020,Colorado,CO,State House,54,general,Matt Soper,Republican,34112.0,74.44,True,True
2020,Colorado,CO,State House,54,general,AliceMarie Slaven-Emond,Democratic,11715.0,25.56,False,False
2020,Colorado,CO,State House,55,general,Janice Rich,Republican,30773.0,64.07,True,True
2020,Colorado,CO,State House,55,general,Scott Beilfuss,Democratic,15570.0,32.42,False,False
2020,Colorado,CO,State House,55,general,Sierra Garcia,Green,1688.0,3.51,False,False
2020,Colorado,CO,State House,56,general,Rod Bockenfeld,Republican,35520.0,57.44,True,True
2020,Colorado,CO,State House,56,general,Giugi Carminati,Democratic,23790.0,38.47,False,False
2020,Colorado,CO,State House,56,general,Kevin Gulbranson,Libertarian,2531.0,4.09,False,False
2020,Colorado,CO,State House,57,general,Perry Will,Republican,25433.0,63.38,True,True
2020,Colorado,CO,State House,57,general,Colin Wilhelm,Democratic,14692.0,36.62,False,False
2020,Colorado,CO,State House,58,general,Marc Catlin,Republican,29424.0,64.92,True,True
2020,Colorado,CO,State House,58,general,Seth Cagin,Democratic,15897.0,35.08,False,False
2020,Colorado,CO,State House,59,general,Barbara McLachlan,Democratic,29524.0,55.38,True,True
2020,Colorado,CO,State House,59,general,Marilyn Harris,Republican,23788.0,44.62,False,False
2020,Colorado,CO,State House,60,general,Ron Hanks,Republican,30817.0,62.41,True,False
2020,Colorado,CO,State House,60,general,Lori Boydston,Democratic,18563.0,37.59,False,False
2020,Colorado,CO,State House,61,general,Julie McCluskie,Democratic,31228.0,60.43,True,True
2020,Colorado,CO,State House,61,general,Kim McGahey,Republican,20448.0,39.57,False,False
2020,Colorado,CO,State House,62,general,Donald Valdez,Democratic,22945.0,57.81,True,True
2020,Colorado,CO,State House,62,general,Logan Taggart,Republican,16742.0,42.19,False,False
2020,Colorado,CO,State House,63,general,Dan Woog,Republican,35064.0,59.75,True,False
2020,Colorado,CO,State House,63,general,Gen Schneider,Democratic,20906.0,35.63,False,False
2020,Colorado,CO,State House,63,general,Joe Johnson,Libertarian,2711.0,4.62,False,False
2020,Colorado,CO,State House,64,general,Richard Holtorf,Republican,31908.0,72.88,True,True
2020,Colorado,CO,State House,64,general,Dean Ormiston,Democratic,11876.0,27.12,False,False
2020,Colorado,CO,State House,65,general,Rod Pelton,Republican,31857.0,100.0,True,True
2020,Connecticut,CT,State House,1,general,Matthew Ritter,Democratic,5198.0,91.77,True,True
2020,Connecticut,CT,State House,1,general,Mark Stewart Greenstein,Epic,290.0,5.12,False,False
2020,Connecticut,CT,State House,1,general,Daniel Piper,Resurgence,176.0,3.11,False,False
2020,Connecticut,CT,State House,2,general,Raghib Allie-Brennan,Democratic,7136.0,51.29,True,True
2020,Connecticut,CT,State House,2,general,Dan E. Carter,Republican,6215.0,44.08,False,False
2020,Connecticut,CT,State House,3,general,Minnie Gonzalez,Democratic,3983.0,100.0,True,True
2020,Connecticut,CT,State House,4,general,Julio Concepcion,Democratic,3944.0,86.09,True,True
2020,Connecticut,CT,State House,4,general,Barry J. D'Andrea,Republican,637.0,13.91,False,False
2020,Connecticut,CT,State House,5,general,Brandon McGee,Democratic,8140.0,84.4,True,True
2020,Connecticut,CT,State House,5,general,Charles Jackson,Republican,1505.0,13.51,False,False
2020,Connecticut,CT,State House,6,general,Edwin Vargas,Democratic,5478.0,93.43,True,True
2020,Connecticut,CT,State House,7,general,Joshua M. Hall,Democratic,5663.0,100.0,True,True
2020,Connecticut,CT,State House,8,general,Tim Ackert,Republican,9128.0,60.85,True,True
2020,Connecticut,CT,State House,8,general,Brenda Falusi,Democratic,5874.0,39.15,False,False
2020,Connecticut,CT,State House,9,general,Jason Rojas,Democratic,7343.0,66.53,True,True
2020,Connecticut,CT,State House,9,general,Cathy Hopperstad,Republican,3694.0,31.29,False,False
2020,Connecticut,CT,State House,10,general,Henry Genga,Democratic,7028.0,100.0,True,True
2020,Connecticut,CT,State House,11,general,Jeffrey Currey,Democratic,5845.0,69.72,True,True
2020,Connecticut,CT,State House,11,general,Matt Harper,Republican,2539.0,27.78,False,False
2020,Connecticut,CT,State House,12,general,Geoff Luxenberg,Democratic,7868.0,63.69,True,True
2020,Connecticut,CT,State House,12,general,Jeff Sullivan,Republican,3841.0,32.8,False,False
2020,Connecticut,CT,State House,13,general,Jason Doucette,Democratic,8155.0,60.38,True,True
2020,Connecticut,CT,State House,13,general,Brian Marois,Republican,4769.0,35.23,False,False
2020,Connecticut,CT,State House,14,general,Tom Delnicki,Republican,7753.0,49.42,True,True
2020,Connecticut,CT,State House,14,general,Genevieve Coursey,Democratic,6621.0,44.17,False,False
2020,Connecticut,CT,State House,15,general,Bobby Gibson,Democratic,11195.0,85.74,True,True
2020,Connecticut,CT,State House,15,general,Danielle Cecil Wong,Petitioning,1323.0,10.57,False,False
2020,Connecticut,CT,State House,16,general,John Hampton,Democratic,11730.0,100.0,True,True
2020,Connecticut,CT,State House,17,general,Eleni Kavros DeGraw,Democratic,7832.0,50.13,True,False
2020,Connecticut,CT,State House,17,general,Leslee Hill,Republican,7280.0,46.13,False,False
2020,Connecticut,CT,State House,18,general,Jillian Gilchrest,Democratic,9030.0,72.72,True,True
2020,Connecticut,CT,State House,18,general,Rick Bush,Republican,3387.0,27.28,False,False
2020,Connecticut,CT,State House,19,general,Tammy Exum,Democratic,11682.0,100.0,True,True
2020,Connecticut,CT,State House,20,general,Kate Farrar,Democratic,9248.0,90.64,True,False
2020,Connecticut,CT,State House,21,general,Mike Demicco,Democratic,8878.0,59.5,True,True
2020,Connecticut,CT,State House,21,general,John W. Brockelman,Republican,5316.0,36.19,False,False
2020,Connecticut,CT,State House,21,general,David Paul Kramer,Independent,224.0,1.53,False,False
2020,Connecticut,CT,State House,22,general,William Petit,Republican,8797.0,79.63,True,True
2020,Connecticut,CT,State House,23,general,Devin Carney,Republican,8933.0,52.55,True,True
2020,Connecticut,CT,State House,23,general,David A. Rubino,Democratic,7260.0,43.62,False,False
2020,Connecticut,CT,State House,24,general,Manny Sanchez,Democratic,5983.0,61.2,True,False
2020,Connecticut,CT,State House,24,general,Alden Russell,Republican,3262.0,34.02,False,False
2020,Connecticut,CT,State House,25,general,Robert Sanchez,Democratic,4160.0,69.24,True,True
2020,Connecticut,CT,State House,25,general,Jerrell Hargraves,Republican,1503.0,26.54,False,False
2020,Connecticut,CT,State House,26,general,Peter Tercyak,Democratic,4900.0,61.1,True,True
2020,Connecticut,CT,State House,26,general,Piotr S. Ceglarz,Republican,2420.0,31.8,False,False
2020,Connecticut,CT,State House,26,general,Jonathan Milon Johnson,Libertarian,291.0,3.82,False,False
2020,Connecticut,CT,State House,27,general,Gary Turco,Democratic,8250.0,57.49,True,True
2020,Connecticut,CT,State House,27,general,Michael Camillo,Republican,5375.0,38.04,False,False
2020,Connecticut,CT,State House,28,general,Amy Morrin Bello,Democratic,8063.0,53.61,True,True
2020,Connecticut,CT,State House,28,general,Patrick Pentalow,Republican,6146.0,42.75,False,False
2020,Connecticut,CT,State House,28,general,Henry Thayer,Independent,168.0,1.17,False,False
2020,Connecticut,CT,State House,29,general,Kerry Szeps Wood,Democratic,7776.0,57.86,True,True
2020,Connecticut,CT,State House,29,general,Henry Vasel,Republican,5663.0,40.32,False,False
2020,Connecticut,CT,State House,30,general,Donna Veach,Republican,8268.0,55.68,True,False
2020,Connecticut,CT,State House,30,general,JoAnn Angelico-Stetson,Democratic,6581.0,42.21,False,False
2020,Connecticut,CT,State House,31,general,Jill Barry,Democratic,8521.0,53.01,True,True
2020,Connecticut,CT,State House,31,general,Chip Beckett,Republican,7552.0,44.22,False,False
2020,Connecticut,CT,State House,32,general,Christie Carpino,Republican,10999.0,77.5,True,True
2020,Connecticut,CT,State House,33,general,Brandon Chafee,Democratic,7075.0,59.98,True,False
2020,Connecticut,CT,State House,33,general,Linda Szynkowicz,Republican,3959.0,33.43,False,False
2020,Connecticut,CT,State House,34,general,Irene Haines,Republican,7912.0,55.79,True,True
2020,Connecticut,CT,State House,34,general,Judd Melon,Democratic,6044.0,41.01,False,False
2020,Connecticut,CT,State House,34,general,Lance Lusignan,Independent,227.0,1.6,False,False
2020,Connecticut,CT,State House,35,general,John L. Hall III,Republican,6793.0,47.78,False,False
2020,Connecticut,CT,State House,35,general,Christine Goupil,Democratic,7067.0,46.77,True,False
2020,Connecticut,CT,State House,35,general,John May,Green,358.0,2.52,False,False
2020,Connecticut,CT,State House,36,general,Christine Palm,Democratic,8411.0,52.66,True,True
2020,Connecticut,CT,State House,36,general,Robert Siegrist,Republican,6977.0,42.95,False,False
2020,Connecticut,CT,State House,37,general,Holly Cheeseman,Republican,7118.0,48.45,True,True
2020,Connecticut,CT,State House,37,general,Cate Steel,Democratic,6918.0,47.73,False,False
2020,Connecticut,CT,State House,38,general,Baird Welch-Collins,Democratic,6924.0,48.78,False,False
2020,Connecticut,CT,State House,38,general,Kathleen McCarty,Republican,7269.0,48.14,True,True
2020,Connecticut,CT,State House,39,general,Anthony Nolan,Democratic,5079.0,71.52,True,True
2020,Connecticut,CT,State House,39,general,Kat Goulart,Republican,1280.0,19.4,False,False
2020,Connecticut,CT,State House,39,general,Erycka Ortiz,Green,238.0,3.61,False,False
2020,Connecticut,CT,State House,40,general,Christine Conley,Democratic,5253.0,56.15,True,True
2020,Connecticut,CT,State House,40,general,Lauren Gauthier,Republican,3671.0,38.7,False,False
2020,Connecticut,CT,State House,41,general,Joe de la Cruz,Democratic,8744.0,91.3,True,True
2020,Connecticut,CT,State House,42,general,Mike France,Republican,6324.0,50.75,True,True
2020,Connecticut,CT,State House,42,general,Matt Green,Democratic,5428.0,43.33,False,False
2020,Connecticut,CT,State House,42,general,Robert W. Lawrence,Petitioning,96.0,0.81,False,False
2020,Connecticut,CT,State House,43,general,Kate Rotella,Democratic,7348.0,49.02,False,True
2020,Connecticut,CT,State House,43,general,Greg Howard,Republican,7643.0,47.19,True,False
2020,Connecticut,CT,State House,44,general,Anne Dauphinais,Republican,6545.0,57.12,True,True
2020,Connecticut,CT,State House,44,general,Christine Rosati Randall,Democratic,4320.0,36.93,False,False
2020,Connecticut,CT,State House,45,general,Brian Lanoue,Republican,6640.0,56.57,True,True
2020,Connecticut,CT,State House,45,general,Mark DePonte,Democratic,4790.0,40.81,False,False
2020,Connecticut,CT,State House,45,general,Daniel Reale,Independent,308.0,2.62,False,False
2020,Connecticut,CT,State House,46,general,Emmett Riley,Democratic,4918.0,58.66,True,True
2020,Connecticut,CT,State House,46,general,Robert Bell,Republican,2967.0,34.38,False,False
2020,Connecticut,CT,State House,47,general,Doug Dubitsky,Republican,7672.0,53.97,True,True
2020,Connecticut,CT,State House,47,general,Kate Donnelly,Democratic,5882.0,40.99,False,False
2020,Connecticut,CT,State House,48,general,Brian Smith,Democratic,7278.0,50.71,True,True
2020,Connecticut,CT,State House,48,general,Julie Shilosky,Republican,6369.0,44.24,False,False
2020,Connecticut,CT,State House,49,general,Susan Johnson,Democratic,5632.0,87.0,True,True
2020,Connecticut,CT,State House,50,general,Pat Boyd,Democratic,8564.0,100.0,True,True
2020,Connecticut,CT,State House,51,general,Rick Hayes,Republican,6593.0,53.3,True,True
2020,Connecticut,CT,State House,51,general,Larry Groh Jr.,Democratic,4961.0,42.94,False,False
2020,Connecticut,CT,State House,52,general,Kurt Vail,Republican,7606.0,61.18,True,True
2020,Connecticut,CT,State House,52,general,Greg Post,Democratic,4171.0,33.65,False,False
2020,Connecticut,CT,State House,53,general,Tammy Nuccio,Republican,7168.0,48.82,True,False
2020,Connecticut,CT,State House,53,general,Pat Wilson Pheanious,Democratic,6695.0,46.14,False,True
2020,Connecticut,CT,State House,54,general,Gregory Haddad,Democratic,4981.0,90.16,True,True
2020,Connecticut,CT,State House,55,general,Robin Green,Republican,7491.0,49.05,True,True
2020,Connecticut,CT,State House,55,general,John Collins,Democratic,7125.0,46.65,False,False
2020,Connecticut,CT,State House,55,general,Salvatore V. Sena Jr.,Petitioning,656.0,4.3,False,False
2020,Connecticut,CT,State House,56,general,Michael Winkler,Democratic,6881.0,55.19,True,True
2020,Connecticut,CT,State House,56,general,Laura B. Bush,Republican,5066.0,40.03,False,False
2020,Connecticut,CT,State House,57,general,David E. Stavens,Republican,6346.0,48.29,False,False
2020,Connecticut,CT,State House,57,general,Jaime Foster,Democratic,6795.0,47.11,True,False
2020,Connecticut,CT,State House,58,general,Tom Arnone,Democratic,5992.0,52.4,True,True
2020,Connecticut,CT,State House,58,general,Mary Ann Turner,Republican,4711.0,44.02,False,False
2020,Connecticut,CT,State House,59,general,Carol Hall,Republican,5870.0,49.71,True,True
2020,Connecticut,CT,State House,59,general,Gerald Calnen,Democratic,5006.0,46.03,False,False
2020,Connecticut,CT,State House,60,general,Jane Garibay,Democratic,7274.0,54.76,True,True
2020,Connecticut,CT,State House,60,general,Scott A. Storms,Republican,6009.0,41.03,False,False
2020,Connecticut,CT,State House,61,general,Tami Zawistowski,Republican,7851.0,54.1,True,True
2020,Connecticut,CT,State House,61,general,Jack Henrie,Democratic,5535.0,41.35,False,False
2020,Connecticut,CT,State House,62,general,Mark W. Anderson,Republican,8613.0,53.5,True,False
2020,Connecticut,CT,State House,62,general,Audrey Lampert,Democratic,6713.0,43.8,False,False
2020,Connecticut,CT,State House,63,general,Jay Case,Republican,7981.0,68.77,True,True
2020,Connecticut,CT,State House,63,general,Noel Rodriquez,Democratic,3624.0,28.66,False,False
2020,Connecticut,CT,State House,64,general,Maria Horn,Democratic,7152.0,49.66,True,True
2020,Connecticut,CT,State House,64,general,Brian M. Ohler,Republican,6675.0,44.88,False,False
2020,Connecticut,CT,State House,65,general,Michelle Cook,Democratic,4728.0,47.53,True,True
2020,Connecticut,CT,State House,65,general,Christopher Beyus,Republican,4477.0,45.59,False,False
2020,Connecticut,CT,State House,65,general,Don Vaniah Alexander,Green,54.0,0.58,False,False
2020,Connecticut,CT,State House,66,general,David T. Wilson,Republican,8500.0,55.34,True,True
2020,Connecticut,CT,State House,66,general,Matthew D. Dyer,Democratic,6334.0,41.27,False,False
2020,Connecticut,CT,State House,67,general,Bill Buckbee,Republican,7810.0,56.1,True,True
2020,Connecticut,CT,State House,67,general,Hilary Ram,Democratic,5061.0,37.73,False,False
2020,Connecticut,CT,State House,68,general,Joseph Polletta,Republican,8753.0,64.59,True,True
2020,Connecticut,CT,State House,68,general,Sean Butterly,Democratic,4342.0,33.16,False,False
2020,Connecticut,CT,State House,69,general,Cindy Harrison,Republican,7972.0,51.55,True,False
2020,Connecticut,CT,State House,69,general,Michele Zommer,Democratic,7493.0,48.45,False,False
2020,Connecticut,CT,State House,70,general,Rosa Rebimbas,Republican,6547.0,59.89,True,True
2020,Connecticut,CT,State House,70,general,Stephen Samela,Democratic,4384.0,40.11,False,False
2020,Connecticut,CT,State House,71,general,Anthony D'Amelio,Republican,7501.0,100.0,True,True
2020,Connecticut,CT,State House,72,general,Larry Butler,Democratic,4503.0,69.18,True,True
2020,Connecticut,CT,State House,72,general,Vernon R. Matthews,Republican,1668.0,27.03,False,False
2020,Connecticut,CT,State House,73,general,Ronald Napoli Jr.,Democratic,7093.0,80.39,True,True
2020,Connecticut,CT,State House,74,general,Michael DiGiovancarlo,Democratic,4457.0,50.56,True,False
2020,Connecticut,CT,State House,74,general,Stephanie Cummings,Republican,3970.0,42.0,False,True
2020,Connecticut,CT,State House,75,general,Geraldo Reyes Jr.,Democratic,3542.0,100.0,True,True
2020,Connecticut,CT,State House,76,general,John Piscopo,Republican,9175.0,59.11,True,True
2020,Connecticut,CT,State House,76,general,Paul Honig,Democratic,5676.0,38.22,False,False
2020,Connecticut,CT,State House,77,general,Cara Pavalock-D'Amato,Republican,6509.0,49.43,True,True
2020,Connecticut,CT,State House,77,general,Andrew M. Rasmussen-Tuller,Democratic,5788.0,47.07,False,False
2020,Connecticut,CT,State House,78,general,Whit Betts,Republican,8376.0,74.94,True,True
2020,Connecticut,CT,State House,78,general,Aileen Abrams,Independent,2801.0,25.06,False,False
2020,Connecticut,CT,State House,79,general,Christopher Ziogas,Democratic,5450.0,52.62,True,True
2020,Connecticut,CT,State House,79,general,David Rackliffe,Republican,4908.0,44.34,False,False
2020,Connecticut,CT,State House,80,general,Gale Mastrofrancesco,Republican,8559.0,61.82,True,True
2020,Connecticut,CT,State House,80,general,John Corky Mazurek,Democratic,5287.0,34.19,False,False
2020,Connecticut,CT,State House,81,general,John Fusco,Republican,7860.0,55.04,True,True
2020,Connecticut,CT,State House,81,general,Dagmara Scalise,Democratic,5542.0,41.35,False,False
2020,Connecticut,CT,State House,82,general,Michael D. Quinn,Democratic,6123.0,49.4,True,False
2020,Connecticut,CT,State House,82,general,Mike Skelps,Republican,5227.0,44.44,False,False
2020,Connecticut,CT,State House,82,general,Ernestine Holloway,Independent,412.0,3.5,False,False
2020,Connecticut,CT,State House,83,general,Catherine Abercrombie,Democratic,6143.0,51.4,True,True
2020,Connecticut,CT,State House,83,general,Lou Arata,Republican,5809.0,46.49,False,False
2020,Connecticut,CT,State House,84,general,Hilda Santiago,Democratic,4412.0,63.85,True,True
2020,Connecticut,CT,State House,84,general,Richard Cordero,Republican,2022.0,31.43,False,False
2020,Connecticut,CT,State House,85,general,Mary Mushinsky,Democratic,6255.0,51.15,True,True
2020,Connecticut,CT,State House,85,general,Weston Ulbrich,Republican,5586.0,45.46,False,False
2020,Connecticut,CT,State House,86,general,Vincent Candelora,Republican,9063.0,61.37,True,True
2020,Connecticut,CT,State House,86,general,Vincent J. Mase Sr.,Democratic,4783.0,34.54,False,False
2020,Connecticut,CT,State House,87,general,Dave Yaccarino,Republican,10375.0,64.3,True,True
2020,Connecticut,CT,State House,87,general,Kathy Grant,Democratic,4805.0,30.23,False,False
2020,Connecticut,CT,State House,88,general,Josh Elliott,Democratic,6710.0,63.51,True,True
2020,Connecticut,CT,State House,88,general,Kathleen Hoyt,Republican,3355.0,33.33,False,False
2020,Connecticut,CT,State House,89,general,Lezlye Zupkus,Republican,9366.0,60.27,True,True
2020,Connecticut,CT,State House,89,general,E.J. Maher,Democratic,5351.0,36.36,False,False
2020,Connecticut,CT,State House,90,general,Craig C. Fishbein,Republican,6748.0,47.85,True,True
2020,Connecticut,CT,State House,90,general,Jim Jinks,Democratic,7048.0,47.53,False,False
2020,Connecticut,CT,State House,90,general,Craig Fishbein,Independent,307.0,2.18,True,True
2020,Connecticut,CT,State House,91,general,Michael D'Agostino,Democratic,9680.0,88.91,True,True
2020,Connecticut,CT,State House,91,general,Weruche U. George,Petitioning,1208.0,11.09,False,False
2020,Connecticut,CT,State House,92,general,Patricia Dillon,Democratic,8307.0,92.64,True,True
2020,Connecticut,CT,State House,93,general,Toni Walker,Democratic,5816.0,100.0,True,True
2020,Connecticut,CT,State House,94,general,Robyn Porter,Democratic,7536.0,100.0,True,True
2020,Connecticut,CT,State House,95,general,Juan Candelaria,Democratic,4129.0,100.0,True,True
2020,Connecticut,CT,State House,96,general,Roland Lemar,Democratic,7435.0,69.78,True,True
2020,Connecticut,CT,State House,96,general,Eric Michael Mastroianni Sr.,Republican,2306.0,22.09,False,False
2020,Connecticut,CT,State House,97,general,Alphonse Paolillo,Democratic,6042.0,76.08,True,True
2020,Connecticut,CT,State House,97,general,Erin Reilly,Republican,1900.0,21.97,False,False
2020,Connecticut,CT,State House,98,general,Sean Scanlon,Democratic,11534.0,90.72,True,True
2020,Connecticut,CT,State House,99,general,Joe Zullo,Republican,6775.0,55.0,True,True
2020,Connecticut,CT,State House,99,general,Dave Yaccarino,Democratic,4795.0,39.33,False,False
2020,Connecticut,CT,State House,100,general,Quentin Phipps,Democratic,7431.0,60.58,True,True
2020,Connecticut,CT,State House,100,general,Tony Gennaro,Republican,3945.0,34.68,False,False
2020,Connecticut,CT,State House,101,general,John-Michael Parker,Democratic,8241.0,50.07,True,False
2020,Connecticut,CT,State House,101,general,Noreen Kokoruda,Republican,7102.0,46.29,False,True
2020,Connecticut,CT,State House,102,general,Robin Comey,Democratic,8097.0,55.39,True,True
2020,Connecticut,CT,State House,102,general,Marc Riccio,Republican,5932.0,40.54,False,False
2020,Connecticut,CT,State House,103,general,Liz Linehan,Democratic,6355.0,50.48,True,True
2020,Connecticut,CT,State House,103,general,Pam Salamone,Republican,6235.0,47.32,False,False
2020,Connecticut,CT,State House,104,general,Kara Rochelle,Democratic,5910.0,53.92,True,True
2020,Connecticut,CT,State House,104,general,Myra Rivers,Republican,4004.0,40.39,False,False
2020,Connecticut,CT,State House,105,general,Nicole Klarides-Ditria,Republican,8997.0,67.13,True,True
2020,Connecticut,CT,State House,105,general,Christopher E. Bowen,Democratic,4405.0,32.87,False,False
2020,Connecticut,CT,State House,106,general,Mitch Bolinsky,Republican,7331.0,51.36,True,True
2020,Connecticut,CT,State House,106,general,Rebekah Harriman-Stites,Democratic,6944.0,46.64,False,False
2020,Connecticut,CT,State House,107,general,Stephen Harding,Republican,8734.0,54.7,True,True
2020,Connecticut,CT,State House,107,general,Kerri Colombo,Democratic,6345.0,40.36,False,False
2020,Connecticut,CT,State House,108,general,Patrick Callahan,Republican,7002.0,54.83,True,False
2020,Connecticut,CT,State House,108,general,Danette Onofrio,Democratic,5768.0,45.17,False,False
2020,Connecticut,CT,State House,109,general,David Arconti,Democratic,5467.0,58.18,True,True
2020,Connecticut,CT,State House,109,general,Michael Henry,Republican,3417.0,36.84,False,False
2020,Connecticut,CT,State House,110,general,Bob Godfrey,Democratic,4207.0,65.57,True,True
2020,Connecticut,CT,State House,110,general,Erin M. Domenech,Republican,1913.0,29.54,False,False
2020,Connecticut,CT,State House,111,general,Aimee Berger-Girvalo,Democratic,8044.0,52.41,True,False
2020,Connecticut,CT,State House,111,general,Bob Hebert,Republican,7305.0,44.59,False,False
2020,Connecticut,CT,State House,112,general,J.P. Sredzinski,Republican,10526.0,81.41,True,True
2020,Connecticut,CT,State House,113,general,Jason Perillo,Republican,8010.0,64.12,True,True
2020,Connecticut,CT,State House,113,general,Elaine Matto,Democratic,4483.0,35.88,False,False
2020,Connecticut,CT,State House,114,general,Mary Welander,Democratic,7364.0,50.75,True,False
2020,Connecticut,CT,State House,114,general,Dan DeBarba,Republican,6588.0,45.22,False,False
2020,Connecticut,CT,State House,115,general,Dorinda Keenan Borer,Democratic,7303.0,88.83,True,True
2020,Connecticut,CT,State House,116,general,Michael DiMassa,Democratic,5622.0,92.1,True,True
2020,Connecticut,CT,State House,117,general,Charles Ferraro,Republican,7353.0,53.91,True,True
2020,Connecticut,CT,State House,117,general,Tony Sutton,Democratic,6287.0,43.14,False,False
2020,Connecticut,CT,State House,118,general,Frank Smith,Democratic,7200.0,52.83,True,False
2020,Connecticut,CT,State House,118,general,Erik A. Smith,Republican,5876.0,42.35,False,False
2020,Connecticut,CT,State House,119,general,Kathy Kennedy,Republican,7260.0,50.53,True,True
2020,Connecticut,CT,State House,119,general,Bryan Anderson,Democratic,7107.0,46.22,False,False
2020,Connecticut,CT,State House,120,general,Philip L. Young,Democratic,6869.0,51.7,True,True
2020,Connecticut,CT,State House,120,general,Jim Feehan,Republican,6418.0,45.51,False,False
2020,Connecticut,CT,State House,121,general,Joseph P. Gresko,Democratic,7303.0,69.3,True,True
2020,Connecticut,CT,State House,121,general,Edward J. Scinto,Republican,3235.0,30.7,False,False
2020,Connecticut,CT,State House,122,general,Ben McGorty,Republican,8673.0,59.11,True,True
2020,Connecticut,CT,State House,122,general,Jose Goncalves,Democratic,6000.0,40.89,False,False
2020,Connecticut,CT,State House,123,general,David Rutigliano,Republican,7123.0,48.65,True,True
2020,Connecticut,CT,State House,123,general,Sujata Gadkar-Wilcox,Democratic,6888.0,47.14,False,False
2020,Connecticut,CT,State House,124,general,Andre Baker,Democratic,5337.0,82.78,True,True
2020,Connecticut,CT,State House,124,general,Jasmin Sanchez,Republican,961.0,14.91,False,False
2020,Connecticut,CT,State House,124,general,Wilfredo Martinez,Independent,149.0,2.31,False,False
2020,Connecticut,CT,State House,125,general,Tom O'Dea,Republican,9762.0,100.0,True,True
2020,Connecticut,CT,State House,126,general,Charlie Stallworth,Democratic,7254.0,82.53,True,True
2020,Connecticut,CT,State House,126,general,Lee V. Grisby II,Republican,1535.0,17.47,False,False
2020,Connecticut,CT,State House,127,general,John F. Hennessy,Democratic,5523.0,73.32,True,True
2020,Connecticut,CT,State House,127,general,Peter Perillo,Republican,1848.0,24.53,False,False
2020,Connecticut,CT,State House,127,general,Robert T. Keeley Jr.,Petitioning,162.0,2.15,False,False
2020,Connecticut,CT,State House,128,general,Christopher Rosario,Democratic,3359.0,79.79,True,True
2020,Connecticut,CT,State House,128,general,Ethan Book Jr.,Republican,792.0,16.41,False,False
2020,Connecticut,CT,State House,128,general,Wanda R. Simmons,Petitioning,59.0,1.4,False,False
2020,Connecticut,CT,State House,129,general,Steven Stafstrom,Democratic,5690.0,77.08,True,True
2020,Connecticut,CT,State House,129,general,Helene S. Kouassi,Republican,1502.0,20.35,False,False
2020,Connecticut,CT,State House,129,general,Robert E. Halstead,Petitioning,190.0,2.57,False,False
2020,Connecticut,CT,State House,130,general,Antonio Felipe,Democratic,4490.0,85.36,True,True
2020,Connecticut,CT,State House,130,general,Terrence A. Sullivan,Republican,770.0,14.64,False,False
2020,Connecticut,CT,State House,131,general,David Labriola,Republican,10295.0,100.0,True,True
2020,Connecticut,CT,State House,132,general,Jennifer Leeper,Democratic,7637.0,49.32,True,False
2020,Connecticut,CT,State House,132,general,Brian Farnen,Republican,7344.0,45.96,False,True
2020,Connecticut,CT,State House,133,general,Cristin McCarthy Vahey,Democratic,7868.0,62.65,True,True
2020,Connecticut,CT,State House,133,general,Joanne Romano-Csonka,Republican,4233.0,33.52,False,False
2020,Connecticut,CT,State House,134,general,Laura Devlin,Republican,7344.0,52.04,True,True
2020,Connecticut,CT,State House,134,general,Carla Volpe,Democratic,6769.0,45.44,False,False
2020,Connecticut,CT,State House,135,general,Anne Meiman Hughes,Democratic,8662.0,56.88,True,True
2020,Connecticut,CT,State House,135,general,John Shaban,Republican,6567.0,40.81,False,False
2020,Connecticut,CT,State House,136,general,Jonathan Steinberg,Democratic,10567.0,66.51,True,True
2020,Connecticut,CT,State House,136,general,Chip Stephens,Republican,5322.0,33.49,False,False
2020,Connecticut,CT,State House,137,general,Chris Perone,Democratic,7813.0,66.61,True,True
2020,Connecticut,CT,State House,137,general,Ellen G. Wink,Republican,3917.0,30.85,False,False
2020,Connecticut,CT,State House,138,general,Kenneth Gucker,Democratic,6832.0,51.48,True,True
2020,Connecticut,CT,State House,138,general,Emile Buzaid,Republican,5853.0,44.0,False,False
2020,Connecticut,CT,State House,139,general,Kevin Ryan,Democratic,5743.0,51.54,True,True
2020,Connecticut,CT,State House,139,general,Caleb Espinosa,Republican,4768.0,42.52,False,False
2020,Connecticut,CT,State House,140,general,Travis Simms,Democratic,5861.0,78.11,True,True
2020,Connecticut,CT,State House,140,general,John J. Flynn,Republican,1643.0,21.89,False,False
2020,Connecticut,CT,State House,141,general,Terrie Wood,Republican,10965.0,80.19,True,True
2020,Connecticut,CT,State House,142,general,Lucy Dathan,Democratic,7916.0,53.6,True,True
2020,Connecticut,CT,State House,142,general,Fred Wilms,Republican,6352.0,41.87,False,False
2020,Connecticut,CT,State House,143,general,Stephanie Thomas,Democratic,8362.0,53.7,True,False
2020,Connecticut,CT,State House,143,general,Patrizia Zucaro,Republican,6730.0,42.47,False,False
2020,Connecticut,CT,State House,144,general,Caroline Simmons,Democratic,9106.0,100.0,True,True
2020,Connecticut,CT,State House,145,general,Patricia Billie Miller,Democratic,5898.0,77.26,True,True
2020,Connecticut,CT,State House,145,general,J.D. Ospina,Republican,1736.0,22.74,False,False
2020,Connecticut,CT,State House,146,general,David Michel,Democratic,8147.0,70.49,True,True
2020,Connecticut,CT,State House,146,general,George Hallenbeck,Republican,3410.0,29.51,False,False
2020,Connecticut,CT,State House,147,general,Matt Blumenthal,Democratic,8451.0,62.02,True,True
2020,Connecticut,CT,State House,147,general,Dan Maymin,Republican,5176.0,37.98,False,False
2020,Connecticut,CT,State House,148,general,Daniel J. Fox,Democratic,6519.0,76.03,True,True
2020,Connecticut,CT,State House,148,general,Wilm Donath,Republican,2055.0,23.97,False,False
2020,Connecticut,CT,State House,149,general,Kimberly Fiorello,Republican,7203.0,49.09,True,False
2020,Connecticut,CT,State House,149,general,Kathleen Stowe,Democratic,6809.0,48.59,False,False
2020,Connecticut,CT,State House,150,general,Steve Meskers,Democratic,6714.0,54.92,True,True
2020,Connecticut,CT,State House,150,general,Joe Kelly,Republican,5512.0,42.74,False,False
2020,Connecticut,CT,State House,151,general,Harry Arora,Republican,7332.0,53.1,True,True
2020,Connecticut,CT,State House,151,general,Hector Arzeno,Democratic,6477.0,46.9,False,False
2020,Delaware,DE,State House,1,general,Nnamdi Chukwuocha,Democratic,9228.0,100.0,True,True
2020,Delaware,DE,State House,2,general,Stephanie Bolden,Democratic,6474.0,100.0,True,True
2020,Delaware,DE,State House,3,general,Sherry Dorsey Walker,Democratic,5772.0,100.0,True,True
2020,Delaware,DE,State House,4,general,Gerald Brady,Democratic,9330.0,70.02,True,True
2020,Delaware,DE,State House,4,general,Jordan Nally,Republican,3995.0,29.98,False,False
2020,Delaware,DE,State House,5,general,Kendra Johnson,Democratic,8738.0,100.0,True,True
2020,Delaware,DE,State House,6,general,Debra Heffernan,Democratic,10097.0,100.0,True,True
2020,Delaware,DE,State House,7,general,Larry Lambert,Democratic,8208.0,67.15,True,False
2020,Delaware,DE,State House,7,general,James Haubrich,Republican,3829.0,31.33,False,False
2020,Delaware,DE,State House,7,general,Scott Gesty,Libertarian,186.0,1.52,False,False
2020,Delaware,DE,State House,8,general,Sherae'a Moore,Democratic,7567.0,56.97,True,False
2020,Delaware,DE,State House,8,general,Daniel Zitofsky,Republican,5715.0,43.03,False,False
2020,Delaware,DE,State House,9,general,Kevin Hensley,Republican,9812.0,54.8,True,True
2020,Delaware,DE,State House,9,general,Debbie Harrington,Democratic,8094.0,45.2,False,False
2020,Delaware,DE,State House,10,general,Sean Matthews,Democratic,8977.0,100.0,True,True
2020,Delaware,DE,State House,11,general,Jeffrey Spiegelman,Republican,8808.0,100.0,True,True
2020,Delaware,DE,State House,12,general,Krista Griffith,Democratic,9259.0,59.96,True,True
2020,Delaware,DE,State House,12,general,Jeffrey Cragg,Republican,6183.0,40.04,False,False
2020,Delaware,DE,State House,13,general,Larry Mitchell,Democratic,7546.0,100.0,True,True
2020,Delaware,DE,State House,14,general,Peter Schwartzkopf,Democratic,12822.0,100.0,True,True
2020,Delaware,DE,State House,15,general,Valerie Longhurst,Democratic,9112.0,67.85,True,True
2020,Delaware,DE,State House,15,general,Michael Higgin,Republican,4091.0,30.46,False,False
2020,Delaware,DE,State House,15,general,Amy Merlino,Libertarian,227.0,1.69,False,False
2020,Delaware,DE,State House,16,general,Franklin Cooke Jr.,Democratic,7679.0,100.0,True,True
2020,Delaware,DE,State House,17,general,Melissa Minor-Brown,Democratic,8001.0,100.0,True,True
2020,Delaware,DE,State House,18,general,David Bentz,Democratic,7772.0,100.0,True,True
2020,Delaware,DE,State House,19,general,Kimberly Williams,Democratic,7374.0,100.0,True,True
2020,Delaware,DE,State House,20,general,Stephen Smyk,Republican,12883.0,100.0,True,True
2020,Delaware,DE,State House,21,general,Michael Ramone,Republican,6703.0,52.56,True,True
2020,Delaware,DE,State House,21,general,Stephanie Barry,Democratic,6051.0,47.44,False,False
2020,Delaware,DE,State House,22,general,Michael Smith,Republican,9383.0,63.31,True,True
2020,Delaware,DE,State House,22,general,Luann D'Agostino,Democratic,5437.0,36.69,False,False
2020,Delaware,DE,State House,23,general,Paul Baumbach,Democratic,6783.0,100.0,True,True
2020,Delaware,DE,State House,24,general,Edward Osienski,Democratic,7181.0,70.17,True,True
2020,Delaware,DE,State House,24,general,Gregory Wilps,Republican,3052.0,29.83,False,False
2020,Delaware,DE,State House,25,general,John Kowalko Jr.,Democratic,6041.0,100.0,True,True
2020,Delaware,DE,State House,26,general,Madinah Wilson-Anton,Democratic,6933.0,71.57,True,False
2020,Delaware,DE,State House,26,general,Timothy S. Conrad,Republican,2754.0,28.43,False,False
2020,Delaware,DE,State House,27,general,Eric Morrison,Democratic,7847.0,61.44,True,False
2020,Delaware,DE,State House,27,general,"Donald Carl ""Tripp"" Keister III",Republican,4700.0,36.8,False,False
2020,Delaware,DE,State House,27,general,William Hinds,Libertarian,225.0,1.76,False,False
2020,Delaware,DE,State House,28,general,William Carson Jr.,Democratic,8167.0,100.0,True,True
2020,Delaware,DE,State House,29,general,William Bush IV,Democratic,7687.0,55.83,True,True
2020,Delaware,DE,State House,29,general,Robin Hayes,Republican,6081.0,44.17,False,False
2020,Delaware,DE,State House,30,general,Shannon Morris,Republican,7105.0,68.1,True,True
2020,Delaware,DE,State House,30,general,Chuck Groce,Democratic,3328.0,31.9,False,False
2020,Delaware,DE,State House,31,general,Sean Lynn,Democratic,6889.0,69.21,True,True
2020,Delaware,DE,State House,31,general,Richard Harpster,Republican,3065.0,30.79,False,False
2020,Delaware,DE,State House,32,general,Andria Bennett,Democratic,5291.0,63.22,True,True
2020,Delaware,DE,State House,32,general,Cheryl Precourt,Republican,3078.0,36.78,False,False
2020,Delaware,DE,State House,33,general,Charles Postles Jr.,Republican,6813.0,58.46,True,True
2020,Delaware,DE,State House,33,general,Rachael King,Democratic,4841.0,41.54,False,False
2020,Delaware,DE,State House,34,general,Lyndon Yearick,Republican,7350.0,57.32,True,True
2020,Delaware,DE,State House,34,general,Adewunmi Kuforiji,Democratic,5472.0,42.68,False,False
2020,Delaware,DE,State House,35,general,Jesse Vanderwende,Republican,7093.0,68.56,True,True
2020,Delaware,DE,State House,35,general,Darrynn Harris,Democratic,3253.0,31.44,False,False
2020,Delaware,DE,State House,36,general,Bryan Shupe,Republican,7099.0,63.71,True,True
2020,Delaware,DE,State House,36,general,Greg Fuller,Democratic,4043.0,36.29,False,False
2020,Delaware,DE,State House,37,general,Ruth Briggs King,Republican,9760.0,100.0,True,True
2020,Delaware,DE,State House,38,general,Ronald Gray,Republican,15409.0,100.0,True,True
2020,Delaware,DE,State House,39,general,Daniel Short,Republican,7420.0,100.0,True,True
2020,Delaware,DE,State House,40,general,Timothy Dukes,Republican,8534.0,100.0,True,True
2020,Delaware,DE,State House,41,general,Richard Collins,Republican,8983.0,100.0,True,True
2020,Florida,FL,State House,1,general,Michelle Salzman,Republican,57363.0,65.3,True,False
2020,Florida,FL,State House,1,general,Franscine C. Mathis,Democratic,30485.0,34.7,False,False
2020,Florida,FL,State House,2,general,Alex Andrade,Republican,49953.0,55.8,True,True
2020,Florida,FL,State House,2,general,Dianne Krumel,Democratic,39507.0,44.2,False,False
2020,Florida,FL,State House,3,general,Jayer Williamson,Republican,82702.0,76.1,True,True
2020,Florida,FL,State House,3,general,Angela L. Hoover,Democratic,25929.0,23.9,False,False
2020,Florida,FL,State House,4,general,Patt Maney,Republican,70208.0,72.2,True,False
2020,Florida,FL,State House,4,general,John Plante,Democratic,27083.0,27.8,False,False
2020,Florida,FL,State House,4,general,Lance Lawrence,Independent,11.0,0.0,False,False
2020,Florida,FL,State House,6,general,Jay Trumbull,Republican,61456.0,72.0,True,True
2020,Florida,FL,State House,6,general,Alicia Bays,Democratic,23848.0,28.0,False,False
2020,Florida,FL,State House,7,general,Jason Shoaf,Republican,55841.0,73.0,True,False
2020,Florida,FL,State House,7,general,Taymour Khan,Democratic,20696.0,27.0,False,False
2020,Florida,FL,State House,9,general,Allison Tant,Democratic,58868.0,57.8,True,False
2020,Florida,FL,State House,9,general,Jim Kallinger,Republican,42901.0,42.2,False,False
2020,Florida,FL,State House,10,general,Chuck Brannan,Republican,58872.0,78.2,True,True
2020,Florida,FL,State House,10,general,Rock Aboujaoude,Democratic,16456.0,21.8,False,False
2020,Florida,FL,State House,11,general,Cord Byrd,Republican,76422.0,68.2,True,True
2020,Florida,FL,State House,11,general,Joshua Hicks,Democratic,35686.0,31.8,False,False
2020,Florida,FL,State House,12,general,Clay Yarborough,Republican,51715.0,60.1,True,True
2020,Florida,FL,State House,12,general,Emmanuel Blimie,Democratic,34391.0,39.9,False,False
2020,Florida,FL,State House,15,general,Wyman Duggan,Republican,45360.0,53.8,True,True
2020,Florida,FL,State House,15,general,Tammyette Thomas,Democratic,39000.0,46.2,False,False
2020,Florida,FL,State House,16,general,Jason Fischer,Republican,59549.0,57.6,True,True
2020,Florida,FL,State House,16,general,Ben Marcus,Democratic,43901.0,42.4,False,False
2020,Florida,FL,State House,17,general,Cyndi Stevenson,Republican,97932.0,67.7,True,True
2020,Florida,FL,State House,17,general,Dave Rogers,Democratic,46685.0,32.3,False,False
2020,Florida,FL,State House,18,general,Sam Garrison,Republican,64759.0,67.2,True,False
2020,Florida,FL,State House,18,general,Leroy Anthony Edwards,Democratic,28457.0,29.5,False,False
2020,Florida,FL,State House,18,general,Ken Willey,Libertarian,3099.0,3.2,False,False
2020,Florida,FL,State House,19,general,Bobby Payne,Republican,58184.0,73.2,True,True
2020,Florida,FL,State House,19,general,Kimberly Dugger,Democratic,21259.0,26.8,False,False
2020,Florida,FL,State House,21,general,Chuck Clemons,Republican,48883.0,51.1,True,True
2020,Florida,FL,State House,21,general,Kayser Enneking,Democratic,46817.0,48.9,False,False
2020,Florida,FL,State House,22,general,Joe Harding,Republican,63520.0,64.5,True,False
2020,Florida,FL,State House,22,general,Barbara Byram,Democratic,35011.0,35.5,False,False
2020,Florida,FL,State House,23,general,Stan McClain,Republican,58787.0,67.1,True,True
2020,Florida,FL,State House,23,general,Cynthia Dela Rosa,Democratic,28882.0,32.9,False,False
2020,Florida,FL,State House,24,general,Paul Renner,Republican,70884.0,63.0,True,True
2020,Florida,FL,State House,24,general,Adam Morley,Democratic,41553.0,37.0,False,False
2020,Florida,FL,State House,25,general,Tom Leek,Republican,65675.0,62.7,True,True
2020,Florida,FL,State House,25,general,Sarah Zutter,Democratic,36696.0,35.0,False,False
2020,Florida,FL,State House,25,general,"Joseph ""Joe"" Hannoush",Libertarian,2407.0,2.3,False,False
2020,Florida,FL,State House,26,general,Elizabeth Fetterhoff,Republican,44278.0,53.1,True,True
2020,Florida,FL,State House,26,general,Patrick Henry,Democratic,39164.0,46.9,False,False
2020,Florida,FL,State House,27,general,Webster Barnaby,Republican,49486.0,56.2,True,False
2020,Florida,FL,State House,27,general,Dolores Guzman,Democratic,38583.0,43.8,False,False
2020,Florida,FL,State House,28,general,David Smith,Republican,51350.0,52.0,True,True
2020,Florida,FL,State House,28,general,Pasha Baker,Democratic,45288.0,45.9,False,False
2020,Florida,FL,State House,28,general,Michael A. Riccio,Independent,2049.0,2.1,False,False
2020,Florida,FL,State House,29,general,Scott Plakon,Republican,48411.0,50.5,True,True
2020,Florida,FL,State House,29,general,Tracey Kagan,Democratic,44619.0,46.6,False,False
2020,Florida,FL,State House,29,general,Juan Rodriguez,Independent,2760.0,2.9,False,False
2020,Florida,FL,State House,30,general,Joy Goff-Marcil,Democratic,46713.0,53.0,True,True
2020,Florida,FL,State House,30,general,Bob Cortes,Republican,41452.0,47.0,False,False
2020,Florida,FL,State House,31,general,Keith Truenow,Republican,58311.0,59.7,True,False
2020,Florida,FL,State House,31,general,Crissy Stile,Democratic,39403.0,40.3,False,False
2020,Florida,FL,State House,32,general,Anthony Sabatini,Republican,63164.0,55.7,True,True
2020,Florida,FL,State House,32,general,Stephanie L. Dukes,Democratic,50226.0,44.3,False,False
2020,Florida,FL,State House,33,general,Brett T. Hage,Republican,93646.0,69.9,True,True
2020,Florida,FL,State House,33,general,"Mamie ""Dee"" Melvin",Democratic,40370.0,30.1,False,False
2020,Florida,FL,State House,34,general,Ralph E. Massullo,Republican,75745.0,75.1,True,True
2020,Florida,FL,State House,34,general,Dushyant Jethagir Gosai,Democratic,25069.0,24.9,False,False
2020,Florida,FL,State House,35,general,Blaise Ingoglia,Republican,60733.0,64.3,True,True
2020,Florida,FL,State House,35,general,Keith G. Laufenberg,Democratic,33761.0,35.7,False,False
2020,Florida,FL,State House,36,general,Amber Mariano,Republican,51432.0,63.4,True,False
2020,Florida,FL,State House,36,general,Daniel Endonino,Democratic,29726.0,36.6,False,False
2020,Florida,FL,State House,37,general,Ardian Zika,Republican,71722.0,62.8,True,True
2020,Florida,FL,State House,37,general,Tammy Garcia,Democratic,42436.0,37.2,False,False
2020,Florida,FL,State House,38,general,Randy Maggard,Republican,57794.0,58.7,True,False
2020,Florida,FL,State House,38,general,Brian Staver,Democratic,40642.0,41.3,False,False
2020,Florida,FL,State House,39,general,Josie Tomkow,Republican,57449.0,58.8,True,True
2020,Florida,FL,State House,39,general,Chris Cause,Democratic,40238.0,41.2,False,False
2020,Florida,FL,State House,40,general,Colleen Burton,Republican,45004.0,56.7,True,True
2020,Florida,FL,State House,40,general,Jan Barrow,Democratic,31555.0,39.8,False,False
2020,Florida,FL,State House,40,general,Emily Michie,Independent,2786.0,3.5,False,False
2020,Florida,FL,State House,41,general,Sam Killebrew,Republican,51477.0,53.3,True,True
2020,Florida,FL,State House,41,general,Jared West,Democratic,45050.0,46.7,False,False
2020,Florida,FL,State House,42,general,Fred Hawkins,Republican,46615.0,46.8,True,False
2020,Florida,FL,State House,42,general,Barbara Ann Cady,Democratic,45455.0,45.7,False,False
2020,Florida,FL,State House,42,general,Leroy Sanchez,Independent,7474.0,7.5,False,False
2020,Florida,FL,State House,44,general,Geraldine F. Thompson,Democratic,61654.0,52.4,True,True
2020,Florida,FL,State House,44,general,Bruno Portigliatti,Republican,55950.0,47.6,False,False
2020,Florida,FL,State House,47,general,Anna V. Eskamani,Democratic,59494.0,59.0,True,True
2020,Florida,FL,State House,47,general,Jeremy Sisson,Republican,41321.0,41.0,False,False
2020,Florida,FL,State House,48,general,Daisy Morales,Democratic,47341.0,65.3,True,False
2020,Florida,FL,State House,48,general,Jesus Martinez,Republican,25197.0,34.7,False,False
2020,Florida,FL,State House,49,general,Carlos Guillermo Smith,Democratic,47759.0,61.9,True,True
2020,Florida,FL,State House,49,general,Robert Prater,Republican,29357.0,38.1,False,False
2020,Florida,FL,State House,50,general,"Rene ""Coach P"" Plasencia",Republican,62790.0,57.2,True,True
2020,Florida,FL,State House,50,general,Nina Yoakum,Democratic,47004.0,42.8,False,False
2020,Florida,FL,State House,51,general,Tyler Sirois,Republican,59405.0,61.8,True,True
2020,Florida,FL,State House,51,general,Joan Marie Majid,Democratic,36694.0,38.2,False,False
2020,Florida,FL,State House,52,general,Thad Altman,Republican,70949.0,62.3,True,True
2020,Florida,FL,State House,52,general,Lloyd Dabbs,Democratic,42912.0,37.7,False,False
2020,Florida,FL,State House,53,general,Randy Fine,Republican,55938.0,55.5,True,True
2020,Florida,FL,State House,53,general,Phil Moore,Democratic,44794.0,44.5,False,False
2020,Florida,FL,State House,53,general,Thomas Patrick Unger (Write in),Independent,13.0,0.0,False,False
2020,Florida,FL,State House,54,general,Erin Grall,Republican,69344.0,65.9,True,True
2020,Florida,FL,State House,54,general,Albert M. Griffiths,Democratic,35864.0,34.1,False,False
2020,Florida,FL,State House,55,general,Kaylee Tuck,Republican,51946.0,69.8,True,False
2020,Florida,FL,State House,55,general,Linda Tripp,Democratic,22475.0,30.2,False,False
2020,Florida,FL,State House,55,general,Jacob Hensley (Write in),Democratic,3.0,0.0,False,False
2020,Florida,FL,State House,56,general,Melony Bell,Republican,45397.0,67.3,True,True
2020,Florida,FL,State House,56,general,James Davis,Democratic,22069.0,32.7,False,False
2020,Florida,FL,State House,57,general,Mike Beltran,Republican,67139.0,54.5,True,True
2020,Florida,FL,State House,57,general,"Scott ""Mr. H"" Hottenstein",Democratic,56144.0,45.5,False,False
2020,Florida,FL,State House,58,general,Lawrence McClure,Republican,40873.0,55.8,True,True
2020,Florida,FL,State House,58,general,"Cleo L. ""CL"" Townsend",Democratic,32435.0,44.2,False,False
2020,Florida,FL,State House,59,general,Andrew Learned,Democratic,45683.0,50.7,True,False
2020,Florida,FL,State House,59,general,Michael Owen,Republican,44413.0,49.3,False,False
2020,Florida,FL,State House,60,general,Jackie Toledo,Republican,57502.0,54.3,True,True
2020,Florida,FL,State House,60,general,Julie Jenkins,Democratic,48352.0,45.7,False,False
2020,Florida,FL,State House,62,general,Susan L. Valdes,Democratic,38403.0,57.6,True,True
2020,Florida,FL,State House,62,general,Angel S. Urbina,Republican,25136.0,37.7,False,False
2020,Florida,FL,State House,62,general,Laurie Rodriguez Person,Independent,3183.0,4.8,False,False
2020,Florida,FL,State House,64,general,Traci Koster,Republican,55874.0,54.1,True,False
2020,Florida,FL,State House,64,general,Jessica Harrington,Democratic,47426.0,45.9,False,False
2020,Florida,FL,State House,65,general,Chris Sprowls,Republican,63787.0,61.1,True,False
2020,Florida,FL,State House,65,general,Kelly Johnson,Democratic,40539.0,38.9,False,False
2020,Florida,FL,State House,66,general,Nick DiCeglie,Republican,56074.0,58.7,True,True
2020,Florida,FL,State House,66,general,Patricia M. Platamura,Democratic,39522.0,41.3,False,False
2020,Florida,FL,State House,67,general,Chris Latvala,Republican,47018.0,57.0,True,True
2020,Florida,FL,State House,67,general,Dawn Douglas,Democratic,35457.0,43.0,False,False
2020,Florida,FL,State House,68,general,Ben Diamond,Democratic,49905.0,53.8,True,True
2020,Florida,FL,State House,68,general,Matt Tito,Republican,42785.0,46.2,False,False
2020,Florida,FL,State House,69,general,Linda Chaney,Republican,51400.0,52.5,True,False
2020,Florida,FL,State House,69,general,Jennifer N. Webb,Democratic,46572.0,47.5,False,True
2020,Florida,FL,State House,71,general,Will Robinson,Republican,51751.0,57.8,True,True
2020,Florida,FL,State House,71,general,Andy Mele,Democratic,37745.0,42.2,False,False
2020,Florida,FL,State House,72,general,Fiona McFarland,Republican,54902.0,54.6,True,False
2020,Florida,FL,State House,72,general,Drake Buckman,Democratic,45617.0,45.4,False,False
2020,Florida,FL,State House,73,general,Tommy Gregory,Republican,90503.0,64.5,True,True
2020,Florida,FL,State House,73,general,David Reeves Fairey,Democratic,49822.0,35.5,False,False
2020,Florida,FL,State House,74,general,James Buchanan,Republican,73420.0,62.1,True,False
2020,Florida,FL,State House,74,general,Lisa Stortstorm,Democratic,44858.0,37.9,False,False
2020,Florida,FL,State House,75,general,Michael Grant,Republican,72913.0,64.6,True,True
2020,Florida,FL,State House,75,general,David G. Jones,Democratic,39972.0,35.4,False,False
2020,Florida,FL,State House,76,general,Adam Botana,Republican,68286.0,65.5,True,False
2020,Florida,FL,State House,76,general,Anselm Weber,Democratic,35960.0,34.5,False,False
2020,Florida,FL,State House,77,general,Mike Giallombardo,Republican,66165.0,64.3,True,False
2020,Florida,FL,State House,77,general,Joshua Lopez,Democratic,36797.0,35.7,False,False
2020,Florida,FL,State House,78,general,Jenna Persons,Republican,52464.0,57.5,True,False
2020,Florida,FL,State House,78,general,Shawn Michael Williams,Democratic,38792.0,42.5,False,False
2020,Florida,FL,State House,79,general,Spencer Roach,Republican,46239.0,60.7,True,True
2020,Florida,FL,State House,79,general,Danika Fornear,Democratic,29933.0,39.3,False,False
2020,Florida,FL,State House,80,general,Lauren Uhlich Melo,Republican,54859.0,64.1,True,False
2020,Florida,FL,State House,80,general,Laura Novosasd,Democratic,30747.0,35.9,False,False
2020,Florida,FL,State House,81,general,Kelly Skidmore,Democratic,52204.0,59.1,True,False
2020,Florida,FL,State House,81,general,Saulis Banionis,Republican,36126.0,40.9,False,False
2020,Florida,FL,State House,82,general,John Snyder,Republican,64879.0,64.9,True,False
2020,Florida,FL,State House,82,general,Elisa Edwards Ackerly,Democratic,35136.0,35.1,False,False
2020,Florida,FL,State House,83,general,Toby Overdorf,Republican,58993.0,56.2,True,True
2020,Florida,FL,State House,83,general,"Edgar ""EJ"" Bernier",Democratic,46047.0,43.8,False,False
2020,Florida,FL,State House,84,general,Dana Trabulsy,Republican,46373.0,53.0,True,False
2020,Florida,FL,State House,84,general,Delores Hogan Johnson,Democratic,41179.0,47.0,False,True
2020,Florida,FL,State House,85,general,Rick Roth,Republican,61107.0,56.5,True,True
2020,Florida,FL,State House,85,general,Jim Carroll,Democratic,47008.0,43.5,False,False
2020,Florida,FL,State House,86,general,Matt Willhite,Democratic,49820.0,56.8,True,False
2020,Florida,FL,State House,86,general,Susan M. Kufdakis Rivera,Republican,37911.0,43.2,False,False
2020,Florida,FL,State House,87,general,David Silvers,Democratic,30537.0,62.6,True,True
2020,Florida,FL,State House,87,general,Herb Sennett,Republican,18254.0,37.4,False,False
2020,Florida,FL,State House,88,general,Omari Hardy,Democratic,53248.0,73.8,True,False
2020,Florida,FL,State House,88,general,Danielle Madsen,Republican,16396.0,22.7,False,False
2020,Florida,FL,State House,88,general,Rubin Anderson,Independent,2487.0,3.4,False,False
2020,Florida,FL,State House,89,general,Mike Caruso,Republican,56409.0,55.5,True,True
2020,Florida,FL,State House,89,general,Jim Bonfiglio,Democratic,45168.0,44.5,False,False
2020,Florida,FL,State House,90,general,Joseph A. Casello,Democratic,52386.0,59.6,True,True
2020,Florida,FL,State House,90,general,Lydia Maldonado,Republican,35537.0,40.4,False,False
2020,Florida,FL,State House,91,general,Emily Ann Slosberg,Democratic,68053.0,63.7,True,True
2020,Florida,FL,State House,91,general,Sayd Hussain,Republican,38763.0,36.3,False,False
2020,Florida,FL,State House,92,general,Patricia Hawkins-Williams,Democratic,49496.0,81.2,True,True
2020,Florida,FL,State House,92,general,Nancy St. Clair,No party preference,11485.0,18.8,False,False
2020,Florida,FL,State House,93,general,Chip LaMarca,Republican,54593.0,55.2,True,True
2020,Florida,FL,State House,93,general,Linda Thompson Gonzalez,Democratic,44239.0,44.8,False,False
2020,Florida,FL,State House,101,general,Marie Woodson,Democratic,51222.0,74.1,True,False
2020,Florida,FL,State House,101,general,"Vincent ""Vinny"" Parlatore",Republican,17935.0,25.9,False,False
2020,Florida,FL,State House,103,general,Tom Fabricio,Republican,41726.0,54.2,True,False
2020,Florida,FL,State House,103,general,Cindy Polo,Democratic,35298.0,45.8,False,True
2020,Florida,FL,State House,104,general,Robin Bartleman,Democratic,50865.0,57.9,True,False
2020,Florida,FL,State House,104,general,George Navarini,Republican,36921.0,42.1,False,False
2020,Florida,FL,State House,105,general,David Borrero,Republican,38437.0,53.7,True,False
2020,Florida,FL,State House,105,general,Maureen Porras,Democratic,33166.0,46.3,False,False
2020,Florida,FL,State House,106,general,Bob Rommel,Republican,69786.0,65.9,True,True
2020,Florida,FL,State House,106,general,Sara McFadden,Democratic,36063.0,34.1,False,False
2020,Florida,FL,State House,110,general,Alex Rizo,Republican,34023.0,59.8,True,False
2020,Florida,FL,State House,110,general,Annette Collazo,Democratic,22891.0,40.2,False,False
2020,Florida,FL,State House,111,general,Bryan Avila,Republican,32443.0,64.9,True,True
2020,Florida,FL,State House,111,general,Ross Elde Hancock,Democratic,17567.0,35.1,False,False
2020,Florida,FL,State House,112,general,Nicholas Xavier Duran,Democratic,40063.0,53.0,True,True
2020,Florida,FL,State House,112,general,Bruno A. Barreiro,Republican,35515.0,47.0,False,False
2020,Florida,FL,State House,114,general,Demi Busatta Cabrera,Republican,43443.0,54.4,True,False
2020,Florida,FL,State House,114,general,Jean Pierre Bado,Democratic,36434.0,45.6,False,False
2020,Florida,FL,State House,115,general,Vance Aloupis,Republican,47544.0,57.3,True,True
2020,Florida,FL,State House,115,general,Franccesca Cesti-Browne,Democratic,35412.0,42.7,False,False
2020,Florida,FL,State House,116,general,Daniel A. Perez,Republican,48804.0,62.8,True,True
2020,Florida,FL,State House,116,general,Bob Lynch,Democratic,28924.0,37.2,False,False
2020,Florida,FL,State House,116,general,Manuel Rodriguez,Independent,11.0,0.0,False,False
2020,Florida,FL,State House,118,general,Anthony Rodriguez,Republican,47017.0,60.1,True,True
2020,Florida,FL,State House,118,general,Ricky Junquera,Democratic,31261.0,39.9,False,False
2020,Florida,FL,State House,119,general,Jaun Fernandeaz-Barquin,Republican,50810.0,65.3,True,True
2020,Florida,FL,State House,119,general,Imtiaz Ahmad Mohammad,Democratic,26979.0,34.7,False,False
2020,Florida,FL,State House,120,general,"James ""Jim"" Vernon Mooney",Republican,45698.0,55.0,True,False
2020,Florida,FL,State House,120,general,Clint Barras,Democratic,37426.0,45.0,False,False
2020,Georgia,GA,State House,1,general,Mike Cameron,Republican,19371.0,100.0,True,False
2020,Georgia,GA,State House,2,general,Steve Tarvin,Republican,21983.0,100.0,True,True
2020,Georgia,GA,State House,3,general,Dewayne Hill,Republican,23054.0,100.0,True,True
2020,Georgia,GA,State House,4,general,Kasey Carpenter,Republican,13377.0,100.0,True,True
2020,Georgia,GA,State House,5,general,Matt Barton,Republican,19421.0,100.0,True,True
2020,Georgia,GA,State House,6,general,Jason T. Ridley,Republican,18227.0,100.0,True,True
2020,Georgia,GA,State House,7,general,David Ralston,Republican,27074.0,83.75,True,True
2020,Georgia,GA,State House,7,general,Rick D. Day,Democratic,5255.0,16.25,False,False
2020,Georgia,GA,State House,8,general,Stan Gunter,Republican,29195.0,82.0,True,False
2020,Georgia,GA,State House,8,general,Dave Cooper,Democratic,6407.0,18.0,False,False
2020,Georgia,GA,State House,9,general,Will Wade,Republican,26310.0,83.91,True,False
2020,Georgia,GA,State House,9,general,Sharon L. Ravert,Democratic,5046.0,16.09,False,False
2020,Georgia,GA,State House,10,general,Victor E. Anderson,Republican,21396.0,83.87,True,False
2020,Georgia,GA,State House,10,general,Nick Mitchell,Democratic,4116.0,16.13,False,False
2020,Georgia,GA,State House,11,general,Rick Jasperse,Republican,22633.0,84.12,True,True
2020,Georgia,GA,State House,11,general,Kayla Hollifield,Democratic,4272.0,15.88,False,False
2020,Georgia,GA,State House,12,general,Eddie Lumsden,Republican,17666.0,81.11,True,True
2020,Georgia,GA,State House,12,general,Jonathan Gilreath-Harvey,Democratic,4114.0,18.89,False,False
2020,Georgia,GA,State House,13,general,Katie Dempsey,Republican,17421.0,100.0,True,True
2020,Georgia,GA,State House,14,general,Mitchell Scoggins,Republican,24279.0,100.0,True,True
2020,Georgia,GA,State House,15,general,Matthew Gambill,Republican,22536.0,100.0,True,True
2020,Georgia,GA,State House,16,general,Trey Kelly,Republican,18106.0,78.11,True,True
2020,Georgia,GA,State House,16,general,Lyndsay Arrendale,Democratic,5074.0,21.89,False,False
2020,Georgia,GA,State House,17,general,Martin Momtahan,Republican,23833.0,71.69,True,True
2020,Georgia,GA,State House,17,general,Q. Dailey,Democratic,9410.0,28.31,False,False
2020,Georgia,GA,State House,18,general,Tyler Paul Smith,Republican,18168.0,75.17,True,False
2020,Georgia,GA,State House,18,general,Pat Rhudy,Democratic,6002.0,24.83,False,False
2020,Georgia,GA,State House,19,general,Joseph Gullett,Republican,19414.0,61.54,True,True
2020,Georgia,GA,State House,19,general,Alison Feliciano,Democratic,12132.0,38.46,False,False
2020,Georgia,GA,State House,20,general,Charlice Byrd,Republican,22262.0,66.1,True,False
2020,Georgia,GA,State House,20,general,Ginny Lennox,Democratic,11416.0,33.9,False,False
2020,Georgia,GA,State House,21,general,Brad Thomas,Republican,25787.0,72.7,True,False
2020,Georgia,GA,State House,21,general,William D. Hughes,Democratic,9681.0,27.3,False,False
2020,Georgia,GA,State House,22,general,Wes Cantrell,Republican,31898.0,74.42,True,True
2020,Georgia,GA,State House,22,general,Charles Ravenscraft,Democratic,10962.0,25.58,False,False
2020,Georgia,GA,State House,23,general,Mandi L. Ballinger,Republican,28118.0,100.0,True,True
2020,Georgia,GA,State House,24,general,Sheri Smallwood Gilligan,Republican,27912.0,73.36,True,True
2020,Georgia,GA,State House,24,general,Natalie Bucsko,Democratic,10136.0,26.64,False,False
2020,Georgia,GA,State House,25,general,Todd Jones,Republican,23733.0,61.77,True,True
2020,Georgia,GA,State House,25,general,Christa Olenczak,Democratic,14689.0,38.23,False,False
2020,Georgia,GA,State House,26,general,"Lauren W. McDonald, III",Republican,29178.0,77.24,True,False
2020,Georgia,GA,State House,26,general,Jason Boskey,Democratic,8600.0,22.76,False,False
2020,Georgia,GA,State House,27,general,Lee Hawkins,Republican,24715.0,100.0,True,True
2020,Georgia,GA,State House,28,general,Chris Erwin,Republican,22655.0,100.0,True,True
2020,Georgia,GA,State House,29,general,Matt Dubnik,Republican,12877.0,64.93,True,True
2020,Georgia,GA,State House,29,general,Pat Calmes,Democratic,6954.0,35.07,False,False
2020,Georgia,GA,State House,30,general,"Emory Dunahoo, Jr.",Republican,18717.0,70.05,True,True
2020,Georgia,GA,State House,30,general,Leigh Miller,Democratic,8003.0,29.95,False,False
2020,Georgia,GA,State House,31,general,Tommy Benton,Republican,26632.0,80.32,True,True
2020,Georgia,GA,State House,31,general,Pete Fuller,Democratic,6524.0,19.68,False,False
2020,Georgia,GA,State House,32,general,Alan Powell,Republican,22259.0,84.19,True,True
2020,Georgia,GA,State House,32,general,Alisha Allen,Democratic,4180.0,15.81,False,False
2020,Georgia,GA,State House,33,general,Rob Leverett,Republican,19768.0,73.91,True,False
2020,Georgia,GA,State House,33,general,Kerry Dornell Hamm,Democratic,6979.0,26.09,False,False
2020,Georgia,GA,State House,34,general,Bert Reeves,Republican,16888.0,56.13,True,True
2020,Georgia,GA,State House,34,general,Priscilla G. Smith,Democratic,13199.0,43.87,False,False
2020,Georgia,GA,State House,35,general,Ed Setzler,Republican,15189.0,50.47,True,True
2020,Georgia,GA,State House,35,general,Kyle Rinaudo,Democratic,14909.0,49.53,False,False
2020,Georgia,GA,State House,36,general,Ginny Ehrhart,Republican,24536.0,64.83,True,True
2020,Georgia,GA,State House,36,general,James Francis Ryner,Democratic,13313.0,35.17,False,False
2020,Georgia,GA,State House,37,general,Mary Frances Williams,Democratic,15946.0,53.96,True,True
2020,Georgia,GA,State House,37,general,Rose Wing,Republican,13603.0,46.04,False,False
2020,Georgia,GA,State House,38,general,David Wilkerson,Democratic,25015.0,100.0,True,True
2020,Georgia,GA,State House,39,general,Erica Thomas,Democratic,20613.0,82.37,True,True
2020,Georgia,GA,State House,39,general,Jim Hickey,Republican,4411.0,17.63,False,False
2020,Georgia,GA,State House,40,general,Erick Eugene Allen,Democratic,20716.0,58.37,True,True
2020,Georgia,GA,State House,40,general,Taryn Chilivis Bowman,Republican,14773.0,41.63,False,False
2020,Georgia,GA,State House,41,general,Michael Smith,Democratic,14960.0,71.79,True,True
2020,Georgia,GA,State House,41,general,"Stephen M. George, Jr.",Republican,5878.0,28.21,False,False
2020,Georgia,GA,State House,42,general,Teri Anulewicz,Democratic,17237.0,100.0,True,True
2020,Georgia,GA,State House,43,general,Sharon Cooper,Republican,15928.0,50.76,True,True
2020,Georgia,GA,State House,43,general,Luisa Wakeman,Democratic,15452.0,49.24,False,False
2020,Georgia,GA,State House,44,general,Don L. Parsons,Republican,16809.0,51.83,True,True
2020,Georgia,GA,State House,44,general,Connie DiCicco,Democratic,15623.0,48.17,False,False
2020,Georgia,GA,State House,45,general,Matt Dollar,Republican,19549.0,54.98,True,True
2020,Georgia,GA,State House,45,general,Sara Tindall Ghazal,Democratic,16006.0,45.02,False,False
2020,Georgia,GA,State House,46,general,John Carson,Republican,21712.0,61.46,True,True
2020,Georgia,GA,State House,46,general,Caroline L. Holko,Democratic,13615.0,38.54,False,False
2020,Georgia,GA,State House,47,general,Jan Jones,Republican,21039.0,60.79,True,True
2020,Georgia,GA,State House,47,general,Anthia Owens Carter,Democratic,13570.0,39.21,False,False
2020,Georgia,GA,State House,48,general,Mary Robichaux,Democratic,14635.0,52.3,True,True
2020,Georgia,GA,State House,48,general,Betty Price,Republican,13349.0,47.7,False,False
2020,Georgia,GA,State House,49,general,"Charles E. ""Chuck"" Martin",Republican,16974.0,52.81,True,True
2020,Georgia,GA,State House,49,general,Jason T. Hayes,Democratic,15166.0,47.19,False,False
2020,Georgia,GA,State House,50,general,Angelika Kausche,Democratic,15111.0,52.81,True,True
2020,Georgia,GA,State House,50,general,Jay Lin,Republican,13504.0,47.19,False,False
2020,Georgia,GA,State House,51,general,Josh McLaurin,Democratic,16398.0,55.26,True,True
2020,Georgia,GA,State House,51,general,Alex B. Kaufman,Republican,13274.0,44.74,False,False
2020,Georgia,GA,State House,52,general,Shea Roberts,Democratic,17069.0,50.56,True,False
2020,Georgia,GA,State House,52,general,Deborah Silcox,Republican,16692.0,49.44,False,True
2020,Georgia,GA,State House,53,general,Sheila Jones,Democratic,24615.0,100.0,True,True
2020,Georgia,GA,State House,54,general,Betsy Holland,Democratic,21420.0,57.98,True,True
2020,Georgia,GA,State House,54,general,Lyndsey Rudder,Republican,15521.0,42.02,False,False
2020,Georgia,GA,State House,55,general,Marie Metze,Democratic,27041.0,100.0,True,True
2020,Georgia,GA,State House,56,general,Mesha Mainor,Democratic,19664.0,100.0,True,False
2020,Georgia,GA,State House,57,general,Stacey Evans,Democratic,29595.0,100.0,True,False
2020,Georgia,GA,State House,58,general,Park Cannon,Democratic,28021.0,100.0,True,True
2020,Georgia,GA,State House,59,general,David Dreyer,Democratic,24657.0,100.0,True,True
2020,Georgia,GA,State House,60,general,Kim Schofield,Democratic,19272.0,100.0,True,True
2020,Georgia,GA,State House,61,general,Roger Bruce,Democratic,24095.0,100.0,True,True
2020,Georgia,GA,State House,62,general,"William K. Boddie, Jr.",Democratic,29482.0,100.0,True,True
2020,Georgia,GA,State House,63,general,Debra Bazemore,Democratic,23191.0,78.78,True,True
2020,Georgia,GA,State House,63,general,David Callahan,Republican,6247.0,21.22,False,False
2020,Georgia,GA,State House,64,general,Derrick L. Jackson,Democratic,26962.0,100.0,True,True
2020,Georgia,GA,State House,65,general,Mandisha A. Thomas,Democratic,26797.0,100.0,True,False
2020,Georgia,GA,State House,66,general,Kimberly Alexander,Democratic,19407.0,66.62,True,True
2020,Georgia,GA,State House,66,general,Jason C. Jones,Republican,9726.0,33.38,False,False
2020,Georgia,GA,State House,67,general,Micah Gravley,Republican,17648.0,62.07,True,True
2020,Georgia,GA,State House,67,general,Angela Mayfield,Democratic,10785.0,37.93,False,False
2020,Georgia,GA,State House,68,general,J. Collins,Republican,24730.0,100.0,True,True
2020,Georgia,GA,State House,69,general,Randy Nix,Republican,20856.0,79.78,True,True
2020,Georgia,GA,State House,69,general,Herbert Giles,Democratic,5286.0,20.22,False,False
2020,Georgia,GA,State House,70,general,Lynn Smith,Republican,24742.0,100.0,True,True
2020,Georgia,GA,State House,71,general,Philip Singleton,Republican,25530.0,72.75,True,True
2020,Georgia,GA,State House,71,general,Jill Prouty,Democratic,9564.0,27.25,False,False
2020,Georgia,GA,State House,72,general,Josh Bonner,Republican,26977.0,73.21,True,True
2020,Georgia,GA,State House,72,general,Fred Rovner,Democratic,9874.0,26.79,False,False
2020,Georgia,GA,State House,73,general,Karen Mathiak,Republican,16263.0,55.97,True,True
2020,Georgia,GA,State House,73,general,William Harris,Democratic,12796.0,44.03,False,False
2020,Georgia,GA,State House,74,general,Yasmin Neal,Democratic,17865.0,100.0,True,False
2020,Georgia,GA,State House,75,general,Mike Glanton,Democratic,21735.0,100.0,True,True
2020,Georgia,GA,State House,76,general,Sandra Givens Scott,Democratic,24533.0,100.0,True,True
2020,Georgia,GA,State House,77,general,Rhonda Burnough,Democratic,18616.0,100.0,True,True
2020,Georgia,GA,State House,78,general,Demetrius Douglas,Democratic,24482.0,100.0,True,True
2020,Georgia,GA,State House,79,general,Michael S. Wilensky,Democratic,16602.0,59.75,True,True
2020,Georgia,GA,State House,79,general,Andrea Johnson,Republican,11185.0,40.25,False,False
2020,Georgia,GA,State House,80,general,Matthew Wilson,Democratic,17347.0,58.76,True,True
2020,Georgia,GA,State House,80,general,Alan Cole,Republican,12173.0,41.24,False,False
2020,Georgia,GA,State House,81,general,Scott Holcomb,Democratic,17404.0,100.0,True,True
2020,Georgia,GA,State House,82,general,Mary Margaret Oliver,Democratic,21436.0,100.0,True,True
2020,Georgia,GA,State House,83,general,Becky Evans,Democratic,29044.0,100.0,True,True
2020,Georgia,GA,State House,84,general,Renitta Shannon,Democratic,29992.0,100.0,True,True
2020,Georgia,GA,State House,85,general,Karla Drenner,Democratic,22624.0,100.0,True,True
2020,Georgia,GA,State House,86,general,Zulma Lopez,Democratic,23209.0,100.0,True,False
2020,Georgia,GA,State House,87,general,Viola Davis,Democratic,25870.0,100.0,True,True
2020,Georgia,GA,State House,88,general,Billy Mitchell,Democratic,22598.0,100.0,True,True
2020,Georgia,GA,State House,89,general,Bee Nguyen,Democratic,32600.0,100.0,True,True
2020,Georgia,GA,State House,90,general,Pam Stephenson,Democratic,27001.0,100.0,True,True
2020,Georgia,GA,State House,91,general,Rhonda S. Taylor,Democratic,27293.0,100.0,True,False
2020,Georgia,GA,State House,92,general,Doreen Carter,Democratic,20996.0,100.0,True,True
2020,Georgia,GA,State House,93,general,Dar'Shun Kendrick,Democratic,26638.0,83.76,True,True
2020,Georgia,GA,State House,93,general,"Hubert Owens, Jr.",Republican,5164.0,16.24,False,False
2020,Georgia,GA,State House,94,general,Karen Bennett,Democratic,25712.0,100.0,True,True
2020,Georgia,GA,State House,95,general,Beth Moore,Democratic,16530.0,55.93,True,True
2020,Georgia,GA,State House,95,general,Erica McCurdy,Republican,13023.0,44.07,False,False
2020,Georgia,GA,State House,96,general,"Pedro ""Pete"" Marin",Democratic,15015.0,100.0,True,True
2020,Georgia,GA,State House,97,general,Bonnie Rich,Republican,16929.0,52.17,True,True
2020,Georgia,GA,State House,97,general,Mary Blackmon Campbell,Democratic,15520.0,47.83,False,False
2020,Georgia,GA,State House,98,general,David Clark,Republican,18595.0,59.06,True,True
2020,Georgia,GA,State House,98,general,Taeho Cho,Democratic,12888.0,40.94,False,False
2020,Georgia,GA,State House,99,general,Marvin Lim,Democratic,9943.0,100.0,True,False
2020,Georgia,GA,State House,100,general,Dewey L. McClain,Democratic,14498.0,100.0,True,True
2020,Georgia,GA,State House,101,general,Sam Park,Democratic,15941.0,62.14,True,True
2020,Georgia,GA,State House,101,general,Carol Field,Republican,9713.0,37.86,False,False
2020,Georgia,GA,State House,102,general,Gregg Kennard,Democratic,14134.0,51.5,True,True
2020,Georgia,GA,State House,102,general,Soo Hong,Republican,13313.0,48.5,False,False
2020,Georgia,GA,State House,103,general,Timothy Barr,Republican,24204.0,67.5,True,True
2020,Georgia,GA,State House,103,general,Clifton Marshall,Democratic,11652.0,32.5,False,False
2020,Georgia,GA,State House,104,general,Chuck Efstration,Republican,17326.0,51.15,True,True
2020,Georgia,GA,State House,104,general,Nakita Hemingway,Democratic,16547.0,48.85,False,False
2020,Georgia,GA,State House,105,general,Donna McLeod,Democratic,19869.0,62.26,True,True
2020,Georgia,GA,State House,105,general,Eric Dierks,Republican,12043.0,37.74,False,False
2020,Georgia,GA,State House,106,general,Rebecca Mitchell,Democratic,17611.0,58.71,True,False
2020,Georgia,GA,State House,106,general,Brett Harrell,Republican,12384.0,41.29,False,True
2020,Georgia,GA,State House,107,general,Shelly Hutchinson,Democratic,16730.0,61.41,True,True
2020,Georgia,GA,State House,107,general,Michael McConnell,Republican,10514.0,38.59,False,False
2020,Georgia,GA,State House,108,general,Jasmine Clark,Democratic,14602.0,54.82,True,True
2020,Georgia,GA,State House,108,general,Johnny Crist,Republican,12034.0,45.18,False,False
2020,Georgia,GA,State House,109,general,Regina Lewis-Ward,Democratic,17009.0,51.8,True,False
2020,Georgia,GA,State House,109,general,Dale Rutledge,Republican,15825.0,48.2,False,True
2020,Georgia,GA,State House,110,general,Clint Crowe,Republican,15729.0,55.8,True,False
2020,Georgia,GA,State House,110,general,Ebony Carter,Democratic,12459.0,44.2,False,False
2020,Georgia,GA,State House,111,general,El-Mahdi Holly,Democratic,27997.0,100.0,True,True
2020,Georgia,GA,State House,112,general,Dave Belton,Republican,26093.0,100.0,True,True
2020,Georgia,GA,State House,113,general,Sharon Henderson,Democratic,23743.0,100.0,True,False
2020,Georgia,GA,State House,114,general,Tom Kirby,Republican,27331.0,100.0,True,True
2020,Georgia,GA,State House,115,general,Bruce Williamson,Republican,23812.0,77.55,True,True
2020,Georgia,GA,State House,115,general,Debbie Reed,Democratic,6895.0,22.45,False,False
2020,Georgia,GA,State House,116,general,Terry England,Republican,24376.0,100.0,True,True
2020,Georgia,GA,State House,117,general,Houston Gaines,Republican,16863.0,56.58,True,True
2020,Georgia,GA,State House,117,general,"""Mokah"" Jasmine Johnson",Democratic,12940.0,43.42,False,False
2020,Georgia,GA,State House,118,general,Spencer Frye,Democratic,18807.0,100.0,True,True
2020,Georgia,GA,State House,119,general,Marcus A Wiedower,Republican,16828.0,54.85,True,True
2020,Georgia,GA,State House,119,general,Jonathan Wallace,Democratic,13852.0,45.15,False,False
2020,Georgia,GA,State House,120,general,Trey Rhodes,Republican,25247.0,100.0,True,True
2020,Georgia,GA,State House,121,general,Barry Fleming,Republican,26291.0,100.0,True,True
2020,Georgia,GA,State House,122,general,Jodi Lott,Republican,26081.0,69.91,True,True
2020,Georgia,GA,State House,122,general,Doris O. Crutchfield,Democratic,11224.0,30.09,False,False
2020,Georgia,GA,State House,123,general,Mark Newton,Republican,23452.0,100.0,True,True
2020,Georgia,GA,State House,124,general,"Henry ""Wayne"" Howard",Democratic,16454.0,100.0,True,True
2020,Georgia,GA,State House,125,general,Sheila Clark Nelson,Democratic,17666.0,100.0,True,True
2020,Georgia,GA,State House,126,general,Gloria Frazier,Democratic,22232.0,100.0,True,True
2020,Georgia,GA,State House,127,general,Brian L. Prince,Democratic,18665.0,100.0,True,True
2020,Georgia,GA,State House,128,general,Mack Jackson,Democratic,18053.0,100.0,True,True
2020,Georgia,GA,State House,129,general,Susan Holmes,Republican,18966.0,69.61,True,True
2020,Georgia,GA,State House,129,general,Sharonda Bell,Democratic,7152.0,26.25,False,False
2020,Georgia,GA,State House,129,general,Joe Reed,Independent,1130.0,4.15,False,False
2020,Georgia,GA,State House,130,general,David Knight,Republican,16023.0,58.43,True,True
2020,Georgia,GA,State House,130,general,Sheila Henley,Democratic,11398.0,41.57,False,False
2020,Georgia,GA,State House,131,general,Beth Camp,Republican,20246.0,74.81,True,False
2020,Georgia,GA,State House,131,general,Chris Benton,Democratic,6816.0,25.19,False,False
2020,Georgia,GA,State House,132,general,David Jenkins,Republican,11458.0,51.5,True,False
2020,Georgia,GA,State House,132,general,"Bob Trammell, Jr.",Democratic,10792.0,48.5,False,True
2020,Georgia,GA,State House,133,general,"Vance Smith, Jr.",Republican,25094.0,100.0,True,True
2020,Georgia,GA,State House,134,general,Richard H. Smith,Republican,17591.0,64.15,True,True
2020,Georgia,GA,State House,134,general,Carl Sprayberry,Democratic,9831.0,35.85,False,False
2020,Georgia,GA,State House,135,general,Calvin Smyre,Democratic,12407.0,100.0,True,True
2020,Georgia,GA,State House,136,general,Carolyn Hugley,Democratic,19509.0,100.0,True,True
2020,Georgia,GA,State House,137,general,Debbie G. Buckner,Democratic,22039.0,100.0,True,True
2020,Georgia,GA,State House,138,general,Mike Cheokas,Republican,9542.0,53.85,True,True
2020,Georgia,GA,State House,138,general,Marc Arnett,Democratic,8177.0,46.15,False,False
2020,Georgia,GA,State House,139,general,Patty Bentley,Democratic,13658.0,100.0,True,True
2020,Georgia,GA,State House,140,general,Robert Dickey,Republican,19693.0,100.0,True,True
2020,Georgia,GA,State House,141,general,Dale Washburn,Republican,25840.0,100.0,True,True
2020,Georgia,GA,State House,142,general,Miriam Paris,Democratic,18212.0,100.0,True,True
2020,Georgia,GA,State House,143,general,James Beverly,Democratic,17679.0,100.0,True,True
2020,Georgia,GA,State House,144,general,Danny Mathis,Republican,18560.0,69.08,True,True
2020,Georgia,GA,State House,144,general,Mary Whipple-Lue,Democratic,8306.0,30.92,False,False
2020,Georgia,GA,State House,145,general,"Ricky ""Rick"" Williams",Republican,12371.0,56.16,True,True
2020,Georgia,GA,State House,145,general,Quentin T. Howell,Democratic,9659.0,43.84,False,False
2020,Georgia,GA,State House,146,general,Shaw Blackmon,Republican,25746.0,100.0,True,True
2020,Georgia,GA,State House,147,general,Heath Clark,Republican,11794.0,52.26,True,True
2020,Georgia,GA,State House,147,general,Stephen Baughier,Democratic,10773.0,47.74,False,False
2020,Georgia,GA,State House,148,general,Noel Williams Jr.,Republican,15443.0,70.95,True,True
2020,Georgia,GA,State House,148,general,Regina Awung,Democratic,6322.0,29.05,False,False
2020,Georgia,GA,State House,149,general,Robert Pruitt,Republican,13972.0,100.0,True,False
2020,Georgia,GA,State House,150,general,Matt Hatchett,Republican,20139.0,100.0,True,True
2020,Georgia,GA,State House,151,general,Gerald E. Greene,Republican,12011.0,51.78,True,True
2020,Georgia,GA,State House,151,general,Joyce Barlow,Democratic,11185.0,48.22,False,False
2020,Georgia,GA,State House,152,general,Bill Yearta,Republican,23841.0,100.0,True,True
2020,Georgia,GA,State House,153,general,Camia Whitaker Hopson,Democratic,15462.0,100.0,True,True
2020,Georgia,GA,State House,154,general,Winfred Dukes,Democratic,17798.0,100.0,True,True
2020,Georgia,GA,State House,155,general,Clay Pirkle,Republican,16132.0,72.19,True,True
2020,Georgia,GA,State House,155,general,Lethia Jones Kittrell,Democratic,6214.0,27.81,False,False
2020,Georgia,GA,State House,156,general,Greg Morris,Republican,19096.0,100.0,True,True
2020,Georgia,GA,State House,157,general,"William ""Bill"" Werkheiser",Republican,16199.0,100.0,True,True
2020,Georgia,GA,State House,158,general,Butch Parrish,Republican,15379.0,69.42,True,True
2020,Georgia,GA,State House,158,general,Ann P.D. Gleason,Democratic,6773.0,30.58,False,False
2020,Georgia,GA,State House,159,general,Jon G. Burns,Republican,21976.0,100.0,True,True
2020,Georgia,GA,State House,160,general,Jan Tankersley,Republican,19105.0,100.0,True,True
2020,Georgia,GA,State House,161,general,Bill Hitchens,Republican,27840.0,100.0,True,True
2020,Georgia,GA,State House,162,general,Carl Wayne Gilliard,Democratic,17344.0,100.0,True,True
2020,Georgia,GA,State House,163,general,Derek J. Mallow,Democratic,18099.0,100.0,True,False
2020,Georgia,GA,State House,164,general,Ron Stephens,Republican,13829.0,52.56,True,True
2020,Georgia,GA,State House,164,general,Marcus Thompson,Democratic,12484.0,47.44,False,False
2020,Georgia,GA,State House,165,general,Mickey Stephens,Democratic,19955.0,100.0,True,True
2020,Georgia,GA,State House,166,general,Jesse Petrea,Republican,26058.0,70.1,True,True
2020,Georgia,GA,State House,166,general,Michael Mack,Democratic,11115.0,29.9,False,False
2020,Georgia,GA,State House,167,general,Buddy Deloach,Republican,21135.0,100.0,True,False
2020,Georgia,GA,State House,168,general,Al Williams,Democratic,17006.0,100.0,True,True
2020,Georgia,GA,State House,169,general,Dominic LaRiccia,Republican,13759.0,73.06,True,True
2020,Georgia,GA,State House,169,general,"Michael ""Buckle"" Moore",Democratic,5074.0,26.94,False,False
2020,Georgia,GA,State House,170,general,Penny Houston,Republican,15626.0,75.84,True,True
2020,Georgia,GA,State House,170,general,Andre Oliver,Democratic,4979.0,24.16,False,False
2020,Georgia,GA,State House,171,general,Joe Campbell,Republican,17096.0,100.0,True,True
2020,Georgia,GA,State House,172,general,Sam Watson,Republican,15556.0,100.0,True,True
2020,Georgia,GA,State House,173,general,Darlene Taylor,Republican,14267.0,59.36,True,True
2020,Georgia,GA,State House,173,general,Booker T. Gainor,Democratic,9766.0,40.64,False,False
2020,Georgia,GA,State House,174,general,John L. Corbett,Republican,18484.0,100.0,True,True
2020,Georgia,GA,State House,175,general,John LaHood,Republican,22745.0,100.0,True,True
2020,Georgia,GA,State House,176,general,James Burchett,Republican,15241.0,71.13,True,True
2020,Georgia,GA,State House,176,general,"Evans Primus, Jr.",Democratic,6185.0,28.87,False,False
2020,Georgia,GA,State House,177,general,Dexter L. Sharper,Democratic,14598.0,100.0,True,True
2020,Georgia,GA,State House,178,general,Steven Meeks,Republican,21993.0,100.0,True,True
2020,Georgia,GA,State House,179,general,Don Hogan,Republican,15441.0,56.95,True,True
2020,Georgia,GA,State House,179,general,Julie Jordan,Democratic,11672.0,43.05,False,False
2020,Georgia,GA,State House,180,general,Steven Sainz,Republican,20286.0,100.0,True,True
2020,Hawaii,HI,State House,1,general,Mark Nakashima,Democratic,8851.0,71.7,True,True
2020,Hawaii,HI,State House,1,general,Lorraine Shin,Republican,3497.0,28.3,False,False
2020,Hawaii,HI,State House,2,general,Chris Toshiro Todd,Democratic,9552.0,85.7,True,True
2020,Hawaii,HI,State House,2,general,Devin McMackin,Aloha ʻāina,1589.0,14.3,False,False
2020,Hawaii,HI,State House,3,general,Richard Onishi,Democratic,8228.0,72.2,True,True
2020,Hawaii,HI,State House,3,general,Susan Hughes,Republican,3165.0,17.8,False,False
2020,Hawaii,HI,State House,4,general,Greggor Ilagan,Democratic,7801.0,70.1,True,False
2020,Hawaii,HI,State House,4,general,Hope Cermelj,Republican,1943.0,17.5,False,False
2020,Hawaii,HI,State House,4,general,Desmon Haumea,Aloha ʻāina,1384.0,12.4,False,False
2020,Hawaii,HI,State House,5,general,Jeanné Kapela,Democratic,8344.0,77.1,True,False
2020,Hawaii,HI,State House,5,general,Mike Last,Libertarian,1636.0,15.1,False,False
2020,Hawaii,HI,State House,5,general,Citlalli Decker,Aloha ʻāina,843.0,7.8,False,False
2020,Hawaii,HI,State House,9,general,Justin Woodson,Democratic,7019.0,83.5,True,True
2020,Hawaii,HI,State House,9,general,Kahala Chrupalyk,Aloha ʻāina,1383.0,16.5,False,False
2020,Hawaii,HI,State House,10,general,Angus McKelvey,Democratic,5837.0,60.8,True,True
2020,Hawaii,HI,State House,10,general,Kanamu Balinbin,Republican,3163.0,32.9,False,False
2020,Hawaii,HI,State House,10,general,Travis Gyldstrand,Aloha ʻāina,606.0,6.3,False,False
2020,Hawaii,HI,State House,11,general,Tina Wildberger,Democratic,7661.0,74.2,True,True
2020,Hawaii,HI,State House,11,general,Howard Greenberg,Aloha ʻāina,2668.0,25.8,False,False
2020,Hawaii,HI,State House,13,general,Lynn DeCoite,Democratic,7718.0,68.3,True,True
2020,Hawaii,HI,State House,13,general,Theresa Kapaku,Aloha ʻāina,2000.0,17.7,False,False
2020,Hawaii,HI,State House,13,general,Robin Vanderpool,Republican,1583.0,14.0,False,False
2020,Hawaii,HI,State House,14,general,Nadine Nakamura,Democratic,7983.0,76.2,True,True
2020,Hawaii,HI,State House,14,general,Steve Monas,Republican,2490.0,23.8,False,False
2020,Hawaii,HI,State House,15,general,James Tokioka,Democratic,7712.0,72.8,True,True
2020,Hawaii,HI,State House,15,general,Steve Yoder,Republican,2880.0,27.2,False,False
2020,Hawaii,HI,State House,16,general,Dee Morikawa,Democratic,7329.0,73.7,True,True
2020,Hawaii,HI,State House,16,general,Ana Des,Republican,2611.0,26.3,False,False
2020,Hawaii,HI,State House,17,general,Gene Ward,Republican,9284.0,64.8,True,True
2020,Hawaii,HI,State House,17,general,Keith Kogachi,Democratic,5054.0,35.2,False,False
2020,Hawaii,HI,State House,18,general,Mark Hashem,Democratic,9349.0,67.8,True,True
2020,Hawaii,HI,State House,18,general,Lori Ford,Republican,4432.0,32.2,False,False
2020,Hawaii,HI,State House,19,general,Bertrand Kobayashi,Democratic,8344.0,76.7,True,True
2020,Hawaii,HI,State House,19,general,Michael Parrish,Independent,1964.0,18.0,False,False
2020,Hawaii,HI,State House,19,general,Wayne Chen,Shopping,573.0,5.3,False,False
2020,Hawaii,HI,State House,20,general,Jackson Sayama,Democratic,9235.0,74.6,True,False
2020,Hawaii,HI,State House,20,general,Julia Allen,Republican,3138.0,25.4,False,False
2020,Hawaii,HI,State House,22,general,Adrian Tam,Democratic,6080.0,67.9,True,False
2020,Hawaii,HI,State House,22,general,Nicholas Ochs,Republican,2869.0,32.1,False,False
2020,Hawaii,HI,State House,24,general,Della Au Belatti,Democratic,7189.0,77.2,True,True
2020,Hawaii,HI,State House,24,general,Andy Sexton,Aloha ʻāina,2121.0,22.8,False,False
2020,Hawaii,HI,State House,30,general,Sonny Ganaden,Democratic,3443.0,68.0,True,False
2020,Hawaii,HI,State House,30,general,Tess Quilingking,Republican,1617.0,32.0,False,False
2020,Hawaii,HI,State House,33,general,Sam Satoru Kong,Democratic,9010.0,74.5,True,True
2020,Hawaii,HI,State House,33,general,Jenny Boyette,Republican,3084.0,25.5,False,False
2020,Hawaii,HI,State House,34,general,Gregg Takayama,Democratic,7671.0,63.4,True,True
2020,Hawaii,HI,State House,34,general,Keone Simon,Republican,4420.0,36.6,False,False
2020,Hawaii,HI,State House,35,general,Roy Takumi,Democratic,5303.0,65.7,True,True
2020,Hawaii,HI,State House,35,general,Carl Hood,Republican,2155.0,26.7,False,False
2020,Hawaii,HI,State House,35,general,Keline-Kameyo Kahau,Aloha ʻāina,611.0,7.6,False,False
2020,Hawaii,HI,State House,36,general,Val Okimoto,Republican,6949.0,52.3,True,True
2020,Hawaii,HI,State House,36,general,Trish La Chica,Democratic,6337.0,47.7,False,False
2020,Hawaii,HI,State House,37,general,Ryan Yamane,Democratic,10049.0,74.5,True,True
2020,Hawaii,HI,State House,37,general,Emil Svrcina,Republican,3442.0,25.5,False,False
2020,Hawaii,HI,State House,39,general,Ty Cullen,Democratic,7420.0,65.8,True,True
2020,Hawaii,HI,State House,39,general,Austin Maglinti,Republican,3849.0,34.2,False,False
2020,Hawaii,HI,State House,40,general,Bob McDermott,Republican,5365.0,58.0,True,True
2020,Hawaii,HI,State House,40,general,Rose Martinez,Democratic,3886.0,42.0,False,False
2020,Hawaii,HI,State House,41,general,Matthew LoPresti,Democratic,6522.0,50.8,True,False
2020,Hawaii,HI,State House,41,general,David Alcos,Republican,6319.0,49.2,False,False
2020,Hawaii,HI,State House,43,general,Stacelynn Kehaulani Eli,Democratic,4089.0,48.9,True,True
2020,Hawaii,HI,State House,43,general,Diamond Garcia,Republican,3658.0,43.8,False,False
2020,Hawaii,HI,State House,43,general,Shaena Hoohuli,Aloha ʻāina,613.0,7.3,False,False
2020,Hawaii,HI,State House,44,general,Cedric Gates,Democratic,4518.0,62.1,True,True
2020,Hawaii,HI,State House,44,general,Maysana Aldeguer,Republican,2036.0,28.0,False,False
2020,Hawaii,HI,State House,44,general,Joseph Simpliciano,Aloha ʻāina,721.0,9.9,False,False
2020,Hawaii,HI,State House,45,general,Lauren Matsumoto,Republican,4616.0,66.2,True,True
2020,Hawaii,HI,State House,45,general,Michael Chapman,Democratic,2359.0,33.8,False,False
2020,Hawaii,HI,State House,47,general,Sean Quinlan,Democratic,5425.0,57.5,True,True
2020,Hawaii,HI,State House,47,general,Boyd Ready,Republican,4007.0,42.5,False,False
2020,Hawaii,HI,State House,49,general,Scot Matayoshi,Democratic,10275.0,77.2,True,True
2020,Hawaii,HI,State House,49,general,Kilomana Danner,Republican,3031.0,22.8,False,False
2020,Hawaii,HI,State House,50,general,Patrick Branco,Democratic,7592.0,61.3,True,False
2020,Hawaii,HI,State House,50,general,Kanani Souza,Republican,4790.0,38.7,False,False
2020,Hawaii,HI,State House,51,general,Lisa Marten,Democratic,6857.0,55.0,True,False
2020,Hawaii,HI,State House,51,general,Kukana Kama-Toth,Republican,5082.0,40.8,False,False
2020,Hawaii,HI,State House,51,general,Erik Ho,Aloha ʻāina,522.0,4.2,False,False
2020,Idaho,ID,State House,1,general,Heather Scott,Republican,19662.0,68.0,True,True
2020,Idaho,ID,State House,1,general,Gail Bolin,Democratic,9245.0,32.0,False,False
2020,Idaho,ID,State House,1,general,Sage G. Dixon,Republican,20212.0,69.5,True,True
2020,Idaho,ID,State House,1,general,Stephen F. Howlett,Democratic,8113.0,27.9,False,False
2020,Idaho,ID,State House,1,general,Dan Rose,Independent (politician),751.0,2.6,False,False
2020,Idaho,ID,State House,2,general,Vito Barbieri,Republican,25827.0,100.0,True,True
2020,Idaho,ID,State House,2,general,"Doug ""Doug O"" Okuniewicz",Republican,24273.0,83.5,True,False
2020,Idaho,ID,State House,2,general,Jennifer Luoma,Libertarian,4803.0,16.5,False,False
2020,Idaho,ID,State House,3,general,Ron Mendive,Republican,21602.0,76.1,True,True
2020,Idaho,ID,State House,3,general,Christopher S. Matthews,Democratic,6789.0,23.9,False,False
2020,Idaho,ID,State House,3,general,Tony Wisniewski,Republican,21536.0,75.7,True,True
2020,Idaho,ID,State House,3,general,Teresa Borrenpohl,Democratic,6901.0,24.3,False,False
2020,Idaho,ID,State House,4,general,Jim Addis,Republican,21433.0,100.0,True,True
2020,Idaho,ID,State House,4,general,Paul Amador,Republican,21694.0,100.0,True,True
2020,Idaho,ID,State House,5,general,Brandon Mitchell,Republican,13888.0,55.4,True,False
2020,Idaho,ID,State House,5,general,Dulce Kersting-Lark,Democratic,11180.0,44.6,False,False
2020,Idaho,ID,State House,5,general,Caroline Nilsson Troy,Republican,13979.0,55.4,True,True
2020,Idaho,ID,State House,5,general,Renee Love,Democratic,10315.0,40.9,False,False
2020,Idaho,ID,State House,5,general,James Hartley,Constitution,943.0,3.7,False,False
2020,Idaho,ID,State House,6,general,Aaron von Ehlinger,Republican,18909.0,100.0,True,True
2020,Idaho,ID,State House,6,general,Mike Kingsley,Republican,18879.0,100.0,True,True
2020,Idaho,ID,State House,7,general,Priscilla Giddings,Republican,19117.0,100.0,True,True
2020,Idaho,ID,State House,7,general,Charlie Shepherd,Republican,19401.0,100.0,True,False
2020,Idaho,ID,State House,8,general,Terry Gestrin,Republican,23661.0,100.0,True,True
2020,Idaho,ID,State House,8,general,Dorothy Moon,Republican,23300.0,100.0,True,True
2020,Idaho,ID,State House,9,general,Ryan Kerby,Republican,20008.0,100.0,True,True
2020,Idaho,ID,State House,9,general,Judy Boyle,Republican,17678.0,78.4,True,True
2020,Idaho,ID,State House,9,general,Allen Schmid,Democratic,4882.0,21.6,False,False
2020,Idaho,ID,State House,10,general,Julie Yamamoto,Republican,11854.0,67.4,True,False
2020,Idaho,ID,State House,10,general,Rebecca Yamamoto Hanson,Democratic,5722.0,32.6,False,False
2020,Idaho,ID,State House,10,general,Greg Chaney,Republican,11375.0,65.4,True,True
2020,Idaho,ID,State House,10,general,Chelsea Gaona-Lincoln,Democratic,6019.0,34.6,False,False
2020,Idaho,ID,State House,11,general,Scott Syme,Republican,19087.0,80.6,True,True
2020,Idaho,ID,State House,11,general,Jacob Lowder,Democratic,4596.0,19.4,False,False
2020,Idaho,ID,State House,11,general,Tammy Nichols,Republican,18866.0,79.8,True,True
2020,Idaho,ID,State House,11,general,Edward Savala,Democratic,4770.0,20.2,False,False
2020,Idaho,ID,State House,12,general,Bruce D. Skaug,Republican,14274.0,69.1,True,False
2020,Idaho,ID,State House,12,general,Pat Day Hartwell,Democratic,6369.0,30.9,False,False
2020,Idaho,ID,State House,12,general,Rick D. Youngblood,Republican,17278.0,99.8,True,True
2020,Idaho,ID,State House,12,general,Michael H. Angel,Independent (politician),28.0,0.2,False,False
2020,Idaho,ID,State House,13,general,Brent J. Crane,Republican,15068.0,70.0,True,True
2020,Idaho,ID,State House,13,general,Jason Kutchma,Democratic,6473.0,30.0,False,False
2020,Idaho,ID,State House,13,general,Ben Adams,Republican,15562.0,77.7,True,False
2020,Idaho,ID,State House,13,general,Jess S. Smith,Libertarian,4460.0,22.3,False,False
2020,Idaho,ID,State House,14,general,Mike Moyle,Republican,28605.0,71.2,True,True
2020,Idaho,ID,State House,14,general,Cindy Currie,Independent (politician),11591.0,28.8,False,False
2020,Idaho,ID,State House,14,general,Gayann DeMordaunt,Republican,28659.0,70.4,True,True
2020,Idaho,ID,State House,14,general,Shelley Brock,Democratic,12063.0,29.6,False,False
2020,Idaho,ID,State House,15,general,Steve Berch,Democratic,11567.0,50.6,True,True
2020,Idaho,ID,State House,15,general,Patrick E. McDonald,Republican,10933.0,47.8,False,False
2020,Idaho,ID,State House,15,general,David W. Hartigan,Constitution,365.0,1.6,False,False
2020,Idaho,ID,State House,15,general,Codi Galloway,Republican,11975.0,52.6,True,False
2020,Idaho,ID,State House,15,general,Jake Ellis,Democratic,10785.0,47.4,False,True
2020,Idaho,ID,State House,16,general,John McCrostie,Democratic,17150.0,98.1,True,True
2020,Idaho,ID,State House,16,general,Chandler S. Hadrabet,Independent (politician),332.0,1.9,False,False
2020,Idaho,ID,State House,16,general,Colin Nash,Democratic,14114.0,58.4,True,False
2020,Idaho,ID,State House,16,general,Jacquelyn (Jackie) Davidson,Republican,10052.0,41.6,False,False
2020,Idaho,ID,State House,17,general,John Gannon,Democratic,13195.0,63.4,True,True
2020,Idaho,ID,State House,17,general,Brittany Love,Republican,7604.0,36.6,False,False
2020,Idaho,ID,State House,17,general,Sue Chew,Democratic,13751.0,66.0,True,True
2020,Idaho,ID,State House,17,general,Anthony T. Dephue,Republican,7079.0,34.0,False,False
2020,Idaho,ID,State House,18,general,Ilana Rubel,Democratic,17645.0,61.2,True,True
2020,Idaho,ID,State House,18,general,Gary M. Childe,Republican,11186.0,38.8,False,False
2020,Idaho,ID,State House,18,general,Brooke Green,Democratic,17339.0,60.7,True,True
2020,Idaho,ID,State House,18,general,Pete Thomas,Republican,11241.0,39.3,False,False
2020,Idaho,ID,State House,19,general,Lauren Necochea,Democratic,21358.0,68.8,True,True
2020,Idaho,ID,State House,19,general,Jim Feederle,Republican,9768.0,31.2,False,False
2020,Idaho,ID,State House,19,general,Chris Mathias,Democratic,20940.0,67.8,True,False
2020,Idaho,ID,State House,19,general,James F. Jacobson,Republican,9948.0,32.2,False,False
2020,Idaho,ID,State House,20,general,Joe A. Palmer,Republican,16795.0,62.4,True,True
2020,Idaho,ID,State House,20,general,Pat Soulliere,Democratic,9301.0,34.6,False,False
2020,Idaho,ID,State House,20,general,Daniel S. Weston,Constitution,804.0,3.0,False,False
2020,Idaho,ID,State House,20,general,James Holtzclaw,Republican,17488.0,65.7,True,True
2020,Idaho,ID,State House,20,general,"Samantha ""Sammy"" Hager",Democratic,9120.0,34.3,False,False
2020,Idaho,ID,State House,21,general,Steven C. Harris,Republican,19731.0,63.7,True,True
2020,Idaho,ID,State House,21,general,Donald Williamson,Democratic,11249.0,36.3,False,False
2020,Idaho,ID,State House,21,general,Greg Ferch,Republican,20509.0,71.5,True,False
2020,Idaho,ID,State House,21,general,Lisa Adams,Libertarian,8178.0,28.5,False,False
2020,Idaho,ID,State House,22,general,John Vander Woude,Republican,17451.0,72.1,True,True
2020,Idaho,ID,State House,22,general,Diane Jensen,Democratic,6739.0,27.9,False,False
2020,Idaho,ID,State House,22,general,Jason A. Monks,Republican,17547.0,73.2,True,True
2020,Idaho,ID,State House,22,general,Nina Turner,Democratic,6431.0,26.8,False,False
2020,Idaho,ID,State House,23,general,Matthew Bundy,Republican,13574.0,79.2,True,False
2020,Idaho,ID,State House,23,general,Benjamin Lee,Democratic,3574.0,20.8,False,False
2020,Idaho,ID,State House,23,general,Megan C. Blanksma,Republican,12941.0,74.6,True,True
2020,Idaho,ID,State House,23,general,Michael Oliver,Democratic,3234.0,18.6,False,False
2020,Idaho,ID,State House,23,general,Tony Ullrich,Constitution,1186.0,6.8,False,False
2020,Idaho,ID,State House,24,general,Lance Clow,Republican,13833.0,73.8,True,True
2020,Idaho,ID,State House,24,general,Paul Thompson,Constitution,4915.0,26.2,False,False
2020,Idaho,ID,State House,24,general,Linda Wright Hartgen,Republican,16298.0,100.0,True,True
2020,Idaho,ID,State House,25,general,Laurie Lickley,Republican,17279.0,100.0,True,True
2020,Idaho,ID,State House,25,general,Clark Kauffman,Republican,17264.0,100.0,True,True
2020,Idaho,ID,State House,26,general,Muffy Davis,Democratic,16059.0,100.0,True,True
2020,Idaho,ID,State House,26,general,Sally J. Toone,Democratic,11888.0,54.7,True,True
2020,Idaho,ID,State House,26,general,William K. Thorpe,Republican,9845.0,45.3,False,False
2020,Idaho,ID,State House,27,general,Scott Bedke,Republican,15882.0,100.0,True,True
2020,Idaho,ID,State House,27,general,Fred Wood,Republican,15745.0,100.0,True,True
2020,Idaho,ID,State House,28,general,Randy Armstrong,Republican,15331.0,67.3,True,True
2020,Idaho,ID,State House,28,general,Mike Saville,Democratic,7466.0,32.7,False,False
2020,Idaho,ID,State House,28,general,Kevin Andrus,Republican,19683.0,100.0,True,True
2020,Idaho,ID,State House,29,general,Dustin Whitney Manwaring,Republican,10181.0,53.8,True,False
2020,Idaho,ID,State House,29,general,Chris Abernathy,Democratic,8753.0,46.2,False,True
2020,Idaho,ID,State House,29,general,James D. Ruchti,Democratic,14679.0,100.0,True,False
2020,Idaho,ID,State House,30,general,Gary L. Marshall,Republican,18365.0,100.0,True,True
2020,Idaho,ID,State House,30,general,Wendy Horman,Republican,17955.0,100.0,True,True
2020,Idaho,ID,State House,31,general,David M. Cannon,Republican,16968.0,100.0,True,False
2020,Idaho,ID,State House,31,general,Julianne Young,Republican,12390.0,63.8,True,True
2020,Idaho,ID,State House,31,general,Travis Oler,Democratic,7040.0,36.2,False,False
2020,Idaho,ID,State House,32,general,Marc Gibbs,Republican,20171.0,100.0,True,True
2020,Idaho,ID,State House,32,general,Chad Christensen,Republican,18120.0,75.1,True,True
2020,Idaho,ID,State House,32,general,Bill Leake,Democratic,6008.0,24.9,False,False
2020,Idaho,ID,State House,33,general,Barbara Ehardt,Republican,11308.0,60.3,True,True
2020,Idaho,ID,State House,33,general,Miranda Marquit,Democratic,7456.0,39.7,False,False
2020,Idaho,ID,State House,33,general,Marco Erickson,Republican,11922.0,65.1,True,False
2020,Idaho,ID,State House,33,general,David Roth,Democratic,6400.0,34.9,False,False
2020,Idaho,ID,State House,34,general,Jon O. Weber,Republican,18112.0,100.0,True,False
2020,Idaho,ID,State House,34,general,Ron Nate,Republican,17698.0,100.0,True,False
2020,Idaho,ID,State House,35,general,Karey Hanks,Republican,19701.0,100.0,True,False
2020,Idaho,ID,State House,35,general,Rod Furniss,Republican,20054.0,100.0,True,True
2020,Illinois,IL,State House,1,general,Aaron M. Ortiz,Democratic,21204.0,100.0,True,True
2020,Illinois,IL,State House,2,general,Theresa Mah,Democratic,25771.0,100.0,True,True
2020,Illinois,IL,State House,3,general,Eva-Dina Delgado,Democratic,25453.0,100.0,True,True
2020,Illinois,IL,State House,4,general,Delia C. Ramirez,Democratic,38951.0,100.0,True,True
2020,Illinois,IL,State House,5,general,Lamont J. Robinson,Democratic,43918.0,100.0,True,True
2020,Illinois,IL,State House,6,general,Sonya Marie Harper,Democratic,32219.0,100.0,True,True
2020,Illinois,IL,State House,7,general,"Emanuel ""Chris"" Welch",Democratic,43883.0,100.0,True,True
2020,Illinois,IL,State House,8,general,La Shawn K. Ford,Democratic,36932.0,100.0,True,True
2020,Illinois,IL,State House,9,general,Lakesia Collins,Democratic,38252.0,100.0,True,True
2020,Illinois,IL,State House,10,general,"Jawaharial ""Omar"" Williams",Democratic,38256.0,100.0,True,True
2020,Illinois,IL,State House,11,general,Ann M. Williams,Democratic,50970.0,100.0,True,True
2020,Illinois,IL,State House,12,general,Margaret Croke,Democratic,52483.0,100.0,True,False
2020,Illinois,IL,State House,13,general,Greg Harris,Democratic,46016.0,100.0,True,True
2020,Illinois,IL,State House,14,general,Kelly M. Cassidy,Democratic,41907.0,100.0,True,True
2020,Illinois,IL,State House,15,general,John C. D'Amico,Democratic,35587.0,100.0,True,True
2020,Illinois,IL,State House,16,general,Denyse Wang Stoneback,Democratic,32660.0,100.0,True,False
2020,Illinois,IL,State House,17,general,Jennifer Gong-Gershowitz,Democratic,42471.0,67.62,True,True
2020,Illinois,IL,State House,17,general,Yesoe Yoon,Republican,18728.0,29.82,False,False
2020,Illinois,IL,State House,17,general,Christopher Kruger,Green,1606.0,2.56,False,False
2020,Illinois,IL,State House,18,general,Robyn Gabel,Democratic,43607.0,72.31,True,True
2020,Illinois,IL,State House,18,general,Sean Matlis,Independent,16699.0,27.69,False,False
2020,Illinois,IL,State House,19,general,Lindsey LaPointe,Democratic,27823.0,58.4,True,True
2020,Illinois,IL,State House,19,general,Jeff Muehlfelder,Republican,18277.0,38.36,False,False
2020,Illinois,IL,State House,19,general,Joseph Schreiner,Libertarian,1544.0,3.24,False,False
2020,Illinois,IL,State House,20,general,Brad Stephens,Republican,28314.0,54.6,True,True
2020,Illinois,IL,State House,20,general,Michelle Darbro,Democratic,23546.0,45.4,False,False
2020,Illinois,IL,State House,21,general,Edgar González Jr.,Democratic,22403.0,100.0,True,True
2020,Illinois,IL,State House,22,general,Michael J. Madigan,Democratic,29041.0,99.98,True,True
2020,Illinois,IL,State House,23,general,Michael J. Zalewski,Democratic,26817.0,100.0,True,True
2020,Illinois,IL,State House,24,general,"Elizabeth ""Lisa"" Hernandez",Democratic,26824.0,100.0,True,True
2020,Illinois,IL,State House,25,general,Curtis J. Tarver II,Democratic,35396.0,100.0,True,True
2020,Illinois,IL,State House,26,general,Kam Buckner,Democratic,41804.0,100.0,True,True
2020,Illinois,IL,State House,27,general,Justin Q. Slaughter,Democratic,41616.0,100.0,True,True
2020,Illinois,IL,State House,28,general,"Robert ""Bob"" Rita",Democratic,37640.0,99.36,True,True
2020,Illinois,IL,State House,29,general,Thaddeus Jones,Democratic,42578.0,100.0,True,True
2020,Illinois,IL,State House,30,general,"William ""Will"" Davis",Democratic,33359.0,100.0,True,True
2020,Illinois,IL,State House,31,general,Mary E. Flowers,Democratic,35126.0,100.0,True,True
2020,Illinois,IL,State House,32,general,André Thapedi,Democratic,26680.0,100.0,True,True
2020,Illinois,IL,State House,33,general,Marcus C. Evans Jr.,Democratic,39641.0,100.0,True,True
2020,Illinois,IL,State House,34,general,"Nicholas ""Nick"" Smith",Democratic,40279.0,100.0,True,True
2020,Illinois,IL,State House,35,general,Frances Ann Hurley,Democratic,37169.0,64.24,True,True
2020,Illinois,IL,State House,35,general,Herbert Hebein,Republican,20695.0,35.76,False,False
2020,Illinois,IL,State House,36,general,Kelly M. Burke,Democratic,39536.0,100.0,True,True
2020,Illinois,IL,State House,37,general,Tim Ozinga,Republican,41115.0,63.67,True,False
2020,Illinois,IL,State House,37,general,Michelle Fadeley,Democratic,23465.0,36.33,False,False
2020,Illinois,IL,State House,38,general,Debbie Meyers-Martin,Democratic,41305.0,77.47,True,True
2020,Illinois,IL,State House,38,general,Max Solomon,Republican,12010.0,22.53,False,False
2020,Illinois,IL,State House,39,general,Will Guzzardi,Democratic,33816.0,100.0,True,True
2020,Illinois,IL,State House,40,general,Jaime M. Andrade Jr.,Democratic,34655.0,100.0,True,True
2020,Illinois,IL,State House,41,general,Janet Yang Rohr,Democratic,31613.0,51.68,True,False
2020,Illinois,IL,State House,41,general,Grant Wehrli,Republican,29558.0,48.32,False,True
2020,Illinois,IL,State House,42,general,Amy L. Grant,Republican,32349.0,51.88,True,True
2020,Illinois,IL,State House,42,general,Ken Mejia-Beal,Democratic,30005.0,48.12,False,False
2020,Illinois,IL,State House,43,general,Anna Moeller,Democratic,23849.0,100.0,True,True
2020,Illinois,IL,State House,44,general,Fred Crespo,Democratic,31229.0,99.96,True,True
2020,Illinois,IL,State House,45,general,Seth Lewis,Republican,30246.0,53.22,True,False
2020,Illinois,IL,State House,45,general,Diane Pappas,Democratic,26590.0,46.78,False,True
2020,Illinois,IL,State House,46,general,Deb Conroy,Democratic,34949.0,100.0,True,True
2020,Illinois,IL,State House,47,general,Deanne Marie Mazzochi,Republican,34646.0,53.99,True,True
2020,Illinois,IL,State House,47,general,Jennifer Zordani,Democratic,29528.0,46.01,False,False
2020,Illinois,IL,State House,48,general,Terra Costa Howard,Democratic,33303.0,53.77,True,True
2020,Illinois,IL,State House,48,general,Peter Breen,Republican,28628.0,46.23,False,False
2020,Illinois,IL,State House,49,general,Maura Hirschauer,Democratic,29288.0,54.22,True,False
2020,Illinois,IL,State House,49,general,Laura Curtis,Republican,24725.0,45.78,False,False
2020,Illinois,IL,State House,50,general,Keith R. Wheeler,Republican,35817.0,56.42,True,True
2020,Illinois,IL,State House,50,general,Kate Monteleone,Democratic,27661.0,43.58,False,False
2020,Illinois,IL,State House,51,general,Chris Bos,Republican,33697.0,50.87,True,False
2020,Illinois,IL,State House,51,general,Mary Edly-Allen,Democratic,32548.0,49.13,False,True
2020,Illinois,IL,State House,52,general,Martin McLaughlin,Republican,31426.0,54.27,True,False
2020,Illinois,IL,State House,52,general,Marci Suelzer,Democratic,24962.0,43.11,False,False
2020,Illinois,IL,State House,52,general,Alia Sarfraz,Green,1521.0,2.63,False,False
2020,Illinois,IL,State House,53,general,Mark L. Walker,Democratic,40255.0,100.0,True,True
2020,Illinois,IL,State House,54,general,"Thomas R. ""Tom"" Morrison",Republican,30121.0,51.81,True,True
2020,Illinois,IL,State House,54,general,Maggie Trevor,Democratic,28017.0,48.19,False,False
2020,Illinois,IL,State House,55,general,Martin J. Moylan,Democratic,31770.0,72.58,True,True
2020,Illinois,IL,State House,55,general,Glenn Olofson,Libertarian,12000.0,27.42,False,False
2020,Illinois,IL,State House,56,general,Michelle Mussman,Democratic,28821.0,57.59,True,True
2020,Illinois,IL,State House,56,general,Scott Kegarise,Republican,21222.0,42.41,False,False
2020,Illinois,IL,State House,57,general,Jonathan Carroll,Democratic,32397.0,100.0,True,True
2020,Illinois,IL,State House,58,general,Bob Morgan,Democratic,43648.0,100.0,True,True
2020,Illinois,IL,State House,59,general,Daniel Didech,Democratic,36940.0,100.0,True,True
2020,Illinois,IL,State House,60,general,Rita Mayfield,Democratic,25886.0,100.0,True,True
2020,Illinois,IL,State House,61,general,Joyce Mason,Democratic,28447.0,55.09,True,True
2020,Illinois,IL,State House,61,general,Dan Yost,Republican,23189.0,44.91,False,False
2020,Illinois,IL,State House,62,general,Sam Yingling,Democratic,27215.0,56.89,True,True
2020,Illinois,IL,State House,62,general,Jim Walsh,Republican,20619.0,43.11,False,False
2020,Illinois,IL,State House,63,general,Steven Reick,Republican,28320.0,54.77,True,True
2020,Illinois,IL,State House,63,general,Brian Sager,Democratic,23390.0,45.23,False,False
2020,Illinois,IL,State House,64,general,Tom Weber,Republican,35162.0,59.77,True,True
2020,Illinois,IL,State House,64,general,Leslie Armstrong-McLeod,Democratic,23665.0,40.23,False,False
2020,Illinois,IL,State House,65,general,Dan Ugaste,Republican,35206.0,51.83,True,True
2020,Illinois,IL,State House,65,general,Martha Paschke,Democratic,32720.0,48.17,False,False
2020,Illinois,IL,State House,66,general,Suzanne M Ness,Democratic,29966.0,51.97,True,False
2020,Illinois,IL,State House,66,general,Allen Skillicorn,Republican,27698.0,48.03,False,True
2020,Illinois,IL,State House,67,general,Maurice A. West II,Democratic,19742.0,66.53,True,True
2020,Illinois,IL,State House,67,general,Kathleen (Kathie) Jo Hansen,Republican,9932.0,33.47,False,False
2020,Illinois,IL,State House,68,general,Dave Vella,Democratic,26770.0,50.22,True,False
2020,Illinois,IL,State House,68,general,John M. Cabello,Republican,26531.0,49.78,False,True
2020,Illinois,IL,State House,69,general,Joe Sosnowski,Republican,45218.0,100.0,True,True
2020,Illinois,IL,State House,70,general,Jeff Keicher,Republican,29713.0,57.67,True,True
2020,Illinois,IL,State House,70,general,Paul Stoddard,Democratic,21810.0,42.33,False,False
2020,Illinois,IL,State House,71,general,Tony M. McCombie,Republican,32132.0,61.6,True,True
2020,Illinois,IL,State House,71,general,Joan Padilla,Democratic,20031.0,38.4,False,False
2020,Illinois,IL,State House,72,general,Michael W. Halpin,Democratic,27413.0,59.74,True,True
2020,Illinois,IL,State House,72,general,Glen Evans Sr.,Republican,18471.0,40.26,False,False
2020,Illinois,IL,State House,73,general,Ryan Spain,Republican,50610.0,100.0,True,True
2020,Illinois,IL,State House,74,general,Dan Swanson,Republican,39239.0,70.97,True,True
2020,Illinois,IL,State House,74,general,Christopher Demink,Democratic,16054.0,29.03,False,False
2020,Illinois,IL,State House,75,general,David Allen Welter,Republican,48157.0,100.0,True,True
2020,Illinois,IL,State House,76,general,Lance Yednock,Democratic,27289.0,54.36,True,True
2020,Illinois,IL,State House,76,general,Travis S. Breeden,Republican,22911.0,45.64,False,False
2020,Illinois,IL,State House,77,general,Kathleen Willis,Democratic,21772.0,67.19,True,True
2020,Illinois,IL,State House,77,general,Anthony Airdo,Republican,10631.0,32.81,False,False
2020,Illinois,IL,State House,78,general,Camille Lilly,Democratic,42788.0,83.33,True,True
2020,Illinois,IL,State House,78,general,Joshua Flynn,Libertarian,8559.0,16.67,False,False
2020,Illinois,IL,State House,79,general,Jackie Haas,Republican,29540.0,63.77,True,False
2020,Illinois,IL,State House,79,general,Charlene Eads,Democratic,16780.0,36.23,False,False
2020,Illinois,IL,State House,80,general,Anthony DeLuca,Democratic,39293.0,79.81,True,True
2020,Illinois,IL,State House,80,general,Clayton D. Cleveland,Libertarian,9940.0,20.19,False,False
2020,Illinois,IL,State House,81,general,Anne Stava-Murray,Democratic,33340.0,52.61,True,True
2020,Illinois,IL,State House,81,general,Laura Hois,Republican,30035.0,47.39,False,False
2020,Illinois,IL,State House,82,general,Jim Durkin,Republican,41925.0,65.79,True,True
2020,Illinois,IL,State House,82,general,Kassem Moukahal,Democratic,21805.0,34.21,False,False
2020,Illinois,IL,State House,83,general,Barbara Hernandez,Democratic,19300.0,71.73,True,True
2020,Illinois,IL,State House,83,general,Donald R Walter,Republican,7607.0,28.27,False,False
2020,Illinois,IL,State House,84,general,Stephanie A. Kifowit,Democratic,37152.0,100.0,True,True
2020,Illinois,IL,State House,85,general,"Dagmara ""Dee"" Avelar",Democratic,26560.0,59.0,True,False
2020,Illinois,IL,State House,85,general,Ron Doweidt,Republican,16129.0,35.83,False,False
2020,Illinois,IL,State House,85,general,Anna Schiefelbein,Green,2326.0,5.17,False,False
2020,Illinois,IL,State House,86,general,"Lawrence ""Larry"" Walsh Jr.",Democratic,34066.0,100.0,True,True
2020,Illinois,IL,State House,87,general,Tim Butler,Republican,41837.0,84.51,True,True
2020,Illinois,IL,State House,87,general,"Angel ""Gello"" Sides",Green,7666.0,15.49,False,False
2020,Illinois,IL,State House,88,general,Keith P. Sommer,Republican,34331.0,60.1,True,True
2020,Illinois,IL,State House,88,general,Karla Bailey-Smith,Democratic,20245.0,35.44,False,False
2020,Illinois,IL,State House,88,general,Kenneth Allison,Libertarian,2549.0,4.46,False,False
2020,Illinois,IL,State House,89,general,Andrew S. Chesney,Republican,38341.0,73.44,True,True
2020,Illinois,IL,State House,89,general,John Cook,Independent,13864.0,26.56,False,False
2020,Illinois,IL,State House,90,general,Tom Demmer,Republican,34129.0,67.29,True,True
2020,Illinois,IL,State House,90,general,Seth Wiggins,Democratic,16589.0,32.71,False,False
2020,Illinois,IL,State House,91,general,Mark A. Luft,Republican,29888.0,63.2,True,False
2020,Illinois,IL,State House,91,general,Josh Grys,Democratic,17403.0,36.8,False,False
2020,Illinois,IL,State House,92,general,Jehan Gordon-Booth,Democratic,28912.0,74.51,True,True
2020,Illinois,IL,State House,92,general,Chad Grimm,Libertarian,9890.0,25.49,False,False
2020,Illinois,IL,State House,93,general,Norine K. Hammond,Republican,27892.0,65.89,True,True
2020,Illinois,IL,State House,93,general,Scott Stoll,Democratic,14437.0,34.11,False,False
2020,Illinois,IL,State House,94,general,Randy E. Frese,Republican,39921.0,76.31,True,True
2020,Illinois,IL,State House,94,general,Angel Smith,Democratic,12392.0,23.69,False,False
2020,Illinois,IL,State House,95,general,Avery Bourne,Republican,36245.0,70.08,True,True
2020,Illinois,IL,State House,95,general,Chase Wilhelm,Democratic,15475.0,29.92,False,False
2020,Illinois,IL,State House,96,general,Sue Scherer,Democratic,20742.0,51.52,True,True
2020,Illinois,IL,State House,96,general,Charles McGorray,Republican,17865.0,44.37,False,False
2020,Illinois,IL,State House,96,general,John Keating,Green,1657.0,4.12,False,False
2020,Illinois,IL,State House,97,general,Mark Batinick,Republican,32224.0,52.03,True,True
2020,Illinois,IL,State House,97,general,Harry Benton,Democratic,29709.0,47.97,False,False
2020,Illinois,IL,State House,98,general,Natalie A. Manley,Democratic,43544.0,100.0,True,True
2020,Illinois,IL,State House,99,general,Mike Murphy,Republican,51003.0,100.0,True,True
2020,Illinois,IL,State House,100,general,"Christopher ""C.D."" Davidsmeyer",Republican,38578.0,75.11,True,True
2020,Illinois,IL,State House,100,general,Brandon Adams,Democratic,10533.0,20.51,False,False
2020,Illinois,IL,State House,100,general,Ralph Sides,Pro-life,2250.0,4.38,False,False
2020,Illinois,IL,State House,101,general,Dan Caulkins,Republican,53327.0,100.0,True,True
2020,Illinois,IL,State House,102,general,Brad Halbrook,Republican,39272.0,71.56,True,True
2020,Illinois,IL,State House,102,general,Mitchell Esslinger,Democratic,15609.0,28.44,False,False
2020,Illinois,IL,State House,103,general,Carol Ammons,Democratic,31127.0,78.65,True,True
2020,Illinois,IL,State House,103,general,Brad Bielert,Libertarian,8452.0,21.35,False,False
2020,Illinois,IL,State House,104,general,Mike Marron,Republican,27096.0,58.77,True,True
2020,Illinois,IL,State House,104,general,Cynthia E. Cunningham,Democratic,19007.0,41.23,False,False
2020,Illinois,IL,State House,105,general,Dan Brady,Republican,35324.0,62.66,True,True
2020,Illinois,IL,State House,105,general,Chemberly Cummings,Democratic,21050.0,37.34,False,False
2020,Illinois,IL,State House,106,general,Thomas M. Bennett,Republican,45477.0,100.0,True,True
2020,Illinois,IL,State House,107,general,Blaine Wilhour,Republican,38397.0,75.91,True,True
2020,Illinois,IL,State House,107,general,David J. Seiler,Democratic,12187.0,24.09,False,False
2020,Illinois,IL,State House,108,general,Charles Meier,Republican,45603.0,73.83,True,True
2020,Illinois,IL,State House,108,general,Kacie Weicherding,Democratic,16161.0,26.17,False,False
2020,Illinois,IL,State House,109,general,Adam M Niemerg,Republican,43100.0,82.15,True,False
2020,Illinois,IL,State House,109,general,John Spencer,Democratic,9366.0,17.85,False,False
2020,Illinois,IL,State House,110,general,Chris Miller,Republican,35788.0,76.22,True,True
2020,Illinois,IL,State House,110,general,Kody Czerwonka,Independent,11168.0,23.78,False,False
2020,Illinois,IL,State House,111,general,Amy Elik,Republican,26756.0,54.35,True,False
2020,Illinois,IL,State House,111,general,Monica J. Bristow,Democratic,22471.0,45.65,False,True
2020,Illinois,IL,State House,112,general,Katie Stuart,Democratic,31050.0,53.67,True,True
2020,Illinois,IL,State House,112,general,Lisa Ciampoli,Republican,26807.0,46.33,False,False
2020,Illinois,IL,State House,113,general,Jay Hoffman,Democratic,32801.0,75.07,True,True
2020,Illinois,IL,State House,113,general,Mark Elmore,Libertarian,5799.0,13.27,False,False
2020,Illinois,IL,State House,113,general,Ryan Musick,Constitution,5092.0,11.65,False,False
2020,Illinois,IL,State House,114,general,LaToya N. Greenwood,Democratic,26682.0,57.14,True,True
2020,Illinois,IL,State House,114,general,Dave Barnes,Republican,20015.0,42.86,False,False
2020,Illinois,IL,State House,115,general,Paul Jacobs,Republican,34331.0,77.67,True,False
2020,Illinois,IL,State House,115,general,Randy Auxier,Green,6216.0,14.06,False,False
2020,Illinois,IL,State House,115,general,Ian Peak,Libertarian,3655.0,8.27,False,False
2020,Illinois,IL,State House,116,general,David Friess,Republican,34595.0,64.83,True,False
2020,Illinois,IL,State House,116,general,Nathan Reitz,Democratic,18765.0,35.17,False,True
2020,Illinois,IL,State House,117,general,Dave Severin,Republican,46247.0,100.0,True,True
2020,Illinois,IL,State House,118,general,Patrick Windhorst,Republican,38451.0,100.0,True,True
2020,Indiana,IN,State House,1,general,Carolyn Jackson,Democratic,,100.0,True,True
2020,Indiana,IN,State House,2,general,Earl Harris,Democratic,,100.0,True,True
2020,Indiana,IN,State House,3,general,Ragen Hatcher,Democratic,,100.0,True,True
2020,Indiana,IN,State House,4,general,Ed Soliday,Republican,20072.0,54.6,True,True
2020,Indiana,IN,State House,4,general,Debora Porter,Democratic,16704.0,45.4,False,False
2020,Indiana,IN,State House,5,general,Dale DeVon,Republican,14617.0,50.7,True,True
2020,Indiana,IN,State House,5,general,Donald Westerhausen,Democratic,14190.0,49.3,False,False
2020,Indiana,IN,State House,6,general,Maureen Bauer,Democratic,,100.0,True,False
2020,Indiana,IN,State House,7,general,Jake Teshka,Republican,14668.0,54.0,True,False
2020,Indiana,IN,State House,7,general,Ross Deal,Democratic,12498.0,46.0,False,True
2020,Indiana,IN,State House,8,general,Ryan Dvorak,Democratic,16554.0,56.8,True,True
2020,Indiana,IN,State House,8,general,Timothy Jaycox,Republican,12568.0,43.2,False,False
2020,Indiana,IN,State House,9,general,Patricia Boy,Democratic,15781.0,56.6,True,True
2020,Indiana,IN,State House,9,general,Dion Bergeron,Republican,12096.0,43.4,False,False
2020,Indiana,IN,State House,10,general,Charles Moseley,Democratic,,100.0,True,True
2020,Indiana,IN,State House,11,general,Michael Aylesworth,Republican,25742.0,68.8,True,True
2020,Indiana,IN,State House,11,general,Keegan Damron,Democratic,11697.0,31.2,False,False
2020,Indiana,IN,State House,12,general,Mike Andrade,Democratic,18733.0,57.7,True,False
2020,Indiana,IN,State House,12,general,Tom Wichlinski,Republican,13730.0,42.3,False,False
2020,Indiana,IN,State House,13,general,Sharon Negele,Republican,22080.0,72.8,True,True
2020,Indiana,IN,State House,13,general,Keegan Damron,Democratic,8256.0,27.2,False,False
2020,Indiana,IN,State House,14,general,Vernon Smith,Democratic,,100.0,True,True
2020,Indiana,IN,State House,15,general,Hal Slager,Republican,17813.0,51.5,True,False
2020,Indiana,IN,State House,15,general,Chris Chyung,Democratic,16751.0,48.5,False,True
2020,Indiana,IN,State House,16,general,Douglas Gutwein,Republican,21686.0,74.1,True,True
2020,Indiana,IN,State House,16,general,Michael Lovely,Democratic,7573.0,25.9,False,False
2020,Indiana,IN,State House,17,general,Jack Jordan,Republican,19955.0,74.7,True,True
2020,Indiana,IN,State House,17,general,Bianka Tinklenberg,Democratic,6748.0,25.3,False,False
2020,Indiana,IN,State House,18,general,Craig Snow,Republican,22637.0,78.1,True,False
2020,Indiana,IN,State House,18,general,Chad Harris,Democratic,6353.0,21.9,False,False
2020,Indiana,IN,State House,19,general,Julie Olthoff,Republican,19496.0,51.8,True,False
2020,Indiana,IN,State House,19,general,Lisa Beck,Democratic,18135.0,48.2,False,True
2020,Indiana,IN,State House,20,general,Jim Pressel,Republican,20028.0,68.2,True,True
2020,Indiana,IN,State House,20,general,Tim Gust,Democratic,9322.0,31.8,False,False
2020,Indiana,IN,State House,21,general,Timothy Wesco,Republican,15346.0,64.5,True,True
2020,Indiana,IN,State House,21,general,Ryan Liedtky,Democratic,8446.0,35.5,False,False
2020,Indiana,IN,State House,22,general,Curt Nisly,Republican,20694.0,72.1,True,True
2020,Indiana,IN,State House,22,general,Kelly Thompson,Democratic,8003.0,27.9,False,False
2020,Indiana,IN,State House,23,general,Ethan Manning,Republican,,100.0,True,True
2020,Indiana,IN,State House,24,general,Donna Schaibley,Republican,30321.0,58.1,True,True
2020,Indiana,IN,State House,24,general,Naomi Bechtold,Democratic,21853.0,41.9,False,False
2020,Indiana,IN,State House,25,general,Donald Lehe,Republican,22475.0,70.3,True,True
2020,Indiana,IN,State House,25,general,Naomi Bechtold,Democratic,9500.0,29.7,False,False
2020,Indiana,IN,State House,26,general,Chris Campbell,Democratic,,100.0,True,True
2020,Indiana,IN,State House,27,general,Sheila Klinker,Democratic,14631.0,62.1,True,True
2020,Indiana,IN,State House,27,general,James Hass,Republican,8934.0,37.9,False,False
2020,Indiana,IN,State House,28,general,Jeff Thompson,Republican,27826.0,71.5,True,True
2020,Indiana,IN,State House,28,general,Eric Shotwell,Democratic,11075.0,28.5,False,False
2020,Indiana,IN,State House,29,general,Chuck Goodrich,Republican,27618.0,66.0,True,True
2020,Indiana,IN,State House,29,general,Mike Vick,Democratic,14228.0,34.0,False,False
2020,Indiana,IN,State House,30,general,Mike Karickhoff,Republican,19226.0,66.1,True,True
2020,Indiana,IN,State House,30,general,Dylan McHenry,Democratic,9839.0,33.9,False,False
2020,Indiana,IN,State House,31,general,Ann Vermilion,Republican,,100.0,True,True
2020,Indiana,IN,State House,32,general,Anthony Cook,Republican,26430.0,75.4,True,True
2020,Indiana,IN,State House,32,general,Amie Neiling,Democratic,8615.0,24.6,False,False
2020,Indiana,IN,State House,33,general,John Prescott,Republican,20198.0,72.5,True,True
2020,Indiana,IN,State House,33,general,Amie Neiling,Democratic,7649.0,27.5,False,False
2020,Indiana,IN,State House,34,general,Sue Errington,Democratic,11293.0,56.4,True,True
2020,Indiana,IN,State House,34,general,Dale Basham,Republican,8744.0,43.6,False,False
2020,Indiana,IN,State House,35,general,Elizabeth Rowray,Republican,16767.0,55.3,True,False
2020,Indiana,IN,State House,35,general,Melanie Wright,Democratic,13570.0,44.7,False,True
2020,Indiana,IN,State House,36,general,Terri Austin,Democratic,12951.0,53.0,True,True
2020,Indiana,IN,State House,36,general,Kyle Pierce,Republican,11485.0,47.0,False,False
2020,Indiana,IN,State House,37,general,Todd Huston,Republican,24591.0,56.2,True,True
2020,Indiana,IN,State House,37,general,Aimee Cole,Democratic,19159.0,43.8,False,False
2020,Indiana,IN,State House,38,general,Heath VanNatter,Republican,20746.0,71.5,True,True
2020,Indiana,IN,State House,38,general,Tom Hedde,Democratic,8272.0,28.5,False,False
2020,Indiana,IN,State House,39,general,Jerry Torr,Republican,23396.0,53.6,True,True
2020,Indiana,IN,State House,39,general,Ashley Klein,Democratic,20262.0,46.4,False,False
2020,Indiana,IN,State House,40,general,Gregory Steuerwald,Republican,24004.0,60.0,True,True
2020,Indiana,IN,State House,40,general,Kevin Short,Democratic,15974.0,40.0,False,False
2020,Indiana,IN,State House,41,general,Tim Brown,Republican,22639.0,75.3,True,True
2020,Indiana,IN,State House,41,general,Greg Woods,Democratic,7407.0,24.7,False,False
2020,Indiana,IN,State House,42,general,Alan Morrison,Republican,18945.0,66.8,True,True
2020,Indiana,IN,State House,42,general,Amy Adams,Democratic,9421.0,33.2,False,False
2020,Indiana,IN,State House,43,general,Tonya Pfaff,Democratic,13172.0,57.5,True,True
2020,Indiana,IN,State House,43,general,Bill Treadway,Republican,9722.0,42.5,False,False
2020,Indiana,IN,State House,44,general,Beau Baird,Republican,,100.0,True,True
2020,Indiana,IN,State House,45,general,Bruce Borders,Republican,,100.0,True,True
2020,Indiana,IN,State House,46,general,Bob Heaton,Republican,,100.0,True,True
2020,Indiana,IN,State House,47,general,John Young,Republican,,100.0,True,True
2020,Indiana,IN,State House,48,general,Doug Miller,Republican,16430.0,64.3,True,True
2020,Indiana,IN,State House,48,general,Aaron Mishler,Democratic,9105.0,35.7,False,False
2020,Indiana,IN,State House,49,general,Christy Stutzman,Republican,16539.0,66.5,True,True
2020,Indiana,IN,State House,49,general,Amanda Qualls,Democratic,8341.0,33.5,False,False
2020,Indiana,IN,State House,50,general,Dan Leonard,Republican,21418.0,71.5,True,True
2020,Indiana,IN,State House,50,general,Jorge Fernandez,Democratic,8517.0,28.5,False,False
2020,Indiana,IN,State House,51,general,Dennis Zent,Republican,17633.0,77.1,True,True
2020,Indiana,IN,State House,51,general,Michael Stephenson,Democratic,5250.0,22.9,False,False
2020,Indiana,IN,State House,52,general,Ben Smaltz,Republican,24713.0,72.0,True,True
2020,Indiana,IN,State House,52,general,Martha Lemert,Democratic,8322.0,24.3,False,False
2020,Indiana,IN,State House,52,general,Morgan Rigg,Libertarian,1271.0,3.7,False,False
2020,Indiana,IN,State House,53,general,Robert Cherry,Republican,,100.0,True,True
2020,Indiana,IN,State House,54,general,Tom Saunders,Republican,,100.0,True,True
2020,Indiana,IN,State House,55,general,Cindy Ziemke,Republican,,100.0,True,True
2020,Indiana,IN,State House,56,general,Brad Barrett,Republican,,100.0,True,True
2020,Indiana,IN,State House,57,general,Sean Eberhart,Republican,,100.0,True,True
2020,Indiana,IN,State House,58,general,Michelle Davis,Republican,22282.0,67.6,True,False
2020,Indiana,IN,State House,58,general,Cindy Reinert,Democratic,10664.0,32.4,False,False
2020,Indiana,IN,State House,59,general,Ryan Lauer,Republican,17729.0,59.9,True,True
2020,Indiana,IN,State House,59,general,Dale Nowlin,Democratic,11873.0,40.1,False,False
2020,Indiana,IN,State House,60,general,Peggy Mayfield,Republican,21712.0,63.5,True,True
2020,Indiana,IN,State House,60,general,Tiffany Grant,Democratic,12484.0,36.5,False,False
2020,Indiana,IN,State House,61,general,Matt Pierce (incumbent),Democratic,,100.0,True,True
2020,Indiana,IN,State House,62,general,Jeff Ellington,Republican,19036.0,60.4,True,True
2020,Indiana,IN,State House,62,general,Alyssa Bailey,Democratic,12468.0,39.6,False,False
2020,Indiana,IN,State House,63,general,Shane Lindauer,Republican,21494.0,73.8,True,True
2020,Indiana,IN,State House,63,general,Teresa Kendall,Democratic,7626.0,26.2,False,False
2020,Indiana,IN,State House,64,general,Matt Hostettler,Republican,25191.0,75.9,True,True
2020,Indiana,IN,State House,64,general,Ian Gamroth,Democratic,7986.0,24.1,False,False
2020,Indiana,IN,State House,65,general,Chris May,Republican,23721.0,72.9,True,True
2020,Indiana,IN,State House,65,general,Ian Gamroth,Democratic,8803.0,27.1,False,False
2020,Indiana,IN,State House,66,general,Zach Payne,Republican,16585.0,55.8,True,False
2020,Indiana,IN,State House,66,general,Terry Goodin,Democratic,13160.0,44.2,False,True
2020,Indiana,IN,State House,67,general,Randy Frye,Republican,,100.0,True,True
2020,Indiana,IN,State House,68,general,Randy Lyness,Republican,,100.0,True,True
2020,Indiana,IN,State House,69,general,Jim Lucas,Republican,18784.0,67.3,True,True
2020,Indiana,IN,State House,69,general,Jeffery Prewitt,Democratic,4924.0,17.7,False,False
2020,Indiana,IN,State House,69,general,Katrina Hardwick,Independent,4186.0,15.0,False,False
2020,Indiana,IN,State House,70,general,Karen Engleman,Republican,25166.0,70.7,True,True
2020,Indiana,IN,State House,70,general,Kent Yeager,Democratic,10437.0,29.3,False,False
2020,Indiana,IN,State House,71,general,Rita Fleming,Democratic,19167.0,77.6,True,True
2020,Indiana,IN,State House,71,general,Russell Brooksbank,Libertarian,5523.0,22.4,False,False
2020,Indiana,IN,State House,72,general,Edward Clere,Republican,20850.0,59.4,True,True
2020,Indiana,IN,State House,72,general,Erica Lawrence,Democratic,14275.0,40.6,False,False
2020,Indiana,IN,State House,73,general,Steve Davisson,Republican,,100.0,True,True
2020,Indiana,IN,State House,74,general,Stephen Bartels,Republican,,100.0,True,True
2020,Indiana,IN,State House,75,general,Cindy Ledbetter,Republican,20945.0,61.2,True,False
2020,Indiana,IN,State House,75,general,John Hurley,Democratic,13306.0,38.8,False,False
2020,Indiana,IN,State House,76,general,Wendy McNamara,Republican,18507.0,64.0,True,True
2020,Indiana,IN,State House,76,general,Stephen Folz,Democratic,10391.0,36.0,False,False
2020,Indiana,IN,State House,77,general,Ryan Hatfield,Democratic,13695.0,63.2,True,True
2020,Indiana,IN,State House,77,general,Gregory Peete,Republican,7975.0,36.8,False,False
2020,Indiana,IN,State House,78,general,Holli Sullivan,Republican,20273.0,63.9,True,True
2020,Indiana,IN,State House,78,general,Tonda Pauley,Democratic,11453.0,36.1,False,False
2020,Indiana,IN,State House,79,general,Matt Lehman,Republican,,100.0,True,True
2020,Indiana,IN,State House,80,general,Phil GiaQuinta,Democratic,,100.0,True,True
2020,Indiana,IN,State House,81,general,Martin Carbaugh,Republican,13725.0,52.0,True,True
2020,Indiana,IN,State House,81,general,Kyle Miller,Democratic,12653.0,48.0,False,False
2020,Indiana,IN,State House,82,general,David Abbott,Republican,,100.0,True,True
2020,Indiana,IN,State House,83,general,Christopher Judy,Republican,24783.0,64.7,True,True
2020,Indiana,IN,State House,83,general,Michael Bienz,Democratic,11953.0,31.2,False,False
2020,Indiana,IN,State House,83,general,Jason Eicholtz,Libertarian,1578.0,4.1,False,False
2020,Indiana,IN,State House,84,general,Bob Morris,Republican,21482.0,61.1,True,True
2020,Indiana,IN,State House,84,general,Emma Steele,Democratic,13670.0,38.9,False,False
2020,Indiana,IN,State House,85,general,Dave Heine,Republican,21238.0,71.8,True,True
2020,Indiana,IN,State House,85,general,Pablo Hurtado,Democratic,8332.0,28.2,False,False
2020,Indiana,IN,State House,86,general,Ed DeLaney,Democratic,27901.0,70.0,True,True
2020,Indiana,IN,State House,86,general,Paul Tinkle,Republican,11930.0,30.0,False,False
2020,Indiana,IN,State House,87,general,Carey Hamilton,Democratic,22729.0,62.7,True,True
2020,Indiana,IN,State House,87,general,Ryan Royer,Republican,13549.0,37.3,False,False
2020,Indiana,IN,State House,88,general,Chris Jeter,Republican,26659.0,59.3,True,True
2020,Indiana,IN,State House,88,general,Pam Dechert,Democratic,18285.0,40.7,False,False
2020,Indiana,IN,State House,89,general,Mitch Gore,Democratic,13898.0,51.3,True,False
2020,Indiana,IN,State House,89,general,Cynthia Kirchhofer,Republican,13173.0,48.7,False,True
2020,Indiana,IN,State House,90,general,Mike Speedy,Republican,22311.0,63.9,True,True
2020,Indiana,IN,State House,90,general,Jordan Nienaber,Democratic,12584.0,36.1,False,False
2020,Indiana,IN,State House,91,general,Robert Behning,Republican,16113.0,59.5,True,True
2020,Indiana,IN,State House,91,general,Beverly McDermott-Piazza,Democratic,9300.0,34.3,False,False
2020,Indiana,IN,State House,91,general,Crystal Henry,Libertarian,1687.0,6.2,False,False
2020,Indiana,IN,State House,92,general,Renee Pack,Democratic,,100.0,True,False
2020,Indiana,IN,State House,93,general,John Jacob,Republican,18485.0,61.0,True,False
2020,Indiana,IN,State House,93,general,Angela Elliott,Democratic,11806.0,39.0,False,False
2020,Indiana,IN,State House,94,general,Cherrish Pryor,Democratic,21430.0,85.5,True,False
2020,Indiana,IN,State House,94,general,Angela Elliott,Republican,3629.0,14.5,False,False
2020,Indiana,IN,State House,95,general,John Bartlett,Democratic,,100.0,True,False
2020,Indiana,IN,State House,96,general,Greg Porter,Democratic,,100.0,True,False
2020,Indiana,IN,State House,97,general,Justin Moed,Democratic,9707.0,55.5,True,True
2020,Indiana,IN,State House,97,general,John Schmitz,Republican,6962.0,39.8,False,False
2020,Indiana,IN,State House,97,general,Mark Renholzberger,Libertarian,816.0,4.7,False,False
2020,Indiana,IN,State House,98,general,Robin Shackleford,Democratic,,100.0,True,False
2020,Indiana,IN,State House,99,general,Vanessa Summers,Democratic,,100.0,True,False
2020,Indiana,IN,State House,100,general,Blake Johnson,Democratic,16353.0,67.0,True,True
2020,Indiana,IN,State House,100,general,Wayne Harmon,Republican,8037.0,33.0,False,False
2020,Kansas,KS,State House,1,general,Michael Houser,Republican,8381.0,100.0,True,False
2020,Kansas,KS,State House,2,general,Ken Collins,Republican,6759.0,62.16,True,False
2020,Kansas,KS,State House,2,general,Lynn D. Grant,Democratic,4115.0,37.84,False,False
2020,Kansas,KS,State House,3,general,Chuck Smith,Republican,4942.0,53.98,True,False
2020,Kansas,KS,State House,3,general,Monica Murnan,Democratic,4213.0,46.02,False,True
2020,Kansas,KS,State House,4,general,Trevor Jacobs,Republican,7881.0,74.89,True,False
2020,Kansas,KS,State House,4,general,Bill Meyer,Democratic,2642.0,25.11,False,False
2020,Kansas,KS,State House,5,general,Mark Samsel,Republican,8061.0,77.34,True,False
2020,Kansas,KS,State House,5,general,Roger Sims,Democratic,2362.0,22.66,False,False
2020,Kansas,KS,State House,6,general,Samantha Poetter,Republican,11111.0,100.0,True,False
2020,Kansas,KS,State House,7,general,Richard Proehl,Republican,7795.0,100.0,True,False
2020,Kansas,KS,State House,8,general,Chris Croft,Republican,12649.0,100.0,True,False
2020,Kansas,KS,State House,9,general,Kent Thompson,Republican,6879.0,74.84,True,False
2020,Kansas,KS,State House,9,general,Alana Cloutier,Democratic,2312.0,25.16,False,False
2020,Kansas,KS,State House,10,general,Christina Haswood,Democratic,9446.0,100.0,True,False
2020,Kansas,KS,State House,11,general,Jim Kelly,Republican,7467.0,100.0,True,False
2020,Kansas,KS,State House,12,general,Doug Blex,Republican,8908.0,100.0,True,False
2020,Kansas,KS,State House,13,general,Joe Newland,Republican,7633.0,77.2,True,False
2020,Kansas,KS,State House,13,general,Mark Pringle,Democratic,2254.0,22.8,False,False
2020,Kansas,KS,State House,14,general,Charlotte Esau,Republican,8539.0,52.4,True,False
2020,Kansas,KS,State House,14,general,Angela Schweller,Democratic,7757.0,47.6,False,False
2020,Kansas,KS,State House,15,general,John Toplikar,Republican,5361.0,51.47,True,False
2020,Kansas,KS,State House,15,general,Cole Fine,Democratic,5054.0,48.53,False,False
2020,Kansas,KS,State House,16,general,Linda Featherston,Democratic,7130.0,50.24,True,False
2020,Kansas,KS,State House,16,general,Rashard Young,Republican,7063.0,49.76,False,False
2020,Kansas,KS,State House,17,general,Jo Ella Hoye,Democratic,7058.0,50.93,True,False
2020,Kansas,KS,State House,17,general,Kristine Sapp,Republican,6356.0,45.87,False,False
2020,Kansas,KS,State House,17,general,Michael Kerner,Libertarian,443.0,3.2,False,False
2020,Kansas,KS,State House,18,general,Cindy Neighbor,Democratic,7098.0,52.35,True,False
2020,Kansas,KS,State House,18,general,Cathy Gordon,Republican,6460.0,47.65,False,False
2020,Kansas,KS,State House,19,general,Stephanie Clayton,Democratic,12369.0,100.0,True,False
2020,Kansas,KS,State House,20,general,Mari-Lynn Poskin,Democratic,8249.0,51.55,True,False
2020,Kansas,KS,State House,20,general,Jane Dirks,Republican,7752.0,48.45,False,False
2020,Kansas,KS,State House,21,general,Jerry Stogsdill,Democratic,9421.0,61.98,True,False
2020,Kansas,KS,State House,21,general,Bob Reese,Republican,5778.0,38.02,False,False
2020,Kansas,KS,State House,22,general,Lindsay Vaughn,Democratic,8413.0,100.0,True,False
2020,Kansas,KS,State House,23,general,Susan Ruiz,Democratic,6069.0,55.0,True,False
2020,Kansas,KS,State House,23,general,Jeff Shull,Republican,4386.0,39.75,False,False
2020,Kansas,KS,State House,23,general,Matthew Clark,Libertarian,579.0,5.25,False,False
2020,Kansas,KS,State House,24,general,Jarrod Ousley,Democratic,9545.0,100.0,True,False
2020,Kansas,KS,State House,25,general,Rui Xu,Democratic,12177.0,100.0,True,False
2020,Kansas,KS,State House,26,general,Adam Thomas,Republican,9758.0,61.28,True,False
2020,Kansas,KS,State House,26,general,W. Michael Shimeall,Democratic,6166.0,38.72,False,False
2020,Kansas,KS,State House,27,general,Sean Tarwater,Republican,12119.0,63.52,True,False
2020,Kansas,KS,State House,27,general,Sona Patel,Democratic,6961.0,36.48,False,False
2020,Kansas,KS,State House,28,general,Carl Turner,Republican,7638.0,53.15,True,False
2020,Kansas,KS,State House,28,general,Sally Jercha,Democratic,6732.0,46.85,False,False
2020,Kansas,KS,State House,29,general,Brett Parker,Democratic,7636.0,56.85,True,False
2020,Kansas,KS,State House,29,general,Jerry Clinton,Republican,5795.0,43.15,False,False
2020,Kansas,KS,State House,30,general,Brandon Woodard,Democratic,6913.0,52.09,True,False
2020,Kansas,KS,State House,30,general,Laura Williams,Republican,6357.0,47.91,False,False
2020,Kansas,KS,State House,31,general,Louis Ruiz,Democratic,5211.0,71.57,True,False
2020,Kansas,KS,State House,31,general,Landon Griffith,Republican,2070.0,28.43,False,False
2020,Kansas,KS,State House,32,general,Pam Curtis,Democratic,2822.0,74.66,True,False
2020,Kansas,KS,State House,32,general,Greg Conchola,Republican,958.0,25.34,False,False
2020,Kansas,KS,State House,33,general,Tom Burroughs,Democratic,5156.0,48.73,True,False
2020,Kansas,KS,State House,33,general,Jordan Mackey,Republican,4398.0,41.57,False,False
2020,Kansas,KS,State House,33,general,Rick Parsons,Libertarian,1027.0,9.71,False,False
2020,Kansas,KS,State House,34,general,Valdenia Winn,Democratic,5544.0,100.0,True,False
2020,Kansas,KS,State House,35,general,Broderick Henderson,Democratic,5694.0,80.13,True,False
2020,Kansas,KS,State House,35,general,Mark Snelson,Republican,1412.0,19.87,False,False
2020,Kansas,KS,State House,36,general,Kathy Wolfe Moore,Democratic,8280.0,62.58,True,False
2020,Kansas,KS,State House,36,general,Mark Gilstrap,Republican,4952.0,37.42,False,False
2020,Kansas,KS,State House,37,general,Aaron Coleman,Democratic,3649.0,66.45,True,False
2020,Kansas,KS,State House,37,general,Stan Frownfelter (write-in),Independent (politician),1222.0,22.25,False,False
2020,Kansas,KS,State House,37,general,Kristina Smith (write-in),Independent (politician),620.0,11.29,False,False
2020,Kansas,KS,State House,38,general,Timothy H. Johnson,Republican,9368.0,63.16,True,False
2020,Kansas,KS,State House,38,general,Sherri D. Grogan,Democratic,5464.0,36.84,False,False
2020,Kansas,KS,State House,39,general,Owen Donohoe,Republican,8511.0,54.78,True,False
2020,Kansas,KS,State House,39,general,Les Lampe,Democratic,7027.0,45.22,False,False
2020,Kansas,KS,State House,40,general,David French,Republican,5318.0,54.04,True,False
2020,Kansas,KS,State House,40,general,Joana Scholtz,Democratic,4523.0,45.96,False,False
2020,Kansas,KS,State House,41,general,Pat Proctor,Republican,3846.0,53.0,True,False
2020,Kansas,KS,State House,41,general,Mike Griswold,Democratic,3411.0,47.0,False,False
2020,Kansas,KS,State House,42,general,Lance Neelly,Republican,9652.0,97.15,True,False
2020,Kansas,KS,State House,42,general,Jim Karleskint (write-in),Independent (politician),283.0,2.85,False,False
2020,Kansas,KS,State House,43,general,Bill Sutton,Republican,7893.0,64.72,True,False
2020,Kansas,KS,State House,43,general,Pamela Finley,Democratic,4302.0,35.28,False,False
2020,Kansas,KS,State House,44,general,Barbara Ballard,Democratic,11358.0,100.0,True,True
2020,Kansas,KS,State House,45,general,Mike Amyx,Democratic,14500.0,100.0,True,False
2020,Kansas,KS,State House,46,general,Dennis Highberger,Democratic,9295.0,85.97,True,True
2020,Kansas,KS,State House,46,general,Dante Javaheri,Libertarian,1517.0,14.03,False,False
2020,Kansas,KS,State House,47,general,Ronald Ellis,Republican,8209.0,71.36,True,True
2020,Kansas,KS,State House,47,general,Michael Caddell,Democratic,3294.0,28.64,False,False
2020,Kansas,KS,State House,48,general,Jennifer Day,Democratic,6911.0,50.23,True,True
2020,Kansas,KS,State House,48,general,Terry Frederick,Republican,6849.0,49.77,False,False
2020,Kansas,KS,State House,49,general,Megan Lynn,Republican,5546.0,51.07,True,True
2020,Kansas,KS,State House,49,general,Katie Dixon,Democratic,5313.0,48.93,False,False
2020,Kansas,KS,State House,50,general,Fred Patton,Republican,9901.0,74.85,True,True
2020,Kansas,KS,State House,50,general,Timothy B. Reed,Democratic,3326.0,25.15,False,False
2020,Kansas,KS,State House,51,general,Ron Highland,Republican,11368.0,100.0,True,True
2020,Kansas,KS,State House,52,general,Jesse Borjon,Republican,7957.0,56.28,True,False
2020,Kansas,KS,State House,52,general,Mary Lous Davis,Democratic,6182.0,43.72,False,False
2020,Kansas,KS,State House,53,general,Jim Gartner,Democratic,6326.0,54.87,True,True
2020,Kansas,KS,State House,53,general,Jeff Coen,Republican,5203.0,45.13,False,False
2020,Kansas,KS,State House,54,general,Ken Corbet,Republican,8297.0,67.87,True,True
2020,Kansas,KS,State House,54,general,John Brosz,Democratic,3927.0,32.13,False,False
2020,Kansas,KS,State House,55,general,Annie Kuether,Democratic,5960.0,62.9,True,True
2020,Kansas,KS,State House,55,general,Janlyn Nesbett Tucker,Republican,3516.0,37.1,False,False
2020,Kansas,KS,State House,56,general,Virgil Weigel,Democratic,5661.0,51.18,True,True
2020,Kansas,KS,State House,56,general,Tim Clothier,Republican,5400.0,48.82,False,False
2020,Kansas,KS,State House,57,general,John Alcala,Democratic,4513.0,63.42,True,True
2020,Kansas,KS,State House,57,general,Michael Martin,Republican,2603.0,36.58,False,False
2020,Kansas,KS,State House,58,general,Vic Miller,Democratic,4786.0,69.63,True,False
2020,Kansas,KS,State House,58,general,Geoffrey H. Gawdun,Republican,2087.0,30.37,False,False
2020,Kansas,KS,State House,59,general,Blaine Finch,Republican,7679.0,73.1,True,True
2020,Kansas,KS,State House,59,general,Caren Rugg,Democratic,2826.0,26.9,False,False
2020,Kansas,KS,State House,60,general,Mark Schreiber,Republican,5685.0,59.32,True,True
2020,Kansas,KS,State House,60,general,Todd Maddox,Democratic,3898.0,40.68,False,False
2020,Kansas,KS,State House,61,general,Francis Awerkamp,Republican,9684.0,100.0,True,True
2020,Kansas,KS,State House,62,general,Randy Garber,Republican,9757.0,100.0,True,True
2020,Kansas,KS,State House,63,general,John Eplee,Republican,9238.0,100.0,True,True
2020,Kansas,KS,State House,64,general,Suzi Carlson,Republican,5050.0,75.69,True,True
2020,Kansas,KS,State House,64,general,Jim Vathauer,Democratic,1622.0,24.31,False,False
2020,Kansas,KS,State House,65,general,Lonnie Clark,Republican,4345.0,100.0,True,True
2020,Kansas,KS,State House,66,general,Sydney Carlin,Democratic,7491.0,100.0,True,True
2020,Kansas,KS,State House,67,general,Mike Dodson,Republican,6928.0,53.72,True,False
2020,Kansas,KS,State House,67,general,Cheryl A. Arthur,Democratic,5969.0,46.28,False,False
2020,Kansas,KS,State House,68,general,Dave Baker,Republican,6740.0,72.64,True,False
2020,Kansas,KS,State House,68,general,Scott T. Dawson,Democratic,2538.0,27.36,False,False
2020,Kansas,KS,State House,69,general,Clarke Sanders,Republican,4976.0,59.0,True,False
2020,Kansas,KS,State House,69,general,Ryan Holmquist,Democratic,3458.0,41.0,False,False
2020,Kansas,KS,State House,70,general,John Barker,Republican,8295.0,76.61,True,True
2020,Kansas,KS,State House,70,general,Jo Schwartz,Democratic,2533.0,23.39,False,False
2020,Kansas,KS,State House,71,general,Steven Howe,Republican,7169.0,68.83,True,False
2020,Kansas,KS,State House,71,general,Jeffrey A. Zamrzla,Democratic,3246.0,31.17,False,False
2020,Kansas,KS,State House,72,general,Avery Anderson,Republican,6159.0,54.92,True,False
2020,Kansas,KS,State House,72,general,Tim Hodge,Democratic,5056.0,45.08,False,True
2020,Kansas,KS,State House,73,general,Les Mason,Republican,9761.0,100.0,True,True
2020,Kansas,KS,State House,74,general,Stephen Owens,Republican,9204.0,100.0,True,True
2020,Kansas,KS,State House,75,general,Will Carpenter,Republican,7146.0,75.61,True,True
2020,Kansas,KS,State House,75,general,Ethan D. Caylor,Democratic,2305.0,24.39,False,False
2020,Kansas,KS,State House,76,general,Eric Smith,Republican,9413.0,100.0,True,True
2020,Kansas,KS,State House,77,general,Kristey Williams,Republican,9601.0,100.0,True,True
2020,Kansas,KS,State House,78,general,Ron Ryckman Jr.,Republican,6835.0,52.36,True,True
2020,Kansas,KS,State House,78,general,Kathy Meyer,Democratic,6219.0,47.64,False,False
2020,Kansas,KS,State House,79,general,Cheryl Helmer,Republican,6208.0,64.83,True,True
2020,Kansas,KS,State House,79,general,Ken White,Democratic,3368.0,35.17,False,False
2020,Kansas,KS,State House,80,general,Bill Rhiley,Republican,7268.0,100.0,True,True
2020,Kansas,KS,State House,81,general,Blake Carpenter,Republican,5478.0,64.48,True,True
2020,Kansas,KS,State House,81,general,Matthew Joyce,Democratic,3018.0,35.52,False,False
2020,Kansas,KS,State House,82,general,Jesse Burris,Republican,7892.0,70.13,True,True
2020,Kansas,KS,State House,82,general,Edward Hackerott,Democratic,3361.0,29.87,False,False
2020,Kansas,KS,State House,83,general,Henry Helgerson,Democratic,4536.0,59.96,True,True
2020,Kansas,KS,State House,83,general,David Robbins,Republican,3029.0,40.04,False,False
2020,Kansas,KS,State House,84,general,Gail Finney,Democratic,5553.0,74.06,True,True
2020,Kansas,KS,State House,84,general,Janet Sue Rine,Republican,1938.0,25.94,False,False
2020,Kansas,KS,State House,85,general,Patrick Penn,Republican,8411.0,59.93,True,False
2020,Kansas,KS,State House,85,general,Marcey Gregory,Democratic,5624.0,40.07,False,False
2020,Kansas,KS,State House,86,general,Stephanie Byers,Democratic,3616.0,55.49,True,False
2020,Kansas,KS,State House,86,general,Cyndi Howerton,Republican,2901.0,44.51,False,False
2020,Kansas,KS,State House,87,general,Susan Estes,Republican,6430.0,54.38,True,False
2020,Kansas,KS,State House,87,general,Matt Fox,Democratic,5394.0,45.62,False,False
2020,Kansas,KS,State House,88,general,Elizabeth Bishop,Democratic,5923.0,100.0,True,False
2020,Kansas,KS,State House,89,general,KC Ohaebosim,Democratic,5891.0,61.61,True,False
2020,Kansas,KS,State House,89,general,Robert W. Herrick Jr.,Republican,3671.0,38.39,False,False
2020,Kansas,KS,State House,90,general,Steve Huebert,Republican,10476.0,100.0,True,True
2020,Kansas,KS,State House,91,general,Emil Bergquist,Republican,9585.0,100.0,True,True
2020,Kansas,KS,State House,92,general,John Carmichael,Democratic,5254.0,57.62,True,True
2020,Kansas,KS,State House,92,general,Patrick McCormack,Republican,3864.0,42.38,False,False
2020,Kansas,KS,State House,93,general,Brian Bergkamp,Republican,9434.0,100.0,True,False
2020,Kansas,KS,State House,94,general,Leo Delperdang,Republican,8394.0,66.84,True,True
2020,Kansas,KS,State House,94,general,Derek Milligan,Democratic,4164.0,33.16,False,False
2020,Kansas,KS,State House,95,general,Tom Sawyer,Democratic,3726.0,55.5,True,True
2020,Kansas,KS,State House,95,general,Christopher Parisho,Republican,2988.0,44.5,False,False
2020,Kansas,KS,State House,96,general,Tom Kessler,Republican,3542.0,53.26,True,False
2020,Kansas,KS,State House,96,general,Stephanie Yeager,Democratic,3109.0,46.74,False,True
2020,Kansas,KS,State House,97,general,Nick Hoheisel,Republican,5626.0,62.3,True,True
2020,Kansas,KS,State House,97,general,Kim Webb,Democratic,3404.0,37.7,False,False
2020,Kansas,KS,State House,98,general,Ron Howard,Republican,4174.0,56.58,True,True
2020,Kansas,KS,State House,98,general,Steven G. Crum,Democratic,3203.0,43.42,False,False
2020,Kansas,KS,State House,99,general,Susan Humphries,Republican,9860.0,66.75,True,True
2020,Kansas,KS,State House,99,general,Phil Hodson,Democratic,4911.0,33.25,False,False
2020,Kansas,KS,State House,100,general,Daniel Hawkins,Republican,7976.0,62.92,True,True
2020,Kansas,KS,State House,100,general,Chad Smith,Democratic,4700.0,37.08,False,False
2020,Kansas,KS,State House,101,general,Joe Seiwert,Republican,9396.0,74.29,True,True
2020,Kansas,KS,State House,101,general,Elliott R. Adams,Democratic,3252.0,25.71,False,False
2020,Kansas,KS,State House,102,general,Jason Probst,Democratic,3368.0,50.23,True,True
2020,Kansas,KS,State House,102,general,John Whitesel,Republican,3337.0,49.77,False,False
2020,Kansas,KS,State House,103,general,Ponka-We Victors,Democratic,2615.0,61.21,True,True
2020,Kansas,KS,State House,103,general,Susanne Haynes,Republican,1358.0,31.79,False,False
2020,Kansas,KS,State House,103,general,Loren John Hermreck,Libertarian,299.0,7.0,False,False
2020,Kansas,KS,State House,104,general,Paul Waggoner,Republican,7583.0,62.93,True,True
2020,Kansas,KS,State House,104,general,Garth Strand,Democratic,4466.0,37.07,False,False
2020,Kansas,KS,State House,105,general,Brenda Landwehr,Republican,5563.0,59.07,True,True
2020,Kansas,KS,State House,105,general,Michelle Snyder,Democratic,3855.0,40.93,False,False
2020,Kansas,KS,State House,106,general,Lisa Moser,Republican,8374.0,75.13,True,False
2020,Kansas,KS,State House,106,general,James L. Swim,Democratic,2772.0,24.87,False,False
2020,Kansas,KS,State House,107,general,Susan Concannon,Republican,9863.0,100.0,True,True
2020,Kansas,KS,State House,108,general,Steven C. Johnson,Republican,9592.0,100.0,True,True
2020,Kansas,KS,State House,109,general,Troy Waymaster,Republican,10414.0,100.0,True,True
2020,Kansas,KS,State House,110,general,Ken Rahjes,Republican,9827.0,100.0,True,True
2020,Kansas,KS,State House,111,general,Barbara Wasinger,Republican,7343.0,63.97,True,True
2020,Kansas,KS,State House,111,general,Eber Phelps,Democratic,4135.0,36.03,False,False
2020,Kansas,KS,State House,112,general,Tory Marie Arnberger,Republican,10414.0,100.0,True,True
2020,Kansas,KS,State House,113,general,Brett Fairchild,Republican,8165.0,100.0,True,False
2020,Kansas,KS,State House,114,general,Michael Murphy,Republican,7428.0,70.57,True,False
2020,Kansas,KS,State House,114,general,Jeff Stroberg,Democratic,3097.0,29.43,False,False
2020,Kansas,KS,State House,115,general,Boyd Orr,Republican,6646.0,100.0,True,True
2020,Kansas,KS,State House,116,general,Kyle Hoffman,Republican,7809.0,77.17,True,True
2020,Kansas,KS,State House,116,general,Rick Roitman,Democratic,2310.0,22.83,False,False
2020,Kansas,KS,State House,117,general,Leonard Mastroni,Republican,8092.0,100.0,True,True
2020,Kansas,KS,State House,118,general,Jim Minnix,Republican,10217.0,100.0,True,False
2020,Kansas,KS,State House,119,general,Bradley Ralph,Republican,3312.0,60.7,True,True
2020,Kansas,KS,State House,119,general,Jan Scoggins,Democratic,2144.0,39.3,False,False
2020,Kansas,KS,State House,120,general,Adam Smith,Republican,10171.0,100.0,True,False
2020,Kansas,KS,State House,121,general,John Resman,Republican,10040.0,59.18,True,True
2020,Kansas,KS,State House,121,general,James Rexford,Democratic,6924.0,40.82,False,False
2020,Kansas,KS,State House,122,general,Russell Jennings,Republican,6808.0,100.0,True,True
2020,Kansas,KS,State House,123,general,John Wheeler,Republican,6090.0,100.0,True,True
2020,Kansas,KS,State House,124,general,Marty Long,Republican,6977.0,100.0,True,True
2020,Kansas,KS,State House,125,general,Shannon Francis,Republican,4490.0,100.0,True,True
2020,Kentucky,KY,State House,18,special general,Samara Heavrin,Republican,8655.0,60.3,True,False
2020,Kentucky,KY,State House,18,special general,Becky Miller,Democratic,5701.0,39.7,False,False
2020,Kentucky,KY,State House,63,special general,Kim Banta,Republican,10921.0,63.1,True,False
2020,Kentucky,KY,State House,63,special general,Josh Blair,Democratic,6385.0,36.9,False,False
2020,Kentucky,KY,State House,67,special general,Rachel Roberts,Democratic,2955.0,64.2,True,False
2020,Kentucky,KY,State House,67,special general,Mary Jo Wedding,Republican,1649.0,35.8,False,False
2020,Kentucky,KY,State House,99,special general,Richard White,Republican,4750.0,56.0,True,False
2020,Kentucky,KY,State House,99,special general,William H. Redwine,Democratic,3731.0,44.0,False,False
2020,Kentucky,KY,State House,1,general,Steven Rudy,Republican,17836.0,100.0,True,True
2020,Kentucky,KY,State House,2,general,Richard Heath,Republican,15484.0,83.2,True,True
2020,Kentucky,KY,State House,2,general,Joshua Gilpin,Libertarian,3118.0,16.8,False,False
2020,Kentucky,KY,State House,3,general,Randy Bridges,Republican,11334.0,59.9,True,True
2020,Kentucky,KY,State House,3,general,Corbin Snardon,Democratic,7593.0,40.1,False,False
2020,Kentucky,KY,State House,4,general,Lynn Bechler,Republican,14696.0,72.6,True,True
2020,Kentucky,KY,State House,4,general,Alonzo Pennington,Democratic,4565.0,22.6,False,False
2020,Kentucky,KY,State House,4,general,Austin Valentine Jr.,Independent,979.0,4.8,False,False
2020,Kentucky,KY,State House,5,general,Mary Beth Imes,Republican,14855.0,68.8,True,False
2020,Kentucky,KY,State House,5,general,Shannon Davis Roberts,Democratic,6726.0,31.2,False,False
2020,Kentucky,KY,State House,6,general,Chris Freeland,Republican,16562.0,71.9,True,True
2020,Kentucky,KY,State House,6,general,Al Cunningham,Democratic,6487.0,28.1,False,False
2020,Kentucky,KY,State House,7,general,Suzanne Miles,Republican,18847.0,100.0,True,True
2020,Kentucky,KY,State House,8,general,Walker Thomas,Republican,7303.0,54.8,True,True
2020,Kentucky,KY,State House,8,general,Pam Dossett,Democratic,6023.0,45.2,False,False
2020,Kentucky,KY,State House,9,general,Myron Dossett,Republican,13244.0,100.0,True,True
2020,Kentucky,KY,State House,10,general,Josh Calloway,Republican,11624.0,52.1,True,False
2020,Kentucky,KY,State House,10,general,Dean Schamore,Democratic,10692.0,47.9,False,True
2020,Kentucky,KY,State House,11,general,Jonathan Dixon,Republican,10825.0,54.0,True,False
2020,Kentucky,KY,State House,11,general,Rob Wiederstein,Democratic,9223.0,46.0,False,True
2020,Kentucky,KY,State House,12,general,Jim Gooch Jr.,Republican,16891.0,76.5,True,True
2020,Kentucky,KY,State House,12,general,"Arthur ""Art"" Mclaughlin",Democratic,5177.0,23.5,False,False
2020,Kentucky,KY,State House,13,general,DJ Johnson,Republican,9485.0,53.7,True,False
2020,Kentucky,KY,State House,13,general,Jim Glenn,Democratic,8167.0,46.3,False,True
2020,Kentucky,KY,State House,14,general,Scott Lewis,Republican,19304.0,100.0,True,False
2020,Kentucky,KY,State House,15,general,Melinda Gibbons Prunty,Republican,13423.0,67.4,True,True
2020,Kentucky,KY,State House,15,general,Crystal Chappell,Democratic,6485.0,32.6,False,False
2020,Kentucky,KY,State House,16,general,Jason Petrie,Republican,15585.0,100.0,True,True
2020,Kentucky,KY,State House,17,general,Steve Sheldon,Republican,21348.0,100.0,True,True
2020,Kentucky,KY,State House,18,general,Samara Heavrin,Republican,16409.0,83.0,True,True
2020,Kentucky,KY,State House,18,general,Jacob Clark,Libertarian,3354.0,17.0,False,False
2020,Kentucky,KY,State House,19,general,Michael Meredith,Republican,14638.0,69.4,True,True
2020,Kentucky,KY,State House,19,general,Daniel Wayne Johnson,Democratic,6469.0,30.6,False,False
2020,Kentucky,KY,State House,20,general,Patti Minter,Democratic,9568.0,69.9,True,True
2020,Kentucky,KY,State House,20,general,Leanette Lopez,Independent,4114.0,30.1,False,False
2020,Kentucky,KY,State House,21,general,Bart Rowland,Republican,15433.0,80.5,True,True
2020,Kentucky,KY,State House,21,general,John W. Pennington,Democratic,3734.0,19.5,False,False
2020,Kentucky,KY,State House,22,general,Shawn McPherson,Republican,14517.0,69.3,True,False
2020,Kentucky,KY,State House,22,general,David R. Young,Democratic,6427.0,30.7,False,False
2020,Kentucky,KY,State House,23,general,Steve Riley,Republican,15398.0,77.1,True,True
2020,Kentucky,KY,State House,23,general,Steve Jones,Democratic,4226.0,21.2,False,False
2020,Kentucky,KY,State House,23,general,Tim Filback,Libertarian,354.0,1.8,False,False
2020,Kentucky,KY,State House,24,general,Brandon Reed,Republican,14326.0,65.9,True,True
2020,Kentucky,KY,State House,24,general,Terry Mills,Democratic,7406.0,34.1,False,False
2020,Kentucky,KY,State House,25,general,Jim DuPlessis,Republican,16968.0,100.0,True,True
2020,Kentucky,KY,State House,26,general,Russell Webber,Republican,15590.0,80.3,True,True
2020,Kentucky,KY,State House,26,general,Randall Daniel,Libertarian,3818.0,19.7,False,False
2020,Kentucky,KY,State House,27,general,Nancy Tate,Republican,11179.0,58.3,True,True
2020,Kentucky,KY,State House,27,general,Brian T. Chism,Democratic,7998.0,41.7,False,False
2020,Kentucky,KY,State House,28,general,Charles Miller,Democratic,12187.0,100.0,True,True
2020,Kentucky,KY,State House,29,general,Kevin Bratcher,Republican,15298.0,55.6,True,True
2020,Kentucky,KY,State House,29,general,Suzanne Kugler,Democratic,12201.0,44.4,False,False
2020,Kentucky,KY,State House,30,general,Tom Burch,Democratic,14521.0,100.0,True,True
2020,Kentucky,KY,State House,31,general,Josie Raymond,Democratic,15775.0,100.0,True,True
2020,Kentucky,KY,State House,32,general,Tina Bojanowski,Democratic,13047.0,53.7,True,True
2020,Kentucky,KY,State House,32,general,G. Hunt Rounsavall Jr.,Republican,11244.0,46.3,False,False
2020,Kentucky,KY,State House,33,general,Jason Nemes,Republican,15186.0,54.1,True,True
2020,Kentucky,KY,State House,33,general,Margaret S. Plattner,Democratic,12861.0,45.9,False,False
2020,Kentucky,KY,State House,34,general,Mary Lou Marzian,Democratic,21263.0,100.0,True,False
2020,Kentucky,KY,State House,35,general,Lisa Willner,Democratic,14224.0,100.0,True,True
2020,Kentucky,KY,State House,36,general,Jerry T. Miller,Republican,20480.0,60.6,True,True
2020,Kentucky,KY,State House,36,general,Jeff Grammer,Democratic,13293.0,39.4,False,False
2020,Kentucky,KY,State House,37,general,Jeffery Donohue,Democratic,8661.0,54.5,True,True
2020,Kentucky,KY,State House,37,general,Jimmy Maricle,Republican,7238.0,45.5,False,False
2020,Kentucky,KY,State House,38,general,McKenzie Cantrell,Democratic,10779.0,100.0,True,True
2020,Kentucky,KY,State House,39,general,Matt Lockett,Republican,13485.0,61.1,True,False
2020,Kentucky,KY,State House,39,general,Carolyn Dupont,Democratic,8574.0,38.9,False,False
2020,Kentucky,KY,State House,40,general,Nima Kulkarni,Democratic,12446.0,100.0,True,True
2020,Kentucky,KY,State House,41,general,Attica Scott,Democratic,13993.0,100.0,True,True
2020,Kentucky,KY,State House,42,general,Reginald Meeks,Democratic,17917.0,100.0,True,True
2020,Kentucky,KY,State House,43,general,Pamela Stevenson,Democratic,14825.0,100.0,True,False
2020,Kentucky,KY,State House,44,general,Joni Jenkins,Democratic,14205.0,100.0,True,False
2020,Kentucky,KY,State House,45,general,Killian Timoney,Republican,14236.0,51.1,True,False
2020,Kentucky,KY,State House,45,general,Shirley Flynn Mitchell,Democratic,13626.0,48.9,False,False
2020,Kentucky,KY,State House,46,general,Al Gentry,Democratic,11470.0,59.6,True,True
2020,Kentucky,KY,State House,46,general,Bob DeVore,Republican,7787.0,40.4,False,False
2020,Kentucky,KY,State House,47,general,Felicia Rabourn,Republican,13953.0,69.4,True,False
2020,Kentucky,KY,State House,47,general,Jack Couch,Democratic,6163.0,30.6,False,False
2020,Kentucky,KY,State House,48,general,Ken Fleming,Republican,15677.0,51.1,True,False
2020,Kentucky,KY,State House,48,general,Maria Sorolis,Democratic,15014.0,48.9,False,True
2020,Kentucky,KY,State House,49,general,Thomas Huff,Republican,15828.0,72.6,True,False
2020,Kentucky,KY,State House,49,general,Jonathan Cacciatore,Democratic,5339.0,24.5,False,False
2020,Kentucky,KY,State House,49,general,Mitch Rushing,Libertarian,639.0,2.9,False,False
2020,Kentucky,KY,State House,50,general,Chat McCoy,Republican,16695.0,73.3,True,True
2020,Kentucky,KY,State House,50,general,Kory Miller,Democratic,6074.0,26.7,False,False
2020,Kentucky,KY,State House,51,general,"John ""Bam"" Carney",Republican,16461.0,78.6,True,True
2020,Kentucky,KY,State House,51,general,Richard Steele,Democratic,4492.0,21.4,False,False
2020,Kentucky,KY,State House,52,general,Ken UpChurch,Republican,16375.0,100.0,True,True
2020,Kentucky,KY,State House,53,general,James Tipton,Republican,20087.0,76.6,True,False
2020,Kentucky,KY,State House,53,general,Dustin Burley,Democratic,6126.0,23.4,False,False
2020,Kentucky,KY,State House,54,general,Daniel Elliott,Republican,14144.0,66.5,True,True
2020,Kentucky,KY,State House,54,general,Lydia Coffey,Democratic,7141.0,33.5,False,False
2020,Kentucky,KY,State House,55,general,Kim King,Republican,20375.0,99.8,True,True
2020,Kentucky,KY,State House,55,general,Dylan Franz,Write-in Candidate,46.0,0.2,False,False
2020,Kentucky,KY,State House,56,general,Daniel Fister,Republican,12487.0,52.3,True,False
2020,Kentucky,KY,State House,56,general,Lamar Allen,Democratic,11375.0,47.7,False,False
2020,Kentucky,KY,State House,57,general,Derrick Graham,Democratic,13202.0,61.4,True,False
2020,Kentucky,KY,State House,57,general,Gary Reed Stratton,Republican,8301.0,38.6,False,False
2020,Kentucky,KY,State House,58,general,Jennifer Decker,Republican,15263.0,65.7,True,False
2020,Kentucky,KY,State House,58,general,Will Barnett,Democratic,7983.0,34.3,False,False
2020,Kentucky,KY,State House,59,general,David Osborne,Republican,21687.0,100.0,True,True
2020,Kentucky,KY,State House,60,general,Sal Santoro,Republican,23703.0,100.0,True,True
2020,Kentucky,KY,State House,61,general,Savannah Maddox,Republican,20460.0,98.7,True,True
2020,Kentucky,KY,State House,61,general,Debby Lucas Angel,Write-in Candidate,279.0,1.3,False,False
2020,Kentucky,KY,State House,62,general,Phillip Pratt,Republican,17470.0,69.0,True,True
2020,Kentucky,KY,State House,62,general,David Mayo,Democratic,7854.0,31.0,False,False
2020,Kentucky,KY,State House,63,general,Kim Banta,Republican,17344.0,67.7,True,True
2020,Kentucky,KY,State House,63,general,Ashley Williams,Democratic,8287.0,32.3,False,False
2020,Kentucky,KY,State House,64,general,Kimberly Poore Moser,Republican,18612.0,72.5,True,True
2020,Kentucky,KY,State House,64,general,Larry Varney,Democratic,7069.0,27.5,False,False
2020,Kentucky,KY,State House,65,general,"Charles ""Buddy"" Wheatley",Democratic,9446.0,60.5,True,True
2020,Kentucky,KY,State House,65,general,J. Davis,Republican,6173.0,39.5,False,False
2020,Kentucky,KY,State House,66,general,C. Ed Massey,Republican,17872.0,68.9,True,True
2020,Kentucky,KY,State House,66,general,Roberto Henriquez,Democratic,6714.0,25.9,False,False
2020,Kentucky,KY,State House,66,general,Cristi Kendrick,Libertarian,1341.0,5.2,False,False
2020,Kentucky,KY,State House,67,general,Rachel Roberts,Democratic,9009.0,52.3,True,False
2020,Kentucky,KY,State House,67,general,LeAnna Homandberg,Republican,8034.0,46.7,False,False
2020,Kentucky,KY,State House,67,general,Mark Schroer,Write-in Candidate,174.0,1.0,False,False
2020,Kentucky,KY,State House,68,general,Joseph Fischer,Republican,19122.0,67.1,True,True
2020,Kentucky,KY,State House,68,general,Nancy Bardgett,Democratic,9358.0,32.9,False,False
2020,Kentucky,KY,State House,69,general,Adam Koenig,Republican,11720.0,59.9,True,True
2020,Kentucky,KY,State House,69,general,Ryan Neaves,Democratic,6967.0,35.6,False,False
2020,Kentucky,KY,State House,69,general,Bill Mitchell,Libertarian,884.0,4.5,False,False
2020,Kentucky,KY,State House,70,general,William Lawerence,Republican,12999.0,64.6,True,False
2020,Kentucky,KY,State House,70,general,Craig Miller,Democratic,7133.0,35.4,False,False
2020,Kentucky,KY,State House,71,general,Josh Bray,Republican,19879.0,100.0,True,False
2020,Kentucky,KY,State House,72,general,Matthew Koch,Republican,13268.0,65.4,True,True
2020,Kentucky,KY,State House,72,general,Todd Neace,Democratic,7024.0,34.6,False,False
2020,Kentucky,KY,State House,73,general,Ryan Dotson,Republican,11923.0,56.9,True,False
2020,Kentucky,KY,State House,73,general,Kenny Blair,Democratic,6441.0,30.7,False,False
2020,Kentucky,KY,State House,73,general,Jada Brady,Write-in Candidate,2589.0,12.4,False,False
2020,Kentucky,KY,State House,74,general,David Hale,Republican,15230.0,72.4,True,True
2020,Kentucky,KY,State House,74,general,Jeff Spradling,Democratic,5814.0,27.6,False,False
2020,Kentucky,KY,State House,75,general,Kelly Flood,Democratic,13070.0,100.0,True,True
2020,Kentucky,KY,State House,76,general,Ruth Ann Palumbo,Democratic,16159.0,100.0,True,True
2020,Kentucky,KY,State House,77,general,George Brown Jr.,Democratic,15052.0,100.0,True,True
2020,Kentucky,KY,State House,78,general,Mark Hart,Republican,14392.0,83.1,True,True
2020,Kentucky,KY,State House,78,general,James Toller,Libertarian,2922.0,16.9,False,False
2020,Kentucky,KY,State House,79,general,Susan Westrom,Democratic,13866.0,63.9,True,True
2020,Kentucky,KY,State House,79,general,Jon Larson,Republican,7838.0,36.1,False,False
2020,Kentucky,KY,State House,80,general,David Meade,Republican,16393.0,100.0,True,True
2020,Kentucky,KY,State House,81,general,Deanna Frazier,Republican,12019.0,56.9,True,True
2020,Kentucky,KY,State House,81,general,Mike Eaves,Democratic,9100.0,43.1,False,False
2020,Kentucky,KY,State House,82,general,Regina Huff,Republican,17139.0,100.0,True,True
2020,Kentucky,KY,State House,83,general,Josh Branscum,Republican,19498.0,100.0,True,False
2020,Kentucky,KY,State House,84,general,Chris Fugate,Republican,12098.0,73.5,True,True
2020,Kentucky,KY,State House,84,general,Kenneth R. Hall,Democratic,4356.0,26.5,False,False
2020,Kentucky,KY,State House,85,general,Shane Baker,Republican,18706.0,100.0,True,False
2020,Kentucky,KY,State House,86,general,Tom Smith,Republican,16677.0,100.0,True,False
2020,Kentucky,KY,State House,87,general,Adam Bowling,Republican,12581.0,100.0,True,True
2020,Kentucky,KY,State House,88,general,Cherlynn Stevenson,Democratic,16025.0,51.5,True,True
2020,Kentucky,KY,State House,88,general,Aaron Yates,Republican,15093.0,48.5,False,False
2020,Kentucky,KY,State House,89,general,Robert Goforth,Republican,14995.0,70.9,True,True
2020,Kentucky,KY,State House,89,general,Mike VanWinkle,Democratic,6030.0,28.5,False,False
2020,Kentucky,KY,State House,89,general,Stacy C. Abner,Write-in Candidate,134.0,0.6,False,False
2020,Kentucky,KY,State House,89,general,Philip Eric Robinson,Write-in Candidate,1.0,0.0,False,False
2020,Kentucky,KY,State House,90,general,Derek Lewis,Republican,12656.0,74.4,True,True
2020,Kentucky,KY,State House,90,general,Ralph Hoskin,Democratic,4361.0,25.6,False,False
2020,Kentucky,KY,State House,91,general,Bill Wesley,Republican,12274.0,70.8,True,False
2020,Kentucky,KY,State House,91,general,Paula Clemons-Combs,Democratic,5073.0,29.2,False,False
2020,Kentucky,KY,State House,92,general,John Blanton,Republican,11447.0,71.6,True,True
2020,Kentucky,KY,State House,92,general,Ancel Smith,Democratic,4531.0,28.4,False,False
2020,Kentucky,KY,State House,93,general,Norma Kirk-McCormick,Republican,9045.0,63.1,True,False
2020,Kentucky,KY,State House,93,general,Rod Varney,Democratic,5289.0,36.9,False,False
2020,Kentucky,KY,State House,94,general,Angie Hatton,Democratic,10531.0,100.0,True,True
2020,Kentucky,KY,State House,95,general,Ashley Tackett Laferty,Democratic,10720.0,60.0,True,True
2020,Kentucky,KY,State House,95,general,William Matt Reynolds,Republican,7149.0,40.0,False,False
2020,Kentucky,KY,State House,96,general,Patrick Flannery,Republican,12592.0,68.6,True,False
2020,Kentucky,KY,State House,96,general,Kathy Hinkle,Democratic,5759.0,31.4,False,True
2020,Kentucky,KY,State House,97,general,Bobby McCool,Republican,14459.0,78.5,True,True
2020,Kentucky,KY,State House,97,general,Will Hurst,Democratic,3971.0,21.5,False,False
2020,Kentucky,KY,State House,98,general,Danny Bentley,Republican,16536.0,100.0,True,True
2020,Kentucky,KY,State House,99,general,Richard White,Republican,12101.0,64.6,True,True
2020,Kentucky,KY,State House,99,general,"William H. ""Bill"" Redwine",Democratic,6629.0,35.4,False,False
2020,Kentucky,KY,State House,100,general,Scott Sharp,Republican,10558.0,54.4,True,False
2020,Kentucky,KY,State House,100,general,Terri Clark,Democratic,8865.0,45.6,False,True
2020,Maine,ME,State House,1,general,Kristi Mathieson,Democratic,4338.0,100.0,True,True
2020,Maine,ME,State House,2,general,Michele Meyer,Democratic,3874.0,62.7,True,False
2020,Maine,ME,State House,2,general,Dan Ammons,Republican,2306.0,37.3,False,False
2020,Maine,ME,State House,3,general,Lydia Blume,Democratic,5015.0,100.0,True,True
2020,Maine,ME,State House,4,general,Patricia Hymanson,Democratic,3630.0,58.0,True,True
2020,Maine,ME,State House,4,general,John Leifheit,Republican,2631.0,42.0,False,False
2020,Maine,ME,State House,5,general,Beth O'Connor,Republican,3261.0,62.6,True,True
2020,Maine,ME,State House,5,general,Charles Galemmo,Democratic,1947.0,37.4,False,False
2020,Maine,ME,State House,6,general,Tiffany Roberts-Lovell,Democratic,3109.0,55.8,True,True
2020,Maine,ME,State House,6,general,Burnell Bailey,Republican,2461.0,44.2,False,False
2020,Maine,ME,State House,7,general,Timothy Roche,Republican,3711.0,51.6,True,False
2020,Maine,ME,State House,7,general,Daniel Hobbs,Democratic,3480.0,48.4,False,True
2020,Maine,ME,State House,8,general,Christopher Babbidge,Democratic,4256.0,64.4,True,True
2020,Maine,ME,State House,8,general,Todd DiFede,Republican,2352.0,35.6,False,False
2020,Maine,ME,State House,9,general,Traci Gere,Democratic,3359.0,57.6,True,False
2020,Maine,ME,State House,9,general,H. Seavey,Republican,2473.0,42.4,False,False
2020,Maine,ME,State House,10,general,Wayne Parry,Republican,3215.0,52.1,True,False
2020,Maine,ME,State House,10,general,Henry Ingwersen,Democratic,2952.0,47.9,False,True
2020,Maine,ME,State House,11,general,Ryan Fecteau,Democratic,4096.0,100.0,True,True
2020,Maine,ME,State House,12,general,Erin Sheehan,Democratic,2662.0,67.8,True,False
2020,Maine,ME,State House,12,general,Timothy Keenan,Republican,1263.0,32.2,False,False
2020,Maine,ME,State House,13,general,Lori Gramlich,Democratic,3356.0,55.3,True,True
2020,Maine,ME,State House,13,general,Sharri MacDonald,Republican,2711.0,44.7,False,False
2020,Maine,ME,State House,14,general,Lynn Copeland,Democratic,3855.0,63.3,True,False
2020,Maine,ME,State House,14,general,Theodore Sirois,Republican,2233.0,36.7,False,False
2020,Maine,ME,State House,15,general,Margaret O'Neil,Democratic,3420.0,57.9,True,True
2020,Maine,ME,State House,15,general,Marc Chappell,Republican,2482.0,42.1,False,False
2020,Maine,ME,State House,16,general,Nathan Carlow,Republican,3162.0,51.8,True,False
2020,Maine,ME,State House,16,general,David Durrell,Democratic,2942.0,48.2,False,False
2020,Maine,ME,State House,17,general,Dwayne W. Prescott,Republican,3138.0,60.9,True,True
2020,Maine,ME,State House,17,general,Chelsea Sanders,Democratic,2011.0,39.1,False,False
2020,Maine,ME,State House,18,general,John Tuttle,Democratic,2168.0,53.2,True,False
2020,Maine,ME,State House,18,general,Pamela Buck,Republican,1908.0,46.8,False,False
2020,Maine,ME,State House,19,general,Matthew Harrington,Republican,2622.0,57.4,True,True
2020,Maine,ME,State House,19,general,Patricia Kidder,Democratic,1942.0,42.6,False,False
2020,Maine,ME,State House,20,general,Theodore Kryzak,Republican,3406.0,62.4,True,True
2020,Maine,ME,State House,20,general,Daniel Lauzon,Democratic,2052.0,37.6,False,False
2020,Maine,ME,State House,21,general,Heidi Sampson,Republican,3052.0,64.6,True,True
2020,Maine,ME,State House,21,general,Clifford Krolick,Democratic,1676.0,35.4,False,False
2020,Maine,ME,State House,22,general,Mark Blier,Republican,2659.0,55.7,True,True
2020,Maine,ME,State House,22,general,Richard Fitzgerald,Democratic,1336.0,28.0,False,False
2020,Maine,ME,State House,22,general,Michael Barden,Green,779.0,16.3,False,False
2020,Maine,ME,State House,23,general,Lester Ordway,Republican,3070.0,57.2,True,True
2020,Maine,ME,State House,23,general,Timothy Goodwin,Independent,2298.0,42.8,False,False
2020,Maine,ME,State House,24,general,Mark Bryant,Democratic,4638.0,100.0,True,True
2020,Maine,ME,State House,25,general,Patrick Corey,Republican,4334.0,100.0,True,True
2020,Maine,ME,State House,26,general,Maureen Terry,Democratic,2907.0,57.3,True,True
2020,Maine,ME,State House,26,general,George Vercelli,Republican,2163.0,42.7,False,False
2020,Maine,ME,State House,27,general,Kyle Bailey,Democratic,3709.0,58.5,True,False
2020,Maine,ME,State House,27,general,Roger Densmore,Republican,2635.0,41.5,False,False
2020,Maine,ME,State House,28,general,Christopher Caiazzo,Democratic,5300.0,100.0,True,True
2020,Maine,ME,State House,29,general,Sophia Warren,Independent,2544.0,38.0,True,False
2020,Maine,ME,State House,29,general,Shawn Babine,Democratic,2294.0,34.3,False,True
2020,Maine,ME,State House,29,general,Annalee Rosenblatt,Republican,1848.0,27.6,False,False
2020,Maine,ME,State House,30,general,Rebecca Millett,Democratic,4516.0,69.8,True,False
2020,Maine,ME,State House,30,general,Timothy Thompson,Republican,1954.0,30.2,False,False
2020,Maine,ME,State House,31,general,Lois Galgay Reckitt,Democratic,4845.0,100.0,True,True
2020,Maine,ME,State House,32,general,Christopher Kessler,Democratic,4061.0,72.3,True,True
2020,Maine,ME,State House,32,general,Tammy Walter,Republican,1555.0,27.7,False,False
2020,Maine,ME,State House,33,general,Victoria Morales,Democratic,3797.0,100.0,True,True
2020,Maine,ME,State House,34,general,Morgan Rielly,Democratic,4345.0,100.0,True,False
2020,Maine,ME,State House,35,general,Suzanne Salisbury,Democratic,4450.0,100.0,True,False
2020,Maine,ME,State House,36,general,Michael F. Brennan,Democratic,3615.0,100.0,True,True
2020,Maine,ME,State House,37,general,Grayson Lookner,Democratic,3545.0,91.5,True,False
2020,Maine,ME,State House,37,general,Jane Frey,Republican,330.0,8.5,False,False
2020,Maine,ME,State House,38,general,Barbara Wood,Democratic,5130.0,100.0,True,False
2020,Maine,ME,State House,39,general,Michael Sylvester,Democratic,5169.0,100.0,True,True
2020,Maine,ME,State House,40,general,Rachel Talbot Ross,Democratic,3841.0,100.0,True,True
2020,Maine,ME,State House,41,general,Samuel Zager,Democratic,4876.0,100.0,True,False
2020,Maine,ME,State House,42,general,Benjamin Collings,Democratic,3459.0,67.8,True,True
2020,Maine,ME,State House,42,general,Susan Abercrombie,Republican,1083.0,21.2,False,False
2020,Maine,ME,State House,42,general,Carolyn Silvius,Green,557.0,10.9,False,False
2020,Maine,ME,State House,43,general,W. Edward Crockett,Democratic,5092.0,100.0,True,True
2020,Maine,ME,State House,44,general,Teresa Pierce,Democratic,5370.0,100.0,True,True
2020,Maine,ME,State House,45,general,Stephen Moriarty,Democratic,4063.0,62.6,True,False
2020,Maine,ME,State House,45,general,Michael Timmons,Republican,2424.0,37.4,False,False
2020,Maine,ME,State House,46,general,Braden Sharpe,Democratic,3327.0,52.9,True,True
2020,Maine,ME,State House,46,general,Erika Morse,Republican,2960.0,47.1,False,False
2020,Maine,ME,State House,47,general,Arthur Bell,Democratic,4771.0,70.3,True,False
2020,Maine,ME,State House,47,general,Anne Fleming,Republican,2020.0,29.7,False,False
2020,Maine,ME,State House,48,general,Melanie Sachs,Democratic,4204.0,66.2,True,False
2020,Maine,ME,State House,48,general,James Finegan,Republican,2146.0,33.8,False,False
2020,Maine,ME,State House,49,general,Poppy Arford,Democratic,3275.0,51.7,True,False
2020,Maine,ME,State House,49,general,K. Frederick Horch,Green,3054.0,48.3,False,False
2020,Maine,ME,State House,50,general,Ralph Tucker,Democratic,4166.0,73.6,True,True
2020,Maine,ME,State House,50,general,Michael Lawler,Republican,1497.0,26.4,False,False
2020,Maine,ME,State House,51,general,Joyce McCreight,Democratic,3647.0,57.9,True,True
2020,Maine,ME,State House,51,general,Stephen Davis,Republican,2648.0,42.1,False,False
2020,Maine,ME,State House,52,general,Sean Paulhus,Democratic,3339.0,67.0,True,False
2020,Maine,ME,State House,52,general,Christina Hughes,Republican,1644.0,33.0,False,False
2020,Maine,ME,State House,53,general,Allison Hepler,Democratic,3128.0,51.3,True,True
2020,Maine,ME,State House,53,general,Jeffrey Pierce,Republican,2966.0,48.7,False,False
2020,Maine,ME,State House,54,general,Denise Tepler,Democratic,3982.0,62.6,True,True
2020,Maine,ME,State House,54,general,Toni Bashinsky,Republican,2384.0,37.4,False,False
2020,Maine,ME,State House,55,general,Seth Berry,Democratic,2021.0,52.7,True,True
2020,Maine,ME,State House,55,general,Peter Lewis,Republican,1815.0,47.3,False,False
2020,Maine,ME,State House,56,general,Richard Mason,Republican,3174.0,61.7,True,True
2020,Maine,ME,State House,56,general,Scott Gaiason,Democratic,1971.0,38.3,False,False
2020,Maine,ME,State House,57,general,Thomas Martin,Republican,3395.0,64.5,True,False
2020,Maine,ME,State House,57,general,Patricia Fogg,Democratic,1872.0,35.5,False,False
2020,Maine,ME,State House,58,general,Jonathan Connor,Republican,2572.0,50.8,True,False
2020,Maine,ME,State House,58,general,James R. Handy,Democratic,2488.0,49.2,False,True
2020,Maine,ME,State House,59,general,Margaret Craven,Democratic,2964.0,57.3,True,True
2020,Maine,ME,State House,59,general,John Reeder,Republican,2210.0,42.7,False,False
2020,Maine,ME,State House,60,general,Kristen Cloutier,Democratic,2456.0,71.3,True,True
2020,Maine,ME,State House,60,general,John Morrison,Republican,988.0,28.7,False,False
2020,Maine,ME,State House,61,general,Heidi Brooks,Democratic,2421.0,100.0,True,True
2020,Maine,ME,State House,62,general,Gina Melaragno,Democratic,1590.0,51.2,True,True
2020,Maine,ME,State House,62,general,John Michael,Independent,1514.0,48.8,False,False
2020,Maine,ME,State House,63,general,Bruce Bickford,Republican,3988.0,100.0,True,True
2020,Maine,ME,State House,64,general,Laurel Libby,Republican,2945.0,54.6,True,False
2020,Maine,ME,State House,64,general,Bettyann Sheats,Democratic,2445.0,45.4,False,True
2020,Maine,ME,State House,65,general,Amy Arata,Republican,3206.0,59.4,True,True
2020,Maine,ME,State House,65,general,Misty Coolidge,Democratic,2193.0,40.6,False,False
2020,Maine,ME,State House,66,general,Jessica Fay,Democratic,2884.0,51.2,True,True
2020,Maine,ME,State House,66,general,Gregory Foster,Republican,2745.0,48.8,False,False
2020,Maine,ME,State House,67,general,Susan Austin,Republican,3085.0,54.4,True,True
2020,Maine,ME,State House,67,general,Susan Accardi,Democratic,1669.0,29.5,False,False
2020,Maine,ME,State House,67,general,Mark Grover,Independent,913.0,16.1,False,False
2020,Maine,ME,State House,68,general,Richard Cebra,Republican,3052.0,53.0,True,True
2020,Maine,ME,State House,68,general,Patrick Scully,Independent,2709.0,47.0,False,False
2020,Maine,ME,State House,69,general,Walter Riseman,Independent,3035.0,55.6,True,True
2020,Maine,ME,State House,69,general,Michael Davis,Republican,2421.0,44.4,False,False
2020,Maine,ME,State House,70,general,Nathan Wadsworth,Republican,3134.0,59.8,True,True
2020,Maine,ME,State House,70,general,Nathan Burnett,Democratic,2110.0,40.2,False,False
2020,Maine,ME,State House,71,general,H. Sawin Millett (incumbent,Republican,2743.0,54.5,True,False
2020,Maine,ME,State House,71,general,Kenneth Morse,Democratic,2286.0,45.5,False,False
2020,Maine,ME,State House,72,general,Kathleen Dillingham,Republican,3230.0,63.9,True,True
2020,Maine,ME,State House,72,general,Jennifer Blastow,Democratic,1826.0,36.1,False,False
2020,Maine,ME,State House,73,general,John Andrews,Republican,2877.0,63.8,True,True
2020,Maine,ME,State House,73,general,Joshua Woodburn,Democratic,1631.0,36.2,False,False
2020,Maine,ME,State House,74,general,Sheila Lyman,Republican,3094.0,57.4,True,False
2020,Maine,ME,State House,74,general,Christina Riley,Democratic,2298.0,42.6,False,True
2020,Maine,ME,State House,75,general,Joshua Morris,Republican,2599.0,55.4,True,True
2020,Maine,ME,State House,75,general,John Nutting,Democratic,2094.0,44.6,False,False
2020,Maine,ME,State House,76,general,Daniel Newman,Republican,3145.0,52.4,True,False
2020,Maine,ME,State House,76,general,Deborah Emery,Democratic,2860.0,47.6,False,False
2020,Maine,ME,State House,77,general,Michael D. Perkins,Republican,3653.0,68.1,True,True
2020,Maine,ME,State House,77,general,Marion Menair,Democratic,1714.0,31.9,False,False
2020,Maine,ME,State House,78,general,Cathy Nadeau,Republican,2777.0,56.0,True,False
2020,Maine,ME,State House,78,general,Raymond Caron,Democratic,2180.0,44.0,False,False
2020,Maine,ME,State House,79,general,Timothy Theriault,Republican,3260.0,66.5,True,True
2020,Maine,ME,State House,79,general,Lindsey Harwath,Democratic,1640.0,33.5,False,False
2020,Maine,ME,State House,80,general,Richard Bradstreet,Republican,3323.0,66.2,True,True
2020,Maine,ME,State House,80,general,Gregory Hallee,Democratic,1698.0,33.8,False,False
2020,Maine,ME,State House,81,general,Tavis Hasenfus,Democratic,3201.0,56.5,True,False
2020,Maine,ME,State House,81,general,Joseph Pietroski,Republican,2465.0,43.5,False,False
2020,Maine,ME,State House,82,general,Randall Greenwood,Republican,2699.0,50.6,True,False
2020,Maine,ME,State House,82,general,Kent Ackley,Independent,2640.0,49.4,False,True
2020,Maine,ME,State House,83,general,Thomas Harnett,Democratic,2858.0,58.7,True,False
2020,Maine,ME,State House,83,general,Christopher Dilts,Republican,2012.0,41.3,False,False
2020,Maine,ME,State House,84,general,Charlotte Warren,Democratic,3063.0,53.5,True,True
2020,Maine,ME,State House,84,general,Scott Taylor,Republican,2666.0,46.5,False,False
2020,Maine,ME,State House,85,general,Donna Doore,Democratic,2691.0,60.1,True,True
2020,Maine,ME,State House,85,general,William Clardy,Republican,1784.0,39.9,False,False
2020,Maine,ME,State House,86,general,Justin Fecteau,Republican,2384.0,57.0,True,True
2020,Maine,ME,State House,86,general,Adam Turner,Democratic,1795.0,43.0,False,False
2020,Maine,ME,State House,87,general,Jeffery Hanley,Republican,3117.0,56.3,True,True
2020,Maine,ME,State House,87,general,Timothy Marks,Democratic,2419.0,43.7,False,False
2020,Maine,ME,State House,88,general,Michael Lemelin,Republican,2842.0,53.7,True,False
2020,Maine,ME,State House,88,general,Christopher Hamilton,Democratic,2446.0,46.3,False,False
2020,Maine,ME,State House,89,general,Holly Stover,Democratic,3242.0,51.57,True,True
2020,Maine,ME,State House,89,general,Stephanie Hawke,Republican,2815.0,46.5,False,False
2020,Maine,ME,State House,90,general,Lydia Crafts,Democratic,3962.0,64.6,True,False
2020,Maine,ME,State House,90,general,Merle Parise,Republican,2171.0,35.4,False,False
2020,Maine,ME,State House,91,general,Jeffrey Evangelos,Independent,2761.0,53.5,True,True
2020,Maine,ME,State House,91,general,Lowell Wallace,Republican,2400.0,46.5,False,False
2020,Maine,ME,State House,92,general,Ann Matlack,Democratic,3894.0,100.0,True,True
2020,Maine,ME,State House,93,general,Valli Geiger,Democratic,2675.0,55.0,True,False
2020,Maine,ME,State House,93,general,Michael Mullins,Republican,2188.0,45.0,False,False
2020,Maine,ME,State House,94,general,Victoria Doudera,Democratic,5410.0,100.0,True,True
2020,Maine,ME,State House,95,general,William Pluecker,Independent,2767.0,53.6,True,True
2020,Maine,ME,State House,95,general,Molly Luce,Republican,2393.0,46.4,False,False
2020,Maine,ME,State House,96,general,Stanley Zeigler,Democratic,2944.0,50.4,True,True
2020,Maine,ME,State House,96,general,Katrina Smith,Republican,2899.0,49.6,False,False
2020,Maine,ME,State House,97,general,Janice Dodge,Democratic,3789.0,66.9,True,True
2020,Maine,ME,State House,97,general,William Elliott,Republican,1871.0,33.1,False,False
2020,Maine,ME,State House,98,general,Scott Cuddy,Democratic,2691.0,51.0,True,True
2020,Maine,ME,State House,98,general,Jessica Connor,Republican,2586.0,49.0,False,False
2020,Maine,ME,State House,99,general,MaryAnne Kinney,Republican,2682.0,54.4,True,True
2020,Maine,ME,State House,99,general,April Turner,Democratic,2248.0,45.6,False,False
2020,Maine,ME,State House,100,general,Danny Costain,Republican,3499.0,72.4,True,True
2020,Maine,ME,State House,100,general,Carroll Payne,Democratic,1333.0,27.6,False,False
2020,Maine,ME,State House,101,general,David Haggan,Republican,3690.0,64.1,True,True
2020,Maine,ME,State House,101,general,William Lippincott,Democratic,2069.0,35.9,False,False
2020,Maine,ME,State House,102,general,Abigail Griffin,Republican,4158.0,100.0,True,True
2020,Maine,ME,State House,103,general,James Thorne,Republican,3612.0,62.9,True,False
2020,Maine,ME,State House,103,general,Robin Russel,Democratic,2127.0,37.1,False,False
2020,Maine,ME,State House,104,general,Steven Foster,Republican,3702.0,100.0,True,True
2020,Maine,ME,State House,105,general,Joel Stetkis,Republican,4049.0,100.0,True,True
2020,Maine,ME,State House,106,general,Amanda Collamore,Republican,2552.0,62.5,True,False
2020,Maine,ME,State House,106,general,Ethan Brownell,Democratic,1534.0,37.5,False,False
2020,Maine,ME,State House,107,general,Jennifer Poirier,Republican,2137.0,52.0,True,False
2020,Maine,ME,State House,107,general,Betty Austin,Democratic,1969.0,48.0,False,True
2020,Maine,ME,State House,108,general,Shelley Rudnicki,Republican,2401.0,55.0,True,True
2020,Maine,ME,State House,108,general,Nathaniel White,Democratic,1962.0,45.0,False,False
2020,Maine,ME,State House,109,general,Bruce White,Democratic,2945.0,67.5,True,True
2020,Maine,ME,State House,109,general,Richard Foss,Republican,1420.0,32.5,False,False
2020,Maine,ME,State House,110,general,Colleen Madigan,Democratic,2559.0,60.9,True,True
2020,Maine,ME,State House,110,general,Mark Andre,Independent,1644.0,39.1,False,False
2020,Maine,ME,State House,111,general,John Ducharme,Republican,3933.0,100.0,True,False
2020,Maine,ME,State House,112,general,Thomas Skolfield,Republican,3165.0,64.6,True,True
2020,Maine,ME,State House,112,general,Peter Bourgelais,Democratic,1734.0,35.4,False,False
2020,Maine,ME,State House,113,general,H. Scott Landry,Democratic,2788.0,58.2,True,True
2020,Maine,ME,State House,113,general,Stephan Bunker,Republican,2000.0,41.8,False,False
2020,Maine,ME,State House,114,general,Randall Hall,Republican,3149.0,65.1,True,True
2020,Maine,ME,State House,114,general,Gregory Kimber,Democratic,1685.0,34.9,False,False
2020,Maine,ME,State House,115,general,Josanne Dolloff,Republican,2564.0,57.3,True,True
2020,Maine,ME,State House,115,general,John Patrick,Democratic,1912.0,42.7,False,False
2020,Maine,ME,State House,116,general,Richard Pickett,Republican,3232.0,69.4,True,True
2020,Maine,ME,State House,116,general,Christopher Berryment,Democratic,1422.0,30.6,False,False
2020,Maine,ME,State House,117,general,Frances Head,Republican,3026.0,55.0,True,True
2020,Maine,ME,State House,117,general,Savannah Sessions,Democratic,2471.0,45.0,False,False
2020,Maine,ME,State House,118,general,Chad Grignon,Republican,3269.0,100.0,True,True
2020,Maine,ME,State House,119,general,Paul Stearns,Republican,3296.0,70.5,True,True
2020,Maine,ME,State House,119,general,Margarita Contreni,Democratic,1377.0,29.5,False,False
2020,Maine,ME,State House,120,general,Richard Evans,Democratic,1631.0,35.7,True,False
2020,Maine,ME,State House,120,general,Chad Perkins,Republican,1520.0,33.3,False,False
2020,Maine,ME,State House,120,general,Norman Higgins,Independent,1419.0,31.1,False,True
2020,Maine,ME,State House,121,general,Gary Drinkwater,Republican,2924.0,68.8,True,True
2020,Maine,ME,State House,121,general,Megan Smith,Democratic,1325.0,31.2,False,False
2020,Maine,ME,State House,122,general,Michelle Dunphy,Democratic,2599.0,62.3,True,True
2020,Maine,ME,State House,122,general,Edward Paradis,Republican,1576.0,37.7,False,False
2020,Maine,ME,State House,123,general,Laurie Osher,Democratic,2958.0,72.1,True,False
2020,Maine,ME,State House,123,general,Cameron Bowie,Republican,1147.0,27.9,False,False
2020,Maine,ME,State House,124,general,Joseph Perry,Democratic,2995.0,63.1,True,False
2020,Maine,ME,State House,124,general,Daniel LaPointe,Republican,1750.0,36.9,False,False
2020,Maine,ME,State House,125,general,Amy Roeder,Democratic,3137.0,100.0,True,False
2020,Maine,ME,State House,126,general,Laura Supica,Democratic,1770.0,53.4,True,False
2020,Maine,ME,State House,126,general,Joshua Hiatt,Republican,1547.0,46.6,False,False
2020,Maine,ME,State House,127,general,Barbara Cardone,Democratic,2529.0,64.2,True,True
2020,Maine,ME,State House,127,general,Noah Hall,Republican,1409.0,35.8,False,False
2020,Maine,ME,State House,128,general,Kevin O'Connell,Democratic,2578.0,54.7,True,True
2020,Maine,ME,State House,128,general,Garrel Craig,Republican,2131.0,45.3,False,False
2020,Maine,ME,State House,129,general,Peter Lyford,Republican,4339.0,100.0,True,True
2020,Maine,ME,State House,130,general,Kathy Downes,Republican,3331.0,63.8,True,False
2020,Maine,ME,State House,130,general,Nicolas Delli Paoli,Democratic,1892.0,36.2,False,False
2020,Maine,ME,State House,131,general,Sherman Hutchins,Republican,3267.0,58.8,True,True
2020,Maine,ME,State House,131,general,Veronica Magnan,Democratic,2292.0,41.2,False,False
2020,Maine,ME,State House,132,general,Nicole Grohoski,Democratic,3061.0,55.1,True,True
2020,Maine,ME,State House,132,general,Michelle Kaplan,Republican,2497.0,44.9,False,False
2020,Maine,ME,State House,133,general,Sarah Pebworth,Democratic,4402.0,100.0,True,True
2020,Maine,ME,State House,134,general,Genevieve McDonald,Democratic,4367.0,100.0,True,True
2020,Maine,ME,State House,135,general,Lynne Williams,Democratic,3339.0,55.8,True,False
2020,Maine,ME,State House,135,general,Timothy Oh,Republican,1835.0,30.7,False,False
2020,Maine,ME,State House,135,general,Benjamin Meiklejohn,Independent,805.0,13.5,False,False
2020,Maine,ME,State House,136,general,William Faulkingham,Republican,3151.0,64.1,True,True
2020,Maine,ME,State House,136,general,Antonio Blasi,Democratic,1765.0,35.9,False,False
2020,Maine,ME,State House,137,general,Meldon Carmichael,Republican,2666.0,65.3,True,False
2020,Maine,ME,State House,137,general,Maxwell Coolidge,Democratic,1418.0,34.7,False,False
2020,Maine,ME,State House,138,general,Robert Alley,Democratic,2499.0,58.0,True,True
2020,Maine,ME,State House,138,general,Kimberley Robinson,Republican,1806.0,42.0,False,False
2020,Maine,ME,State House,139,general,William Tuell,Republican,3407.0,72.5,True,True
2020,Maine,ME,State House,139,general,Patricia Godin,Democratic,1290.0,27.5,False,False
2020,Maine,ME,State House,140,general,Anne Perry,Democratic,2011.0,61.7,True,True
2020,Maine,ME,State House,140,general,Michael Lawson,Republican,1250.0,38.3,False,False
2020,Maine,ME,State House,141,general,Kathy Javner,Republican,3060.0,77.9,True,True
2020,Maine,ME,State House,141,general,Donald Green,Democratic,868.0,22.1,False,False
2020,Maine,ME,State House,142,general,Jeffery Gifford,Republican,3042.0,72.1,True,False
2020,Maine,ME,State House,142,general,Natalie DiPentino,Democratic,1175.0,27.9,False,False
2020,Maine,ME,State House,143,general,Peggy Stanley,Republican,2317.0,51.7,True,False
2020,Maine,ME,State House,143,general,Charles Pray,Democratic,2162.0,48.3,False,False
2020,Maine,ME,State House,144,general,Tracy Quint,Republican,2705.0,68.3,True,False
2020,Maine,ME,State House,144,general,Kathryn Harnish,Democratic,1258.0,31.7,False,False
2020,Maine,ME,State House,145,general,Chris Johansen,Republican,3286.0,76.8,True,True
2020,Maine,ME,State House,145,general,Robert Zabierek,Democratic,993.0,23.2,False,False
2020,Maine,ME,State House,146,general,Dustin White,Republican,3891.0,100.0,True,True
2020,Maine,ME,State House,147,general,Joseph Underwood,Republican,2074.0,54.6,True,False
2020,Maine,ME,State House,147,general,Lillie Lavado,Democratic,1728.0,45.4,False,False
2020,Maine,ME,State House,148,general,David McCrea,Democratic,2204.0,56.9,True,True
2020,Maine,ME,State House,148,general,Brian Redmond,Republican,1669.0,43.1,False,False
2020,Maine,ME,State House,149,general,Susan Bernard,Republican,3654.0,100.0,True,False
2020,Maine,ME,State House,150,general,Roland Martin,Democratic,2680.0,59.9,True,True
2020,Maine,ME,State House,150,general,Aaron Cyr,Republican,1793.0,40.1,False,False
2020,Maine,ME,State House,151,general,John L. Martin,Democratic,2711.0,56.6,True,True
2020,Maine,ME,State House,151,general,Kevin Bushey,Republican,2077.0,43.4,False,False
2020,Michigan,MI,State House,1,general,Tenisha R. Yancey,Democratic,29742.0,75.81,True,True
2020,Michigan,MI,State House,1,general,Latricia Ann Lanier,Republican,8698.0,22.18,False,False
2020,Michigan,MI,State House,1,general,Gregory Creswell,Libertarian,785.0,2.0,False,False
2020,Michigan,MI,State House,2,general,Joe Tate,Democratic,28196.0,74.12,True,True
2020,Michigan,MI,State House,2,general,Mayra Rodriguez,Republican,9043.0,23.77,False,False
2020,Michigan,MI,State House,2,general,DaNetta L. Simpson,Independent,804.0,2.11,False,False
2020,Michigan,MI,State House,3,general,Shri Thanedar,Democratic,28575.0,93.32,True,False
2020,Michigan,MI,State House,3,general,Anita Vinson,Republican,1234.0,4.03,False,False
2020,Michigan,MI,State House,3,general,Stephen Boyle,Green,813.0,2.65,False,False
2020,Michigan,MI,State House,4,general,Abraham Aiyash,Democratic,27263.0,89.75,True,True
2020,Michigan,MI,State House,4,general,Howard Weathington,Republican,1736.0,5.71,False,False
2020,Michigan,MI,State House,4,general,Linda Rayburn,Class,1023.0,3.37,False,False
2020,Michigan,MI,State House,4,general,Md Rabbi Alam,Independent,355.0,1.17,False,False
2020,Michigan,MI,State House,5,general,Cynthia A. Johnson,Democratic,18658.0,93.41,True,True
2020,Michigan,MI,State House,5,general,Harold M. Day,Republican,1317.0,6.59,False,False
2020,Michigan,MI,State House,6,general,Tyrone Carter,Democratic,28161.0,100.0,True,True
2020,Michigan,MI,State House,7,general,Helena Scott,Democratic,32483.0,93.03,True,False
2020,Michigan,MI,State House,7,general,Kimberly Givens,Class,1224.0,3.51,False,False
2020,Michigan,MI,State House,7,general,Ronald Cole,Republican,791.0,2.27,False,False
2020,Michigan,MI,State House,7,general,Anita Belle,Green,420.0,1.2,False,False
2020,Michigan,MI,State House,8,general,Stephanie A. Young,Democratic,35945.0,96.74,True,False
2020,Michigan,MI,State House,8,general,Miroslawa Teresa Gorak,Republican,1210.0,3.26,False,False
2020,Michigan,MI,State House,9,general,Karen Whitsett,Democratic,29047.0,94.18,True,True
2020,Michigan,MI,State House,9,general,James Stephens,Republican,1794.0,5.82,False,False
2020,Michigan,MI,State House,10,general,Mary Cavanagh,Democratic,38144.0,84.75,True,False
2020,Michigan,MI,State House,10,general,Cathy L. Alcorn,Republican,6863.0,15.25,False,False
2020,Michigan,MI,State House,11,general,Jewell Jones,Democratic,39726.0,65.22,True,True
2020,Michigan,MI,State House,11,general,James C. Townsend,Republican,15030.0,34.78,False,False
2020,Michigan,MI,State House,12,general,Alex Garza,Democratic,27300.0,62.35,True,True
2020,Michigan,MI,State House,12,general,Michelle Bailey,Republican,16488.0,37.65,False,False
2020,Michigan,MI,State House,13,general,Tullio Liberati,Democratic,26720.0,57.99,True,False
2020,Michigan,MI,State House,13,general,Megan Frump,Republican,19356.0,42.01,False,False
2020,Michigan,MI,State House,14,general,Cara A. Clemente,Democratic,23096.0,56.66,True,True
2020,Michigan,MI,State House,14,general,Darrell Stasik,Republican,15729.0,38.59,False,False
2020,Michigan,MI,State House,14,general,Simone R. Coleman,Class,1937.0,4.75,False,False
2020,Michigan,MI,State House,15,general,Abdullah Hammoud,Democratic,28362.0,70.49,True,True
2020,Michigan,MI,State House,15,general,Darrell Stasik,Republican,10906.0,27.1,False,False
2020,Michigan,MI,State House,15,general,Larry Darnell Betts,Class,970.0,2.41,False,False
2020,Michigan,MI,State House,16,general,Kevin Coleman,Democratic,28225.0,62.5,True,True
2020,Michigan,MI,State House,16,general,Emily Bauman,Republican,16937.0,37.5,False,False
2020,Michigan,MI,State House,17,general,Joe Bellino,Republican,28570.0,61.53,True,True
2020,Michigan,MI,State House,17,general,Christopher Slat,Democratic,17866.0,38.47,False,False
2020,Michigan,MI,State House,18,general,Kevin Hertel,Democratic,32569.0,60.27,True,True
2020,Michigan,MI,State House,18,general,Michael Babat,Republican,21462.0,39.72,False,False
2020,Michigan,MI,State House,18,general,Christine Timmon,Write-in,7.0,0.01,False,False
2020,Michigan,MI,State House,19,general,Laurie Pohutsky,Democratic,29452.0,50.2,True,True
2020,Michigan,MI,State House,19,general,Martha Ptashnik,Republican,29215.0,49.8,False,False
2020,Michigan,MI,State House,20,general,Matt Koleszar,Democratic,33034.0,55.09,True,True
2020,Michigan,MI,State House,20,general,John Lacny,Republican,26931.0,44.91,False,False
2020,Michigan,MI,State House,21,general,Ranjeev Puri,Democratic,34284.0,59.15,True,False
2020,Michigan,MI,State House,21,general,Laurel Hess,Republican,23682.0,40.85,False,False
2020,Michigan,MI,State House,22,general,Richard Steenland,Democratic,24954.0,59.91,True,False
2020,Michigan,MI,State House,22,general,Steven G. Warner,Republican,16701.0,40.09,False,False
2020,Michigan,MI,State House,23,general,Darrin Camilleri,Democratic,30231.0,52.55,True,True
2020,Michigan,MI,State House,23,general,John Poe,Republican,27300.0,47.45,False,False
2020,Michigan,MI,State House,24,general,Steve Marino,Republican,29394.0,57.54,True,True
2020,Michigan,MI,State House,24,general,Michelle Woodman,Democratic,21692.0,42.46,False,False
2020,Michigan,MI,State House,25,general,Nate Shannon,Democratic,25239.0,52.86,True,True
2020,Michigan,MI,State House,25,general,Paul M. Smith,Republican,22509.0,47.14,False,False
2020,Michigan,MI,State House,26,general,Jim Ellison,Democratic,33208.0,63.66,True,True
2020,Michigan,MI,State House,26,general,Chris Meister,Republican,18955.0,36.34,False,False
2020,Michigan,MI,State House,27,general,Regina Weiss,Democratic,41791.0,74.41,True,False
2020,Michigan,MI,State House,27,general,Elizabeth Goss,Republican,12574.0,22.39,False,False
2020,Michigan,MI,State House,27,general,Gregory Scott Stempfle,Libertarian,913.0,1.63,False,False
2020,Michigan,MI,State House,27,general,Sherry A. Wells,Green,886.0,1.58,False,False
2020,Michigan,MI,State House,28,general,Lori Stone,Democratic,24585.0,60.3,True,True
2020,Michigan,MI,State House,28,general,Stephen Colegio,Republican,15329.0,37.6,False,False
2020,Michigan,MI,State House,28,general,Frederick Horndt,Libertarian,859.0,2.11,False,False
2020,Michigan,MI,State House,29,general,Brenda Carter,Democratic,27099.0,72.89,True,True
2020,Michigan,MI,State House,29,general,S. Dave Sullivan,Republican,10079.0,27.11,False,False
2020,Michigan,MI,State House,30,general,Diana Farrington,Republican,28199.0,62.37,True,True
2020,Michigan,MI,State House,30,general,Michael A. Chehab,Democratic,17016.0,37.63,False,False
2020,Michigan,MI,State House,31,general,William Sowerby,Democratic,26202.0,56.27,True,True
2020,Michigan,MI,State House,31,general,Lisa Valerio-Nowc,Republican,20364.0,43.73,False,False
2020,Michigan,MI,State House,32,general,Pamela Hornberger,Republican,33393.0,66.15,True,True
2020,Michigan,MI,State House,32,general,Justin Boucher,Democratic,17090.0,33.85,False,False
2020,Michigan,MI,State House,33,general,Jeffrey Yaroch,Republican,39429.0,70.45,True,True
2020,Michigan,MI,State House,33,general,Olu Jabari,Democratic,16538.0,29.55,False,False
2020,Michigan,MI,State House,34,general,Cynthia Neeley,Democratic,24030.0,86.71,True,True
2020,Michigan,MI,State House,34,general,James Miraglia,Republican,3684.0,13.29,False,False
2020,Michigan,MI,State House,35,general,Kyra Harris Bolden,Democratic,49096.0,82.93,True,True
2020,Michigan,MI,State House,35,general,Daniela Davis,Republican,9412.0,15.9,False,False
2020,Michigan,MI,State House,35,general,Tim Yow,Libertarian,693.0,1.17,False,False
2020,Michigan,MI,State House,36,general,Doug Wozniak,Republican,37945.0,68.69,True,True
2020,Michigan,MI,State House,36,general,Robert Murphy,Democratic,17299.0,31.31,False,False
2020,Michigan,MI,State House,37,general,Samantha Steckloff,Democratic,34590.0,63.88,True,False
2020,Michigan,MI,State House,37,general,Mitch Swoboda,Republican,18464.0,34.1,False,False
2020,Michigan,MI,State House,37,general,James K. Young,Libertarian,1092.0,2.02,False,False
2020,Michigan,MI,State House,38,general,Kelly Breen,Democratic,31217.0,51.62,True,False
2020,Michigan,MI,State House,38,general,Chase Turner,Republican,29263.0,48.38,False,False
2020,Michigan,MI,State House,39,general,Ryan Berman,Republican,30754.0,51.91,True,True
2020,Michigan,MI,State House,39,general,Julia Pulver,Democratic,27561.0,46.52,False,False
2020,Michigan,MI,State House,39,general,Anthony Croff,Libertarian,927.0,1.56,False,False
2020,Michigan,MI,State House,40,general,Mari Manoogian,Democratic,38162.0,57.77,True,True
2020,Michigan,MI,State House,40,general,Kendra Cleary,Republican,27897.0,42.23,False,False
2020,Michigan,MI,State House,41,general,Padma Kuppa,Democratic,30601.0,55.04,True,True
2020,Michigan,MI,State House,41,general,Andrew J. Sosnoski,Republican,24992.0,44.96,False,False
2020,Michigan,MI,State House,42,general,Ann Bollin,Republican,39730.0,63.21,True,True
2020,Michigan,MI,State House,42,general,Donnie Bettes,Democratic,23123.0,36.79,False,False
2020,Michigan,MI,State House,43,general,Andrea Schroeder,Republican,33405.0,59.65,True,True
2020,Michigan,MI,State House,43,general,Nicole Breadon,Democratic,22596.0,40.35,False,False
2020,Michigan,MI,State House,44,general,Matt Maddock,Republican,35416.0,59.54,True,True
2020,Michigan,MI,State House,44,general,Denise Forrest,Democratic,24067.0,40.46,False,False
2020,Michigan,MI,State House,45,general,Mark Tisdel,Republican,29227.0,52.35,True,False
2020,Michigan,MI,State House,45,general,Barb Anness,Democratic,26604.0,47.65,False,False
2020,Michigan,MI,State House,46,general,John Reilly,Republican,36259.0,62.01,True,True
2020,Michigan,MI,State House,46,general,Jody LaMacchia,Democratic,22214.0,37.99,False,False
2020,Michigan,MI,State House,47,general,Bob Bezotte,Republican,40449.0,68.73,True,False
2020,Michigan,MI,State House,47,general,Adam Smiddy,Democratic,18407.0,31.27,False,False
2020,Michigan,MI,State House,48,general,David Martin,Republican,24796.0,50.5,True,False
2020,Michigan,MI,State House,48,general,Sheryl Kennedy,Democratic,24307.0,49.5,False,True
2020,Michigan,MI,State House,49,general,John Daniel Cherry,Democratic,28122.0,68.87,True,True
2020,Michigan,MI,State House,49,general,Bryan Lutz,Republican,12711.0,31.13,False,False
2020,Michigan,MI,State House,50,general,Tim Sneller,Democratic,27860.0,54.24,True,True
2020,Michigan,MI,State House,50,general,Christina Fitchett-Hickson,Republican,23507.0,45.76,False,False
2020,Michigan,MI,State House,51,general,Mike Mueller,Republican,38154.0,64.4,True,True
2020,Michigan,MI,State House,51,general,Brad May,Democratic,21087.0,35.6,False,False
2020,Michigan,MI,State House,52,general,Donna Lasinski,Democratic,35985.0,58.99,True,True
2020,Michigan,MI,State House,52,general,Greg Marquis,Republican,25022.0,41.01,False,False
2020,Michigan,MI,State House,53,general,Yousef Rabhi,Democratic,42524.0,86.85,True,True
2020,Michigan,MI,State House,53,general,Jean E. Holland,Republican,6436.0,13.15,False,False
2020,Michigan,MI,State House,54,general,Ronnie Peterson,Democratic,36533.0,77.73,True,True
2020,Michigan,MI,State House,54,general,Martin A. Church,Republican,10464.0,22.27,False,False
2020,Michigan,MI,State House,55,general,Felicia Brabec,Democratic,37118.0,72.37,True,False
2020,Michigan,MI,State House,55,general,Bob Baird,Republican,14170.0,27.63,False,False
2020,Michigan,MI,State House,56,general,TC Clements,Republican,31325.0,64.2,True,False
2020,Michigan,MI,State House,56,general,Keith W. Kitchens,Democratic,16478.0,33.77,False,False
2020,Michigan,MI,State House,56,general,Jeffrey Jon Rubley II,Green,993.0,2.04,False,False
2020,Michigan,MI,State House,57,general,Bronna Kahle,Republican,32093.0,66.39,True,True
2020,Michigan,MI,State House,57,general,Will Garcia,Democratic,16249.0,33.61,False,False
2020,Michigan,MI,State House,58,general,Andrew Fink,Republican,30208.0,71.22,True,False
2020,Michigan,MI,State House,58,general,Tamara C. Barnes,Democratic,12208.0,28.78,False,False
2020,Michigan,MI,State House,59,general,Steve Carra,Republican,26561.0,62.85,True,False
2020,Michigan,MI,State House,59,general,Amy L. East,Democratic,14802.0,35.02,False,False
2020,Michigan,MI,State House,59,general,Jack Daniel Coleman,Write-in,901.0,2.13,False,False
2020,Michigan,MI,State House,60,general,Julie Rogers,Democratic,30037.0,71.41,True,False
2020,Michigan,MI,State House,60,general,Gary Mitchell,Republican,10043.0,23.88,False,False
2020,Michigan,MI,State House,60,general,Stephanie L. Moore,Write-in,1980.0,4.71,False,False
2020,Michigan,MI,State House,61,general,Christine Morse,Democratic,31888.0,54.07,True,False
2020,Michigan,MI,State House,61,general,Bronwyn Haltom,Republican,27088.0,45.93,False,False
2020,Michigan,MI,State House,62,general,Jim Haadsma,Democratic,20989.0,51.32,True,True
2020,Michigan,MI,State House,62,general,Dave Morgan,Republican,19909.0,48.68,False,False
2020,Michigan,MI,State House,63,general,Matt Hall,Republican,31379.0,60.63,True,True
2020,Michigan,MI,State House,63,general,Luke Howell,Democratic,18613.0,35.97,False,False
2020,Michigan,MI,State House,63,general,Rafael Wolf,Libertarian,1093.0,2.11,False,False
2020,Michigan,MI,State House,63,general,John Anthony La Pietra,Green,660.0,1.28,False,False
2020,Michigan,MI,State House,63,general,Ronald Lee Hawkins,Write-in,6.0,0.01,False,False
2020,Michigan,MI,State House,64,general,Julie Alexander,Republican,24880.0,60.57,True,False
2020,Michigan,MI,State House,64,general,Sandra Hofman-Kingston,Democratic,15125.0,36.82,False,False
2020,Michigan,MI,State House,64,general,Norman Peterson,Libertarian,1071.0,2.61,False,False
2020,Michigan,MI,State House,65,general,Sarah Lightner,Republican,31444.0,64.75,True,True
2020,Michigan,MI,State House,65,general,Nancy Smith,Democratic,17116.0,35.25,False,False
2020,Michigan,MI,State House,66,general,Beth Griffin,Republican,28270.0,59.3,True,True
2020,Michigan,MI,State House,66,general,Abigail Wheeler,Democratic,19403.0,40.7,False,False
2020,Michigan,MI,State House,67,general,Kara Hope,Democratic,28503.0,54.34,True,True
2020,Michigan,MI,State House,67,general,Nate J. Ross,Republican,23951.0,45.66,False,False
2020,Michigan,MI,State House,68,general,Sarah Anthony,Democratic,33760.0,75.91,True,True
2020,Michigan,MI,State House,68,general,Robert J. Atkinson,Republican,10714.0,24.09,False,False
2020,Michigan,MI,State House,69,general,Julie Brixie,Democratic,30083.0,69.29,True,True
2020,Michigan,MI,State House,69,general,Grace S. Norris,Republican,12654.0,29.15,False,False
2020,Michigan,MI,State House,69,general,Gene Gutierrez,Green,680.0,1.57,False,False
2020,Michigan,MI,State House,70,general,Pat Outman,Republican,27489.0,68.88,True,False
2020,Michigan,MI,State House,70,general,Karen Garvey,Democratic,12419.0,31.12,False,False
2020,Michigan,MI,State House,71,general,Angela Witwer,Democratic,28200.0,51.22,True,True
2020,Michigan,MI,State House,71,general,Gina Johnsen,Republican,26049.0,47.31,False,False
2020,Michigan,MI,State House,71,general,Dalton R. McCuiston,Green,807.0,1.47,False,False
2020,Michigan,MI,State House,72,general,Steve Johnson,Republican,29614.0,55.06,True,True
2020,Michigan,MI,State House,72,general,Lily Cheng-Schulting,Democratic,24170.0,44.94,False,False
2020,Michigan,MI,State House,73,general,Bryan Posthumus,Republican,37137.0,56.96,True,False
2020,Michigan,MI,State House,73,general,Bill Saxton,Democratic,27178.0,41.69,False,False
2020,Michigan,MI,State House,73,general,Theodore Gerrard,Constitution,877.0,1.35,False,False
2020,Michigan,MI,State House,73,general,Ronald Lee Heeren,Write-in,1.0,0.0,False,False
2020,Michigan,MI,State House,74,general,Mark Huizenga,Republican,34068.0,63.13,True,True
2020,Michigan,MI,State House,74,general,Meagan L. Hintz,Democratic,19897.0,36.87,False,False
2020,Michigan,MI,State House,75,general,David LaGrand,Democratic,30423.0,74.62,True,True
2020,Michigan,MI,State House,75,general,James McKeiver,Republican,8315.0,20.39,False,False
2020,Michigan,MI,State House,75,general,Louis Palus,Class,1234.0,3.03,False,False
2020,Michigan,MI,State House,75,general,Marco T. Bulnes,Green,798.0,1.96,False,False
2020,Michigan,MI,State House,76,general,Rachel Hood,Democratic,33887.0,62.76,True,True
2020,Michigan,MI,State House,76,general,Doug Zandstra,Republican,20111.0,37.24,False,False
2020,Michigan,MI,State House,77,general,Tommy Brann,Republican,30215.0,59.94,True,True
2020,Michigan,MI,State House,77,general,Bob Smith,Democratic,20195.0,40.06,False,False
2020,Michigan,MI,State House,78,general,Brad Paquette,Republican,28485.0,62.71,True,True
2020,Michigan,MI,State House,78,general,Dan VandenHeede,Democratic,16297.0,35.88,False,False
2020,Michigan,MI,State House,78,general,Andrew J. Warner,Law,638.0,1.4,False,False
2020,Michigan,MI,State House,79,general,Pauline Wendzel,Republican,25656.0,56.62,True,True
2020,Michigan,MI,State House,79,general,Chokwe Pitchford,Democratic,19658.0,43.38,False,False
2020,Michigan,MI,State House,80,general,Mary Whiteford,Republican,34999.0,66.49,True,True
2020,Michigan,MI,State House,80,general,Erik Almquist,Democratic,17637.0,33.51,False,False
2020,Michigan,MI,State House,81,general,Gary Eisen,Republican,33241.0,68.49,True,True
2020,Michigan,MI,State House,81,general,Debbie Bourgois,Democratic,15290.0,31.51,False,False
2020,Michigan,MI,State House,82,general,Gary Howell,Republican,37018.0,73.09,True,True
2020,Michigan,MI,State House,82,general,Jerry Tkach,Democratic,13616.0,26.88,False,False
2020,Michigan,MI,State House,82,general,Kurt Allan Hausauer,Write-in,15.0,0.03,False,False
2020,Michigan,MI,State House,83,general,Andrew Beeler,Republican,28270.0,65.5,True,False
2020,Michigan,MI,State House,83,general,Stephanie Armstrong-Helton,Democratic,14888.0,34.5,False,False
2020,Michigan,MI,State House,84,general,Phil Green,Republican,33473.0,72.16,True,True
2020,Michigan,MI,State House,84,general,Patrick J. Wood,Democratic,12913.0,27.84,False,False
2020,Michigan,MI,State House,85,general,Ben Frederick,Republican,32833.0,65.24,True,True
2020,Michigan,MI,State House,85,general,Andrea Kelly Garrison,Democratic,17494.0,34.76,False,False
2020,Michigan,MI,State House,86,general,Thomas Albert,Republican,35536.0,63.13,True,True
2020,Michigan,MI,State House,86,general,Sue Hayes,Democratic,20750.0,36.87,False,False
2020,Michigan,MI,State House,87,general,Julie Calley,Republican,39431.0,72.29,True,True
2020,Michigan,MI,State House,87,general,Jay Molette,Democratic,15112.0,27.71,False,False
2020,Michigan,MI,State House,88,general,Luke Meerman,Republican,38841.0,72.21,True,True
2020,Michigan,MI,State House,88,general,Franklin Cornielle,Democratic,14946.0,27.79,False,False
2020,Michigan,MI,State House,89,general,Jim Lilly,Republican,36345.0,61.68,True,True
2020,Michigan,MI,State House,89,general,Anita Marie Brown,Democratic,22578.0,38.32,False,False
2020,Michigan,MI,State House,90,general,Bradley Slagh,Republican,32446.0,64.22,True,True
2020,Michigan,MI,State House,90,general,Christopher P. Banks,Democratic,18081.0,35.78,False,False
2020,Michigan,MI,State House,91,general,Greg VanWoerkom,Republican,29968.0,60.09,True,True
2020,Michigan,MI,State House,91,general,Brian Hosticka,Democratic,19901.0,39.91,False,False
2020,Michigan,MI,State House,92,general,Terry Sabo,Democratic,25430.0,65.31,True,True
2020,Michigan,MI,State House,92,general,Michael L. Haueisen,Republican,13506.0,34.69,False,False
2020,Michigan,MI,State House,93,general,Graham Filler,Republican,34707.0,63.18,True,True
2020,Michigan,MI,State House,93,general,Muhammad Salman Rais,Democratic,20224.0,36.82,False,False
2020,Michigan,MI,State House,94,general,Rodney Wakeman,Republican,31457.0,59.89,True,True
2020,Michigan,MI,State House,94,general,Demond L. Tibbs,Democratic,21065.0,40.11,False,False
2020,Michigan,MI,State House,95,general,Amos O'Neal,Democratic,23909.0,70.12,True,False
2020,Michigan,MI,State House,95,general,Charlotte DeMaet,Republican,10190.0,29.88,False,False
2020,Michigan,MI,State House,96,general,Timothy Beson,Republican,25655.0,54.6,True,False
2020,Michigan,MI,State House,96,general,Brian Elder,Democratic,21328.0,45.4,False,True
2020,Michigan,MI,State House,97,general,Jason Wentworth,Republican,31602.0,71.18,True,False
2020,Michigan,MI,State House,97,general,Celia Young-Wenkel,Democratic,12794.0,28.82,False,False
2020,Michigan,MI,State House,98,general,Annette Glenn,Republican,29118.0,58.43,True,False
2020,Michigan,MI,State House,98,general,Sarah Schulz,Democratic,20712.0,41.57,False,False
2020,Michigan,MI,State House,99,general,Roger Hauck,Republican,24017.0,61.07,True,True
2020,Michigan,MI,State House,99,general,John Zang,Democratic,14363.0,36.52,False,False
2020,Michigan,MI,State House,99,general,Melissa Noelle Lambert,Green,949.0,2.41,False,False
2020,Michigan,MI,State House,100,general,Scott VanSingel,Republican,32343.0,70.02,True,True
2020,Michigan,MI,State House,100,general,Sandy Clarke,Democratic,13851.0,29.98,False,False
2020,Michigan,MI,State House,101,general,Jack O'Malley,Republican,36577.0,60.64,True,True
2020,Michigan,MI,State House,101,general,Beth McGill-Rizer,Democratic,23746.0,39.36,False,False
2020,Michigan,MI,State House,102,general,Michele Hoitenga,Republican,30633.0,69.66,True,True
2020,Michigan,MI,State House,102,general,Amanda Siggins,Democratic,13341.0,30.34,False,False
2020,Michigan,MI,State House,103,general,Daire Rendon,Republican,36935.0,71.02,True,True
2020,Michigan,MI,State House,103,general,Zach Larson,Democratic,15073.0,28.98,False,False
2020,Michigan,MI,State House,104,general,John Roth,Republican,30311.0,50.93,True,False
2020,Michigan,MI,State House,104,general,Dan O'Neil,Democratic,28009.0,47.06,False,False
2020,Michigan,MI,State House,104,general,Jason Crum,Libertarian,1194.0,2.01,False,False
2020,Michigan,MI,State House,105,general,Ken Borton,Republican,37172.0,65.68,True,False
2020,Michigan,MI,State House,105,general,Jonathan Burke,Democratic,19423.0,34.32,False,False
2020,Michigan,MI,State House,106,general,Sue Allor,Republican,38313.0,69.37,True,True
2020,Michigan,MI,State House,106,general,LeeAnn Johnson,Democratic,16917.0,30.63,False,False
2020,Michigan,MI,State House,107,general,John Damoose,Republican,31666.0,60.86,True,False
2020,Michigan,MI,State House,107,general,Jim Page,Democratic,20367.0,39.14,False,False
2020,Michigan,MI,State House,108,general,Beau LaFave,Republican,30524.0,64.21,True,True
2020,Michigan,MI,State House,108,general,Renee Richer,Democratic,17015.0,35.79,False,False
2020,Michigan,MI,State House,109,general,Sara Cambensy,Democratic,26419.0,56.56,True,True
2020,Michigan,MI,State House,109,general,Melody Wagner,Republican,19643.0,42.06,False,False
2020,Michigan,MI,State House,109,general,Jim Hafeman,Constitution,644.0,1.38,False,False
2020,Michigan,MI,State House,109,general,Deborah Sue LaFaive,Write-in,0.0,0.0,False,False
2020,Michigan,MI,State House,110,general,Gregory Markkanen,Republican,25802.0,57.59,True,True
2020,Michigan,MI,State House,110,general,Janet Metsa,Democratic,18457.0,41.2,False,False
2020,Michigan,MI,State House,110,general,Rick Sauermilch,Green,543.0,1.21,False,False
2020,Minnesota,MN,State House,1,general,John Burkel,Republican,15169.0,72.75,True,False
2020,Minnesota,MN,State House,1,general,Connie Lindstrom,Democratic-Farmer-Labor,5670.0,27.19,False,False
2020,Minnesota,MN,State House,1,general,Deb Kiel,Republican,13904.0,70.9,True,False
2020,Minnesota,MN,State House,1,general,Cindy Ansbacher,Democratic-Farmer-Labor,5687.0,29.0,False,False
2020,Minnesota,MN,State House,2,general,Matt Grossell,Republican,14009.0,62.43,True,False
2020,Minnesota,MN,State House,2,general,Jeremiah Liend,Democratic-Farmer-Labor,8395.0,37.41,False,False
2020,Minnesota,MN,State House,2,general,Steve Green,Republican,14496.0,66.19,True,False
2020,Minnesota,MN,State House,2,general,David Suby,Democratic-Farmer-Labor,7384.0,33.72,False,False
2020,Minnesota,MN,State House,3,general,Rob Ecklund,Democratic-Farmer-Labor,12581.0,52.42,True,False
2020,Minnesota,MN,State House,3,general,Thomas Manninen,Republican,11400.0,47.5,False,False
2020,Minnesota,MN,State House,3,general,Mary Murphy,Democratic-Farmer-Labor,13865.0,56.62,True,False
2020,Minnesota,MN,State House,3,general,Andrew Hjelle,Republican,10603.0,43.3,False,False
2020,Minnesota,MN,State House,4,general,Heather Keeler,Democratic-Farmer-Labor,11487.0,56.67,True,False
2020,Minnesota,MN,State House,4,general,Edwin Hahn,Republican,8748.0,43.16,False,False
2020,Minnesota,MN,State House,4,general,Paul Marquart,Democratic-Farmer-Labor,12022.0,52.73,True,False
2020,Minnesota,MN,State House,4,general,Brian Anderson,Republican,10766.0,47.22,False,False
2020,Minnesota,MN,State House,5,general,Matt Bliss,Democratic-Farmer-Labor,11482.0,53.37,True,False
2020,Minnesota,MN,State House,5,general,John Persell,Democratic-Farmer-Labor,9996.0,46.46,False,False
2020,Minnesota,MN,State House,5,general,Spencer Igo,Republican,14432.0,61.04,True,False
2020,Minnesota,MN,State House,5,general,Joe Abeyta,Democratic-Farmer-Labor,9187.0,38.85,False,False
2020,Minnesota,MN,State House,6,general,Julie Sandstede,Democratic-Farmer-Labor,10781.0,50.04,True,False
2020,Minnesota,MN,State House,6,general,Rob Farnsworth,Republican,10741.0,49.85,False,False
2020,Minnesota,MN,State House,6,general,Dave Lislegard,Democratic-Farmer-Labor,12648.0,54.54,True,False
2020,Minnesota,MN,State House,6,general,Julie Buria,Republican,10513.0,45.33,False,False
2020,Minnesota,MN,State House,7,general,Jennifer Schultz,Democratic-Farmer-Labor,16021.0,70.47,True,False
2020,Minnesota,MN,State House,7,general,Tom Sullivan,Republican,6684.0,29.4,False,False
2020,Minnesota,MN,State House,7,general,Liz Olson,Democratic-Farmer-Labor,14769.0,68.15,True,False
2020,Minnesota,MN,State House,7,general,Art Johnston,Republican,6879.0,31.74,False,False
2020,Minnesota,MN,State House,8,general,Jordan Rasmusson,Republican,15998.0,65.9,True,False
2020,Minnesota,MN,State House,8,general,Brittney Johnson,Democratic-Farmer-Labor,8243.0,33.96,False,False
2020,Minnesota,MN,State House,8,general,Mary Franson,Republican,17307.0,68.03,True,False
2020,Minnesota,MN,State House,8,general,Carol Wenner,Democratic-Farmer-Labor,8101.0,31.84,False,False
2020,Minnesota,MN,State House,9,general,John Poston,Republican,16414.0,73.95,True,False
2020,Minnesota,MN,State House,9,general,Alex Herring,Democratic-Farmer-Labor,5752.0,25.91,False,False
2020,Minnesota,MN,State House,9,general,Ron Kresha,Republican,16855.0,77.09,True,False
2020,Minnesota,MN,State House,9,general,Laura Wright,Democratic-Farmer-Labor,4979.0,22.77,False,False
2020,Minnesota,MN,State House,10,general,Josh Heintzeman,Republican,15674.0,64.93,True,False
2020,Minnesota,MN,State House,10,general,Dale Menk,Democratic-Farmer-Labor,8443.0,34.98,False,False
2020,Minnesota,MN,State House,10,general,Dale Lueck,Republican,17031.0,69.41,True,False
2020,Minnesota,MN,State House,10,general,Gaylene Spolarich,Democratic-Farmer-Labor,7497.0,30.55,False,False
2020,Minnesota,MN,State House,11,general,Mike Sundin,Democratic-Farmer-Labor,11452.0,51.41,True,False
2020,Minnesota,MN,State House,11,general,Jeff Dotseth,Republican,10798.0,48.48,False,False
2020,Minnesota,MN,State House,11,general,Nathan Nelson,Republican,13484.0,65.34,True,False
2020,Minnesota,MN,State House,11,general,Jack Frechette,Democratic-Farmer-Labor,7145.0,34.62,False,False
2020,Minnesota,MN,State House,12,general,Jeff Backer,Republican,14775.0,66.88,True,False
2020,Minnesota,MN,State House,12,general,Murray Smart,Democratic-Farmer-Labor,7299.0,33.04,False,False
2020,Minnesota,MN,State House,12,general,Paul Anderson,Republican,17151.0,75.01,True,False
2020,Minnesota,MN,State House,12,general,Ben Schirmers,Democratic-Farmer-Labor,5697.0,24.92,False,False
2020,Minnesota,MN,State House,13,general,Lisa Demuth,Republican,16056.0,70.75,True,False
2020,Minnesota,MN,State House,13,general,Katy Westlund,Democratic-Farmer-Labor,6610.0,29.13,False,False
2020,Minnesota,MN,State House,13,general,Tim O'Driscoll,Republican,16524.0,68.16,True,False
2020,Minnesota,MN,State House,13,general,Benjamin Carollo,Democratic-Farmer-Labor,7684.0,31.7,False,False
2020,Minnesota,MN,State House,14,general,Tama Theis,Republican,11887.0,53.93,True,False
2020,Minnesota,MN,State House,14,general,Tami Calhoun,Democratic-Farmer-Labor,10102.0,45.83,False,False
2020,Minnesota,MN,State House,14,general,Dan Wolgamott,Democratic-Farmer-Labor,9422.0,55.93,True,False
2020,Minnesota,MN,State House,14,general,Paul Brandmire,Republican,7383.0,43.82,False,False
2020,Minnesota,MN,State House,15,general,Sondra Erickson,Republican,15717.0,71.19,True,False
2020,Minnesota,MN,State House,15,general,Cal Schmock,Democratic-Farmer-Labor,6329.0,28.67,False,False
2020,Minnesota,MN,State House,15,general,Shane Mekeland,Republican,17616.0,70.55,True,False
2020,Minnesota,MN,State House,15,general,Ron Thiessen,Democratic-Farmer-Labor,5898.0,23.62,False,False
2020,Minnesota,MN,State House,15,general,Myron Wilson,,1425.0,5.71,False,False
2020,Minnesota,MN,State House,16,general,Chris Swedzinski,Republican,13930.0,69.15,True,False
2020,Minnesota,MN,State House,16,general,Doria Drost,Democratic-Farmer-Labor,6200.0,30.78,False,False
2020,Minnesota,MN,State House,16,general,Paul Torkelson,Republican,14476.0,67.61,True,False
2020,Minnesota,MN,State House,16,general,Mindy Kimmel,Democratic-Farmer-Labor,6908.0,32.26,False,False
2020,Minnesota,MN,State House,17,general,Tim Miller,Republican,13272.0,64.3,True,False
2020,Minnesota,MN,State House,17,general,Ben Dolan,Democratic-Farmer-Labor,6357.0,30.8,False,False
2020,Minnesota,MN,State House,17,general,Ed Engelmann,,1007.0,4.88,False,False
2020,Minnesota,MN,State House,17,general,Dave Baker,Republican,14997.0,70.67,True,False
2020,Minnesota,MN,State House,17,general,Logan Kortgard,Democratic-Farmer-Labor,6198.0,29.21,False,False
2020,Minnesota,MN,State House,18,general,Dean Urdahl,Republican,19594.0,97.59,True,False
2020,Minnesota,MN,State House,18,general,Glenn Gruenhagen,Republican,15475.0,71.37,True,False
2020,Minnesota,MN,State House,18,general,Heather Bakke,Democratic-Farmer-Labor,6185.0,28.52,False,False
2020,Minnesota,MN,State House,19,general,Susan Akland,Democratic-Farmer-Labor,11621.0,50.15,True,False
2020,Minnesota,MN,State House,19,general,Jeff Brand,Democratic-Farmer-Labor,11510.0,49.67,False,False
2020,Minnesota,MN,State House,19,general,Luke Frederick,Democratic-Farmer-Labor,12052.0,59.68,True,False
2020,Minnesota,MN,State House,19,general,Jeremy Loger,Republican,8098.0,40.1,False,False
2020,Minnesota,MN,State House,20,general,Brian Pfarr,Republican,16922.0,68.65,True,False
2020,Minnesota,MN,State House,20,general,Erina Prom,Democratic-Farmer-Labor,7705.0,31.26,False,False
2020,Minnesota,MN,State House,20,general,Todd Lippert,Democratic-Farmer-Labor,12585.0,52.49,True,False
2020,Minnesota,MN,State House,20,general,Joe Moravchik,Republican,11366.0,47.4,False,False
2020,Minnesota,MN,State House,21,general,Barb Haley,Republican,13961.0,59.6,True,False
2020,Minnesota,MN,State House,21,general,Matt Bruns,Democratic-Farmer-Labor,9436.0,40.28,False,False
2020,Minnesota,MN,State House,21,general,Steve Drazkowski,Republican,15647.0,66.58,True,False
2020,Minnesota,MN,State House,21,general,Elise Diesslin,Democratic-Farmer-Labor,7831.0,33.32,False,False
2020,Minnesota,MN,State House,22,general,Joe Schomacker,Republican,15161.0,73.02,True,False
2020,Minnesota,MN,State House,22,general,Chris Baumberger,Democratic-Farmer-Labor,5584.0,26.89,False,False
2020,Minnesota,MN,State House,22,general,Rod Hamilton,Republican,12809.0,72.89,True,False
2020,Minnesota,MN,State House,22,general,Lynn Herrick,Democratic-Farmer-Labor,4748.0,27.02,False,False
2020,Minnesota,MN,State House,23,general,Bjorn Olson,Republican,14324.0,68.45,True,False
2020,Minnesota,MN,State House,23,general,Pat Bacon,Democratic-Farmer-Labor,6523.0,31.17,False,False
2020,Minnesota,MN,State House,23,general,Jeremy Munson,Republican,13919.0,64.67,True,False
2020,Minnesota,MN,State House,23,general,Leroy McClelland,Democratic-Farmer-Labor,7577.0,35.2,False,False
2020,Minnesota,MN,State House,24,general,John Petersburg,Republican,13066.0,61.15,True,False
2020,Minnesota,MN,State House,24,general,Tom Shea,Democratic-Farmer-Labor,8281.0,38.76,False,False
2020,Minnesota,MN,State House,24,general,Brian Daniels,Republican,12687.0,66.29,True,False
2020,Minnesota,MN,State House,24,general,Ashley Martinez-Perez,Democratic-Farmer-Labor,6417.0,33.53,False,False
2020,Minnesota,MN,State House,25,general,Duane Quam,Republican,14479.0,57.47,True,False
2020,Minnesota,MN,State House,25,general,Kim Hicks,Democratic-Farmer-Labor,10692.0,42.44,False,False
2020,Minnesota,MN,State House,25,general,Liz Boldon,Democratic-Farmer-Labor,13211.0,58.03,True,False
2020,Minnesota,MN,State House,25,general,Kenneth Bush,Republican,9522.0,41.83,False,False
2020,Minnesota,MN,State House,26,general,Tina Liebling,Democratic-Farmer-Labor,13207.0,63.85,True,False
2020,Minnesota,MN,State House,26,general,Gary Melin,Republican,7443.0,35.99,False,False
2020,Minnesota,MN,State House,26,general,Nels Pierson,Republican,13999.0,50.6,True,False
2020,Minnesota,MN,State House,26,general,Randy Brock,Democratic-Farmer-Labor,13652.0,49.34,False,False
2020,Minnesota,MN,State House,27,general,Peggy Bennett,Republican,13416.0,63.43,True,False
2020,Minnesota,MN,State House,27,general,Thomas Martinez,Democratic-Farmer-Labor,7719.0,36.49,False,False
2020,Minnesota,MN,State House,27,general,Patricia Mueller,Democratic-Farmer-Labor,9907.0,51.53,True,False
2020,Minnesota,MN,State House,27,general,Jeanne Poppe,Democratic-Farmer-Labor,9295.0,48.35,False,False
2020,Minnesota,MN,State House,28,general,Gene Pelowski,Democratic-Farmer-Labor,15167.0,95.98,True,False
2020,Minnesota,MN,State House,28,general,Greg Davids,Republican,14711.0,63.67,True,False
2020,Minnesota,MN,State House,28,general,Jordan Fontenello,Democratic-Farmer-Labor,8344.0,36.11,False,False
2020,Minnesota,MN,State House,29,general,Joe McDonald,Republican,17823.0,70.29,True,False
2020,Minnesota,MN,State House,29,general,Renée Cardarelle,Democratic-Farmer-Labor,7499.0,29.57,False,False
2020,Minnesota,MN,State House,29,general,Marion O'Neill,Republican,14290.0,62.95,True,False
2020,Minnesota,MN,State House,29,general,Joe Rosh,Democratic-Farmer-Labor,8373.0,36.88,False,False
2020,Minnesota,MN,State House,30,general,Paul Novotny,Republican,16154.0,66.23,True,False
2020,Minnesota,MN,State House,30,general,Chad Hobot,Democratic-Farmer-Labor,8219.0,33.7,False,False
2020,Minnesota,MN,State House,30,general,Eric Lucero,Republican,17745.0,65.92,True,False
2020,Minnesota,MN,State House,30,general,Brad Kovach,Democratic-Farmer-Labor,9132.0,33.92,False,False
2020,Minnesota,MN,State House,31,general,Kurt Daudt,Republican,17960.0,72.84,True,False
2020,Minnesota,MN,State House,31,general,Brad Brown,Democratic-Farmer-Labor,6664.0,27.03,False,False
2020,Minnesota,MN,State House,31,general,Cal Bahr,Republican,17447.0,67.1,True,False
2020,Minnesota,MN,State House,31,general,Sue Larson,Democratic-Farmer-Labor,8532.0,32.81,False,False
2020,Minnesota,MN,State House,32,general,Brian Johnson,Republican,16381.0,68.2,True,False
2020,Minnesota,MN,State House,32,general,Renae Berg,Democratic-Farmer-Labor,7607.0,31.67,False,False
2020,Minnesota,MN,State House,32,general,Anne Neu,Republican,15385.0,62.13,True,False
2020,Minnesota,MN,State House,32,general,Katie Malchow,Democratic-Farmer-Labor,9353.0,37.77,False,False
2020,Minnesota,MN,State House,33,general,Jerry Hertaus,Republican,17660.0,58.04,True,False
2020,Minnesota,MN,State House,33,general,Caitlin Cahill,Democratic-Farmer-Labor,12755.0,41.92,False,False
2020,Minnesota,MN,State House,33,general,Kelly Morrison,Democratic-Farmer-Labor,14202.0,50.52,True,False
2020,Minnesota,MN,State House,33,general,Andrew Myers,Republican,13889.0,49.41,False,False
2020,Minnesota,MN,State House,34,general,Kristin Robbins,Republican,16555.0,57.83,True,False
2020,Minnesota,MN,State House,34,general,Brian Raines,Democratic-Farmer-Labor,12056.0,42.11,False,False
2020,Minnesota,MN,State House,34,general,Kristin Bahner,Democratic-Farmer-Labor,15337.0,53.65,True,False
2020,Minnesota,MN,State House,34,general,Dori Trossen,Republican,13232.0,46.29,False,False
2020,Minnesota,MN,State House,35,general,John Heinrich,Republican,13525.0,56.12,True,False
2020,Minnesota,MN,State House,35,general,Mike Erickson,Democratic-Farmer-Labor,10559.0,43.82,False,False
2020,Minnesota,MN,State House,35,general,Peggy Scott,Republican,15385.0,60.17,True,False
2020,Minnesota,MN,State House,35,general,Jason Ruffalo,Democratic-Farmer-Labor,10170.0,39.77,False,False
2020,Minnesota,MN,State House,36,general,Zack Stephenson,Democratic-Farmer-Labor,12419.0,51.32,True,False
2020,Minnesota,MN,State House,36,general,Bill Maresh,Republican,11744.0,48.53,False,False
2020,Minnesota,MN,State House,36,general,Melissa Hortman,Democratic-Farmer-Labor,15076.0,60.45,True,False
2020,Minnesota,MN,State House,36,general,Scott Simmons,Republican,9828.0,39.41,False,False
2020,Minnesota,MN,State House,37,general,Erin Koegel,Democratic-Farmer-Labor,12389.0,55.1,True,False
2020,Minnesota,MN,State House,37,general,Ken Wendling,Republican,10070.0,44.78,False,False
2020,Minnesota,MN,State House,37,general,Nolan West,Republican,14328.0,52.4,True,False
2020,Minnesota,MN,State House,37,general,Amir Malik,Democratic-Farmer-Labor,12984.0,47.48,False,False
2020,Minnesota,MN,State House,38,general,Donald Raleigh,Republican,13843.0,53.61,True,False
2020,Minnesota,MN,State House,38,general,Kris Fredrick,Democratic-Farmer-Labor,11960.0,46.31,False,False
2020,Minnesota,MN,State House,38,general,Ami Wazlawik,Democratic-Farmer-Labor,13906.0,50.12,True,False
2020,Minnesota,MN,State House,38,general,Elliott Engen,Republican,13807.0,49.76,False,False
2020,Minnesota,MN,State House,39,general,Bob Dettmer,Republican,15499.0,57.84,True,False
2020,Minnesota,MN,State House,39,general,Ann Mozey,Democratic-Farmer-Labor,11275.0,42.08,False,False
2020,Minnesota,MN,State House,39,general,Shelly Christensen,Democratic-Farmer-Labor,14018.0,50.39,True,False
2020,Minnesota,MN,State House,39,general,Joe Garofalo,Republican,13781.0,49.54,False,False
2020,Minnesota,MN,State House,40,general,Mike Nelson,Democratic-Farmer-Labor,11775.0,72.9,True,False
2020,Minnesota,MN,State House,40,general,David True,Republican,4348.0,26.92,False,False
2020,Minnesota,MN,State House,40,general,Samantha Vang,Democratic-Farmer-Labor,11370.0,62.79,True,False
2020,Minnesota,MN,State House,40,general,Charlotte Smith,Republican,4574.0,25.26,False,False
2020,Minnesota,MN,State House,40,general,Mary O'Connor,,2147.0,11.86,False,False
2020,Minnesota,MN,State House,41,general,Connie Bernardy,Democratic-Farmer-Labor,14208.0,64.05,True,False
2020,Minnesota,MN,State House,41,general,Susan Erickson,Republican,7937.0,35.78,False,False
2020,Minnesota,MN,State House,41,general,Sandra Feist,Democratic-Farmer-Labor,15958.0,70.51,True,False
2020,Minnesota,MN,State House,41,general,Ronald Vogel,Republican,6647.0,29.37,False,False
2020,Minnesota,MN,State House,42,general,Kelly Moller,Democratic-Farmer-Labor,14981.0,60.72,True,False
2020,Minnesota,MN,State House,42,general,Candy Sina,Republican,9659.0,39.15,False,False
2020,Minnesota,MN,State House,42,general,Jamie Becker-Finn,Democratic-Farmer-Labor,15950.0,61.97,True,False
2020,Minnesota,MN,State House,42,general,Sue Finney,Republican,9750.0,37.88,False,False
2020,Minnesota,MN,State House,43,general,Peter Fischer,Democratic-Farmer-Labor,14492.0,60.69,True,False
2020,Minnesota,MN,State House,43,general,Paul Babin,Republican,9357.0,39.19,False,False
2020,Minnesota,MN,State House,43,general,Leon Lillie,Democratic-Farmer-Labor,12651.0,56.7,True,False
2020,Minnesota,MN,State House,43,general,Jordan Herzog,Republican,8330.0,37.33,False,False
2020,Minnesota,MN,State House,43,general,Antonio Nerios,,1309.0,5.87,False,False
2020,Minnesota,MN,State House,44,general,Ginny Klevorn,Democratic-Farmer-Labor,17644.0,59.63,True,False
2020,Minnesota,MN,State House,44,general,Perry Nouis,Republican,11929.0,40.32,False,False
2020,Minnesota,MN,State House,44,general,Patty Acomb,Democratic-Farmer-Labor,17340.0,62.29,True,False
2020,Minnesota,MN,State House,44,general,Gary Porter,Republican,10480.0,37.65,False,False
2020,Minnesota,MN,State House,45,general,Cedrick Frazier,Democratic-Farmer-Labor,13870.0,63.08,True,False
2020,Minnesota,MN,State House,45,general,Jesse Pfliger,Republican,8086.0,36.77,False,False
2020,Minnesota,MN,State House,45,general,Mike Freiberg,Democratic-Farmer-Labor,17929.0,70.63,True,False
2020,Minnesota,MN,State House,45,general,Ken Fitzgerald,Republican,7430.0,29.27,False,False
2020,Minnesota,MN,State House,46,general,Ryan Winkler,Democratic-Farmer-Labor,18702.0,69.71,True,False
2020,Minnesota,MN,State House,46,general,Anne Taylor,Republican,8103.0,30.2,False,False
2020,Minnesota,MN,State House,46,general,Cheryl Youakim,Democratic-Farmer-Labor,18731.0,73.66,True,False
2020,Minnesota,MN,State House,46,general,Melissa Moore,Republican,6670.0,26.23,False,False
2020,Minnesota,MN,State House,47,general,Jim Nash,Republican,19267.0,67.35,True,False
2020,Minnesota,MN,State House,47,general,Arlan Brinkmeier,Democratic-Farmer-Labor,9308.0,32.54,False,False
2020,Minnesota,MN,State House,47,general,Greg Boe,Republican,14172.0,51.54,True,False
2020,Minnesota,MN,State House,47,general,Dan Kessler,Democratic-Farmer-Labor,13290.0,48.33,False,False
2020,Minnesota,MN,State House,48,general,Laurie Pryor,Democratic-Farmer-Labor,16348.0,60.91,True,False
2020,Minnesota,MN,State House,48,general,Eric Wessels,Republican,10478.0,39.04,False,False
2020,Minnesota,MN,State House,48,general,Carlie Kotyza-Witthuhn,Democratic-Farmer-Labor,13410.0,55.0,True,False
2020,Minnesota,MN,State House,48,general,Holly Link,Republican,10962.0,44.96,False,False
2020,Minnesota,MN,State House,49,general,Heather Edelson,Democratic-Farmer-Labor,20306.0,95.62,True,False
2020,Minnesota,MN,State House,49,general,Steve Elkins,Democratic-Farmer-Labor,17883.0,62.22,True,False
2020,Minnesota,MN,State House,49,general,Joe Thalman,Republican,10836.0,37.7,False,False
2020,Minnesota,MN,State House,50,general,Michael Howard,Democratic-Farmer-Labor,14626.0,68.53,True,False
2020,Minnesota,MN,State House,50,general,Tim Johnson,Republican,6692.0,31.35,False,False
2020,Minnesota,MN,State House,50,general,Andrew Carlson,Democratic-Farmer-Labor,15504.0,63.17,True,False
2020,Minnesota,MN,State House,50,general,Gary Heyer,Republican,9021.0,36.75,False,False
2020,Minnesota,MN,State House,51,general,Sandra Masin,Democratic-Farmer-Labor,14566.0,61.76,True,False
2020,Minnesota,MN,State House,51,general,Patrick Zurick,Republican,8976.0,38.06,False,False
2020,Minnesota,MN,State House,51,general,Liz Reyer,Democratic-Farmer-Labor,15764.0,60.23,True,False
2020,Minnesota,MN,State House,51,general,Fern Smith,Republican,10387.0,39.68,False,False
2020,Minnesota,MN,State House,52,general,Rick Hansen,Democratic-Farmer-Labor,15704.0,65.47,True,False
2020,Minnesota,MN,State House,52,general,Mariah de la Paz,Republican,8243.0,34.36,False,False
2020,Minnesota,MN,State House,52,general,Ruth Richardson,Democratic-Farmer-Labor,13653.0,55.45,True,False
2020,Minnesota,MN,State House,52,general,Cynthia Lonnquist,Republican,10947.0,44.46,False,False
2020,Minnesota,MN,State House,53,general,Tou Xiong,Democratic-Farmer-Labor,13801.0,59.74,True,False
2020,Minnesota,MN,State House,53,general,William Johnston,Republican,9276.0,40.15,False,False
2020,Minnesota,MN,State House,53,general,Steve Sandell,Democratic-Farmer-Labor,16269.0,53.09,True,False
2020,Minnesota,MN,State House,53,general,Kelly Jahner-Byrne,Republican,14350.0,46.83,False,False
2020,Minnesota,MN,State House,54,general,Keith Franke,Democratic-Farmer-Labor,12125.0,51.42,True,False
2020,Minnesota,MN,State House,54,general,Anne Claflin,Democratic-Farmer-Labor,11428.0,48.46,False,False
2020,Minnesota,MN,State House,54,general,Tony Jurgens,Republican,13176.0,53.54,True,False
2020,Minnesota,MN,State House,54,general,Kelsey Waits,Democratic-Farmer-Labor,11402.0,46.33,False,False
2020,Minnesota,MN,State House,55,general,Erik Mortensen,Democratic-Farmer-Labor,10926.0,47.41,True,False
2020,Minnesota,MN,State House,55,general,Brad Tabke,Democratic-Farmer-Labor,10372.0,45.0,False,False
2020,Minnesota,MN,State House,55,general,Ryan Martin,,1706.0,7.4,False,False
2020,Minnesota,MN,State House,55,general,Tony Albright,Republican,17128.0,62.27,True,False
2020,Minnesota,MN,State House,55,general,Andrea Nelsen,Democratic-Farmer-Labor,10364.0,37.68,False,False
2020,Minnesota,MN,State House,56,general,Jessica Hanson,Democratic-Farmer-Labor,13166.0,51.61,True,False
2020,Minnesota,MN,State House,56,general,Pam Myhra,Republican,12316.0,48.28,False,False
2020,Minnesota,MN,State House,56,general,Kaela Berg,Democratic-Farmer-Labor,12070.0,52.38,True,False
2020,Minnesota,MN,State House,56,general,Roz Peterson,Republican,10945.0,47.5,False,False
2020,Minnesota,MN,State House,57,general,Robert Bierman,Democratic-Farmer-Labor,15574.0,55.7,True,False
2020,Minnesota,MN,State House,57,general,Megan Olson,Republican,12357.0,44.2,False,False
2020,Minnesota,MN,State House,57,general,John Huot,Democratic-Farmer-Labor,14527.0,55.02,True,False
2020,Minnesota,MN,State House,57,general,Sandra Jimenez,Republican,11857.0,44.91,False,False
2020,Minnesota,MN,State House,58,general,Jon Koznick,Republican,15172.0,56.21,True,False
2020,Minnesota,MN,State House,58,general,Erin Preese,Democratic-Farmer-Labor,11800.0,43.72,False,False
2020,Minnesota,MN,State House,58,general,Pat Garofalo,Republican,15220.0,61.95,True,False
2020,Minnesota,MN,State House,58,general,Sara Wolf,Democratic-Farmer-Labor,9328.0,37.97,False,False
2020,Minnesota,MN,State House,59,general,Fue Lee,Democratic-Farmer-Labor,12409.0,74.87,True,False
2020,Minnesota,MN,State House,59,general,Marcus Harcus,,4054.0,24.46,False,False
2020,Minnesota,MN,State House,59,general,Esther Agbaje,Democratic-Farmer-Labor,17649.0,74.35,True,False
2020,Minnesota,MN,State House,59,general,Alan Shilepsky,Republican,4249.0,17.9,False,False
2020,Minnesota,MN,State House,59,general,Lisa Neal-Delgado,Green,1804.0,7.6,False,False
2020,Minnesota,MN,State House,60,general,Sydney Jordan,Democratic-Farmer-Labor,20541.0,82.39,True,False
2020,Minnesota,MN,State House,60,general,John Holmberg,Republican,3635.0,14.58,False,False
2020,Minnesota,MN,State House,60,general,Calvin Lee Carpenter,,721.0,2.89,False,False
2020,Minnesota,MN,State House,60,general,Mohamud Noor,Democratic-Farmer-Labor,16754.0,98.06,True,False
2020,Minnesota,MN,State House,61,general,Frank Hornstein,Democratic-Farmer-Labor,25755.0,84.41,True,False
2020,Minnesota,MN,State House,61,general,Kurtis Fechtmeyer,Republican,4724.0,15.48,False,False
2020,Minnesota,MN,State House,61,general,Jamie Long,Democratic-Farmer-Labor,22789.0,83.97,True,False
2020,Minnesota,MN,State House,61,general,Lisa Pohlman,Republican,4329.0,15.95,False,False
2020,Minnesota,MN,State House,62,general,Hodan Hassan,Democratic-Farmer-Labor,14332.0,89.61,True,False
2020,Minnesota,MN,State House,62,general,Arjun Kataria,Republican,1618.0,10.12,False,False
2020,Minnesota,MN,State House,62,general,Aisha Gomez,Democratic-Farmer-Labor,19121.0,90.95,True,False
2020,Minnesota,MN,State House,62,general,Ross Tenneson,Republican,1872.0,8.9,False,False
2020,Minnesota,MN,State House,63,general,Jim Davnie,Democratic-Farmer-Labor,21654.0,82.25,True,False
2020,Minnesota,MN,State House,63,general,Penny Arcos,Republican,2775.0,10.54,False,False
2020,Minnesota,MN,State House,63,general,David Wiester,,1881.0,7.14,False,False
2020,Minnesota,MN,State House,63,general,Emma Greenman,Democratic-Farmer-Labor,18980.0,72.95,True,False
2020,Minnesota,MN,State House,63,general,Frank Pafko,Republican,4960.0,19.06,False,False
2020,Minnesota,MN,State House,63,general,Dennis Schuller,,2039.0,7.84,False,False
2020,Minnesota,MN,State House,64,general,Kaohly Her,Democratic-Farmer-Labor,20605.0,85.65,True,False
2020,Minnesota,MN,State House,64,general,Sherry Schack,Republican,3409.0,14.17,False,False
2020,Minnesota,MN,State House,64,general,Dave Pinto,Democratic-Farmer-Labor,20974.0,80.38,True,False
2020,Minnesota,MN,State House,64,general,Georgia Dietz,Republican,5078.0,19.46,False,False
2020,Minnesota,MN,State House,65,general,Rena Moran,Democratic-Farmer-Labor,14236.0,83.15,True,False
2020,Minnesota,MN,State House,65,general,Amy Anderson,Republican,2840.0,16.59,False,False
2020,Minnesota,MN,State House,65,general,Carlos Mariani,Democratic-Farmer-Labor,16466.0,79.97,True,False
2020,Minnesota,MN,State House,65,general,Margaret Mary Stokely,Republican,4080.0,19.82,False,False
2020,Minnesota,MN,State House,66,general,Alice Hausman,Democratic-Farmer-Labor,18079.0,74.07,True,False
2020,Minnesota,MN,State House,66,general,Brett Rose,Republican,6283.0,25.74,False,False
2020,Minnesota,MN,State House,66,general,Athena Hollins,Democratic-Farmer-Labor,12860.0,78.61,True,False
2020,Minnesota,MN,State House,66,general,Mikki Murray,Republican,3443.0,21.05,False,False
2020,Minnesota,MN,State House,67,general,John Thompson,Democratic-Farmer-Labor,10637.0,72.5,True,False
2020,Minnesota,MN,State House,67,general,John Stromenger,Republican,3935.0,26.82,False,False
2020,Minnesota,MN,State House,67,general,Jay Xiong,Democratic-Farmer-Labor,12437.0,75.73,True,False
2020,Minnesota,MN,State House,67,general,Fred Turk,Republican,3940.0,23.99,False,False
2020,Missouri,MO,State House,1,general,Allen Andrews,Republican,14724.0,100.0,True,True
2020,Missouri,MO,State House,2,general,J. Eggleston,Republican,12838.0,83.1,True,True
2020,Missouri,MO,State House,2,general,Mindi Smith,Democratic,2607.0,16.9,False,False
2020,Missouri,MO,State House,3,general,Danny Busick,Republican,12555.0,100.0,True,True
2020,Missouri,MO,State House,4,general,Greg Sharpe,Republican,13613.0,100.0,True,True
2020,Missouri,MO,State House,5,general,Louis Riggs,Republican,15530.0,100.0,True,True
2020,Missouri,MO,State House,6,general,Ed Lewis,Republican,13064.0,76.9,True,False
2020,Missouri,MO,State House,6,general,Terrence Fiala,Democratic,3926.0,23.1,False,False
2020,Missouri,MO,State House,7,general,Rusty Black,Republican,14134.0,100.0,True,True
2020,Missouri,MO,State House,8,general,Randy Railsback,Republican,16561.0,100.0,True,False
2020,Missouri,MO,State House,9,general,Dean Van Schoiack,Republican,14047.0,71.3,True,False
2020,Missouri,MO,State House,9,general,Karen Planalp,Democratic,5666.0,28.7,False,False
2020,Missouri,MO,State House,10,general,Bill Falkner,Republican,7111.0,61.0,True,True
2020,Missouri,MO,State House,10,general,Colby Murphy,Democratic,4541.0,39.0,False,False
2020,Missouri,MO,State House,11,general,Brenda Shields,Republican,12219.0,70.5,True,True
2020,Missouri,MO,State House,11,general,Brady Lee ODell,Democratic,5113.0,29.5,False,False
2020,Missouri,MO,State House,12,general,Josh Hurlbert,Republican,14863.0,65.22,True,False
2020,Missouri,MO,State House,12,general,Wade Hugh Kiefer,Democratic,7926.0,34.78,False,False
2020,Missouri,MO,State House,13,general,Sean Pouche,Republican,14054.0,56.6,True,False
2020,Missouri,MO,State House,13,general,Vic Abundis,Democratic,10774.0,43.4,False,False
2020,Missouri,MO,State House,14,general,Ashley Aune,Democratic,12584.0,53.4,True,False
2020,Missouri,MO,State House,14,general,Eric Holmes,Republican,10985.0,46.6,False,False
2020,Missouri,MO,State House,15,general,Maggie Nurrenbern,Democratic,10581.0,58.0,True,False
2020,Missouri,MO,State House,15,general,Steve West,Republican,7624.0,42.0,False,False
2020,Missouri,MO,State House,16,general,Chris Brown,Republican,15638.0,57.5,True,False
2020,Missouri,MO,State House,16,general,James Shackelford,Democratic,11567.0,42.5,False,False
2020,Missouri,MO,State House,17,general,Mark Ellebracht,Democratic,10497.0,55.6,True,True
2020,Missouri,MO,State House,17,general,Brandt Vircks,Republican,8378.0,44.4,False,False
2020,Missouri,MO,State House,18,general,Wes Rogers,Democratic,13737.0,100.0,True,True
2020,Missouri,MO,State House,19,general,Ingrid Burnett,Democratic,7026.0,100.0,True,True
2020,Missouri,MO,State House,20,general,Bill Kidd,Republican,10900.0,65.0,True,True
2020,Missouri,MO,State House,20,general,Mike Englert,Democratic,5800.0,35.0,False,False
2020,Missouri,MO,State House,21,general,Robert Sauls,Democratic,7682.0,50.1,True,True
2020,Missouri,MO,State House,21,general,Vicki Riley,Republican,7637.0,49.9,False,False
2020,Missouri,MO,State House,22,general,Yolanda Young,Democratic,11757.0,100.0,True,True
2020,Missouri,MO,State House,23,general,Michael Johnson,Democratic,8756.0,100.0,True,False
2020,Missouri,MO,State House,24,general,Emily Weber,Democratic,20167.0,89.0,True,False
2020,Missouri,MO,State House,24,general,Andrew Miller,Libertarian,2501.0,11.0,False,False
2020,Missouri,MO,State House,25,general,Patty Lewis,Democratic,21273.0,100.0,True,False
2020,Missouri,MO,State House,26,general,Ashley Bland Manlove,Democratic,15201.0,100.0,True,True
2020,Missouri,MO,State House,27,general,Richard Brown,Democratic,12296.0,100.0,True,True
2020,Missouri,MO,State House,28,general,Jerome Barnes,Democratic,13128.0,100.0,True,True
2020,Missouri,MO,State House,29,general,Rory Rowland,Democratic,13422.0,99.9,True,True
2020,Missouri,MO,State House,29,general,Richard McKie,Write-in Candidate,15.0,0.01,False,False
2020,Missouri,MO,State House,30,general,Jonathan Patterson,Republican,12850.0,57.3,True,True
2020,Missouri,MO,State House,30,general,Art Schaaf,Democratic,9591.0,42.7,False,False
2020,Missouri,MO,State House,31,general,Dan Stacy,Republican,10888.0,54.4,True,True
2020,Missouri,MO,State House,31,general,Rhonda R Dolan,Democratic,9109.0,45.6,False,False
2020,Missouri,MO,State House,32,general,Jeff Coleman,Republican,17129.0,100.0,True,True
2020,Missouri,MO,State House,33,general,Chris Sander,Republican,16348.0,100.0,True,False
2020,Missouri,MO,State House,34,general,Rick Roeber,Republican,10815.0,50.7,True,False
2020,Missouri,MO,State House,34,general,Chris Hager,Democratic,10514.0,49.3,False,False
2020,Missouri,MO,State House,35,general,Keri Ingle,Democratic,11620.0,54.5,True,True
2020,Missouri,MO,State House,35,general,Sean Smith,Republican,9701.0,45.5,False,False
2020,Missouri,MO,State House,36,general,Mark Sharp,Democratic,11320.0,68.0,True,True
2020,Missouri,MO,State House,36,general,Nola Wood,Republican,5326.0,32.0,False,False
2020,Missouri,MO,State House,37,general,Annette Turnbaugh,Democratic,11271.0,56.1,True,False
2020,Missouri,MO,State House,37,general,John D. Boyd Jr.,Republican,8517.0,42.4,False,False
2020,Missouri,MO,State House,37,general,Daniel Karam,Green,312.0,1.6,False,False
2020,Missouri,MO,State House,38,general,Doug Richey,Republican,16385.0,100.0,True,True
2020,Missouri,MO,State House,39,general,Peggy McGaugh,Republican,15328.0,100.0,True,True
2020,Missouri,MO,State House,40,general,Chad Perkins,Republican,14559.0,100.0,True,False
2020,Missouri,MO,State House,41,general,Randy Pietzman,Republican,18148.0,100.0,True,True
2020,Missouri,MO,State House,42,general,Jeff Porter,Republican,17316.0,100.0,True,False
2020,Missouri,MO,State House,43,general,Kent Haden,Republican,13641.0,100.0,True,True
2020,Missouri,MO,State House,44,general,Cheri Toalson Reisch,Republican,10737.0,59.4,True,False
2020,Missouri,MO,State House,44,general,Jacque Sample,Democratic,7348.0,40.6,False,False
2020,Missouri,MO,State House,45,general,Kip Kendrick,Democratic,11627.0,100.0,True,True
2020,Missouri,MO,State House,46,general,Martha Stevens,Democratic,16043.0,100.0,True,True
2020,Missouri,MO,State House,47,general,Chuck Basye,Republican,10831.0,57.4,True,True
2020,Missouri,MO,State House,47,general,Adiran Plank,Democratic,8053.0,42.6,False,False
2020,Missouri,MO,State House,48,general,Tim Taylor,Republican,11422.0,68.4,True,False
2020,Missouri,MO,State House,48,general,William (Bill) Betteridge,Democratic,5287.0,31.6,False,False
2020,Missouri,MO,State House,49,general,Travis Fitzwater,Republican,14881.0,100.0,True,True
2020,Missouri,MO,State House,50,general,Sara Walash,Republican,15395.0,62.4,True,True
2020,Missouri,MO,State House,50,general,Kari L. Chesney,Democratic,9290.0,37.6,False,False
2020,Missouri,MO,State House,51,general,Kurtis Gregory,Republican,10803.0,75.3,True,False
2020,Missouri,MO,State House,51,general,William Truman (Bill) Wayne,Libertarian,3551.0,24.7,False,False
2020,Missouri,MO,State House,52,general,Brad Pollitt,Republican,12626.0,100.0,True,True
2020,Missouri,MO,State House,53,general,Terry Thompson,Republican,12288.0,67.6,True,False
2020,Missouri,MO,State House,53,general,Connie Simmons,Democratic,4170.0,22.9,False,False
2020,Missouri,MO,State House,53,general,Aaron C. Mais,Independent,1414.0,7.8,False,False
2020,Missouri,MO,State House,53,general,Cameron Pack,Libertarian,316.0,1.7,False,False
2020,Missouri,MO,State House,54,general,Dan Houx,Republican,12428.0,74.8,True,True
2020,Missouri,MO,State House,54,general,James Williams,Democratic,4184.0,25.2,False,False
2020,Missouri,MO,State House,55,general,Mike Haffner,Republican,18583.0,100.0,True,True
2020,Missouri,MO,State House,56,general,Michael Davis,Republican,11228.0,62.5,True,False
2020,Missouri,MO,State House,56,general,Neal Barnes,Democratic,6741.0,37.5,False,False
2020,Missouri,MO,State House,57,general,Rodger Reedy,Republican,15600.0,100.0,True,True
2020,Missouri,MO,State House,58,general,Willard Haley,Republican,13689.0,100.0,True,False
2020,Missouri,MO,State House,59,general,Rudy Veit,Republican,16649.0,100.0,True,True
2020,Missouri,MO,State House,60,general,Dave Griffith,Republican,11404.0,63.8,True,True
2020,Missouri,MO,State House,60,general,Joshua Dunne,Democratic,6483.0,36.2,False,False
2020,Missouri,MO,State House,61,general,Aaron Griesheimer,Republican,17310.0,100.0,True,True
2020,Missouri,MO,State House,62,general,Bruce Sassmann,Republican,14429.0,79.6,True,False
2020,Missouri,MO,State House,62,general,Nancy J. Ragan,Democratic,3703.0,20.4,False,False
2020,Missouri,MO,State House,63,general,Richard West,Republican,23062.0,100.0,True,True
2020,Missouri,MO,State House,64,general,Tony Lovasco,Republican,15954.0,68.9,True,True
2020,Missouri,MO,State House,64,general,Aaliyah Bailey,Democratic,7209.0,31.1,False,False
2020,Missouri,MO,State House,65,general,Tom Hannegan,Republican,10779.0,54.1,True,True
2020,Missouri,MO,State House,65,general,Bill Otto,Democratic,9159.0,45.9,False,False
2020,Missouri,MO,State House,66,general,Marlene Terry,Democratic,11655.0,100.0,True,False
2020,Missouri,MO,State House,67,general,Neil Smith,Democratic,18173.0,100.0,True,False
2020,Missouri,MO,State House,68,general,Jay Mosley,Democratic,14400.0,100.0,True,True
2020,Missouri,MO,State House,69,general,Gretchen Bangert,Democratic,12284.0,71.3,True,True
2020,Missouri,MO,State House,69,general,Scott E. Cazadd,Republican,4954.0,28.7,False,False
2020,Missouri,MO,State House,70,general,Paula Brown,Democratic,10275.0,54.0,True,True
2020,Missouri,MO,State House,70,general,Jerry Adzima,Republican,8755.0,46.0,False,False
2020,Missouri,MO,State House,71,general,LaDonna Appelbaum,Democratic,14404.0,100.0,True,True
2020,Missouri,MO,State House,72,general,Doug Clemens,Democratic,9865.0,61.4,True,True
2020,Missouri,MO,State House,72,general,Darren L. Grant,Republican,6188.0,38.6,False,False
2020,Missouri,MO,State House,73,general,Raychel Proudie,Democratic,10933.0,100.0,True,True
2020,Missouri,MO,State House,74,general,Michael Person,Democratic,11153.0,100.0,True,True
2020,Missouri,MO,State House,75,general,Alan Gray,Democratic,13247.0,100.0,True,False
2020,Missouri,MO,State House,76,general,Marlon Anderson,Democratic,11236.0,100.0,True,False
2020,Missouri,MO,State House,77,general,Kimberly-Ann Collins,Democratic,12537.0,100.0,True,False
2020,Missouri,MO,State House,78,general,Rasheen Aldridge Jr.,Democratic,11148.0,85.5,True,True
2020,Missouri,MO,State House,78,general,Timothy Gartin,Republican,1890.0,14.5,False,False
2020,Missouri,MO,State House,79,general,LaKeySha Frazier-Bosley,Democratic,14321.0,100.0,True,True
2020,Missouri,MO,State House,80,general,Peter Merideth,Democratic,15637.0,100.0,True,True
2020,Missouri,MO,State House,81,general,Steve Butz,Democratic,11461.0,100.0,True,True
2020,Missouri,MO,State House,82,general,Donna Baringer,Democratic,14702.0,73.6,True,True
2020,Missouri,MO,State House,82,general,Robert J. Crump,Republican,5283.0,26.4,False,False
2020,Missouri,MO,State House,83,general,Jo Doll,Democratic,15865.0,79.6,True,False
2020,Missouri,MO,State House,83,general,Andrew Bolin,Libertarian,4066.0,20.4,False,False
2020,Missouri,MO,State House,84,general,Wiley Price IV,Democratic,13191.0,100.0,True,True
2020,Missouri,MO,State House,85,general,Kevin Windham Jr.,Democratic,12651.0,100.0,True,True
2020,Missouri,MO,State House,86,general,Joe Adams,Democratic,15835.0,100.0,True,False
2020,Missouri,MO,State House,87,general,Ian Mackey,Democratic,16778.0,100.0,True,True
2020,Missouri,MO,State House,88,general,Tracy McCreery,Democratic,13924.0,62.8,True,True
2020,Missouri,MO,State House,88,general,Karan Pujji,Republican,7855.0,35.4,False,False
2020,Missouri,MO,State House,88,general,Stephen R. Johnson,Libertarian,397.0,1.8,False,False
2020,Missouri,MO,State House,89,general,Dean Plocher,Republican,15200.0,59.6,True,True
2020,Missouri,MO,State House,89,general,Luke Barber,Democratic,10283.0,40.4,False,False
2020,Missouri,MO,State House,90,general,Barbara Phifer,Democratic,13858.0,56.7,True,True
2020,Missouri,MO,State House,90,general,Anne Landers,Republican,10575.0,43.3,False,False
2020,Missouri,MO,State House,91,general,Sarah Unsicker,Democratic,18156.0,100.0,True,True
2020,Missouri,MO,State House,92,general,Michael Burton,Democratic,11030.0,55.5,True,False
2020,Missouri,MO,State House,92,general,Bill Heisse,Republican,8854.0,44.5,False,False
2020,Missouri,MO,State House,93,general,Bridget Walsh Moore,Democratic,7625.0,53.6,True,False
2020,Missouri,MO,State House,93,general,Gabriel Jones,Republican,6590.0,46.4,False,False
2020,Missouri,MO,State House,94,general,Jim Murphy,Republican,9595.0,52.9,True,True
2020,Missouri,MO,State House,94,general,Jean Pretto,Democratic,8566.0,47.1,False,False
2020,Missouri,MO,State House,95,general,Michael O'Donnell,Republican,12691.0,59.3,True,True
2020,Missouri,MO,State House,95,general,Ann L Zimpfer,Democratic,8726.0,40.7,False,False
2020,Missouri,MO,State House,96,general,David Gregory,Republican,14180.0,59.9,True,True
2020,Missouri,MO,State House,96,general,Erica Hoffman,Democratic,9475.0,40.1,False,False
2020,Missouri,MO,State House,97,general,Mary Elizabeth Coleman,Republican,14539.0,100.0,True,False
2020,Missouri,MO,State House,98,general,Shamed Dogan,Republican,13535.0,59.8,True,True
2020,Missouri,MO,State House,98,general,Angie Schaefer,Democratic,9088.0,40.2,False,False
2020,Missouri,MO,State House,99,general,Trish Gunby,Democratic,10637.0,51.0,True,True
2020,Missouri,MO,State House,99,general,Lee Ann Pitman,Republican,10231.0,49.0,False,False
2020,Missouri,MO,State House,100,general,Derek Grier,Republican,12991.0,55.4,True,True
2020,Missouri,MO,State House,100,general,Helena Webb,Democratic,10448.0,44.6,False,False
2020,Missouri,MO,State House,101,general,Bruce DeGroot,Republican,17762.0,100.0,True,True
2020,Missouri,MO,State House,102,general,Ron Hicks,Republican,14080.0,62.4,True,True
2020,Missouri,MO,State House,102,general,Tracy Grundy,Democratic,8492.0,37.6,False,False
2020,Missouri,MO,State House,103,general,John Wiemann,Republican,14342.0,63.2,True,True
2020,Missouri,MO,State House,103,general,Lisa Rees,Democratic,8349.0,36.8,False,False
2020,Missouri,MO,State House,104,general,Adam Schnelting,Republican,11982.0,58.4,True,True
2020,Missouri,MO,State House,104,general,Jessica DeVoto,Democratic,8542.0,41.6,False,False
2020,Missouri,MO,State House,105,general,Phil Christofanelli,Republican,12704.0,58.1,True,True
2020,Missouri,MO,State House,105,general,Christine Hyman,Democratic,9172.0,41.9,False,False
2020,Missouri,MO,State House,106,general,Adam Schwadron,Republican,9620.0,51.4,True,False
2020,Missouri,MO,State House,106,general,Cindy Berne,Democratic,9079.0,48.6,False,False
2020,Missouri,MO,State House,107,general,Nick Schroer,Republican,12344.0,59.7,True,True
2020,Missouri,MO,State House,107,general,Victoria Witt Datt,Democratic,7554.0,36.5,False,False
2020,Missouri,MO,State House,107,general,Mike Copeland,Libertarian,773.0,3.7,False,False
2020,Missouri,MO,State House,108,general,Justin Hill,Republican,15209.0,64.7,True,True
2020,Missouri,MO,State House,108,general,Susan Shumway,Democratic,8296.0,35.3,False,False
2020,Missouri,MO,State House,109,general,John Simmons,Republican,16570.0,100.0,True,True
2020,Missouri,MO,State House,110,general,Dottie Bailey,Republican,14227.0,65.3,True,True
2020,Missouri,MO,State House,110,general,John Kiehne,Democratic,7553.0,34.7,False,False
2020,Missouri,MO,State House,111,general,Shane Roden,Republican,13308.0,70.9,True,True
2020,Missouri,MO,State House,111,general,Daniel (Vern) Cherry,Democratic,5470.0,29.1,False,False
2020,Missouri,MO,State House,112,general,Rob Vescovo,Republican,16545.0,100.0,True,True
2020,Missouri,MO,State House,113,general,Dan Shaul,Republican,11150.0,63.1,True,True
2020,Missouri,MO,State House,113,general,Terry Burgess,Democratic,6519.0,36.9,False,False
2020,Missouri,MO,State House,114,general,Becky Ruth,Republican,15798.0,100.0,True,True
2020,Missouri,MO,State House,115,general,Cyndi Buchheit-Courtway,Republican,11856.0,72.5,True,False
2020,Missouri,MO,State House,115,general,Cynthia D Nugent,Democratic,4494.0,27.5,False,False
2020,Missouri,MO,State House,116,general,Dale Wright,Republican,15739.0,100.0,True,True
2020,Missouri,MO,State House,117,general,Mike Henderson,Republican,10485.0,73.3,True,True
2020,Missouri,MO,State House,117,general,Tony Dorsett,Democratic,3817.0,26.7,False,False
2020,Missouri,MO,State House,118,general,Mike McGirl,Republican,14016.0,100.0,True,True
2020,Missouri,MO,State House,119,general,Nate Tate,Republican,14214.0,100.0,True,True
2020,Missouri,MO,State House,120,general,Jason Chipman,Republican,12846.0,77.1,True,True
2020,Missouri,MO,State House,120,general,Theresa Schmitt,Democratic,3821.0,22.9,False,False
2020,Missouri,MO,State House,121,general,Don Mayhew,Republican,11919.0,100.0,True,True
2020,Missouri,MO,State House,122,general,Bill Hardwick,Republican,6133.0,69.3,True,False
2020,Missouri,MO,State House,122,general,Yvonne Reeves-Chong,Democratic,2717.0,30.7,False,False
2020,Missouri,MO,State House,123,general,Suzie Pollock,Republican,15831.0,87.9,True,True
2020,Missouri,MO,State House,123,general,Pat Bellew,Constitution,2150.0,11.9,False,False
2020,Missouri,MO,State House,123,general,Nickalina (Nicki) Ray,Write-in Candidate,23.0,0.1,False,False
2020,Missouri,MO,State House,124,general,Lisa Thomas,Republican,17736.0,100.0,True,False
2020,Missouri,MO,State House,125,general,Jim Kalberloh,Republican,16403.0,100.0,True,False
2020,Missouri,MO,State House,126,general,Patricia Pike,Republican,13296.0,80.5,True,True
2020,Missouri,MO,State House,126,general,Jim Hogan,Democratic,3211.0,19.5,False,False
2020,Missouri,MO,State House,127,general,Ann Kelley,Republican,16881.0,100.0,True,True
2020,Missouri,MO,State House,128,general,Mike Stephens,Republican,14748.0,81.7,True,True
2020,Missouri,MO,State House,128,general,Marvin Manring,Democratic,3312.0,18.3,False,False
2020,Missouri,MO,State House,129,general,Jeff Knight,Republican,14739.0,85.5,True,True
2020,Missouri,MO,State House,129,general,Dewanna (Dee) Marquez,Democratic,2501.0,14.5,False,False
2020,Missouri,MO,State House,130,general,Bishop Davidson,Republican,15609.0,77.0,True,False
2020,Missouri,MO,State House,130,general,Dave Gragg,Democratic,4665.0,23.0,False,False
2020,Missouri,MO,State House,131,general,Bill Owen,Republican,10827.0,65.7,True,False
2020,Missouri,MO,State House,131,general,Allison Schoolcraft,Democratic,5642.0,34.3,False,False
2020,Missouri,MO,State House,132,general,Crystal Quade,Democratic,6289.0,59.3,True,True
2020,Missouri,MO,State House,132,general,Sarah Semple,Republican,4320.0,40.7,False,False
2020,Missouri,MO,State House,133,general,Curtis Trent,Republican,13037.0,65.0,True,True
2020,Missouri,MO,State House,133,general,Cindy Slimp,Democratic,7005.0,35.0,False,False
2020,Missouri,MO,State House,134,general,Alex Riley,Republican,10469.0,55.8,True,False
2020,Missouri,MO,State House,134,general,Derrick Nowlin,Democratic,8291.0,44.2,False,False
2020,Missouri,MO,State House,135,general,Betsy Fogle,Democratic,8555.0,48.3,True,False
2020,Missouri,MO,State House,135,general,Steve Helms,Republican,8476.0,47.8,False,True
2020,Missouri,MO,State House,135,general,Vicke Kepling,Green,696.0,3.9,False,False
2020,Missouri,MO,State House,136,general,Craig Fishel,Republican,13739.0,58.6,True,True
2020,Missouri,MO,State House,136,general,Jeff Munzinger,Democratic,9709.0,41.4,False,False
2020,Missouri,MO,State House,137,general,John Black,Republican,17381.0,78.0,True,True
2020,Missouri,MO,State House,137,general,Raymond Lampert,Democratic,4898.0,22.0,False,False
2020,Missouri,MO,State House,138,general,Brad Hudson,Republican,18652.0,100.0,True,True
2020,Missouri,MO,State House,139,general,Jered Taylor,Republican,16042.0,72.8,True,True
2020,Missouri,MO,State House,139,general,Darlene Graham,Democratic,5988.0,27.2,False,False
2020,Missouri,MO,State House,140,general,Tricia Derges,Republican,18577.0,100.0,True,False
2020,Missouri,MO,State House,141,general,Hannah Kelly,Republican,15221.0,100.0,True,True
2020,Missouri,MO,State House,142,general,Bennie Cook,Republican,13282.0,100.0,True,False
2020,Missouri,MO,State House,143,general,Ron Copeland,Republican,13661.0,100.0,True,False
2020,Missouri,MO,State House,144,general,Chris Dinkins,Republican,13428.0,100.0,True,True
2020,Missouri,MO,State House,145,general,Rick Francis,Republican,14751.0,84.4,True,True
2020,Missouri,MO,State House,145,general,Mike Lindley,Democratic,2736.0,15.6,False,False
2020,Missouri,MO,State House,146,general,Barry Hovis,Republican,21012.0,100.0,True,True
2020,Missouri,MO,State House,147,general,Wayne Wallingford,Republican,10167.0,63.1,True,False
2020,Missouri,MO,State House,147,general,Andy Leighton,Democratic,5935.0,36.9,False,False
2020,Missouri,MO,State House,148,general,Jamie Burger,Republican,13740.0,100.0,True,False
2020,Missouri,MO,State House,149,general,Don Rone Jr.,Republican,10675.0,100.0,True,True
2020,Missouri,MO,State House,150,general,Andrew McDaniel,Republican,9762.0,100.0,True,True
2020,Missouri,MO,State House,151,general,Herman Morse,Republican,14746.0,100.0,True,True
2020,Missouri,MO,State House,152,general,Hardy Billington,Republican,11951.0,100.0,True,True
2020,Missouri,MO,State House,153,general,Darrell Atchison,Republican,14943.0,100.0,True,False
2020,Missouri,MO,State House,154,general,David Evans,Republican,15201.0,100.0,True,True
2020,Missouri,MO,State House,155,general,Travis Smith,Republican,15299.0,84.8,True,False
2020,Missouri,MO,State House,155,general,Mike Lind,Democratic,2740.0,15.2,False,False
2020,Missouri,MO,State House,156,general,Brian Seitz,Republican,14128.0,77.5,True,False
2020,Missouri,MO,State House,156,general,Dale Speelman,Democratic,4101.0,22.5,False,False
2020,Missouri,MO,State House,157,general,Mitch Boggs,Republican,14890.0,100.0,True,False
2020,Missouri,MO,State House,158,general,Scott Cupps,Republican,12962.0,81.4,True,True
2020,Missouri,MO,State House,158,general,Brenda McKinney,Democratic,2971.0,18.6,False,False
2020,Missouri,MO,State House,159,general,Dirk Deaton,Republican,13854.0,100.0,True,True
2020,Missouri,MO,State House,160,general,Ben Baker,Republican,14030.0,79.0,True,True
2020,Missouri,MO,State House,160,general,Angela Thomas,Democratic,3729.0,21.0,False,False
2020,Missouri,MO,State House,161,general,Lane Roberts,Republican,10387.0,68.0,True,True
2020,Missouri,MO,State House,161,general,Joshua Shackles,Democratic,4876.0,32.0,False,False
2020,Missouri,MO,State House,162,general,Bob Bromley,Republican,14606.0,100.0,True,True
2020,Missouri,MO,State House,163,general,Cody Smith,Republican,12688.0,79.8,True,True
2020,Missouri,MO,State House,163,general,Aaron Hailey,Democratic,3218.0,20.2,False,False
2020,Montana,MT,State House,1,general,Steve Gunderson,Republican,3721.0,71.03,True,True
2020,Montana,MT,State House,1,general,Marvin C. Sather,Democratic,1518.0,28.97,False,False
2020,Montana,MT,State House,2,general,Neil Duram,Republican,5080.0,80.15,True,True
2020,Montana,MT,State House,2,general,Lori Ramesz,Democratic,1258.0,19.85,False,False
2020,Montana,MT,State House,3,general,Braxton Mitchell,Republican,3586.0,59.98,True,False
2020,Montana,MT,State House,3,general,Debo Powers,Democratic,2393.0,40.02,False,True
2020,Montana,MT,State House,4,general,Matt Regier,Republican,5922.0,100.0,True,True
2020,Montana,MT,State House,5,general,Dave Fern,Democratic,4482.0,60.08,True,True
2020,Montana,MT,State House,5,general,Catherine Owens,Republican,2978.0,39.92,False,False
2020,Montana,MT,State House,6,general,Amy Regier,Republican,5187.0,69.34,True,False
2020,Montana,MT,State House,6,general,Jerramy Dear-Ruel,Democratic,2294.0,30.66,False,False
2020,Montana,MT,State House,7,general,Frank Garner,Republican,3089.0,64.03,True,True
2020,Montana,MT,State House,7,general,Ross Frazier,Democratic,1475.0,30.58,False,False
2020,Montana,MT,State House,7,general,Nicholas Ramlow,Libertarian,260.0,5.39,False,False
2020,Montana,MT,State House,8,general,John Fuller,Republican,5108.0,100.0,True,True
2020,Montana,MT,State House,9,general,Brian Putnam,Republican,4142.0,100.0,True,False
2020,Montana,MT,State House,10,general,Mark Noland,Republican,5371.0,71.15,True,True
2020,Montana,MT,State House,10,general,Jennifer Allen,Democratic,2178.0,28.85,False,False
2020,Montana,MT,State House,11,general,Derek Skees,Republican,5358.0,100.0,True,True
2020,Montana,MT,State House,12,general,Linda Reksten,Republican,3739.0,56.92,True,False
2020,Montana,MT,State House,12,general,Gerry Browning,Democratic,2830.0,43.08,False,False
2020,Montana,MT,State House,13,general,Paul Fielder,Republican,4792.0,71.16,True,False
2020,Montana,MT,State House,13,general,Colleen Hinds,Democratic,1449.0,21.52,False,False
2020,Montana,MT,State House,13,general,Cade Stiles,Libertarian,493.0,7.32,False,False
2020,Montana,MT,State House,14,general,Denley Loge,Republican,5185.0,99.94,True,True
2020,Montana,MT,State House,14,general,Mark T. French (write-in),Independent (politician),3.0,0.06,False,False
2020,Montana,MT,State House,15,general,Marvin Weatherwax Jr.,Democratic,2908.0,100.0,True,True
2020,Montana,MT,State House,16,general,Tyson Runningwolf,Democratic,3237.0,100.0,True,True
2020,Montana,MT,State House,17,general,Ross Fitzgerald,Republican,4452.0,78.5,True,True
2020,Montana,MT,State House,17,general,Barnett G. Sporkin-Morrison,Democratic,1219.0,21.5,False,False
2020,Montana,MT,State House,18,general,Llew Jones,Republican,3844.0,100.0,True,True
2020,Montana,MT,State House,19,general,Wendy McKamey,Republican,4288.0,84.91,True,True
2020,Montana,MT,State House,19,general,George Anthony Schultz,Libertarian,762.0,15.09,False,False
2020,Montana,MT,State House,20,general,Fred Anderson,Republican,4357.0,67.71,True,True
2020,Montana,MT,State House,20,general,Melissa Smith,Democratic,2078.0,32.29,False,False
2020,Montana,MT,State House,21,general,Ed Buttrey,Republican,3390.0,65.72,True,True
2020,Montana,MT,State House,21,general,Jaime A. Horn,Democratic,1768.0,34.28,False,False
2020,Montana,MT,State House,22,general,Lola Sheldon-Galloway,Republican,2572.0,58.3,True,True
2020,Montana,MT,State House,22,general,Jasmine Taylor,Democratic,1840.0,41.7,False,False
2020,Montana,MT,State House,23,general,Scot Kerns,Republican,2079.0,51.32,True,False
2020,Montana,MT,State House,23,general,Brad Hamlett,Democratic,1972.0,48.68,False,True
2020,Montana,MT,State House,24,general,Steven Galloway,Republican,2363.0,53.45,True,False
2020,Montana,MT,State House,24,general,Barbara Bessette,Democratic,2058.0,46.55,False,True
2020,Montana,MT,State House,25,general,Steve Gist,Republican,2287.0,52.88,True,False
2020,Montana,MT,State House,25,general,Jasmine Krotkov,Democratic,2038.0,47.12,False,True
2020,Montana,MT,State House,26,general,Jeremy Trebas,Republican,1689.0,52.86,True,False
2020,Montana,MT,State House,26,general,Helena Lovick,Democratic,1506.0,47.14,False,False
2020,Montana,MT,State House,27,general,Joshua Kassmier,Republican,4911.0,100.0,True,True
2020,Montana,MT,State House,28,general,Ed Hill,Republican,2296.0,51.84,True,False
2020,Montana,MT,State House,28,general,Krystal Steinmetz,Democratic,2133.0,48.16,False,False
2020,Montana,MT,State House,29,general,Dan Bartel,Republican,4761.0,100.0,True,True
2020,Montana,MT,State House,30,general,Wylie Galt,Republican,4559.0,79.67,True,True
2020,Montana,MT,State House,30,general,Cindy Palmer,Democratic,1163.0,20.33,False,False
2020,Montana,MT,State House,31,general,Frank Smith,Democratic,2820.0,100.0,True,False
2020,Montana,MT,State House,32,general,Jonathan Windy Boy,Democratic,2244.0,57.32,True,True
2020,Montana,MT,State House,32,general,G. Bruce Meyers,Republican,1671.0,42.68,False,False
2020,Montana,MT,State House,33,general,Casey Knudsen,Republican,4346.0,100.0,True,True
2020,Montana,MT,State House,34,general,Rhonda Knudsen,Republican,4914.0,100.0,True,True
2020,Montana,MT,State House,35,general,Brandon Ler,Republican,4760.0,100.0,True,False
2020,Montana,MT,State House,36,general,Bob Phalen,Republican,4728.0,100.0,True,False
2020,Montana,MT,State House,37,general,Jerry Schillinger,Republican,5457.0,90.05,True,False
2020,Montana,MT,State House,37,general,Jacob Kitson,Libertarian,603.0,9.95,False,False
2020,Montana,MT,State House,38,general,Kenneth Holmlund,Republican,4006.0,100.0,True,True
2020,Montana,MT,State House,39,general,Geraldine Custer,Republican,4940.0,100.0,True,True
2020,Montana,MT,State House,40,general,Barry Usher,Republican,4783.0,81.03,True,True
2020,Montana,MT,State House,40,general,Kris Spanjian,Democratic,1120.0,18.97,False,False
2020,Montana,MT,State House,41,general,Rynalea Whiteman Pena,Democratic,1829.0,99.84,True,False
2020,Montana,MT,State House,41,general,Kristina Marie Redbird-Quaempts (write-in),Independent (politician),3.0,0.16,False,False
2020,Montana,MT,State House,42,general,Sharon Stewart-Peregoy,Democratic,2778.0,100.0,True,True
2020,Montana,MT,State House,43,general,Kerri Seekins-Crowe,Republican,3553.0,70.37,True,False
2020,Montana,MT,State House,43,general,Melody Benes,Libertarian,1496.0,29.63,False,False
2020,Montana,MT,State House,44,general,Larry Brewster,Republican,3288.0,64.31,True,True
2020,Montana,MT,State House,44,general,Terry Dennis,Democratic,1825.0,35.69,False,False
2020,Montana,MT,State House,45,general,Katie Zolnikov,Republican,4996.0,100.0,True,False
2020,Montana,MT,State House,46,general,Bill Mercer,Republican,4265.0,67.74,True,True
2020,Montana,MT,State House,46,general,Zach Ladson,Democratic,2031.0,32.26,False,False
2020,Montana,MT,State House,47,general,Katharin Kelker,Democratic,2485.0,55.51,True,True
2020,Montana,MT,State House,47,general,TJ Smith,Republican,1992.0,44.49,False,False
2020,Montana,MT,State House,48,general,Jessica Karjala,Democratic,2697.0,52.76,True,True
2020,Montana,MT,State House,48,general,Leigh Verrill-Rhys,Republican,2415.0,47.24,False,False
2020,Montana,MT,State House,49,general,Emma Kerr-Carpenter,Democratic,2183.0,57.06,True,True
2020,Montana,MT,State House,49,general,Colin Michael Nygaard,Republican,1643.0,42.94,False,False
2020,Montana,MT,State House,50,general,Mallerie Stromswold,Republican,2229.0,52.81,True,False
2020,Montana,MT,State House,50,general,Jade Bahr,Democratic,1992.0,47.19,False,True
2020,Montana,MT,State House,51,general,Frank Fleming,Republican,2638.0,53.22,True,True
2020,Montana,MT,State House,51,general,Anne Giuliano,Democratic,2319.0,46.78,False,False
2020,Montana,MT,State House,52,general,Jimmy Patelis,Republican,2341.0,56.02,True,False
2020,Montana,MT,State House,52,general,Hannah Olson,Democratic,1838.0,43.98,False,False
2020,Montana,MT,State House,53,general,Dennis Lenz,Republican,8025.0,100.0,True,True
2020,Montana,MT,State House,54,general,Terry Moore,Republican,4459.0,66.57,True,True
2020,Montana,MT,State House,54,general,Ryan Thomsen,Democratic,2239.0,33.43,False,False
2020,Montana,MT,State House,55,general,Vince Ricci,Republican,4473.0,100.0,True,True
2020,Montana,MT,State House,56,general,Sue Vinton,Republican,4444.0,100.0,True,True
2020,Montana,MT,State House,57,general,Fiona Nave,Republican,5104.0,100.0,True,False
2020,Montana,MT,State House,58,general,Seth Berglee,Republican,4587.0,65.63,True,True
2020,Montana,MT,State House,58,general,Elizabeth “Betsy” Scanlin,Democratic,2402.0,34.37,False,False
2020,Montana,MT,State House,59,general,Marty Malone,Republican,4594.0,64.63,True,False
2020,Montana,MT,State House,59,general,Dan Vermillion,Democratic,2514.0,35.37,False,False
2020,Montana,MT,State House,60,general,Laurie Bishop,Democratic,3776.0,56.33,True,True
2020,Montana,MT,State House,60,general,Joe Lamm,Republican,2927.0,43.67,False,False
2020,Montana,MT,State House,61,general,Jim Hamilton,Democratic,6200.0,100.0,True,True
2020,Montana,MT,State House,62,general,Ed Stafman,Democratic,5924.0,74.02,True,False
2020,Montana,MT,State House,62,general,Francis Wendt,Libertarian,2079.0,25.98,False,False
2020,Montana,MT,State House,63,general,Alice Buckley,Democratic,3602.0,60.9,True,False
2020,Montana,MT,State House,63,general,Bryan Donald Haysom,Republican,2312.0,39.09,False,False
2020,Montana,MT,State House,64,general,Jane Gillette,Republican,4578.0,52.99,True,False
2020,Montana,MT,State House,64,general,Brian Gabriel Popiel,Democratic,3611.0,41.8,False,False
2020,Montana,MT,State House,64,general,Doug Campbell,Libertarian,450.0,5.21,False,False
2020,Montana,MT,State House,65,general,Kelly Kortum,Democratic,5906.0,60.64,True,False
2020,Montana,MT,State House,65,general,Jolene Crum,Republican,3834.0,39.36,False,False
2020,Montana,MT,State House,66,general,Denise Hayman,Democratic,5321.0,100.0,True,True
2020,Montana,MT,State House,67,general,Jedediah Hinkle,Republican,4154.0,59.37,True,False
2020,Montana,MT,State House,67,general,Colette K. Campbell,Democratic,2480.0,35.44,False,False
2020,Montana,MT,State House,67,general,Andrew Schaefer,Libertarian,363.0,5.19,False,False
2020,Montana,MT,State House,68,general,Caleb Hinkle,Republican,4293.0,66.65,True,False
2020,Montana,MT,State House,68,general,Emily Brosten,Democratic,2148.0,33.35,False,False
2020,Montana,MT,State House,69,general,Jennifer Carlson,Republican,5801.0,100.0,True,False
2020,Montana,MT,State House,70,general,Julie Dooling,Republican,6527.0,100.0,True,True
2020,Montana,MT,State House,71,general,Kenneth Walsh,Republican,5653.0,74.4,True,False
2020,Montana,MT,State House,71,general,Ian Root,Democratic,1945.0,25.6,False,False
2020,Montana,MT,State House,72,general,Tom Welch,Republican,5488.0,100.0,True,True
2020,Montana,MT,State House,73,general,Jim Keane,Democratic,3043.0,60.71,True,True
2020,Montana,MT,State House,73,general,Marjory McCaffery,Republican,1969.0,39.29,False,False
2020,Montana,MT,State House,74,general,Derek Harvey,Democratic,2861.0,64.57,True,True
2020,Montana,MT,State House,74,general,Jim Kephart,Republican,1570.0,35.43,False,False
2020,Montana,MT,State House,75,general,Marta Bertoglio,Republican,4729.0,68.38,True,False
2020,Montana,MT,State House,75,general,Bryher Herak,Democratic,2187.0,31.62,False,False
2020,Montana,MT,State House,76,general,Donavon Hawk,Democratic,3843.0,61.66,True,False
2020,Montana,MT,State House,76,general,Andy Johnson,Republican,2390.0,38.34,False,False
2020,Montana,MT,State House,77,general,Sara Novak,Democratic,3057.0,52.83,True,False
2020,Montana,MT,State House,77,general,Heather Blom,Republican,2730.0,47.17,False,False
2020,Montana,MT,State House,78,general,Gregory Frazer,Republican,2231.0,54.49,True,False
2020,Montana,MT,State House,78,general,Cindy Hiner,Democratic,1863.0,45.51,False,False
2020,Montana,MT,State House,79,general,Robert Farris-Olsen,Democratic,3749.0,55.5,True,True
2020,Montana,MT,State House,79,general,Dennison J. Rivera,Republican,3006.0,44.5,False,False
2020,Montana,MT,State House,80,general,Becky Beard,Republican,5733.0,82.87,True,True
2020,Montana,MT,State House,80,general,Ron Vandevender,Libertarian,1185.0,17.13,False,False
2020,Montana,MT,State House,81,general,Mary Caferro,Democratic,3478.0,55.61,True,True
2020,Montana,MT,State House,81,general,Bob Leach,Republican,2776.0,44.39,False,False
2020,Montana,MT,State House,82,general,Moffie Funk,Democratic,3446.0,55.91,True,True
2020,Montana,MT,State House,82,general,Debbie Westlake,Republican,2717.0,44.09,False,False
2020,Montana,MT,State House,83,general,Kim Abbott,Democratic,3021.0,54.36,True,True
2020,Montana,MT,State House,83,general,Darin L.Gaub,Republican,2536.0,45.64,False,False
2020,Montana,MT,State House,84,general,Mary Ann Dunwell,Democratic,3256.0,53.6,True,True
2020,Montana,MT,State House,84,general,Charlie Hull,Republican,2819.0,46.4,False,False
2020,Montana,MT,State House,85,general,Michele Binkley,Republican,5303.0,74.47,True,False
2020,Montana,MT,State House,85,general,Laura Jackson,Democratic,1818.0,25.53,False,False
2020,Montana,MT,State House,86,general,David Bedey,Republican,5067.0,100.0,True,True
2020,Montana,MT,State House,87,general,Ron Marshall,Republican,5029.0,72.16,True,False
2020,Montana,MT,State House,87,general,Laura Merrill,Democratic,1940.0,27.84,False,False
2020,Montana,MT,State House,88,general,Sharon Greef,Republican,5587.0,100.0,True,True
2020,Montana,MT,State House,89,general,Katie Sullivan,Democratic,3374.0,60.08,True,True
2020,Montana,MT,State House,89,general,Gary D. Wanberg,Republican,2242.0,39.92,False,False
2020,Montana,MT,State House,90,general,Marilyn Marler,Democratic,4018.0,68.28,True,True
2020,Montana,MT,State House,90,general,Lana Hamilton,Republican,1867.0,31.72,False,False
2020,Montana,MT,State House,91,general,Connie Keogh,Democratic,5651.0,82.65,True,True
2020,Montana,MT,State House,91,general,Bethanie Calvert Wanberg,Republican,1186.0,17.35,False,False
2020,Montana,MT,State House,92,general,Mike Hopkins,Republican,3249.0,55.36,True,True
2020,Montana,MT,State House,92,general,Tom Browder,Democratic,2620.0,44.64,False,False
2020,Montana,MT,State House,93,general,Joe Read,Republican,2974.0,56.62,True,True
2020,Montana,MT,State House,93,general,Lisa M. Pavlock,Democratic,2279.0,43.38,False,False
2020,Montana,MT,State House,94,general,Tom France,Democratic,3332.0,53.49,True,False
2020,Montana,MT,State House,94,general,Karen Sherman,Republican,2897.0,46.51,False,False
2020,Montana,MT,State House,95,general,Danny Tenenbaum,Democratic,4076.0,72.15,True,False
2020,Montana,MT,State House,95,general,Rebecca Dawson,Republican,1573.0,27.85,False,False
2020,Montana,MT,State House,96,general,Kathy Whitman,Republican,3709.0,51.31,True,False
2020,Montana,MT,State House,96,general,Loni Conley,Democratic,3519.0,48.69,False,False
2020,Montana,MT,State House,97,general,Brad Tschida,Republican,3577.0,56.92,True,True
2020,Montana,MT,State House,97,general,Louann Hansen,Democratic,2707.0,43.08,False,False
2020,Montana,MT,State House,98,general,Willis Curdy,Democratic,3583.0,58.6,True,True
2020,Montana,MT,State House,98,general,Nancy Burgoyne,Republican,2229.0,36.46,False,False
2020,Montana,MT,State House,98,general,Richard L. Armerding,Libertarian,302.0,4.94,False,False
2020,Montana,MT,State House,99,general,Mark Thane,Democratic,4088.0,64.35,True,False
2020,Montana,MT,State House,99,general,David “Doc” Moore,Republican,2265.0,35.65,False,False
2020,Montana,MT,State House,100,general,Andrea Olsen,Democratic,5336.0,82.33,True,True
2020,Montana,MT,State House,100,general,Carol Minjares,Republican,1145.0,17.67,False,False
2020,Nevada,NV,State House,1,general,Daniele Monroe-Moreno,Democratic,25443.0,100.0,True,True
2020,Nevada,NV,State House,2,general,Heidi Kasama,Republican,20025.0,54.27,True,False
2020,Nevada,NV,State House,2,general,Radhika Kunnel,Democratic,16165.0,43.81,False,False
2020,Nevada,NV,State House,2,general,Garrett Leduff,Independent,706.0,1.91,False,False
2020,Nevada,NV,State House,3,general,Selena Torres,Democratic,16123.0,100.0,True,True
2020,Nevada,NV,State House,4,general,Richard McArthur,Republican,21854.0,52.57,True,False
2020,Nevada,NV,State House,4,general,Connie Munk,Democratic,19714.0,47.43,False,True
2020,Nevada,NV,State House,5,general,Brittney Miller,Democratic,15691.0,54.22,True,True
2020,Nevada,NV,State House,5,general,Mack Miller,Republican,13249.0,45.78,False,False
2020,Nevada,NV,State House,6,general,Shondra Summers-Armstrong,Democratic,12975.0,80.39,True,False
2020,Nevada,NV,State House,6,general,Katie Duncan,Republican,3166.0,19.61,False,False
2020,Nevada,NV,State House,7,general,Cameron Miller,Democratic,17218.0,68.7,True,False
2020,Nevada,NV,State House,7,general,Anthony Palmer,Republican,7845.0,31.3,False,False
2020,Nevada,NV,State House,8,general,Jason Frierson,Democratic,17761.0,58.34,True,True
2020,Nevada,NV,State House,8,general,Edward Facey,Republican,12684.0,41.66,False,False
2020,Nevada,NV,State House,9,general,Steve Yeager,Democratic,23474.0,55.16,True,True
2020,Nevada,NV,State House,9,general,Barbara Altman,Republican,19084.0,44.84,False,False
2020,Nevada,NV,State House,10,general,Rochelle Nguyen,Democratic,12366.0,61.81,True,True
2020,Nevada,NV,State House,10,general,Chris Hisgen,Republican,6965.0,34.81,False,False
2020,Nevada,NV,State House,10,general,Jonathan Friedrich,Independent American,675.0,3.37,False,False
2020,Nevada,NV,State House,11,general,Bea Duran,Democratic,9603.0,76.83,True,True
2020,Nevada,NV,State House,11,general,Eric Krattiger,Republican,2896.0,23.17,False,False
2020,Nevada,NV,State House,12,general,Susie Martinez,Democratic,18829.0,54.29,True,True
2020,Nevada,NV,State House,12,general,Jeremy A. Graves,Republican,14783.0,42.62,False,False
2020,Nevada,NV,State House,12,general,John Cardiff Gerhardt,Independent,1072.0,3.09,False,False
2020,Nevada,NV,State House,13,general,Tom Roberts,Republican,29250.0,100.0,True,True
2020,Nevada,NV,State House,14,general,Maggie Carlton,Democratic,12954.0,74.59,True,True
2020,Nevada,NV,State House,14,general,Robert Wayerski,Libertarian,4414.0,25.41,False,False
2020,Nevada,NV,State House,15,general,Howard Watts III,Democratic,13234.0,64.73,True,True
2020,Nevada,NV,State House,15,general,Stan Vaughan,Republican,7210.0,35.27,False,False
2020,Nevada,NV,State House,16,general,Cecelia González,Democratic,11472.0,65.35,True,False
2020,Nevada,NV,State House,16,general,Reyna Sajdak,Republican,6083.0,34.65,False,False
2020,Nevada,NV,State House,17,general,Clara Thomas,Democratic,21555.0,66.18,True,False
2020,Nevada,NV,State House,17,general,Jack Polcyn,Republican,11013.0,33.82,False,False
2020,Nevada,NV,State House,18,general,Venicia Considine,Democratic,16142.0,61.42,True,False
2020,Nevada,NV,State House,18,general,Heather Ann Florian,Republican,10140.0,38.58,False,False
2020,Nevada,NV,State House,19,general,Annie Black,Republican,25599.0,100.0,True,False
2020,Nevada,NV,State House,20,general,David Orentlicher,Democratic,18631.0,100.0,True,False
2020,Nevada,NV,State House,21,general,Elaine Marzola,Democratic,15807.0,51.97,True,True
2020,Nevada,NV,State House,21,general,Cherlyn Arrington,Republican,14610.0,48.03,False,False
2020,Nevada,NV,State House,22,general,Melissa Hardy,Republican,31632.0,100.0,True,True
2020,Nevada,NV,State House,23,general,Glen Leavitt,Republican,30418.0,63.41,True,True
2020,Nevada,NV,State House,23,general,Brent Foutz,Democratic,16189.0,33.75,False,False
2020,Nevada,NV,State House,23,general,Bill Hoge,Independent American,1365.0,2.85,False,False
2020,Nevada,NV,State House,24,general,Sarah Peters,Democratic,20191.0,100.0,True,True
2020,Nevada,NV,State House,25,general,Jill Tolles,Republican,32513.0,100.0,True,True
2020,Nevada,NV,State House,26,general,Lisa Krasner,Republican,28428.0,59.21,True,True
2020,Nevada,NV,State House,26,general,Vance Alm,Democratic,19588.0,40.79,False,False
2020,Nevada,NV,State House,27,general,Teresa Benitez-Thompson,Democratic,18559.0,58.47,True,True
2020,Nevada,NV,State House,27,general,Barb Hawn,Republican,13184.0,41.53,False,False
2020,Nevada,NV,State House,28,general,Edgar Flores,Democratic,10499.0,76.88,True,True
2020,Nevada,NV,State House,28,general,Natasha Bousley,Libertarian,3158.0,23.12,False,False
2020,Nevada,NV,State House,29,general,Lesley Cohen,Democratic,18489.0,51.23,True,True
2020,Nevada,NV,State House,29,general,Steven E. Delisle,Republican,17604.0,48.77,False,False
2020,Nevada,NV,State House,30,general,Natha C. Anderson,Democratic,15459.0,54.08,True,False
2020,Nevada,NV,State House,30,general,Randy Hoff,Republican,11693.0,40.91,False,False
2020,Nevada,NV,State House,30,general,Charlene Young,Independent American,1433.0,5.01,False,False
2020,Nevada,NV,State House,31,general,Jill Ann Dickman,Republican,19850.0,51.77,True,False
2020,Nevada,NV,State House,31,general,Skip Daly,Democratic,18494.0,48.23,False,True
2020,Nevada,NV,State House,32,general,Alexis Hansen,Republican,25058.0,73.59,True,True
2020,Nevada,NV,State House,32,general,Paula Povilaitis,Democratic,8992.0,26.41,False,False
2020,Nevada,NV,State House,33,general,John Ellison,Republican,25507.0,100.0,True,True
2020,Nevada,NV,State House,34,general,Shannon Bilbray-Axelrod,Democratic,17353.0,57.9,True,True
2020,Nevada,NV,State House,34,general,Jay Thomas Carlson,Republican,12616.0,42.1,False,False
2020,Nevada,NV,State House,35,general,Michelle Gorelow,Democratic,24148.0,52.41,True,True
2020,Nevada,NV,State House,35,general,Jay Calhoun,Republican,21927.0,47.59,False,False
2020,Nevada,NV,State House,36,general,Gregory Hafen II,Republican,34235.0,100.0,True,True
2020,Nevada,NV,State House,37,general,Andy Matthews,Republican,18727.0,50.89,True,False
2020,Nevada,NV,State House,37,general,Shea Backus,Democratic,18070.0,49.11,False,True
2020,Nevada,NV,State House,38,general,Robin L. Titus,Republican,29280.0,100.0,True,True
2020,Nevada,NV,State House,39,general,Jim Wheeler,Republican,29996.0,67.57,True,True
2020,Nevada,NV,State House,39,general,Deborah Chang,Democratic,13108.0,29.53,False,False
2020,Nevada,NV,State House,39,general,Dave Jones,Libertarian,1289.0,2.9,False,False
2020,Nevada,NV,State House,40,general,Philip O'Neill,Republican,21877.0,59.0,True,False
2020,Nevada,NV,State House,40,general,Sena Loyd,Democratic,14789.0,40.33,False,False
2020,Nevada,NV,State House,41,general,Sandra Jauregui,Democratic,19118.0,50.95,True,True
2020,Nevada,NV,State House,41,general,Erika Smith,Republican,17119.0,45.63,False,False
2020,Nevada,NV,State House,41,general,Victoria K. DaCosta,Independent American,1284.0,3.42,False,False
2020,Nevada,NV,State House,42,general,Alexander Assefa,Democratic,12994.0,66.67,True,True
2020,Nevada,NV,State House,42,general,Liz Delsignore,Libertarian,4141.0,21.25,False,False
2020,Nevada,NV,State House,42,general,Sayed Zaidi,Independent,2356.0,12.09,False,False
2020,New Mexico,NM,State House,1,general,Rod Montoya,Republican,11324.0,100.0,True,True
2020,New Mexico,NM,State House,2,general,James Strickler,Republican,7831.0,100.0,True,True
2020,New Mexico,NM,State House,3,general,Ryan Lane,Republican,9113.0,100.0,True,False
2020,New Mexico,NM,State House,4,general,Anthony Allison,Democratic,5991.0,54.3,True,True
2020,New Mexico,NM,State House,4,general,Mark Duncan,Republican,5048.0,45.7,False,False
2020,New Mexico,NM,State House,5,general,Doreen Wonda Johnson,Democratic,9090.0,100.0,True,True
2020,New Mexico,NM,State House,6,general,Eliseo Alcon,Democratic,6390.0,59.4,True,True
2020,New Mexico,NM,State House,6,general,Karen Chavez,Republican,4368.0,40.6,False,False
2020,New Mexico,NM,State House,7,general,Kelly Fajardo,Republican,6219.0,59.2,True,True
2020,New Mexico,NM,State House,7,general,Santos Griego,Democratic,4288.0,40.8,False,False
2020,New Mexico,NM,State House,8,general,Alonzo Baldonado,Republican,8863.0,63.4,True,True
2020,New Mexico,NM,State House,8,general,Mary Jo Jaramillo,Democratic,5111.0,36.6,False,False
2020,New Mexico,NM,State House,9,general,Patricia Lundstrom,Democratic,7578.0,100.0,True,True
2020,New Mexico,NM,State House,10,general,Andrés Romero,Democratic,5621.0,62.0,True,True
2020,New Mexico,NM,State House,10,general,Dinah Vargas,Republican,3441.0,38.0,False,False
2020,New Mexico,NM,State House,11,general,Javier Martínez,Democratic,11216.0,77.6,True,True
2020,New Mexico,NM,State House,11,general,Adrian Trujillo Sr.,Republican,3241.0,22.4,False,False
2020,New Mexico,NM,State House,12,general,Brittney Barreras,Independent,4183.0,73.8,True,False
2020,New Mexico,NM,State House,12,general,Art De La Cruz (incumbent) (write-in),Democratic,1482.0,26.2,False,False
2020,New Mexico,NM,State House,13,general,Patricia Roybal Caballero,Democratic,6147.0,66.3,True,True
2020,New Mexico,NM,State House,13,general,Kayla Marshall,Republican,3119.0,33.7,False,False
2020,New Mexico,NM,State House,14,general,Miguel Garcia,Democratic,6835.0,100.0,True,True
2020,New Mexico,NM,State House,15,general,Dayan Hochman-Vigil,Democratic,8903.0,55.4,True,True
2020,New Mexico,NM,State House,15,general,Ali Ennenga,Republican,6531.0,40.6,False,False
2020,New Mexico,NM,State House,15,general,Ranota Banks,Libertarian,645.0,4.0,False,False
2020,New Mexico,NM,State House,16,general,Moe Maestas,Democratic,8670.0,63.4,True,True
2020,New Mexico,NM,State House,16,general,Antoinette Taft,Republican,5003.0,36.6,False,False
2020,New Mexico,NM,State House,17,general,Deborah Armstrong,Democratic,8767.0,63.4,True,True
2020,New Mexico,NM,State House,17,general,Kimberly Kaehr-McMillan,Republican,4383.0,31.7,False,False
2020,New Mexico,NM,State House,17,general,Scott Goodman,Libertarian,669.0,4.8,False,False
2020,New Mexico,NM,State House,18,general,Gail Chasey,Democratic,10709.0,100.0,True,True
2020,New Mexico,NM,State House,19,general,Sheryl Williams Stapleton,Democratic,8922.0,73.9,True,True
2020,New Mexico,NM,State House,19,general,Stephen Cecco,Republican,2480.0,20.4,False,False
2020,New Mexico,NM,State House,19,general,Mark Curtis,Libertarian,663.0,5.5,False,False
2020,New Mexico,NM,State House,20,general,Meredith Dixon,Democratic,8015.0,53.5,True,False
2020,New Mexico,NM,State House,20,general,Michael Hendricks,Republican,6961.0,46.5,False,False
2020,New Mexico,NM,State House,21,general,Debra Sariñana,Democratic,4950.0,69.8,True,True
2020,New Mexico,NM,State House,21,general,Paul McKenney,Libertarian,2142.0,30.2,False,False
2020,New Mexico,NM,State House,22,general,Stefani Lord,Republican,10030.0,51.2,True,False
2020,New Mexico,NM,State House,22,general,Jessica Velasquez,Democratic,9808.0,48.8,False,False
2020,New Mexico,NM,State House,23,general,Daymon Ely,Democratic,8987.0,54.8,True,True
2020,New Mexico,NM,State House,23,general,Ellis McMath,Republican,7402.0,45.2,False,False
2020,New Mexico,NM,State House,24,general,Liz Thomson,Democratic,8627.0,59.0,True,True
2020,New Mexico,NM,State House,24,general,Amy Smith,Republican,6000.0,41.0,False,False
2020,New Mexico,NM,State House,25,general,Christine Trujillo,Democratic,9007.0,60.6,True,True
2020,New Mexico,NM,State House,25,general,Sarah Rich-Jackson,Republican,4542.0,30.6,False,False
2020,New Mexico,NM,State House,25,general,Stephen Verchinski,Green,765.0,5.2,False,False
2020,New Mexico,NM,State House,25,general,Jocelynn Paden,Libertarian,540.0,3.6,False,False
2020,New Mexico,NM,State House,26,general,Georgene Louis,Democratic,5797.0,100.0,True,True
2020,New Mexico,NM,State House,27,general,Marian Matthews,Democratic,8818.0,51.0,True,True
2020,New Mexico,NM,State House,27,general,Robert Godshall,Republican,8460.0,48.9,False,False
2020,New Mexico,NM,State House,27,general,Jason Morris Barker (write-in),Independent,21.0,0.1,False,False
2020,New Mexico,NM,State House,28,general,Melanie Stansbury,Democratic,8908.0,52.6,True,True
2020,New Mexico,NM,State House,28,general,Thomas Stull,Republican,7252.0,42.8,False,False
2020,New Mexico,NM,State House,28,general,Robert Vaillancourt,Libertarian,780.0,4.6,False,False
2020,New Mexico,NM,State House,29,general,Joy Garratt,Democratic,10890.0,54.4,True,True
2020,New Mexico,NM,State House,29,general,Adelious de Stith,Republican,9135.0,45.6,False,False
2020,New Mexico,NM,State House,30,general,Natalie Figueroa,Democratic,8320.0,56.8,True,True
2020,New Mexico,NM,State House,30,general,John Jones,Republican,5788.0,39.5,False,False
2020,New Mexico,NM,State House,30,general,Randall Sobien,Libertarian,548.0,3.7,False,False
2020,New Mexico,NM,State House,31,general,Bill Rehm,Republican,10796.0,52.8,True,True
2020,New Mexico,NM,State House,31,general,Julie Brenning,Democratic,9042.0,44.3,False,False
2020,New Mexico,NM,State House,31,general,Steven Penhall,Libertarian,588.0,2.9,False,False
2020,New Mexico,NM,State House,32,general,Candie Sweetser,Democratic,5260.0,54.3,True,True
2020,New Mexico,NM,State House,32,general,J. Scott Chandler,Republican,4432.0,45.7,False,False
2020,New Mexico,NM,State House,33,general,Micaela Lara Cadena,Democratic,6910.0,62.4,True,True
2020,New Mexico,NM,State House,33,general,Beth Miller,Republican,4165.0,37.6,False,False
2020,New Mexico,NM,State House,34,general,Raymundo Lara,Democratic,6179.0,65.9,True,True
2020,New Mexico,NM,State House,34,general,Dawn Ladd,Republican,3201.0,34.1,False,False
2020,New Mexico,NM,State House,35,general,Angelica Rubio,Democratic,7019.0,61.0,True,True
2020,New Mexico,NM,State House,35,general,Richelle Ponder,Republican,4481.0,39.0,False,False
2020,New Mexico,NM,State House,36,general,Nathan Small,Democratic,6627.0,54.0,True,True
2020,New Mexico,NM,State House,36,general,Brandi Polanco,Republican,5644.0,46.0,False,False
2020,New Mexico,NM,State House,37,general,Joanne Ferrary,Democratic,9353.0,53.6,True,True
2020,New Mexico,NM,State House,37,general,Bev Courtney,Republican,8093.0,46.4,False,False
2020,New Mexico,NM,State House,38,general,Rebecca Dow,Republican,8547.0,56.5,True,True
2020,New Mexico,NM,State House,38,general,Karen Whitlock,Democratic,6147.0,40.6,False,False
2020,New Mexico,NM,State House,38,general,William Kinney,Libertarian,431.0,2.9,False,False
2020,New Mexico,NM,State House,39,general,Luis Terrazas,Republican,5967.0,52.8,True,False
2020,New Mexico,NM,State House,39,general,Rodolpho Martinez,Democratic,5341.0,47.2,False,True
2020,New Mexico,NM,State House,40,general,Roger Montoya,Democratic,7378.0,56.9,True,False
2020,New Mexico,NM,State House,40,general,Justin Salazar-Torres,Republican,5589.0,43.1,False,False
2020,New Mexico,NM,State House,41,general,Susan Herrera,Democratic,9572.0,100.0,True,True
2020,New Mexico,NM,State House,42,general,Kristina Ortez,Democratic,10721.0,74.2,True,False
2020,New Mexico,NM,State House,42,general,Linda Calhoun,Republican,3723.0,25.8,False,False
2020,New Mexico,NM,State House,43,general,Christine Chandler,Democratic,10057.0,61.6,True,True
2020,New Mexico,NM,State House,43,general,David Hampton,Republican,6268.0,38.4,False,False
2020,New Mexico,NM,State House,44,general,Jane Powdrell-Culbert,Republican,10460.0,51.8,True,True
2020,New Mexico,NM,State House,44,general,Gary Tripp,Democratic,8961.0,44.4,False,False
2020,New Mexico,NM,State House,44,general,Jeremy Myers,Libertarian,763.0,3.8,False,False
2020,New Mexico,NM,State House,45,general,Linda Serrato,Democratic,11297.0,82.8,True,False
2020,New Mexico,NM,State House,45,general,Helen Milenski,Libertarian,2339.0,17.2,False,False
2020,New Mexico,NM,State House,46,general,Andrea Romero,Democratic,12585.0,77.1,True,True
2020,New Mexico,NM,State House,46,general,Jay Groseclose,Republican,2734.0,22.9,False,False
2020,New Mexico,NM,State House,47,general,Brian Egolf,Democratic,16187.0,80.6,True,True
2020,New Mexico,NM,State House,47,general,Raye Byford,Republican,3897.0,19.4,False,False
2020,New Mexico,NM,State House,48,general,Tara Lujan,Democratic,12520.0,100.0,True,True
2020,New Mexico,NM,State House,49,general,Gail Armstrong,Republican,9203.0,100.0,True,True
2020,New Mexico,NM,State House,50,general,Matthew McQueen,Democratic,8702.0,52.2,True,True
2020,New Mexico,NM,State House,50,general,Christina Estrada,Republican,7321.0,43.9,False,False
2020,New Mexico,NM,State House,50,general,Jerry Gage,Libertarian,599.0,3.6,False,False
2020,New Mexico,NM,State House,51,general,Rachel Black,Republican,7632.0,65.3,True,True
2020,New Mexico,NM,State House,51,general,Jeff Swanson,Democratic,4057.0,24.7,False,False
2020,New Mexico,NM,State House,52,general,Doreen Gallegos,Democratic,5794.0,65.1,True,True
2020,New Mexico,NM,State House,52,general,John Foreman,Republican,3106.0,34.9,False,False
2020,New Mexico,NM,State House,53,general,Willie Madrid,Democratic,3364.0,50.3,True,True
2020,New Mexico,NM,State House,53,general,Ricky Little,Republican,3328.0,49.7,False,False
2020,New Mexico,NM,State House,54,general,Jim Townsend,Republican,9691.0,100.0,True,True
2020,New Mexico,NM,State House,55,general,Cathrynn Brown,Republican,11031.0,100.0,True,True
2020,New Mexico,NM,State House,56,general,Zachary Cook,Republican,7586.0,66.7,True,True
2020,New Mexico,NM,State House,56,general,Laura Childress,Democratic,3793.0,33.3,False,False
2020,New Mexico,NM,State House,57,general,Jason Harper,Republican,8220.0,52.2,True,True
2020,New Mexico,NM,State House,57,general,Billie Ann Helean,Democratic,7536.0,47.8,False,False
2020,New Mexico,NM,State House,58,general,Candy Ezzell,Republican,5304.0,100.0,True,True
2020,New Mexico,NM,State House,59,general,Greg Nibert,Republican,10127.0,73.4,True,True
2020,New Mexico,NM,State House,59,general,Kimble Kearns,Democratic,3666.0,26.6,False,False
2020,New Mexico,NM,State House,60,general,Joshua Hernandez,Republican,11504.0,100.0,True,False
2020,New Mexico,NM,State House,61,general,Randall Pettigrew,Republican,5072.0,100.0,True,False
2020,New Mexico,NM,State House,62,general,Larry Scott,Republican,9391.0,100.0,True,True
2020,New Mexico,NM,State House,63,general,Martin Zamora,Republican,4689.0,58.7,True,True
2020,New Mexico,NM,State House,63,general,Randal Brown,Democratic,3294.0,41.3,False,False
2020,New Mexico,NM,State House,64,general,Randal Crowder,Republican,8732.0,100.0,True,True
2020,New Mexico,NM,State House,65,general,Derrick Lente,Democratic,7691.0,76.8,True,True
2020,New Mexico,NM,State House,65,general,Phillip Salazar,Republican,2320.0,23.2,False,False
2020,New Mexico,NM,State House,66,general,Phelps Anderson,Republican,9246.0,100.0,True,True
2020,New Mexico,NM,State House,67,general,Jackey Chatfield,Republican,9233.0,100.0,True,True
2020,New Mexico,NM,State House,68,general,Karen Bash,Democratic,8515.0,52.5,True,True
2020,New Mexico,NM,State House,68,general,Giovanni Coppola,Republican,7696.0,47.5,False,False
2020,New Mexico,NM,State House,69,general,Harry Garcia,Democratic,5819.0,63.5,True,True
2020,New Mexico,NM,State House,69,general,Roy Ryan,Republican,3339.0,36.5,False,False
2020,New Mexico,NM,State House,70,general,Ambrose Castellano,Democratic,7231.0,64.1,True,False
2020,New Mexico,NM,State House,70,general,Nathan Dial,Republican,4044.0,35.9,False,False
2020,New York,NY,State House,1,general,Fred Thiele,Democratic,40689.0,56.12,True,False
2020,New York,NY,State House,1,general,Heather Collins,Republican,29133.0,37.02,False,False
2020,New York,NY,State House,2,general,Jodi Giglio,Republican,39903.0,49.13,True,False
2020,New York,NY,State House,2,general,Laura Jens-Smith,Democratic,31784.0,40.16,False,False
2020,New York,NY,State House,2,general,William Van Helmond,Libertarian,926.0,1.31,False,False
2020,New York,NY,State House,61,general,Charles Fall,Democratic,32905.0,67.3,True,False
2020,New York,NY,State House,61,general,"Paul Ciurcina, Jr.",Republican,14870.0,27.21,False,False
2020,New York,NY,State House,63,general,Michael Cusick,Democratic,32926.0,51.37,True,False
2020,New York,NY,State House,63,general,Anthony DeGuerre,Republican,25740.0,43.31,False,False
2020,New York,NY,State House,64,general,Michael Tannousis,Republican,28162.0,53.24,True,False
2020,New York,NY,State House,64,general,Brandon Peterson,Democratic,21697.0,40.23,False,False
2020,North Carolina,NC,State House,1,general,Ed Goodwin,Republican,20688.0,54.46,True,True
2020,North Carolina,NC,State House,1,general,Emily Bunch Nicholson,Democratic,17299.0,45.54,False,False
2020,North Carolina,NC,State House,2,general,Larry Yarborough,Republican,25928.0,60.4,True,True
2020,North Carolina,NC,State House,2,general,Cindy Deporter,Democratic,17000.0,39.6,False,False
2020,North Carolina,NC,State House,3,general,Steve Tyson,Republican,22585.0,60.78,True,False
2020,North Carolina,NC,State House,3,general,Dorothea Downing White,Democratic,14575.0,39.22,False,False
2020,North Carolina,NC,State House,4,general,Jimmy Dixon,Republican,21282.0,65.72,True,True
2020,North Carolina,NC,State House,4,general,Christopher Schulte,Democratic,11099.0,34.28,False,False
2020,North Carolina,NC,State House,5,general,Howard Hunter III,Democratic,20061.0,56.71,True,True
2020,North Carolina,NC,State House,5,general,Donald Kirkland,Republican,15314.0,43.29,False,False
2020,North Carolina,NC,State House,6,general,Bobby Hanig,Republican,31063.0,64.34,True,True
2020,North Carolina,NC,State House,6,general,Tommy Fulcher,Democratic,17216.0,35.66,False,False
2020,North Carolina,NC,State House,7,general,Matthew Winslow,Republican,26166.0,58.97,True,False
2020,North Carolina,NC,State House,7,general,Phil Stover,Democratic,18208.0,41.03,False,False
2020,North Carolina,NC,State House,8,general,Kandie Smith,Democratic,23739.0,60.21,True,True
2020,North Carolina,NC,State House,8,general,Tony Moore,Republican,15685.0,39.79,False,False
2020,North Carolina,NC,State House,9,general,Brian Farkas,Democratic,19198.0,51.16,True,False
2020,North Carolina,NC,State House,9,general,Perrin Jones,Republican,18329.0,48.84,False,True
2020,North Carolina,NC,State House,10,general,John Bell,Republican,27802.0,69.77,True,True
2020,North Carolina,NC,State House,10,general,Carl Martin,Democratic,12047.0,30.23,False,False
2020,North Carolina,NC,State House,11,general,Allison Dahle,Democratic,26798.0,68.44,True,True
2020,North Carolina,NC,State House,11,general,Clark Pope,Republican,10175.0,25.98,False,False
2020,North Carolina,NC,State House,11,general,Adrian Lee Travers,Libertarian,2185.0,5.58,False,False
2020,North Carolina,NC,State House,12,general,Chris Humphrey,Republican,19732.0,54.64,True,True
2020,North Carolina,NC,State House,12,general,Virginia Cox-Daugherty,Democratic,16383.0,45.36,False,False
2020,North Carolina,NC,State House,13,general,Pat McElraft,Republican,33477.0,71.65,True,True
2020,North Carolina,NC,State House,13,general,Buck Bayliff,Democratic,13246.0,28.35,False,False
2020,North Carolina,NC,State House,14,general,George Cleveland,Republican,19666.0,60.02,True,True
2020,North Carolina,NC,State House,14,general,Marcy Wofford,Democratic,13100.0,39.98,False,False
2020,North Carolina,NC,State House,15,general,Phil Shepard,Republican,17818.0,69.49,True,True
2020,North Carolina,NC,State House,15,general,Carolyn F. Gomas,Democratic,7824.0,30.51,False,False
2020,North Carolina,NC,State House,16,general,Carson Smith,Republican,30161.0,64.4,True,True
2020,North Carolina,NC,State House,16,general,Debbi Fintak,Democratic,16674.0,35.6,False,False
2020,North Carolina,NC,State House,17,general,Frank Iler,Republican,36800.0,62.44,True,True
2020,North Carolina,NC,State House,17,general,Tom Simmons,Democratic,22140.0,37.56,False,False
2020,North Carolina,NC,State House,18,general,Deb Butler,Democratic,25829.0,59.84,True,True
2020,North Carolina,NC,State House,18,general,Warren Kennedy,Republican,17336.0,40.16,False,False
2020,North Carolina,NC,State House,19,general,Charlie Miller,Republican,34259.0,57.96,True,False
2020,North Carolina,NC,State House,19,general,Marcia Morgan,Democratic,24845.0,42.04,False,False
2020,North Carolina,NC,State House,20,general,Ted Davis Jr.,Republican,28119.0,55.33,True,True
2020,North Carolina,NC,State House,20,general,Adam Ericson,Democratic,22703.0,44.67,False,False
2020,North Carolina,NC,State House,21,general,Raymond Smith,Democratic,17632.0,53.0,True,True
2020,North Carolina,NC,State House,21,general,Brent Heath,Republican,15633.0,47.0,False,False
2020,North Carolina,NC,State House,22,general,William Brisson,Republican,21698.0,57.55,True,True
2020,North Carolina,NC,State House,22,general,"Albert D. Kirby, Jr.",Democratic,16002.0,42.45,False,False
2020,North Carolina,NC,State House,23,general,Shelly Willingham,Democratic,21754.0,58.76,True,True
2020,North Carolina,NC,State House,23,general,Claiborne Holtzman,Republican,14656.0,39.59,False,False
2020,North Carolina,NC,State House,23,general,Abbie (Bud) Lane,Green,612.0,1.65,False,False
2020,North Carolina,NC,State House,24,general,Linda Cooper-Suggs,Democratic,20928.0,52.6,True,True
2020,North Carolina,NC,State House,24,general,Mick Rankin,Republican,18856.0,47.4,False,False
2020,North Carolina,NC,State House,25,general,James Gailliard,Democratic,22364.0,51.62,True,True
2020,North Carolina,NC,State House,25,general,John M. Check,Republican,19372.0,44.71,False,False
2020,North Carolina,NC,State House,25,general,Nick Taylor,Libertarian,1589.0,3.67,False,False
2020,North Carolina,NC,State House,26,general,Donna McDowell White,Republican,33495.0,53.67,True,True
2020,North Carolina,NC,State House,26,general,Linda Bennett,Democratic,21689.0,34.75,False,False
2020,North Carolina,NC,State House,26,general,Denton Lee,Independent (politician),7227.0,11.58,False,False
2020,North Carolina,NC,State House,27,general,Michael Wray,Democratic,23169.0,66.78,True,True
2020,North Carolina,NC,State House,27,general,Warren Scott Nail,Republican,11527.0,33.22,False,False
2020,North Carolina,NC,State House,28,general,Larry Strickland,Republican,29510.0,67.7,True,True
2020,North Carolina,NC,State House,28,general,Corey Stephens,Democratic,14082.0,32.3,False,False
2020,North Carolina,NC,State House,29,general,Vernetta Alston,Democratic,44930.0,100.0,True,True
2020,North Carolina,NC,State House,30,general,Marcia Morey,Democratic,41548.0,81.68,True,True
2020,North Carolina,NC,State House,30,general,Gavin Bell,Libertarian,9317.0,18.32,False,False
2020,North Carolina,NC,State House,31,general,Zack Forde-Hawkins,Democratic,46341.0,85.51,True,True
2020,North Carolina,NC,State House,31,general,Sean Haugh,Libertarian,7850.0,14.49,False,False
2020,North Carolina,NC,State House,32,general,Terry Garrison,Democratic,24078.0,61.21,True,True
2020,North Carolina,NC,State House,32,general,David Woodson,Republican,15260.0,38.79,False,False
2020,North Carolina,NC,State House,33,general,Rosa Gill,Democratic,33194.0,70.76,True,True
2020,North Carolina,NC,State House,33,general,Frann Sarpolus,Republican,11659.0,24.85,False,False
2020,North Carolina,NC,State House,33,general,Sammie Brooks,Libertarian,2057.0,4.38,False,False
2020,North Carolina,NC,State House,34,general,Grier Martin,Democratic,31784.0,56.53,True,True
2020,North Carolina,NC,State House,34,general,Ronald L. Smith,Republican,21989.0,39.11,False,False
2020,North Carolina,NC,State House,34,general,Michael C. Munger,Libertarian,2449.0,4.36,False,False
2020,North Carolina,NC,State House,35,general,Terence Everitt,Democratic,31630.0,50.67,True,True
2020,North Carolina,NC,State House,35,general,Fred Von Canon,Republican,28528.0,45.7,False,False
2020,North Carolina,NC,State House,35,general,Michael Nelson,Libertarian,2262.0,3.63,False,False
2020,North Carolina,NC,State House,36,general,Julie von Haefen,Democratic,31644.0,53.18,True,True
2020,North Carolina,NC,State House,36,general,Kim Coley,Republican,25656.0,43.11,False,False
2020,North Carolina,NC,State House,36,general,Bruce Basson,Libertarian,2206.0,3.71,False,False
2020,North Carolina,NC,State House,37,general,Erin Paré,Republican,35136.0,50.06,True,False
2020,North Carolina,NC,State House,37,general,Sydney Batch,Democratic,32842.0,46.79,False,True
2020,North Carolina,NC,State House,37,general,Liam Leaver,Libertarian,2208.0,3.15,False,False
2020,North Carolina,NC,State House,38,general,Abe Jones,Democratic,33058.0,77.71,True,False
2020,North Carolina,NC,State House,38,general,Kenneth Bagnal,Republican,7535.0,17.71,False,False
2020,North Carolina,NC,State House,38,general,Richard Haygood,Libertarian,1949.0,4.58,False,False
2020,North Carolina,NC,State House,39,general,Darren Jackson,Democratic,41783.0,100.0,True,True
2020,North Carolina,NC,State House,40,general,Joe John,Democratic,31837.0,56.47,True,True
2020,North Carolina,NC,State House,40,general,Gerard Falzon,Republican,24545.0,43.53,False,False
2020,North Carolina,NC,State House,41,general,Gale Adcock,Democratic,40934.0,61.99,True,True
2020,North Carolina,NC,State House,41,general,Scott Populorum,Republican,23040.0,34.89,False,False
2020,North Carolina,NC,State House,41,general,Guy Meilleur,Libertarian,2057.0,3.12,False,False
2020,North Carolina,NC,State House,42,general,Marvin Lucas,Democratic,19024.0,67.39,True,True
2020,North Carolina,NC,State House,42,general,Jon Blake,Republican,9206.0,32.61,False,False
2020,North Carolina,NC,State House,43,general,Diane Wheatley,Republican,20408.0,51.8,True,False
2020,North Carolina,NC,State House,43,general,Kimberly Hardy,Democratic,18988.0,48.2,False,False
2020,North Carolina,NC,State House,44,general,"William ""Billy"" Richardson",Democratic,25412.0,71.86,True,True
2020,North Carolina,NC,State House,44,general,Heather S. Holmes,Republican,9950.0,28.14,False,False
2020,North Carolina,NC,State House,45,general,John Szoka,Republican,20260.0,50.88,True,True
2020,North Carolina,NC,State House,45,general,Frances Vinell Jackson,Democratic,19557.0,49.12,False,False
2020,North Carolina,NC,State House,46,general,Brenden Jones,Republican,17555.0,60.69,True,True
2020,North Carolina,NC,State House,46,general,Tim Heath,Democratic,11369.0,39.31,False,False
2020,North Carolina,NC,State House,47,general,Charles Graham,Democratic,14470.0,52.44,True,True
2020,North Carolina,NC,State House,47,general,Olivia Oxedine,Republican,13126.0,47.56,False,False
2020,North Carolina,NC,State House,48,general,Garland Pierce,Democratic,19674.0,55.93,True,True
2020,North Carolina,NC,State House,48,general,Johnny H. Boyles,Republican,15504.0,44.07,False,False
2020,North Carolina,NC,State House,49,general,Cynthia Ball,Democratic,37807.0,65.05,True,True
2020,North Carolina,NC,State House,49,general,David Robertson,Republican,17564.0,30.22,False,False
2020,North Carolina,NC,State House,49,general,Dee Watson,Libertarian,2752.0,4.73,False,False
2020,North Carolina,NC,State House,50,general,Graig Meyer,Democratic,35901.0,100.0,True,True
2020,North Carolina,NC,State House,51,general,John Sauls,Republican,22628.0,57.33,True,True
2020,North Carolina,NC,State House,51,general,Jason Cain,Democratic,16841.0,42.67,False,False
2020,North Carolina,NC,State House,52,general,Jamie Boles,Republican,32216.0,64.41,True,True
2020,North Carolina,NC,State House,52,general,Lowell Simon,Democratic,17803.0,35.59,False,False
2020,North Carolina,NC,State House,53,general,Howard Penny Jr.,Republican,26228.0,60.97,True,True
2020,North Carolina,NC,State House,53,general,Sally Weeks Benson,Democratic,15129.0,35.17,False,False
2020,North Carolina,NC,State House,53,general,Zach Berly,Libertarian,1658.0,3.85,False,False
2020,North Carolina,NC,State House,54,general,Robert Reives II,Democratic,37825.0,61.22,True,True
2020,North Carolina,NC,State House,54,general,"George T. Gilson, Jr.",Republican,23957.0,38.78,False,False
2020,North Carolina,NC,State House,55,general,Mark Brody,Republican,20800.0,58.32,True,True
2020,North Carolina,NC,State House,55,general,Gloria Harrington Overcash,Democratic,14865.0,41.68,False,False
2020,North Carolina,NC,State House,56,general,Verla Insko,Democratic,38428.0,100.0,True,True
2020,North Carolina,NC,State House,57,general,Ashton Clemmons,Democratic,31138.0,68.34,True,True
2020,North Carolina,NC,State House,57,general,Chris Meadows,Republican,14427.0,31.66,False,False
2020,North Carolina,NC,State House,58,general,Amos Quick,Democratic,28943.0,76.16,True,True
2020,North Carolina,NC,State House,58,general,Clinton Honey,Republican,9060.0,23.84,False,False
2020,North Carolina,NC,State House,59,general,Jon Hardister,Republican,28474.0,52.26,True,True
2020,North Carolina,NC,State House,59,general,Nicole Quick,Democratic,26016.0,47.74,False,False
2020,North Carolina,NC,State House,60,general,Cecil Brockman,Democratic,25120.0,64.06,True,True
2020,North Carolina,NC,State House,60,general,Frank Ragsdale,Republican,14094.0,35.64,False,False
2020,North Carolina,NC,State House,61,general,Pricey Harrison,Democratic,33983.0,100.0,True,True
2020,North Carolina,NC,State House,62,general,John Faircloth,Republican,30735.0,57.41,True,True
2020,North Carolina,NC,State House,62,general,Brandon Gray,Democratic,22801.0,42.59,False,False
2020,North Carolina,NC,State House,63,general,Ricky Hurtado,Democratic,20584.0,50.59,True,False
2020,North Carolina,NC,State House,63,general,Stephen Ross,Republican,20107.0,49.41,False,True
2020,North Carolina,NC,State House,64,general,Dennis Riddell,Republican,26103.0,59.48,True,True
2020,North Carolina,NC,State House,64,general,Eric Henry,Democratic,17786.0,40.52,False,False
2020,North Carolina,NC,State House,65,general,Jerry Carter,Republican,26784.0,64.74,True,True
2020,North Carolina,NC,State House,65,general,Amanda Joann Bell,Democratic,14590.0,35.26,False,False
2020,North Carolina,NC,State House,66,general,Ben Moss,Republican,22093.0,59.9,True,False
2020,North Carolina,NC,State House,66,general,Scott Brewer,Democratic,14731.0,40.1,False,True
2020,North Carolina,NC,State House,67,general,Wayne Sasser,Republican,41210.0,100.0,True,True
2020,North Carolina,NC,State House,68,general,David Willis,Republican,36413.0,62.99,True,False
2020,North Carolina,NC,State House,68,general,Ericka L. McKnight,Democratic,21394.0,37.01,False,False
2020,North Carolina,NC,State House,69,general,Dean Arp,Republican,27981.0,64.94,True,True
2020,North Carolina,NC,State House,69,general,Pam De Maria,Democratic,15106.0,35.06,False,False
2020,North Carolina,NC,State House,70,general,Pat Hurley,Republican,28546.0,75.87,True,True
2020,North Carolina,NC,State House,70,general,Susan Lee (Susie) Scott,Democratic,9080.0,24.13,False,False
2020,North Carolina,NC,State House,71,general,Evelyn Terry,Democratic,28471.0,100.0,True,True
2020,North Carolina,NC,State House,72,general,Amber Baker,Democratic,29524.0,71.33,True,False
2020,North Carolina,NC,State House,72,general,Dan Lawlor,Republican,11868.0,28.67,False,False
2020,North Carolina,NC,State House,73,general,Lee Zachary,Republican,24703.0,64.54,True,True
2020,North Carolina,NC,State House,73,general,William Stinson,Democratic,13570.0,35.46,False,False
2020,North Carolina,NC,State House,74,general,Jeff Zenger,Republican,27843.0,51.19,True,False
2020,North Carolina,NC,State House,74,general,Dan Besse,Democratic,26550.0,48.81,False,False
2020,North Carolina,NC,State House,75,general,Donny Lambeth,Republican,26693.0,60.31,True,True
2020,North Carolina,NC,State House,75,general,Elisabeth Motsinger,Democratic,17564.0,39.69,False,False
2020,North Carolina,NC,State House,76,general,Harry Warren,Republican,25479.0,61.06,True,True
2020,North Carolina,NC,State House,76,general,Al Heggins,Democratic,16250.0,38.94,False,False
2020,North Carolina,NC,State House,77,general,Juila Craven Howard,Republican,35222.0,74.65,True,True
2020,North Carolina,NC,State House,77,general,Keith Townsend,Democratic,11963.0,25.35,False,False
2020,North Carolina,NC,State House,78,general,Allen McNeill,Republican,33593.0,100.0,True,True
2020,North Carolina,NC,State House,79,general,Keith Kidwell,Republican,25290.0,63.83,True,True
2020,North Carolina,NC,State House,79,general,Nick Blount,Democratic,14330.0,36.17,False,False
2020,North Carolina,NC,State House,80,general,Sam Watford,Republican,32611.0,75.21,True,False
2020,North Carolina,NC,State House,80,general,Wendy Sellars,Democratic,10748.0,24.79,False,False
2020,North Carolina,NC,State House,81,general,Larry Potts,Republican,32092.0,73.0,True,True
2020,North Carolina,NC,State House,81,general,Robert Lewis Jordan,Democratic,11872.0,27.0,False,False
2020,North Carolina,NC,State House,82,general,Kristin Baker,Republican,25817.0,53.0,True,True
2020,North Carolina,NC,State House,82,general,Aimy Steele,Democratic,22898.0,47.0,False,False
2020,North Carolina,NC,State House,83,general,Larry Pittman,Republican,27904.0,51.26,True,True
2020,North Carolina,NC,State House,83,general,Gail Young,Democratic,26534.0,48.74,False,False
2020,North Carolina,NC,State House,84,general,Jeffrey McNeely,Republican,29630.0,69.12,True,True
2020,North Carolina,NC,State House,84,general,Gayle Wesley Harris,Democratic,13235.0,30.88,False,False
2020,North Carolina,NC,State House,85,general,Dudley Greene,Republican,31073.0,77.48,True,False
2020,North Carolina,NC,State House,85,general,Ted Remington,Democratic,9031.0,22.52,False,False
2020,North Carolina,NC,State House,86,general,Hugh Blackwell,Republican,27154.0,69.88,True,True
2020,North Carolina,NC,State House,86,general,Cecelia Surratt,Democratic,11705.0,30.12,False,False
2020,North Carolina,NC,State House,87,general,Destin Hall,Republican,31830.0,76.93,True,True
2020,North Carolina,NC,State House,87,general,Corie Schreiber,Democratic,9544.0,23.07,False,False
2020,North Carolina,NC,State House,88,general,Mary Belk,Democratic,31647.0,63.11,True,True
2020,North Carolina,NC,State House,88,general,David Tondreau,Republican,18497.0,36.89,False,False
2020,North Carolina,NC,State House,89,general,Mitchell Setzer,Republican,31044.0,74.35,True,True
2020,North Carolina,NC,State House,89,general,Greg Cranford,Democratic,10711.0,25.65,False,False
2020,North Carolina,NC,State House,90,general,Sarah Stevens,Republican,30028.0,74.57,True,True
2020,North Carolina,NC,State House,90,general,Beth Shaw,Democratic,10242.0,25.43,False,False
2020,North Carolina,NC,State House,91,general,Kyle Hall,Republican,33534.0,78.38,True,True
2020,North Carolina,NC,State House,91,general,Rita Cruise,Democratic,9252.0,21.62,False,False
2020,North Carolina,NC,State House,92,general,Terry Brown,Democratic,34990.0,72.91,True,False
2020,North Carolina,NC,State House,92,general,Jerry Munden,Republican,12998.0,27.09,False,False
2020,North Carolina,NC,State House,93,general,Ray Pickett,Republican,24680.0,53.01,True,False
2020,North Carolina,NC,State House,93,general,Carl Ray Russell,Democratic,21875.0,46.99,False,True
2020,North Carolina,NC,State House,94,general,Jeffrey Elmore,Republican,36696.0,100.0,True,True
2020,North Carolina,NC,State House,95,general,Grey Mills,Republican,36557.0,65.69,True,False
2020,North Carolina,NC,State House,95,general,Amanda Brown Kotis,Democratic,19098.0,34.31,False,False
2020,North Carolina,NC,State House,96,general,Jay Adams,Republican,25370.0,62.95,True,True
2020,North Carolina,NC,State House,96,general,Kim Bost,Democratic,14929.0,37.05,False,False
2020,North Carolina,NC,State House,97,general,Jason Saine,Republican,35988.0,74.13,True,True
2020,North Carolina,NC,State House,97,general,Greg McBryde,Democratic,12558.0,25.87,False,False
2020,North Carolina,NC,State House,98,general,John Bradford,Republican,31793.0,51.67,True,False
2020,North Carolina,NC,State House,98,general,Christy Clark,Democratic,29743.0,48.33,False,True
2020,North Carolina,NC,State House,99,general,Nasif Majeed,Democratic,28226.0,64.57,True,True
2020,North Carolina,NC,State House,99,general,Russell Rowe,Republican,15486.0,35.43,False,False
2020,North Carolina,NC,State House,100,general,John Autry,Democratic,23805.0,71.94,True,True
2020,North Carolina,NC,State House,100,general,Kalle Thompson,Republican,9285.0,28.06,False,False
2020,North Carolina,NC,State House,101,general,Carolyn Logan,Democratic,31646.0,73.89,True,True
2020,North Carolina,NC,State House,101,general,Steve Mauney,Republican,11183.0,26.11,False,False
2020,North Carolina,NC,State House,102,general,Becky Carney,Democratic,34931.0,78.44,True,True
2020,North Carolina,NC,State House,102,general,Kyle Kirby,Republican,9599.0,21.56,False,False
2020,North Carolina,NC,State House,103,general,Rachel Hunt,Democratic,26818.0,54.93,True,True
2020,North Carolina,NC,State House,103,general,Bill Brawley,Republican,22008.0,45.07,False,False
2020,North Carolina,NC,State House,104,general,Brandon Lofton,Democratic,25513.0,53.86,True,True
2020,North Carolina,NC,State House,104,general,Don Pomeroy,Republican,21854.0,46.14,False,False
2020,North Carolina,NC,State House,105,general,Wesley Harris,Democratic,25732.0,54.78,True,True
2020,North Carolina,NC,State House,105,general,Amy Bynum,Republican,21245.0,45.22,False,False
2020,North Carolina,NC,State House,106,general,Carla Cunningham,Democratic,34510.0,100.0,True,True
2020,North Carolina,NC,State House,107,general,Kelly Alexander,Democratic,37421.0,81.33,True,True
2020,North Carolina,NC,State House,107,general,Richard Rivette,Republican,8591.0,18.67,False,False
2020,North Carolina,NC,State House,108,general,John Torbett,Republican,24960.0,63.17,True,True
2020,North Carolina,NC,State House,108,general,Daniel Caudill,Democratic,14555.0,36.83,False,False
2020,North Carolina,NC,State House,109,general,Dana Bumgardner,Republican,29143.0,62.13,True,True
2020,North Carolina,NC,State House,109,general,Susan Maxon,Democratic,17767.0,37.87,False,False
2020,North Carolina,NC,State House,110,general,Kelly Hastings,Republican,29399.0,100.0,True,True
2020,North Carolina,NC,State House,111,general,Tim Moore,Republican,24491.0,63.52,True,True
2020,North Carolina,NC,State House,111,general,Jennifer Childers,Democratic,14063.0,36.48,False,False
2020,North Carolina,NC,State House,112,general,David Rogers,Republican,28059.0,73.9,True,True
2020,North Carolina,NC,State House,112,general,Ed Hallyburton,Democratic,9836.0,25.9,False,False
2020,North Carolina,NC,State House,112,general,Darren Joiner (Write-In),Independent (politician),25.0,0.07,False,False
2020,North Carolina,NC,State House,113,general,Jake Johnson,Republican,30367.0,59.59,True,True
2020,North Carolina,NC,State House,113,general,Sam Edney,Democratic,20596.0,40.41,False,False
2020,North Carolina,NC,State House,114,general,Susan Fisher,Democratic,30584.0,58.24,True,True
2020,North Carolina,NC,State House,114,general,Tim Hyatt,Republican,20132.0,38.34,False,False
2020,North Carolina,NC,State House,114,general,Lyndon John Smith,Libertarian,1794.0,3.42,False,False
2020,North Carolina,NC,State House,115,general,John Ager,Democratic,31650.0,62.31,True,True
2020,North Carolina,NC,State House,115,general,Mark Crawford,Republican,19145.0,37.69,False,False
2020,North Carolina,NC,State House,116,general,Brian Turner,Democratic,33024.0,61.9,True,True
2020,North Carolina,NC,State House,116,general,Eric Burns,Republican,20324.0,38.1,False,False
2020,North Carolina,NC,State House,117,general,Tim Moffitt,Republican,29087.0,60.63,True,True
2020,North Carolina,NC,State House,117,general,Josh Remillard,Democratic,18887.0,39.37,False,False
2020,North Carolina,NC,State House,118,general,Mark Pless,Republican,29321.0,63.6,True,False
2020,North Carolina,NC,State House,118,general,Alan Jones,Democratic,16782.0,36.4,False,False
2020,North Carolina,NC,State House,119,general,Mike Clampitt,Republican,22164.0,54.1,True,False
2020,North Carolina,NC,State House,119,general,Joe Sam Queen,Democratic,18806.0,45.9,False,True
2020,North Carolina,NC,State House,120,general,Karl Gillespie,Republican,34933.0,74.19,True,False
2020,North Carolina,NC,State House,120,general,Susan Landis,Democratic,12155.0,25.81,False,False
2020,North Dakota,ND,State House,2,general,Donald Longmuir,Republican,7501.0,50.38,True,True
2020,North Dakota,ND,State House,2,general,Bert Anderson,Republican,7260.0,48.76,True,True
2020,North Dakota,ND,State House,4,general,Clayton Fegley,Republican,4325.0,34.52,True,True
2020,North Dakota,ND,State House,4,general,Terry Jones,Republican,3959.0,31.6,True,True
2020,North Dakota,ND,State House,4,general,Thomasina Mandan,North Dakota Democratic-nonpartisan League,2283.0,18.22,False,False
2020,North Dakota,ND,State House,4,general,Hunter L Andes,North Dakota Democratic-nonpartisan League,1953.0,15.59,False,False
2020,North Dakota,ND,State House,6,general,Dick Anderson,Republican,5445.0,39.51,True,True
2020,North Dakota,ND,State House,6,general,Paul Thomas,Republican,5089.0,36.93,True,False
2020,North Dakota,ND,State House,6,general,Trygve Hammer,North Dakota Democratic-nonpartisan League,1621.0,11.76,False,False
2020,North Dakota,ND,State House,6,general,Arnold W Langehaug,North Dakota Democratic-nonpartisan League,1617.0,11.73,False,False
2020,North Dakota,ND,State House,8,general,Dave Nehring,Republican,6794.0,40.7,True,True
2020,North Dakota,ND,State House,8,general,David Andahl,Republican,5929.0,35.52,True,False
2020,North Dakota,ND,State House,8,general,Kathrin Volochenko,North Dakota Democratic-nonpartisan League,1905.0,11.41,False,False
2020,North Dakota,ND,State House,8,general,Linda Babb,North Dakota Democratic-nonpartisan League,1651.0,9.89,False,False
2020,North Dakota,ND,State House,10,general,David Monson,Republican,4815.0,38.58,True,True
2020,North Dakota,ND,State House,10,general,Chuck Damschen,Republican,4414.0,35.37,True,True
2020,North Dakota,ND,State House,10,general,Elsie Blair Magnus,North Dakota Democratic-nonpartisan League,1707.0,13.68,False,False
2020,North Dakota,ND,State House,10,general,Melissa Anderson,North Dakota Democratic-nonpartisan League,1535.0,12.3,False,False
2020,North Dakota,ND,State House,12,general,Bernie Satrom,Republican,3423.0,31.64,True,True
2020,North Dakota,ND,State House,12,general,Mitch Ostlie,Republican,3321.0,30.7,True,False
2020,North Dakota,ND,State House,12,general,Pam Musland,North Dakota Democratic-nonpartisan League,2212.0,20.45,False,False
2020,North Dakota,ND,State House,12,general,George Barnes,North Dakota Democratic-nonpartisan League,1824.0,16.86,False,False
2020,North Dakota,ND,State House,14,general,Jon Nelson,Republican,5491.0,38.65,True,True
2020,North Dakota,ND,State House,14,general,Robin Weisz,Republican,5419.0,38.15,True,True
2020,North Dakota,ND,State House,14,general,Mark Nelson,North Dakota Democratic-nonpartisan League,1718.0,12.09,False,False
2020,North Dakota,ND,State House,14,general,Richard Lynne,North Dakota Democratic-nonpartisan League,1568.0,11.04,False,False
2020,North Dakota,ND,State House,16,general,Ben Koppelman,Republican,5434.0,29.28,True,True
2020,North Dakota,ND,State House,16,general,Andrew Marschall,Republican,4782.0,25.77,True,True
2020,North Dakota,ND,State House,16,general,Tracey L Wilkie,North Dakota Democratic-nonpartisan League,4448.0,23.97,False,False
2020,North Dakota,ND,State House,16,general,Hamida Dakane,North Dakota Democratic-nonpartisan League,3869.0,20.85,False,False
2020,North Dakota,ND,State House,18,general,Steve Vetter,Republican,2744.0,28.18,True,True
2020,North Dakota,ND,State House,18,general,Corey Mock,North Dakota Democratic-nonpartisan League,2432.0,24.97,True,True
2020,North Dakota,ND,State House,18,general,Cindy Kaml,Republican,2416.0,24.81,False,False
2020,North Dakota,ND,State House,18,general,Jacqueline Hoffarth,North Dakota Democratic-nonpartisan League,2136.0,21.93,False,False
2020,North Dakota,ND,State House,20,general,Mike Beltz,Republican,4212.0,34.48,True,False
2020,North Dakota,ND,State House,20,general,Jared Hagert,Republican,4074.0,33.35,True,False
2020,North Dakota,ND,State House,20,general,John Martin Pederson,North Dakota Democratic-nonpartisan League,2014.0,16.49,False,False
2020,North Dakota,ND,State House,20,general,Zachary Blotsky,North Dakota Democratic-nonpartisan League,1908.0,15.62,False,False
2020,North Dakota,ND,State House,22,general,Michael Howe,Republican,6829.0,34.26,True,True
2020,North Dakota,ND,State House,22,general,Brandy Pyle,Republican,6786.0,34.05,True,True
2020,North Dakota,ND,State House,22,general,Jodi Meisch,North Dakota Democratic-nonpartisan League,3420.0,17.16,False,False
2020,North Dakota,ND,State House,22,general,Will Thompson,North Dakota Democratic-nonpartisan League,2885.0,14.47,False,False
2020,North Dakota,ND,State House,24,general,Dwight Kiefert,Republican,3733.0,29.33,True,True
2020,North Dakota,ND,State House,24,general,Cole Christensen,Republican,3605.0,28.32,True,False
2020,North Dakota,ND,State House,24,general,Naomi T Muscha,North Dakota Democratic-nonpartisan League,2872.0,22.56,False,False
2020,North Dakota,ND,State House,24,general,Bradley Edin,North Dakota Democratic-nonpartisan League,2509.0,19.71,False,False
2020,North Dakota,ND,State House,26,general,Kathy Skroch,Republican,3944.0,30.8,True,True
2020,North Dakota,ND,State House,26,general,Sebastian Ertelt,Republican,3465.0,27.06,True,True
2020,North Dakota,ND,State House,26,general,John M Hokana,North Dakota Democratic-nonpartisan League,2816.0,21.99,False,False
2020,North Dakota,ND,State House,26,general,Alan J Peterson,North Dakota Democratic-nonpartisan League,2568.0,20.05,False,False
2020,North Dakota,ND,State House,28,general,Jeffery Magrum,Republican,5410.0,43.85,True,True
2020,North Dakota,ND,State House,28,general,Michael Don Brandenburg,Republican,5159.0,41.81,True,True
2020,North Dakota,ND,State House,28,general,Rebecca Phillips,North Dakota Democratic-nonpartisan League,1684.0,13.65,False,False
2020,North Dakota,ND,State House,30,general,Glenn Bosch,Republican,5268.0,49.29,True,True
2020,North Dakota,ND,State House,30,general,Mike Nathe,Republican,5262.0,49.24,True,True
2020,North Dakota,ND,State House,32,general,Pat Heinert,Republican,4189.0,34.71,True,True
2020,North Dakota,ND,State House,32,general,Lisa Meier,Republican,4136.0,34.28,True,True
2020,North Dakota,ND,State House,32,general,Krisanna Holkup Peterson,North Dakota Democratic-nonpartisan League,1945.0,16.12,False,False
2020,North Dakota,ND,State House,32,general,Carl Young,North Dakota Democratic-nonpartisan League,1777.0,14.73,False,False
2020,North Dakota,ND,State House,34,general,Todd Porter,Republican,5520.0,36.68,True,True
2020,North Dakota,ND,State House,34,general,Nathan Toman,Republican,5397.0,35.86,True,True
2020,North Dakota,ND,State House,34,general,Joshua Johnson,North Dakota Democratic-nonpartisan League,2157.0,14.33,False,False
2020,North Dakota,ND,State House,34,general,Bernie Parkhurst,North Dakota Democratic-nonpartisan League,1962.0,13.04,False,False
2020,North Dakota,ND,State House,36,general,Mike Schatz,Republican,6748.0,41.56,True,True
2020,North Dakota,ND,State House,36,general,Luke Simons,Republican,6273.0,38.63,True,True
2020,North Dakota,ND,State House,36,general,Linda Weiss,North Dakota Democratic-nonpartisan League,1128.0,6.95,False,False
2020,North Dakota,ND,State House,36,general,Steve Krebs,North Dakota Democratic-nonpartisan League,1093.0,6.73,False,False
2020,North Dakota,ND,State House,36,general,Rebecca Ferderer,Independent,971.0,5.98,False,False
2020,North Dakota,ND,State House,38,general,Dan Ruby,Republican,5411.0,50.64,True,True
2020,North Dakota,ND,State House,38,general,Larry Bellew,Republican,5097.0,47.7,True,True
2020,North Dakota,ND,State House,40,general,Matthew Ruby,Republican,3224.0,36.17,True,True
2020,North Dakota,ND,State House,40,general,Randy Schobinger,Republican,2948.0,33.08,True,True
2020,North Dakota,ND,State House,40,general,Kalyn June Dewitt,North Dakota Democratic-nonpartisan League,1413.0,15.85,False,False
2020,North Dakota,ND,State House,40,general,Robert E Kibler,North Dakota Democratic-nonpartisan League,1314.0,14.74,False,False
2020,North Dakota,ND,State House,42,general,Emily O'Brien,Republican,1772.0,29.07,True,True
2020,North Dakota,ND,State House,42,general,Claire Cory,Republican,1589.0,26.07,True,True
2020,North Dakota,ND,State House,42,general,Adam Fortwengler,North Dakota Democratic-nonpartisan League,1369.0,22.46,False,False
2020,North Dakota,ND,State House,42,general,Zachary Stephen Tomczik,North Dakota Democratic-nonpartisan League,1363.0,22.36,False,False
2020,North Dakota,ND,State House,44,general,Karla Rose Hanson,North Dakota Democratic-nonpartisan League,3827.0,35.77,True,True
2020,North Dakota,ND,State House,44,general,Joshua Boschee,North Dakota Democratic-nonpartisan League,3612.0,33.76,True,True
2020,North Dakota,ND,State House,44,general,Scott Wagner,Republican,3191.0,29.83,False,False
2020,North Dakota,ND,State House,46,general,Shannon Roers Jones,Republican,3984.0,27.77,True,True
2020,North Dakota,ND,State House,46,general,Jim Kasper,Republican,3646.0,25.42,True,True
2020,North Dakota,ND,State House,46,general,Ben M Hanson,North Dakota Democratic-nonpartisan League,3353.0,23.37,False,False
2020,North Dakota,ND,State House,46,general,Ben W Hanson,North Dakota Democratic-nonpartisan League,3351.0,23.36,False,False
2020,Ohio,OH,State House,1,general,Scott Wiggam,Republican,36730.0,69.9,True,True
2020,Ohio,OH,State House,1,general,Alison Theiss,Democratic,15836.0,30.1,False,False
2020,Ohio,OH,State House,2,general,Marilyn John,Republican,41102.0,71.4,True,False
2020,Ohio,OH,State House,2,general,Sam Grady,Democratic,16440.0,28.6,False,False
2020,Ohio,OH,State House,3,general,Haraz Ghanbari,Republican,37677.0,58.2,True,True
2020,Ohio,OH,State House,3,general,Laurel Johnson,Democratic,27094.0,41.8,False,False
2020,Ohio,OH,State House,4,general,Robert Cupp,Republican,38882.0,100.0,True,True
2020,Ohio,OH,State House,5,general,Tim Ginter,Republican,36243.0,74.3,True,True
2020,Ohio,OH,State House,5,general,Daniel Winston,Democratic,12554.0,25.7,False,False
2020,Ohio,OH,State House,6,general,Phil Robinson,Democratic,37995.0,51.4,True,True
2020,Ohio,OH,State House,6,general,Shay Hawkins,Republican,35982.0,48.6,False,False
2020,Ohio,OH,State House,7,general,Tom Patton,Republican,37493.0,58.2,True,True
2020,Ohio,OH,State House,7,general,Joan Sweeny,Democratic,26922.0,41.8,False,False
2020,Ohio,OH,State House,8,general,Kent Smith,Democratic,41159.0,100.0,True,True
2020,Ohio,OH,State House,9,general,Janine Boyd,Democratic,50894.0,86.6,True,True
2020,Ohio,OH,State House,9,general,Dustin Russell,Republican,7868.0,13.4,False,False
2020,Ohio,OH,State House,10,general,Terrence Upchurch,Democratic,28453.0,100.0,True,True
2020,Ohio,OH,State House,11,general,Stephanie Howse,Democratic,27346.0,100.0,True,True
2020,Ohio,OH,State House,12,general,Juanita Brent,Democratic,43247.0,82.2,True,True
2020,Ohio,OH,State House,12,general,Jerry Powell,Republican,9342.0,17.8,False,False
2020,Ohio,OH,State House,13,general,Michael Skindell,Democratic,33647.0,74.3,True,True
2020,Ohio,OH,State House,13,general,Daniel Harrington,Republican,11621.0,25.7,False,False
2020,Ohio,OH,State House,14,general,Bride Rose Sweeney,Democratic,27618.0,58.4,True,True
2020,Ohio,OH,State House,14,general,Lynn McMahan,Republican,19643.0,41.6,False,False
2020,Ohio,OH,State House,15,general,Jeffrey Crossman,Democratic,24020.0,52.2,True,True
2020,Ohio,OH,State House,15,general,Kevin Kussmaul,Republican,22018.0,47.8,False,False
2020,Ohio,OH,State House,16,general,Monique Smith,Democratic,35013.0,50.7,True,False
2020,Ohio,OH,State House,16,general,David Greenspan,Republican,34075.0,49.3,False,True
2020,Ohio,OH,State House,17,general,Adam Miller,Democratic,21664.0,56.6,True,True
2020,Ohio,OH,State House,17,general,Tim Haske,Republican,16588.0,43.4,False,False
2020,Ohio,OH,State House,18,general,Kristin Boggs,Democratic,45861.0,77.9,True,True
2020,Ohio,OH,State House,18,general,Kayla Anne Packard,Republican,13007.0,22.1,False,False
2020,Ohio,OH,State House,19,general,Mary Lightbody,Democratic,42267.0,56.2,True,True
2020,Ohio,OH,State House,19,general,Meredith Freedhoff,Republican,32950.0,43.8,False,False
2020,Ohio,OH,State House,20,general,Richard Brown,Democratic,36330.0,59.3,True,True
2020,Ohio,OH,State House,20,general,Chris Baer,Republican,24928.0,40.7,False,False
2020,Ohio,OH,State House,21,general,Beth Liston,Democratic,42990.0,56.8,True,True
2020,Ohio,OH,State House,21,general,Mehek Cooke,Republican,32756.0,42.2,False,False
2020,Ohio,OH,State House,22,general,David Leland,Democratic,45754.0,100.0,True,True
2020,Ohio,OH,State House,23,general,Laura Lanese,Republican,34275.0,55.5,True,True
2020,Ohio,OH,State House,23,general,Nancy Day-Achauer,Democratic,27532.0,44.5,False,False
2020,Ohio,OH,State House,24,general,Allison Russo,Democratic,42935.0,57.9,True,True
2020,Ohio,OH,State House,24,general,Pat Manley,Republican,31202.0,42.1,False,False
2020,Ohio,OH,State House,25,general,Dontavius Jarrells,Democratic,41312.0,82.3,True,False
2020,Ohio,OH,State House,25,general,Jim Burgess,Republican,8870.0,17.7,False,False
2020,Ohio,OH,State House,26,general,Erica Crawley,Democratic,45350.0,100.0,True,True
2020,Ohio,OH,State House,27,general,Tom Brinkman,Republican,37723.0,53.1,True,True
2020,Ohio,OH,State House,27,general,Sara Bitter,Democratic,33339.0,46.9,False,False
2020,Ohio,OH,State House,28,general,Jessica Miranda,Democratic,35353.0,51.7,True,True
2020,Ohio,OH,State House,28,general,Chris Monzel,Republican,33039.0,48.3,False,False
2020,Ohio,OH,State House,29,general,Cindy Abrams,Republican,43320.0,98.2,True,True
2020,Ohio,OH,State House,29,general,Harrison Stanley (write-in),Independent,792.0,1.8,False,False
2020,Ohio,OH,State House,30,general,Bill Seitz,Republican,42269.0,72.0,True,True
2020,Ohio,OH,State House,30,general,Tom Roll,Independent,16426.0,28.0,False,False
2020,Ohio,OH,State House,31,general,Brigid Kelly,Democratic,42180.0,100.0,True,True
2020,Ohio,OH,State House,32,general,Catherine Ingram,Democratic,42055.0,100.0,True,True
2020,Ohio,OH,State House,33,general,Sedrick Denson,Democratic,41500.0,74.9,True,True
2020,Ohio,OH,State House,33,general,Mary Hill,Republican,13901.0,25.1,False,False
2020,Ohio,OH,State House,34,general,Emilia Sykes,Democratic,36251.0,76.8,True,True
2020,Ohio,OH,State House,34,general,Henry Todd,Republican,10926.0,23.2,False,False
2020,Ohio,OH,State House,35,general,Tavia Galonski,Democratic,22341.0,56.5,True,True
2020,Ohio,OH,State House,35,general,Jodi Sarver,Republican,17210.0,43.5,False,False
2020,Ohio,OH,State House,36,general,Bob Young,Republican,32294.0,52.3,True,False
2020,Ohio,OH,State House,36,general,Matt Shaughnessy,Democratic,29441.0,47.7,False,False
2020,Ohio,OH,State House,37,general,Casey Weinstein,Democratic,36789.0,51.4,True,True
2020,Ohio,OH,State House,37,general,Beth Bigham,Republican,34776.0,48.6,False,False
2020,Ohio,OH,State House,38,general,Bill Roemer,Republican,38669.0,60.5,True,True
2020,Ohio,OH,State House,38,general,Joe Campbell,Democratic,25191.0,39.5,False,False
2020,Ohio,OH,State House,39,general,"Willis Blackshear, Jr.",Democratic,31583.0,79.3,True,False
2020,Ohio,OH,State House,39,general,John Ferrell Mullins III,Republican,8269.0,20.7,False,False
2020,Ohio,OH,State House,40,general,Phil Plummer,Republican,38318.0,65.1,True,True
2020,Ohio,OH,State House,40,general,Leronda Jackson,Democratic,20543.0,34.9,False,False
2020,Ohio,OH,State House,41,general,Andrea White,Republican,37172.0,56.8,True,False
2020,Ohio,OH,State House,41,general,Cate Berger,Democratic,28314.0,43.2,False,False
2020,Ohio,OH,State House,42,general,Tom Young,Republican,48394.0,100.0,True,False
2020,Ohio,OH,State House,43,general,Rodney Creech,Republican,31463.0,54.2,True,False
2020,Ohio,OH,State House,43,general,Amy Cox,Democratic,26552.0,45.8,False,False
2020,Ohio,OH,State House,44,general,Paula Hicks-Hudson,Democratic,32101.0,79.0,True,True
2020,Ohio,OH,State House,44,general,Robert McMahon,Republican,8511.0,21.0,False,False
2020,Ohio,OH,State House,45,general,Lisa Sobecki,Democratic,27776.0,61.6,True,True
2020,Ohio,OH,State House,45,general,Shane Logan,Republican,17282.0,38.4,False,False
2020,Ohio,OH,State House,46,general,Michael Sheehy,Democratic,31088.0,57.6,True,True
2020,Ohio,OH,State House,46,general,Steven Salander,Republican,22870.0,42.4,False,False
2020,Ohio,OH,State House,47,general,Derek Merrin,Republican,40445.0,58.6,True,True
2020,Ohio,OH,State House,47,general,Nancy Larson,Democratic,28538.0,41.4,False,False
2020,Ohio,OH,State House,48,general,Scott Oelslager,Republican,50815.0,97.4,True,True
2020,Ohio,OH,State House,48,general,Jean Mastin (write-in),Independent,1361.0,2.6,False,False
2020,Ohio,OH,State House,49,general,Thomas West,Democratic,24305.0,54.4,True,True
2020,Ohio,OH,State House,49,general,James Haavisto,Republican,20416.0,45.6,False,False
2020,Ohio,OH,State House,50,general,Reggie Stoltzfus,Republican,39192.0,68.3,True,True
2020,Ohio,OH,State House,50,general,Brian Simeone,Democratic,18197.0,31.7,False,False
2020,Ohio,OH,State House,51,general,Sara Carruthers,Republican,35533.0,93.4,True,True
2020,Ohio,OH,State House,51,general,Johnny Hamilton (write-in),Independent,2514.0,6.6,False,False
2020,Ohio,OH,State House,52,general,Jennifer Gross,Republican,44953.0,63.3,True,False
2020,Ohio,OH,State House,52,general,Mark Horn,Democratic,26019.0,36.7,False,False
2020,Ohio,OH,State House,53,general,Thomas Hall,Republican,36768.0,68.3,True,False
2020,Ohio,OH,State House,53,general,Michelle Novak,Democratic,17106.0,31.7,False,False
2020,Ohio,OH,State House,54,general,Paul Zeltwanger,Republican,39625.0,61.7,True,True
2020,Ohio,OH,State House,54,general,Morgan Showen,Democratic,24551.0,38.3,False,False
2020,Ohio,OH,State House,55,general,Gayle Manning,Republican,34200.0,56.1,True,True
2020,Ohio,OH,State House,55,general,Zach Stepp,Democratic,26682.0,43.8,False,False
2020,Ohio,OH,State House,55,general,Dale Stein (write-in),Independent,56.0,0.1,False,False
2020,Ohio,OH,State House,56,general,Joe Miller,Democratic,32298.0,59.3,True,True
2020,Ohio,OH,State House,56,general,Bradley Lacko,Republican,22157.0,40.7,False,False
2020,Ohio,OH,State House,57,general,Dick Stein,Republican,42388.0,67.1,True,True
2020,Ohio,OH,State House,57,general,Dara Adkison,Democratic,20754.0,32.9,False,False
2020,Ohio,OH,State House,58,general,Michele Lepore-Hagan,Democratic,32218.0,67.4,True,True
2020,Ohio,OH,State House,58,general,David Simon,Republican,15556.0,32.6,False,False
2020,Ohio,OH,State House,59,general,Alessandro Cutrona,Republican,40993.0,60.8,True,True
2020,Ohio,OH,State House,59,general,Chris Stanley,Democratic,26423.0,39.2,False,False
2020,Ohio,OH,State House,60,general,Dan Troy,Democratic,28421.0,50.7,True,False
2020,Ohio,OH,State House,60,general,George Phillips,Republican,27623.0,49.3,False,False
2020,Ohio,OH,State House,61,general,Jamie Callender,Republican,41658.0,61.23,True,True
2020,Ohio,OH,State House,61,general,Adam Dudziak,Democratic,26378.0,38.77,False,False
2020,Ohio,OH,State House,62,general,Scott Lipps,Republican,54802.0,74.7,True,True
2020,Ohio,OH,State House,62,general,Erin Rosiello,Democratic,18596.0,25.3,False,False
2020,Ohio,OH,State House,63,general,Mike Loychik,Republican,29999.0,54.2,True,False
2020,Ohio,OH,State House,63,general,Gil Blair,Democratic,25379.0,45.8,False,True
2020,Ohio,OH,State House,64,general,Michael O'Brien,Democratic,23553.0,50.4,True,True
2020,Ohio,OH,State House,64,general,Martha Yoder,Republican,23209.0,49.7,False,False
2020,Ohio,OH,State House,65,general,Jean Schmidt,Republican,44435.0,65.4,True,False
2020,Ohio,OH,State House,65,general,Alan Darnowsky,Democratic,23019.0,33.9,False,False
2020,Ohio,OH,State House,65,general,Jim Lewis,Independent,506.0,0.7,False,False
2020,Ohio,OH,State House,66,general,Adam Bird,Republican,48710.0,95.87,True,False
2020,Ohio,OH,State House,66,general,Alicia Gee (Write-in),Independent,2096.0,4.13,False,False
2020,Ohio,OH,State House,67,general,Kris Jordan,Republican,44960.0,55.6,True,True
2020,Ohio,OH,State House,67,general,Rachael Morocco,Democratic,35866.0,44.4,False,False
2020,Ohio,OH,State House,68,general,Rick Carfagna,Republican,48606.0,67.9,True,True
2020,Ohio,OH,State House,68,general,Steven Mount,Democratic,22933.0,32.1,False,False
2020,Ohio,OH,State House,69,general,Sharon Ray,Republican,46103.0,64.8,True,False
2020,Ohio,OH,State House,69,general,Donna Beheydt,Democratic,25074.0,35.2,False,False
2020,Ohio,OH,State House,70,general,Darrell Kick,Republican,42551.0,70.7,True,True
2020,Ohio,OH,State House,70,general,Kevin Barnet,Democratic,17661.0,29.3,False,False
2020,Ohio,OH,State House,71,general,Mark Fraizer,Republican,39667.0,63.0,True,True
2020,Ohio,OH,State House,71,general,Mark Carr,Democratic,23254.0,37.0,False,False
2020,Ohio,OH,State House,72,general,Larry Householder,Republican,31707.0,71.1,True,True
2020,Ohio,OH,State House,72,general,Marci McCaulay (write-in),Democratic,5822.0,13.1,False,False
2020,Ohio,OH,State House,72,general,Jay Conrad (write-in),Republican,4046.0,9.1,False,False
2020,Ohio,OH,State House,72,general,Robert Leist (write-in),Libertarian,2312.0,5.2,False,False
2020,Ohio,OH,State House,72,general,Kaitlyn Clark (write-in),Independent,742.0,1.7,False,False
2020,Ohio,OH,State House,73,general,Brian Lampton,Republican,36523.0,57.5,True,False
2020,Ohio,OH,State House,73,general,Kim McCarthy,Democratic,26969.0,42.5,False,False
2020,Ohio,OH,State House,74,general,Bill Dean,Republican,42294.0,95.23,True,True
2020,Ohio,OH,State House,74,general,Ted McClenen (Write-in),Democratic,1965.0,4.42,False,False
2020,Ohio,OH,State House,74,general,Michael Johnson (Write-in),Democratic,154.0,0.35,False,False
2020,Ohio,OH,State House,75,general,Gail Pavliga,Republican,28330.0,51.06,True,False
2020,Ohio,OH,State House,75,general,Randi Clites,Democratic,27151.0,48.94,False,True
2020,Ohio,OH,State House,76,general,Diane Grendell,Republican,40904.0,61.93,True,True
2020,Ohio,OH,State House,76,general,Garrett Westhoven,Democratic,25141.0,38.07,False,False
2020,Ohio,OH,State House,77,general,Jeffrey LaRe,Republican,38059.0,60.1,True,True
2020,Ohio,OH,State House,77,general,Melissa Wilde,Democratic,25268.0,38.9,False,False
2020,Ohio,OH,State House,78,general,Brian Stewart,Republican,42314.0,72.71,True,False
2020,Ohio,OH,State House,78,general,Charlotte Owens,Democratic,15878.0,27.29,False,False
2020,Ohio,OH,State House,79,general,Kyle Koehler,Republican,32705.0,63.1,True,True
2020,Ohio,OH,State House,79,general,Cynthia Richards,Democratic,19127.0,36.9,False,False
2020,Ohio,OH,State House,80,general,Jena Powell,Republican,50578.0,76.04,True,True
2020,Ohio,OH,State House,80,general,Ted Jones,Democratic,15933.0,23.96,False,False
2020,Ohio,OH,State House,81,general,James Hoops,Republican,49880.0,97.56,True,True
2020,Ohio,OH,State House,81,general,Janet Breneman,Independent,1249.0,2.44,False,False
2020,Ohio,OH,State House,82,general,Craig Riedel,Republican,45059.0,96.86,True,True
2020,Ohio,OH,State House,82,general,Elecia Wobler,Independent,1462.0,3.14,False,False
2020,Ohio,OH,State House,83,general,Jon Cross,Republican,42145.0,95.68,True,True
2020,Ohio,OH,State House,83,general,Mary Harshfield (Write-in),Democratic,1903.0,4.32,False,False
2020,Ohio,OH,State House,84,general,Susan Manchester,Republican,54172.0,84.98,True,True
2020,Ohio,OH,State House,84,general,Joseph Monbeck,Democratic,9573.0,15.02,False,False
2020,Ohio,OH,State House,85,general,Nino Vitale,Republican,40825.0,100.0,True,True
2020,Ohio,OH,State House,85,general,Ted Greek (Write-in),Democratic,3933.0,8.79,False,False
2020,Ohio,OH,State House,86,general,Tracy Richardson,Republican,39510.0,70.37,True,True
2020,Ohio,OH,State House,86,general,Tiffanie Roberts,Democratic,16635.0,29.63,False,False
2020,Ohio,OH,State House,87,general,Riordan McClain,Republican,41440.0,76.15,True,True
2020,Ohio,OH,State House,87,general,Nicholas Barnes,Democratic,12977.0,23.85,False,False
2020,Ohio,OH,State House,88,general,Gary Click,Republican,32823.0,62.9,True,False
2020,Ohio,OH,State House,88,general,Chris Liebold,Democratic,19359.0,37.1,False,False
2020,Ohio,OH,State House,89,general,"Douglas Swearingen, Jr.",Republican,35675.0,57.3,True,True
2020,Ohio,OH,State House,89,general,Alexis Miller,Democratic,26580.0,42.7,False,False
2020,Ohio,OH,State House,90,general,Brian Baldridge,Republican,39779.0,100.0,True,True
2020,Ohio,OH,State House,91,general,Shane Wilkin,Republican,41143.0,76.76,True,True
2020,Ohio,OH,State House,91,general,Scott Dailey,Democratic,12455.0,23.24,False,False
2020,Ohio,OH,State House,92,general,Mark Johnson,Republican,34884.0,67.02,True,False
2020,Ohio,OH,State House,92,general,Beth Workman,Democratic,17165.0,32.98,False,False
2020,Ohio,OH,State House,93,general,Jason Stephens,Republican,43937.0,98.13,True,False
2020,Ohio,OH,State House,93,general,Tad Saunders (Write-in),Independent,838.0,1.87,False,False
2020,Ohio,OH,State House,94,general,Jay Edwards,Republican,31584.0,60.39,True,True
2020,Ohio,OH,State House,94,general,Katie O'Neill,Democratic,20719.0,39.61,False,False
2020,Ohio,OH,State House,95,general,Don Jones,Republican,48224.0,100.0,True,True
2020,Ohio,OH,State House,96,general,Ron Ferguson,Republican,37347.0,66.37,True,False
2020,Ohio,OH,State House,96,general,Richard Olivito,Democratic,17104.0,30.4,False,False
2020,Ohio,OH,State House,96,general,Oscar Herrera,Libertarian,1818.0,3.23,False,False
2020,Ohio,OH,State House,97,general,Adam Holmes,Republican,36924.0,69.66,True,True
2020,Ohio,OH,State House,97,general,Alaina Swope,Democratic,16079.0,30.34,False,False
2020,Ohio,OH,State House,98,general,Brett Hillyer,Republican,37378.0,75.19,True,True
2020,Ohio,OH,State House,98,general,Todd Beegle,Democratic,12332.0,24.81,False,False
2020,Ohio,OH,State House,99,general,Sarah Fowler,Republican,28918.0,58.51,True,False
2020,Ohio,OH,State House,99,general,Richard Dana,Democratic,20356.0,41.19,False,False
2020,Ohio,OH,State House,99,general,Kyle Bruckman (Write-in),Independent,150.0,0.3,False,False
2020,Pennsylvania,PA,State House,8,special general,Timothy R. Bonner,Republican,4000.0,75.08,True,False
2020,Pennsylvania,PA,State House,8,special general,Phil Heasley,Democratic,1328.0,24.92,False,False
2020,Pennsylvania,PA,State House,18,special general,Kathleen C. Tomlinson,Republican,4516.0,55.23,True,False
2020,Pennsylvania,PA,State House,18,special general,Harold Hayes,Democratic,3661.0,44.77,False,False
2020,Pennsylvania,PA,State House,58,special general,Eric Davanzo,Republican,4269.0,52.58,True,False
2020,Pennsylvania,PA,State House,58,special general,Robert Prah Jr.,Democratic,3294.0,40.57,False,False
2020,Pennsylvania,PA,State House,58,special general,Kenneth Bach,Libertarian,556.0,6.85,False,False
2020,Pennsylvania,PA,State House,190,special general,G. Roni Green,Democratic,2651.0,86.27,True,False
2020,Pennsylvania,PA,State House,190,special general,Wanda Logan,Republican,422.0,13.73,False,False
2020,Rhode Island,RI,State House,1,general,Edith Ajello,Democratic,3942.0,97.2,True,True
2020,Rhode Island,RI,State House,2,general,Christopher Blazejewski,Democratic,4125.0,97.5,True,True
2020,Rhode Island,RI,State House,3,general,Nathan Biah,Democratic,3258.0,97.5,True,False
2020,Rhode Island,RI,State House,4,general,Rebecca Kislak,Democratic,6328.0,86.8,True,True
2020,Rhode Island,RI,State House,4,general,Aryeh Yisrael Rosenfield,Independent (politician),906.0,12.4,False,False
2020,Rhode Island,RI,State House,5,general,Marcia Ranglin-Vassell,Democratic,2981.0,73.8,True,True
2020,Rhode Island,RI,State House,5,general,Ronald Iacobbo,Republican,1027.0,25.4,False,False
2020,Rhode Island,RI,State House,6,general,Raymond Hull,Democratic,4046.0,77.3,True,True
2020,Rhode Island,RI,State House,6,general,Jorge Porras,Independent (politician),1147.0,21.9,False,False
2020,Rhode Island,RI,State House,7,general,David Morales,Democratic,4067.0,96.0,True,False
2020,Rhode Island,RI,State House,8,general,John J. Lombardi,Democratic,3766.0,98.2,True,True
2020,Rhode Island,RI,State House,9,general,Anastasia P. Williams,Democratic,2513.0,73.0,True,True
2020,Rhode Island,RI,State House,9,general,Rosa Marie Hill,Independent (politician),899.0,26.1,False,False
2020,Rhode Island,RI,State House,10,general,Scott A. Slater,Democratic,3044.0,97.3,True,True
2020,Rhode Island,RI,State House,11,general,Grace Diaz,Democratic,3350.0,85.9,True,True
2020,Rhode Island,RI,State House,11,general,Emmanuel Nyema,Independent (politics),513.0,13.1,False,False
2020,Rhode Island,RI,State House,12,general,Jose F. Batista,Democratic,3071.0,97.8,True,False
2020,Rhode Island,RI,State House,13,general,Ramon A. Perez,Democratic,2832.0,80.8,True,False
2020,Rhode Island,RI,State House,14,general,Charlene Lima,Democratic,3774.0,96.8,True,True
2020,Rhode Island,RI,State House,15,general,Barbara Ann Fenton-Fung,Republican,4731.0,58.6,True,False
2020,Rhode Island,RI,State House,15,general,Nicholas Mattiello,Democratic,3315.0,41.0,False,True
2020,Rhode Island,RI,State House,16,general,Brandon Potter,Democratic,4144.0,53.7,True,False
2020,Rhode Island,RI,State House,16,general,Maryann Lancia,Republican,3559.0,46.1,False,False
2020,Rhode Island,RI,State House,17,general,Jacquelyn Baginski,Democratic,5125.0,96.1,True,False
2020,Rhode Island,RI,State House,18,general,Arthur Handy,Democratic,5350.0,96.0,True,True
2020,Rhode Island,RI,State House,19,general,Joseph McNamara,Democratic,5107.0,63.2,True,True
2020,Rhode Island,RI,State House,19,general,Patrick Maloney Jr.,Independent (politics),2947.0,36.5,False,False
2020,Rhode Island,RI,State House,20,general,David Bennett,Democratic,4543.0,94.6,True,True
2020,Rhode Island,RI,State House,21,general,Camille Vella-Wilkinson,Democratic,4140.0,59.3,True,True
2020,Rhode Island,RI,State House,21,general,Ronald Loparto,Republican,2814.0,40.3,False,False
2020,Rhode Island,RI,State House,22,general,Joseph J. Solomon Jr.,Democratic,3570.0,52.2,True,True
2020,Rhode Island,RI,State House,22,general,Gerald Carbone,Independent (politics),3213.0,46.9,False,False
2020,Rhode Island,RI,State House,23,general,Joe Shekarchi,Democratic,5412.0,94.3,True,True
2020,Rhode Island,RI,State House,24,general,Evan Shanley,Democratic,6320.0,94.7,True,True
2020,Rhode Island,RI,State House,25,general,Thomas Noret,Democratic,4122.0,94.7,True,True
2020,Rhode Island,RI,State House,26,general,Patricia Morgan,Republican,3620.0,54.3,True,False
2020,Rhode Island,RI,State House,26,general,James Jackson,Democratic,3028.0,45.4,False,True
2020,Rhode Island,RI,State House,27,general,Patricia Serpa,Democratic,5805.0,94.6,True,True
2020,Rhode Island,RI,State House,28,general,George Nardone,Republican,4641.0,58.4,True,True
2020,Rhode Island,RI,State House,28,general,Scott Guthrie,Democratic,3301.0,41.5,False,False
2020,Rhode Island,RI,State House,29,general,Sherry Roberts,Republican,6506.0,96.7,True,True
2020,Rhode Island,RI,State House,30,general,Justine Caldwell,Democratic,4822.0,52.1,True,True
2020,Rhode Island,RI,State House,30,general,Antonio Giarrusso,Republican,4430.0,47.8,False,False
2020,Rhode Island,RI,State House,31,general,Julie Casimiro,Democratic,6314.0,95.0,True,True
2020,Rhode Island,RI,State House,32,general,Robert Craven,Democratic,6764.0,95.2,True,True
2020,Rhode Island,RI,State House,33,general,Carol McEntee,Democratic,6189.0,96.0,True,True
2020,Rhode Island,RI,State House,34,general,Teresa Tanzi,Democratic,5532.0,94.2,True,True
2020,Rhode Island,RI,State House,35,general,Kathleen A. Fogarty,Democratic,4386.0,95.6,True,True
2020,Rhode Island,RI,State House,36,general,Blake Filippi,Republican,6527.0,95.4,True,True
2020,Rhode Island,RI,State House,37,general,Samuel Azzinaro,Democratic,5339.0,69.4,True,True
2020,Rhode Island,RI,State House,37,general,Timothy McLaughlin Jr.,Independent (politics),2317.0,30.1,False,False
2020,Rhode Island,RI,State House,38,general,Brian Patrick Kennedy,Democratic,4128.0,58.1,True,True
2020,Rhode Island,RI,State House,38,general,Donald Kohlman II,Republican,2952.0,41.6,False,False
2020,Rhode Island,RI,State House,39,general,Justin K. Price,Republican,4181.0,52.0,True,True
2020,Rhode Island,RI,State House,39,general,Megan L. Cotter,Democratic,3859.0,48.0,False,False
2020,Rhode Island,RI,State House,40,general,Michael Chippendale,Republican,5545.0,66.1,True,True
2020,Rhode Island,RI,State House,40,general,Linda Nichols,Democratic,2834.0,33.8,False,False
2020,Rhode Island,RI,State House,41,general,Robert Quattrocchi,Republican,5739.0,64.7,True,True
2020,Rhode Island,RI,State House,41,general,Pamela Carosi,Democratic,3121.0,35.2,False,False
2020,Rhode Island,RI,State House,42,general,Edward Cardillo,Democratic,3510.0,50.7,True,False
2020,Rhode Island,RI,State House,42,general,Frank Ricci,Republican,3399.0,49.1,False,False
2020,Rhode Island,RI,State House,43,general,Deborah Fellela,Democratic,4004.0,58.0,True,True
2020,Rhode Island,RI,State House,43,general,Nicola Antonio Grasso,Republican,2856.0,41.3,False,False
2020,Rhode Island,RI,State House,44,general,Gregory Costantino,Democratic,6409.0,94.7,True,True
2020,Rhode Island,RI,State House,45,general,Mia Ackerman,Democratic,5751.0,95.1,True,True
2020,Rhode Island,RI,State House,46,general,Mary Ann Shallcross Smith,Democratic,3162.0,39.3,True,False
2020,Rhode Island,RI,State House,46,general,John Lyle Jr.,Independent (politics),2556.0,31.8,False,True
2020,Rhode Island,RI,State House,46,general,John Cullen,Republican,2311.0,28.7,False,False
2020,Rhode Island,RI,State House,47,general,David Place,Republican,5890.0,95.9,True,True
2020,Rhode Island,RI,State House,48,general,Brian Newberry,Republican,6563.0,97.1,True,True
2020,Rhode Island,RI,State House,49,general,Steven Lima,Democratic,2154.0,63.5,True,False
2020,Rhode Island,RI,State House,49,general,Vincent Bono,Independent (politics),1219.0,35.9,False,False
2020,Rhode Island,RI,State House,50,general,Stephen Casey,Democratic,3700.0,95.8,True,False
2020,Rhode Island,RI,State House,51,general,Robert Phillips,Democratic,3933.0,96.3,True,False
2020,Rhode Island,RI,State House,52,general,Alex Marszalkowski,Democratic,4476.0,51.1,True,True
2020,Rhode Island,RI,State House,52,general,Christopher Hogan,Republican,3740.0,42.7,False,False
2020,Rhode Island,RI,State House,52,general,Daniel Baglini,Independent (politics),533.0,6.1,False,False
2020,Rhode Island,RI,State House,53,general,Bernard Hawkins,Democratic,3480.0,50.5,True,True
2020,Rhode Island,RI,State House,53,general,Brian Rea,Republican,3391.0,49.2,False,False
2020,Rhode Island,RI,State House,54,general,William O'Brien,Democratic,5480.0,96.5,True,True
2020,Rhode Island,RI,State House,55,general,Arthur Corvese,Democratic,5872.0,96.6,True,True
2020,Rhode Island,RI,State House,56,general,Joshua Giraldo,Democratic,2267.0,97.5,True,True
2020,Rhode Island,RI,State House,57,general,James N. McLaughlin,Democratic,4495.0,97.3,True,True
2020,Rhode Island,RI,State House,58,general,Carlos Tobon,Democratic,3496.0,96.7,True,True
2020,Rhode Island,RI,State House,59,general,Jean Philippe Barros,Democratic,4139.0,97.7,True,True
2020,Rhode Island,RI,State House,60,general,Karen Alzate,Democratic,3510.0,96.9,True,True
2020,Rhode Island,RI,State House,61,general,Leonela Felix,Democratic,3497.0,63.8,True,False
2020,Rhode Island,RI,State House,61,general,Robert Wheeler III,Republican,1973.0,36.0,False,False
2020,Rhode Island,RI,State House,62,general,Mary Messier,Democratic,4449.0,96.6,True,True
2020,Rhode Island,RI,State House,63,general,Katherine Kazarian,Democratic,5740.0,95.9,True,True
2020,Rhode Island,RI,State House,64,general,Brianna Henries,Democratic,4264.0,95.2,True,False
2020,Rhode Island,RI,State House,65,general,Gregg Amore,Democratic,5691.0,96.1,True,True
2020,Rhode Island,RI,State House,66,general,Liana Cassar,Democratic,6613.0,95.5,True,True
2020,Rhode Island,RI,State House,67,general,Jason Knight,Democratic,6050.0,95.2,True,True
2020,Rhode Island,RI,State House,68,general,June Speakman,Democratic,4373.0,59.0,True,True
2020,Rhode Island,RI,State House,68,general,William Hunt Jr.,Libertarian,2992.0,40.4,False,False
2020,Rhode Island,RI,State House,69,general,Susan R. Donovan,Democratic,3421.0,58.0,True,True
2020,Rhode Island,RI,State House,69,general,Ann Costa,Republican,2458.0,41.7,False,False
2020,Rhode Island,RI,State House,70,general,John Edwards,Democratic,4563.0,61.8,True,True
2020,Rhode Island,RI,State House,70,general,Christopher Borden,Republican,2794.0,37.9,False,False
2020,Rhode Island,RI,State House,71,general,Michelle McGaw,Democratic,4603.0,56.1,True,False
2020,Rhode Island,RI,State House,71,general,Amy Veri,Republican,3152.0,38.4,False,False
2020,Rhode Island,RI,State House,71,general,Nathan Melvin,Independent (politics),440.0,5.4,False,False
2020,Rhode Island,RI,State House,72,general,Terri-Denise Cortvriend,Democratic,4781.0,57.6,True,True
2020,Rhode Island,RI,State House,72,general,Kenneth Mendonca,Republican,3517.0,42.3,False,False
2020,Rhode Island,RI,State House,73,general,Marvin Abney,Democratic,4395.0,97.6,True,True
2020,Rhode Island,RI,State House,74,general,Deb Ruggiero,Democratic,6110.0,96.4,True,True
2020,Rhode Island,RI,State House,75,general,Lauren H. Carson,Democratic,4143.0,69.4,True,True
2020,Rhode Island,RI,State House,75,general,Timothy McLaughlin Jr.,Republican,1819.0,30.5,False,False
2020,South Carolina,SC,State House,1,general,Bill Whitmire,Republican,17308.0,98.71,True,True
2020,South Carolina,SC,State House,2,general,Bill Sandifer,Republican,17061.0,97.78,True,True
2020,South Carolina,SC,State House,3,general,Jerry Carter,Republican,9214.0,65.57,True,False
2020,South Carolina,SC,State House,3,general,Eunice Lehmacher,Democratic,4819.0,34.29,False,False
2020,South Carolina,SC,State House,4,general,Davey Hiott,Republican,18479.0,98.8,True,True
2020,South Carolina,SC,State House,5,general,Neal Collins,Republican,17845.0,97.76,True,True
2020,South Carolina,SC,State House,6,general,Brian White,Republican,16926.0,97.35,True,True
2020,South Carolina,SC,State House,7,general,Jay West,Republican,12280.0,76.15,True,True
2020,South Carolina,SC,State House,7,general,Andrea Bejarano-Robinson,Democratic,3833.0,23.77,False,False
2020,South Carolina,SC,State House,8,general,Jonathon Hill,Republican,14099.0,80.73,True,True
2020,South Carolina,SC,State House,8,general,Jackie Todd,Alliance,3274.0,18.75,False,False
2020,South Carolina,SC,State House,9,general,Anne Thayer,Republican,14222.0,97.56,True,True
2020,South Carolina,SC,State House,10,general,West Cox,Republican,18952.0,97.99,True,True
2020,South Carolina,SC,State House,11,general,Craig A. Gagnon,Republican,13024.0,98.46,True,True
2020,South Carolina,SC,State House,12,general,Anne Parks,Democratic,8446.0,58.16,True,True
2020,South Carolina,SC,State House,12,general,James Pearman,Republican,5804.0,39.96,False,False
2020,South Carolina,SC,State House,12,general,Robbie Bryant,Green,256.0,1.76,False,False
2020,South Carolina,SC,State House,13,general,John McCravy,Republican,14115.0,71.62,True,True
2020,South Carolina,SC,State House,13,general,Denuse Waldrep,Democratic,5574.0,28.28,False,False
2020,South Carolina,SC,State House,14,general,Stewart O Jones,Republican,15679.0,97.49,True,True
2020,South Carolina,SC,State House,15,general,J.A. Moore,Democratic,7573.0,51.81,True,True
2020,South Carolina,SC,State House,15,general,Samuel Rivers Jr,Republican,7027.0,48.07,False,False
2020,South Carolina,SC,State House,16,general,Mark N Willis,Republican,15368.0,96.79,True,True
2020,South Carolina,SC,State House,17,general,Mike Burns,Republican,19269.0,97.98,True,True
2020,South Carolina,SC,State House,18,general,Tommy Stringer,Republican,17172.0,73.8,True,True
2020,South Carolina,SC,State House,18,general,Benjamin Smith,Democratic,6070.0,26.09,False,False
2020,South Carolina,SC,State House,19,general,Patrick B Haddon,Republican,9767.0,61.06,True,False
2020,South Carolina,SC,State House,19,general,Jevarus Howard,Democratic,6218.0,38.87,False,False
2020,South Carolina,SC,State House,20,general,Adam Morgan,Republican,14632.0,67.54,True,True
2020,South Carolina,SC,State House,20,general,Stephen Dreyfus,Democratic,7016.0,32.39,False,False
2020,South Carolina,SC,State House,21,general,Bobby Cox,Republican,19851.0,97.03,True,True
2020,South Carolina,SC,State House,22,general,Jason Elliott,Republican,13542.0,63.41,True,True
2020,South Carolina,SC,State House,22,general,B K Brown,Democratic,7750.0,36.29,False,False
2020,South Carolina,SC,State House,23,general,Chandra Dillard,Democratic,11530.0,96.68,True,True
2020,South Carolina,SC,State House,24,general,Bruce W Bannister,Republican,18515.0,96.46,True,True
2020,South Carolina,SC,State House,25,general,Leola Simpson,Democratic,10540.0,67.53,True,True
2020,South Carolina,SC,State House,25,general,Darath Mackie,Republican,4448.0,28.5,False,False
2020,South Carolina,SC,State House,25,general,Tony Boyce,Independent,599.0,3.84,False,False
2020,South Carolina,SC,State House,26,general,Raye Felder,Republican,17576.0,59.92,True,True
2020,South Carolina,SC,State House,26,general,Monica Danneman,Democratic,11735.0,40.01,False,False
2020,South Carolina,SC,State House,27,general,Garry Smith,Republican,16482.0,96.54,True,True
2020,South Carolina,SC,State House,28,general,Ashley Trantham,Republican,15990.0,65.13,True,True
2020,South Carolina,SC,State House,28,general,Ty Washington,Democratic,8537.0,34.77,False,False
2020,South Carolina,SC,State House,29,general,Dennis Moss,Republican,15542.0,98.26,True,True
2020,South Carolina,SC,State House,30,general,Steve Moss,Republican,14085.0,98.28,True,True
2020,South Carolina,SC,State House,31,general,Rosalyn Henderson-Myers,Democratic,10133.0,97.95,True,True
2020,South Carolina,SC,State House,32,general,Max Hyde,Republican,15330.0,97.2,True,True
2020,South Carolina,SC,State House,33,general,Travis Moore,Republican,14896.0,88.19,True,False
2020,South Carolina,SC,State House,33,general,Thomas J Riddle,Constitution,1805.0,10.69,False,False
2020,South Carolina,SC,State House,34,general,Roger A Nutt,Republican,15017.0,95.69,True,False
2020,South Carolina,SC,State House,35,general,Bill Chumley,Republican,19296.0,67.95,True,True
2020,South Carolina,SC,State House,35,general,Helen Pendarvis,Democratic,9053.0,31.88,False,False
2020,South Carolina,SC,State House,36,general,Rita Allison,Republican,14923.0,97.05,True,True
2020,South Carolina,SC,State House,37,general,Steven W Long,Republican,15690.0,97.0,True,True
2020,South Carolina,SC,State House,38,general,Josiah Magnuson,Republican,18526.0,97.57,True,True
2020,South Carolina,SC,State House,39,general,Cal Forrest,Republican,14992.0,98.55,True,True
2020,South Carolina,SC,State House,40,general,Rick Martin,Republican,14024.0,97.7,True,True
2020,South Carolina,SC,State House,41,general,Annie E McDaniel,Democratic,12573.0,64.77,True,True
2020,South Carolina,SC,State House,41,general,Jennifer Brecheisen,Republican,6808.0,35.07,False,False
2020,South Carolina,SC,State House,42,general,Doug Gilliam,Republican,13087.0,98.02,True,True
2020,South Carolina,SC,State House,43,general,Randy Ligon,Republican,12439.0,68.23,True,True
2020,South Carolina,SC,State House,43,general,Reid Carrico,Democratic,5781.0,31.71,False,False
2020,South Carolina,SC,State House,44,general,Sandy McGarry,Republican,9220.0,55.21,True,False
2020,South Carolina,SC,State House,44,general,Mandy Powers Norrell,Democratic,7466.0,44.71,False,True
2020,South Carolina,SC,State House,45,general,Brandon Newton,Republican,23974.0,63.83,True,True
2020,South Carolina,SC,State House,45,general,Jeith T Grey Sr,Democratic,13554.0,36.09,False,False
2020,South Carolina,SC,State House,46,general,Gary Simrill,Republican,15773.0,95.33,True,True
2020,South Carolina,SC,State House,47,general,Tommy Pope,Republican,17569.0,73.35,True,True
2020,South Carolina,SC,State House,47,general,Ryan McKenzie Arioli,Democratic,6355.0,26.53,False,False
2020,South Carolina,SC,State House,48,general,Bruce M. Bryant,Republican,15527.0,60.88,True,True
2020,South Carolina,SC,State House,48,general,Kathryn Roberts,Democratic,9957.0,39.04,False,False
2020,South Carolina,SC,State House,49,general,John R King,Democratic,11179.0,63.46,True,True
2020,South Carolina,SC,State House,49,general,Johnny Walker,Republican,6421.0,35.52,False,False
2020,South Carolina,SC,State House,50,general,Will Wheeler,Democratic,12628.0,97.36,True,False
2020,South Carolina,SC,State House,51,general,David Weeks,Democratic,12708.0,98.5,True,False
2020,South Carolina,SC,State House,52,general,Vic Dabney,Republican,11218.0,51.6,True,False
2020,South Carolina,SC,State House,52,general,Laurie Slade Funderburk,Democratic,10508.0,48.33,False,True
2020,South Carolina,SC,State House,53,general,Richard L Richie Yow,Republican,11007.0,97.85,True,True
2020,South Carolina,SC,State House,54,general,Patricia Moore Pat Henegan,Democratic,8304.0,55.36,True,True
2020,South Carolina,SC,State House,54,general,Sterling McDiarmid,Republican,6686.0,44.57,False,False
2020,South Carolina,SC,State House,55,general,Jackie E Hayes,Democratic,11168.0,96.69,True,True
2020,South Carolina,SC,State House,56,general,Tim McGinnis,Republican,17223.0,65.45,True,True
2020,South Carolina,SC,State House,56,general,Bruce Fischer,Democratic,9072.0,34.48,False,False
2020,South Carolina,SC,State House,57,general,Lucas Atkinson,Democratic,13391.0,97.13,True,True
2020,South Carolina,SC,State House,58,general,Jeff Johnson,Republican,16358.0,98.52,True,True
2020,South Carolina,SC,State House,59,general,Terry Alexander,Democratic,12857.0,97.96,True,True
2020,South Carolina,SC,State House,60,general,Phillip Lowe,Republican,10834.0,61.37,True,True
2020,South Carolina,SC,State House,60,general,Teresa McGill Cain,Democratic,6812.0,38.59,False,False
2020,South Carolina,SC,State House,61,general,Roger Kirby,Democratic,10624.0,97.77,True,True
2020,South Carolina,SC,State House,62,general,Robert Williams,Democratic,13063.0,97.36,True,True
2020,South Carolina,SC,State House,63,general,Jay Jordan,Republican,12998.0,64.67,True,True
2020,South Carolina,SC,State House,63,general,Isaac Wilson,Democratic,7077.0,35.21,False,False
2020,South Carolina,SC,State House,64,general,Kimberly O Johnson,Democratic,9446.0,54.31,True,False
2020,South Carolina,SC,State House,64,general,Cindy Risher,Republican,7933.0,45.61,False,False
2020,South Carolina,SC,State House,65,general,Jay Lucas,Republican,13942.0,98.51,True,True
2020,South Carolina,SC,State House,66,general,Gilda Cobb-Hunter,Democratic,11795.0,69.97,True,True
2020,South Carolina,SC,State House,66,general,Jeffrey Cila,Republican,5057.0,30.0,False,False
2020,South Carolina,SC,State House,67,general,Murrell Smith,Republican,13834.0,97.26,True,True
2020,South Carolina,SC,State House,68,general,Heather Ammons Crawford,Republican,17014.0,60.88,True,True
2020,South Carolina,SC,State House,68,general,Mike Childs,Alliance,3007.0,14.91,False,False
2020,South Carolina,SC,State House,69,general,Chris Wooten,Republican,18269.0,97.25,True,True
2020,South Carolina,SC,State House,70,general,Wendy C Brawley,Democratic,14028.0,98.19,True,True
2020,South Carolina,SC,State House,71,general,Nathan Ballentine,Republican,16993.0,64.6,True,True
2020,South Carolina,SC,State House,71,general,Terry T Seawright,Democratic,8524.0,32.41,False,False
2020,South Carolina,SC,State House,71,general,Lawrence L Lee,Libertarian,763.0,2.9,False,False
2020,South Carolina,SC,State House,72,general,Seth Rose,Democratic,9930.0,98.17,True,True
2020,South Carolina,SC,State House,73,general,Chris Hart,Democratic,11421.0,78.14,True,True
2020,South Carolina,SC,State House,73,general,Myron Samuels,Republican,3178.0,21.74,False,False
2020,South Carolina,SC,State House,74,general,Todd Rutherford,Democratic,12328.0,82.81,True,True
2020,South Carolina,SC,State House,74,general,Vimalkumar Jariwala,Republican,2526.0,16.97,False,False
2020,South Carolina,SC,State House,75,general,Kirkman Finlay III,Republican,8759.0,50.69,True,True
2020,South Carolina,SC,State House,75,general,Rhodes Bailey,Democratic,8502.0,49.2,False,False
2020,South Carolina,SC,State House,76,general,Leon Howard,Democratic,14746.0,98.85,True,True
2020,South Carolina,SC,State House,77,general,Kambrell Garvin,Democratic,19947.0,83.57,True,True
2020,South Carolina,SC,State House,77,general,Justin Bishop,Libertarian,3793.0,15.89,False,False
2020,South Carolina,SC,State House,78,general,Beth Bernstein,Democratic,12449.0,65.89,True,True
2020,South Carolina,SC,State House,78,general,Viresh Sinha,Republican,6422.0,33.99,False,False
2020,South Carolina,SC,State House,79,general,Ivory T Thigpen,Democratic,18032.0,86.95,True,True
2020,South Carolina,SC,State House,79,general,Victor Kocher,Libertarian,2615.0,12.61,False,False
2020,South Carolina,SC,State House,80,general,Jermaine Johnson,Democratic,11540.0,60.47,True,False
2020,South Carolina,SC,State House,80,general,Vincent E Wilson,Republican,7531.0,39.46,False,False
2020,South Carolina,SC,State House,81,general,Bart T Blackwell,Republican,8759.0,50.69,True,True
2020,South Carolina,SC,State House,82,general,William Bill Clyburn,Democratic,11210.0,93.96,True,True
2020,South Carolina,SC,State House,83,general,Bill Hixon,Republican,14730.0,70.09,True,True
2020,South Carolina,SC,State House,83,general,Evelyn T Robinson,Democratic,6258.0,29.78,False,False
2020,South Carolina,SC,State House,84,general,Melissa Oremus,Republican,14056.0,97.14,True,True
2020,South Carolina,SC,State House,85,general,Chip Huggins,Republican,20169.0,97.11,True,True
2020,South Carolina,SC,State House,86,general,Bill Taylor,Republican,14898.0,96.94,True,True
2020,South Carolina,SC,State House,87,general,Paula Rawl Calhoon,Republican,23721.0,97.98,True,True
2020,South Carolina,SC,State House,88,general,RJ May,Republican,14962.0,97.07,True,False
2020,South Carolina,SC,State House,89,general,Micah Caskey,Republican,12661.0,96.04,True,True
2020,South Carolina,SC,State House,90,general,Justin Bamberg,Democratic,8234.0,50.15,True,True
2020,South Carolina,SC,State House,90,general,Glenn Posey,Republican,8174.0,49.78,False,False
2020,South Carolina,SC,State House,91,general,Loonie Hosey,Democratic,12025.0,97.92,True,True
2020,South Carolina,SC,State House,92,general,Joe Daning,Republican,13816.0,96.74,True,True
2020,South Carolina,SC,State House,93,general,Russell L Ott,Democratic,13820.0,96.66,True,True
2020,South Carolina,SC,State House,94,general,Gil Gatch,Republican,12011.0,61.04,True,False
2020,South Carolina,SC,State House,94,general,Patricia Cannon,Democratic,7652.0,38.89,False,False
2020,South Carolina,SC,State House,95,general,Jerry Govan,Democratic,11847.0,86.64,True,True
2020,South Carolina,SC,State House,95,general,Willie M Legette,"Labor Party (united States, 1996)",1650.0,12.07,False,False
2020,South Carolina,SC,State House,96,general,D Ryan McCabe,Republican,13397.0,97.76,True,False
2020,South Carolina,SC,State House,97,general,Mandy W Kimmons,Republican,14153.0,62.25,True,True
2020,South Carolina,SC,State House,97,general,Ronee De Canio,Democratic,8559.0,37.65,False,False
2020,South Carolina,SC,State House,98,general,Chris Murphy,Republican,14951.0,95.14,True,True
2020,South Carolina,SC,State House,99,general,Mark Smith,Republican,17711.0,64.28,True,False
2020,South Carolina,SC,State House,99,general,Jen Gibson,Democratic,9816.0,35.63,False,False
2020,South Carolina,SC,State House,100,general,Sylleste Davis,Republican,22345.0,96.31,True,False
2020,South Carolina,SC,State House,101,general,Cezar McKnight,Democratic,12758.0,96.34,True,True
2020,South Carolina,SC,State House,102,general,Joe H Jefferson,Democratic,12500.0,94.96,True,False
2020,South Carolina,SC,State House,103,general,Carl L Anderson,Democratic,12606.0,96.75,True,True
2020,South Carolina,SC,State House,104,general,William Bailey,Republican,24360.0,98.56,True,True
2020,South Carolina,SC,State House,105,general,Kevin Hardee,Republican,14870.0,97.94,True,True
2020,South Carolina,SC,State House,106,general,Russell Fry,Republican,24092.0,98.46,True,True
2020,South Carolina,SC,State House,107,general,Case Brittain,Republican,15956.0,65.46,True,False
2020,South Carolina,SC,State House,107,general,Tony Cahill,Democratic,7963.0,32.67,False,False
2020,South Carolina,SC,State House,107,general,Wm Dettmering III,Libertarian,427.0,1.75,False,False
2020,South Carolina,SC,State House,108,general,Lee Hewitt,Republican,21800.0,97.87,True,True
2020,South Carolina,SC,State House,109,general,Deon Tedder,Democratic,11279.0,80.59,True,False
2020,South Carolina,SC,State House,109,general,Rodney Travis,Libertarian,2620.0,18.72,False,False
2020,South Carolina,SC,State House,110,general,William Cogswell,Republican,13280.0,60.67,True,True
2020,South Carolina,SC,State House,110,general,Rebecca Niess Cingolani,Democratic,8590.0,39.25,False,False
2020,South Carolina,SC,State House,111,general,Wendell G Gilliard,Democratic,13088.0,79.11,True,True
2020,South Carolina,SC,State House,111,general,Ted Vining,Republican,3431.0,20.74,False,False
2020,South Carolina,SC,State House,112,general,Joe Bustos,Republican,18002.0,57.46,True,False
2020,South Carolina,SC,State House,112,general,Daniel Brownstein,Democratic,13284.0,42.4,False,False
2020,South Carolina,SC,State House,113,general,Marvin R Pendarvis,Democratic,13054.0,97.75,True,True
2020,South Carolina,SC,State House,114,general,Lin Bennett,Republican,13039.0,52.96,True,True
2020,South Carolina,SC,State House,114,general,Ed Sutton,Democratic,10855.0,44.09,False,False
2020,South Carolina,SC,State House,114,general,Brad Jayne,Alliance,705.0,2.86,False,False
2020,South Carolina,SC,State House,115,general,Spencer Wetmore,Democratic,13382.0,50.75,True,False
2020,South Carolina,SC,State House,115,general,Josh Stokes,Republican,12962.0,49.16,False,False
2020,South Carolina,SC,State House,116,general,Chardale Murray,Democratic,12227.0,50.78,True,False
2020,South Carolina,SC,State House,116,general,Carroll O'Neal,Republican,11809.0,49.04,False,False
2020,South Carolina,SC,State House,117,general,Krystle Matthews,Democratic,8902.0,52.62,True,True
2020,South Carolina,SC,State House,117,general,Jordan Pace,Republican,7998.0,47.28,False,False
2020,South Carolina,SC,State House,118,general,Bill Herbkersman,Republican,16947.0,61.72,True,True
2020,South Carolina,SC,State House,118,general,Mitchell Siegel,Democratic,10493.0,38.22,False,False
2020,South Carolina,SC,State House,119,general,Leon Stavrinakis,Democratic,16842.0,69.53,True,True
2020,South Carolina,SC,State House,119,general,Alex Thornton,Libertarian,7225.0,29.83,False,False
2020,South Carolina,SC,State House,120,general,Weston Newton,Republican,18313.0,97.61,True,True
2020,South Carolina,SC,State House,121,general,Michael F Rivers Sr,Democratic,10986.0,63.29,True,True
2020,South Carolina,SC,State House,121,general,Eric Erickson,Republican,6358.0,36.63,False,False
2020,South Carolina,SC,State House,122,general,Sherdon Hook Williams,Democratic,9147.0,56.97,True,True
2020,South Carolina,SC,State House,122,general,Ashley Lawton,Republican,6905.0,43.0,False,False
2020,South Carolina,SC,State House,123,general,Jeff Bradley,Republican,14604.0,62.47,True,True
2020,South Carolina,SC,State House,123,general,Christine deVries,Democratic,8751.0,37.43,False,False
2020,South Carolina,SC,State House,124,general,Shannon Erickson,Republican,11949.0,63.22,True,True
2020,South Carolina,SC,State House,124,general,Barb Nash,Democratic,6924.0,36.63,False,False
2020,South Dakota,SD,State House,1,general,Tamara St. John,Republican,6150.0,41.27,True,True
2020,South Dakota,SD,State House,1,general,Jennifer Healy Keintz,Democratic,4502.0,30.21,True,False
2020,South Dakota,SD,State House,1,general,Steven McCleerey,Democratic,4248.0,28.51,False,True
2020,South Dakota,SD,State House,2,general,Lana Greenfield,Republican,6428.0,50.18,True,True
2020,South Dakota,SD,State House,2,general,Kaleb Weis,Republican,6381.0,49.82,True,True
2020,South Dakota,SD,State House,3,general,Drew Dennert,Republican,7108.0,34.24,True,True
2020,South Dakota,SD,State House,3,general,Carl E. Perry,Republican,6087.0,29.32,True,True
2020,South Dakota,SD,State House,3,general,Leslie McLaughlin,Democratic,3843.0,18.51,False,False
2020,South Dakota,SD,State House,3,general,Justin Roemmick,Democratic,3720.0,17.92,False,False
2020,South Dakota,SD,State House,4,general,Fred Deutsch,Republican,8012.0,42.95,True,True
2020,South Dakota,SD,State House,4,general,John Mills,Republican,7001.0,37.53,True,False
2020,South Dakota,SD,State House,4,general,Becky Holtquist,Democratic,3642.0,19.52,False,False
2020,South Dakota,SD,State House,5,general,Hugh Bartels,Republican,7311.0,54.18,True,True
2020,South Dakota,SD,State House,5,general,Nancy York,Republican,6182.0,45.82,True,True
2020,South Dakota,SD,State House,6,general,Ernie Otten,Republican,9504.0,45.06,True,False
2020,South Dakota,SD,State House,6,general,Aaron Aylward,Republican,6504.0,30.84,True,False
2020,South Dakota,SD,State House,6,general,Cody Ingle,Democratic,5084.0,24.1,False,False
2020,South Dakota,SD,State House,7,general,Tim Reed,Republican,5821.0,33.31,True,True
2020,South Dakota,SD,State House,7,general,Larry Tidemann,Republican,5235.0,29.95,True,False
2020,South Dakota,SD,State House,7,general,Louise Snodgrass,Democratic,3635.0,20.8,False,False
2020,South Dakota,SD,State House,7,general,Bill Adamson,Democratic,2786.0,15.94,False,False
2020,South Dakota,SD,State House,8,general,Marli Wiese,Republican,7029.0,35.54,True,True
2020,South Dakota,SD,State House,8,general,Randy Gross,Republican,6327.0,31.99,True,True
2020,South Dakota,SD,State House,8,general,Val Parsley,Democratic,4260.0,21.54,False,False
2020,South Dakota,SD,State House,8,general,John P. Kessinger,Democratic,2162.0,10.93,False,False
2020,South Dakota,SD,State House,9,general,Rhonda Milstead,Republican,7656.0,32.69,True,True
2020,South Dakota,SD,State House,9,general,Bethany Soye,Republican,6720.0,28.69,True,False
2020,South Dakota,SD,State House,9,general,Michael Saba,Democratic,4679.0,19.98,False,True
2020,South Dakota,SD,State House,9,general,Toni Miller,Democratic,4368.0,18.65,False,False
2020,South Dakota,SD,State House,10,general,Steven Haugaard,Republican,6527.0,37.4,True,True
2020,South Dakota,SD,State House,10,general,Doug Barthel,Republican,6188.0,35.46,True,True
2020,South Dakota,SD,State House,10,general,Michelle L. Hentschel,Democratic,4736.0,27.14,False,False
2020,South Dakota,SD,State House,11,general,Chris Karr,Republican,7253.0,29.3,True,True
2020,South Dakota,SD,State House,11,general,Mark Willadsen,Republican,7172.0,28.97,True,True
2020,South Dakota,SD,State House,11,general,Sheryl Johnson,Democratic,5900.0,23.83,False,False
2020,South Dakota,SD,State House,11,general,Margaret M Kuipers,Democratic,4429.0,17.89,False,False
2020,South Dakota,SD,State House,12,general,Greg Jamison,Republican,6799.0,37.82,True,False
2020,South Dakota,SD,State House,12,general,Arch Beal,Republican,5621.0,31.27,True,True
2020,South Dakota,SD,State House,12,general,Erin Royer,Democratic,5555.0,30.9,False,False
2020,South Dakota,SD,State House,13,general,Sue Peterson,Republican,6746.0,28.22,True,True
2020,South Dakota,SD,State House,13,general,Richard Thomason,Republican,6215.0,26.0,True,False
2020,South Dakota,SD,State House,13,general,Kelly Sullivan,Democratic,5846.0,24.46,False,True
2020,South Dakota,SD,State House,13,general,Norman B. Bliss,Democratic,5094.0,21.31,False,False
2020,South Dakota,SD,State House,14,general,Taylor Rehfeldt,Republican,6933.0,28.49,True,False
2020,South Dakota,SD,State House,14,general,Erin Healy,Democratic,6388.0,26.25,True,True
2020,South Dakota,SD,State House,14,general,Tom Holmes,Republican,5782.0,23.76,False,False
2020,South Dakota,SD,State House,14,general,Mike Huber,Democratic,5228.0,21.49,False,False
2020,South Dakota,SD,State House,15,general,Linda Duba,Democratic,3918.0,28.86,True,True
2020,South Dakota,SD,State House,15,general,Jamie Smith,Democratic,3727.0,27.45,True,True
2020,South Dakota,SD,State House,15,general,Cole Heisey,Republican,2987.0,22.0,False,False
2020,South Dakota,SD,State House,15,general,Matt Rosburg,Republican,2943.0,21.68,False,False
2020,South Dakota,SD,State House,16,general,David Anderson,Republican,8383.0,56.29,True,True
2020,South Dakota,SD,State House,16,general,Kevin Jensen,Republican,6510.0,43.71,True,True
2020,South Dakota,SD,State House,17,general,Sydney Davis,Republican,5278.0,31.25,True,False
2020,South Dakota,SD,State House,17,general,Richard Vasgaard,Republican,4786.0,28.34,True,False
2020,South Dakota,SD,State House,17,general,Al Leber,Democratic,3645.0,21.58,False,False
2020,South Dakota,SD,State House,17,general,Caitlin F. Collier,Democratic,3181.0,18.83,False,False
2020,South Dakota,SD,State House,18,general,Mike Stevens,Republican,6778.0,57.02,True,False
2020,South Dakota,SD,State House,18,general,Ryan Cwach,Democratic,5109.0,42.98,True,True
2020,South Dakota,SD,State House,19,general,Kent Peterson,Republican,8503.0,56.43,True,True
2020,South Dakota,SD,State House,19,general,Marty Overweg,Republican,6564.0,43.57,True,True
2020,South Dakota,SD,State House,20,general,Paul Miskimins,Republican,7403.0,54.97,True,True
2020,South Dakota,SD,State House,20,general,Lance Koth,Republican,6064.0,45.03,True,True
2020,South Dakota,SD,State House,21,general,Rocky Blare,Republican,6330.0,44.33,True,False
2020,South Dakota,SD,State House,21,general,Caleb Finck,Republican,5038.0,35.28,True,True
2020,South Dakota,SD,State House,21,general,Jessica Hegge,Democratic,2911.0,20.39,False,False
2020,South Dakota,SD,State House,22,general,Roger D. Chase,Republican,6165.0,36.25,True,True
2020,South Dakota,SD,State House,22,general,Lynn Schneider,Republican,5855.0,34.42,True,False
2020,South Dakota,SD,State House,22,general,Mark S Smith,Democratic,2640.0,15.52,False,False
2020,South Dakota,SD,State House,22,general,C. John McEnelly,Democratic,2348.0,13.81,False,False
2020,South Dakota,SD,State House,23,general,Spencer Gosch,Republican,8325.0,55.07,True,True
2020,South Dakota,SD,State House,23,general,Charlie Hoffman,Republican,6791.0,44.93,True,False
2020,South Dakota,SD,State House,24,general,Will Mortenson,Republican,8410.0,43.63,True,False
2020,South Dakota,SD,State House,24,general,Mike Weisgram,Republican,7786.0,40.39,True,False
2020,South Dakota,SD,State House,24,general,Amanda Bachmann,Democratic,3079.0,15.97,False,False
2020,South Dakota,SD,State House,25,general,Jon Hansen,Republican,7826.0,32.9,True,True
2020,South Dakota,SD,State House,25,general,Tom Pischke,Republican,7784.0,32.72,True,True
2020,South Dakota,SD,State House,25,general,Jeff Barth,Democratic,4460.0,18.75,False,False
2020,South Dakota,SD,State House,25,general,Jared Nieuwenhuis,Democratic,3720.0,15.64,False,False
2020,South Dakota,SD,State House,26A,general,Shawn Bordeaux,Democratic,2254.0,100.0,True,True
2020,South Dakota,SD,State House,26B,general,Rebecca Reimer,Republican,3578.0,70.43,True,True
2020,South Dakota,SD,State House,26B,general,Tim Feliciano,Democratic,1502.0,29.57,False,False
2020,South Dakota,SD,State House,27,general,Liz Marty May,Republican,3320.0,36.75,True,False
2020,South Dakota,SD,State House,27,general,Peri Pourier,Democratic,3234.0,35.8,True,True
2020,South Dakota,SD,State House,27,general,Ernest Weston Jr.,Democratic,2480.0,27.45,False,False
2020,South Dakota,SD,State House,28A,general,Oren Lesmeister,Democratic,2585.0,100.0,True,True
2020,South Dakota,SD,State House,28B,general,J. Sam Marty,Republican,4847.0,100.0,True,True
2020,South Dakota,SD,State House,29,general,Dean Wink,Republican,8167.0,46.08,True,False
2020,South Dakota,SD,State House,29,general,Kirk Chaffee,Republican,6381.0,36.01,True,True
2020,South Dakota,SD,State House,29,general,Jade Addison,Independent,3174.0,17.91,False,False
2020,South Dakota,SD,State House,30,general,Trish Ladner,Republican,8668.0,50.68,True,False
2020,South Dakota,SD,State House,30,general,Tim Goodwin,Republican,8435.0,49.32,True,True
2020,South Dakota,SD,State House,31,general,Scott Odenbach,Republican,8104.0,41.32,True,False
2020,South Dakota,SD,State House,31,general,Mary Fitzgerald,Republican,6920.0,35.28,True,False
2020,South Dakota,SD,State House,31,general,Brooke Abdallah,Democratic,4590.0,23.4,False,False
2020,South Dakota,SD,State House,32,general,Chris P. Johnson,Republican,6391.0,32.38,True,True
2020,South Dakota,SD,State House,32,general,Becky Drury,Republican,5587.0,28.31,True,False
2020,South Dakota,SD,State House,32,general,James Preston,Democratic,3932.0,19.92,False,False
2020,South Dakota,SD,State House,32,general,Toni Diamond,Democratic,3826.0,19.39,False,False
2020,South Dakota,SD,State House,33,general,Phil Jensen,Republican,10251.0,56.47,True,False
2020,South Dakota,SD,State House,33,general,Taffy Howard,Republican,7902.0,43.53,True,True
2020,South Dakota,SD,State House,34,general,Mike Derby,Republican,7225.0,33.51,True,False
2020,South Dakota,SD,State House,34,general,Jess Olson,Republican,6756.0,31.33,True,True
2020,South Dakota,SD,State House,34,general,Rick Stracqualursi,Democratic,3806.0,17.65,False,False
2020,South Dakota,SD,State House,34,general,Nick Anderson,Democratic,3776.0,17.51,False,False
2020,South Dakota,SD,State House,35,general,Tina Mulally,Republican,5777.0,34.37,True,True
2020,South Dakota,SD,State House,35,general,Tony Randolph,Republican,5375.0,31.98,True,True
2020,South Dakota,SD,State House,35,general,David A. Hubbard,Democratic,2916.0,17.35,False,False
2020,South Dakota,SD,State House,35,general,Pat Cromwell,Democratic,2740.0,16.3,False,False
2020,Tennessee,TN,State House,1,general,John Crawford,Republican,22456.0,100.0,True,True
2020,Tennessee,TN,State House,2,general,Bud Hulsey,Republican,23315.0,77.12,True,True
2020,Tennessee,TN,State House,2,general,Arvil Love Jr.,Democratic,6915.0,22.88,False,False
2020,Tennessee,TN,State House,3,general,Scotty Campbell,Republican,23878.0,100.0,True,False
2020,Tennessee,TN,State House,4,general,John Holsclaw Jr.,Republican,20582.0,81.39,True,True
2020,Tennessee,TN,State House,4,general,Bobby Harrell,Democratic,4708.0,18.61,False,False
2020,Tennessee,TN,State House,5,general,David Hawk,Republican,21277.0,100.0,True,False
2020,Tennessee,TN,State House,6,general,Tim Hicks,Republican,21557.0,72.67,True,False
2020,Tennessee,TN,State House,6,general,Brad Batt,Democratic,8107.0,27.33,False,False
2020,Tennessee,TN,State House,7,general,Rebecca Alexander,Republican,18136.0,100.0,True,False
2020,Tennessee,TN,State House,8,general,Jerome Moon,Republican,23762.0,74.88,True,True
2020,Tennessee,TN,State House,8,general,Jay Clark,Democratic,7971.0,25.12,False,False
2020,Tennessee,TN,State House,9,general,Gary Hicks,Republican,21132.0,100.0,True,True
2020,Tennessee,TN,State House,10,general,Rick Eldridge,Republican,17156.0,100.0,True,True
2020,Tennessee,TN,State House,11,general,Jeremy Faison,Republican,19693.0,100.0,True,True
2020,Tennessee,TN,State House,12,general,Dale Carr,Republican,23858.0,81.26,True,True
2020,Tennessee,TN,State House,12,general,Bennett Lapides,Democratic,5502.0,18.74,False,False
2020,Tennessee,TN,State House,13,general,Gloria Johnson,Democratic,14242.0,52.9,True,True
2020,Tennessee,TN,State House,13,general,Elaine Davis,Republican,12664.0,47.1,False,False
2020,Tennessee,TN,State House,14,general,Jason Zachary,Republican,26539.0,64.6,True,True
2020,Tennessee,TN,State House,14,general,Justin Davis,Democratic,14558.0,35.4,False,False
2020,Tennessee,TN,State House,15,general,Sam McKenzie,Democratic,13158.0,72.9,True,False
2020,Tennessee,TN,State House,15,general,Troy Jones,Independent,4887.0,27.1,False,False
2020,Tennessee,TN,State House,16,general,Michele Carringer,Republican,21438.0,69.3,True,False
2020,Tennessee,TN,State House,16,general,Elizabeth Rowland,Democratic,9517.0,30.7,False,False
2020,Tennessee,TN,State House,17,general,Andrew Farmer,Republican,21608.0,81.4,True,True
2020,Tennessee,TN,State House,17,general,Delynn McCash,Democratic,4935.0,18.6,False,False
2020,Tennessee,TN,State House,18,general,Eddie Mannis,Republican,17400.0,54.81,True,False
2020,Tennessee,TN,State House,18,general,Virginia Couch,Democratic,14350.0,45.19,False,False
2020,Tennessee,TN,State House,19,general,Dave Wright,Republican,24350.0,100.0,True,True
2020,Tennessee,TN,State House,20,general,Bob Ramsey,Republican,23650.0,73.0,True,True
2020,Tennessee,TN,State House,20,general,Susan Sneed,Democratic,8806.0,27.0,False,False
2020,Tennessee,TN,State House,21,general,Lowell Russell,Republican,29224.0,100.0,True,True
2020,Tennessee,TN,State House,22,general,Dan Howell,Republican,24646.0,100.0,True,True
2020,Tennessee,TN,State House,23,general,Mark Cochran,Republican,24290.0,87.0,True,True
2020,Tennessee,TN,State House,23,general,David G.E. Fankhauser,Independent (politician),3711.0,13.0,False,False
2020,Tennessee,TN,State House,24,general,Mark Hall,Republican,19249.0,76.0,True,True
2020,Tennessee,TN,State House,24,general,Daniel Jones,Democratic,5960.0,24.0,False,False
2020,Tennessee,TN,State House,25,general,Cameron Sexton,Republican,27778.0,81.63,True,True
2020,Tennessee,TN,State House,25,general,Robyn Deck,Democratic,6250.0,18.37,False,False
2020,Tennessee,TN,State House,26,general,Robin T. Smith,Republican,24396.0,65.0,True,True
2020,Tennessee,TN,State House,26,general,Joan Farrell,Democratic,13311.0,35.0,False,False
2020,Tennessee,TN,State House,27,general,Patsy Hazlewood,Republican,26988.0,100.0,True,True
2020,Tennessee,TN,State House,28,general,Yusuf Hakeem,Democratic,21062.0,100.0,True,True
2020,Tennessee,TN,State House,29,general,Mike Carter,Republican,28261.0,100.0,True,True
2020,Tennessee,TN,State House,30,general,Esther Helton,Republican,19146.0,62.0,True,True
2020,Tennessee,TN,State House,30,general,Joseph Udeaja,Democratic,11907.0,38.0,False,False
2020,Tennessee,TN,State House,31,general,Ron Travis,Republican,23293.0,83.0,True,True
2020,Tennessee,TN,State House,31,general,Dean Sparks,Democratic,4779.0,17.0,False,False
2020,Tennessee,TN,State House,32,general,Kent Calfee,Republican,25647.0,100.0,True,True
2020,Tennessee,TN,State House,33,general,John D. Ragan,Republican,23145.0,100.0,True,True
2020,Tennessee,TN,State House,34,general,Tim Rudd,Republican,26284.0,62.0,True,True
2020,Tennessee,TN,State House,34,general,Mary R. Vaughn,Democratic,16381.0,38.0,False,False
2020,Tennessee,TN,State House,35,general,Jerry Sexton,Republican,20824.0,100.0,True,True
2020,Tennessee,TN,State House,36,general,Dennis Powers,Republican,19044.0,83.0,True,True
2020,Tennessee,TN,State House,36,general,CJ Mitchell,Democratic,4053.0,18.0,False,False
2020,Tennessee,TN,State House,37,general,Charlie Baum,Republican,17372.0,58.0,True,True
2020,Tennessee,TN,State House,37,general,Mariah N. Phillips,Democratic,12509.0,42.0,False,False
2020,Tennessee,TN,State House,38,general,Kelly T Keisling,Republican,22177.0,86.0,True,False
2020,Tennessee,TN,State House,38,general,Carol Abney,Democratic,3724.0,14.0,False,False
2020,Tennessee,TN,State House,39,general,Iris Rudder,Republican,21737.0,100.0,True,True
2020,Tennessee,TN,State House,40,general,Terri Lynn Weaver,Republican,25986.0,79.0,True,True
2020,Tennessee,TN,State House,40,general,Paddy Sizemore,Independent,6991.0,21.0,False,False
2020,Tennessee,TN,State House,41,general,John Windle,Democratic,17396.0,100.0,True,True
2020,Tennessee,TN,State House,42,general,Ryan Williams,Republican,20591.0,,True,False
2020,Tennessee,TN,State House,43,general,Paul Sherrell,Republican,20091.0,80.0,True,False
2020,Tennessee,TN,State House,43,general,Luke Cameron,Independent,5112.0,20.0,False,False
2020,Tennessee,TN,State House,44,general,William Lamberth,Republican,27015.0,,True,False
2020,Tennessee,TN,State House,45,general,Johnny Garrett,Republican,29487.0,,True,False
2020,Tennessee,TN,State House,46,general,Clark Boyd,Republican,28219.0,,True,False
2020,Tennessee,TN,State House,47,general,Rush Bricken,Republican,23938.0,,True,False
2020,Tennessee,TN,State House,48,general,Bryan Terry,Republican,19724.0,62.0,True,False
2020,Tennessee,TN,State House,48,general,Matt Ferry,Democratic,12236.0,38.0,False,False
2020,Tennessee,TN,State House,49,general,Mike Sparks,Republican,15375.0,54.0,True,False
2020,Tennessee,TN,State House,49,general,Brandon Thomas,Democratic,13167.0,46.0,False,False
2020,Tennessee,TN,State House,50,general,Bo Mitchell,Democratic,23658.0,,True,False
2020,Tennessee,TN,State House,51,general,Bill Beck,Democratic,27212.0,,True,False
2020,Tennessee,TN,State House,52,general,Mike Stewart,Democratic,16421.0,72.0,True,False
2020,Tennessee,TN,State House,52,general,Donna Tees,Republican,6382.0,28.0,False,False
2020,Tennessee,TN,State House,53,general,Jason L. Powell,Democratic,20075.0,,True,False
2020,Tennessee,TN,State House,54,general,Vincent Dixie,Democratic,24619.0,,True,False
2020,Tennessee,TN,State House,55,general,John Ray Clemmons,Democratic,25707.0,,True,False
2020,Tennessee,TN,State House,56,general,Bob Freeman,Democratic,22321.0,54.0,True,False
2020,Tennessee,TN,State House,56,general,Diane Michel Canada,Republican,18891.0,46.0,False,False
2020,Tennessee,TN,State House,57,general,Susan M Lynn,Republican,31239.0,69.0,True,False
2020,Tennessee,TN,State House,57,general,Tom Sottek,Independent,13727.0,31.0,False,False
2020,Tennessee,TN,State House,58,general,Harold M. Love,Democratic,23839.0,,True,False
2020,Tennessee,TN,State House,59,general,Jason Potts,Democratic,15418.0,,True,False
2020,Tennessee,TN,State House,60,general,Darren Jernigan,Democratic,23220.0,,True,False
2020,Tennessee,TN,State House,61,general,Brandon Ogles,Republican,27440.0,65.9,True,True
2020,Tennessee,TN,State House,61,general,Sam Bledsoe,Democratic,14178.0,34.1,False,False
2020,Tennessee,TN,State House,62,general,Pat Marsh,Republican,21399.0,99.1,True,False
2020,Tennessee,TN,State House,62,general,Write-In – Tre Stewart,Democratic,194.0,0.9,False,False
2020,Tennessee,TN,State House,63,general,Glen Casada,Republican,33360.0,59.63,True,False
2020,Tennessee,TN,State House,63,general,Elizabeth Madeira,Democratic,18088.0,32.34,False,False
2020,Tennessee,TN,State House,63,general,Bradley Fiscus,Independent,4494.0,8.03,False,False
2020,Tennessee,TN,State House,64,general,Scott Cepicky,Republican,26003.0,71.12,True,False
2020,Tennessee,TN,State House,64,general,James Campbell,Democratic,10561.0,28.88,False,False
2020,Tennessee,TN,State House,65,general,Sam Whitson,Republican,26616.0,68.06,True,False
2020,Tennessee,TN,State House,65,general,Jennifer Foley,Democratic,12488.0,31.94,False,False
2020,Tennessee,TN,State House,66,general,Sabi Kumar,Republican,23348.0,77.6,True,False
2020,Tennessee,TN,State House,66,general,Jarvus M. Turnley,Democratic,6740.0,22.4,False,False
2020,Tennessee,TN,State House,67,general,Jason Hodges,Democratic,12841.0,55.0,True,False
2020,Tennessee,TN,State House,67,general,John W. Dawson,Republican,10538.0,45.0,False,False
2020,Tennessee,TN,State House,68,general,Curtis Johnson,Republican,28351.0,100.0,True,False
2020,Tennessee,TN,State House,69,general,Michael G. Curcio,Republican,18804.0,70.0,True,False
2020,Tennessee,TN,State House,69,general,Eddie Johnson,Democratic,7954.0,30.0,False,False
2020,Tennessee,TN,State House,70,general,Clay Doggett,Republican,22568.0,100.0,True,False
2020,Tennessee,TN,State House,71,general,David Byrd,Republican,21427.0,100.0,True,False
2020,Tennessee,TN,State House,72,general,Kirk Haston,Republican,24633.0,100.0,True,False
2020,Tennessee,TN,State House,73,general,Chris Todd,Republican,25093.0,100.0,True,False
2020,Tennessee,TN,State House,74,general,Jay Reedy,Republican,18085.0,100.0,True,False
2020,Tennessee,TN,State House,75,general,Bruce Griffey,Republican,20140.0,81.0,True,False
2020,Tennessee,TN,State House,75,general,James Hart,Independent,4626.0,19.0,False,False
2020,Tennessee,TN,State House,76,general,Tandy Darby,Republican,16948.0,76.0,True,False
2020,Tennessee,TN,State House,76,general,Jeffery T. Washburn,Independent,5365.0,24.0,False,False
2020,Tennessee,TN,State House,77,general,Rusty Grills,Republican,21036.0,100.0,True,False
2020,Tennessee,TN,State House,78,general,Mary Littleton,Republican,23585.0,72.25,True,False
2020,Tennessee,TN,State House,78,general,Holly Spann,Democratic,9060.0,27.75,False,False
2020,Tennessee,TN,State House,79,general,Curtis Halford,Republican,21862.0,100.0,True,False
2020,Tennessee,TN,State House,80,general,Johnny W. Shaw,Democratic,15395.0,100.0,True,False
2020,Tennessee,TN,State House,81,general,Debra Moody,Republican,19897.0,100.0,True,False
2020,Tennessee,TN,State House,82,general,Chris Hurt,Republican,12432.0,59.0,True,False
2020,Tennessee,TN,State House,82,general,Andrea Bond-Johnson,Democratic,8684.0,41.0,False,False
2020,Tennessee,TN,State House,83,general,Mark White,Republican,17738.0,54.0,True,False
2020,Tennessee,TN,State House,83,general,Jerri Green,Democratic,15136.0,46.0,False,False
2020,Tennessee,TN,State House,84,general,Joe Towns Jr.,Democratic,16974.0,100.0,True,False
2020,Tennessee,TN,State House,85,general,Jesse Chism,Democratic,20050.0,100.0,True,False
2020,Tennessee,TN,State House,86,general,Barbara Cooper,Democratic,15803.0,73.0,True,False
2020,Tennessee,TN,State House,86,general,Rob White,Republican,5946.0,27.0,False,False
2020,Tennessee,TN,State House,87,general,Karen Camper,Democratic,15915.0,100.0,True,False
2020,Tennessee,TN,State House,88,general,Larry J. Miller,Democratic,17615.0,100.0,True,False
2020,Tennessee,TN,State House,89,general,Justin Lafferty,Republican,23905.0,70.0,True,False
2020,Tennessee,TN,State House,89,general,Greg Mills,Independent,9426.0,28.0,False,False
2020,Tennessee,TN,State House,89,general,Kari Keeling,Write-in,757.0,2.0,False,False
2020,Tennessee,TN,State House,90,general,Torrey Harris,Democratic,15996.0,77.0,True,False
2020,Tennessee,TN,State House,90,general,John DeBerry,Independent,4689.0,23.0,False,True
2020,Tennessee,TN,State House,91,general,London Lamar,Democratic,14082.0,100.0,True,False
2020,Tennessee,TN,State House,92,general,Todd Warner,Republican,23212.0,100.0,True,False
2020,Tennessee,TN,State House,93,general,G.A. Hardaway,Democratic,13900.0,100.0,True,False
2020,Tennessee,TN,State House,94,general,Ron M. Gant,Republican,26941.0,100.0,True,False
2020,Tennessee,TN,State House,95,general,William Kevin Vaughan,Republican,27747.0,70.0,True,False
2020,Tennessee,TN,State House,95,general,Lynnette P. Williams,Democratic,12086.0,30.0,False,False
2020,Tennessee,TN,State House,96,general,"Patricia ""Patti"" Possel",Republican,13491.0,41.0,True,False
2020,Tennessee,TN,State House,96,general,Dwayne Thompson,Democratic,19613.0,59.0,False,False
2020,Tennessee,TN,State House,97,general,John Gillespie,Republican,14712.0,50.8,True,False
2020,Tennessee,TN,State House,97,general,Gabby Salinas,Democratic,14246.0,49.2,False,False
2020,Tennessee,TN,State House,98,general,Antonio Parkinson,Democratic,14670.0,100.0,True,False
2020,Tennessee,TN,State House,99,general,Tom Leatherwood,Republican,28046.0,100.0,True,False
2020,Texas,TX,State House,1,general,Gary VanDeaver,Republican,59508.0,100.0,True,True
2020,Texas,TX,State House,2,general,Bryan Slaton,Republican,63074.0,81.29,True,False
2020,Texas,TX,State House,2,general,Bill Brannon,Democratic,14514.0,18.71,False,False
2020,Texas,TX,State House,3,general,Cecil Bell Jr.,Republican,70385.0,77.34,True,True
2020,Texas,TX,State House,3,general,Martin Shupp,Democratic,20625.0,22.66,False,False
2020,Texas,TX,State House,4,general,Keith Bell,Republican,65903.0,79.08,True,True
2020,Texas,TX,State House,4,general,K. Nicole Sprabary,Libertarian,17437.0,20.92,False,False
2020,Texas,TX,State House,5,general,Cole Hefner,Republican,59197.0,79.97,True,True
2020,Texas,TX,State House,5,general,Lawyanda Prince,Democratic,14824.0,20.03,False,False
2020,Texas,TX,State House,6,general,Matt Schaefer,Republican,50143.0,68.16,True,True
2020,Texas,TX,State House,6,general,Julie Gobble,Democratic,23426.0,31.84,False,False
2020,Texas,TX,State House,7,general,Jay Dean,Republican,54726.0,100.0,True,True
2020,Texas,TX,State House,8,general,Cody Harris,Republican,50433.0,85.91,True,True
2020,Texas,TX,State House,8,general,R. Edwin Adams,Libertarian,8271.0,14.09,False,False
2020,Texas,TX,State House,9,general,Chris Paddie,Republican,62151.0,100.0,True,True
2020,Texas,TX,State House,10,general,Jake Ellzey,Republican,65062.0,75.83,True,False
2020,Texas,TX,State House,10,general,Matt Savino,Libertarian,20733.0,24.17,False,False
2020,Texas,TX,State House,11,general,Travis Clardy,Republican,49864.0,75.75,True,True
2020,Texas,TX,State House,11,general,Alec Johnson,Democratic,15965.0,24.25,False,False
2020,Texas,TX,State House,12,general,Kyle Kacal,Republican,49785.0,100.0,True,True
2020,Texas,TX,State House,13,general,Ben Leman,Republican,72890.0,100.0,True,True
2020,Texas,TX,State House,14,general,John Raney,Republican,35922.0,57.53,True,True
2020,Texas,TX,State House,14,general,Janet Dudding,Democratic,26520.0,42.47,False,False
2020,Texas,TX,State House,15,general,Steve Toth,Republican,71586.0,66.47,True,True
2020,Texas,TX,State House,15,general,Lorena Perez McGill,Democratic,36111.0,33.53,False,False
2020,Texas,TX,State House,16,general,Will Metcalf,Republican,74821.0,100.0,True,True
2020,Texas,TX,State House,17,general,John P. Cyrier,Republican,45219.0,63.6,True,True
2020,Texas,TX,State House,17,general,Madeline Eden,Democratic,25881.0,36.4,False,False
2020,Texas,TX,State House,18,general,Ernest Bailes,Republican,56026.0,100.0,True,True
2020,Texas,TX,State House,19,general,James White,Republican,72573.0,100.0,True,True
2020,Texas,TX,State House,20,general,Terry M. Wilson,Republican,78884.0,71.37,True,True
2020,Texas,TX,State House,20,general,Jessica Tiedt,Democratic,31648.0,28.63,False,False
2020,Texas,TX,State House,21,general,Dade Phelan,Republican,65689.0,100.0,True,True
2020,Texas,TX,State House,22,general,Joe Deshotel,Democratic,35903.0,68.27,True,True
2020,Texas,TX,State House,22,general,Jacorion Randle,Republican,14676.0,31.73,False,False
2020,Texas,TX,State House,23,general,Mayes Middleton,Republican,47068.0,60.17,True,True
2020,Texas,TX,State House,23,general,Jeff Antonelli,Democratic,31154.0,39.83,False,False
2020,Texas,TX,State House,24,general,Greg Bonnen,Republican,65560.0,69.92,True,True
2020,Texas,TX,State House,24,general,Brian J. Rogers,Democratic,25848.0,27.57,False,False
2020,Texas,TX,State House,24,general,Dick Illyes,Libertarian,2356.0,2.51,False,False
2020,Texas,TX,State House,25,general,Cody Vasut,Republican,48482.0,71.57,True,False
2020,Texas,TX,State House,25,general,Patrick Henry,Democratic,19261.0,28.43,False,False
2020,Texas,TX,State House,26,general,Jacey Jetton,Republican,43438.0,51.79,True,False
2020,Texas,TX,State House,26,general,Sarah DeMarchant,Democratic,40436.0,48.21,False,False
2020,Texas,TX,State House,27,general,Ron Reynolds,Democratic,56373.0,67.81,True,True
2020,Texas,TX,State House,27,general,Tom Virippan,Republican,26766.0,32.19,False,False
2020,Texas,TX,State House,28,general,Gary Gates,Republican,66619.0,55.27,True,True
2020,Texas,TX,State House,28,general,Elizabeth Markowitz,Democratic,53908.0,44.73,False,False
2020,Texas,TX,State House,29,general,Ed Thompson,Republican,54594.0,56.69,True,True
2020,Texas,TX,State House,29,general,Travis Boldt,Democratic,41712.0,43.31,False,False
2020,Texas,TX,State House,30,general,Geanie Morrison,Republican,57232.0,100.0,True,True
2020,Texas,TX,State House,31,general,Ryan Guillen,Democratic,32235.0,58.41,True,True
2020,Texas,TX,State House,31,general,Marian Knowlton,Republican,22950.0,41.59,False,False
2020,Texas,TX,State House,32,general,Todd Ames Hunter,Republican,42357.0,61.14,True,True
2020,Texas,TX,State House,32,general,Eric Holguin,Democratic,26925.0,38.86,False,False
2020,Texas,TX,State House,33,general,Justin Holland,Republican,77503.0,64.95,True,True
2020,Texas,TX,State House,33,general,Andy Rose,Democratic,41827.0,35.05,False,False
2020,Texas,TX,State House,34,general,Abel Herrero,Democratic,32720.0,59.49,True,True
2020,Texas,TX,State House,34,general,James Hernandez,Republican,22284.0,40.51,False,False
2020,Texas,TX,State House,35,general,Oscar Longoria,Democratic,31195.0,100.0,True,True
2020,Texas,TX,State House,36,general,Sergio Muñoz Jr.,Democratic,36564.0,100.0,True,True
2020,Texas,TX,State House,37,general,Alex Dominguez,Democratic,27650.0,100.0,True,True
2020,Texas,TX,State House,38,general,Eddie Lucio III,Democratic,35492.0,100.0,True,True
2020,Texas,TX,State House,39,general,Armando Martinez,Democratic,36860.0,100.0,True,True
2020,Texas,TX,State House,40,general,Terry Canales,Democratic,34576.0,100.0,True,True
2020,Texas,TX,State House,41,general,Robert 'Bobby' Guerra,Democratic,32097.0,57.87,True,True
2020,Texas,TX,State House,41,general,John Robert 'Doc' Guerra,Republican,23366.0,42.13,False,False
2020,Texas,TX,State House,42,general,Richard Peña Raymond,Democratic,35709.0,100.0,True,True
2020,Texas,TX,State House,43,general,Jose Manuel Lozano Jr.,Republican,45357.0,100.0,True,True
2020,Texas,TX,State House,44,general,John Kuempel,Republican,67308.0,67.42,True,True
2020,Texas,TX,State House,44,general,Robert Bohmfalk,Democratic,29433.0,29.48,False,False
2020,Texas,TX,State House,44,general,Julian Mardock,Libertarian,3100.0,3.1,False,False
2020,Texas,TX,State House,45,general,Erin Zwiener,Democratic,57383.0,50.53,True,True
2020,Texas,TX,State House,45,general,Carrie Isaac,Republican,56175.0,49.47,False,False
2020,Texas,TX,State House,46,general,Sheryl Cole,Democratic,62064.0,100.0,True,True
2020,Texas,TX,State House,47,general,Vikki Goodwin,Democratic,63703.0,49.27,True,True
2020,Texas,TX,State House,47,general,Justin Berry,Republican,59218.0,48.28,False,False
2020,Texas,TX,State House,47,general,Michael Clark,Libertarian,3311.0,2.44,False,False
2020,Texas,TX,State House,48,general,Donna Howard,Democratic,69948.0,70.1,True,True
2020,Texas,TX,State House,48,general,Bill Strieber,Republican,31382.0,29.9,False,False
2020,Texas,TX,State House,49,general,Gina Hinojosa,Democratic,80258.0,78.85,True,True
2020,Texas,TX,State House,49,general,Charles Allan Meyer,Republican,18277.0,17.96,False,False
2020,Texas,TX,State House,49,general,Kenneth M. Moore,Libertarian,3248.0,3.19,False,False
2020,Texas,TX,State House,50,general,Celia Israel,Democratic,63449.0,68.78,True,True
2020,Texas,TX,State House,50,general,Larry Delarose,Republican,28805.0,31.22,False,False
2020,Texas,TX,State House,51,general,Eddie Rodriguez,Democratic,59257.0,82.66,True,True
2020,Texas,TX,State House,51,general,Robert Reynolds,Republican,12431.0,17.34,False,False
2020,Texas,TX,State House,52,general,James Talarico,Democratic,50520.0,51.48,True,True
2020,Texas,TX,State House,52,general,Lucio Valdez,Republican,47611.0,48.52,False,False
2020,Texas,TX,State House,53,general,Andrew Murr,Republican,67127.0,78.2,True,True
2020,Texas,TX,State House,53,general,Joe P. Herrera,Democratic,18713.0,21.8,False,False
2020,Texas,TX,State House,54,general,Brad Buckley,Republican,38853.0,53.39,True,True
2020,Texas,TX,State House,54,general,"Likeithia ""Keke"" Williams",Democratic,33918.0,46.61,False,False
2020,Texas,TX,State House,55,general,Hugh Shine,Republican,42390.0,100.0,True,True
2020,Texas,TX,State House,56,general,"Charles ""Doc"" Anderson",Republican,49030.0,67.29,True,True
2020,Texas,TX,State House,56,general,Katherine Turner-Pearson,Democratic,23833.0,32.71,False,False
2020,Texas,TX,State House,57,general,Trent Ashby,Republican,53930.0,79.45,True,True
2020,Texas,TX,State House,57,general,Jason Rogers,Democratic,13946.0,20.55,False,False
2020,Texas,TX,State House,58,general,DeWayne Burns,Republican,62176.0,79.04,True,True
2020,Texas,TX,State House,58,general,Cindy Rocha,Democratic,16489.0,20.96,False,False
2020,Texas,TX,State House,59,general,Shelby Slawson,Republican,53825.0,100.0,True,False
2020,Texas,TX,State House,60,general,Glenn Rogers,Republican,75270.0,100.0,True,True
2020,Texas,TX,State House,61,general,Phil King,Republican,87526.0,82.95,True,True
2020,Texas,TX,State House,61,general,Christopher Cox,Democratic,14940.0,14.16,False,False
2020,Texas,TX,State House,61,general,J. K. Stephenson,Libertarian,3049.0,2.89,False,False
2020,Texas,TX,State House,62,general,Reggie Smith,Republican,59020.0,78.59,True,True
2020,Texas,TX,State House,62,general,Gary D. Thomas,Democratic,16074.0,21.41,False,False
2020,Texas,TX,State House,63,general,Tan Parker,Republican,73297.0,67.42,True,True
2020,Texas,TX,State House,63,general,Leslie Peeler,Democratic,35426.0,32.58,False,False
2020,Texas,TX,State House,64,general,Lynn Stucky,Republican,48188.0,54.95,True,True
2020,Texas,TX,State House,64,general,Angela Brewer,Democratic,39504.0,45.05,False,False
2020,Texas,TX,State House,65,general,Michelle Beckley,Democratic,40529.0,51.51,True,True
2020,Texas,TX,State House,65,general,Kronda Thimesch,Republican,38156.0,48.49,False,False
2020,Texas,TX,State House,66,general,Matt Shaheen,Republican,42728.0,49.56,True,True
2020,Texas,TX,State House,66,general,Sharon Hirsch,Democratic,41879.0,48.58,False,False
2020,Texas,TX,State House,66,general,Shawn Jones,Libertarian,1600.0,1.86,False,False
2020,Texas,TX,State House,67,general,Jeff Leach,Republican,49113.0,51.71,True,True
2020,Texas,TX,State House,67,general,Lorenzo Sanchez,Democratic,45867.0,48.29,False,False
2020,Texas,TX,State House,68,general,Drew Springer,Republican,56656.0,85.47,True,True
2020,Texas,TX,State House,68,general,Patsy Ledbetter,Democratic,9630.0,14.53,False,False
2020,Texas,TX,State House,69,general,James B. Frank,Republican,49731.0,100.0,True,True
2020,Utah,UT,State House,1,general,Joel Ferry,Republican,15098.0,79.4,True,True
2020,Utah,UT,State House,1,general,Amber Hardy,Democratic,2514.0,13.22,False,False
2020,Utah,UT,State House,1,general,Sherry Phipps,Constitution,1402.0,7.37,False,False
2020,Utah,UT,State House,2,general,Jefferson Moss,Republican,27428.0,100.0,True,True
2020,Utah,UT,State House,3,general,Mike Petersen,Republican,15197.0,73.73,True,False
2020,Utah,UT,State House,3,general,Holly Gunther,Democratic,5415.0,26.27,False,False
2020,Utah,UT,State House,4,general,Dan Johnson,Republican,8196.0,59.43,True,True
2020,Utah,UT,State House,4,general,Mary DaSilva,Democratic,5595.0,40.57,False,False
2020,Utah,UT,State House,5,general,Casey Snider,Republican,15841.0,79.57,True,True
2020,Utah,UT,State House,5,general,Lauren Abell,Democratic,4068.0,20.43,False,False
2020,Utah,UT,State House,6,general,Cory Maloy,Republican,19551.0,80.4,True,True
2020,Utah,UT,State House,6,general,Christopher Rawlins,United Utah,4767.0,19.6,False,False
2020,Utah,UT,State House,7,general,Ryan Wilcox,Republican,12055.0,64.6,True,False
2020,Utah,UT,State House,7,general,Grant Protzman,Democratic,6607.0,35.4,False,False
2020,Utah,UT,State House,8,general,Steve Waldrip,Republican,10067.0,56.98,True,True
2020,Utah,UT,State House,8,general,Oscar Mata,Democratic,7600.0,43.02,False,False
2020,Utah,UT,State House,9,general,Cal Musselman,Republican,8426.0,58.41,True,False
2020,Utah,UT,State House,9,general,Steve Olsen,Democratic,5999.0,41.59,False,False
2020,Utah,UT,State House,10,general,LaWanna Shurtliff,Democratic,7054.0,51.02,True,True
2020,Utah,UT,State House,10,general,Travis Campbell,Republican,6771.0,48.98,False,False
2020,Utah,UT,State House,11,general,Kelly Miles,Republican,10996.0,60.3,True,True
2020,Utah,UT,State House,11,general,Jason Allen,Democratic,7238.0,39.7,False,False
2020,Utah,UT,State House,12,general,Mike Schultz,Republican,13478.0,77.19,True,True
2020,Utah,UT,State House,12,general,Shawn Ferriola,United Utah,3983.0,22.8,False,False
2020,Utah,UT,State House,13,general,Paul Ray,Republican,10798.0,63.15,True,True
2020,Utah,UT,State House,13,general,Tab Uno,Democratic,6302.0,36.85,False,False
2020,Utah,UT,State House,14,general,Karianne Lisonbee,Republican,10336.0,65.43,True,True
2020,Utah,UT,State House,14,general,Olivia Jaramillo,Democratic,5462.0,34.57,False,False
2020,Utah,UT,State House,15,general,Brad Wilson,Republican,17965.0,77.22,True,True
2020,Utah,UT,State House,15,general,Ammon Gruwell,United Utah,5301.0,22.78,False,False
2020,Utah,UT,State House,16,general,Stephen Handy,Republican,10890.0,62.15,True,True
2020,Utah,UT,State House,16,general,Cheryl Nunn,Democratic,5272.0,30.09,False,False
2020,Utah,UT,State House,16,general,Brent Zimmerman,Libertarian,1361.0,7.77,False,False
2020,Utah,UT,State House,17,general,Stewart Barlow,Republican,13881.0,68.81,True,True
2020,Utah,UT,State House,17,general,Eric Last,Democratic,5214.0,25.85,False,False
2020,Utah,UT,State House,17,general,Jeannette Proctor,Constitution,1077.0,5.34,False,False
2020,Utah,UT,State House,18,general,Timothy Hawkes,Republican,17281.0,72.88,True,True
2020,Utah,UT,State House,18,general,Katherine Nicholson,Democratic,6431.0,27.12,False,False
2020,Utah,UT,State House,19,general,Raymond Ward,Republican,15870.0,80.37,True,True
2020,Utah,UT,State House,19,general,Cameron Dransfield,Constitution,3876.0,19.63,False,False
2020,Utah,UT,State House,20,general,Melissa Garff Ballard,Republican,13828.0,67.31,True,True
2020,Utah,UT,State House,20,general,Phil Graves,Democratic,6717.0,32.69,False,False
2020,Utah,UT,State House,21,general,Douglas Sagers,Republican,10468.0,63.69,True,True
2020,Utah,UT,State House,21,general,Stormy Simon,Democratic,5968.0,36.31,False,False
2020,Utah,UT,State House,22,general,Clare Collard,Democratic,7239.0,50.94,True,False
2020,Utah,UT,State House,22,general,Anthony Loubet,Republican,6973.0,49.06,False,False
2020,Utah,UT,State House,23,general,Sandra Hollins,Democratic,7879.0,73.61,True,True
2020,Utah,UT,State House,23,general,Bradley Borden,Republican,2825.0,26.39,False,False
2020,Utah,UT,State House,24,general,Jennifer Dailey-Provost,Democratic,18119.0,100.0,True,True
2020,Utah,UT,State House,25,general,Joel Briscoe,Democratic,16475.0,82.75,True,True
2020,Utah,UT,State House,25,general,Karel McDonough,Republican,2827.0,14.2,False,False
2020,Utah,UT,State House,25,general,Cabot Nelson,United Utah,607.0,3.05,False,False
2020,Utah,UT,State House,26,general,Angela Romero,Democratic,10824.0,100.0,True,True
2020,Utah,UT,State House,27,general,Brady Brammer,Republican,20733.0,100.0,True,True
2020,Utah,UT,State House,28,general,Brian King,Democratic,16416.0,71.94,True,True
2020,Utah,UT,State House,28,general,Carol Hunter,Republican,6403.0,28.06,False,False
2020,Utah,UT,State House,29,general,Matt Gwynn,Republican,17452.0,78.62,True,False
2020,Utah,UT,State House,29,general,Kerry Wayne,Democratic,4054.0,18.26,False,False
2020,Utah,UT,State House,29,general,Tanner Greenhalgh,United Utah,691.0,3.11,False,False
2020,Utah,UT,State House,30,general,Mike Winder,Republican,7611.0,58.3,True,True
2020,Utah,UT,State House,30,general,Robert Burch,Democratic,5443.0,41.7,False,False
2020,Utah,UT,State House,31,general,Elizabeth Weight,Democratic,6261.0,56.61,True,True
2020,Utah,UT,State House,31,general,Matt MacPherson,Republican,4799.0,43.39,False,False
2020,Utah,UT,State House,32,general,Suzanne Harrison,Democratic,11405.0,55.08,True,True
2020,Utah,UT,State House,32,general,Cindie Quintana,Republican,9301.0,44.92,False,False
2020,Utah,UT,State House,33,general,Craig Hall,Republican,5398.0,50.69,True,True
2020,Utah,UT,State House,33,general,Fatima Dirie,Democratic,5252.0,49.31,False,False
2020,Utah,UT,State House,34,general,Karen Kwan,Democratic,8558.0,56.99,True,True
2020,Utah,UT,State House,34,general,David Young,Republican,6458.0,43.01,False,False
2020,Utah,UT,State House,35,general,Mark Wheatley,Democratic,9867.0,67.77,True,True
2020,Utah,UT,State House,35,general,Luke Guastafson,Republican,4031.0,27.69,False,False
2020,Utah,UT,State House,35,general,Adam Bean,United Utah,662.0,4.55,False,False
2020,Utah,UT,State House,36,general,Doug Owens,Democratic,14350.0,59.7,True,False
2020,Utah,UT,State House,36,general,Lisa Bagley,Republican,9365.0,38.96,False,False
2020,Utah,UT,State House,36,general,Nishan Beglarian,Constitution,321.0,1.34,False,False
2020,Utah,UT,State House,37,general,Carol Spackman Moss,Democratic,13037.0,61.13,True,True
2020,Utah,UT,State House,37,general,Maryann Christensen,Republican,8288.0,38.87,False,False
2020,Utah,UT,State House,38,general,Ashlee Matthews,Democratic,6143.0,51.67,True,False
2020,Utah,UT,State House,38,general,Eric Hutchings,Republican,5747.0,48.33,False,True
2020,Utah,UT,State House,39,general,James Dunnigan,Republican,7836.0,50.27,True,True
2020,Utah,UT,State House,39,general,Lynette Wendel,Democratic,7752.0,49.73,False,False
2020,Utah,UT,State House,40,general,Stephanie Pitcher,Democratic,13261.0,69.42,True,True
2020,Utah,UT,State House,40,general,Jeremiah Clark,Republican,5841.0,30.58,False,False
2020,Utah,UT,State House,41,general,Mark Strong,Republican,17312.0,69.4,True,True
2020,Utah,UT,State House,41,general,Wendy Garvin,Democratic,6032.0,24.18,False,False
2020,Utah,UT,State House,41,general,David Lundgren,United Utah,1602.0,6.42,False,False
2020,Utah,UT,State House,42,general,Jordan Teuscher,Republican,14011.0,58.53,True,False
2020,Utah,UT,State House,42,general,Samuel Winkler,Democratic,8749.0,36.55,False,False
2020,Utah,UT,State House,42,general,Ryan Boudwin,United Utah,1178.0,4.92,False,False
2020,Utah,UT,State House,43,general,Cheryl Acton,Republican,7988.0,52.36,True,True
2020,Utah,UT,State House,43,general,Diane Lewis,Democratic,6443.0,42.23,False,False
2020,Utah,UT,State House,43,general,Jefferson Bardin,United Utah,825.0,5.41,False,False
2020,Utah,UT,State House,44,general,Andrew Stoddard,Democratic,10346.0,55.69,True,True
2020,Utah,UT,State House,44,general,Kyle Bird,Republican,7498.0,40.36,False,False
2020,Utah,UT,State House,44,general,John Jackson,United Utah,733.0,3.95,False,False
2020,Utah,UT,State House,45,general,Steve Eliason,Republican,9748.0,50.2,True,True
2020,Utah,UT,State House,45,general,Wendy Davis,Democratic,9671.0,49.8,False,False
2020,Utah,UT,State House,46,general,Gay Bennion,Democratic,12467.0,56.61,True,False
2020,Utah,UT,State House,46,general,Jaren Davis,Republican,8520.0,38.69,False,False
2020,Utah,UT,State House,46,general,Lee Anne Walker,Libertarian,1034.0,4.7,False,False
2020,Utah,UT,State House,47,general,Steve Christiansen,Republican,9285.0,57.49,True,True
2020,Utah,UT,State House,47,general,Scott Bell,Democratic,6867.0,42.51,False,False
2020,Utah,UT,State House,49,general,Robert Spendlove,Republican,12075.0,53.84,True,True
2020,Utah,UT,State House,49,general,Siamak Khadjenoury,Democratic,10353.0,46.16,False,False
2020,Utah,UT,State House,50,general,Susan Pulsipher,Republican,19125.0,71.47,True,True
2020,Utah,UT,State House,50,general,Emily Hayes,Democratic,7636.0,28.53,False,False
2020,Utah,UT,State House,51,general,Jeff Stenquist,Republican,12773.0,63.36,True,True
2020,Utah,UT,State House,51,general,David Hunt,Democratic,7385.0,36.64,False,False
2020,Utah,UT,State House,52,general,Candice Pierucci,Republican,21126.0,69.86,True,True
2020,Utah,UT,State House,52,general,Catherine Voutaz,Democratic,9113.0,30.14,False,False
2020,Utah,UT,State House,53,general,Kera Birkeland,Republican,15142.0,63.62,True,False
2020,Utah,UT,State House,53,general,Cheryl Butler,Democratic,8657.0,36.38,False,False
2020,Utah,UT,State House,54,general,Mike Kohler,Republican,14275.0,54.33,True,False
2020,Utah,UT,State House,54,general,Meaghan Miller,Democratic,11999.0,45.67,False,False
2020,Utah,UT,State House,55,general,Scott Chew,Republican,15774.0,100.0,True,True
2020,Utah,UT,State House,56,general,Kay Christofferson,Republican,15844.0,81.59,True,True
2020,Utah,UT,State House,56,general,Kate Walters,United Utah,3576.0,18.41,False,False
2020,Utah,UT,State House,57,general,Jon Hawkins,Republican,17451.0,100.0,True,True
2020,Utah,UT,State House,58,general,Steven Lund,Republican,14401.0,84.63,True,False
2020,Utah,UT,State House,58,general,Russell Hatch,Constitution,1807.0,10.62,False,False
2020,Utah,UT,State House,58,general,J. Homer Morrill,United Utah,809.0,4.75,False,False
2020,Utah,UT,State House,59,general,Val Peterson,Republican,15142.0,75.77,True,True
2020,Utah,UT,State House,59,general,Catherine Eslinger,United Utah,4841.0,24.23,False,False
2020,Utah,UT,State House,60,general,Nelson Abbott,Republican,11683.0,72.71,True,False
2020,Utah,UT,State House,60,general,Christine Heath,United Utah,3540.0,22.03,False,False
2020,Utah,UT,State House,60,general,Tommy Williams,Independent,846.0,5.26,False,False
2020,Utah,UT,State House,61,general,Marsha Judkins,Republican,11893.0,79.67,True,True
2020,Utah,UT,State House,61,general,Nils Bergeson,United Utah,3034.0,20.33,False,False
2020,Utah,UT,State House,62,general,Travis Seegmiller,Republican,22562.0,100.0,True,True
2020,Utah,UT,State House,63,general,Adam Robertson,Republican,4731.0,60.95,True,True
2020,Utah,UT,State House,63,general,Jenna Rakuita,Democratic,2443.0,31.47,False,False
2020,Utah,UT,State House,63,general,Austin Simcox,United Utah,588.0,7.58,False,False
2020,Utah,UT,State House,64,general,Norm Thurston,Republican,11536.0,100.0,True,True
2020,Utah,UT,State House,65,general,Francis Gibson,Republican,18636.0,100.0,True,True
2020,Utah,UT,State House,66,general,Jefferson Burton,Republican,17515.0,100.0,True,False
2020,Utah,UT,State House,67,general,Doug Welton,Republican,18478.0,100.0,True,False
2020,Utah,UT,State House,68,general,Merrill Nelson,Republican,16036.0,75.32,True,True
2020,Utah,UT,State House,68,general,Amiee Finster,Democratic,3334.0,15.66,False,False
2020,Utah,UT,State House,68,general,Kirk Pearson,Constitution,1920.0,9.02,False,False
2020,Utah,UT,State House,69,general,Christine Watkins,Republican,13077.0,100.0,True,True
2020,Utah,UT,State House,70,general,Carl Albrecht,Republican,14488.0,81.85,True,True
2020,Utah,UT,State House,70,general,Jessica O'Leary,Democratic,3212.0,18.15,False,False
2020,Utah,UT,State House,71,general,Bradley Last,Republican,20372.0,100.0,True,True
2020,Utah,UT,State House,72,general,Rex Shipp,Republican,13858.0,75.39,True,True
2020,Utah,UT,State House,72,general,Lonnie White,Democratic,3149.0,17.13,False,False
2020,Utah,UT,State House,72,general,Piper Manesse,United Utah,1374.0,7.48,False,False
2020,Utah,UT,State House,73,general,Phil Lyman,Republican,14518.0,100.0,True,True
2020,Utah,UT,State House,74,general,V. Lowry Snow,Republican,18196.0,73.36,True,True
2020,Utah,UT,State House,74,general,Kenzie Carter,Democratic,6607.0,26.64,False,False
2020,Utah,UT,State House,75,general,Walt Brooks,Republican,13984.0,76.44,True,True
2020,Utah,UT,State House,75,general,Rebecca Sullivan,Democratic,4310.0,23.56,False,False
2020,Vermont,VT,State House,ADDISON 1,general,Amy Sheldon,Democratic,3137.0,44.3,True,True
2020,Vermont,VT,State House,ADDISON 1,general,Robin Scheu,Democratic,2874.0,40.6,True,True
2020,Vermont,VT,State House,ADDISON 1,general,Thomas Hughes,Republican,1042.0,14.7,False,False
2020,Vermont,VT,State House,ADDISON 2,general,Peter Conlon,Democratic,1984.0,88.8,True,True
2020,Vermont,VT,State House,ADDISON 3,general,Matt Birong,Democratic,2552.0,29.0,True,True
2020,Vermont,VT,State House,ADDISON 3,general,Diane Lanpher,Democratic,2522.0,28.7,True,True
2020,Vermont,VT,State House,ADDISON 3,general,Tim Buskey,Republican,2015.0,22.9,False,False
2020,Vermont,VT,State House,ADDISON 3,general,Steve Thurston,Republican,1695.0,19.2,False,False
2020,Vermont,VT,State House,ADDISON 4,general,Caleb Elder,Democratic,3107.0,31.9,True,True
2020,Vermont,VT,State House,ADDISON 4,general,Mari Cordes,Democratic,2911.0,29.9,True,True
2020,Vermont,VT,State House,ADDISON 4,general,Valerie Mullin,Republican,1903.0,19.6,False,False
2020,Vermont,VT,State House,ADDISON 4,general,Lynn Dike,Republican,1792.0,18.4,False,False
2020,Vermont,VT,State House,ADDISON 5,general,Harvey Smith,Republican,1331.0,54.1,True,True
2020,Vermont,VT,State House,ADDISON 5,general,Jubilee McGill,Democratic,1127.0,45.8,False,False
2020,Vermont,VT,State House,ADDISON 5,general,Terry Norris,Independent,1281.0,58.9,True,True
2020,Vermont,VT,State House,ADDISON 5,general,Ruth Bernstein,Democratic,725.0,33.3,False,False
2020,Vermont,VT,State House,ADDISON 5,general,"Richard ""Sensei"" Lenchus",Independent,157.0,7.2,False,False
2020,Vermont,VT,State House,BENNINGTON 1,general,Nelson Brownell,Democratic,1324.0,83.3,True,True
2020,Vermont,VT,State House,BENNINGTON 1,general,Timothy Corcoran II,Democratic,2220.0,42.1,True,True
2020,Vermont,VT,State House,BENNINGTON 1,general,Dane Whitman,Democratic,1889.0,35.8,True,False
2020,Vermont,VT,State House,BENNINGTON 1,general,Colleen Harrington,Republican,1116.0,21.1,False,False
2020,Vermont,VT,State House,BENNINGTON 1,general,Mary A. Morrissey,Republican,1940.0,34.4,True,True
2020,Vermont,VT,State House,BENNINGTON 1,general,Michael Nigro,Democratic,1491.0,26.4,True,False
2020,Vermont,VT,State House,BENNINGTON 1,general,Jim Carroll,Democratic,1416.0,25.1,False,True
2020,Vermont,VT,State House,BENNINGTON 1,general,Peter Brady Sr.,Independent,773.0,13.7,False,False
2020,Vermont,VT,State House,BENNINGTON 3,general,David Durfee,Democratic,1331.0,57.8,True,True
2020,Vermont,VT,State House,BENNINGTON 3,general,Victor Harwood Jr.,Republican,967.0,42.0,False,False
2020,Vermont,VT,State House,BENNINGTON 4,general,Kathleen James,Democratic,2797.0,36.7,True,True
2020,Vermont,VT,State House,BENNINGTON 4,general,Seth Bongartz,Democratic,2651.0,34.7,True,False
2020,Vermont,VT,State House,BENNINGTON 4,general,Cynthia Browning,Independent,2111.0,27.7,False,True
2020,Vermont,VT,State House,BENNINGTON 4,general,Linda Joy Taylor,Democratic,2235.0,97.6,True,True
2020,Vermont,VT,State House,CALEDONIA 1,general,Marcia Martell,Republican,1547.0,63.5,True,True
2020,Vermont,VT,State House,CALEDONIA 1,general,Dylan Stetson,Progressive,876.0,36.0,False,False
2020,Vermont,VT,State House,CALEDONIA 2,general,Chip Troiano,Democratic,1305.0,58.9,True,True
2020,Vermont,VT,State House,CALEDONIA 2,general,James Clark,Republican,905.0,40.8,False,False
2020,Vermont,VT,State House,CALEDONIA 3,general,Scott Beck,Republican,1807.0,31.2,True,True
2020,Vermont,VT,State House,CALEDONIA 3,general,Scott Campbell,Democratic,1689.0,29.2,True,True
2020,Vermont,VT,State House,CALEDONIA 3,general,Frank Empsall,Republican,1206.0,20.8,False,False
2020,Vermont,VT,State House,CALEDONIA 3,general,Brice Simon,Democratic,1087.0,18.8,False,False
2020,Vermont,VT,State House,CALEDONIA 4,general,Martha Feltus,Republican,2198.0,33.1,True,True
2020,Vermont,VT,State House,CALEDONIA 4,general,Patrick Seymour,Republican,1857.0,28.0,True,True
2020,Vermont,VT,State House,CALEDONIA 4,general,Dennis Labounty,Democratic,1596.0,24.1,False,False
2020,Vermont,VT,State House,CALEDONIA 4,general,David Hammond,Democratic,972.0,14.6,False,False
2020,Vermont,VT,State House,CALEDONIA 4,general,Henry Pearl,Democratic,1931.0,68.5,True,False
2020,Vermont,VT,State House,CALEDONIA 4,general,Bruce Melendy,Republican,878.0,31.1,False,False
2020,Vermont,VT,State House,CHITTENDEN 1,general,Jana Brown,Democratic,1800.0,65.6,True,False
2020,Vermont,VT,State House,CHITTENDEN 1,general,Terry Moultroup,Independent,937.0,34.1,False,False
2020,Vermont,VT,State House,CHITTENDEN 2,general,Erin Brady,Democratic,4120.0,39.4,True,False
2020,Vermont,VT,State House,CHITTENDEN 2,general,Jim McCullough,Democratic,3674.0,35.1,True,True
2020,Vermont,VT,State House,CHITTENDEN 2,general,Tony O'Rourke,Republican,2647.0,25.3,False,False
2020,Vermont,VT,State House,CHITTENDEN 3,general,Trevor Squirrell,Democratic,3381.0,32.2,True,True
2020,Vermont,VT,State House,CHITTENDEN 3,general,George Till,Democratic,3363.0,32.0,True,True
2020,Vermont,VT,State House,CHITTENDEN 3,general,Paul Gross,Republican,1735.0,16.5,False,False
2020,Vermont,VT,State House,CHITTENDEN 3,general,Benjamin Mutolo,Republican,1500.0,14.3,False,False
2020,Vermont,VT,State House,CHITTENDEN 3,general,Tomas Cummings,Independent,526.0,5.0,False,False
2020,Vermont,VT,State House,CHITTENDEN 3,general,Mike Yantachka,Democratic,2231.0,98.3,True,True
2020,Vermont,VT,State House,CHITTENDEN 3,general,Bill Lippert,Democratic,1974.0,67.1,True,True
2020,Vermont,VT,State House,CHITTENDEN 3,general,Sarah Toscano,Republican,963.0,32.8,False,False
2020,Vermont,VT,State House,CHITTENDEN 3,general,Kate Webb,Democratic,2488.0,98.6,True,True
2020,Vermont,VT,State House,CHITTENDEN 3,general,Jessica Brumsted,Democratic,2265.0,97.2,True,True
2020,Vermont,VT,State House,CHITTENDEN 3,general,Carol Ode,Democratic,3641.0,51.4,True,True
2020,Vermont,VT,State House,CHITTENDEN 3,general,Robert Hooper,Democratic,3305.0,46.7,True,True
2020,Vermont,VT,State House,CHITTENDEN 3,general,Emma Mulvaney-Stanak,Progressive,2223.0,67.1,True,False
2020,Vermont,VT,State House,CHITTENDEN 3,general,Jill Krowinski,Democratic,3321.0,54.6,True,True
2020,Vermont,VT,State House,CHITTENDEN 3,general,Curt McCormack,Democratic,2717.0,44.7,True,True
2020,Vermont,VT,State House,CHITTENDEN 3,general,Selene Colburn,Progressive,2147.0,52.9,True,True
2020,Vermont,VT,State House,CHITTENDEN 3,general,Brian Cina,Progressive,1858.0,45.8,True,True
2020,Vermont,VT,State House,CHITTENDEN 3,general,Tiff Bluemle,Democratic,3713.0,45.1,True,False
2020,Vermont,VT,State House,CHITTENDEN 3,general,Gabrielle Stebbins,Democratic,3470.0,42.2,True,False
2020,Vermont,VT,State House,CHITTENDEN 3,general,Tom Licata,Independent,1016.0,12.3,False,False
2020,Vermont,VT,State House,CHITTENDEN 3,general,Barbara Rachelson,Democratic,1082.0,97.9,True,True
2020,Vermont,VT,State House,CHITTENDEN 3,general,Hal Colston,Democratic,2551.0,43.5,True,True
2020,Vermont,VT,State House,CHITTENDEN 3,general,Taylor Small,Progressive,2423.0,41.3,True,False
2020,Vermont,VT,State House,CHITTENDEN 3,general,James Ehlers,Independent,867.0,14.8,False,False
2020,Vermont,VT,State House,CHITTENDEN 3,general,Martin LaLonde,Democratic,2345.0,98.2,True,True
2020,Vermont,VT,State House,CHITTENDEN 3,general,Ann Pugh,Democratic,2385.0,70.1,True,True
2020,Vermont,VT,State House,CHITTENDEN 3,general,Steve Fisher,Republican,1015.0,29.8,False,False
2020,Vermont,VT,State House,CHITTENDEN 3,general,John Killacky,Democratic,2506.0,98.2,True,True
2020,Vermont,VT,State House,CHITTENDEN 3,general,Maida Townsend,Democratic,2292.0,98.8,True,True
2020,Vermont,VT,State House,CHITTENDEN 3,general,Marybeth Redmond,Democratic,3234.0,34.2,True,True
2020,Vermont,VT,State House,CHITTENDEN 3,general,Tanya Vyhovsky,Progressive,2273.0,24.0,True,False
2020,Vermont,VT,State House,CHITTENDEN 3,general,Thomas Nelson,Republican,1840.0,19.5,False,False
2020,Vermont,VT,State House,CHITTENDEN 3,general,Maryse Dunbar,Republican,1793.0,18.9,False,False
2020,Vermont,VT,State House,CHITTENDEN 3,general,V. Chase,Libertarian,302.0,3.2,False,False
2020,Vermont,VT,State House,CHITTENDEN 3,general,Lori Houghton,Democratic,3828.0,36.6,True,True
2020,Vermont,VT,State House,CHITTENDEN 3,general,Karen Dolan,Democratic,3474.0,33.3,True,False
2020,Vermont,VT,State House,CHITTENDEN 3,general,Edmond Daudelin,Republican,1605.0,15.4,False,False
2020,Vermont,VT,State House,CHITTENDEN 3,general,Brett Gaskill,Republican,1828.0,14.6,False,False
2020,Vermont,VT,State House,CHITTENDEN 3,general,Alyssa Black,Democratic,1455.0,50.1,True,False
2020,Vermont,VT,State House,CHITTENDEN 3,general,Robert Bancroft,Republican,1141.0,39.3,False,True
2020,Vermont,VT,State House,CHITTENDEN 3,general,Curt Taylor,Democratic,2182.0,33.8,True,True
2020,Vermont,VT,State House,CHITTENDEN 3,general,Seth Chase,Democratic,1885.0,29.2,True,True
2020,Vermont,VT,State House,CHITTENDEN 3,general,Doug Wood,Republican,1261.0,19.5,False,False
2020,Vermont,VT,State House,CHITTENDEN 3,general,Deserae Morin,Republican,1107.0,17.2,False,False
2020,Vermont,VT,State House,CHITTENDEN 3,general,Patrick Brennan,Republican,2815.0,37.9,True,True
2020,Vermont,VT,State House,CHITTENDEN 3,general,Sarita Austin,Democratic,2582.0,34.8,True,True
2020,Vermont,VT,State House,CHITTENDEN 3,general,Jon Lynch,Republican,1995.0,26.9,False,False
2020,Vermont,VT,State House,CHITTENDEN 10,general,John Palasik,Republican,2660.0,29.1,True,True
2020,Vermont,VT,State House,CHITTENDEN 10,general,Chris Mattos,Republican,2642.0,28.9,True,True
2020,Vermont,VT,State House,CHITTENDEN 10,general,Emily Hecker,Democratic,1832.0,20.0,False,False
2020,Vermont,VT,State House,CHITTENDEN 10,general,Ember Quinn,Democratic,1599.0,17.5,False,False
2020,Vermont,VT,State House,CHITTENDEN 10,general,Todd Buik,Progressive,409.0,4.5,False,False
2020,Vermont,VT,State House,CHITTENDEN 10,general,Terri Lynn Williams,Republican,1229.0,62.2,True,False
2020,Vermont,VT,State House,CHITTENDEN 10,general,Clem Bissonnette,Democratic,732.0,37.0,False,False
2020,Vermont,VT,State House,CHITTENDEN 10,general,Paul Lefebvre,Independent,1067.0,52.4,True,True
2020,Vermont,VT,State House,CHITTENDEN 10,general,Martha Allen,Democratic,958.0,47.1,False,False
2020,Vermont,VT,State House,FRANKLIN 1,general,Carl Rosenquist,Republican,1623.0,57.5,True,True
2020,Vermont,VT,State House,FRANKLIN 1,general,Ben Chiappinelli,Independent,1192.0,42.2,False,False
2020,Vermont,VT,State House,FRANKLIN 2,general,Barbara Murphy,Independent,2484.0,97.9,True,True
2020,Vermont,VT,State House,FRANKLIN 2,general,Casey Toof,Republican,2429.0,33.6,True,True
2020,Vermont,VT,State House,FRANKLIN 2,general,Mike McCarthy,Democratic,2022.0,28.0,True,True
2020,Vermont,VT,State House,FRANKLIN 2,general,Dave Glidden,Democratic,1274.0,17.6,False,False
2020,Vermont,VT,State House,FRANKLIN 2,general,Bruce Cheeseman,Republican,1226.0,17.0,False,False
2020,Vermont,VT,State House,FRANKLIN 2,general,Wayne Billado III,Independent,265.0,3.7,False,False
2020,Vermont,VT,State House,FRANKLIN 2,general,Eileen Dickinson,Republican,2141.0,97.1,True,True
2020,Vermont,VT,State House,FRANKLIN 4,general,Brian K. Savage,Republican,2460.0,38.6,True,True
2020,Vermont,VT,State House,FRANKLIN 4,general,Robert Norris,Republican,2440.0,38.3,True,False
2020,Vermont,VT,State House,FRANKLIN 4,general,Nicholas Brosseau,Democratic,1422.0,22.3,False,False
2020,Vermont,VT,State House,FRANKLIN 5,general,Lisa Hango,Republican,2371.0,35.3,True,True
2020,Vermont,VT,State House,FRANKLIN 5,general,Paul Martin,Republican,2056.0,30.6,True,False
2020,Vermont,VT,State House,FRANKLIN 5,general,Charen Fegard,Democratic,1261.0,18.8,False,True
2020,Vermont,VT,State House,FRANKLIN 5,general,Daniel Nadeau,Democratic,1014.0,15.1,False,False
2020,Vermont,VT,State House,FRANKLIN 6,general,James Gregoire,Republican,2287.0,97.2,True,True
2020,Vermont,VT,State House,FRANKLIN 7,general,Felisha Leffler,Republican,1178.0,58.8,True,True
2020,Vermont,VT,State House,FRANKLIN 7,general,Dennis Williams,Progressive,820.0,40.9,False,False
2020,Vermont,VT,State House,FRANKLIN 7,general,Leland Morgan,Republican,2776.0,26.6,True,True
2020,Vermont,VT,State House,FRANKLIN 7,general,Michael Morgan,Republican,2627.0,25.2,True,False
2020,Vermont,VT,State House,FRANKLIN 7,general,Mitzi Johnson,Democratic,2607.0,25.0,False,True
2020,Vermont,VT,State House,FRANKLIN 7,general,Andy Julow,Democratic,2404.0,23.1,False,False
2020,Vermont,VT,State House,LAMOILLE 1,general,Heidi Schuermann,Republican,1925.0,57.7,True,True
2020,Vermont,VT,State House,LAMOILLE 1,general,Jo Sabel Courtney,Democratic,1403.0,42.1,False,False
2020,Vermont,VT,State House,LAMOILLE 2,general,Kate Donnally,Democratic,2350.0,32.3,True,False
2020,Vermont,VT,State House,LAMOILLE 2,general,Daniel Noyes,Democratic,2118.0,29.1,True,True
2020,Vermont,VT,State House,LAMOILLE 2,general,Richard Bailey,Republican,1436.0,19.7,False,False
2020,Vermont,VT,State House,LAMOILLE 2,general,Shayne Spence,Republican,1357.0,18.7,False,False
2020,Vermont,VT,State House,LAMOILLE 3,general,Lucy Rogers,Democratic,1903.0,73.2,True,True
2020,Vermont,VT,State House,LAMOILLE 3,general,Ferron Wambold,Republican,695.0,26.7,False,False
2020,Vermont,VT,State House,LAMOILLE 3,general,David Yacovone,Democratic,3391.0,40.2,True,True
2020,Vermont,VT,State House,LAMOILLE 3,general,Avram Patt,Democratic,2499.0,29.6,True,True
2020,Vermont,VT,State House,LAMOILLE 3,general,Tyler Machia,Republican,1282.0,15.2,False,False
2020,Vermont,VT,State House,LAMOILLE 3,general,Shannara Johnson,Republican,1241.0,14.7,False,False
2020,Vermont,VT,State House,ORANGE 1,general,Rodney Graham,Republican,2169.0,26.0,True,True
2020,Vermont,VT,State House,ORANGE 1,general,Samantha Lefebvre,Republican,1774.0,21.3,True,False
2020,Vermont,VT,State House,ORANGE 1,general,Kate Maclean,Democratic,1734.0,20.8,False,False
2020,Vermont,VT,State House,ORANGE 1,general,Carl Demrow,Democratic,1562.0,18.7,False,True
2020,Vermont,VT,State House,ORANGE 1,general,Susan Hatch Davis,Progressive,725.0,8.7,False,False
2020,Vermont,VT,State House,ORANGE 1,general,Rama Schneider,Independent,356.0,4.3,False,False
2020,Vermont,VT,State House,ORANGE 2,general,Sarah Copeland Hanzas,Democratic,1439.0,59.6,True,True
2020,Vermont,VT,State House,ORANGE 2,general,Zachary Lang,Republican,963.0,39.9,False,False
2020,Vermont,VT,State House,ORANGE 2,general,Joe Parsons,Republican,1321.0,56.5,True,False
2020,Vermont,VT,State House,ORANGE 2,general,Kelsey Root-Winchester,Democratic,1013.0,43.3,False,False
2020,Vermont,VT,State House,ORANGE 2,general,Jay Hooper,Democratic,2886.0,35.2,True,True
2020,Vermont,VT,State House,ORANGE 2,general,Larry Satcowitz,Democratic,1666.0,20.3,True,False
2020,Vermont,VT,State House,ORANGE 2,general,Charles Russell,Republican,1262.0,15.4,False,False
2020,Vermont,VT,State House,ORANGE 2,general,Peter Reed,Independent,1046.0,12.8,False,True
2020,Vermont,VT,State House,ORANGE 2,general,Joseph Roche,Republican,934.0,11.4,False,False
2020,Vermont,VT,State House,ORANGE 2,general,Kevin Doering,Independent,390.0,4.8,False,False
2020,Vermont,VT,State House,ORLEANS 1,general,Brian Smith,Republican,2967.0,50.1,True,True
2020,Vermont,VT,State House,ORLEANS 1,general,Lynn Batchelor,Republican,2830.0,47.8,True,True
2020,Vermont,VT,State House,ORLEANS 2,general,Michael Marcotte,Republican,3097.0,53.4,True,True
2020,Vermont,VT,State House,ORLEANS 2,general,Woody Page,Republican,2628.0,45.3,True,True
2020,Vermont,VT,State House,ORLEANS 2,general,Vicki Strong,Republican,2376.0,30.8,True,True
2020,Vermont,VT,State House,ORLEANS 2,general,Katherine Sims,Democratic,2132.0,27.6,True,False
2020,Vermont,VT,State House,ORLEANS 2,general,Jeannine Young,Republican,1632.0,21.1,False,False
2020,Vermont,VT,State House,ORLEANS 2,general,John Elwell,Democratic,1298.0,16.8,False,False
2020,Vermont,VT,State House,ORLEANS 2,general,Frank Huard,Independent,278.0,3.6,False,False
2020,Vermont,VT,State House,ORLEANS 2,general,Mark Higley,Republican,2003.0,98.2,True,True
2020,Vermont,VT,State House,ORLEANS 2,general,Sally Achey,Republican,1417.0,50.4,True,False
2020,Vermont,VT,State House,ORLEANS 2,general,Robin Chesnut-Tangerman,Progressive,1385.0,49.3,False,True
2020,Vermont,VT,State House,RUTLAND 1,general,Patricia McCoy,Republican,1283.0,71.1,True,True
2020,Vermont,VT,State House,RUTLAND 1,general,Tyler-Joseph Ballard,Independent,513.0,28.4,False,False
2020,Vermont,VT,State House,RUTLAND 2,general,Tom Burditt,Republican,2424.0,28.1,True,True
2020,Vermont,VT,State House,RUTLAND 2,general,Arthur Peterson,Republican,2192.0,25.4,True,False
2020,Vermont,VT,State House,RUTLAND 2,general,Dave Potter,Democratic,2150.0,24.9,False,True
2020,Vermont,VT,State House,RUTLAND 2,general,Ken Fredette,Democratic,1853.0,21.5,False,False
2020,Vermont,VT,State House,RUTLAND 3,general,Bill Canfield,Republican,2604.0,39.9,True,True
2020,Vermont,VT,State House,RUTLAND 3,general,Robert Helm,Republican,2207.0,33.8,True,True
2020,Vermont,VT,State House,RUTLAND 3,general,Bob Richards,Democratic,1671.0,25.6,False,False
2020,Vermont,VT,State House,RUTLAND 4,general,Thomas Terezini,Republican,1306.0,54.0,True,True
2020,Vermont,VT,State House,RUTLAND 4,general,Barbara Pulling,Democratic,1107.0,45.8,False,False
2020,Vermont,VT,State House,RUTLAND 4,general,Peter Fagan,Republican,1932.0,96.7,True,True
2020,Vermont,VT,State House,RUTLAND 4,general,Larry Cupoli,Republican,1606.0,95.3,True,True
2020,Vermont,VT,State House,RUTLAND 4,general,Mary Howard,Democratic,806.0,55.2,True,True
2020,Vermont,VT,State House,RUTLAND 4,general,John Cioffi Jr.,Republican,639.0,43.7,False,False
2020,Vermont,VT,State House,RUTLAND 4,general,William Notte,Democratic,1020.0,54.5,True,True
2020,Vermont,VT,State House,RUTLAND 4,general,Sherri Prouty,Republican,847.0,45.3,False,False
2020,Vermont,VT,State House,RUTLAND 6,general,Butch Shaw,Republican,2803.0,41.2,True,True
2020,Vermont,VT,State House,RUTLAND 6,general,Stephanie Jerome,Democratic,2112.0,31.0,True,True
2020,Vermont,VT,State House,RUTLAND 6,general,David Soulia,Republican,1869.0,27.5,False,False
2020,Vermont,VT,State House,RUTLAND-WINDSOR 1,general,Jim Harrison,Republican,2641.0,98.1,True,True
2020,Vermont,VT,State House,RUTLAND-WINDSOR 2,general,Logan Nicoll,Democratic,2091.0,95.3,True,True
2020,Vermont,VT,State House,WASHINGTON 1,general,Anne Donahue,Republican,2225.0,32.4,True,True
2020,Vermont,VT,State House,WASHINGTON 1,general,Kenneth Goslant,Republican,1891.0,27.5,True,False
2020,Vermont,VT,State House,WASHINGTON 1,general,Denise MacMartin,Democratic,1529.0,22.2,False,False
2020,Vermont,VT,State House,WASHINGTON 1,general,Rob Lehmert,Democratic,966.0,14.1,False,False
2020,Vermont,VT,State House,WASHINGTON 1,general,Gordon Bock,Berlin-northfield Alliance,251.0,3.7,False,False
2020,Vermont,VT,State House,WASHINGTON 2,general,Rob LaClair,Republican,3437.0,49.5,True,True
2020,Vermont,VT,State House,WASHINGTON 2,general,Topper McFaun,Republican,3426.0,49.4,True,True
2020,Vermont,VT,State House,WASHINGTON 3,general,Peter Anthony,Democratic,1911.0,30.0,True,True
2020,Vermont,VT,State House,WASHINGTON 3,general,Tommy Walz,Democratic,1800.0,28.3,True,True
2020,Vermont,VT,State House,WASHINGTON 3,general,Karen Lauzon,Republican,1429.0,22.4,False,False
2020,Vermont,VT,State House,WASHINGTON 3,general,John Steinman,Republican,1219.0,19.1,False,False
2020,Vermont,VT,State House,WASHINGTON 4,general,Mary Hooper,Democratic,3897.0,47.0,True,True
2020,Vermont,VT,State House,WASHINGTON 4,general,Warren Kitzmiller,Democratic,3189.0,38.5,True,True
2020,Vermont,VT,State House,WASHINGTON 4,general,Glennie Sewell,Progressive,1107.0,13.4,False,False
2020,Vermont,VT,State House,WASHINGTON 5,general,Kimberly Jessup,Democratic,1991.0,71.8,True,True
2020,Vermont,VT,State House,WASHINGTON 5,general,Matthew Sellers,Independent,769.0,27.7,False,False
2020,Vermont,VT,State House,WASHINGTON 6,general,Janet Ancel,Democratic,1929.0,70.9,True,True
2020,Vermont,VT,State House,WASHINGTON 6,general,Lewis Graham Jr.,Vets For Vets,769.0,28.3,False,False
2020,Vermont,VT,State House,WASHINGTON 7,general,Kari Dolan,Democratic,4027.0,48.9,True,True
2020,Vermont,VT,State House,WASHINGTON 7,general,Maxine Grad,Democratic,3970.0,48.2,True,True
2020,Vermont,VT,State House,WASHINGTON 7,general,Theresa Wood,Democratic,3751.0,39.4,True,True
2020,Vermont,VT,State House,WASHINGTON 7,general,Thomas Stevens,Democratic,3133.0,32.9,True,True
2020,Vermont,VT,State House,WASHINGTON 7,general,Chris Viens,Independent,1417.0,14.9,False,False
2020,Vermont,VT,State House,WASHINGTON 7,general,Brock Corderre,Republican,1188.0,12.5,False,False
2020,Vermont,VT,State House,WINDHAM 1,general,Sara Coffey,Democratic,2136.0,96.5,True,True
2020,Vermont,VT,State House,WINDHAM 1,general,Emilie Kornheiser,Democratic,1709.0,75.3,True,True
2020,Vermont,VT,State House,WINDHAM 1,general,Richard Morton,Republican,560.0,24.6,False,False
2020,Vermont,VT,State House,WINDHAM 1,general,Mollie Burke,Progressive,1834.0,98.7,True,True
2020,Vermont,VT,State House,WINDHAM 1,general,Tristan Toleno,Democratic,1808.0,98.5,True,True
2020,Vermont,VT,State House,WINDHAM 3,general,Leslie Goldman,Democratic,2182.0,38.8,True,False
2020,Vermont,VT,State House,WINDHAM 3,general,Carolyn Partridge,Democratic,2032.0,36.2,True,True
2020,Vermont,VT,State House,WINDHAM 3,general,Ryan Coyne,Independent,1295.0,23.0,False,False
2020,Vermont,VT,State House,WINDHAM 4,general,Mike Mrowicki,Democratic,3357.0,49.9,True,True
2020,Vermont,VT,State House,WINDHAM 4,general,Michelle Bos-Lun,Democratic,3259.0,48.4,True,False
2020,Vermont,VT,State House,WINDHAM 5,general,Emily Long,Democratic,2037.0,97.2,True,True
2020,Vermont,VT,State House,WINDHAM 6,general,John Gannon,Democratic,1324.0,59.2,True,True
2020,Vermont,VT,State House,WINDHAM 6,general,Amy Kamstra,Republican,906.0,40.5,False,False
2020,Vermont,VT,State House,WINDHAM 6,general,Laura Sibilia,Independent,1520.0,63.4,True,True
2020,Vermont,VT,State House,WINDHAM 6,general,Matthew Somverille,Republican,867.0,36.1,False,False
2020,Vermont,VT,State House,WINDHAM 6,general,Kelly Pajala,Independent,2539.0,98.2,True,True
2020,Vermont,VT,State House,WINDSOR 1,general,John Bartholomew,Democratic,2735.0,33.2,True,True
2020,Vermont,VT,State House,WINDSOR 1,general,Elizabeth Burrows,Democratic,2148.0,26.1,True,False
2020,Vermont,VT,State House,WINDSOR 1,general,Jacob Holmes,Republican,1452.0,17.6,False,False
2020,Vermont,VT,State House,WINDSOR 1,general,Wesley Raney,Republican,1176.0,14.3,False,False
2020,Vermont,VT,State House,WINDSOR 1,general,John MacGovern,Independent,691.0,8.4,False,False
2020,Vermont,VT,State House,WINDSOR 2,general,John Arrison,Democratic,1101.0,44.5,True,False
2020,Vermont,VT,State House,WINDSOR 2,general,Michael Kell Sr.,Republican,1059.0,42.8,False,False
2020,Vermont,VT,State House,WINDSOR 2,general,Sean Whalen,Independent,309.0,12.5,False,False
2020,Vermont,VT,State House,WINDSOR 2,general,Thomas Bock,Democratic,1453.0,44.5,True,True
2020,Vermont,VT,State House,WINDSOR 2,general,Chester Alden,Republican,872.0,42.8,False,False
2020,Vermont,VT,State House,WINDSOR 2,general,Kristi Morris,Democratic,2248.0,30.4,True,True
2020,Vermont,VT,State House,WINDSOR 2,general,Alice Emmons,Democratic,2169.0,29.4,True,True
2020,Vermont,VT,State House,WINDSOR 2,general,Stuart Beam,Republican,1608.0,21.8,False,False
2020,Vermont,VT,State House,WINDSOR 2,general,Randy Gray,Republican,1330.0,18.0,False,False
2020,Vermont,VT,State House,WINDSOR 2,general,Heather Surprenant,Progressive,1616.0,60.5,True,False
2020,Vermont,VT,State House,WINDSOR 2,general,Mark Donka,Republican,1049.0,39.3,False,False
2020,Vermont,VT,State House,WINDSOR 2,general,Coach Kristie,Democratic,2789.0,35.8,True,True
2020,Vermont,VT,State House,WINDSOR 2,general,Rebecca White,Democratic,2698.0,34.6,True,True
2020,Vermont,VT,State House,WINDSOR 2,general,Alice Flanders,Republican,1608.0,20.6,False,False
2020,Vermont,VT,State House,WINDSOR 2,general,Nicholas Bramlage,Progressive,666.0,8.5,False,False
2020,Vermont,VT,State House,WINDSOR 5,general,Charlie Kimbell,Democratic,2454.0,97.7,True,True
2020,Vermont,VT,State House,WINDSOR-ORANGE 1,general,John O'Brien,Democratic,1868.0,94.4,True,True
2020,Vermont,VT,State House,WINDSOR-ORANGE 2,general,Jim Masland,Democratic,4726.0,49.1,True,True
2020,Vermont,VT,State House,WINDSOR-ORANGE 2,general,Tim Brigland,Democratic,4703.0,48.8,True,True
2020,Vermont,VT,State House,WINDSOR-ORANGE 2,general,Kirk White,Democratic,1522.0,58.1,True,False
2020,Vermont,VT,State House,WINDSOR-ORANGE 2,general,Wayne Townsend,Republican,1069.0,40.8,False,False
2020,West Virginia,WV,State House,1,general,Mark Zatezalo,Republican,8978.0,35.25,True,False
2020,West Virginia,WV,State House,1,general,Pat McGeehan,Republican,8165.0,32.06,True,True
2020,West Virginia,WV,State House,1,general,Jack Wood,Democratic,4307.0,16.91,False,False
2020,West Virginia,WV,State House,1,general,Ronnie Jones,Democratic,4016.0,15.77,False,False
2020,West Virginia,WV,State House,2,general,Phil Diserio,Democratic,4146.0,55.71,True,True
2020,West Virginia,WV,State House,2,general,Gordon Greer,Republican,3296.0,44.29,False,False
2020,West Virginia,WV,State House,3,general,Erikka Lynn Storch,Republican,11451.0,38.6,True,True
2020,West Virginia,WV,State House,3,general,Shawn Fluharty,Democratic,8933.0,30.11,True,True
2020,West Virginia,WV,State House,3,general,Dalton Haas,Republican,5733.0,19.32,False,False
2020,West Virginia,WV,State House,3,general,Ben Schneider,Democratic,3551.0,11.97,False,False
2020,West Virginia,WV,State House,4,general,Charlie Reynolds,Republican,8085.0,35.69,True,False
2020,West Virginia,WV,State House,4,general,Lisa Zukoff,Democratic,7650.0,33.77,True,True
2020,West Virginia,WV,State House,4,general,Christian Turak,Democratic,6921.0,30.55,False,False
2020,West Virginia,WV,State House,5,general,Dave Pethtel,Democratic,3710.0,53.59,True,True
2020,West Virginia,WV,State House,5,general,Phillip Wiley,Republican,3213.0,46.41,False,False
2020,West Virginia,WV,State House,6,general,David Kelly,Republican,5034.0,72.7,True,True
2020,West Virginia,WV,State House,6,general,Cindy Welch,Democratic,1890.0,27.3,False,False
2020,West Virginia,WV,State House,7,general,Trenton Barnhart,Republican,6549.0,100.0,True,True
2020,West Virginia,WV,State House,8,general,Bill Anderson,Republican,6270.0,72.28,True,True
2020,West Virginia,WV,State House,8,general,Andrew Alvarez,Democratic,2405.0,27.72,False,False
2020,West Virginia,WV,State House,9,general,Shannon Kimes,Republican,5733.0,70.31,True,False
2020,West Virginia,WV,State House,9,general,Jim Marion,Democratic,2421.0,29.69,False,False
2020,West Virginia,WV,State House,10,general,John R. Kelly,Republican,13694.0,27.21,True,True
2020,West Virginia,WV,State House,10,general,Roger Conley,Republican,11198.0,22.25,True,False
2020,West Virginia,WV,State House,10,general,Vernon Criss,Republican,11003.0,21.87,True,True
2020,West Virginia,WV,State House,10,general,Trish Pritchard,Democratic,8651.0,17.19,False,False
2020,West Virginia,WV,State House,10,general,Luke Winters,Democratic,5775.0,11.48,False,False
2020,West Virginia,WV,State House,11,general,Riley Keaton,Republican,4797.0,66.46,True,False
2020,West Virginia,WV,State House,11,general,Mark Pauley,Democratic,2421.0,33.54,False,False
2020,West Virginia,WV,State House,12,general,Steve Westfall,Republican,6959.0,100.0,True,True
2020,West Virginia,WV,State House,13,general,Jonathan Pinson,Republican,8833.0,36.04,True,False
2020,West Virginia,WV,State House,13,general,Joshua Higginbotham,Republican,6607.0,26.96,True,True
2020,West Virginia,WV,State House,13,general,Scott Brewer,Democratic,6012.0,24.53,False,False
2020,West Virginia,WV,State House,13,general,David Caldwell,Democratic,3057.0,12.47,False,False
2020,West Virginia,WV,State House,14,general,Johnnie Wamsley,Republican,5078.0,69.37,True,False
2020,West Virginia,WV,State House,14,general,Chris Yeager,Democratic,2242.0,30.63,False,False
2020,West Virginia,WV,State House,15,general,Geoff Foster,Republican,6259.0,62.45,True,True
2020,West Virginia,WV,State House,15,general,Tess Jackson,Democratic,3177.0,31.7,False,False
2020,West Virginia,WV,State House,15,general,Michael Young,Libertarian,586.0,5.85,False,False
2020,West Virginia,WV,State House,16,general,Sean Hornbuckle,Democratic,8929.0,20.98,True,True
2020,West Virginia,WV,State House,16,general,Daniel Linville,Republican,7418.0,17.43,True,True
2020,West Virginia,WV,State House,16,general,John Mandt Jr.,Republican,7359.0,17.29,True,False
2020,West Virginia,WV,State House,16,general,Mark Bates,Republican,7288.0,17.12,False,False
2020,West Virginia,WV,State House,16,general,Anna Lewis,Democratic,5898.0,13.86,False,False
2020,West Virginia,WV,State House,16,general,Dakota Nelson,Democratic,5677.0,13.34,False,False
2020,West Virginia,WV,State House,17,general,Matthew Rohrbach,Republican,7471.0,39.49,True,True
2020,West Virginia,WV,State House,17,general,Chad Lovejoy,Democratic,6167.0,32.59,True,True
2020,West Virginia,WV,State House,17,general,Jeanette Rowsey,Democratic,5283.0,27.92,False,False
2020,West Virginia,WV,State House,18,general,Evan Worrell,Republican,5531.0,69.76,True,True
2020,West Virginia,WV,State House,18,general,Paul Ross,Democratic,2398.0,30.24,False,False
2020,West Virginia,WV,State House,19,general,Derrick Evans,Republican,8227.0,37.3,True,False
2020,West Virginia,WV,State House,19,general,Ric Griffith,Democratic,5520.0,25.03,True,False
2020,West Virginia,WV,State House,19,general,Jason Stephens,Republican,4192.0,19.01,False,False
2020,West Virginia,WV,State House,19,general,David Thompson,Democratic,4115.0,18.66,False,False
2020,West Virginia,WV,State House,20,general,Nathan Brown,Democratic,3486.0,55.53,True,True
2020,West Virginia,WV,State House,20,general,Matthew Deskins,Republican,2792.0,44.47,False,False
2020,West Virginia,WV,State House,21,general,Mark Dean,Republican,4298.0,69.56,True,True
2020,West Virginia,WV,State House,21,general,Phyllis White,Democratic,1881.0,30.44,False,False
2020,West Virginia,WV,State House,22,general,Zack Maynard,Republican,7068.0,35.02,True,True
2020,West Virginia,WV,State House,22,general,Joe Jeffries,Republican,6206.0,30.75,True,True
2020,West Virginia,WV,State House,22,general,Jeff Eldridge,Democratic,5003.0,24.79,False,False
2020,West Virginia,WV,State House,22,general,Cecil Silva,Democratic,1903.0,9.43,False,False
2020,West Virginia,WV,State House,23,general,Josh Holstein,Republican,3557.0,54.32,True,False
2020,West Virginia,WV,State House,23,general,Rodney Miller,Democratic,2991.0,45.68,False,True
2020,West Virginia,WV,State House,24,general,Jordan Bridges,Republican,5112.0,29.24,True,False
2020,West Virginia,WV,State House,24,general,Margitta Mazzocchi,Republican,4986.0,28.52,True,False
2020,West Virginia,WV,State House,24,general,Tim Tomblin,Democratic,4564.0,26.11,False,True
2020,West Virginia,WV,State House,24,general,Susan Perry,Democratic,2820.0,16.13,False,False
2020,West Virginia,WV,State House,25,general,Tony Paynter,Republican,6519.0,100.0,True,True
2020,West Virginia,WV,State House,26,general,Ed Evans,Democratic,2768.0,50.63,True,True
2020,West Virginia,WV,State House,26,general,Wes Payne,Republican,2699.0,49.37,False,False
2020,West Virginia,WV,State House,27,general,Doug Smith,Republican,12964.0,28.3,True,False
2020,West Virginia,WV,State House,27,general,Marty Gearheart,Republican,12853.0,28.05,True,False
2020,West Virginia,WV,State House,27,general,Joe Ellington,Republican,12370.0,27.0,True,True
2020,West Virginia,WV,State House,27,general,Tina Russell,Democratic,7629.0,16.65,False,False
2020,West Virginia,WV,State House,28,general,Roy Cooper,Republican,10079.0,42.35,True,True
2020,West Virginia,WV,State House,28,general,Jeffrey Pack,Republican,9482.0,39.84,True,True
2020,West Virginia,WV,State House,28,general,Ryne Nahodil,Democratic,4239.0,17.81,False,False
2020,West Virginia,WV,State House,29,general,Brandon Steele,Republican,5894.0,77.26,True,True
2020,West Virginia,WV,State House,29,general,Xavier Oglesby,Democratic,1735.0,22.74,False,False
2020,West Virginia,WV,State House,30,general,Mick Bates,Democratic,4622.0,60.0,True,True
2020,West Virginia,WV,State House,30,general,Tyler Trump,Republican,3081.0,40.0,False,False
2020,West Virginia,WV,State House,31,general,Chris Toney,Republican,6706.0,100.0,True,True
2020,West Virginia,WV,State House,32,general,Kayla Kessinger,Republican,10760.0,22.56,True,True
2020,West Virginia,WV,State House,32,general,Tom Fast,Republican,9058.0,18.99,True,True
2020,West Virginia,WV,State House,32,general,Austin Haynes,Republican,8341.0,17.48,True,False
2020,West Virginia,WV,State House,32,general,Margaret Anne Staggers,Democratic,7264.0,15.23,False,True
2020,West Virginia,WV,State House,32,general,Mark Hurt,Democratic,5991.0,12.56,False,False
2020,West Virginia,WV,State House,32,general,Selina Vickers,Democratic,6290.0,13.19,False,False
2020,West Virginia,WV,State House,33,general,Roger Hanshaw,Republican,4811.0,68.4,True,True
2020,West Virginia,WV,State House,33,general,Larry Cottrell,Democratic,2223.0,31.6,False,False
2020,West Virginia,WV,State House,34,general,Brent Boggs,Democratic,4682.0,70.67,True,True
2020,West Virginia,WV,State House,34,general,Leatha Williams,Republican,1943.0,29.33,False,False
2020,West Virginia,WV,State House,35,general,Moore Capito,Republican,16021.0,15.67,True,True
2020,West Virginia,WV,State House,35,general,Doug Skaff,Democratic,15975.0,15.63,True,True
2020,West Virginia,WV,State House,35,general,Larry Pack,Republican,12431.0,12.16,True,False
2020,West Virginia,WV,State House,35,general,Kayla Young,Democratic,12323.0,12.05,True,False
2020,West Virginia,WV,State House,35,general,Kathy Ferguson,Democratic,12076.0,11.81,False,False
2020,West Virginia,WV,State House,35,general,Rusty Williams,Democratic,12035.0,11.77,False,False
2020,West Virginia,WV,State House,35,general,Chris Stansbury,Republican,11059.0,10.82,False,False
2020,West Virginia,WV,State House,35,general,Trevor Morris,Republican,10304.0,10.08,False,False
2020,West Virginia,WV,State House,36,general,Larry L. Rowe,Democratic,10355.0,20.44,True,True
2020,West Virginia,WV,State House,36,general,Chris Pritt,Republican,8508.0,16.79,True,False
2020,West Virginia,WV,State House,36,general,Jim Barach,Democratic,8490.0,16.76,True,False
2020,West Virginia,WV,State House,36,general,Steve Thaxton,Republican,8026.0,15.84,False,False
2020,West Virginia,WV,State House,36,general,Amanda Estep-Burton,Democratic,7743.0,15.28,False,True
2020,West Virginia,WV,State House,36,general,Chris Walters,Republican,7548.0,14.9,False,False
2020,West Virginia,WV,State House,37,general,Mike Pushkin,Democratic,4900.0,100.0,True,True
2020,West Virginia,WV,State House,38,general,Dianna Graves,Republican,6037.0,65.14,True,True
2020,West Virginia,WV,State House,38,general,Nikki Ardman,Democratic,3231.0,34.86,False,False
2020,West Virginia,WV,State House,39,general,Dana Ferrell,Republican,5292.0,67.48,True,False
2020,West Virginia,WV,State House,39,general,David Holmes,Democratic,2550.0,32.52,False,False
2020,West Virginia,WV,State House,40,general,Dean Jeffries,Republican,6764.0,100.0,True,True
2020,West Virginia,WV,State House,41,general,Heather Tully,Republican,5725.0,73.29,True,False
2020,West Virginia,WV,State House,41,general,Duane Bragg,Democratic,2086.0,26.71,False,False
2020,West Virginia,WV,State House,42,general,Barry Bruce,Republican,8236.0,29.47,True,False
2020,West Virginia,WV,State House,42,general,Todd Longanacre,Republican,7450.0,26.65,True,False
2020,West Virginia,WV,State House,42,general,Jeff Campbell,Democratic,6533.0,23.37,False,True
2020,West Virginia,WV,State House,42,general,Cindy Lavender-Bowe,Democratic,5732.0,20.51,False,True
2020,West Virginia,WV,State House,43,general,Ty Nestor,Republican,8070.0,31.86,True,False
2020,West Virginia,WV,State House,43,general,Cody Thompson,Democratic,6644.0,26.23,True,True
2020,West Virginia,WV,State House,43,general,William G. Hartman,Democratic,6085.0,24.02,False,True
2020,West Virginia,WV,State House,43,general,Mark Rennix,Republican,4534.0,17.9,False,False
2020,West Virginia,WV,State House,44,general,Caleb Hanna,Republican,4332.0,63.92,True,True
2020,West Virginia,WV,State House,44,general,Robin Cutlip,Democratic,2445.0,36.08,False,False
2020,West Virginia,WV,State House,45,general,Carl Martin,Republican,6490.0,100.0,True,True
2020,West Virginia,WV,State House,46,general,Adam Burkhammer,Republican,5362.0,64.12,True,False
2020,West Virginia,WV,State House,46,general,Robert Stultz,Democratic,2516.0,30.09,False,False
2020,West Virginia,WV,State House,46,general,Michael Lockard,Libertarian,484.0,5.79,False,False
2020,West Virginia,WV,State House,47,general,Chris Phillips,Republican,5018.0,64.46,True,True
2020,West Virginia,WV,State House,47,general,Ed Larry,Democratic,2767.0,35.54,False,False
2020,West Virginia,WV,State House,48,general,Ben Queen,Republican,16706.0,16.35,True,True
2020,West Virginia,WV,State House,48,general,Danny Hamrick,Republican,14642.0,14.33,True,True
2020,West Virginia,WV,State House,48,general,Laura Kimble,Republican,14495.0,14.19,True,False
2020,West Virginia,WV,State House,48,general,Clay Riley,Republican,13559.0,13.27,True,False
2020,West Virginia,WV,State House,48,general,Richard Iaquinta,Democratic,12083.0,11.83,False,False
2020,West Virginia,WV,State House,48,general,Josh Maxwell,Democratic,9831.0,9.62,False,False
2020,West Virginia,WV,State House,48,general,Robert Garcia,Democratic,9785.0,9.58,False,False
2020,West Virginia,WV,State House,48,general,Ryan Deems,Democratic,7297.0,7.14,False,False
2020,West Virginia,WV,State House,48,general,Will Hyman,Libertarian,2275.0,2.23,False,False
2020,West Virginia,WV,State House,48,general,Steve Hamilton,Mountain,1476.0,1.44,False,False
2020,West Virginia,WV,State House,49,general,Amy Summers,Republican,5091.0,62.03,True,True
2020,West Virginia,WV,State House,49,general,Mike Manypenny,Democratic,3116.0,37.97,False,False
2020,West Virginia,WV,State House,50,general,Guy Ward,Republican,11334.0,18.23,True,False
2020,West Virginia,WV,State House,50,general,Phil Mallow,Republican,11178.0,17.98,True,False
2020,West Virginia,WV,State House,50,general,Joey Garcia,Democratic,10917.0,17.56,True,False
2020,West Virginia,WV,State House,50,general,Michael Angelucci,Democratic,10852.0,17.46,False,True
2020,West Virginia,WV,State House,50,general,Ronald Straight,Democratic,9400.0,15.12,False,False
2020,West Virginia,WV,State House,50,general,Darton Mcintire,Republican,8477.0,13.64,False,False
2020,West Virginia,WV,State House,51,general,Barbara Fleischauer,Democratic,19718.0,11.85,True,True
2020,West Virginia,WV,State House,51,general,Evan Hansen,Democratic,18800.0,11.3,True,True
2020,West Virginia,WV,State House,51,general,Joe Statler,Republican,18304.0,11.0,True,False
2020,West Virginia,WV,State House,51,general,Danielle Walker,Democratic,17931.0,10.78,True,True
2020,West Virginia,WV,State House,51,general,John Williams,Democratic,17737.0,10.66,True,True
2020,West Virginia,WV,State House,51,general,Cindy Frich,Republican,17707.0,10.64,False,False
2020,West Virginia,WV,State House,51,general,Rodney Pyles,Democratic,17689.0,10.63,False,True
2020,West Virginia,WV,State House,51,general,Justin White,Republican,14187.0,8.53,False,False
2020,West Virginia,WV,State House,51,general,Todd Stainbrook,Republican,12204.0,7.33,False,False
2020,West Virginia,WV,State House,51,general,Zach Lemaire,Republican,12134.0,7.29,False,False
2020,West Virginia,WV,State House,52,general,Terri Funk Sypolt,Republican,4816.0,61.12,True,True
2020,West Virginia,WV,State House,52,general,Junior Wolfe,Democratic,2938.0,38.88,False,False
2020,West Virginia,WV,State House,53,general,Buck Jennings,Republican,6168.0,68.79,True,True
2020,West Virginia,WV,State House,53,general,Cory Chase,Democratic,2798.0,31.21,False,False
2020,West Virginia,WV,State House,54,general,John Paul Hott,Republican,7597.0,100.0,True,True
2020,West Virginia,WV,State House,55,general,Bryan Ward,Republican,6171.0,71.66,True,False
2020,West Virginia,WV,State House,55,general,Jarod Shockey,Democratic,2440.0,28.34,False,False
2020,West Virginia,WV,State House,56,general,Gary Howell,Republican,7132.0,100.0,True,True
2020,West Virginia,WV,State House,57,general,Ruth Rowan,Republican,6999.0,100.0,True,True
2020,West Virginia,WV,State House,58,general,George Miller,Republican,6555.0,76.01,True,False
2020,West Virginia,WV,State House,58,general,Tom Harden,Democratic,2069.0,23.99,False,False
2020,West Virginia,WV,State House,59,general,Ken Reed,Republican,7338.0,71.49,True,False
2020,West Virginia,WV,State House,59,general,Patricia Adams,Independent,1655.0,16.13,False,False
2020,West Virginia,WV,State House,59,general,Robert Smith,Mountain,1271.0,12.38,False,False
2020,West Virginia,WV,State House,60,general,Don Forsht,Republican,6163.0,66.93,True,False
2020,West Virginia,WV,State House,60,general,Brad Noll,Democratic,2556.0,27.76,False,False
2020,West Virginia,WV,State House,60,general,Mary Kinnie,Mountain,489.0,5.31,False,False
2020,West Virginia,WV,State House,61,general,Jason Barrett,Democratic,4273.0,58.49,True,True
2020,West Virginia,WV,State House,61,general,Kim Mongan-Saladini,Republican,3033.0,41.51,False,False
2020,West Virginia,WV,State House,62,general,Charles Horst,Republican,6247.0,67.09,True,False
2020,West Virginia,WV,State House,62,general,Debi Carroll,Democratic,3065.0,32.91,False,False
2020,West Virginia,WV,State House,63,general,John Hardy,Republican,4684.0,56.3,True,True
2020,West Virginia,WV,State House,63,general,Daniel Bennett,Democratic,3091.0,37.16,False,False
2020,West Virginia,WV,State House,63,general,Brett Rogers,Libertarian,544.0,6.54,False,False
2020,West Virginia,WV,State House,64,general,Eric Householder,Republican,7366.0,100.0,True,True
2020,West Virginia,WV,State House,65,general,Wayne Clark,Republican,4576.0,50.69,True,False
2020,West Virginia,WV,State House,65,general,Sammi Brown,Democratic,4451.0,49.31,False,True
2020,West Virginia,WV,State House,66,general,Paul Espinosa,Republican,5258.0,60.94,True,True
2020,West Virginia,WV,State House,66,general,Storme Frame,Democratic,3370.0,39.06,False,False
2020,West Virginia,WV,State House,67,general,John Doyle,Democratic,5065.0,54.06,True,True
2020,West Virginia,WV,State House,67,general,Elliot Simon,Republican,4304.0,45.94,False,False
2020,Wyoming,WY,State House,1,general,Chip Neiman,Republican,4706.0,91.2,True,False
2020,Wyoming,WY,State House,2,general,Hans Hunt,Republican,4121.0,98.4,True,True
2020,Wyoming,WY,State House,3,general,Eric Barlow,Republican,4016.0,97.7,True,True
2020,Wyoming,WY,State House,4,general,Jeremy Haroldson,Republican,4227.0,85.9,True,False
2020,Wyoming,WY,State House,5,general,Shelly Duncan,Republican,4122.0,96.9,True,True
2020,Wyoming,WY,State House,6,general,Aaron Clausen,Republican,4296.0,98.5,True,True
2020,Wyoming,WY,State House,7,general,Sue Wilson,Republican,5804.0,97.6,True,True
2020,Wyoming,WY,State House,8,general,Bob Nicholas,Republican,2547.0,52.9,True,True
2020,Wyoming,WY,State House,8,general,Marcie Kindred,Democratic,2259.0,46.9,False,False
2020,Wyoming,WY,State House,9,general,Landon Brown,Republican,3798.0,96.0,True,True
2020,Wyoming,WY,State House,10,general,John Eklund Jr.,Republican,5565.0,97.6,True,True
2020,Wyoming,WY,State House,11,general,Jared Olsen,Republican,1807.0,55.0,True,True
2020,Wyoming,WY,State House,11,general,Amy Spieker,Democratic,1470.0,44.7,False,False
2020,Wyoming,WY,State House,12,general,Clarence Styvar,Republican,2327.0,61.2,True,True
2020,Wyoming,WY,State House,12,general,Lee Filer,Democratic,1463.0,38.5,False,False
2020,Wyoming,WY,State House,13,general,Cathy Connolly,Democratic,3004.0,92.5,True,True
2020,Wyoming,WY,State House,14,general,Trey Sherwood,Democratic,2148.0,50.9,True,False
2020,Wyoming,WY,State House,14,general,Matthew Burkhart,Republican,2063.0,48.9,False,False
2020,Wyoming,WY,State House,15,general,Donald Burkhart,Republican,2052.0,64.0,True,True
2020,Wyoming,WY,State House,15,general,Jacquelin Wells,Democratic,1144.0,35.7,False,False
2020,Wyoming,WY,State House,16,general,Mike Yin,Democratic,4327.0,96.3,True,True
2020,Wyoming,WY,State House,17,general,Chad Banks,Democratic,1822.0,92.5,True,False
2020,Wyoming,WY,State House,18,general,Scott Heiner,Republican,3981.0,96.3,True,False
2020,Wyoming,WY,State House,19,general,Danny Eyre,Republican,3915.0,97.1,True,True
2020,Wyoming,WY,State House,20,general,Albert Sommers,Republican,3939.0,98.4,True,True
2020,Wyoming,WY,State House,21,general,Evan Simpson,Republican,4705.0,98.6,True,True
2020,Wyoming,WY,State House,22,general,Jim Roscoe,Independent,3191.0,52.47,True,True
2020,Wyoming,WY,State House,22,general,Bill Winney,Republican,2825.0,45.46,False,False
2020,Wyoming,WY,State House,23,general,Andy Schwartz,Democratic,4885.0,95.0,True,True
2020,Wyoming,WY,State House,24,general,Sandy Newsome,Republican,4009.0,93.0,True,True
2020,Wyoming,WY,State House,25,general,Dan Laursen,Republican,3722.0,90.6,True,True
2020,Wyoming,WY,State House,26,general,Jamie Flitner,Republican,3959.0,98.5,True,True
2020,Wyoming,WY,State House,27,general,Mike Greear,Republican,3763.0,98.3,True,True
2020,Wyoming,WY,State House,28,general,John Winter,Republican,3769.0,81.6,True,True
2020,Wyoming,WY,State House,28,general,Levi Shinkle,Democratic,816.0,17.7,False,False
2020,Wyoming,WY,State House,29,general,Mark Kinner,Republican,3766.0,97.4,True,True
2020,Wyoming,WY,State House,30,general,Mark Jennings,Republican,3985.0,95.4,True,True
2020,Wyoming,WY,State House,31,general,John Bear,Republican,3866.0,97.4,True,False
2020,Wyoming,WY,State House,32,general,Timothy Hallinan,Republican,3980.0,85.9,True,True
2020,Wyoming,WY,State House,32,general,Lynne Huskinson,Democratic,632.0,13.6,False,False
2020,Wyoming,WY,State House,33,general,Andi Clifford,Democratic,1434.0,45.4,True,True
2020,Wyoming,WY,State House,33,general,Valaira Whiteman,Republican,1338.0,42.4,False,False
2020,Wyoming,WY,State House,33,general,Clinton D. Wagon,Independent,375.0,11.9,False,False
2020,Wyoming,WY,State House,34,general,Pepper L. Ottman,Republican,4070.0,98.7,True,False
2020,Wyoming,WY,State House,35,general,Joe MacGuire,Republican,5046.0,97.7,True,True
2020,Wyoming,WY,State House,36,general,Art Washut,Republican,3041.0,96.5,True,True
2020,Wyoming,WY,State House,37,general,Steve Harshman,Republican,4335.0,96.7,True,True
2020,Wyoming,WY,State House,38,general,Tom Walters,Republican,3277.0,75.1,True,True
2020,Wyoming,WY,State House,38,general,Shawn Johnson,Libertarian,1068.0,24.5,False,False
2020,Wyoming,WY,State House,39,general,Marshall Burt,Libertarian,1696.0,53.6,True,False
2020,Wyoming,WY,State House,39,general,Stan Blake,Democratic,1421.0,44.9,False,True
2020,Wyoming,WY,State House,40,general,Barry Crago,Republican,4489.0,98.1,True,False
2020,Wyoming,WY,State House,41,general,Bill Henderson,Republican,2497.0,60.3,True,True
2020,Wyoming,WY,State House,41,general,Rebecca Fields,Democratic,1629.0,39.4,False,False
2020,Wyoming,WY,State House,42,general,Jim Blackburn,Republican,3918.0,94.8,True,True
2020,Wyoming,WY,State House,43,general,Dan Zwonitzer,Republican,2918.0,94.0,True,True
2020,Wyoming,WY,State House,44,general,John Romero-Martinez,Republican,1552.0,50.4,True,False
2020,Wyoming,WY,State House,44,general,Sara Burlingame,Democratic,1504.0,48.9,False,True
2020,Wyoming,WY,State House,45,general,Karlee Provenza,Democratic,2043.0,51.9,True,False
2020,Wyoming,WY,State House,45,general,Roxie Hensley,Republican,1883.0,47.8,False,False
2020,Wyoming,WY,State House,46,general,Ocean Andrew,Republican,3409.0,59.2,True,False
2020,Wyoming,WY,State House,46,general,Tim Chestnut,Democratic,2323.0,40.4,False,False
2020,Wyoming,WY,State House,47,general,Jerry Paxton,Republican,3282.0,78.2,True,True
2020,Wyoming,WY,State House,47,general,Lela Konecny,Libertarian,886.0,21.1,False,False
2020,Wyoming,WY,State House,48,general,Clark Stith,Republican,2573.0,96.7,True,True
2020,Wyoming,WY,State House,49,general,Robert Wharff,Republican,3269.0,94.8,True,False
2020,Wyoming,WY,State House,50,general,Rachel Rodriguez-Williams,Republican,4373.0,77.6,True,False
2020,Wyoming,WY,State House,50,general,Cindy Johnson Bennett,Independent,1241.0,22.0,False,False
2020,Wyoming,WY,State House,51,general,Cyrus Western,Republican,5619.0,96.9,True,True
2020,Wyoming,WY,State House,52,general,Bill Fortner,Republican,3368.0,97.3,True,False
2020,Wyoming,WY,State House,53,general,Roy Edwards,Republican,2303.0,95.2,True,True
2020,Wyoming,WY,State House,54,general,Lloyd Larsen,Republican,3148.0,58.4,True,True
2020,Wyoming,WY,State House,54,general,Kevin Wilson,Democratic,2244.0,41.6,False,False
2020,Wyoming,WY,State House,55,general,Ember Oakley,Republican,2058.0,50.2,True,False
2020,Wyoming,WY,State House,55,general,Bethany Baldes,Libertarian,2026.0,49.4,False,False
2020,Wyoming,WY,State House,56,general,Jerry Obermueller,Republican,3166.0,96.7,True,True
2020,Wyoming,WY,State House,57,general,Chuck Gray,Republican,2504.0,68.9,True,True
2020,Wyoming,WY,State House,57,general,Jane Ifland,Democratic,1120.0,30.8,False,False
2020,Wyoming,WY,State House,58,general,Pat Sweeney,Republican,2725.0,80.3,True,True
2020,Wyoming,WY,State House,58,general,Joseph Porambo,Libertarian,646.0,19.0,False,False
2020,Wyoming,WY,State House,59,general,Kevin O'Hearn,Republican,2658.0,70.2,True,False
2020,Wyoming,WY,State House,59,general,Mike Gilmore,Democratic,1104.0,29.1,False,False
2020,Wyoming,WY,State House,60,general,Mark Baker,Republican,2793.0,68.8,True,False
2020,Wyoming,WY,State House,60,general,Lindsey Travis,Democratic,1260.0,31.0,False,False
2020,Puerto Rico,PU,State House,REPRESENTATIVE DISTRICT 1,general,Eddie Charbonier Chinea,Progressive,10506.0,42.35,True,True
2020,Puerto Rico,PU,State House,REPRESENTATIVE DISTRICT 1,general,Alberto Derkes de Leon,Movimiento Victoria Ciudadana,5948.0,23.98,False,False
2020,Puerto Rico,PU,State House,REPRESENTATIVE DISTRICT 1,general,Rosario Tata,Democratic,5634.0,22.71,False,False
2020,Puerto Rico,PU,State House,REPRESENTATIVE DISTRICT 1,general,Carmen Santiago Negrón,Independence,2720.0,10.96,False,False
2020,Puerto Rico,PU,State House,REPRESENTATIVE DISTRICT 2,general,Luis Torres Cruz,Democratic,8166.0,31.54,True,True
2020,Puerto Rico,PU,State House,REPRESENTATIVE DISTRICT 2,general,Ricardo Rey Ocasio,Progressive,8003.0,30.91,False,False
2020,Puerto Rico,PU,State House,REPRESENTATIVE DISTRICT 2,general,Fernando Villaespesa,Movimiento Victoria Ciudadana,6285.0,24.28,False,False
2020,Puerto Rico,PU,State House,REPRESENTATIVE DISTRICT 2,general,Dario Ortiz González,Independence,3164.0,12.22,False,False
2020,Puerto Rico,PU,State House,REPRESENTATIVE DISTRICT 2,general,Julio Vargas Cruz,Independent,270.0,1.04,False,False
2020,Puerto Rico,PU,State House,REPRESENTATIVE DISTRICT 3,general,Juan Morales Rodríguez,Progressive,8590.0,35.14,True,True
2020,Puerto Rico,PU,State House,REPRESENTATIVE DISTRICT 3,general,Eva Prado Rodríguez,Movimiento Victoria Ciudadana,8462.0,34.61,False,False
2020,Puerto Rico,PU,State House,REPRESENTATIVE DISTRICT 3,general,José Ortiz,Democratic,5898.0,24.13,False,False
2020,Puerto Rico,PU,State House,REPRESENTATIVE DISTRICT 3,general,Ángel Alicea Montañez,Independence,1497.0,6.12,False,False
2020,Puerto Rico,PU,State House,REPRESENTATIVE DISTRICT 4,general,Victor Parés,Progressive,10189.0,33.2,True,True
2020,Puerto Rico,PU,State House,REPRESENTATIVE DISTRICT 4,general,Manuel Calderón Cerame,Democratic,9640.0,31.41,False,False
2020,Puerto Rico,PU,State House,REPRESENTATIVE DISTRICT 4,general,Rafaela Esteves Agramonte,Movimiento Victoria Ciudadana,6921.0,22.55,False,False
2020,Puerto Rico,PU,State House,REPRESENTATIVE DISTRICT 4,general,Marian Ortiz Vargas,Independence,3937.0,12.83,False,False
2020,Puerto Rico,PU,State House,REPRESENTATIVE DISTRICT 5,general,Jorge Navarro,Progressive,11277.0,35.16,True,True
2020,Puerto Rico,PU,State House,REPRESENTATIVE DISTRICT 5,general,Roberto Zayas,Democratic,8764.0,27.32,False,False
2020,Puerto Rico,PU,State House,REPRESENTATIVE DISTRICT 5,general,Carlos Ávila Pacheco,Movimiento Victoria Ciudadana,6565.0,20.47,False,False
2020,Puerto Rico,PU,State House,REPRESENTATIVE DISTRICT 5,general,Alfonzo Questell Ortiz,Independence,2841.0,8.86,False,False
2020,Puerto Rico,PU,State House,REPRESENTATIVE DISTRICT 5,general,Ricardo Rodríguez Quiles,Project Dignity,2630.0,8.2,False,False
2020,Puerto Rico,PU,State House,REPRESENTATIVE DISTRICT 6,general,Antonio Soto,Progressive,13547.0,44.87,True,True
2020,Puerto Rico,PU,State House,REPRESENTATIVE DISTRICT 6,general,Noemí Andújar,Democratic,7573.0,25.08,False,False
2020,Puerto Rico,PU,State House,REPRESENTATIVE DISTRICT 6,general,Alex Rodríguez Rodríguez,Movimiento Victoria Ciudadana,6471.0,21.43,False,False
2020,Puerto Rico,PU,State House,REPRESENTATIVE DISTRICT 6,general,Jaime Rodríguez Rivera,Independence,2603.0,8.62,False,False
2020,Puerto Rico,PU,State House,REPRESENTATIVE DISTRICT 7,general,Luis Pérez Ortiz,Progressive,11064.0,42.03,True,True
2020,Puerto Rico,PU,State House,REPRESENTATIVE DISTRICT 7,general,Janice Nieves,Democratic,7112.0,27.02,False,False
2020,Puerto Rico,PU,State House,REPRESENTATIVE DISTRICT 7,general,Carmen Pagán Cabrera,Movimiento Victoria Ciudadana,5187.0,19.7,False,False
2020,Puerto Rico,PU,State House,REPRESENTATIVE DISTRICT 7,general,Mario Maldonado Ramírez,Independence,2962.0,11.25,False,False
2020,Puerto Rico,PU,State House,REPRESENTATIVE DISTRICT 8,general,Yashira Lebrón,Progressive,10373.0,39.33,True,True
2020,Puerto Rico,PU,State House,REPRESENTATIVE DISTRICT 8,general,Eric Bonilla Latoni,Democratic,6092.0,23.1,False,False
2020,Puerto Rico,PU,State House,REPRESENTATIVE DISTRICT 8,general,Moraima Rodríguez,Movimiento Victoria Ciudadana,5303.0,20.11,False,False
2020,Puerto Rico,PU,State House,REPRESENTATIVE DISTRICT 8,general,Jesús Dávila Molina,Independence,2405.0,9.12,False,False
2020,Puerto Rico,PU,State House,REPRESENTATIVE DISTRICT 8,general,Paul Rodríguez González,Project Dignity,2202.0,8.35,False,False
2020,Puerto Rico,PU,State House,REPRESENTATIVE DISTRICT 9,general,Yazzer Morales Díaz,Progressive,9801.0,38.22,True,False
2020,Puerto Rico,PU,State House,REPRESENTATIVE DISTRICT 9,general,Noelia Ramos Vázquez,Democratic,9093.0,35.46,False,False
2020,Puerto Rico,PU,State House,REPRESENTATIVE DISTRICT 9,general,Edna Vázquez Díaz,Movimiento Victoria Ciudadana,4550.0,17.74,False,False
2020,Puerto Rico,PU,State House,REPRESENTATIVE DISTRICT 9,general,Iván Sánchez Almodovar,Independence,2199.0,8.56,False,False
2020,Puerto Rico,PU,State House,REPRESENTATIVE DISTRICT 10,general,Deborah Soto Arroyo,Democratic,9950.0,44.26,True,False
2020,Puerto Rico,PU,State House,REPRESENTATIVE DISTRICT 10,general,Pedro Santiago Guzman,Progressive,9609.0,42.74,False,True
2020,Puerto Rico,PU,State House,REPRESENTATIVE DISTRICT 10,general,Roberto Jusino Serrano,Independence,2922.0,13.0,False,False
2020,Puerto Rico,PU,State House,REPRESENTATIVE DISTRICT 11,general,Rafael Hernandez,Democratic,11357.0,38.84,True,True
2020,Puerto Rico,PU,State House,REPRESENTATIVE DISTRICT 11,general,Isabela Molina,Progressive,10731.0,36.69,False,False
2020,Puerto Rico,PU,State House,REPRESENTATIVE DISTRICT 11,general,Lousif Nevárez de Garcia,Movimiento Victoria Ciudadana,4568.0,15.62,False,False
2020,Puerto Rico,PU,State House,REPRESENTATIVE DISTRICT 11,general,Guillermo Martínez Rivera,Independence,2588.0,8.85,False,False
2020,Puerto Rico,PU,State House,REPRESENTATIVE DISTRICT 12,general,Edgardo Feliciano,Democratic,11807.0,39.79,True,False
2020,Puerto Rico,PU,State House,REPRESENTATIVE DISTRICT 12,general,Javier Parés,Progressive,11061.0,37.27,False,False
2020,Puerto Rico,PU,State House,REPRESENTATIVE DISTRICT 12,general,Edwin Marrero Santiago,Movimiento Victoria Ciudadana,5465.0,18.41,False,False
2020,Puerto Rico,PU,State House,REPRESENTATIVE DISTRICT 12,general,Ángel Santana,Independence,1344.0,4.53,False,False
2020,Puerto Rico,PU,State House,REPRESENTATIVE DISTRICT 13,general,Gabriel Rodríguez,Progressive,12656.0,41.23,True,True
2020,Puerto Rico,PU,State House,REPRESENTATIVE DISTRICT 13,general,Brian Casais García,Democratic,12349.0,40.23,False,False
2020,Puerto Rico,PU,State House,REPRESENTATIVE DISTRICT 13,general,José Cintrón,Movimiento Victoria Ciudadana,3223.0,10.5,False,False
2020,Puerto Rico,PU,State House,REPRESENTATIVE DISTRICT 13,general,Yahaira Velázquez Correa,Independence,2471.0,8.05,False,False
2020,Puerto Rico,PU,State House,REPRESENTATIVE DISTRICT 14,general,José González,Progressive,11862.0,43.43,True,True
2020,Puerto Rico,PU,State House,REPRESENTATIVE DISTRICT 14,general,Juan Torres,Democratic,9043.0,33.11,False,False
2020,Puerto Rico,PU,State House,REPRESENTATIVE DISTRICT 14,general,Edwin Mieles Richard,Project Dignity,2892.0,10.59,False,False
2020,Puerto Rico,PU,State House,REPRESENTATIVE DISTRICT 14,general,Ismael Rodríguez Medina,Movimiento Victoria Ciudadana,2338.0,8.56,False,False
2020,Puerto Rico,PU,State House,REPRESENTATIVE DISTRICT 14,general,Héctor Guillermo Díaz,Independence,1176.0,4.31,False,False
2020,Puerto Rico,PU,State House,REPRESENTATIVE DISTRICT 15,general,Joel Franqui Atiles,Progressive,14769.0,46.97,True,True
2020,Puerto Rico,PU,State House,REPRESENTATIVE DISTRICT 15,general,Armando Legarreta Raíces,Democratic,14205.0,45.17,False,False
2020,Puerto Rico,PU,State House,REPRESENTATIVE DISTRICT 15,general,Fernando Babilonia Aguilar,Independence,2471.0,7.86,False,False
2020,Puerto Rico,PU,State House,REPRESENTATIVE DISTRICT 16,general,Eladio Cardonia,Democratic,15847.0,49.3,True,False
2020,Puerto Rico,PU,State House,REPRESENTATIVE DISTRICT 16,general,Félix Lassalle Toro,Progressive,13969.0,43.46,False,True
2020,Puerto Rico,PU,State House,REPRESENTATIVE DISTRICT 16,general,Pedro Méndez Acosta,Independence,2326.0,7.24,False,False
2020,Puerto Rico,PU,State House,REPRESENTATIVE DISTRICT 17,general,Wilson Roman,Progressive,14101.0,47.14,True,True
2020,Puerto Rico,PU,State House,REPRESENTATIVE DISTRICT 17,general,David Villanueva,Democratic,11711.0,39.15,False,False
2020,Puerto Rico,PU,State House,REPRESENTATIVE DISTRICT 17,general,Santiago Concepción,Movimiento Victoria Ciudadana,2442.0,8.16,False,False
2020,Puerto Rico,PU,State House,REPRESENTATIVE DISTRICT 17,general,Hector Santaella Buitrago,Independence,1661.0,5.55,False,False
2020,Puerto Rico,PU,State House,REPRESENTATIVE DISTRICT 18,general,Jessi Cortés Ramos,Democratic,14961.0,43.53,True,False
2020,Puerto Rico,PU,State House,REPRESENTATIVE DISTRICT 18,general,Jose Pérez Cordero,Progressive,14895.0,43.34,False,True
2020,Puerto Rico,PU,State House,REPRESENTATIVE DISTRICT 18,general,Pedro Acevedo Vargas,Movimiento Victoria Ciudadana,3099.0,9.02,False,False
2020,Puerto Rico,PU,State House,REPRESENTATIVE DISTRICT 18,general,Antonio Vargas Morales,Independence,1416.0,4.12,False,False
2020,Puerto Rico,PU,State House,REPRESENTATIVE DISTRICT 19,general,Jocelyne Rodríguez Negrón,Democratic,9892.0,41.34,True,False
2020,Puerto Rico,PU,State House,REPRESENTATIVE DISTRICT 19,general,Maricarmen Mas,Progressive,8541.0,35.7,False,True
2020,Puerto Rico,PU,State House,REPRESENTATIVE DISTRICT 19,general,Yadira Vázquez Rivera,Movimiento Victoria Ciudadana,3102.0,12.96,False,False
2020,Puerto Rico,PU,State House,REPRESENTATIVE DISTRICT 19,general,Jose Muñiz Quiñones,Independence,2392.0,10.0,False,False
2020,Puerto Rico,PU,State House,REPRESENTATIVE DISTRICT 20,general,Kebin Maldonado Martinez,Democratic,11669.0,39.89,True,False
2020,Puerto Rico,PU,State House,REPRESENTATIVE DISTRICT 20,general,Emilio Carlo,Progressive,10155.0,34.71,False,False
2020,Puerto Rico,PU,State House,REPRESENTATIVE DISTRICT 20,general,Noé Ramírez Ramírez,Movimiento Victoria Ciudadana,4087.0,13.97,False,False
2020,Puerto Rico,PU,State House,REPRESENTATIVE DISTRICT 20,general,Milagros Martínez Pérez,Independence,3344.0,11.43,False,False
2020,Puerto Rico,PU,State House,REPRESENTATIVE DISTRICT 21,general,Lydia Méndez,Democratic,12122.0,42.29,True,True
2020,Puerto Rico,PU,State House,REPRESENTATIVE DISTRICT 21,general,Yamilet González Alicea,Progressive,11870.0,41.42,False,False
2020,Puerto Rico,PU,State House,REPRESENTATIVE DISTRICT 21,general,Andrés Acosta Mercado,Movimiento Victoria Ciudadana,2867.0,10.0,False,False
2020,Puerto Rico,PU,State House,REPRESENTATIVE DISTRICT 21,general,Jaime Camacho Román,Independence,1802.0,6.29,False,False
2020,Puerto Rico,PU,State House,REPRESENTATIVE DISTRICT 22,general,Jorge Alfredo Rivera,Democratic,15049.0,48.44,True,False
2020,Puerto Rico,PU,State House,REPRESENTATIVE DISTRICT 22,general,Michael Quiñones,Progressive,14483.0,46.61,False,True
2020,Puerto Rico,PU,State House,REPRESENTATIVE DISTRICT 22,general,Edna Quiñones,Independence,1538.0,4.95,False,False
2020,Puerto Rico,PU,State House,REPRESENTATIVE DISTRICT 23,general,José Rivera Madera,Democratic,11017.0,37.96,True,False
2020,Puerto Rico,PU,State House,REPRESENTATIVE DISTRICT 23,general,Victor Torres,Progressive,10816.0,37.27,False,True
2020,Puerto Rico,PU,State House,REPRESENTATIVE DISTRICT 23,general,Saime Figueroa Rodríguez,Movimiento Victoria Ciudadana,4803.0,16.55,False,False
2020,Puerto Rico,PU,State House,REPRESENTATIVE DISTRICT 23,general,Jimmy Borrero,Independence,2385.0,8.22,False,False
2020,Puerto Rico,PU,State House,REPRESENTATIVE DISTRICT 24,general,Ángel Fourquet,Democratic,9024.0,36.34,True,False
2020,Puerto Rico,PU,State House,REPRESENTATIVE DISTRICT 24,general,José Bachs Alemán,Progressive,7944.0,31.99,False,True
2020,Puerto Rico,PU,State House,REPRESENTATIVE DISTRICT 24,general,Reinaldo Colón Alonso,Movimiento Victoria Ciudadana,3325.0,13.39,False,False
2020,Puerto Rico,PU,State House,REPRESENTATIVE DISTRICT 24,general,Luis Salinas,Project Dignity,2353.0,9.48,False,False
2020,Puerto Rico,PU,State House,REPRESENTATIVE DISTRICT 24,general,Carlos Reyes Alonso,Independence,2185.0,8.8,False,False
2020,Puerto Rico,PU,State House,REPRESENTATIVE DISTRICT 25,general,Domingo Torres Garcia,Democratic,11453.0,42.08,True,False
2020,Puerto Rico,PU,State House,REPRESENTATIVE DISTRICT 25,general,Jacqueline Rodríguez,Progressive,10021.0,36.82,False,True
2020,Puerto Rico,PU,State House,REPRESENTATIVE DISTRICT 25,general,Gerardo Cruz López,Independence,2908.0,10.68,False,False
2020,Puerto Rico,PU,State House,REPRESENTATIVE DISTRICT 25,general,José Hernández Pagán,Project Dignity,2837.0,10.42,False,False
2020,Puerto Rico,PU,State House,REPRESENTATIVE DISTRICT 26,general,Orlando Aponte Rosario,Democratic,18096.0,51.8,True,False
2020,Puerto Rico,PU,State House,REPRESENTATIVE DISTRICT 26,general,Urayoán Hernández,Progressive,14636.0,41.89,False,True
2020,Puerto Rico,PU,State House,REPRESENTATIVE DISTRICT 26,general,Calixto Negrón Aponte,Independence,2203.0,6.31,False,False
2020,Puerto Rico,PU,State House,REPRESENTATIVE DISTRICT 27,general,Estrella Martínez Soto,Democratic,14230.0,48.39,True,False
2020,Puerto Rico,PU,State House,REPRESENTATIVE DISTRICT 27,general,Manuel Claudio,Progressive,11850.0,40.3,False,True
2020,Puerto Rico,PU,State House,REPRESENTATIVE DISTRICT 27,general,Rafael Rosario Rivera,Independence,3327.0,11.31,False,False
2020,Puerto Rico,PU,State House,REPRESENTATIVE DISTRICT 28,general,Juan Santiago Nieves,Democratic,17059.0,46.6,True,False
2020,Puerto Rico,PU,State House,REPRESENTATIVE DISTRICT 28,general,Rafael June Rivera,Progressive,14251.0,38.93,False,True
2020,Puerto Rico,PU,State House,REPRESENTATIVE DISTRICT 28,general,José Daniel Rodríguez,Movimiento Victoria Ciudadana,3894.0,10.64,False,False
2020,Puerto Rico,PU,State House,REPRESENTATIVE DISTRICT 28,general,Roy Ayala Pérez,Independence,1402.0,3.83,False,False
2020,Puerto Rico,PU,State House,REPRESENTATIVE DISTRICT 29,general,José Díaz Collazo,Democratic,13093.0,49.64,True,True
2020,Puerto Rico,PU,State House,REPRESENTATIVE DISTRICT 29,general,Lisandro Morales Vázquez,Progressive,9024.0,34.21,False,False
2020,Puerto Rico,PU,State House,REPRESENTATIVE DISTRICT 29,general,Fernando Maldonado Morales,Independence,4259.0,16.15,False,False
2020,Puerto Rico,PU,State House,REPRESENTATIVE DISTRICT 30,general,Luis Ortiz Lugo,Democratic,12160.0,49.16,True,True
2020,Puerto Rico,PU,State House,REPRESENTATIVE DISTRICT 30,general,Héctor Torres,Progressive,10017.0,40.49,False,False
2020,Puerto Rico,PU,State House,REPRESENTATIVE DISTRICT 30,general,Eduardo Soto,Independence,2561.0,10.35,False,False
2020,Puerto Rico,PU,State House,REPRESENTATIVE DISTRICT 31,general,Jesús Santa Rodríguez,Democratic,10369.0,32.84,True,True
2020,Puerto Rico,PU,State House,REPRESENTATIVE DISTRICT 31,general,Vimarie Peña Dávila,Progressive,10255.0,32.48,False,False
2020,Puerto Rico,PU,State House,REPRESENTATIVE DISTRICT 31,general,César García Martínez,Movimiento Victoria Ciudadana,4994.0,15.82,False,False
2020,Puerto Rico,PU,State House,REPRESENTATIVE DISTRICT 31,general,Luis Domenech Sepúlveda,Independence,3675.0,11.64,False,False
2020,Puerto Rico,PU,State House,REPRESENTATIVE DISTRICT 31,general,Raúl Colón Rodríguez,Project Dignity,2279.0,7.22,False,False
2020,Puerto Rico,PU,State House,REPRESENTATIVE DISTRICT 32,general,José Varela,Democratic,8558.0,35.43,True,True
2020,Puerto Rico,PU,State House,REPRESENTATIVE DISTRICT 32,general,José Figueroa,Progressive,7146.0,29.58,False,False
2020,Puerto Rico,PU,State House,REPRESENTATIVE DISTRICT 32,general,Maritza Maymí Hernández,Movimiento Victoria Ciudadana,5420.0,22.44,False,False
2020,Puerto Rico,PU,State House,REPRESENTATIVE DISTRICT 32,general,Jesús Roque,Independence,3034.0,12.56,False,False
2020,Puerto Rico,PU,State House,REPRESENTATIVE DISTRICT 33,general,Ángel Peña Jr.,Progressive,13257.0,49.91,True,True
2020,Puerto Rico,PU,State House,REPRESENTATIVE DISTRICT 33,general,Luis Collazo Negrón,Democratic,9757.0,36.73,False,False
2020,Puerto Rico,PU,State House,REPRESENTATIVE DISTRICT 33,general,Gloria Santana Velázquez,Independence,3548.0,13.36,False,False
2020,Puerto Rico,PU,State House,REPRESENTATIVE DISTRICT 34,general,Ramón Cruz Burgos,Democratic,16719.0,52.18,True,True
2020,Puerto Rico,PU,State House,REPRESENTATIVE DISTRICT 34,general,Félix Figueroa,Progressive,13098.0,40.88,False,False
2020,Puerto Rico,PU,State House,REPRESENTATIVE DISTRICT 34,general,Carlos Rosado Dávila,Independence,2227.0,6.95,False,False
2020,Puerto Rico,PU,State House,REPRESENTATIVE DISTRICT 35,general,Sol Higgins,Democratic,11892.0,49.26,True,False
2020,Puerto Rico,PU,State House,REPRESENTATIVE DISTRICT 35,general,Alejandro Martínez Burgos,Progressive,7933.0,32.86,False,False
2020,Puerto Rico,PU,State House,REPRESENTATIVE DISTRICT 35,general,Samuel Pagán Cuadrado,Independent,2321.0,9.61,False,False
2020,Puerto Rico,PU,State House,REPRESENTATIVE DISTRICT 35,general,Ricardo Díaz Maldonado,Independence,1996.0,8.27,False,False
2020,Puerto Rico,PU,State House,REPRESENTATIVE DISTRICT 36,general,Carlos Méndez,Progressive,9634.0,44.36,True,True
2020,Puerto Rico,PU,State House,REPRESENTATIVE DISTRICT 36,general,Juan Gómez,Democratic,9364.0,43.11,False,False
2020,Puerto Rico,PU,State House,REPRESENTATIVE DISTRICT 36,general,Lydia Ramos Ivaldo,Independence,2722.0,12.53,False,False
2020,Puerto Rico,PU,State House,REPRESENTATIVE DISTRICT 37,general,Ángel Bulerín,Progressive,10639.0,41.31,True,True
2020,Puerto Rico,PU,State House,REPRESENTATIVE DISTRICT 37,general,Ángel Osorio Vélez,Democratic,9933.0,38.56,False,False
2020,Puerto Rico,PU,State House,REPRESENTATIVE DISTRICT 37,general,Eilleen Ramos Rivera,Project Dignity,3071.0,11.92,False,False
2020,Puerto Rico,PU,State House,REPRESENTATIVE DISTRICT 37,general,Reginald Carrasquillo,Independence,2114.0,8.21,False,False
2020,Puerto Rico,PU,State House,REPRESENTATIVE DISTRICT 38,general,Wanda del Valle Correa,Progressive,9696.0,36.66,True,False
2020,Puerto Rico,PU,State House,REPRESENTATIVE DISTRICT 38,general,Luis Rivera Filomino,Democratic,8941.0,33.8,False,False
2020,Puerto Rico,PU,State House,REPRESENTATIVE DISTRICT 38,general,Daniel Lugo Mercado,Movimiento Victoria Ciudadana,5188.0,19.61,False,False
2020,Puerto Rico,PU,State House,REPRESENTATIVE DISTRICT 38,general,Luz Álvarez Rodríguez,Independence,2158.0,8.16,False,False
2020,Puerto Rico,PU,State House,REPRESENTATIVE DISTRICT 38,general,Emmanuel Huertas,Independent,468.0,1.77,False,False
2020,Puerto Rico,PU,State House,REPRESENTATIVE DISTRICT 39,general,Roberto Rivera Ruiz,Democratic,8949.0,37.18,True,True
2020,Puerto Rico,PU,State House,REPRESENTATIVE DISTRICT 39,general,Luis Alberto Cortés,Progressive,7012.0,29.13,False,False
2020,Puerto Rico,PU,State House,REPRESENTATIVE DISTRICT 39,general,Manuel Alonso López,Movimiento Victoria Ciudadana,5984.0,24.86,False,False
2020,Puerto Rico,PU,State House,REPRESENTATIVE DISTRICT 39,general,Luis Cruz Batista,Independence,2124.0,8.82,False,False
2020,Puerto Rico,PU,State House,REPRESENTATIVE DISTRICT 40,general,Ángel Matos Garcia,Democratic,7974.0,36.45,True,True
2020,Puerto Rico,PU,State House,REPRESENTATIVE DISTRICT 40,general,Sergio Estevez,Progressive,6649.0,30.39,False,False
2020,Puerto Rico,PU,State House,REPRESENTATIVE DISTRICT 40,general,Tiffany Rohena,Movimiento Victoria Ciudadana,4998.0,22.84,False,False
2020,Puerto Rico,PU,State House,REPRESENTATIVE DISTRICT 40,general,María Vargas Cáceres,Independence,2257.0,10.32,False,False
2020,Alabama elections#,AL,State House,REPRESENTATIVES,special general,Russell Bedsole,Republican,1599.0,63.18,True,False
2020,Alabama elections#,AL,State House,REPRESENTATIVES,special general,Cheryl Patton,Democratic,930.0,36.74,False,False
2020,Louisiana elections#Louisiana House of Representatives (special),LO,State House,1,general,Eric Skrmetta,Republican,55987.0,61.78,True,True
2020,Louisiana elections#Louisiana House of Representatives (special),LO,State House,1,general,Allen Borne Jr.,Democratic,34639.0,38.22,False,False
2020,Michigan's 34th House of Representatives district special,MI,State House,REPRESENTATIVES,special general,Cynthia Neeley,Democratic,7718.0,91.9,True,False
2020,Michigan's 34th House of Representatives district special,MI,State House,REPRESENTATIVES,special general,Adam Ford,Republican,683.0,8.1,False,False
2020,Pennsylvania House of Representatives election#Special,PE,State House,8,special general,Timothy R. Bonner,Republican,4000.0,75.08,True,False
2020,Pennsylvania House of Representatives election#Special,PE,State House,8,special general,Phil Heasley,Democratic,1328.0,24.92,False,False
2020,Pennsylvania House of Representatives election#Special,PE,State House,18,special general,Kathleen C. Tomlinson,Republican,4516.0,55.23,True,False
2020,Pennsylvania House of Representatives election#Special,PE,State House,18,special general,Harold Hayes,Democratic,3661.0,44.77,False,False
2020,Pennsylvania House of Representatives election#Special,PE,State House,58,special general,Eric Davanzo,Republican,4269.0,52.58,True,False
2020,Pennsylvania House of Representatives election#Special,PE,State House,58,special general,Robert Prah Jr.,Democratic,3294.0,40.57,False,False
2020,Pennsylvania House of Representatives election#Special,PE,State House,58,special general,Kenneth Bach,Libertarian,556.0,6.85,False,False
2020,Pennsylvania House of Representatives election#Special,PE,State House,190,special general,G. Roni Green,Democratic,2651.0,86.27,True,False
2020,Pennsylvania House of Representatives election#Special,PE,State House,190,special general,Wanda Logan,Republican,422.0,13.73,False,False
