year,state,state_code,chamber,district,race,candidate,party,votes,percentage,winner,incumbent
2018,Alabama,AL,State House,REPRESENTATIVES,general,Phillip Pettus,Republican,7348.0,62.57,True,True
2018,Alabama,AL,State House,REPRESENTATIVES,general,Bobby James Dolan III,Independent,4336.0,36.92,False,False
2018,Alabama,AL,State House,REPRESENTATIVES,general,Lynn Greer,Republican,13056.0,73.04,True,True
2018,Alabama,AL,State House,REPRESENTATIVES,general,Laura Kay Morrow,Democratic,4798.0,26.84,False,False
2018,Alabama,AL,State House,REPRESENTATIVES,general,Andrew Sorrell,Republican,9448.0,52.49,True,False
2018,Alabama,AL,State House,REPRESENTATIVES,general,Chad Young,Democratic,8540.0,47.45,False,False
2018,Alabama,AL,State House,4,general,Parker Moore,Republican,11074.0,65.05,True,True
2018,Alabama,AL,State House,4,general,Jo Ann Cummings,Democratic,4325.0,25.41,False,False
2018,Alabama,AL,State House,4,general,"Polan ""Pete"" Willis Jr.",Independent,1620.0,9.51,False,False
2018,Alabama,AL,State House,5,general,Danny Crawford,Republican,12395.0,72.32,True,True
2018,Alabama,AL,State House,5,general,Brian D Williams,Democratic,4725.0,27.57,False,False
2018,Alabama,AL,State House,6,general,Andy Whitt,Republican,11893.0,95.24,True,False
2018,Alabama,AL,State House,7,general,Proncey Robinson,Republican,10892.0,75.15,True,False
2018,Alabama,AL,State House,7,general,Kenneth A. Brackins,Democratic,3592.0,24.78,False,False
2018,Alabama,AL,State House,8,general,Terri Collins,Republican,8803.0,61.65,True,True
2018,Alabama,AL,State House,8,general,Billy Jackson,Democratic,5469.0,38.3,False,False
2018,Alabama,AL,State House,9,general,Scott Stadthagen,Republican,13297.0,99.05,True,False
2018,Alabama,AL,State House,10,general,Mike Ball,Republican,11240.0,53.66,True,True
2018,Alabama,AL,State House,10,general,J.B. King,Democratic,8565.0,40.89,False,False
2018,Alabama,AL,State House,10,general,Elijah J. Boyd,Libertarian,1130.0,5.39,False,False
2018,Alabama,AL,State House,11,general,Randall Shedd,Republican,13098.0,99.3,True,True
2018,Alabama,AL,State House,12,general,Corey Harbison,Republican,14687.0,99.07,True,True
2018,Alabama,AL,State House,13,general,Connie Rowe,Republican,13755.0,98.63,True,True
2018,Alabama,AL,State House,14,general,Tim Wadsworth,Republican,13394.0,98.95,True,True
2018,Alabama,AL,State House,15,general,Allen Farley,Republican,14212.0,67.11,True,True
2018,Alabama,AL,State House,15,general,Suzanna Coleman,Democratic,6951.0,32.82,False,False
2018,Alabama,AL,State House,16,general,Kyle South,Republican,14681.0,99.07,True,True
2018,Alabama,AL,State House,17,general,Tracy Estes,Republican,12158.0,98.77,True,False
2018,Alabama,AL,State House,18,general,Jamie Kiel,Republican,9845.0,71.66,True,False
2018,Alabama,AL,State House,18,general,Eddie Britton,Democratic,3886.0,28.28,False,False
2018,Alabama,AL,State House,19,general,Laura Hall,Democratic,12675.0,97.96,True,True
2018,Alabama,AL,State House,20,general,Howard Sanderford,Republican,14589.0,63.07,True,True
2018,Alabama,AL,State House,20,general,Linda Meigs,Democratic,8527.0,36.87,False,False
2018,Alabama,AL,State House,21,general,Rex Reynolds,Republican,13311.0,61.31,True,True
2018,Alabama,AL,State House,21,general,Terry Jones,Democratic,8391.0,38.65,False,False
2018,Alabama,AL,State House,22,general,Ritchie Whorton,Republican,13929.0,98.31,True,True
2018,Alabama,AL,State House,23,general,Tommy Hanes,Republican,10823.0,98.86,True,True
2018,Alabama,AL,State House,24,general,Nathaniel Ledbetter,Republican,12394.0,98.93,True,True
2018,Alabama,AL,State House,25,general,Mac McCutcheon,Republican,14974.0,94.9,True,True
2018,Alabama,AL,State House,26,general,Kerry Rich,Republican,8948.0,98.55,True,True
2018,Alabama,AL,State House,27,general,Wes Kitchens,Republican,13245.0,84.27,True,False
2018,Alabama,AL,State House,27,general,Bill Jones,Democratic,2456.0,15.63,False,False
2018,Alabama,AL,State House,28,general,Gil Isbell,Republican,7091.0,55.21,True,False
2018,Alabama,AL,State House,28,general,Kyle Pierce,Democratic,5731.0,44.62,False,False
2018,Alabama,AL,State House,29,general,Becky Nordgren,Republican,11528.0,79.1,True,True
2018,Alabama,AL,State House,29,general,Jared Vaughn,Democratic,3032.0,20.8,False,False
2018,Alabama,AL,State House,30,general,B. Craig Lipscomb,Republican,13779.0,82.41,True,False
2018,Alabama,AL,State House,30,general,Jared Vaughn,Democratic,2931.0,17.53,False,False
2018,Alabama,AL,State House,31,general,Mike Holmes,Republican,14323.0,98.61,True,True
2018,Alabama,AL,State House,32,general,Barbara Boyd,Democratic,7761.0,63.16,True,True
2018,Alabama,AL,State House,32,general,James Allen Lloyd,Republican,4513.0,36.73,False,False
2018,Alabama,AL,State House,33,general,Ronald Johnson,Republican,10155.0,67.25,True,True
2018,Alabama,AL,State House,33,general,Scott Brewer,Democratic,4928.0,32.64,False,False
2018,Alabama,AL,State House,34,general,David Standridge,Republican,13331.0,99.34,True,True
2018,Alabama,AL,State House,35,general,Steve Hurst,Republican,11567.0,98.17,True,True
2018,Alabama,AL,State House,36,general,Randy Wood,Republican,11399.0,72.75,True,True
2018,Alabama,AL,State House,36,general,Nicki Arnold-Swindle,Democratic,4256.0,27.16,False,False
2018,Alabama,AL,State House,37,general,Bob Fincher,Republican,11153.0,71.16,True,True
2018,Alabama,AL,State House,37,general,Charlotte A. Clark-Frieson,Democratic,4505.0,28.74,False,False
2018,Alabama,AL,State House,38,general,Debbie Hamby Wood,Republican,11151.0,69.15,True,False
2018,Alabama,AL,State House,38,general,Brian McGee,Democratic,4944.0,30.66,False,False
2018,Alabama,AL,State House,39,general,Ginny Shaver,Republican,11585.0,98.76,True,False
2018,Alabama,AL,State House,40,general,K. L. Brown,Republican,11188.0,74.5,True,True
2018,Alabama,AL,State House,40,general,Pamela Jean Howard,Democratic,3819.0,25.43,False,False
2018,Alabama,AL,State House,41,general,Corley Ellis,Republican,14088.0,75.31,True,True
2018,Alabama,AL,State House,41,general,Emily Anne Marcum,Democratic,4610.0,24.64,False,False
2018,Alabama,AL,State House,42,general,Jimmy Martin,Republican,12412.0,98.74,True,True
2018,Alabama,AL,State House,43,general,Arnold Mooney,Republican,15035.0,71.96,True,True
2018,Alabama,AL,State House,43,general,Carin Mayo,Democratic,5847.0,27.99,False,False
2018,Alabama,AL,State House,44,general,Danny Garrett,Republican,14597.0,96.24,True,True
2018,Alabama,AL,State House,45,general,Dickie Drake,Republican,13669.0,65.61,True,True
2018,Alabama,AL,State House,45,general,Jenn Gray,Democratic,7148.0,34.31,False,False
2018,Alabama,AL,State House,46,general,David Faulkner,Republican,13341.0,61.23,True,True
2018,Alabama,AL,State House,46,general,Felicia Stewart,Democratic,8445.0,38.76,False,False
2018,Alabama,AL,State House,47,general,David Wheeler,Republican,9170.0,54.26,True,False
2018,Alabama,AL,State House,47,general,Jim Toomey,Democratic,7721.0,45.69,False,False
2018,Alabama,AL,State House,48,general,Jim Carns,Republican,14789.0,65.33,True,True
2018,Alabama,AL,State House,48,general,Alli Summerford,Democratic,7832.0,34.6,False,False
2018,Alabama,AL,State House,49,general,April Weaver,Republican,10795.0,97.21,True,True
2018,Alabama,AL,State House,50,general,Jim Hill,Republican,14412.0,98.25,True,True
2018,Alabama,AL,State House,51,general,Allen Treadaway,Republican,15390.0,82.88,True,True
2018,Alabama,AL,State House,51,general,Veronica R. Johnson,Democratic,3174.0,17.09,False,False
2018,Alabama,AL,State House,52,general,John Rogers,Democratic,13284.0,98.74,True,True
2018,Alabama,AL,State House,53,general,Anthony Daniels,Democratic,8375.0,98.47,True,True
2018,Alabama,AL,State House,54,general,Neil Rafferty,Democratic,13287.0,89.92,True,False
2018,Alabama,AL,State House,54,general,Joseph Casper Baker III,Independent,1436.0,9.72,False,False
2018,Alabama,AL,State House,55,general,Rod Scott,Democratic,13109.0,99.39,True,True
2018,Alabama,AL,State House,56,general,Louise Alexander,Democratic,13769.0,98.1,True,True
2018,Alabama,AL,State House,57,general,Merika Coleman,Democratic,12831.0,98.08,True,True
2018,Alabama,AL,State House,58,general,Rolanda Hollis,Democratic,12498.0,98.74,True,True
2018,Alabama,AL,State House,59,general,Mary Moore,Democratic,12036.0,99.05,True,True
2018,Alabama,AL,State House,60,general,Juandalynn Givan,Democratic,14432.0,98.46,True,True
2018,Alabama,AL,State House,61,general,Rodney Sullivan,Republican,12407.0,65.59,True,False
2018,Alabama,AL,State House,61,general,"Thomas ""Tommy"" Hyche",Democratic,6491.0,34.32,False,False
2018,Alabama,AL,State House,62,general,Rich Wingo,Republican,11282.0,68.12,True,True
2018,Alabama,AL,State House,62,general,Will Benton,Democratic,5265.0,31.79,False,False
2018,Alabama,AL,State House,63,general,Bill Poole,Republican,10239.0,96.13,True,True
2018,Alabama,AL,State House,64,general,Harry Shiver,Republican,13030.0,76.32,True,True
2018,Alabama,AL,State House,64,general,Amber Selman-Lynn,Democratic,4022.0,23.56,False,False
2018,Alabama,AL,State House,65,general,Brett Easterbrook,Republican,10095.0,52.8,True,False
2018,Alabama,AL,State House,65,general,Elaine Beech,Democratic,9010.0,47.13,False,True
2018,Alabama,AL,State House,66,general,Alan Baker,Republican,10431.0,72.22,True,True
2018,Alabama,AL,State House,66,general,Susan E. Smith,Democratic,4008.0,27.75,False,False
2018,Alabama,AL,State House,67,general,Prince Chestnut,Democratic,11635.0,98.3,True,True
2018,Alabama,AL,State House,68,general,Thomas Jackson,Democratic,10382.0,97.93,True,True
2018,Alabama,AL,State House,69,general,Kelvin Lawrence,Democratic,12867.0,98.24,True,True
2018,Alabama,AL,State House,70,general,Christopher J. England,Democratic,11541.0,98.57,True,True
2018,Alabama,AL,State House,71,general,Artis J. McCampbell,Democratic,12400.0,98.24,True,True
2018,Alabama,AL,State House,72,general,Ralph Anthony Howard,Democratic,12811.0,98.75,True,True
2018,Alabama,AL,State House,73,general,Matt Fridy,Republican,12913.0,69.07,True,True
2018,Alabama,AL,State House,73,general,Jack Jacobs,Democratic,5772.0,30.87,False,False
2018,Alabama,AL,State House,74,general,Dimitri Polizos,Republican,9449.0,60.47,True,True
2018,Alabama,AL,State House,74,general,Rayford Mack,Democratic,6160.0,39.42,False,False
2018,Alabama,AL,State House,75,general,Reed Ingram,Republican,13229.0,96.9,True,True
2018,Alabama,AL,State House,76,general,Thad McClammy,Democratic,11681.0,99.4,True,True
2018,Alabama,AL,State House,77,general,Tashina Morris,Democratic,10638.0,98.64,True,False
2018,Alabama,AL,State House,78,general,Kirk Hatcher,Democratic,9506.0,83.42,True,False
2018,Alabama,AL,State House,78,general,Tijuanna Adetunji,Independent,1860.0,16.32,False,False
2018,Alabama,AL,State House,79,general,Joe Lovvorn,Republican,9717.0,58.05,True,True
2018,Alabama,AL,State House,79,general,Mary Wynne Kling,Democratic,7015.0,41.91,False,False
2018,Alabama,AL,State House,80,general,Chris Blackshear,Republican,8506.0,71.32,True,True
2018,Alabama,AL,State House,80,general,"Christopher F. ""Apostle"" Davis",Democratic,3407.0,28.57,False,False
2018,Alabama,AL,State House,81,general,Ed Oliver,Republican,12823.0,73.16,True,False
2018,Alabama,AL,State House,81,general,"Jeremy ""J.J."" Jeffcoat",Democratic,4697.0,26.8,False,False
2018,Alabama,AL,State House,82,general,Pebblin Warren,Democratic,11411.0,97.59,True,True
2018,Alabama,AL,State House,83,general,Jeremy Gray,Democratic,8943.0,63.39,True,False
2018,Alabama,AL,State House,83,general,Michael J Holden II,Republican,5143.0,36.45,False,False
2018,Alabama,AL,State House,84,general,Berry Forte,Democratic,9962.0,97.97,True,True
2018,Alabama,AL,State House,85,general,Dexter Grimsley,Democratic,7315.0,53.78,True,True
2018,Alabama,AL,State House,85,general,J. Ron Wilson,Republican,6266.0,46.07,False,False
2018,Alabama,AL,State House,86,general,Paul Lee,Republican,11226.0,77.5,True,True
2018,Alabama,AL,State House,86,general,Kristy M. Kirkland,Democratic,3238.0,22.35,False,False
2018,Alabama,AL,State House,87,general,Jeff Sorrells,Republican,13835.0,98.83,True,False
2018,Alabama,AL,State House,88,general,Will Dismukes,Republican,11500.0,70.45,True,False
2018,Alabama,AL,State House,88,general,Cory Creel,Democratic,4793.0,29.36,False,False
2018,Alabama,AL,State House,89,general,Wes Allen,Republican,7804.0,59.28,True,False
2018,Alabama,AL,State House,89,general,Joel Lee Williams,Democratic,5348.0,40.63,False,False
2018,Alabama,AL,State House,90,general,Chris Sells,Republican,11063.0,64.61,True,True
2018,Alabama,AL,State House,90,general,Joanne Whetstone,Democratic,6051.0,35.24,False,False
2018,Alabama,AL,State House,91,general,Rhett Marques,Republican,11445.0,98.41,True,False
2018,Alabama,AL,State House,92,general,Mike Jones Jr.,Republican,11912.0,99.23,True,False
2018,Alabama,AL,State House,93,general,Steve Clouse,Republican,11974.0,97.91,True,True
2018,Alabama,AL,State House,94,general,Joe Faust,Republican,15302.0,70.92,True,True
2018,Alabama,AL,State House,94,general,Danielle Mashburn-Myrick,Democratic,6257.0,29.0,False,False
2018,Alabama,AL,State House,95,general,Steve McMillan,Republican,17008.0,98.56,True,True
2018,Alabama,AL,State House,96,general,Matt Simpson,Republican,13699.0,69.08,True,False
2018,Alabama,AL,State House,96,general,Maurice Horsey,Democratic,5019.0,25.31,False,False
2018,Alabama,AL,State House,96,general,"J. Matthew ""Matt"" Shelby",Libertarian,1106.0,5.58,False,False
2018,Alabama,AL,State House,97,general,Adline Clarke,Democratic,8740.0,65.43,True,True
2018,Alabama,AL,State House,97,general,Stephen McNair,Republican,4605.0,34.47,False,False
2018,Alabama,AL,State House,98,general,Napoleon Bracy Jr.,Democratic,9674.0,97.62,True,True
2018,Alabama,AL,State House,99,general,Sam Jones,Democratic,11794.0,73.31,True,False
2018,Alabama,AL,State House,99,general,Charles Talbert,Republican,4270.0,26.54,False,False
2018,Alabama,AL,State House,100,general,Victor Gaston,Republican,12086.0,97.09,True,True
2018,Alabama,AL,State House,101,general,Chris Pringle,Republican,10274.0,96.82,True,True
2018,Alabama,AL,State House,102,general,Shane Stringer,Republican,11048.0,98.21,True,False
2018,Alabama,AL,State House,103,general,Barbara Drummond,Democratic,8818.0,98.43,True,True
2018,Alabama,AL,State House,104,general,Margie Wilcox,Republican,10152.0,68.35,True,True
2018,Alabama,AL,State House,104,general,Arlene Cunningham Easley,Democratic,4695.0,31.61,False,False
2018,Alabama,AL,State House,105,general,Chip Brown,Republican,10176.0,98.3,True,False
2018,Alaska,AK,State House,1,general,Bart LeBon,Republican,2663.0,49.85,True,False
2018,Alaska,AK,State House,1,general,Kathryn Dodge,Democratic,2662.0,49.83,False,False
2018,Alaska,AK,State House,2,general,Steve Thompson,Republican,2340.0,66.14,True,True
2018,Alaska,AK,State House,2,general,Van Lawrence,Democratic,1186.0,33.52,False,False
2018,Alaska,AK,State House,3,general,Tammie Wilson,Republican,4854.0,92.14,True,True
2018,Alaska,AK,State House,4,general,Grier Hopkins,Democratic,4356.0,51.74,True,False
2018,Alaska,AK,State House,4,general,Jim Sackett,Republican,3650.0,43.35,False,False
2018,Alaska,AK,State House,4,general,Tim Lankin,Independent,395.0,4.69,False,False
2018,Alaska,AK,State House,5,general,Adam Wool,Democratic,3484.0,53.02,True,True
2018,Alaska,AK,State House,5,general,Kevin McKinley,Republican,3057.0,46.52,False,False
2018,Alaska,AK,State House,6,general,Dave Talerico,Republican,4001.0,59.29,True,True
2018,Alaska,AK,State House,6,general,Ed Alexander,Democratic,2722.0,40.34,False,False
2018,Alaska,AK,State House,7,general,Colleen Sullivan-Leonard,Republican,5705.0,95.23,True,True
2018,Alaska,AK,State House,8,general,Mark Neuman,Republican,5126.0,72.29,True,True
2018,Alaska,AK,State House,8,general,James Chesbro,Democratic,1184.0,16.7,False,False
2018,Alaska,AK,State House,8,general,Mark Fish,Libertarian,767.0,10.82,False,False
2018,Alaska,AK,State House,9,general,George Rauscher,Republican,5209.0,67.49,True,True
2018,Alaska,AK,State House,9,general,Bill Johnson,Democratic,1962.0,25.42,False,False
2018,Alaska,AK,State House,9,general,James Squyres,Independent,515.0,6.67,False,False
2018,Alaska,AK,State House,10,general,David Eastman,Republican,4524.0,57.36,True,True
2018,Alaska,AK,State House,10,general,Patricia Faye-Brazel,Democratic,1731.0,21.95,False,False
2018,Alaska,AK,State House,10,general,Doyle Holmes,Independent,1616.0,20.49,False,False
2018,Alaska,AK,State House,11,general,DeLena Johnson,Republican,5739.0,71.76,True,True
2018,Alaska,AK,State House,11,general,Eileen Patterson,Democratic,2217.0,27.72,False,False
2018,Alaska,AK,State House,12,general,Cathy Tilton,Republican,6099.0,75.14,True,True
2018,Alaska,AK,State House,12,general,Stephany Jeffers,Democratic,1993.0,24.55,False,False
2018,Alaska,AK,State House,13,general,Nancy Dahlstrom,Republican,3328.0,70.96,True,False
2018,Alaska,AK,State House,13,general,Danyelle Kimp,Democratic,1346.0,28.7,False,False
2018,Alaska,AK,State House,14,general,Kelly Merrick,Republican,5485.0,65.57,True,False
2018,Alaska,AK,State House,14,general,Joe Hackenmueller,Independent,2814.0,33.64,False,False
2018,Alaska,AK,State House,15,general,Gabrielle LeDoux,Republican,1380.0,41.64,True,True
2018,Alaska,AK,State House,15,general,Lyn Franks,Democratic,1139.0,34.37,False,False
2018,Alaska,AK,State House,16,general,Ivy Spohnholz,Democratic,3249.0,55.11,True,True
2018,Alaska,AK,State House,16,general,Stanley Wright,Republican,2618.0,44.41,False,False
2018,Alaska,AK,State House,17,general,Andy Josephson,Democratic,3171.0,59.47,True,True
2018,Alaska,AK,State House,17,general,Marcus Sanders,Republican,2148.0,40.29,False,False
2018,Alaska,AK,State House,18,general,Harriet Drummond,Democratic,3771.0,64.72,True,True
2018,Alaska,AK,State House,18,general,Anthony Lekanoff,Republican,2034.0,34.91,False,False
2018,Alaska,AK,State House,19,general,Geran Tarr,Democratic,2531.0,66.82,True,True
2018,Alaska,AK,State House,19,general,Cean Stevens,Libertarian,1211.0,31.97,False,False
2018,Alaska,AK,State House,20,general,Zack Fields,Democratic,3738.0,65.33,True,False
2018,Alaska,AK,State House,20,general,Ceezar Martinson,Republican,1662.0,29.05,False,False
2018,Alaska,AK,State House,20,general,Warren West,Libertarian,296.0,5.17,False,False
2018,Alaska,AK,State House,21,general,Matt Claman,Democratic,4058.0,54.55,True,True
2018,Alaska,AK,State House,21,general,Marilyn Stewart,Republican,3364.0,45.22,False,False
2018,Alaska,AK,State House,22,general,Sara Rasmussen,Republican,3478.0,47.14,True,False
2018,Alaska,AK,State House,22,general,Jason Grenn,Independent,3031.0,41.08,False,True
2018,Alaska,AK,State House,22,general,Dustin Darden,Democratic,860.0,11.66,False,False
2018,Alaska,AK,State House,23,general,Chris Tuck,Democratic,2973.0,53.13,True,True
2018,Alaska,AK,State House,23,general,Connie Dougherty,Republican,2605.0,46.55,False,False
2018,Alaska,AK,State House,24,general,Chuck Kopp,Republican,4933.0,60.25,True,True
2018,Alaska,AK,State House,24,general,Sue Levi,Democratic,3224.0,39.37,False,False
2018,Alaska,AK,State House,25,general,Josh Revak,Republican,3637.0,51.9,True,False
2018,Alaska,AK,State House,25,general,Pat Higgins,Democratic,3356.0,47.89,False,False
2018,Alaska,AK,State House,26,general,Laddie Shaw,Republican,4826.0,62.31,True,False
2018,Alaska,AK,State House,26,general,Anita Thorne,Democratic,2886.0,37.26,False,False
2018,Alaska,AK,State House,27,general,Lance Pruitt,Republican,3867.0,50.89,True,True
2018,Alaska,AK,State House,27,general,Liz Snyder,Democratic,3686.0,48.51,False,False
2018,Alaska,AK,State House,28,general,Jennifer Johnston,Republican,5557.0,54.43,True,True
2018,Alaska,AK,State House,28,general,Amber Lee,Democratic,4628.0,45.33,False,False
2018,Alaska,AK,State House,29,general,Ben Carpenter,Republican,5550.0,68.78,True,False
2018,Alaska,AK,State House,29,general,Amber Lee,Democratic,2487.0,30.82,False,False
2018,Alaska,AK,State House,30,general,Gary Knopp,Republican,6187.0,93.83,True,True
2018,Alaska,AK,State House,31,general,Sarah Vance,Republican,5243.0,54.76,True,False
2018,Alaska,AK,State House,31,general,Paul Seaton,Independent,4236.0,44.26,False,True
2018,Alaska,AK,State House,32,general,Louise Stutes,Republican,3261.0,53.11,True,True
2018,Alaska,AK,State House,32,general,Dennis Harris,Democratic,2072.0,33.75,False,False
2018,Alaska,AK,State House,32,general,Sandra Katelnikoff-Lester,Independent,767.0,12.49,False,False
2018,Alaska,AK,State House,33,general,Sara Hannan,Democratic,5073.0,56.54,True,False
2018,Alaska,AK,State House,33,general,Chris Dimond,Independent,3855.0,42.96,False,False
2018,Alaska,AK,State House,34,general,Andi Story,Democratic,4650.0,53.0,True,False
2018,Alaska,AK,State House,34,general,Jerry Nankervis,Republican,4110.0,46.85,False,False
2018,Alaska,AK,State House,35,general,Jonathan Kreiss-Tomkins,Democratic,4480.0,56.86,True,True
2018,Alaska,AK,State House,35,general,Richard Wein,Republican,3367.0,42.73,False,False
2018,Alaska,AK,State House,36,general,Daniel Ortiz,Independent,4256.0,59.77,True,True
2018,Alaska,AK,State House,36,general,Robert W. Siversten,Republican,2793.0,39.22,False,False
2018,Alaska,AK,State House,37,general,Bryce Edgmon,Democratic,2911.0,64.52,True,True
2018,Alaska,AK,State House,37,general,William W. Weatherby,Republican,1588.0,35.2,False,False
2018,Alaska,AK,State House,38,general,Tiffany Zulkosky,Democratic,2843.0,55.64,True,True
2018,Alaska,AK,State House,38,general,Darren Deacon,Republican,2252.0,44.07,False,False
2018,Alaska,AK,State House,39,general,Neal Foster,Democratic,4963.0,95.92,True,True
2018,Alaska,AK,State House,40,general,John Lincoln,Democratic,2404.0,59.77,True,True
2018,Alaska,AK,State House,40,general,Patrick Savok,Independent,878.0,21.83,False,False
2018,Alaska,AK,State House,40,general,Leanna Mack,Independent,711.0,17.68,False,False
2018,Arizona,AZ,State House,1,general,Noel Campbell,Republican,70130.0,35.08,True,True
2018,Arizona,AZ,State House,1,general,David Stringer,Republican,67023.0,33.53,True,True
2018,Arizona,AZ,State House,1,general,Jan Manolis,Democratic,32706.0,16.36,False,False
2018,Arizona,AZ,State House,1,general,Ed Gogek,Democratic,30055.0,15.03,False,False
2018,Arizona,AZ,State House,2,general,Daniel Hernández Jr.,Democratic,30613.0,29.28,True,True
2018,Arizona,AZ,State House,2,general,Rosanna Gabaldón,Democratic,30481.0,29.15,True,True
2018,Arizona,AZ,State House,2,general,John Christopher Ackerley,Republican,21927.0,20.97,False,False
2018,Arizona,AZ,State House,2,general,Anthony Sizer,Republican,21543.0,20.6,False,False
2018,Arizona,AZ,State House,3,general,Alma Hernandez,Democratic,34577.0,46.33,True,False
2018,Arizona,AZ,State House,3,general,Andrés Cano,Democratic,31482.0,42.19,True,False
2018,Arizona,AZ,State House,3,general,Beryl Baker,Green,8566.0,11.48,False,False
2018,Arizona,AZ,State House,4,general,Charlene Fernandez,Democratic,26541.0,48.89,True,True
2018,Arizona,AZ,State House,4,general,"Geraldine ""Gerae"" Peten",Democratic,19410.0,35.76,True,True
2018,Arizona,AZ,State House,4,general,Sara Mae Williams,Green,8334.0,15.35,False,False
2018,Arizona,AZ,State House,5,general,Regina Cobb,Republican,46928.0,44.8,True,True
2018,Arizona,AZ,State House,5,general,Leo Biasiucci,Republican,39260.0,37.48,True,False
2018,Arizona,AZ,State House,5,general,Mary McCord Robinson,Democratic,18566.0,17.72,False,False
2018,Arizona,AZ,State House,6,general,"Walter ""Walt"" Blackman",Republican,45210.0,26.45,True,False
2018,Arizona,AZ,State House,6,general,Bob Thorpe,Republican,44314.0,25.93,True,True
2018,Arizona,AZ,State House,6,general,Felicia French,Democratic,43737.0,25.59,False,False
2018,Arizona,AZ,State House,6,general,Bobby Tyler,Democratic,37656.0,22.03,False,False
2018,Arizona,AZ,State House,7,general,Myron Tsosie,Democratic,34739.0,41.24,True,False
2018,Arizona,AZ,State House,7,general,Arlando Teller,Democratic,26810.0,31.83,True,False
2018,Arizona,AZ,State House,7,general,Doyel Shamley,Republican,22677.0,26.92,False,False
2018,Arizona,AZ,State House,8,general,David Cook,Republican,28421.0,29.22,True,True
2018,Arizona,AZ,State House,8,general,"Thomas ""T.J."" Shope",Republican,28150.0,28.94,True,True
2018,Arizona,AZ,State House,8,general,Carmen Casillas,Democratic,21171.0,21.76,False,False
2018,Arizona,AZ,State House,8,general,Linda C. Gross,Democratic,19530.0,20.08,False,False
2018,Arizona,AZ,State House,9,general,"Randall ""Randy"" Friese",Democratic,49755.0,36.75,True,True
2018,Arizona,AZ,State House,9,general,Pamela Powers Hannley,Democratic,49011.0,36.2,True,True
2018,Arizona,AZ,State House,9,general,Ana Henderson,Republican,36613.0,27.04,False,False
2018,Arizona,AZ,State House,10,general,Kirsten Engel,Democratic,49163.0,35.5,True,True
2018,Arizona,AZ,State House,10,general,Domingo DeGrazia,Democratic,42716.0,30.85,True,False
2018,Arizona,AZ,State House,10,general,Todd Clodfelter,Republican,38697.0,27.95,False,True
2018,Arizona,AZ,State House,10,general,Joshua Reilly,Green,7896.0,5.7,False,False
2018,Arizona,AZ,State House,11,general,Bret Roberts,Republican,48676.0,28.22,True,False
2018,Arizona,AZ,State House,11,general,Mark Finchem,Republican,48563.0,28.15,True,True
2018,Arizona,AZ,State House,11,general,Hollace Lyon,Democratic,37992.0,22.02,False,False
2018,Arizona,AZ,State House,11,general,Marcela Quiroz,Democratic,37265.0,21.6,False,False
2018,Arizona,AZ,State House,12,general,Warren Petersen,Republican,59095.0,30.23,True,False
2018,Arizona,AZ,State House,12,general,Travis Grantham,Republican,58928.0,30.15,True,True
2018,Arizona,AZ,State House,12,general,Lynsey Robinson,Democratic,39841.0,20.38,False,False
2018,Arizona,AZ,State House,12,general,Joe Bisaccia,Democratic,37597.0,19.24,False,False
2018,Arizona,AZ,State House,13,general,"Timothy ""Tim"" Dunn",Republican,46602.0,39.19,True,True
2018,Arizona,AZ,State House,13,general,Joanne Osborne,Republican,43780.0,36.82,True,False
2018,Arizona,AZ,State House,13,general,Thomas Tzitzura,Democratic,28523.0,23.99,False,False
2018,Arizona,AZ,State House,14,general,Gail Griffin,Republican,46797.0,32.69,True,False
2018,Arizona,AZ,State House,14,general,Becky Nutt,Republican,46155.0,32.24,True,True
2018,Arizona,AZ,State House,14,general,Shelley Renne-Leon,Democratic,25651.0,17.92,False,False
2018,Arizona,AZ,State House,14,general,Bob Karp,Democratic,24539.0,17.14,False,False
2018,Arizona,AZ,State House,15,general,Nancy Barto,Republican,51305.0,29.08,True,False
2018,Arizona,AZ,State House,15,general,John Allen,Republican,49279.0,27.93,True,True
2018,Arizona,AZ,State House,15,general,Jennifer Samuels,Democratic,38565.0,21.86,False,False
2018,Arizona,AZ,State House,15,general,Julie Gunnigle,Democratic,37308.0,21.14,False,False
2018,Arizona,AZ,State House,16,general,Kelly Townsend,Republican,49643.0,35.64,True,True
2018,Arizona,AZ,State House,16,general,John Fillmore,Republican,46000.0,33.02,True,False
2018,Arizona,AZ,State House,16,general,Sharon Stinard,Democratic,32018.0,22.98,False,False
2018,Arizona,AZ,State House,16,general,Richard Grayson,Green,11646.0,8.36,False,False
2018,Arizona,AZ,State House,17,general,Jennifer Pawlik,Democratic,46874.0,34.26,True,False
2018,Arizona,AZ,State House,17,general,Jeff Weninger,Republican,46520.0,34.0,True,True
2018,Arizona,AZ,State House,17,general,Nora Ellen,Republican,43437.0,31.74,False,False
2018,Arizona,AZ,State House,18,general,"Denise ""Mitzi"" Epstein",Democratic,52992.0,28.32,True,True
2018,Arizona,AZ,State House,18,general,Jennifer Jermaine,Democratic,50253.0,26.86,True,False
2018,Arizona,AZ,State House,18,general,Jill Norgaard,Republican,44269.0,23.66,False,True
2018,Arizona,AZ,State House,18,general,Greg Patterson,Republican,39578.0,21.15,False,False
2018,Arizona,AZ,State House,19,general,Diego Espinoza,Democratic,26428.0,53.12,True,True
2018,Arizona,AZ,State House,19,general,Lorenzo Sierra,Democratic,23319.0,46.88,True,False
2018,Arizona,AZ,State House,20,general,Anthony Kern,Republican,34249.0,26.16,True,True
2018,Arizona,AZ,State House,20,general,Shawnna Bolick,Republican,33848.0,25.85,True,False
2018,Arizona,AZ,State House,20,general,Hazel Chandler,Democratic,31979.0,24.42,False,False
2018,Arizona,AZ,State House,20,general,"Christopher ""Chris"" Gilfillan",Democratic,30855.0,23.57,False,False
2018,Arizona,AZ,State House,21,general,Kevin Payne,Republican,41536.0,28.86,True,True
2018,Arizona,AZ,State House,21,general,Tony Rivero,Republican,39275.0,27.29,True,True
2018,Arizona,AZ,State House,21,general,Gilbert Romero,Democratic,31756.0,22.07,False,False
2018,Arizona,AZ,State House,21,general,Bradley Hughes,Democratic,31348.0,21.78,False,False
2018,Arizona,AZ,State House,22,general,Ben Toma,Republican,65310.0,31.58,True,True
2018,Arizona,AZ,State House,22,general,Frank Carroll,Republican,64729.0,31.3,True,False
2018,Arizona,AZ,State House,22,general,Teri Sarmiento,Democratic,38895.0,18.81,False,False
2018,Arizona,AZ,State House,22,general,Valerie Harris,Democratic,37832.0,18.3,False,False
2018,Arizona,AZ,State House,22,general,Ron Ha'o,Republican,11.0,0.01,False,False
2018,Arizona,AZ,State House,23,general,John Kavanagh,Republican,62797.0,36.55,True,False
2018,Arizona,AZ,State House,23,general,Jay Lawrence,Republican,57099.0,33.24,True,True
2018,Arizona,AZ,State House,23,general,Eric Kurland,Democratic,51893.0,30.21,False,False
2018,Arizona,AZ,State House,24,general,Jennifer Longdon,Democratic,40520.0,41.03,True,False
2018,Arizona,AZ,State House,24,general,Amish Shah,Democratic,39363.0,39.86,True,False
2018,Arizona,AZ,State House,24,general,David Alger Sr.,Republican,18853.0,19.09,False,False
2018,Arizona,AZ,State House,24,general,Christopher Karpurk,Libertarian,21.0,0.02,False,False
2018,Arizona,AZ,State House,25,general,Michelle Udall,Republican,52075.0,39.85,True,True
2018,Arizona,AZ,State House,25,general,"Russell W. ""Rusty"" Bowers",Republican,47067.0,36.02,True,True
2018,Arizona,AZ,State House,25,general,Johnny Martin,Democratic,31540.0,24.13,False,False
2018,Arizona,AZ,State House,26,general,Athena Salman,Democratic,29540.0,39.78,True,True
2018,Arizona,AZ,State House,26,general,Isela Blanc,Democratic,28039.0,37.76,True,True
2018,Arizona,AZ,State House,26,general,Raymond D. Speakman,Republican,16676.0,22.46,False,False
2018,Arizona,AZ,State House,27,general,Diego Rodriguez,Democratic,31521.0,52.6,True,False
2018,Arizona,AZ,State House,27,general,Reginald Bolding,Democratic,28360.0,47.32,True,True
2018,Arizona,AZ,State House,27,general,"Julian ""Jul"" Szymanski",Nonpartisan,47.0,0.08,False,False
2018,Arizona,AZ,State House,28,general,Kelli Butler,Democratic,48003.0,27.9,True,True
2018,Arizona,AZ,State House,28,general,Aaron Lieberman,Democratic,43196.0,25.11,True,False
2018,Arizona,AZ,State House,28,general,Maria Syms,Republican,40798.0,23.71,False,True
2018,Arizona,AZ,State House,28,general,Kathy Pappas Petsas,Republican,40064.0,23.28,False,False
2018,Arizona,AZ,State House,29,general,Cesar Chavez,Democratic,23631.0,55.1,True,True
2018,Arizona,AZ,State House,29,general,Richard Andrade,Democratic,19258.0,44.9,True,True
2018,Arizona,AZ,State House,30,general,Raquel Terán,Democratic,20831.0,39.34,True,False
2018,Arizona,AZ,State House,30,general,Robert Meza,Democratic,19794.0,37.38,True,False
2018,Arizona,AZ,State House,30,general,Gary Spears,Republican,12329.0,23.28,False,False
2018,Colorado,CO,State House,1,general,Susan Lontine,Democratic,17400.0,64.0,True,True
2018,Colorado,CO,State House,1,general,Alysia Padilla,Republican,8687.0,31.95,False,False
2018,Colorado,CO,State House,1,general,Darrell Dinges,Libertarian,1099.0,4.04,False,False
2018,Colorado,CO,State House,2,general,Alec Garnett,Democratic,40121.0,100.0,True,True
2018,Colorado,CO,State House,3,general,Jeff Bridges,Democratic,23457.0,61.17,True,True
2018,Colorado,CO,State House,3,general,Toren Mushovic,Republican,14891.0,38.83,False,False
2018,Colorado,CO,State House,4,general,Serena Gonzales-Gutierrez,Democratic,27564.0,82.73,True,False
2018,Colorado,CO,State House,4,general,"Robert ""Dave"" John",Republican,5756.0,17.27,False,False
2018,Colorado,CO,State House,5,general,Alex Valdez,Democratic,27131.0,79.03,True,False
2018,Colorado,CO,State House,5,general,Katherine E. Whitney,Republican,6136.0,17.87,False,False
2018,Colorado,CO,State House,5,general,Rory Lamberton,Libertarian,1061.0,3.09,False,False
2018,Colorado,CO,State House,6,general,Chris Hansen,Democratic,32899.0,100.0,True,True
2018,Colorado,CO,State House,7,general,James Rashad Coleman,Democratic,27272.0,83.63,True,True
2018,Colorado,CO,State House,7,general,Jay Frank Kucera,Republican,5338.0,16.37,False,False
2018,Colorado,CO,State House,8,general,Leslie Herod,Democratic,39517.0,100.0,True,True
2018,Colorado,CO,State House,9,general,Emily Sirota,Democratic,27265.0,71.88,True,False
2018,Colorado,CO,State House,9,general,Bob Lane,Republican,10666.0,28.12,False,False
2018,Colorado,CO,State House,10,general,Edie Hooton,Democratic,36310.0,86.82,True,True
2018,Colorado,CO,State House,10,general,Murl S. Hendrickson IV,Republican,5513.0,13.18,False,False
2018,Colorado,CO,State House,11,general,Jonathan Singer,Democratic,27545.0,67.28,True,True
2018,Colorado,CO,State House,11,general,Brian O'Donahue,Republican,13394.0,32.72,False,False
2018,Colorado,CO,State House,12,general,Sonya Jaquez Lewis,Democratic,30880.0,73.54,True,False
2018,Colorado,CO,State House,12,general,Theresa Stets,Independent,11110.0,26.46,False,False
2018,Colorado,CO,State House,13,general,K.C. Becker,Democratic,32499.0,73.15,True,True
2018,Colorado,CO,State House,13,general,Kevin Sipple,Republican,11929.0,26.85,False,False
2018,Colorado,CO,State House,14,general,Shane Sandridge,Republican,27765.0,68.47,True,True
2018,Colorado,CO,State House,14,general,Paul J. Haddick,Democratic,12787.0,31.53,False,False
2018,Colorado,CO,State House,15,general,Dave Williams,Republican,20499.0,61.42,True,True
2018,Colorado,CO,State House,15,general,Brenda Krause,Democratic,12874.0,38.58,False,False
2018,Colorado,CO,State House,16,general,Larry G. Liston,Republican,20177.0,59.31,True,True
2018,Colorado,CO,State House,16,general,Andrew Smith,Democratic,12484.0,36.69,False,False
2018,Colorado,CO,State House,16,general,John Hjersman,Libertarian,1360.0,4.0,False,False
2018,Colorado,CO,State House,17,general,"Thomas ""Tony"" Exum, Sr.",Democratic,11037.0,58.76,True,True
2018,Colorado,CO,State House,17,general,Kit Roupe,Republican,7745.0,41.24,False,False
2018,Colorado,CO,State House,18,general,Marc A. Snyder,Democratic,20778.0,57.52,True,False
2018,Colorado,CO,State House,18,general,Mary Elizabeth Fabian,Republican,12853.0,35.58,False,False
2018,Colorado,CO,State House,18,general,Maile Foster,Independent,2489.0,6.89,False,False
2018,Colorado,CO,State House,19,general,Tim Geitner,Republican,36828.0,75.94,True,False
2018,Colorado,CO,State House,19,general,Asia M. Zanders,Democratic,11667.0,24.06,False,False
2018,Colorado,CO,State House,20,general,Terri Carver,Republican,23479.0,62.85,True,True
2018,Colorado,CO,State House,20,general,Kent Edward Jarnig,Democratic,13881.0,37.15,False,False
2018,Colorado,CO,State House,21,general,Lois Landgraf,Republican,12529.0,58.57,True,True
2018,Colorado,CO,State House,21,general,Liz Rosenbaum,Democratic,8863.0,41.43,False,False
2018,Colorado,CO,State House,22,general,Colin Larson,Republican,23064.0,53.63,True,False
2018,Colorado,CO,State House,22,general,Todd Kastetter,Democratic,19939.0,46.37,False,False
2018,Colorado,CO,State House,23,general,Chris Kennedy,Democratic,25414.0,62.87,True,True
2018,Colorado,CO,State House,23,general,Joan Poston,Republican,15011.0,37.13,False,False
2018,Colorado,CO,State House,24,general,Monica Duran,Democratic,25987.0,63.49,True,False
2018,Colorado,CO,State House,24,general,Arthur Erwin,Republican,14945.0,36.51,False,False
2018,Colorado,CO,State House,25,general,Lisa A. Cutter,Democratic,25968.0,52.74,True,False
2018,Colorado,CO,State House,25,general,Steve Szutenbach,Republican,23267.0,47.26,False,False
2018,Colorado,CO,State House,26,general,Dylan Roberts,Democratic,20761.0,60.38,True,True
2018,Colorado,CO,State House,26,general,Nicki Mills,Republican,12584.0,36.6,False,False
2018,Colorado,CO,State House,26,general,Luke Bray,Independent,1039.0,3.02,False,False
2018,Colorado,CO,State House,27,general,Brianna Titone,Democratic,24957.0,50.44,True,False
2018,Colorado,CO,State House,27,general,Vicki Pyne,Republican,24518.0,49.56,False,False
2018,Colorado,CO,State House,28,general,Kerry Tipper,Democratic,22286.0,58.69,True,False
2018,Colorado,CO,State House,28,general,Kristina Joy Alley,Republican,14419.0,37.97,False,False
2018,Colorado,CO,State House,28,general,Ross Klopf,Libertarian,1265.0,3.33,False,False
2018,Colorado,CO,State House,29,general,Tracy Kraft-Tharp,Democratic,22100.0,58.3,True,True
2018,Colorado,CO,State House,29,general,Grady Nouis,Republican,14169.0,37.38,False,False
2018,Colorado,CO,State House,29,general,Hans V. Romer,Libertarian,1637.0,4.32,False,False
2018,Colorado,CO,State House,30,general,Dafna Michaelson Jenet,Democratic,16239.0,58.06,True,True
2018,Colorado,CO,State House,30,general,Susan Kochevar,Republican,11729.0,41.94,False,False
2018,Colorado,CO,State House,31,general,Yadira Caraveo,Democratic,16242.0,55.02,True,False
2018,Colorado,CO,State House,31,general,Rico Figueroa,Republican,11397.0,38.61,False,False
2018,Colorado,CO,State House,31,general,Bree Owens,Libertarian,1883.0,6.38,False,False
2018,Colorado,CO,State House,32,general,Adrienne Benavidez,Democratic,16644.0,100.0,True,True
2018,Colorado,CO,State House,33,general,Matt Gray,Democratic,27833.0,57.29,True,True
2018,Colorado,CO,State House,33,general,Eric Rutherford,Republican,17332.0,35.68,False,False
2018,Colorado,CO,State House,33,general,Jay Geyer,Independent,2087.0,4.3,False,False
2018,Colorado,CO,State House,33,general,Kim Tavendale,Libertarian,1327.0,2.73,False,False
2018,Colorado,CO,State House,34,general,Kyle Mullica,Democratic,16039.0,60.29,True,False
2018,Colorado,CO,State House,34,general,"Alexander ""Skinny"" Winkler",Republican,10565.0,39.71,False,True
2018,Colorado,CO,State House,35,general,Shannon Bird,Democratic,20272.0,59.33,True,False
2018,Colorado,CO,State House,35,general,Bruce Baker,Republican,12645.0,37.01,False,False
2018,Colorado,CO,State House,35,general,Ken Biles,Libertarian,1251.0,3.66,False,False
2018,Colorado,CO,State House,36,general,Mike Weissman,Democratic,18994.0,61.01,True,True
2018,Colorado,CO,State House,36,general,Richard J. Bowman,Republican,12140.0,38.99,False,False
2018,Colorado,CO,State House,37,general,Tom Sullivan,Democratic,21686.0,54.03,True,False
2018,Colorado,CO,State House,37,general,Cole Wist,Republican,18451.0,45.97,False,True
2018,Colorado,CO,State House,38,general,Susan Beckman,Republican,24164.0,50.39,True,True
2018,Colorado,CO,State House,38,general,Chris Kolker,Democratic,23790.0,49.61,False,False
2018,Colorado,CO,State House,39,general,Mark Baisley,Republican,29289.0,62.61,True,False
2018,Colorado,CO,State House,39,general,Kamala Vanderkolk,Democratic,16167.0,34.56,False,False
2018,Colorado,CO,State House,39,general,Tony Gross,Libertarian,1325.0,2.83,False,False
2018,Colorado,CO,State House,40,general,Janet Buckner,Democratic,20731.0,63.06,True,True
2018,Colorado,CO,State House,40,general,Richard Allen Bassett,Republican,12146.0,36.94,False,False
2018,Colorado,CO,State House,41,general,Jovan Melton,Democratic,19773.0,64.42,True,True
2018,Colorado,CO,State House,41,general,Lynn Myers,Republican,10923.0,35.58,False,False
2018,Colorado,CO,State House,42,general,Dominique Jackson,Democratic,14419.0,73.35,True,True
2018,Colorado,CO,State House,42,general,Mike Donald,Republican,5240.0,26.65,False,False
2018,Colorado,CO,State House,43,general,Kevin Van Winkle,Republican,22764.0,53.36,True,True
2018,Colorado,CO,State House,43,general,Barrett Rothe,Democratic,19027.0,44.6,False,False
2018,Colorado,CO,State House,43,general,Scott Wagner,Unity,874.0,2.05,False,False
2018,Colorado,CO,State House,44,general,Kim Ransom,Republican,25654.0,57.79,True,True
2018,Colorado,CO,State House,44,general,Simone Aiken,Democratic,18741.0,42.21,False,False
2018,Colorado,CO,State House,45,general,Patrick Neville,Republican,30865.0,62.42,True,True
2018,Colorado,CO,State House,45,general,Danielle Kombo,Democratic,18581.0,37.58,False,False
2018,Colorado,CO,State House,46,general,Daneya Esgar,Democratic,20556.0,58.74,True,True
2018,Colorado,CO,State House,46,general,Jonathan Ambler,Republican,14436.0,41.26,False,False
2018,Colorado,CO,State House,47,general,Bri Buentello,Democratic,16324.0,50.5,True,False
2018,Colorado,CO,State House,47,general,Don Bendell,Republican,16003.0,49.5,False,False
2018,Colorado,CO,State House,48,general,Stephen Alan Humphrey,Republican,29393.0,67.79,True,True
2018,Colorado,CO,State House,48,general,Gbenga Ajiboye,Democratic,13967.0,32.21,False,False
2018,Colorado,CO,State House,49,general,Perry L. Buck,Republican,33867.0,59.23,True,True
2018,Colorado,CO,State House,49,general,Conor Duffy,Democratic,23312.0,40.77,False,False
2018,Colorado,CO,State House,50,general,Rochelle Galindo,Democratic,12159.0,53.37,True,False
2018,Colorado,CO,State House,50,general,Michael A. Thuener,Republican,10624.0,46.63,False,False
2018,Colorado,CO,State House,51,general,Hugh McKean,Republican,24745.0,56.16,True,True
2018,Colorado,CO,State House,51,general,Joan Shaffer,Democratic,19320.0,43.84,False,False
2018,Colorado,CO,State House,52,general,Joann Ginal,Democratic,29708.0,64.13,True,True
2018,Colorado,CO,State House,52,general,Donna Walter,Republican,16614.0,35.87,False,False
2018,Colorado,CO,State House,53,general,Jeni Arndt,Democratic,29904.0,100.0,True,True
2018,Colorado,CO,State House,54,general,Matt Soper,Republican,22236.0,66.01,True,False
2018,Colorado,CO,State House,54,general,Thea Chase,Independent,11449.0,33.99,False,False
2018,Colorado,CO,State House,55,general,Janice Rich,Republican,22470.0,62.64,True,False
2018,Colorado,CO,State House,55,general,Tanya Travis,Democratic,13401.0,37.36,False,False
2018,Colorado,CO,State House,56,general,Rod Bockenfeld,Republican,25702.0,55.97,True,False
2018,Colorado,CO,State House,56,general,Dave Rose,Democratic,18674.0,40.67,False,False
2018,Colorado,CO,State House,56,general,Kevin Gulbranson,Libertarian,1542.0,3.36,False,False
2018,Colorado,CO,State House,57,general,Bob Rankin,Republican,19691.0,62.1,True,True
2018,Colorado,CO,State House,57,general,Colin Wilhelm,Democratic,12016.0,37.9,False,False
2018,Colorado,CO,State House,58,general,Marc Catlin,Republican,21912.0,62.81,True,True
2018,Colorado,CO,State House,58,general,Seth Cagin,Democratic,12972.0,37.19,False,False
2018,Colorado,CO,State House,59,general,Barbara McLachlan,Democratic,23273.0,56.02,True,True
2018,Colorado,CO,State House,59,general,Paul Jones,Independent,18273.0,43.98,False,False
2018,Colorado,CO,State House,60,general,"James D. ""Jim"" Wilson",Republican,23468.0,59.81,True,True
2018,Colorado,CO,State House,60,general,Erin Kelley,Democratic,14426.0,36.77,False,False
2018,Colorado,CO,State House,60,general,Glenn Ingalls,Libertarian,1343.0,3.42,False,False
2018,Colorado,CO,State House,61,general,Julie McCluskie,Democratic,26063.0,63.6,True,False
2018,Colorado,CO,State House,61,general,Mike Mason,Republican,14915.0,36.4,False,False
2018,Colorado,CO,State House,62,general,Don Valdez,Democratic,17752.0,56.78,True,True
2018,Colorado,CO,State House,62,general,Scott Honeycutt,Republican,13512.0,43.22,False,False
2018,Colorado,CO,State House,63,general,Lori A. Saine,Republican,25816.0,59.73,True,True
2018,Colorado,CO,State House,63,general,Brandon D. Bobian,Democratic,15346.0,35.51,False,False
2018,Colorado,CO,State House,63,general,Joe Johnson,Libertarian,2060.0,4.77,False,False
2018,Colorado,CO,State House,64,general,Kimmi Lewis,Republican,26149.0,75.14,True,True
2018,Colorado,CO,State House,64,general,Teri Nilson Baird,Democratic,8651.0,24.86,False,False
2018,Colorado,CO,State House,65,general,Rod Pelton,Republican,22746.0,76.3,True,False
2018,Colorado,CO,State House,65,general,Bethleen McCall,Democratic,7065.0,23.7,False,False
2018,Connecticut,CT,State House,115,special general,Dorinda Keenan Borer,Democratic,1973.0,64.35,True,False
2018,Connecticut,CT,State House,115,special general,Edward Granfield,Republican,1093.0,35.65,False,False
2018,Connecticut,CT,State House,7,special general,Joshua Malik Hall,Working Families,625.0,41.1,True,False
2018,Connecticut,CT,State House,7,special general,Rickey Pinckey Sr.,Democratic,512.0,33.7,False,False
2018,Connecticut,CT,State House,7,special general,Kenneth Green,Independent,367.0,24.1,False,False
2018,Connecticut,CT,State House,7,special general,Giselle Gigi Jacobs,Write-in,17.0,1.1,False,False
2018,Connecticut,CT,State House,15,special general,Bobby Gibson,Democratic,922.0,51.9,True,False
2018,Connecticut,CT,State House,15,special general,Joseph M. Suggs Jr.,Independent Democratic,854.0,48.1,False,False
2018,Connecticut,CT,State House,1,general,Matthew Ritter,Democratic,4419.0,100.0,True,True
2018,Connecticut,CT,State House,2,general,Raghib Allie-Brennan,Democratic,5509.0,50.6,True,False
2018,Connecticut,CT,State House,2,general,William Duff,Republican,4863.0,44.6,False,False
2018,Connecticut,CT,State House,3,general,Minnie Gonzalez,Democratic,2975.0,100.0,True,True
2018,Connecticut,CT,State House,4,general,Julio Concepcion,Democratic,2733.0,79.3,True,True
2018,Connecticut,CT,State House,4,general,Bryan C. Nelson,Republican,335.0,9.7,False,False
2018,Connecticut,CT,State House,4,general,Kennard Ray,Working Families,321.0,9.3,False,False
2018,Connecticut,CT,State House,4,general,Mary L. Sanders,Green,59.0,1.7,False,False
2018,Connecticut,CT,State House,5,general,Brandon McGee,Democratic,6474.0,85.0,True,True
2018,Connecticut,CT,State House,5,general,Charles Jackson,Republican,1144.0,15.0,False,False
2018,Connecticut,CT,State House,6,general,Edwin Vargas,Democratic,3705.0,84.4,True,False
2018,Connecticut,CT,State House,6,general,William Duff,Republican,516.0,12.2,False,False
2018,Connecticut,CT,State House,7,general,Joshua Malik Hall,Democratic,4241.0,94.6,True,False
2018,Connecticut,CT,State House,7,general,Gisele Gigi Jacobs,Petitioning,92.0,2.1,False,False
2018,Connecticut,CT,State House,8,general,Tim Ackert,Republican,7610.0,62.3,True,True
2018,Connecticut,CT,State House,8,general,Brenda Falusi,Democratic,4597.0,37.7,False,False
2018,Connecticut,CT,State House,9,general,Jason Rojas,Democratic,6042.0,88.0,True,True
2018,Connecticut,CT,State House,9,general,Anthony Armetta,Libertarian,821.0,12.0,False,False
2018,Connecticut,CT,State House,10,general,Henry Genga,Democratic,5236.0,100.0,True,True
2018,Connecticut,CT,State House,11,general,Jeffrey Currey,Democratic,4547.0,100.0,True,True
2018,Connecticut,CT,State House,12,general,Geoff Luxenberg,Democratic,5656.0,59.2,True,False
2018,Connecticut,CT,State House,12,general,Thomas J. Tierney,Republican,3345.0,37.2,False,False
2018,Connecticut,CT,State House,13,general,Jason Doucette,Democratic,6031.0,56.1,True,False
2018,Connecticut,CT,State House,13,general,Jennifer Fiereck,Republican,4308.0,39.2,False,False
2018,Connecticut,CT,State House,14,general,Tom Delnicki,Republican,6268.0,51.9,True,False
2018,Connecticut,CT,State House,14,general,John P. Pelkey,Democratic,5163.0,43.5,False,False
2018,Connecticut,CT,State House,15,general,Bobby Gibson,Democratic,9696.0,95.6,True,False
2018,Connecticut,CT,State House,16,general,John Hampton,Democratic,7625.0,59.4,True,True
2018,Connecticut,CT,State House,16,general,Tim Walczak,Republican,5153.0,38.5,False,False
2018,Connecticut,CT,State House,16,general,Robert H. Kalechman,Petitioning,51.0,0.4,False,False
2018,Connecticut,CT,State House,17,general,Leslee Hill,Republican,6278.0,48.3,True,False
2018,Connecticut,CT,State House,17,general,Eleni Kavros DeGraw,Democratic,6159.0,47.7,False,False
2018,Connecticut,CT,State House,18,general,Jillian Gilchrest,Democratic,7608.0,71.9,True,False
2018,Connecticut,CT,State House,18,general,Mary M. Fay,Republican,2977.0,26.3,False,False
2018,Connecticut,CT,State House,19,general,Derek Slap,Democratic,9515.0,100.0,True,True
2018,Connecticut,CT,State House,20,general,Joseph Verrengia,Democratic,7220.0,100.0,True,True
2018,Connecticut,CT,State House,21,general,Mike Demicco,Democratic,6613.0,54.0,True,False
2018,Connecticut,CT,State House,21,general,Chris Forster,Republican,5105.0,42.0,False,False
2018,Connecticut,CT,State House,22,general,William Petit,Republican,5738.0,60.7,True,False
2018,Connecticut,CT,State House,22,general,Richard Ireland Jr.,Democratic,2989.0,34.2,False,False
2018,Connecticut,CT,State House,23,general,Devin Carney,Republican,7162.0,53.1,True,False
2018,Connecticut,CT,State House,23,general,Matt Pugliese,Democratic,5750.0,43.1,False,False
2018,Connecticut,CT,State House,24,general,Rick Lopes,Democratic,4255.0,56.7,True,False
2018,Connecticut,CT,State House,24,general,Sharon Beloin-Saavedra,Republican,2699.0,38.8,False,False
2018,Connecticut,CT,State House,25,general,Bobby Sanchez,Democratic,3291.0,91.3,True,False
2018,Connecticut,CT,State House,25,general,Alfred P. Mayo,Petitioning,76.0,2.3,False,False
2018,Connecticut,CT,State House,26,general,Peter Tercyak,Democratic,3698.0,64.9,True,False
2018,Connecticut,CT,State House,26,general,Tremell J. Collins,Republican,1601.0,30.2,False,False
2018,Connecticut,CT,State House,27,general,Gary Turco,Democratic,5491.0,47.8,True,False
2018,Connecticut,CT,State House,27,general,Gary Byron,Republican,5425.0,47.4,False,False
2018,Connecticut,CT,State House,28,general,Russell Morin,Democratic,6563.0,54.9,True,False
2018,Connecticut,CT,State House,28,general,Michael Hurley,Republican,4866.0,41.1,False,False
2018,Connecticut,CT,State House,29,general,Kerry Wood,Democratic,5817.0,55.7,True,False
2018,Connecticut,CT,State House,29,general,Andrew A. Lanciotto,Republican,4622.0,44.3,False,False
2018,Connecticut,CT,State House,30,general,Joe Aresimowicz,Democratic,5898.0,46.8,True,False
2018,Connecticut,CT,State House,30,general,Michael Gagliardi,Republican,5848.0,49.8,False,False
2018,Connecticut,CT,State House,31,general,Jill Barry,Democratic,6540.0,48.6,True,False
2018,Connecticut,CT,State House,31,general,Lillian Tanski,Republican,6435.0,47.7,False,False
2018,Connecticut,CT,State House,32,general,Christie Carpino,Republican,6584.0,54.7,True,False
2018,Connecticut,CT,State House,32,general,Laurel Steinhauser,Democratic,4921.0,40.5,False,False
2018,Connecticut,CT,State House,33,general,Joseph Serra,Democratic,5356.0,62.1,True,True
2018,Connecticut,CT,State House,33,general,Linda Szynkowicz,Republican,3270.0,35.9,False,False
2018,Connecticut,CT,State House,34,general,Irene Haines,Republican,5936.0,49.3,True,False
2018,Connecticut,CT,State House,34,general,Theresa Govert,Democratic,5478.0,45.4,False,False
2018,Connecticut,CT,State House,35,general,Jesse MacLachlan,Republican,6240.0,50.3,True,False
2018,Connecticut,CT,State House,35,general,Jason Adler,Democratic,5461.0,46.0,False,False
2018,Connecticut,CT,State House,35,general,Madeleine Leveille,Green,181.0,1.5,False,False
2018,Connecticut,CT,State House,36,general,Christine Palm,Democratic,6572.0,49.0,True,False
2018,Connecticut,CT,State House,36,general,Robert Siegrist,Republican,6360.0,47.0,False,False
2018,Connecticut,CT,State House,37,general,Holly Cheeseman,Republican,5766.0,48.8,True,False
2018,Connecticut,CT,State House,37,general,Hugh McKenney,Democratic,5456.0,46.7,False,False
2018,Connecticut,CT,State House,38,general,Kathleen McCarty,Republican,5701.0,48.5,True,False
2018,Connecticut,CT,State House,38,general,Baird Welch-Collins,Democratic,5350.0,46.7,False,False
2018,Connecticut,CT,State House,39,general,Chris Soto,Democratic,4401.0,94.0,True,False
2018,Connecticut,CT,State House,40,general,Christine Conley,Democratic,3815.0,54.7,True,False
2018,Connecticut,CT,State House,40,general,John F. Scott,Republican,2720.0,39.1,False,False
2018,Connecticut,CT,State House,41,general,Joe de la Cruz,Democratic,5828.0,61.8,True,False
2018,Connecticut,CT,State House,41,general,Kenneth W. Richards,Republican,3106.0,33.2,False,False
2018,Connecticut,CT,State House,42,general,Mike France,Republican,5085.0,53.7,True,False
2018,Connecticut,CT,State House,42,general,Elizabeth Schwebel,Democratic,3880.0,40.3,False,False
2018,Connecticut,CT,State House,43,general,Kate Rotella,Democratic,6369.0,55.0,True,False
2018,Connecticut,CT,State House,43,general,Shaun Mastroianni,Republican,5220.0,42.4,False,False
2018,Connecticut,CT,State House,44,general,Anne Dauphinais,Republican,4744.0,57.4,True,False
2018,Connecticut,CT,State House,44,general,Elizabeth Schwebel,Democratic,2998.0,35.8,False,False
2018,Connecticut,CT,State House,45,general,Brian Lanoue,Republican,4716.0,50.4,True,False
2018,Connecticut,CT,State House,45,general,Steven Mikutel,Democratic,4035.0,46.1,False,False
2018,Connecticut,CT,State House,46,general,Emmett Riley,Democratic,3621.0,61.0,True,False
2018,Connecticut,CT,State House,46,general,Andrew Lockwood,Republican,1990.0,32.9,False,False
2018,Connecticut,CT,State House,47,general,Doug Dubitsky,Republican,6157.0,53.8,True,False
2018,Connecticut,CT,State House,47,general,Kate Donnelly,Democratic,4678.0,40.1,False,False
2018,Connecticut,CT,State House,48,general,Emmett Riley,Democratic,3621.0,61.0,True,False
2018,Connecticut,CT,State House,48,general,Andrew Lockwood,Republican,1990.0,32.9,False,False
2018,Connecticut,CT,State House,49,general,Susan Johnson,Democratic,4904.0,88.2,True,False
2018,Connecticut,CT,State House,50,general,Pat Boyd,Democratic,5662.0,56.9,True,True
2018,Connecticut,CT,State House,50,general,AJ Kerouac,Republican,4282.0,43.1,False,False
2018,Connecticut,CT,State House,51,general,Rick Hayes,Republican,4428.0,49.5,True,False
2018,Connecticut,CT,State House,51,general,Larry Groh,Democratic,3877.0,43.1,False,False
2018,Connecticut,CT,State House,52,general,Kurt Vail,Republican,5681.0,58.0,True,False
2018,Connecticut,CT,State House,52,general,David Walsh,Democratic,3520.0,35.3,False,False
2018,Connecticut,CT,State House,52,general,Linda Louise LaCasse,Petitioning,166.0,1.8,False,False
2018,Connecticut,CT,State House,53,general,Patricia Wilson Pheanious,Democratic,5876.0,49.0,True,False
2018,Connecticut,CT,State House,53,general,Sam Belsito,Republican,5369.0,45.4,False,False
2018,Connecticut,CT,State House,54,general,Gregory Haddad,Democratic,6429.0,92.6,True,False
2018,Connecticut,CT,State House,55,general,Robin Green,Republican,6668.0,54.7,True,True
2018,Connecticut,CT,State House,55,general,Tiffany Thiele,Democratic,5532.0,42.8,False,False
2018,Connecticut,CT,State House,56,general,Michael Winkler,Democratic,5150.0,54.1,True,False
2018,Connecticut,CT,State House,56,general,Laura B. Bush,Republican,3806.0,40.2,False,False
2018,Connecticut,CT,State House,57,general,Christopher Davis,Republican,6538.0,62.2,True,True
2018,Connecticut,CT,State House,57,general,Dennis Milanovich,Democratic,3978.0,37.8,False,False
2018,Connecticut,CT,State House,58,general,Tom Arnone,Democratic,4309.0,51.1,True,False
2018,Connecticut,CT,State House,58,general,Greg Stokes,Republican,3671.0,43.1,False,False
2018,Connecticut,CT,State House,59,general,Carol Hall,Republican,4653.0,52.1,True,False
2018,Connecticut,CT,State House,59,general,Tony DiPace,Democratic,3819.0,42.6,False,False
2018,Connecticut,CT,State House,60,general,Jane Garibay,Democratic,5454.0,52.9,True,False
2018,Connecticut,CT,State House,60,general,Scott Storms,Republican,4863.0,44.6,False,False
2018,Connecticut,CT,State House,61,general,Tami Zawistowski,Republican,6212.0,57.6,True,False
2018,Connecticut,CT,State House,61,general,Jack Henrie,Democratic,4078.0,39.6,False,False
2018,Connecticut,CT,State House,62,general,William Simanski,Republican,7144.0,54.7,True,False
2018,Connecticut,CT,State House,62,general,Amanda Webster,Democratic,5417.0,40.5,False,False
2018,Connecticut,CT,State House,63,general,Jay Case,Republican,6151.0,61.2,True,False
2018,Connecticut,CT,State House,63,general,Althea Candy,Democratic,3443.0,35.9,False,False
2018,Connecticut,CT,State House,64,general,Maria Horn,Democratic,5877.0,48.6,True,False
2018,Connecticut,CT,State House,64,general,Brian Ohler,Republican,5787.0,46.8,False,False
2018,Connecticut,CT,State House,65,general,Michelle Cook,Democratic,3661.0,47.7,True,False
2018,Connecticut,CT,State House,65,general,Molly Spino,Republican,3357.0,45.2,False,False
2018,Connecticut,CT,State House,65,general,Kent Johnson,Libertarian,85.0,1.2,False,False
2018,Connecticut,CT,State House,66,general,David Wilson,Republican,7153.0,55.0,True,False
2018,Connecticut,CT,State House,66,general,Alex Larsson,Democratic,5394.0,41.2,False,False
2018,Connecticut,CT,State House,67,general,Bill Buckbee,Republican,5663.0,54.0,True,False
2018,Connecticut,CT,State House,67,general,Thomas O'Brien,Democratic,4150.0,39.9,False,False
2018,Connecticut,CT,State House,68,general,Joseph Polletta,Republican,7261.0,69.0,True,False
2018,Connecticut,CT,State House,68,general,Jeff Desmarais,Democratic,3263.0,28.0,False,False
2018,Connecticut,CT,State House,69,general,Arthur O'Neill,Republican,7085.0,59.9,True,True
2018,Connecticut,CT,State House,69,general,Greg Cava,Democratic,4745.0,38.0,False,False
2018,Connecticut,CT,State House,70,general,Rosa Rebimbas,Republican,5901.0,100.0,True,True
2018,Connecticut,CT,State House,71,general,Anthony D'Amelio,Republican,5018.0,59.0,True,True
2018,Connecticut,CT,State House,71,general,Stephen Ferrucci III,Democratic,3978.0,37.1,False,False
2018,Connecticut,CT,State House,71,general,Danielle Albert,Independent,334.0,3.9,False,False
2018,Connecticut,CT,State House,72,general,Larry Butler,Democratic,3362.0,74.1,True,False
2018,Connecticut,CT,State House,72,general,Michael Cervellino III,Republican,1176.0,23.6,False,False
2018,Connecticut,CT,State House,73,general,Ronald Napoli,Democratic,4026.0,54.3,True,False
2018,Connecticut,CT,State House,73,general,Steven Giacomi,Republican,3025.0,40.9,False,False
2018,Connecticut,CT,State House,74,general,Stephanie Cummings,Republican,3409.0,50.4,True,False
2018,Connecticut,CT,State House,74,general,Wendy Tyson-Wood,Democratic,2877.0,45.8,False,False
2018,Connecticut,CT,State House,75,general,Geraldo Reyes,Democratic,2491.0,91.1,True,True
2018,Connecticut,CT,State House,75,general,Ted Derouin,Independent,243.0,8.9,False,False
2018,Connecticut,CT,State House,76,general,John Piscopo,Republican,7615.0,64.5,True,True
2018,Connecticut,CT,State House,76,general,Paul Honig,Democratic,4190.0,35.5,False,False
2018,Connecticut,CT,State House,77,general,Cara Pavalock-D'Amato,Republican,4901.0,49.9,True,False
2018,Connecticut,CT,State House,77,general,Kevin Fuller,Democratic,4396.0,47.3,False,False
2018,Connecticut,CT,State House,78,general,Whit Betts,Republican,6086.0,64.7,True,False
2018,Connecticut,CT,State House,78,general,Allen Marko,Democratic,2900.0,32.3,False,False
2018,Connecticut,CT,State House,79,general,Christopher Ziogas,Democratic,3927.0,54.0,True,True
2018,Connecticut,CT,State House,79,general,David Rackliffe,Republican,3339.0,43.5,False,False
2018,Connecticut,CT,State House,80,general,Gale Mastrofrancesco,Republican,7378.0,65.8,True,False
2018,Connecticut,CT,State House,80,general,David Borzellino,Democratic,3338.0,31.0,False,False
2018,Connecticut,CT,State House,80,general,Benjamin Taylor Conroy,Petitioning,59.0,0.5,False,False
2018,Connecticut,CT,State House,81,general,John Fusco,Republican,5859.0,53.8,True,False
2018,Connecticut,CT,State House,81,general,Ryan Rogers,Democratic,4538.0,41.2,False,False
2018,Connecticut,CT,State House,82,general,Emil Altobello,Democratic,5401.0,59.4,True,True
2018,Connecticut,CT,State House,82,general,Ernestine Holloway,Republican,3699.0,40.6,False,False
2018,Connecticut,CT,State House,83,general,Catherine Abercrombie,Democratic,4765.0,51.1,True,True
2018,Connecticut,CT,State House,83,general,Lou Arata,Republican,4450.0,45.6,False,False
2018,Connecticut,CT,State House,83,general,Roger Misbach,Libertarian,117.0,1.2,False,False
2018,Connecticut,CT,State House,84,general,Hilda Santiago,Democratic,3515.0,100.0,True,True
2018,Connecticut,CT,State House,85,general,Mary Mushinsky,Democratic,5100.0,52.0,True,False
2018,Connecticut,CT,State House,85,general,Dan Crouch,Republican,4051.0,42.1,False,False
2018,Connecticut,CT,State House,86,general,Vincent Candelora,Republican,6796.0,59.7,True,False
2018,Connecticut,CT,State House,86,general,Vincent Mase,Democratic,3961.0,36.3,False,False
2018,Connecticut,CT,State House,86,general,Colin Souney,Green,144.0,1.3,False,False
2018,Connecticut,CT,State House,87,general,Dave Yaccarino,Republican,7772.0,61.5,True,False
2018,Connecticut,CT,State House,87,general,Theresa Ranciato-Viele,Democratic,4308.0,35.7,False,False
2018,Connecticut,CT,State House,88,general,Josh Elliott,Democratic,6561.0,66.5,True,False
2018,Connecticut,CT,State House,88,general,Debra Rigney,Republican,2786.0,29.8,False,False
2018,Connecticut,CT,State House,89,general,Lezlye Zupkus,Republican,7623.0,61.3,True,False
2018,Connecticut,CT,State House,89,general,Anne Harrigan,Democratic,4367.0,36.4,False,False
2018,Connecticut,CT,State House,90,general,Craig Fishbein,Republican,5929.0,51.3,True,False
2018,Connecticut,CT,State House,90,general,Daniel Fontaine,Democratic,5150.0,43.2,False,False
2018,Connecticut,CT,State House,91,general,Michael D'Agostino,Democratic,7841.0,92.1,True,True
2018,Connecticut,CT,State House,91,general,Gary Walsh,Libertarian,669.0,7.9,False,False
2018,Connecticut,CT,State House,92,general,Patricia Dillon,Democratic,6565.0,86.1,True,False
2018,Connecticut,CT,State House,92,general,Joshua Alan Rose,Republican,627.0,8.7,False,False
2018,Connecticut,CT,State House,92,general,Wayne Jackson,Petitioning,31.0,0.4,False,False
2018,Connecticut,CT,State House,93,general,Toni Walker,Democratic,4782.0,93.9,True,True
2018,Connecticut,CT,State House,93,general,Grant Richardson,Republican,310.0,6.1,False,False
2018,Connecticut,CT,State House,94,general,Robyn Porter,Democratic,6242.0,86.5,True,False
2018,Connecticut,CT,State House,94,general,Jordan Grode,Republican,743.0,10.6,False,False
2018,Connecticut,CT,State House,95,general,Juan Candelaria,Democratic,3166.0,88.2,True,True
2018,Connecticut,CT,State House,95,general,John Carlson,Republican,424.0,11.8,False,False
2018,Connecticut,CT,State House,96,general,Roland Lemar,Democratic,6648.0,75.0,True,False
2018,Connecticut,CT,State House,96,general,Eric Michael Mastroianni,Republican,1598.0,19.4,False,False
2018,Connecticut,CT,State House,97,general,Alphonse Paolillo,Democratic,4890.0,80.2,True,True
2018,Connecticut,CT,State House,97,general,Joshua Van Hoesen,Republican,1207.0,19.8,False,False
2018,Connecticut,CT,State House,98,general,Sean Scanlon,Democratic,9434.0,90.9,True,False
2018,Connecticut,CT,State House,99,general,James Albis,Democratic,4886.0,53.6,True,False
2018,Connecticut,CT,State House,99,general,Robert Parente,Republican,3514.0,40.6,False,False
2018,Connecticut,CT,State House,100,general,Quentin Phipps,Democratic,5476.0,55.9,True,False
2018,Connecticut,CT,State House,100,general,Anthony Gennaro,Republican,3534.0,39.2,False,False
2018,Connecticut,CT,State House,101,general,Noreen Kokoruda,Republican,6259.0,48.1,True,False
2018,Connecticut,CT,State House,101,general,John-Michael Parker,Democratic,6241.0,49.9,False,False
2018,Connecticut,CT,State House,102,general,Robin Comey,Democratic,6097.0,52.8,True,False
2018,Connecticut,CT,State House,102,general,Robert Imperato,Republican,4984.0,42.9,False,False
2018,Connecticut,CT,State House,103,general,Liz Linehan,Democratic,5188.0,51.6,True,True
2018,Connecticut,CT,State House,103,general,Diane Pagano,Republican,4873.0,46.5,False,False
2018,Connecticut,CT,State House,104,general,Kara Rochelle,Democratic,4130.0,52.1,True,False
2018,Connecticut,CT,State House,104,general,Joseph Jaumann,Republican,3123.0,41.4,False,False
2018,Connecticut,CT,State House,105,general,Nicole Klarides-Ditria,Republican,7035.0,64.5,True,False
2018,Connecticut,CT,State House,105,general,Kevin McDuffie,Democratic,3346.0,32.2,False,False
2018,Connecticut,CT,State House,106,general,Mitch Bolinsky,Republican,5697.0,50.5,True,True
2018,Connecticut,CT,State House,106,general,Rebekah Harriman-Stites,Democratic,5575.0,47.0,False,False
2018,Connecticut,CT,State House,107,general,Stephen Harding,Republican,6890.0,56.4,True,False
2018,Connecticut,CT,State House,107,general,Daniel Pearson,Democratic,4736.0,40.7,False,False
2018,Connecticut,CT,State House,108,general,Richard Smith,Republican,6383.0,100.0,True,True
2018,Connecticut,CT,State House,109,general,David Arconti,Democratic,3807.0,59.5,True,False
2018,Connecticut,CT,State House,109,general,Veasna Roeun,Republican,2164.0,34.6,False,False
2018,Connecticut,CT,State House,110,general,Bob Godfrey,Democratic,2497.0,69.0,True,False
2018,Connecticut,CT,State House,110,general,Erin Domenech,Republican,933.0,25.7,False,False
2018,Connecticut,CT,State House,111,general,John Frey,Republican,6326.0,49.5,True,False
2018,Connecticut,CT,State House,111,general,Aimee Berger-Girvalo,Democratic,5888.0,48.2,False,False
2018,Connecticut,CT,State House,112,general,J. P. Sredzinski,Republican,7993.0,86.7,True,False
2018,Connecticut,CT,State House,113,general,Jason Perillo,Republican,6233.0,65.1,True,True
2018,Connecticut,CT,State House,113,general,Elaine Matto,Democratic,3347.0,34.9,False,False
2018,Connecticut,CT,State House,114,general,Themis Klarides,Republican,6249.0,52.4,True,False
2018,Connecticut,CT,State House,114,general,Mary Welander,Democratic,5246.0,43.7,False,False
2018,Connecticut,CT,State House,115,general,Dorinda Borer,Democratic,5140.0,67.2,True,False
2018,Connecticut,CT,State House,115,general,Lynne Schlosser,Republican,2016.0,28.2,False,False
2018,Connecticut,CT,State House,116,general,Michael DiMassa,Democratic,3789.0,71.6,True,False
2018,Connecticut,CT,State House,116,general,Richard DePalma,Republican,1299.0,25.5,False,False
2018,Connecticut,CT,State House,117,general,Charles Ferraro,Republican,6027.0,53.4,True,False
2018,Connecticut,CT,State House,117,general,Cindy Wolfe Boynton,Democratic,4867.0,42.5,False,False
2018,Connecticut,CT,State House,118,general,Kim Rose,Democratic,5696.0,53.4,True,False
2018,Connecticut,CT,State House,118,general,Connie Jagodzinski,Republican,4421.0,43.7,False,False
2018,Connecticut,CT,State House,119,general,Kathy Kennedy,Republican,6063.0,53.5,True,False
2018,Connecticut,CT,State House,119,general,Ellen Beatty,Democratic,5268.0,44.5,False,False
2018,Connecticut,CT,State House,120,general,Phil Young,Democratic,5222.0,49.8,True,True
2018,Connecticut,CT,State House,120,general,Jim Feehan,Republican,5209.0,47.8,False,False
2018,Connecticut,CT,State House,120,general,Prez Palmer,Petitioning,55.0,0.5,False,False
2018,Connecticut,CT,State House,121,general,Joseph Gresko,Democratic,5376.0,70.3,True,True
2018,Connecticut,CT,State House,121,general,Robert Mitchell,Republican,2274.0,28.3,False,False
2018,Connecticut,CT,State House,122,general,Ben McGorty,Republican,7006.0,61.3,True,True
2018,Connecticut,CT,State House,122,general,Jose F. Goncalves,Democratic,4430.0,38.7,False,False
2018,Connecticut,CT,State House,123,general,David Rutigliano,Republican,5915.0,52.0,True,False
2018,Connecticut,CT,State House,123,general,Sujata Gadkar-Wilcox,Democratic,5062.0,44.3,False,False
2018,Connecticut,CT,State House,124,general,Andre Baker,Democratic,3971.0,89.7,True,True
2018,Connecticut,CT,State House,124,general,Jose Quiroga,Republican,458.0,10.3,False,False
2018,Connecticut,CT,State House,125,general,Tom O'Dea,Republican,6522.0,56.8,True,True
2018,Connecticut,CT,State House,125,general,Ross Tartell,Democratic,4959.0,43.2,False,False
2018,Connecticut,CT,State House,126,general,Charlie Stallworth,Democratic,5362.0,84.3,True,True
2018,Connecticut,CT,State House,126,general,Manuel Bataguas,Republican,997.0,15.7,False,False
2018,Connecticut,CT,State House,127,general,Jack Hennessy,Democratic,4081.0,73.1,True,False
2018,Connecticut,CT,State House,127,general,Peter Perillo,Republican,1341.0,24.7,False,False
2018,Connecticut,CT,State House,128,general,Christopher Rosario,Democratic,2366.0,88.2,True,True
2018,Connecticut,CT,State House,128,general,Ethan Book,Republican,317.0,11.8,False,False
2018,Connecticut,CT,State House,129,general,Steven Stafstrom,Democratic,4507.0,82.2,True,True
2018,Connecticut,CT,State House,129,general,Vallorie Clark,Republican,976.0,17.8,False,False
2018,Connecticut,CT,State House,130,general,Ezequiel Santiago,Democratic,3202.0,89.8,True,True
2018,Connecticut,CT,State House,130,general,Terry Sullivan,Republican,362.0,10.2,False,False
2018,Connecticut,CT,State House,131,general,David Labriola,Republican,7048.0,67.6,True,True
2018,Connecticut,CT,State House,131,general,James Kiochko,Democratic,3371.0,32.4,False,False
2018,Connecticut,CT,State House,132,general,Brenda Kupchick,Republican,6533.0,51.7,True,False
2018,Connecticut,CT,State House,132,general,Caitlin Clarkson Pereira,Democratic,5432.0,45.4,False,False
2018,Connecticut,CT,State House,133,general,Cristin McCarthy Vahey,Democratic,6081.0,61.3,True,False
2018,Connecticut,CT,State House,133,general,Sally Connolly,Republican,3444.0,34.0,False,False
2018,Connecticut,CT,State House,134,general,Laura Devlin,Republican,5729.0,50.2,True,False
2018,Connecticut,CT,State House,134,general,Ashley Guadiano,Democratic,5251.0,47.8,False,False
2018,Connecticut,CT,State House,135,general,Anne Hughes,Democratic,6567.0,52.8,True,False
2018,Connecticut,CT,State House,135,general,Adam Dunsby,Republican,5576.0,44.2,False,False
2018,Connecticut,CT,State House,135,general,Michael Pitassi,Green,66.0,0.5,False,False
2018,Connecticut,CT,State House,136,general,Jonathan Steinberg,Democratic,7945.0,61.3,True,True
2018,Connecticut,CT,State House,136,general,Greg Kraut,Republican,5008.0,36.3,False,False
2018,Connecticut,CT,State House,137,general,Chris Perone,Democratic,6323.0,66.6,True,False
2018,Connecticut,CT,State House,137,general,Frank Page,Republican,2800.0,29.2,False,False
2018,Connecticut,CT,State House,138,general,Kenneth Gucker,Democratic,4826.0,49.2,True,False
2018,Connecticut,CT,State House,138,general,Michael Ferguson,Republican,4635.0,46.5,False,False
2018,Connecticut,CT,State House,139,general,Kevin Ryan,Democratic,4209.0,49.6,True,False
2018,Connecticut,CT,State House,139,general,Nick DeLucia,Republican,3702.0,43.8,False,False
2018,Connecticut,CT,State House,140,general,Travis Simms,Democratic,3844.0,70.0,True,False
2018,Connecticut,CT,State House,140,general,John Flynn,Republican,1072.0,17.7,False,False
2018,Connecticut,CT,State House,140,general,Colin Anthony Hosten,Working Families,579.0,10.5,False,False
2018,Connecticut,CT,State House,141,general,Terrie Wood,Republican,8332.0,86.9,True,False
2018,Connecticut,CT,State House,142,general,Lucy Dathan,Democratic,5993.0,52.7,True,False
2018,Connecticut,CT,State House,142,general,Fred Wilms,Republican,4996.0,43.7,False,False
2018,Connecticut,CT,State House,143,general,Gail Lavielle,Republican,6094.0,49.3,True,False
2018,Connecticut,CT,State House,143,general,Stephanie Thomas,Democratic,5733.0,47.3,False,False
2018,Connecticut,CT,State House,144,general,Caroline Simmons,Democratic,7242.0,100.0,True,True
2018,Connecticut,CT,State House,145,general,Patricia Billie Miller,Democratic,4580.0,82.6,True,True
2018,Connecticut,CT,State House,145,general,Fritz Blau,Republican,965.0,17.4,False,False
2018,Connecticut,CT,State House,146,general,David Michel,Democratic,5913.0,72.4,True,False
2018,Connecticut,CT,State House,146,general,Dan Pannone,Republican,2257.0,27.6,False,False
2018,Connecticut,CT,State House,147,general,Matt Blumenthal,Democratic,6187.0,58.9,True,False
2018,Connecticut,CT,State House,147,general,Anzelmo Graziosi,Republican,4326.0,39.5,False,False
2018,Connecticut,CT,State House,148,general,Daniel Fox,Democratic,5013.0,75.8,True,True
2018,Connecticut,CT,State House,148,general,Phillip Balestriere,Republican,1604.0,24.2,False,False
2018,Connecticut,CT,State House,149,general,Livvy Floren,Republican,6971.0,100.0,True,True
2018,Connecticut,CT,State House,150,general,Steve Meskers,Democratic,4859.0,52.1,True,False
2018,Connecticut,CT,State House,150,general,Mike Bocchino,Republican,4464.0,45.8,False,False
2018,Connecticut,CT,State House,151,general,Fred Camillo,Republican,6145.0,54.1,True,False
2018,Connecticut,CT,State House,151,general,Laura Kostin,Democratic,4786.0,43.8,False,False
2018,Delaware,DE,State House,1,general,Nnamdi Chukwuocha,Democratic,7640.0,100.0,True,False
2018,Delaware,DE,State House,2,general,Stephanie Bolden,Democratic,4693.0,100.0,True,True
2018,Delaware,DE,State House,3,general,Sherry Dorsey Walker,Democratic,4434.0,100.0,True,False
2018,Delaware,DE,State House,4,general,Gerald Brady,Democratic,8512.0,100.0,True,True
2018,Delaware,DE,State House,5,general,Kendra Johnson,Democratic,6824.0,100.0,True,False
2018,Delaware,DE,State House,6,general,Debra Heffernan,Democratic,7073.0,65.32,True,True
2018,Delaware,DE,State House,6,general,Jeffrey Olmstead,Republican,3754.0,34.68,False,False
2018,Delaware,DE,State House,7,general,Ray Seigfried,Democratic,5943.0,62.92,True,False
2018,Delaware,DE,State House,7,general,Eric Braunstein,Republican,3348.0,35.44,False,False
2018,Delaware,DE,State House,7,general,Scott Gesty,Libertarian,154.0,1.64,False,False
2018,Delaware,DE,State House,8,general,Quinn Johnson,Democratic,5864.0,62.94,True,True
2018,Delaware,DE,State House,8,general,Daniel Zitofsky,Republican,3334.0,35.78,False,False
2018,Delaware,DE,State House,8,general,Cody McNutt,Libertarian,118.0,1.28,False,False
2018,Delaware,DE,State House,9,general,Kevin Hensley,Republican,6961.0,58.7,True,True
2018,Delaware,DE,State House,9,general,Monique Johns,Democratic,4899.0,41.3,False,False
2018,Delaware,DE,State House,10,general,Sean Matthews,Democratic,6448.0,68.69,True,True
2018,Delaware,DE,State House,10,general,Erin Wienner,Republican,2938.0,31.31,False,False
2018,Delaware,DE,State House,11,general,Jeffrey Spiegelman,Republican,5104.0,65.22,True,True
2018,Delaware,DE,State House,11,general,Paul Thornburg,Democratic,2723.0,34.78,False,False
2018,Delaware,DE,State House,12,general,Krista Griffith,Democratic,6691.0,53.14,True,False
2018,Delaware,DE,State House,12,general,Deborah Hudson,Republican,5898.0,46.86,False,True
2018,Delaware,DE,State House,13,general,Larry Mitchell,Democratic,5528.0,100.0,True,True
2018,Delaware,DE,State House,14,general,Peter Schwartzkopf,Democratic,8530.0,62.46,True,True
2018,Delaware,DE,State House,14,general,James Demartino,Republican,5125.0,37.54,False,False
2018,Delaware,DE,State House,15,general,Valerie Longhurst,Democratic,7329.0,87.87,True,True
2018,Delaware,DE,State House,15,general,Amy Merlino,Libertarian,1011.0,12.13,False,False
2018,Delaware,DE,State House,16,general,Franklin Cooke Jr.,Democratic,5765.0,85.38,True,False
2018,Delaware,DE,State House,16,general,Albert John Ament,Republican,987.0,14.62,False,False
2018,Delaware,DE,State House,17,general,Melissa Minor-Brown,Democratic,6107.0,100.0,True,False
2018,Delaware,DE,State House,18,general,David Bentz,Democratic,5876.0,100.0,True,True
2018,Delaware,DE,State House,19,general,Kimberly Williams,Democratic,4891.0,65.86,True,True
2018,Delaware,DE,State House,19,general,James Startzman Jr.,Republican,2535.0,34.14,False,False
2018,Delaware,DE,State House,20,general,Stephen Smyk,Republican,8187.0,56.06,True,True
2018,Delaware,DE,State House,20,general,John Bucchioni,Democratic,6281.0,43.01,False,False
2018,Delaware,DE,State House,20,general,Harry R. Smouse Jr.,Libertarian,134.0,0.93,False,False
2018,Delaware,DE,State House,21,general,Michael Ramone,Republican,5114.0,52.09,True,True
2018,Delaware,DE,State House,21,general,Stephanie Barry,Democratic,4705.0,47.91,False,False
2018,Delaware,DE,State House,22,general,Michael Smith,Republican,5955.0,50.6,True,False
2018,Delaware,DE,State House,22,general,Guillermina Gonzalez,Democratic,5815.0,49.4,False,False
2018,Delaware,DE,State House,23,general,Paul Baumbach,Democratic,5786.0,100.0,True,True
2018,Delaware,DE,State House,24,general,Edward Osienski,Democratic,4989.0,69.34,True,True
2018,Delaware,DE,State House,24,general,William Dilks Sr.,Republican,2205.0,30.66,False,False
2018,Delaware,DE,State House,25,general,John Kowalko Jr.,Democratic,4027.0,64.78,True,True
2018,Delaware,DE,State House,25,general,Bryan Rash,Republican,2189.0,35.22,False,False
2018,Delaware,DE,State House,26,general,John Viola,Democratic,5417.0,73.89,True,True
2018,Delaware,DE,State House,26,general,Justin Cruice,Republican,1914.0,26.11,False,False
2018,Delaware,DE,State House,27,general,Earl Jaques Jr.,Democratic,7123.0,85.33,True,True
2018,Delaware,DE,State House,27,general,William Hinds,Libertarian,1224.0,14.67,False,False
2018,Delaware,DE,State House,28,general,William Carson Jr.,Democratic,5176.0,67.98,True,True
2018,Delaware,DE,State House,28,general,Charlotte Middleton,Republican,2438.0,32.02,False,False
2018,Delaware,DE,State House,29,general,William Bush IV,Democratic,5585.0,57.72,True,False
2018,Delaware,DE,State House,29,general,Robin R. Hayes,Republican,4090.0,42.28,False,False
2018,Delaware,DE,State House,30,general,Shannon Morris,Republican,4615.0,64.75,True,False
2018,Delaware,DE,State House,30,general,Charles Groce,Democratic,2513.0,35.25,False,False
2018,Delaware,DE,State House,31,general,Sean Lynn,Democratic,4675.0,65.48,True,True
2018,Delaware,DE,State House,31,general,David Levi Anderson,Republican,2464.0,34.52,False,False
2018,Delaware,DE,State House,32,general,Andria Bennett,Democratic,3510.0,62.34,True,True
2018,Delaware,DE,State House,32,general,Cheryl Precourt,Republican,2120.0,37.66,False,False
2018,Delaware,DE,State House,33,general,Charles Postles Jr.,Republican,5001.0,60.51,True,True
2018,Delaware,DE,State House,33,general,James Todd Webb,Democratic,3264.0,39.49,False,False
2018,Delaware,DE,State House,34,general,Lyndon Yearick,Republican,5476.0,58.13,True,True
2018,Delaware,DE,State House,34,general,Adewunmi Kuforiji,Democratic,3825.0,40.6,False,False
2018,Delaware,DE,State House,34,general,William McVay,Libertarian,118.0,1.27,False,False
2018,Delaware,DE,State House,35,general,Jesse Vanderwende,Republican,5648.0,100.0,True,False
2018,Delaware,DE,State House,36,general,Bryan Shupe,Republican,5244.0,64.81,True,False
2018,Delaware,DE,State House,36,general,Donald M. Allan Jr.,Democratic,2848.0,35.19,False,False
2018,Delaware,DE,State House,37,general,Ruth Briggs King,Republican,6853.0,100.0,True,True
2018,Delaware,DE,State House,38,general,Ronald Gray,Republican,9635.0,65.75,True,True
2018,Delaware,DE,State House,38,general,Meghan Kelly,Democratic,5019.0,34.25,False,False
2018,Delaware,DE,State House,39,general,Daniel Short,Republican,5452.0,100.0,True,True
2018,Delaware,DE,State House,40,general,Timothy Dukes,Republican,5848.0,100.0,True,True
2018,Delaware,DE,State House,41,general,Richard Collins,Republican,5262.0,60.84,True,True
2018,Delaware,DE,State House,41,general,S. Bradley Connor,Democratic,3388.0,39.16,False,False
2018,Georgia,GA,State House,1,general,Colton Moore,Republican,14272.0,100.0,True,False
2018,Georgia,GA,State House,2,general,Steve Tarvin,Republican,16442.0,100.0,True,True
2018,Georgia,GA,State House,3,general,Dewayne Hill,Republican,16727.0,100.0,True,True
2018,Georgia,GA,State House,4,general,Kasey Carpenter,Republican,9878.0,100.0,True,True
2018,Georgia,GA,State House,5,general,John Meadows,Republican,12914.0,81.56,True,True
2018,Georgia,GA,State House,5,general,Brian Rosser,Democratic,2919.0,18.44,False,False
2018,Georgia,GA,State House,6,general,Jason T. Ridley,Republican,13594.0,100.0,True,True
2018,Georgia,GA,State House,7,general,David Ralston,Republican,21058.0,84.34,True,True
2018,Georgia,GA,State House,7,general,Rick D. Day,Democratic,3909.0,15.66,False,False
2018,Georgia,GA,State House,8,general,Matt Gurtler,Republican,23974.0,100.0,True,True
2018,Georgia,GA,State House,9,general,Kevin Tanner,Republican,20490.0,100.0,True,True
2018,Georgia,GA,State House,10,general,Terry Rogers,Republican,17431.0,100.0,True,True
2018,Georgia,GA,State House,11,general,Rick Jasperse,Republican,17812.0,85.95,True,True
2018,Georgia,GA,State House,11,general,Lee A. Shiver,Democratic,2912.0,14.05,False,False
2018,Georgia,GA,State House,12,general,Eddie Lumsden,Republican,14006.0,100.0,True,True
2018,Georgia,GA,State House,13,general,John Burnette II,Democratic,5190.0,33.44,False,False
2018,Georgia,GA,State House,13,general,Katie Dempsey,Republican,10329.0,66.56,True,True
2018,Georgia,GA,State House,14,general,Christian Coomer,Republican,,,True,True
2018,Georgia,GA,State House,15,general,Matthew Gambill,Republican,16190.0,100.0,True,False
2018,Georgia,GA,State House,16,general,Amanda Carter James,Independent,,,False,False
2018,Georgia,GA,State House,16,general,Trey Kelley,Republican,15766.0,100.0,True,True
2018,Georgia,GA,State House,17,general,Ralph Meers,Democratic,6225.0,26.8,False,False
2018,Georgia,GA,State House,17,general,Martin Momtahan,Republican,17006.0,73.2,True,False
2018,Georgia,GA,State House,18,general,Kevin Cooke,Republican,13566.0,74.21,True,True
2018,Georgia,GA,State House,18,general,Pat Rhudy,Democratic,4714.0,25.79,False,False
2018,Georgia,GA,State House,19,general,Alison Feliciano,Democratic,8592.0,37.38,False,False
2018,Georgia,GA,State House,19,general,Joseph Gullett,Republican,14394.0,62.62,True,False
2018,Georgia,GA,State House,20,general,Lillian Burnaman,Democratic,7712.0,30.09,False,False
2018,Georgia,GA,State House,20,general,Michael Caldwell,Republican,17918.0,69.91,True,True
2018,Georgia,GA,State House,21,general,Scot Turner,Republican,19403.0,74.7,True,True
2018,Georgia,GA,State House,21,general,Melanie Whitfield,Democratic,6570.0,25.3,False,False
2018,Georgia,GA,State House,22,general,Wes Cantrell,Republican,23987.0,75.89,True,True
2018,Georgia,GA,State House,22,general,Charles Ravenscraft,Democratic,7620.0,24.11,False,False
2018,Georgia,GA,State House,23,general,Mandi Ballinger,Republican,17782.0,74.85,True,True
2018,Georgia,GA,State House,23,general,Adam Wynn,Democratic,5974.0,25.15,False,False
2018,Georgia,GA,State House,24,general,Sheri Smallwood Gilligan,Republican,23646.0,100.0,True,True
2018,Georgia,GA,State House,25,general,Todd Jones,Republican,17897.0,63.98,True,True
2018,Georgia,GA,State House,25,general,Anita Holcomb Tucker,Democratic,10074.0,36.02,False,False
2018,Georgia,GA,State House,26,general,Marc Morris,Republican,24544.0,100.0,True,True
2018,Georgia,GA,State House,27,general,Lee Hawkins,Republican,18400.0,100.0,True,True
2018,Georgia,GA,State House,28,general,Chris Erwin,Republican,,,True,False
2018,Georgia,GA,State House,29,general,Matt Dubnik,Republican,9728.0,67.92,True,True
2018,Georgia,GA,State House,29,general,Nancy Stead,Independent,4595.0,32.08,False,False
2018,Georgia,GA,State House,30,general,"Emory Dunahoo, Jr.",Republican,14358.0,72.82,True,True
2018,Georgia,GA,State House,30,general,Alana Watkins,Democratic,5358.0,27.18,False,False
2018,Georgia,GA,State House,31,general,Tommy Benton,Republican,21281.0,100.0,True,True
2018,Georgia,GA,State House,32,general,Alan Powell,Republican,18065.0,100.0,True,True
2018,Georgia,GA,State House,33,general,Tom McCall,Republican,18282.0,100.0,True,True
2018,Georgia,GA,State House,34,general,Bert Reeves,Republican,13581.0,57.67,True,True
2018,Georgia,GA,State House,34,general,Matt Southwell,Democratic,9968.0,42.33,False,False
2018,Georgia,GA,State House,35,general,Salvatore Castellana,Democratic,10775.0,47.7,False,False
2018,Georgia,GA,State House,35,general,Ed Setzler,Republican,11816.0,52.3,True,True
2018,Georgia,GA,State House,36,general,Ginny Ehrhart,Republican,19891.0,65.82,True,False
2018,Georgia,GA,State House,36,general,Jen Slipakoff,Democratic,10329.0,34.19,False,False
2018,Georgia,GA,State House,37,general,Sam Teasley,Republican,11755.0,49.63,False,True
2018,Georgia,GA,State House,37,general,Mary Frances Williams,Democratic,11928.0,50.37,True,False
2018,Georgia,GA,State House,38,general,David Wilkerson,Democratic,19321.0,100.0,True,True
2018,Georgia,GA,State House,39,general,"James ""J.W."" Morrow, Jr.",Republican,3345.0,16.77,False,False
2018,Georgia,GA,State House,39,general,Erica Thomas,Democratic,16607.0,83.23,True,True
2018,Georgia,GA,State House,40,general,Matt Bentley,Republican,13029.0,45.32,False,False
2018,Georgia,GA,State House,40,general,Erick E. Allen,Democratic,15719.0,54.68,True,False
2018,Georgia,GA,State House,41,general,Deanna Harris,Republican,4858.0,29.39,False,False
2018,Georgia,GA,State House,41,general,Michael Smith,Democratic,11673.0,70.61,True,True
2018,Georgia,GA,State House,42,general,Teri Anulewicz,Democratic,12830.0,100.0,True,True
2018,Georgia,GA,State House,42,general,Jay Strickland,Libertarian,,,False,False
2018,Georgia,GA,State House,43,general,Sharon Cooper,Republican,13122.0,51.56,True,True
2018,Georgia,GA,State House,43,general,Luisa Wakeman,Democratic,12330.0,48.44,False,False
2018,Georgia,GA,State House,44,general,Chinita Allen,Democratic,11422.0,44.63,False,False
2018,Georgia,GA,State House,44,general,Don L. Parsons,Republican,14170.0,55.37,True,True
2018,Georgia,GA,State House,45,general,Matt Dollar,Republican,17003.0,59.28,True,True
2018,Georgia,GA,State House,45,general,Essence Johnson,Democratic,11681.0,40.72,False,False
2018,Georgia,GA,State House,46,general,John Carson,Republican,17466.0,61.82,True,True
2018,Georgia,GA,State House,46,general,Karín Sandiford,Democratic,10789.0,38.18,False,False
2018,Georgia,GA,State House,47,general,Jan Jones,Republican,16718.0,61.64,True,True
2018,Georgia,GA,State House,47,general,Andrea Nugent,Democratic,10403.0,38.36,False,False
2018,Georgia,GA,State House,48,general,Betty Price,Republican,10952.0,49.66,False,True
2018,Georgia,GA,State House,48,general,Mary Robichaux,Democratic,11102.0,50.34,True,False
2018,Georgia,GA,State House,49,general,Krishan A. Bralley,Democratic,11268.0,45.8,False,False
2018,Georgia,GA,State House,49,general,"Charles E. ""Chuck"" Martin",Republican,13334.0,54.2,True,True
2018,Georgia,GA,State House,49,general,Luanne Taylor,Independent,,,False,False
2018,Georgia,GA,State House,50,general,Angelika Kausche,Democratic,11015.0,50.73,True,False
2018,Georgia,GA,State House,50,general,Kelly Stewart,Republican,10698.0,49.27,False,False
2018,Georgia,GA,State House,51,general,Alex B. Kaufman,Republican,11767.0,48.43,False,False
2018,Georgia,GA,State House,51,general,Josh McLaurin,Democratic,12531.0,51.57,True,False
2018,Georgia,GA,State House,52,general,Shea Roberts,Democratic,12796.0,47.72,False,False
2018,Georgia,GA,State House,52,general,Deborah Silcox,Republican,14018.0,52.28,True,True
2018,Georgia,GA,State House,53,general,Sheila Jones,Democratic,20032.0,100.0,True,True
2018,Georgia,GA,State House,54,general,Beth Beskin,Republican,14179.0,48.29,False,True
2018,Georgia,GA,State House,54,general,Betsy Holland,Democratic,15186.0,51.71,True,False
2018,Georgia,GA,State House,55,general,Marie R. Metze,Democratic,23310.0,100.0,True,True
2018,Georgia,GA,State House,56,general,"""Able"" Mable Thomas",Democratic,16311.0,100.0,True,True
2018,Georgia,GA,State House,57,general,Pat Gardner,Democratic,24886.0,100.0,True,True
2018,Georgia,GA,State House,58,general,Park Cannon,Democratic,23663.0,100.0,True,True
2018,Georgia,GA,State House,59,general,David Dreyer,Democratic,20727.0,100.0,True,True
2018,Georgia,GA,State House,60,general,Kim Schofield,Democratic,16108.0,100.0,True,True
2018,Georgia,GA,State House,61,general,Roger Bruce,Democratic,20043.0,100.0,True,True
2018,Georgia,GA,State House,62,general,"William K. Boddie, Jr.",Democratic,23959.0,100.0,True,True
2018,Georgia,GA,State House,63,general,Debra Bazemore,Democratic,20872.0,100.0,True,True
2018,Georgia,GA,State House,64,general,Derrick L. Jackson,Democratic,21257.0,100.0,True,True
2018,Georgia,GA,State House,65,general,Sharon Beasley-Teague,Democratic,21289.0,100.0,True,True
2018,Georgia,GA,State House,66,general,Kimberly Alexander,Democratic,17434.0,100.0,True,True
2018,Georgia,GA,State House,67,general,Micah Gravley,Republican,17029.0,100.0,True,True
2018,Georgia,GA,State House,68,general,J. Collins,Republican,18146.0,100.0,True,True
2018,Georgia,GA,State House,69,general,Randy Nix,Republican,18063.0,100.0,True,True
2018,Georgia,GA,State House,70,general,Lynn Smith,Republican,18473.0,100.0,True,True
2018,Georgia,GA,State House,71,general,David Stover,Republican,19690.0,74.43,True,True
2018,Georgia,GA,State House,71,general,Tom Thomason,Democratic,6765.0,25.57,False,False
2018,Georgia,GA,State House,72,general,Josh Bonner,Republican,24429.0,100.0,True,True
2018,Georgia,GA,State House,73,general,Karen Mathiak,Republican,17210.0,100.0,True,True
2018,Georgia,GA,State House,74,general,Valencia Stovall,Democratic,14533.0,100.0,True,True
2018,Georgia,GA,State House,75,general,Mike Glanton,Democratic,17817.0,100.0,True,True
2018,Georgia,GA,State House,76,general,Sandra Givens Scott,Democratic,20350.0,100.0,True,True
2018,Georgia,GA,State House,77,general,Rhonda Burnough,Democratic,15480.0,100.0,True,True
2018,Georgia,GA,State House,78,general,Demetrius Douglas,Democratic,19347.0,100.0,True,True
2018,Georgia,GA,State House,79,general,Michael S. Wilensky,Democratic,12441.0,53.83,True,False
2018,Georgia,GA,State House,79,general,Ken Wright,Republican,10670.0,46.17,False,False
2018,Georgia,GA,State House,80,general,Meagan Hanson,Republican,11389.0,47.52,False,True
2018,Georgia,GA,State House,80,general,Matthew Wilson,Democratic,12578.0,52.48,True,False
2018,Georgia,GA,State House,81,general,Ellen Diehl,Republican,6334.0,35.91,False,False
2018,Georgia,GA,State House,81,general,Scott Holcomb,Democratic,11304.0,64.09,True,True
2018,Georgia,GA,State House,82,general,Mary Margaret Oliver,Democratic,18015.0,100.0,True,True
2018,Georgia,GA,State House,83,general,Becky Evans,Democratic,25187.0,100.0,True,False
2018,Georgia,GA,State House,84,general,Renitta Shannon,Democratic,26038.0,100.0,True,True
2018,Georgia,GA,State House,85,general,Karla Drenner,Democratic,18544.0,100.0,True,True
2018,Georgia,GA,State House,86,general,Michele Henson,Democratic,19236.0,100.0,True,True
2018,Georgia,GA,State House,87,general,Viola Davis,Democratic,21468.0,100.0,True,False
2018,Georgia,GA,State House,88,general,Joshua Hampton,Independent,,,False,False
2018,Georgia,GA,State House,88,general,Billy Mitchell,Democratic,18774.0,100.0,True,True
2018,Georgia,GA,State House,89,general,Bee Nguyen,Democratic,27810.0,100.0,True,True
2018,Georgia,GA,State House,90,general,Pam Stephenson,Democratic,21038.0,79.92,True,True
2018,Georgia,GA,State House,90,general,Takosha Swan,Republican,5286.0,20.08,False,False
2018,Georgia,GA,State House,91,general,Vernon Jones,Democratic,21329.0,100.0,True,True
2018,Georgia,GA,State House,92,general,Doreen Carter,Democratic,16246.0,100.0,True,True
2018,Georgia,GA,State House,92,general,Linda Davis,Independent,,,False,False
2018,Georgia,GA,State House,92,general,Raymond Davis,Independent,,,False,False
2018,Georgia,GA,State House,93,general,Dar'shun Kendrick,Democratic,23221.0,100.0,True,True
2018,Georgia,GA,State House,94,general,Karen Bennett,Democratic,20984.0,100.0,True,True
2018,Georgia,GA,State House,95,general,Scott Hilton,Republican,11442.0,48.6,False,True
2018,Georgia,GA,State House,95,general,Beth Moore,Democratic,12101.0,51.4,True,False
2018,Georgia,GA,State House,96,general,"Pedro ""Pete"" Marin",Democratic,10810.0,100.0,True,True
2018,Georgia,GA,State House,97,general,Bonnie Rich,Republican,13538.0,55.86,True,False
2018,Georgia,GA,State House,97,general,Aisha Yaqoob,Democratic,10696.0,44.14,False,False
2018,Georgia,GA,State House,98,general,David Clark,Republican,17529.0,100.0,True,True
2018,Georgia,GA,State House,99,general,Brenda Lopez Romero,Democratic,7362.0,100.0,True,True
2018,Georgia,GA,State House,100,general,Dewey L. McClain,Democratic,10668.0,100.0,True,True
2018,Georgia,GA,State House,101,general,Valerie Clark,Republican,8027.0,41.19,False,False
2018,Georgia,GA,State House,101,general,Sam Park,Democratic,11459.0,58.81,True,True
2018,Georgia,GA,State House,102,general,Paula Hastings,Republican,10033.0,48.59,False,False
2018,Georgia,GA,State House,102,general,Gregg Kennard,Democratic,10617.0,51.41,True,False
2018,Georgia,GA,State House,102,general,Richard Smith,Independent,,,False,False
2018,Georgia,GA,State House,103,general,Timothy Barr,Republican,21512.0,100.0,True,True
2018,Georgia,GA,State House,104,general,Chuck Efstration,Republican,13493.0,53.37,True,True
2018,Georgia,GA,State House,104,general,Andrea Stephenson,Democratic,11790.0,46.63,False,False
2018,Georgia,GA,State House,105,general,Donna McLeod,Democratic,14335.0,58.37,True,False
2018,Georgia,GA,State House,105,general,Donna Sheldon,Republican,10224.0,41.63,False,False
2018,Georgia,GA,State House,106,general,Brett Harrell,Republican,14973.0,100.0,True,True
2018,Georgia,GA,State House,107,general,Shelly Hutchinson,Democratic,12425.0,58.79,True,False
2018,Georgia,GA,State House,107,general,Janet Mihoci,Republican,8709.0,41.21,False,False
2018,Georgia,GA,State House,108,general,Jasmine Clark,Democratic,10877.0,50.68,True,False
2018,Georgia,GA,State House,108,general,Clay Cox,Republican,10585.0,49.32,False,True
2018,Georgia,GA,State House,109,general,Regina Lewis-Ward,Democratic,13027.0,48.46,False,False
2018,Georgia,GA,State House,109,general,Dale Rutledge,Republican,13855.0,51.54,True,True
2018,Georgia,GA,State House,110,general,Andy Welch,Republican,16046.0,100.0,True,True
2018,Georgia,GA,State House,111,general,Geoff Cauble,Republican,12385.0,43.41,False,True
2018,Georgia,GA,State House,111,general,El-Mahdi Holly,Democratic,16143.0,56.59,True,False
2018,Georgia,GA,State House,112,general,Dave Belton,Republican,20912.0,100.0,True,True
2018,Georgia,GA,State House,113,general,Pam Dickerson,Democratic,18610.0,100.0,True,True
2018,Georgia,GA,State House,114,general,Tom Kirby,Republican,20281.0,100.0,True,True
2018,Georgia,GA,State House,114,general,Femi Oduwole,Independent,,,False,False
2018,Georgia,GA,State House,115,general,Bruce Williamson,Republican,19935.0,100.0,True,True
2018,Georgia,GA,State House,116,general,Terry England,Republican,17569.0,100.0,True,True
2018,Georgia,GA,State House,117,general,Houston Gaines,Republican,13164.0,53.55,True,False
2018,Georgia,GA,State House,117,general,Deborah Gonzalez,Democratic,11418.0,46.45,False,True
2018,Georgia,GA,State House,118,general,Spencer Frye,Democratic,15558.0,100.0,True,True
2018,Georgia,GA,State House,119,general,Jonathan Wallace,Democratic,11929.0,47.22,False,True
2018,Georgia,GA,State House,119,general,Marcus A. Wiedower,Republican,13336.0,52.78,True,False
2018,Georgia,GA,State House,120,general,"Charles ""Chuck"" Hogg",Democratic,7909.0,31.61,False,False
2018,Georgia,GA,State House,120,general,Trey Rhodes,Republican,17110.0,68.39,True,True
2018,Georgia,GA,State House,121,general,Barry Fleming,Republican,19114.0,100.0,True,True
2018,Georgia,GA,State House,122,general,Jodi Lott,Republican,24189.0,100.0,True,True
2018,Georgia,GA,State House,123,general,Mark Newton,Republican,16044.0,66.86,True,True
2018,Georgia,GA,State House,123,general,Scott Richard,Democratic,7953.0,33.14,False,False
2018,Georgia,GA,State House,124,general,"Henry ""Wayne"" Howard",Democratic,13099.0,100.0,True,True
2018,Georgia,GA,State House,125,general,Sheila Clark Nelson,Democratic,13564.0,100.0,True,True
2018,Georgia,GA,State House,126,general,Gloria Frazier,Democratic,14840.0,69.53,True,True
2018,Georgia,GA,State House,126,general,William Harris,Republican,6503.0,30.47,False,False
2018,Georgia,GA,State House,127,general,Brian L. Prince,Democratic,14554.0,100.0,True,True
2018,Georgia,GA,State House,128,general,Mack Jackson,Democratic,11113.0,57.01,True,True
2018,Georgia,GA,State House,128,general,Jackson Williams,Republican,8379.0,42.99,False,False
2018,Georgia,GA,State House,129,general,Susan Holmes,Republican,17652.0,100.0,True,True
2018,Georgia,GA,State House,130,general,David Knight,Republican,15764.0,100.0,True,True
2018,Georgia,GA,State House,131,general,Chris Benton,Democratic,5810.0,26.25,False,False
2018,Georgia,GA,State House,131,general,Ken Pullin,Republican,16323.0,73.75,True,False
2018,Georgia,GA,State House,132,general,"Bob Trammell, Jr.",Democratic,8903.0,52.2,True,True
2018,Georgia,GA,State House,132,general,Leonard Gomez,Republican,8154.0,47.8,False,False
2018,Georgia,GA,State House,133,general,Vance Smith,Republican,20118.0,100.0,True,False
2018,Georgia,GA,State House,134,general,Richard H. Smith,Republican,17336.0,100.0,True,True
2018,Georgia,GA,State House,135,general,Calvin Smyre,Democratic,9538.0,100.0,True,True
2018,Georgia,GA,State House,136,general,Carolyn Hugley,Democratic,15271.0,100.0,True,True
2018,Georgia,GA,State House,137,general,Debbie G. Buckner,Democratic,17183.0,100.0,True,True
2018,Georgia,GA,State House,138,general,Mike Cheokas,Republican,7662.0,51.79,True,False
2018,Georgia,GA,State House,138,general,Bardin Hooks,Democratic,7131.0,48.21,False,False
2018,Georgia,GA,State House,139,general,Patty Bentley,Democratic,11713.0,100.0,True,True
2018,Georgia,GA,State House,140,general,Robert Dickey,Republican,15676.0,100.0,True,True
2018,Georgia,GA,State House,141,general,Dale Washburn,Republican,21109.0,100.0,True,False
2018,Georgia,GA,State House,142,general,Miriam Paris,Democratic,15148.0,100.0,True,True
2018,Georgia,GA,State House,143,general,James Beverly,Democratic,14873.0,100.0,True,True
2018,Georgia,GA,State House,144,general,Danny Mathis,Republican,14825.0,65.38,True,False
2018,Georgia,GA,State House,144,general,Jessica Walden,Democratic,7850.0,34.62,False,False
2018,Georgia,GA,State House,145,general,Ricky A. Williams,Republican,12821.0,100.0,True,True
2018,Georgia,GA,State House,146,general,Shaw Blackmon,Republican,20375.0,100.0,True,True
2018,Georgia,GA,State House,147,general,Heath Clark,Republican,9787.0,54.15,True,True
2018,Georgia,GA,State House,147,general,Fenika Miller,Democratic,8288.0,45.85,False,False
2018,Georgia,GA,State House,148,general,Joshua Deriso,Democratic,5567.0,30.55,False,False
2018,Georgia,GA,State House,148,general,"Noel Williams, Jr.",Republican,12657.0,69.45,True,False
2018,Georgia,GA,State House,149,general,Jimmy Pruett,Republican,11904.0,100.0,True,True
2018,Georgia,GA,State House,150,general,Matt Hatchett,Republican,16319.0,100.0,True,True
2018,Georgia,GA,State House,151,general,Joyce Barlow,Democratic,9257.0,46.47,False,False
2018,Georgia,GA,State House,151,general,Gerald Greene,Republican,10664.0,53.53,True,True
2018,Georgia,GA,State House,152,general,Marcus Batten,Democratic,5813.0,25.96,False,False
2018,Georgia,GA,State House,152,general,Ed Rynders,Republican,16580.0,74.04,True,True
2018,Georgia,GA,State House,153,general,Tracy Taylor,Republican,5543.0,34.53,False,False
2018,Georgia,GA,State House,153,general,Camia Whitaker Hopson,Democratic,10512.0,65.47,True,False
2018,Georgia,GA,State House,154,general,Winfred Dukes,Democratic,14850.0,100.0,True,True
2018,Georgia,GA,State House,155,general,Clay Pirkle,Republican,15946.0,100.0,True,True
2018,Georgia,GA,State House,156,general,Greg Morris,Republican,15430.0,100.0,True,True
2018,Georgia,GA,State House,157,general,"William ""Bill"" Werkheiser",Republican,12871.0,100.0,True,True
2018,Georgia,GA,State House,158,general,Butch Parrish,Republican,14685.0,100.0,True,True
2018,Georgia,GA,State House,159,general,Jon G. Burns,Republican,16917.0,100.0,True,True
2018,Georgia,GA,State House,160,general,Jan Tankersley,Republican,14372.0,100.0,True,True
2018,Georgia,GA,State House,161,general,Adam Bridges,Democratic,8973.0,36.55,False,False
2018,Georgia,GA,State House,161,general,Bill Hitchens,Republican,15574.0,63.45,True,True
2018,Georgia,GA,State House,162,general,Carl Wayne Gilliard,Democratic,13372.0,100.0,True,True
2018,Georgia,GA,State House,163,general,J. Craig Gordon,Democratic,14959.0,100.0,True,True
2018,Georgia,GA,State House,164,general,"Alicia ""Aer"" Scott",Democratic,8420.0,47.54,False,False
2018,Georgia,GA,State House,164,general,Ron Stephens,Republican,9291.0,52.46,True,True
2018,Georgia,GA,State House,165,general,Mickey Stephens,Democratic,16361.0,100.0,True,True
2018,Georgia,GA,State House,166,general,Jesse Petrea,Republican,24256.0,100.0,True,True
2018,Georgia,GA,State House,167,general,Jeff Jones,Republican,13591.0,67.88,True,True
2018,Georgia,GA,State House,167,general,Cedric Z. King,Democratic,6431.0,32.12,False,False
2018,Georgia,GA,State House,168,general,Al Williams,Democratic,11947.0,100.0,True,True
2018,Georgia,GA,State House,169,general,Dominic LaRiccia,Republican,12937.0,100.0,True,True
2018,Georgia,GA,State House,170,general,Penny Houston,Republican,14668.0,100.0,True,True
2018,Georgia,GA,State House,171,general,Jay Powell,Republican,13765.0,100.0,True,True
2018,Georgia,GA,State House,172,general,Sam Watson,Republican,12046.0,100.0,True,True
2018,Georgia,GA,State House,173,general,Darlene Taylor,Republican,11599.0,61.02,True,True
2018,Georgia,GA,State House,173,general,Twitty Titus,Democratic,7409.0,38.98,False,False
2018,Georgia,GA,State House,174,general,John Corbett,Republican,13773.0,100.0,True,True
2018,Georgia,GA,State House,175,general,Treva Gear,Democratic,6230.0,28.49,False,False
2018,Georgia,GA,State House,175,general,John LaHood,Republican,15638.0,71.51,True,True
2018,Georgia,GA,State House,176,general,Jason Shaw,Republican,13817.0,100.0,True,True
2018,Georgia,GA,State House,177,general,Dexter L. Sharper,Democratic,10889.0,100.0,True,True
2018,Georgia,GA,State House,178,general,Steven Meeks,Republican,16451.0,89.43,True,False
2018,Georgia,GA,State House,178,general,Greg O'Driscoll,Democratic,1945.0,10.57,False,False
2018,Georgia,GA,State House,179,general,Don Hogan,Republican,12337.0,57.76,True,True
2018,Georgia,GA,State House,179,general,Julie Jordan,Democratic,9023.0,42.24,False,False
2018,Georgia,GA,State House,180,general,Steven Sainz,Republican,14530.0,100.0,True,False
2018,Hawaii,HI,State House,1,general,Mark Nakashima,Democratic,,100.0,True,True
2018,Hawaii,HI,State House,2,general,Chris Toshiro Todd,Democratic,6692.0,83.3,True,True
2018,Hawaii,HI,State House,2,general,Grace Manipol-Larson,Republican,1344.0,16.7,False,False
2018,Hawaii,HI,State House,3,general,Richard Onishi,Democratic,5795.0,77.6,True,True
2018,Hawaii,HI,State House,3,general,Fred Fogel,Libertarian,1675.0,22.4,False,False
2018,Hawaii,HI,State House,4,general,Joy San Buenaventura,Democratic,,100.0,True,True
2018,Hawaii,HI,State House,5,general,Richard Creagan,Democratic,,100.0,True,True
2018,Hawaii,HI,State House,6,general,Nicole Lowen,Democratic,,100.0,True,True
2018,Hawaii,HI,State House,7,general,David Tarnas,Democratic,6584.0,76.9,True,False
2018,Hawaii,HI,State House,7,general,Tom Belekanich,Republican,1974.0,23.1,False,False
2018,Hawaii,HI,State House,8,general,Troy Hashimoto,Democratic,,100.0,True,True
2018,Hawaii,HI,State House,9,general,Justin Woodson,Democratic,,100.0,True,True
2018,Hawaii,HI,State House,10,general,Angus McKelvey,Democratic,3729.0,59.7,True,True
2018,Hawaii,HI,State House,10,general,Chayne Marten,Republican,1346.0,21.5,False,False
2018,Hawaii,HI,State House,10,general,Jen Kamaho'i Mather,Green,1171.0,18.7,False,False
2018,Hawaii,HI,State House,11,general,Tina Wildberger,Democratic,,100.0,True,False
2018,Hawaii,HI,State House,12,general,Kyle Yamashita,Democratic,,100.0,True,True
2018,Hawaii,HI,State House,13,general,Lynn DeCoite,Democratic,5796.0,71.6,True,True
2018,Hawaii,HI,State House,13,general,Nick Nikhilananda,Green,2298.0,28.4,False,False
2018,Hawaii,HI,State House,14,general,Nadine Nakamura,Democratic,,100.0,True,True
2018,Hawaii,HI,State House,15,general,James Tokioka,Democratic,,100.0,True,True
2018,Hawaii,HI,State House,16,general,Dee Morikawa,Democratic,,100.0,True,True
2018,Hawaii,HI,State House,17,general,Gene Ward,Republican,8233.0,82.9,True,True
2018,Hawaii,HI,State House,17,general,Alan Yim,Libertarian,1694.0,17.1,False,False
2018,Hawaii,HI,State House,18,general,Mark Hashem,Democratic,7000.0,68.3,True,True
2018,Hawaii,HI,State House,18,general,Ola Souza,Republican,3255.0,31.7,False,False
2018,Hawaii,HI,State House,19,general,Bertrand Kobayashi,Democratic,,100.0,True,True
2018,Hawaii,HI,State House,20,general,Calvin K.Y. Say,Democratic,6247.0,72.9,True,True
2018,Hawaii,HI,State House,20,general,Julia Allen,Republican,2322.0,27.1,False,False
2018,Hawaii,HI,State House,21,general,Scott Nishimoto,Democratic,,100.0,True,True
2018,Hawaii,HI,State House,22,general,Tom Brower,Democratic,3662.0,66.9,True,True
2018,Hawaii,HI,State House,22,general,Kathryn Henski-Stark,Republican,1813.0,33.1,False,False
2018,Hawaii,HI,State House,23,general,Dale Kobayashi,Democratic,,100.0,True,False
2018,Hawaii,HI,State House,24,general,Della Au Belatti,Democratic,,100.0,True,True
2018,Hawaii,HI,State House,25,general,Sylvia Luke,Democratic,,100.0,True,True
2018,Hawaii,HI,State House,26,general,Scott Saiki,Democratic,,100.0,True,True
2018,Hawaii,HI,State House,27,general,Takashi Ohno,Democratic,4949.0,74.4,True,True
2018,Hawaii,HI,State House,27,general,Mela Kealoha-Lindsey,Republican,1700.0,25.6,False,False
2018,Hawaii,HI,State House,28,general,John Mizuno,Democratic,,100.0,True,True
2018,Hawaii,HI,State House,29,general,Daniel Holt,Democratic,,100.0,True,True
2018,Hawaii,HI,State House,30,general,Romy Cachola,Democratic,1760.0,60.0,True,True
2018,Hawaii,HI,State House,30,general,Mar Velasco,Republican,1171.0,40.0,False,False
2018,Hawaii,HI,State House,31,general,Aaron Johanson,Democratic,,100.0,True,True
2018,Hawaii,HI,State House,32,general,Linda Ichiyama,Democratic,,100.0,True,True
2018,Hawaii,HI,State House,33,general,Sam Kong,Democratic,,100.0,True,True
2018,Hawaii,HI,State House,34,general,Gregg Takayama,Democratic,,100.0,True,True
2018,Hawaii,HI,State House,35,general,Roy Takumi,Democratic,,100.0,True,True
2018,Hawaii,HI,State House,36,general,Val Okimoto,Republican,4933.0,54.7,True,False
2018,Hawaii,HI,State House,36,general,Marilyn Lee,Democratic,4081.0,45.3,False,False
2018,Hawaii,HI,State House,37,general,Ryan Yamane,Democratic,6884.0,71.1,True,True
2018,Hawaii,HI,State House,37,general,Mary Smart,Republican,2799.0,28.9,False,False
2018,Hawaii,HI,State House,38,general,Henry Aquino,Democratic,,100.0,True,True
2018,Hawaii,HI,State House,39,general,Ty Cullen,Democratic,,100.0,True,True
2018,Hawaii,HI,State House,40,general,Bob McDermott,Republican,3037.0,55.8,True,True
2018,Hawaii,HI,State House,40,general,Rose Martinez,Democratic,2406.0,44.2,False,False
2018,Hawaii,HI,State House,41,general,Rida Cabanilla Arakawa,Democratic,4007.0,53.8,True,False
2018,Hawaii,HI,State House,41,general,Chris Fidelibus,Republican,3440.0,46.2,False,False
2018,Hawaii,HI,State House,42,general,Sharon Har,Democratic,,100.0,True,True
2018,Hawaii,HI,State House,43,general,Stacelynn Kehaulani Eli,Democratic,,100.0,True,False
2018,Hawaii,HI,State House,44,general,Cedric Gates,Democratic,,100.0,True,True
2018,Hawaii,HI,State House,45,general,Lauren Cheape Matsumoto,Republican,,100.0,True,True
2018,Hawaii,HI,State House,46,general,Amy Perruso,Democratic,3205.0,66.15,True,False
2018,Hawaii,HI,State House,46,general,John Miller,Republican,1640.0,33.85,False,False
2018,Hawaii,HI,State House,47,general,Sean Quinlan,Democratic,3792.0,58.5,True,True
2018,Hawaii,HI,State House,47,general,Richard Lee Fale,Republican,2690.0,41.5,False,False
2018,Hawaii,HI,State House,48,general,Lisa Kitagawa,Democratic,,100.0,True,False
2018,Hawaii,HI,State House,49,general,Scot Matayoshi,Democratic,,100.0,True,False
2018,Hawaii,HI,State House,50,general,Cynthia Thielen,Republican,5406.0,62.1,True,True
2018,Hawaii,HI,State House,50,general,Micah Kalama Pregitzer,Democratic,3298.0,37.9,False,False
2018,Hawaii,HI,State House,51,general,Chris Lee,Democratic,6106.0,69.3,True,True
2018,Hawaii,HI,State House,51,general,Noe Galea'i,Republican,2706.0,30.7,False,False
2018,Illinois,IL,State House,1,general,Aaron Ortiz,Democratic,16913.0,100.0,True,False
2018,Illinois,IL,State House,2,general,Theresa Mah,Democratic,20455.0,100.0,True,True
2018,Illinois,IL,State House,3,general,Luis Arroyo,Democratic,19782.0,100.0,True,True
2018,Illinois,IL,State House,4,general,Delia Ramirez,Democratic,31797.0,99.98,True,False
2018,Illinois,IL,State House,5,general,Lamont Robinson,Democratic,35388.0,100.0,True,False
2018,Illinois,IL,State House,6,general,Sonya Harper,Democratic,26000.0,100.0,True,True
2018,Illinois,IL,State House,7,general,"Emanuel ""Chris"" Welch",Democratic,35678.0,100.0,True,True
2018,Illinois,IL,State House,8,general,La Shawn Ford,Democratic,31923.0,100.0,True,True
2018,Illinois,IL,State House,9,general,Art Turner,Democratic,30951.0,100.0,True,True
2018,Illinois,IL,State House,10,general,Melissa Conyears-Ervin,Democratic,31649.0,100.0,True,True
2018,Illinois,IL,State House,11,general,Ann Williams,Democratic,42291.0,100.0,True,True
2018,Illinois,IL,State House,12,general,Sara Feigenholtz,Democratic,46346.0,100.0,True,True
2018,Illinois,IL,State House,13,general,Greg Harris,Democratic,39456.0,100.0,True,True
2018,Illinois,IL,State House,14,general,Kelly Cassidy,Democratic,37446.0,100.0,True,True
2018,Illinois,IL,State House,15,general,John D'Amico,Democratic,21908.0,61.5,True,True
2018,Illinois,IL,State House,15,general,Amanda Biela,Republican,13714.0,38.5,False,False
2018,Illinois,IL,State House,16,general,Lou Lang,Democratic,24605.0,100.0,True,True
2018,Illinois,IL,State House,17,general,Jennifer Gong-Gershowitz,Democratic,34328.0,69.2,True,False
2018,Illinois,IL,State House,17,general,Peter Lee,Republican,15281.0,30.8,False,False
2018,Illinois,IL,State House,18,general,Robyn Gabel,Democratic,37966.0,72.09,True,True
2018,Illinois,IL,State House,18,general,Julie Cho,Republican,14697.0,27.91,False,False
2018,Illinois,IL,State House,19,general,Robert Martwick,Democratic,21389.0,60.69,True,True
2018,Illinois,IL,State House,19,general,Ammie Kessem,Republican,13852.0,39.31,False,False
2018,Illinois,IL,State House,20,general,Michael McAuliffe,Republican,27053.0,100.0,True,True
2018,Illinois,IL,State House,21,general,Celina Villanueva,Democratic,15344.0,100.0,True,True
2018,Illinois,IL,State House,22,general,Mike Madigan,Democratic,21619.0,100.0,True,True
2018,Illinois,IL,State House,23,general,Michael Zalewski,Democratic,19161.0,100.0,True,True
2018,Illinois,IL,State House,24,general,"Elizabeth ""Lisa"" Hernandez",Democratic,19329.0,100.0,True,True
2018,Illinois,IL,State House,25,general,Curtis Tarver II,Democratic,32796.0,99.93,True,False
2018,Illinois,IL,State House,26,general,Christian Mitchell,Democratic,35992.0,100.0,True,True
2018,Illinois,IL,State House,27,general,Justin Slaughter,Democratic,33526.0,100.0,True,True
2018,Illinois,IL,State House,28,general,Robert Rita,Democratic,28841.0,100.0,True,True
2018,Illinois,IL,State House,29,general,Thaddeus Jones,Democratic,33109.0,100.0,True,True
2018,Illinois,IL,State House,30,general,Will Davis,Democratic,25787.0,100.0,True,True
2018,Illinois,IL,State House,31,general,Mary E. Flowers,Democratic,30214.0,100.0,True,True
2018,Illinois,IL,State House,32,general,Andre Thapedi,Democratic,22901.0,100.0,True,True
2018,Illinois,IL,State House,33,general,Marcus C. Evans Jr.,Democratic,32916.0,100.0,True,True
2018,Illinois,IL,State House,34,general,Nicholas Smith,Democratic,31939.0,100.0,True,True
2018,Illinois,IL,State House,35,general,Frances Ann Hurley,Democratic,30511.0,68.82,True,True
2018,Illinois,IL,State House,35,general,Herb Hebein,Republican,13821.0,31.18,False,False
2018,Illinois,IL,State House,36,general,Kelly M. Burke,Democratic,30339.0,100.0,True,True
2018,Illinois,IL,State House,37,general,Margo McDermed,Republican,27148.0,57.98,True,True
2018,Illinois,IL,State House,37,general,Matthew Hunt,Democratic,19675.0,42.02,False,False
2018,Illinois,IL,State House,38,general,Debbie Meyers-Martin,Democratic,35832.0,100.0,True,False
2018,Illinois,IL,State House,39,general,Will Guzzardi,Democratic,26106.0,100.0,True,True
2018,Illinois,IL,State House,40,general,Jaime Andrade Jr.,Democratic,27755.0,99.98,True,True
2018,Illinois,IL,State House,41,general,Grant Wehrli,Republican,24798.0,52.0,True,True
2018,Illinois,IL,State House,41,general,Val Montgomery,Democratic,22890.0,48.0,False,False
2018,Illinois,IL,State House,42,general,Amy L. Grant,Republican,26381.0,52.24,True,False
2018,Illinois,IL,State House,42,general,Kathleen V. Carrier,Democratic,24122.0,47.76,False,False
2018,Illinois,IL,State House,43,general,Anna Moeller,Democratic,14631.0,70.61,True,True
2018,Illinois,IL,State House,43,general,Andrew R. Cuming,Republican,6090.0,29.39,False,False
2018,Illinois,IL,State House,44,general,Fred Crespo,Democratic,18028.0,65.59,True,True
2018,Illinois,IL,State House,44,general,Katy Dolan Baumer,Republican,9459.0,34.41,False,False
2018,Illinois,IL,State House,45,general,Diane Pappas,Democratic,20383.0,50.84,True,False
2018,Illinois,IL,State House,45,general,Christine Winger,Republican,19711.0,49.16,False,True
2018,Illinois,IL,State House,46,general,Deb Conroy,Democratic,18679.0,58.68,True,True
2018,Illinois,IL,State House,46,general,"Gordon ""Jay"" Kinzler",Republican,13155.0,41.32,False,False
2018,Illinois,IL,State House,47,general,Deanne Marie Mazzochi,Republican,26515.0,51.53,True,True
2018,Illinois,IL,State House,47,general,"James M. ""Jim"" Caffrey",Democratic,24938.0,48.47,False,False
2018,Illinois,IL,State House,48,general,Terra Costa Howard,Democratic,26820.0,53.5,True,False
2018,Illinois,IL,State House,48,general,Peter Breen,Republican,23313.0,46.5,False,True
2018,Illinois,IL,State House,49,general,Karina Villa,Democratic,22133.0,53.81,True,False
2018,Illinois,IL,State House,49,general,Tonia Jane Khouri,Republican,18997.0,46.19,False,False
2018,Illinois,IL,State House,50,general,Keith R. Wheeler,Republican,25862.0,54.99,True,True
2018,Illinois,IL,State House,50,general,James Leslie,Democratic,21170.0,45.01,False,False
2018,Illinois,IL,State House,51,general,Mary Edly-Allen,Democratic,25950.0,50.36,True,False
2018,Illinois,IL,State House,51,general,Helene Walsh,Republican,25576.0,49.64,False,True
2018,Illinois,IL,State House,52,general,David McSweeney,Republican,30399.0,100.0,True,True
2018,Illinois,IL,State House,53,general,Mark L. Walker,Democratic,23792.0,52.44,True,False
2018,Illinois,IL,State House,53,general,Eddie Corrigan,Republican,21580.0,47.56,False,False
2018,Illinois,IL,State House,54,general,Tom Morrison,Republican,22490.0,50.05,True,True
2018,Illinois,IL,State House,54,general,Maggie Trevor,Democratic,22447.0,49.95,False,False
2018,Illinois,IL,State House,55,general,Marty Moylan,Democratic,20449.0,55.63,True,True
2018,Illinois,IL,State House,55,general,Marilyn Smolenski,Republican,16308.0,44.37,False,False
2018,Illinois,IL,State House,56,general,Michelle Mussman,Democratic,21352.0,58.86,True,True
2018,Illinois,IL,State House,56,general,Jillian Rose Bernas,Republican,14923.0,41.14,False,False
2018,Illinois,IL,State House,57,general,Jonathan Carroll,Democratic,24446.0,100.0,True,True
2018,Illinois,IL,State House,58,general,Bob Morgan,Democratic,29974.0,63.81,True,False
2018,Illinois,IL,State House,58,general,"Fredric Bryan ""Rick"" Lesser",Republican,16998.0,36.19,False,False
2018,Illinois,IL,State House,59,general,Daniel Didech,Democratic,22038.0,61.34,True,False
2018,Illinois,IL,State House,59,general,Karen Feldman,Republican,13891.0,38.66,False,False
2018,Illinois,IL,State House,60,general,Rita Mayfield,Democratic,18694.0,100.0,True,True
2018,Illinois,IL,State House,61,general,Joyce Mason,Democratic,20015.0,51.58,True,False
2018,Illinois,IL,State House,61,general,Sheri Jesiel,Republican,18789.0,48.42,False,True
2018,Illinois,IL,State House,62,general,Sam Yingling,Democratic,19614.0,56.53,True,True
2018,Illinois,IL,State House,62,general,Ken Idstein,Republican,15082.0,43.47,False,False
2018,Illinois,IL,State House,63,general,Steven Reick,Republican,26121.0,100.0,True,True
2018,Illinois,IL,State House,64,general,Tom Weber,Republican,23929.0,56.72,True,False
2018,Illinois,IL,State House,64,general,Trisha Zubert,Democratic,18262.0,43.28,False,False
2018,Illinois,IL,State House,65,general,Dan Ugaste,Republican,26475.0,52.14,True,False
2018,Illinois,IL,State House,65,general,Richard Johnson,Democratic,24306.0,47.86,False,False
2018,Illinois,IL,State House,66,general,Allen Skillicorn,Republican,26940.0,100.0,True,True
2018,Illinois,IL,State House,67,general,Maurice A. West II,Democratic,18623.0,100.0,True,False
2018,Illinois,IL,State House,68,general,John M. Cabello,Republican,21052.0,51.31,True,True
2018,Illinois,IL,State House,68,general,Jake Castanza,Democratic,19980.0,48.69,False,False
2018,Illinois,IL,State House,69,general,Joe Sosnowski,Republican,24526.0,60.11,True,True
2018,Illinois,IL,State House,69,general,"Angelique ""Angie"" Bodine",Democratic,16277.0,39.89,False,False
2018,Illinois,IL,State House,70,general,Jeff Keicher,Republican,20307.0,51.72,True,True
2018,Illinois,IL,State House,70,general,Paul Stoddard,Democratic,18955.0,48.28,False,False
2018,Illinois,IL,State House,71,general,Tony M. McCombie,Republican,23870.0,58.68,True,True
2018,Illinois,IL,State House,71,general,Joan Padilla,Democratic,16805.0,41.32,False,False
2018,Illinois,IL,State House,72,general,Michael W. Halpin,Democratic,21966.0,62.04,True,True
2018,Illinois,IL,State House,72,general,Glen Evans Sr.,Republican,13440.0,37.96,False,False
2018,Illinois,IL,State House,73,general,Ryan Spain,Republican,38897.0,100.0,True,True
2018,Illinois,IL,State House,74,general,Daniel Swanson,Republican,36925.0,100.0,True,True
2018,Illinois,IL,State House,75,general,David Welter,Republican,34366.0,100.0,True,True
2018,Illinois,IL,State House,76,general,Lance Yednock,Democratic,21185.0,55.06,True,False
2018,Illinois,IL,State House,76,general,Jerry Lee Long,Republican,17293.0,44.94,False,True
2018,Illinois,IL,State House,77,general,Kathleen Willis,Democratic,15420.0,70.58,True,True
2018,Illinois,IL,State House,77,general,Anthony Airdo,Republican,6429.0,29.42,False,False
2018,Illinois,IL,State House,78,general,Camille Lilly,Democratic,36237.0,100.0,True,True
2018,Illinois,IL,State House,79,general,Lindsay Parkhurst,Republican,19702.0,56.13,True,True
2018,Illinois,IL,State House,79,general,Lisa M. Dugan,Democratic,15397.0,43.87,False,False
2018,Illinois,IL,State House,80,general,Anthony DeLuca,Democratic,32192.0,100.0,True,True
2018,Illinois,IL,State House,81,general,Anne M. Stava-Murray,Democratic,25124.0,50.94,True,False
2018,Illinois,IL,State House,81,general,David S. Olsen,Republican,24194.0,49.06,False,True
2018,Illinois,IL,State House,82,general,Jim Durkin,Republican,29672.0,61.82,True,True
2018,Illinois,IL,State House,82,general,Tom Chlystek,Democratic,18329.0,38.18,False,False
2018,Illinois,IL,State House,83,general,Linda Chapa LaVia,Democratic,15303.0,100.0,True,True
2018,Illinois,IL,State House,84,general,Stephanie A. Kifowit,Democratic,21057.0,66.24,True,True
2018,Illinois,IL,State House,84,general,Patty Smith,Republican,10733.0,33.76,False,False
2018,Illinois,IL,State House,85,general,John Connor,Democratic,26599.0,100.0,True,True
2018,Illinois,IL,State House,86,general,"Lawrence ""Larry"" Walsh Jr.",Democratic,21070.0,70.11,True,True
2018,Illinois,IL,State House,86,general,Rick Laib,Republican,8981.0,29.89,False,False
2018,Illinois,IL,State House,87,general,Tim Butler,Republican,34783.0,100.0,True,True
2018,Illinois,IL,State House,88,general,Keith P. Sommer,Republican,26126.0,58.66,True,True
2018,Illinois,IL,State House,88,general,Jill Blair,Democratic,18412.0,41.34,False,False
2018,Illinois,IL,State House,89,general,Andrew S. Chesney,Republican,25485.0,61.84,True,False
2018,Illinois,IL,State House,89,general,Nicholas P. Hyde,Democratic,15725.0,38.16,False,False
2018,Illinois,IL,State House,90,general,Tom Demmer,Republican,23690.0,61.18,True,True
2018,Illinois,IL,State House,90,general,Amy Davis,Democratic,15030.0,38.82,False,False
2018,Illinois,IL,State House,91,general,Mike Unes,Republican,22902.0,63.9,True,True
2018,Illinois,IL,State House,91,general,Carolyn Blodgett,Democratic,12915.0,36.1,False,False
2018,Illinois,IL,State House,92,general,Jehan Gordon-Booth,Democratic,26808.0,100.0,True,True
2018,Illinois,IL,State House,93,general,Norine Hammond,Republican,17870.0,52.2,True,True
2018,Illinois,IL,State House,93,general,John Curtis,Democratic,16365.0,47.8,False,False
2018,Illinois,IL,State House,94,general,Randy Frese,Republican,27858.0,71.6,True,True
2018,Illinois,IL,State House,94,general,Richard Cramsey,Democratic,11059.0,28.4,False,False
2018,Illinois,IL,State House,95,general,Avery Bourne,Republican,24551.0,59.82,True,True
2018,Illinois,IL,State House,95,general,Dillon Clark,Democratic,16488.0,40.17,False,False
2018,Illinois,IL,State House,96,general,Sue Scherer,Democratic,19882.0,60.73,True,True
2018,Illinois,IL,State House,96,general,Herman Senor,Republican,12845.0,39.24,False,False
2018,Illinois,IL,State House,97,general,Mark Batinick,Republican,22480.0,50.7,True,True
2018,Illinois,IL,State House,97,general,Mica Freeman,Democratic,21890.0,49.3,False,False
2018,Illinois,IL,State House,98,general,Natalie Manley,Democratic,24318.0,63.9,True,True
2018,Illinois,IL,State House,98,general,Alyssia Benford,Republican,13741.0,36.1,False,False
2018,Illinois,IL,State House,99,general,Mike Murphy,Republican,30909.0,58.8,True,False
2018,Illinois,IL,State House,99,general,Marc Bell,Democratic,21637.0,41.2,False,False
2018,Illinois,IL,State House,100,general,C. D. Davidsmeyer,Republican,33271.0,100.0,True,True
2018,Illinois,IL,State House,101,general,Dan Caulkins,Republican,33043.0,69.68,True,False
2018,Illinois,IL,State House,101,general,Jennifer McMillin,Democratic,14379.0,30.32,False,False
2018,Illinois,IL,State House,102,general,Brad Halbrook,Republican,35206.0,100.0,True,True
2018,Illinois,IL,State House,103,general,Carol Ammons,Democratic,30802.0,100.0,True,True
2018,Illinois,IL,State House,104,general,Mike Marron,Republican,20348.0,55.92,True,True
2018,Illinois,IL,State House,104,general,Cindy Cunningham,Democratic,16041.0,44.08,False,False
2018,Illinois,IL,State House,105,general,Dan Brady,Republican,26486.0,60.42,True,True
2018,Illinois,IL,State House,105,general,Ben Webb,Democratic,17349.0,39.58,False,False
2018,Illinois,IL,State House,106,general,Tom Bennett,Republican,32952.0,100.0,True,True
2018,Illinois,IL,State House,107,general,Blaine Wilhour,Republican,27112.0,69.71,True,False
2018,Illinois,IL,State House,107,general,David Seiler,Democratic,11779.0,30.29,False,False
2018,Illinois,IL,State House,108,general,Charles Meier,Republican,38987.0,100.0,True,True
2018,Illinois,IL,State House,109,general,Darren Bailey,Republican,30048.0,76.14,True,False
2018,Illinois,IL,State House,109,general,Cynthia Given,Democratic,9417.0,23.86,False,False
2018,Illinois,IL,State House,110,general,Chris Miller,Republican,23955.0,65.37,True,False
2018,Illinois,IL,State House,110,general,Shirley Bell,Democratic,12691.0,34.63,False,False
2018,Illinois,IL,State House,111,general,Monica Bristow,Democratic,19095.0,50.47,True,True
2018,Illinois,IL,State House,111,general,Mike Babcock,Republican,18739.0,49.53,False,False
2018,Illinois,IL,State House,112,general,Katie Stuart,Democratic,24807.0,55.07,True,True
2018,Illinois,IL,State House,112,general,Dwight Kay,Republican,20239.0,44.93,False,False
2018,Illinois,IL,State House,113,general,Jay Hoffman,Democratic,23919.0,62.88,True,True
2018,Illinois,IL,State House,113,general,Doug Jameson,Republican,14118.0,37.12,False,False
2018,Illinois,IL,State House,114,general,LaToya Greenwood,Democratic,21530.0,58.34,True,True
2018,Illinois,IL,State House,114,general,Jason Madlock,Republican,15373.0,41.66,False,False
2018,Illinois,IL,State House,115,general,Terri Bryant,Republican,24512.0,58.98,True,True
2018,Illinois,IL,State House,115,general,Marsha Griffin,Democratic,17050.0,41.02,False,False
2018,Illinois,IL,State House,116,general,Jerry Costello II,Democratic,22429.0,53.52,True,True
2018,Illinois,IL,State House,116,general,David Friess,Republican,19480.0,46.48,False,False
2018,Illinois,IL,State House,117,general,Dave Severin,Republican,25046.0,56.85,True,True
2018,Illinois,IL,State House,117,general,Jason Woolard,Democratic,19007.0,43.15,False,False
2018,Illinois,IL,State House,118,general,Patrick Windhorst,Republican,21956.0,56.46,True,False
2018,Illinois,IL,State House,118,general,Natalie Phelps Finnie,Democratic,16933.0,43.54,False,True
2018,Iowa,IA,State House,1,general,John Wills,Republican,10501.0,74.3,True,True
2018,Iowa,IA,State House,1,general,Karen Larson,Democratic,3617.0,25.6,False,False
2018,Iowa,IA,State House,2,general,Megan Jones,Republican,8241.0,66.0,True,True
2018,Iowa,IA,State House,2,general,Ryan Odor,Democratic,4231.0,33.9,False,False
2018,Iowa,IA,State House,3,general,Daniel Huseman,Republican,10694.0,99.1,True,False
2018,Iowa,IA,State House,4,general,Skyler Wheeler,Republican,11037.0,95.1,True,False
2018,Iowa,IA,State House,5,general,Thomas Jeneary,Republican,9774.0,76.8,True,True
2018,Iowa,IA,State House,5,general,Andrew Emanuel,Democratic,2949.0,23.2,False,False
2018,Iowa,IA,State House,6,general,Jacob Bossman,Republican,7092.0,56.4,True,True
2018,Iowa,IA,State House,6,general,Rita DeJong,Democratic,5469.0,43.5,False,False
2018,Iowa,IA,State House,7,general,Ted Gassman,Republican,7153.0,56.9,True,True
2018,Iowa,IA,State House,7,general,Debra Jenson,Democratic,5404.0,43.0,False,False
2018,Iowa,IA,State House,8,general,Terry Braxtor,Republican,8413.0,67.1,True,True
2018,Iowa,IA,State House,8,general,Connie Price,Democratic,4125.0,32.9,False,False
2018,Iowa,IA,State House,9,general,Ann Meyer,Republican,5604.0,51.7,True,False
2018,Iowa,IA,State House,9,general,Megan Srinivas,Democratic,5221.0,48.2,False,False
2018,Iowa,IA,State House,10,general,Mike Sexton,Republican,8595.0,67.0,True,True
2018,Iowa,IA,State House,10,general,Jake Thompson,Democratic,4211.0,32.8,False,False
2018,Iowa,IA,State House,10,general,Write-ins/others,Independent (politician),15.0,0.1,False,False
2018,Iowa,IA,State House,11,general,Gary Worthan,Republican,8376.0,97.8,True,True
2018,Iowa,IA,State House,12,general,Brian Best,Republican,8458.0,65.7,True,True
2018,Iowa,IA,State House,12,general,Peter Leo,Democratic,4402.0,34.3,False,False
2018,Iowa,IA,State House,13,general,Chris Hall,Democratic,6685.0,95.5,True,True
2018,Iowa,IA,State House,14,general,Tim Kacena,Democratic,4606.0,53.9,True,False
2018,Iowa,IA,State House,14,general,Robert Henderson,Republican,3936.0,46.0,False,False
2018,Iowa,IA,State House,15,general,Charlie McConkey,Democratic,4635.0,56.3,True,True
2018,Iowa,IA,State House,15,general,LeAnn Hughes,Republican,3590.0,43.6,False,False
2018,Iowa,IA,State House,16,general,Mary Ann Hanusa,Republican,4949.0,49.5,True,True
2018,Iowa,IA,State House,16,general,Steve Gorman,Democratic,4835.0,48.4,False,False
2018,Iowa,IA,State House,16,general,Steve Sechrest,Libertarian,208.0,2.1,False,False
2018,Iowa,IA,State House,16,general,Write-ins/others,Independent (politician),4.0,0.0,False,False
2018,Iowa,IA,State House,17,general,Matt Windschitl,Republican,8584.0,71.1,True,True
2018,Iowa,IA,State House,17,general,Jan Creasman,Democratic,3468.0,28.7,False,False
2018,Iowa,IA,State House,18,general,Steven Holt,Republican,8316.0,97.2,True,True
2018,Iowa,IA,State House,19,general,Chris Hagenow,Republican,10539.0,56.2,True,True
2018,Iowa,IA,State House,19,general,Gregg Gustafson,Democratic,7689.0,41.0,False,False
2018,Iowa,IA,State House,19,general,Richard Dedor,Independent (politician),498.0,2.7,False,False
2018,Iowa,IA,State House,19,general,Write-ins/others,Independent (politician),15.0,0.1,False,False
2018,Iowa,IA,State House,20,general,Roy Sorensen,Republican,7659.0,62.3,True,False
2018,Iowa,IA,State House,20,general,Warren Varley,Democratic,4625.0,37.6,False,False
2018,Iowa,IA,State House,21,general,Tom Moore,Republican,7932.0,65.7,True,True
2018,Iowa,IA,State House,21,general,Denise O'Brien,Democratic,4139.0,34.3,False,False
2018,Iowa,IA,State House,22,general,Jon Jacobson,Republican,9707.0,65.9,True,True
2018,Iowa,IA,State House,22,general,Ray Stevens,Democratic,5003.0,34.0,False,False
2018,Iowa,IA,State House,23,general,David Sieck,Republican,7931.0,66.1,True,True
2018,Iowa,IA,State House,23,general,Chuck Larson,Democratic,4060.0,33.8,False,False
2018,Iowa,IA,State House,24,general,Cecil Dolecheck,Republican,7709.0,67.7,True,True
2018,Iowa,IA,State House,24,general,James Uhlenkamp,Democratic,3666.0,32.2,False,False
2018,Iowa,IA,State House,25,general,Stan Gustafson,Republican,9420.0,59.2,True,True
2018,Iowa,IA,State House,25,general,Ryan Marquardt,Democratic,6470.0,40.7,False,False
2018,Iowa,IA,State House,26,general,Scott Ourth,Democratic,8195.0,55.4,True,True
2018,Iowa,IA,State House,26,general,Rebel Snodgrass,Republican,6572.0,44.4,False,False
2018,Iowa,IA,State House,27,general,Joel Fry,Republican,7691.0,69.0,True,True
2018,Iowa,IA,State House,27,general,Richard Foster,Democratic,3441.0,30.9,False,False
2018,Iowa,IA,State House,28,general,Jon Thorup,Republican,8132.0,64.1,True,False
2018,Iowa,IA,State House,28,general,Ann Fields,Democratic,4538.0,35.8,False,False
2018,Iowa,IA,State House,29,general,Wesley Breckenridge,Democratic,7620.0,58.7,True,True
2018,Iowa,IA,State House,29,general,Ann Howell,Republican,5354.0,41.2,False,False
2018,Iowa,IA,State House,30,general,Brian Lohse,Republican,9463.0,56.1,True,False
2018,Iowa,IA,State House,30,general,Kent Balduchi,Democratic,7378.0,43.8,False,False
2018,Iowa,IA,State House,31,general,Rick Olson,Democratic,8576.0,100.0,True,True
2018,Iowa,IA,State House,32,general,Ruth Ann Gaines,Democratic,6250.0,70.2,True,True
2018,Iowa,IA,State House,32,general,William Charlier,Republican,2388.0,26.8,False,False
2018,Iowa,IA,State House,32,general,ToyA S. Johnson,Libertarian,250.0,2.8,False,False
2018,Iowa,IA,State House,33,general,Brian Meyer,Democratic,6886.0,67.6,True,True
2018,Iowa,IA,State House,33,general,Gregory Malone,Republican,3283.0,32.2,False,False
2018,Iowa,IA,State House,34,general,Bruce Hunter,Democratic,7930.0,67.4,True,True
2018,Iowa,IA,State House,34,general,Jerry Cheevers,Republican,3229.0,27.5,False,False
2018,Iowa,IA,State House,34,general,Marrianna Collins,Libertarian,590.0,5.0,False,False
2018,Iowa,IA,State House,35,general,Ako Abdul-Samad,Democratic,5682.0,77.8,True,True
2018,Iowa,IA,State House,35,general,John Callahan,Libertarian,1552.0,21.3,False,False
2018,Iowa,IA,State House,36,general,Marti Anderson,Democratic,11246.0,80.3,True,True
2018,Iowa,IA,State House,36,general,Joseph Howe,Libertarian,2687.0,19.2,False,False
2018,Iowa,IA,State House,37,general,John Landon,Republican,10428.0,52.0,True,True
2018,Iowa,IA,State House,37,general,Andrew Rasmussen,Democratic,9618.0,47.9,False,False
2018,Iowa,IA,State House,38,general,Heather Matson,Democratic,8216.0,51.5,True,False
2018,Iowa,IA,State House,38,general,Kevin Koester,Republican,7710.0,48.2,False,True
2018,Iowa,IA,State House,39,general,Karin Derry,Democratic,9658.0,49.8,True,False
2018,Iowa,IA,State House,39,general,Jake Highfill,Republican,9353.0,48.3,False,True
2018,Iowa,IA,State House,39,general,Anthony Junk,Libertarian,362.0,1.9,False,False
2018,Iowa,IA,State House,40,general,John Forbes,Democratic,11565.0,96.8,True,True
2018,Iowa,IA,State House,41,general,Jo Oldson,Democratic,12279.0,84.8,True,True
2018,Iowa,IA,State House,41,general,Claudia Addy,Independent (politician),2109.0,14.6,False,False
2018,Iowa,IA,State House,42,general,Kristin Sunde,Democratic,8346.0,53.8,True,False
2018,Iowa,IA,State House,42,general,Peter Cownie,Republican,7155.0,46.1,False,True
2018,Iowa,IA,State House,43,general,Jennifer Konfrst,Democratic,8852.0,56.7,True,False
2018,Iowa,IA,State House,43,general,Micheal Boel,Republican,6431.0,41.2,False,False
2018,Iowa,IA,State House,43,general,Chad Brewbaker,Libertarian,318.0,2.0,False,False
2018,Iowa,IA,State House,44,general,Kenan Judge,Democratic,11169.0,51.7,True,False
2018,Iowa,IA,State House,44,general,Anna Bergman,Republican,9959.0,46.1,False,False
2018,Iowa,IA,State House,44,general,Gabriel Thomson,Libertarian,469.0,2.2,False,False
2018,Kentucky,KY,State House,49,special general,Linda H. Belcher,Democratic,3386.0,68.4,True,False
2018,Kentucky,KY,State House,49,special general,Rebecca Johnson,Republican,1561.0,31.6,False,False
2018,Kentucky,KY,State House,89,special general,Robert Goforth,Republican,2809.0,66.8,True,False
2018,Kentucky,KY,State House,89,special general,Kelly Smith,Democratic,1399.0,33.2,False,False
2018,Kentucky,KY,State House,1,general,Steven Rudy,Republican,11050.0,66.99,True,True
2018,Kentucky,KY,State House,1,general,Desiree Owen,Democratic,5445.0,33.01,False,False
2018,Kentucky,KY,State House,2,general,Richard Heath,Republican,10880.0,68.85,True,True
2018,Kentucky,KY,State House,2,general,Charlotte Goddard,Democratic,4922.0,31.15,False,False
2018,Kentucky,KY,State House,3,general,Randy Bridges,Republican,7484.0,53.32,True,False
2018,Kentucky,KY,State House,3,general,Martha B. Emmons,Democratic,6553.0,46.68,False,False
2018,Kentucky,KY,State House,4,general,Lynn Bechler,Republican,10003.0,63.45,True,True
2018,Kentucky,KY,State House,4,general,Abigail C. Barnes,Democratic,5763.0,36.55,False,False
2018,Kentucky,KY,State House,5,general,Larry Elkins,Republican,9326.0,58.05,True,False
2018,Kentucky,KY,State House,5,general,David Ramey,Democratic,6739.0,41.95,False,False
2018,Kentucky,KY,State House,6,general,Chris Freeland,Republican,12236.0,64.53,True,False
2018,Kentucky,KY,State House,6,general,Linda Story Edwards,Democratic,6727.0,35.47,False,False
2018,Kentucky,KY,State House,7,general,Suzanne Miles,Republican,10723.0,61.54,True,True
2018,Kentucky,KY,State House,7,general,Joy Gray,Democratic,6702.0,38.46,False,False
2018,Kentucky,KY,State House,8,general,Walker Thomas,Republican,5282.0,52.31,True,True
2018,Kentucky,KY,State House,8,general,Jeffery R. Taylor,Democratic,4815.0,47.69,False,False
2018,Kentucky,KY,State House,9,general,Myron Dossett,Republican,7795.0,69.78,True,True
2018,Kentucky,KY,State House,9,general,William Coleman,Democratic,3376.0,30.22,False,False
2018,Kentucky,KY,State House,10,general,Dean Schamore,Democratic,8573.0,51.67,True,True
2018,Kentucky,KY,State House,10,general,Josh Calloway,Republican,8018.0,48.33,False,False
2018,Kentucky,KY,State House,11,general,Rob Wiederstein,Democratic,7994.0,53.78,True,False
2018,Kentucky,KY,State House,11,general,James Buckmaster,Republican,6870.0,46.22,False,False
2018,Kentucky,KY,State House,12,general,Jim Gooch Jr.,Republican,10854.0,63.75,True,True
2018,Kentucky,KY,State House,12,general,Bruce Kunze,Democratic,6171.0,36.25,False,False
2018,Kentucky,KY,State House,13,general,Jim Glenn,Democratic,6319.0,50.0,True,False
2018,Kentucky,KY,State House,13,general,DJ Johnson,Republican,6318.0,50.0,False,True
2018,Kentucky,KY,State House,14,general,Scott Lewis,Republican,11757.0,70.86,True,False
2018,Kentucky,KY,State House,14,general,Elizabeth M. Belcher,Democratic,4836.0,29.14,False,False
2018,Kentucky,KY,State House,15,general,Melinda Gibbons Prunty,Republican,8530.0,53.54,True,True
2018,Kentucky,KY,State House,15,general,Brent Yonts,Democratic,7402.0,46.46,False,False
2018,Kentucky,KY,State House,16,general,Jason Petrie,Republican,10041.0,87.18,True,True
2018,Kentucky,KY,State House,16,general,Robert R. Nelson,Write-in Candidate,1477.0,12.82,False,False
2018,Kentucky,KY,State House,17,general,Steve Sheldon,Republican,12721.0,68.58,True,False
2018,Kentucky,KY,State House,17,general,Malcolm Cherry,Democratic,5828.0,31.42,False,False
2018,Kentucky,KY,State House,18,general,Tim Moore,Republican,10210.0,68.61,True,True
2018,Kentucky,KY,State House,18,general,Donielle M. Lovell,Democratic,4672.0,31.39,False,False
2018,Kentucky,KY,State House,19,general,Michael Meredith,Republican,9313.0,61.49,True,True
2018,Kentucky,KY,State House,19,general,"William ""Bill"" Fishback",Democratic,5832.0,38.51,False,False
2018,Kentucky,KY,State House,20,general,Patti Minter,Democratic,6253.0,53.49,True,False
2018,Kentucky,KY,State House,20,general,Benjamin T. Lawson,Republican,5436.0,46.51,False,False
2018,Kentucky,KY,State House,21,general,Bart Rowland,Republican,10907.0,71.15,True,True
2018,Kentucky,KY,State House,21,general,Jarrett Cox,Democratic,4422.0,28.85,False,False
2018,Kentucky,KY,State House,22,general,Wilson Stone,Democratic,7952.0,52.56,True,True
2018,Kentucky,KY,State House,22,general,"Brian ""Tiger"" Gann",Republican,7178.0,47.44,False,False
2018,Kentucky,KY,State House,23,general,Steve Riley,Republican,11019.0,72.01,True,True
2018,Kentucky,KY,State House,23,general,LaToya Drake,Democratic,4282.0,27.99,False,False
2018,Kentucky,KY,State House,24,general,Brandon Reed,Republican,8981.0,56.78,True,True
2018,Kentucky,KY,State House,24,general,Terry Mills,Democratic,6837.0,43.22,False,False
2018,Kentucky,KY,State House,25,general,Jim DuPlessis,Republican,8889.0,58.95,True,True
2018,Kentucky,KY,State House,25,general,Tom Williamson,Democratic,6191.0,41.05,False,False
2018,Kentucky,KY,State House,26,general,Russell Webber,Republican,10330.0,99.37,True,True
2018,Kentucky,KY,State House,26,general,Scott Matthew Hrebicik,Write-in Candidate,65.0,0.63,False,False
2018,Kentucky,KY,State House,27,general,Nancy Tate,Republican,6938.0,50.02,True,False
2018,Kentucky,KY,State House,27,general,Jeff Greer,Democratic,6932.0,49.98,False,True
2018,Kentucky,KY,State House,28,general,Charles Miller,Democratic,8405.0,100.0,True,True
2018,Kentucky,KY,State House,29,general,Kevin Bratcher,Republican,10570.0,53.33,True,True
2018,Kentucky,KY,State House,29,general,Ronel A. Brown,Democratic,9251.0,46.67,False,False
2018,Kentucky,KY,State House,30,general,Tom Burch,Democratic,9935.0,75.51,True,True
2018,Kentucky,KY,State House,30,general,Christina O'Connor,Republican,3223.0,24.49,False,False
2018,Kentucky,KY,State House,31,general,Josie Raymond,Democratic,10512.0,59.68,True,False
2018,Kentucky,KY,State House,31,general,Leigh Boland Jones,Republican,7101.0,40.32,False,False
2018,Kentucky,KY,State House,32,general,Tina Bojanowski,Democratic,10243.0,53.57,True,False
2018,Kentucky,KY,State House,32,general,Phil Moffett,Republican,8877.0,46.43,False,True
2018,Kentucky,KY,State House,33,general,Jason Nemes,Republican,11056.0,51.0,True,True
2018,Kentucky,KY,State House,33,general,Rob Walker,Democratic,10624.0,49.0,False,False
2018,Kentucky,KY,State House,34,general,Mary Lou Marzian,Democratic,17049.0,74.9,True,True
2018,Kentucky,KY,State House,34,general,Robert James Douglas,Republican,5714.0,25.1,False,False
2018,Kentucky,KY,State House,35,general,Lisa Willner,Democratic,10279.0,68.11,True,False
2018,Kentucky,KY,State House,35,general,Donna D. Lawlor,Republican,4812.0,31.89,False,False
2018,Kentucky,KY,State House,36,general,Jerry T. Miller,Republican,13869.0,58.26,True,True
2018,Kentucky,KY,State House,36,general,Maurice M. Sweeney,Democratic,9936.0,41.74,False,False
2018,Kentucky,KY,State House,37,general,Jeffery Donohue,Democratic,6356.0,58.61,True,True
2018,Kentucky,KY,State House,37,general,Katharine Sweeton-Windsor,Republican,4489.0,41.39,False,False
2018,Kentucky,KY,State House,38,general,McKenzie Cantrell,Democratic,7116.0,62.73,True,True
2018,Kentucky,KY,State House,38,general,Karl Licht,Republican,4228.0,37.27,False,False
2018,Kentucky,KY,State House,39,general,Russ Meyer,Democratic,12099.0,100.0,True,True
2018,Kentucky,KY,State House,40,general,Nima Kulkarni,Democratic,8619.0,74.15,True,False
2018,Kentucky,KY,State House,40,general,Joshua Neubert,Republican,3004.0,25.85,False,False
2018,Kentucky,KY,State House,41,general,Attica Scott,Democratic,10933.0,100.0,True,True
2018,Kentucky,KY,State House,42,general,Reginald Meeks,Democratic,13617.0,88.84,True,True
2018,Kentucky,KY,State House,42,general,Judy Martin Stallard,Republican,1710.0,11.16,False,False
2018,Kentucky,KY,State House,43,general,Charles Booker,Democratic,10798.0,76.46,True,False
2018,Kentucky,KY,State House,43,general,Everett C. Corley,Republican,3005.0,21.28,False,False
2018,Kentucky,KY,State House,43,general,John Hicks,Libertarian,319.0,2.26,False,False
2018,Kentucky,KY,State House,44,general,Joni Jenkins,Democratic,9505.0,68.64,True,True
2018,Kentucky,KY,State House,44,general,Margaret Adkins,Republican,4343.0,31.36,False,False
2018,Kentucky,KY,State House,45,general,Stan Lee,Republican,11789.0,51.17,True,True
2018,Kentucky,KY,State House,45,general,Josh Hicks,Democratic,11250.0,48.83,False,False
2018,Kentucky,KY,State House,46,general,Al Gentry,Democratic,8754.0,61.52,True,True
2018,Kentucky,KY,State House,46,general,James Stansbury,Republican,5475.0,38.48,False,False
2018,Kentucky,KY,State House,47,general,Rick Rand,Democratic,8644.0,54.81,True,True
2018,Kentucky,KY,State House,47,general,Mark A. Gilkison,Republican,7128.0,45.19,False,False
2018,Kentucky,KY,State House,48,general,Maria Sorolis,Democratic,11851.0,50.7,True,False
2018,Kentucky,KY,State House,48,general,Ken Fleming,Republican,11525.0,49.3,False,True
2018,Kentucky,KY,State House,49,general,Thomas Huff,Republican,8680.0,59.41,True,False
2018,Kentucky,KY,State House,49,general,Linda H. Belcher,Democratic,5930.0,40.59,False,True
2018,Kentucky,KY,State House,50,general,Chad McCoy,Republican,9129.0,55.28,True,True
2018,Kentucky,KY,State House,50,general,James DeWeese,Democratic,7386.0,44.72,False,False
2018,Kentucky,KY,State House,51,general,"John ""Bam"" Carney",Republican,12174.0,84.79,True,True
2018,Kentucky,KY,State House,51,general,Richard Steele,Write-in Candidate,2184.0,15.21,False,False
2018,Kentucky,KY,State House,52,general,Ken Upchurch,Republican,10188.0,72.97,True,True
2018,Kentucky,KY,State House,52,general,Richard Steele,Democratic,3774.0,27.03,False,False
2018,Kentucky,KY,State House,53,general,James Tipton,Republican,13813.0,71.14,True,True
2018,Kentucky,KY,State House,53,general,Dustin Burley,Democratic,5605.0,28.86,False,False
2018,Kentucky,KY,State House,54,general,Daniel Elliott,Republican,10360.0,77.31,True,True
2018,Kentucky,KY,State House,54,general,Lydia Coffey,Democratic,3041.0,22.69,False,False
2018,Kentucky,KY,State House,55,general,Kim King,Republican,12919.0,65.69,True,True
2018,Kentucky,KY,State House,55,general,Cathy Carter,Democratic,6747.0,34.31,False,False
2018,Kentucky,KY,State House,56,general,Joe Graviss,Democratic,11343.0,57.56,True,False
2018,Kentucky,KY,State House,56,general,Daniel A. Fister,Republican,8365.0,42.44,False,False
2018,Kentucky,KY,State House,57,general,Derrick Graham,Democratic,11726.0,64.78,True,True
2018,Kentucky,KY,State House,57,general,Calen R. Studler,Republican,6374.0,35.22,False,False
2018,Kentucky,KY,State House,58,general,Rob Rothenburger,Republican,11131.0,64.33,True,True
2018,Kentucky,KY,State House,58,general,Bobby Lacer,Democratic,6171.0,35.67,False,False
2018,Kentucky,KY,State House,59,general,David Osborne,Republican,12259.0,60.87,True,True
2018,Kentucky,KY,State House,59,general,Diane Seaman,Democratic,7303.0,36.26,False,False
2018,Kentucky,KY,State House,59,general,Samantha Nicole Gerges,Independent,579.0,2.87,False,False
2018,Kentucky,KY,State House,60,general,Sal Santoro,Republican,11759.0,66.4,True,True
2018,Kentucky,KY,State House,60,general,Jesse Parks,Democratic,5951.0,33.6,False,False
2018,Kentucky,KY,State House,61,general,Savannah Maddox,Republican,11312.0,67.77,True,False
2018,Kentucky,KY,State House,61,general,Darrell L. Link,Democratic,5379.0,32.23,False,False
2018,Kentucky,KY,State House,62,general,Phillip Pratt,Republican,11228.0,57.83,True,True
2018,Kentucky,KY,State House,62,general,Jennifer Urie,Democratic,8187.0,42.17,False,False
2018,Kentucky,KY,State House,63,general,Diane St. Onge,Republican,10903.0,59.77,True,True
2018,Kentucky,KY,State House,63,general,Josh Blair,Democratic,7340.0,40.23,False,False
2018,Kentucky,KY,State House,64,general,Kimberly Poore Moser,Republican,10728.0,66.7,True,True
2018,Kentucky,KY,State House,64,general,Larry Varney,Democratic,5357.0,33.3,False,False
2018,Kentucky,KY,State House,65,general,Buddy Wheatley,Democratic,6045.0,58.79,True,False
2018,Kentucky,KY,State House,65,general,Jordan Huizenga,Republican,3848.0,37.42,False,False
2018,Kentucky,KY,State House,65,general,Alyssa Dara McDowell,Independent,389.0,3.78,False,False
2018,Kentucky,KY,State House,66,general,C. Ed Massey,Republican,9262.0,55.3,True,False
2018,Kentucky,KY,State House,66,general,Roberto Henriquez,Democratic,4497.0,26.85,False,False
2018,Kentucky,KY,State House,66,general,Stacie Earl,Independent,2658.0,15.87,False,False
2018,Kentucky,KY,State House,66,general,Lex Hannan,Libertarian,328.0,1.96,False,False
2018,Kentucky,KY,State House,66,general,Brett Wesseling,Write-in,5.0,0.03,False,False
2018,Kentucky,KY,State House,67,general,Dennis Keene,Democratic,7288.0,59.78,True,True
2018,Kentucky,KY,State House,67,general,Bob Schrage,Republican,4904.0,40.22,False,False
2018,Kentucky,KY,State House,68,general,Joseph Fischer,Republican,12311.0,60.81,True,True
2018,Kentucky,KY,State House,68,general,Jason Kilmer,Democratic,7933.0,39.19,False,False
2018,Kentucky,KY,State House,69,general,Adam Koenig,Republican,7222.0,55.4,True,True
2018,Kentucky,KY,State House,69,general,Col Owens,Democratic,5815.0,44.6,False,False
2018,Kentucky,KY,State House,70,general,John Sims Jr.,Democratic,11029.0,100.0,True,True
2018,Kentucky,KY,State House,71,general,Travis Brenda,Republican,13172.0,78.47,True,False
2018,Kentucky,KY,State House,71,general,Mary J. Renfro,Democratic,3613.0,21.53,False,False
2018,Kentucky,KY,State House,72,general,Matthew Koch,Republican,8578.0,51.28,True,False
2018,Kentucky,KY,State House,72,general,Emily Ferguson,Democratic,7889.0,47.16,False,False
2018,Kentucky,KY,State House,72,general,Ann Cormican,Libertarian,260.0,1.55,False,False
2018,Kentucky,KY,State House,73,general,Les Yates,Republican,10856.0,64.28,True,False
2018,Kentucky,KY,State House,73,general,Pat Banks,Democratic,6032.0,35.72,False,False
2018,Kentucky,KY,State House,74,general,David Hale,Republican,9163.0,51.24,True,True
2018,Kentucky,KY,State House,74,general,James E. Davis,Democratic,8718.0,48.76,False,False
2018,Kentucky,KY,State House,75,general,Kelly Flood,Democratic,11258.0,100.0,True,True
2018,Kentucky,KY,State House,76,general,Ruth Ann Palumbo,Democratic,11377.0,65.2,True,True
2018,Kentucky,KY,State House,76,general,Richard Marrs,Republican,6073.0,34.8,False,False
2018,Kentucky,KY,State House,77,general,George A. Brown Jr.,Democratic,10319.0,75.89,True,True
2018,Kentucky,KY,State House,77,general,Marianne Weiss,Republican,3270.0,24.05,False,False
2018,Kentucky,KY,State House,77,general,George Alexander III.,Write-in,8.0,0.06,False,False
2018,Kentucky,KY,State House,78,general,Mark Hart,Republican,8192.0,59.51,True,True
2018,Kentucky,KY,State House,78,general,Gregory E. J. Coulson,Democratic,5574.0,40.49,False,False
2018,Kentucky,KY,State House,79,general,Susan Westrom,Democratic,11732.0,67.04,True,True
2018,Kentucky,KY,State House,79,general,Joshua Irvin,Republican,5769.0,32.96,False,False
2018,Kentucky,KY,State House,80,general,David Meade,Republican,10861.0,100.0,True,True
2018,Kentucky,KY,State House,81,general,Deanna Frazier,Republican,8111.0,50.07,True,False
2018,Kentucky,KY,State House,81,general,Morgan H Eaves,Democratic,8087.0,49.93,False,False
2018,Kentucky,KY,State House,82,general,Regina Bunch,Republican,9041.0,76.25,True,True
2018,Kentucky,KY,State House,82,general,Stefanie J. E. Kingsley,Democratic,2816.0,23.75,False,False
2018,Kentucky,KY,State House,83,general,Jeff Hoover,Republican,14167.0,100.0,True,True
2018,Kentucky,KY,State House,84,general,Chris Fugate,Republican,7992.0,55.66,True,True
2018,Kentucky,KY,State House,84,general,Tom R. Pope,Democratic,6367.0,44.34,False,False
2018,Kentucky,KY,State House,85,general,Tommy Turner,Republican,11019.0,89.16,True,True
2018,Kentucky,KY,State House,85,general,Mona Hampton-Eldridge,Write-in,1340.0,10.84,False,False
2018,Kentucky,KY,State House,86,general,Jim Stewart,Republican,10257.0,79.54,True,True
2018,Kentucky,KY,State House,86,general,Debra Ferguson Payne,Democratic,2639.0,20.46,False,False
2018,Kentucky,KY,State House,87,general,Adam Bowling,Republican,8153.0,75.1,True,False
2018,Kentucky,KY,State House,87,general,Dustin Allen,Democratic,2703.0,24.9,False,False
2018,Kentucky,KY,State House,88,general,Cherlynn Stevenson,Democratic,12378.0,50.1,True,False
2018,Kentucky,KY,State House,88,general,Bill Farmer Jr.,Republican,12330.0,49.9,False,False
2018,Kentucky,KY,State House,89,general,Robert Goforth,Republican,11615.0,75.73,True,True
2018,Kentucky,KY,State House,89,general,Kelly Smith,Democratic,3722.0,24.27,False,False
2018,Kentucky,KY,State House,90,general,Derek Lewis,Republican,10097.0,100.0,True,False
2018,Kentucky,KY,State House,91,general,Cluster Howard,Democratic,7385.0,50.02,True,False
2018,Kentucky,KY,State House,91,general,Toby Herald,Republican,7378.0,49.98,False,True
2018,Kentucky,KY,State House,92,general,John Blanton,Republican,8120.0,57.16,True,True
2018,Kentucky,KY,State House,92,general,Ryan D. Mosley,Democratic,6086.0,42.84,False,False
2018,Kentucky,KY,State House,93,general,Chris Harris,Democratic,7096.0,61.04,True,True
2018,Kentucky,KY,State House,93,general,Norma Kirk McCormick,Republican,4529.0,38.96,False,False
2018,Kentucky,KY,State House,94,general,Angie Hatton,Democratic,10036.0,100.0,True,True
2018,Kentucky,KY,State House,95,general,Ashley Tackett Laferty,Democratic,8154.0,57.72,True,False
2018,Kentucky,KY,State House,95,general,Larry D. Brown,Republican,5974.0,42.28,False,True
2018,Kentucky,KY,State House,96,general,Kathy L. Hinkle,Democratic,7136.0,50.02,True,False
2018,Kentucky,KY,State House,96,general,Jill York,Republican,7131.0,49.98,False,True
2018,Kentucky,KY,State House,97,general,Bobby McCool,Republican,8514.0,57.77,True,False
2018,Kentucky,KY,State House,97,general,Craig Lindon,Democratic,6225.0,42.23,False,False
2018,Kentucky,KY,State House,98,general,Danny Bentley,Republican,8131.0,55.4,True,True
2018,Kentucky,KY,State House,98,general,R. B. McKenzie,Democratic,6547.0,44.6,False,False
2018,Kentucky,KY,State House,99,general,Rocky Adkins,Democratic,9871.0,100.0,True,True
2018,Kentucky,KY,State House,100,general,Terri Branham Clark,Democratic,7497.0,53.88,True,False
2018,Kentucky,KY,State House,100,general,Brian Clark,Republican,6418.0,46.12,False,False
2018,Maine,ME,State House,1,general,Deane Rykerson,Democratic,2914.0,70.13,True,True
2018,Maine,ME,State House,1,general,Andrew Howard,Green,1241.0,29.87,False,False
2018,Maine,ME,State House,2,general,Michele Meyer,Democratic,3045.0,62.16,True,False
2018,Maine,ME,State House,2,general,Dan Ammons,Republican,1854.0,37.86,False,False
2018,Maine,ME,State House,3,general,Lydia Blume,Democratic,3272.0,60.22,True,True
2018,Maine,ME,State House,3,general,Allyson Cavaretta,Republican,2161.0,39.78,False,False
2018,Maine,ME,State House,4,general,Patricia Hymanson,Democratic,2902.0,58.51,True,True
2018,Maine,ME,State House,4,general,Bradley Moulton,Republican,2058.0,41.49,False,False
2018,Maine,ME,State House,5,general,Beth O'Connor,Republican,1941.0,51.36,True,True
2018,Maine,ME,State House,5,general,Charles Galemmo,Democratic,1356.0,35.88,False,False
2018,Maine,ME,State House,5,general,Noah Cobb,Independent,482.0,12.75,False,False
2018,Maine,ME,State House,6,general,Tiffany Roberts-Lovell,Democratic,2400.0,58.1,True,False
2018,Maine,ME,State House,6,general,Manley Gove,Republican,1731.0,41.9,False,False
2018,Maine,ME,State House,7,general,Daniel Hobbs,Democratic,2820.0,52.65,True,False
2018,Maine,ME,State House,7,general,John Howarth,Republican,2536.0,47.45,False,False
2018,Maine,ME,State House,8,general,Christopher Babbidge,Democratic,3501.0,65.07,True,True
2018,Maine,ME,State House,8,general,Bradley Ducharme,Republican,1879.0,34.93,False,False
2018,Maine,ME,State House,9,general,Diane Denk,Democratic,2857.0,59.02,True,False
2018,Maine,ME,State House,9,general,Roger Seavey,Republican,1984.0,40.98,False,False
2018,Maine,ME,State House,10,general,Henry Ingwersen,Democratic,2374.0,51.74,True,False
2018,Maine,ME,State House,10,general,James Booth,Republican,2214.0,48.26,False,False
2018,Maine,ME,State House,11,general,Ryan Fecteau,Democratic,2395.0,62.03,True,True
2018,Maine,ME,State House,11,general,Emily Rousseau,Republican,1466.0,37.97,False,False
2018,Maine,ME,State House,12,general,Victoria Foley,Democratic,2389.0,100.0,True,False
2018,Maine,ME,State House,13,general,Lori Gramlich,Democratic,2775.0,59.5,True,False
2018,Maine,ME,State House,13,general,Sharri MacDonald,Republican,1889.0,40.5,False,False
2018,Maine,ME,State House,14,general,Donna Bailey,Democratic,2609.0,57.1,True,True
2018,Maine,ME,State House,14,general,Stephen DuPuis,Republican,1282.0,28.06,False,False
2018,Maine,ME,State House,14,general,Frederick Samp,Independent,678.0,14.84,False,False
2018,Maine,ME,State House,15,general,Margaret O'Neil,Democratic,2747.0,62.87,True,True
2018,Maine,ME,State House,15,general,Joseph Lynch,Republican,1622.0,37.13,False,False
2018,Maine,ME,State House,16,general,Donald Marean,Republican,2710.0,56.17,True,True
2018,Maine,ME,State House,16,general,David Durrell,Democratic,2115.0,43.83,False,False
2018,Maine,ME,State House,17,general,Dwayne W. Prescott,Republican,3022.0,100.0,True,True
2018,Maine,ME,State House,18,general,Anne-Marie Mastraccio,Democratic,1583.0,58.28,True,True
2018,Maine,ME,State House,18,general,Pamela Buck,Republican,1133.0,41.72,False,False
2018,Maine,ME,State House,19,general,Matthew Harrington,Republican,1879.0,55.99,True,True
2018,Maine,ME,State House,19,general,Jeremy Mele,Democratic,1477.0,44.01,False,False
2018,Maine,ME,State House,20,general,Theodore Kryzak,Republican,2215.0,57.41,True,False
2018,Maine,ME,State House,20,general,Daniel Lauzon,Democratic,1643.0,42.59,False,False
2018,Maine,ME,State House,21,general,Heidi Sampson,Republican,2296.0,52.6,True,True
2018,Maine,ME,State House,21,general,Kelcy McNamara,Democratic,1700.0,38.95,False,False
2018,Maine,ME,State House,21,general,Justin Reinhardt,Green,369.0,8.45,False,False
2018,Maine,ME,State House,22,general,Mark Blier,Republican,2259.0,53.42,True,False
2018,Maine,ME,State House,22,general,Richard Fitzgerald,Democratic,1970.0,46.58,False,False
2018,Maine,ME,State House,23,general,Lester Ordway,Republican,2298.0,54.52,True,True
2018,Maine,ME,State House,23,general,Timothy Goodwin,Democratic,1917.0,45.48,False,False
2018,Maine,ME,State House,24,general,Mark Bryant,Democratic,2337.0,54.39,True,True
2018,Maine,ME,State House,24,general,Thomas Tyler,Republican,1960.0,45.61,False,False
2018,Maine,ME,State House,25,general,Patrick Corey,Republican,2222.0,56.15,True,True
2018,Maine,ME,State House,25,general,Jennie Butler,Democratic,1735.0,43.85,False,False
2018,Maine,ME,State House,26,general,Maureen Terry,Democratic,3306.0,100.0,True,True
2018,Maine,ME,State House,27,general,Andrew McLean,Democratic,3056.0,59.59,True,True
2018,Maine,ME,State House,27,general,Roger Densmore,Republican,2072.0,40.41,False,False
2018,Maine,ME,State House,28,general,Christopher Caiazzo,Democratic,2792.0,53.11,True,False
2018,Maine,ME,State House,28,general,Linwood Higgins,Republican,2476.0,46.89,False,False
2018,Maine,ME,State House,29,general,Shawn Babine,Democratic,3001.0,53.56,True,False
2018,Maine,ME,State House,29,general,Karen Vachon,Republican,2602.0,46.44,False,True
2018,Maine,ME,State House,30,general,Anne Carney,Democratic,4028.0,75.15,True,False
2018,Maine,ME,State House,30,general,Charles Rich,Republican,1332.0,24.85,False,False
2018,Maine,ME,State House,31,general,Lois Galgay Reckitt,Democratic,4017.0,79.07,True,True
2018,Maine,ME,State House,31,general,Kenneth Decatur,Republican,1063.0,20.93,False,False
2018,Maine,ME,State House,32,general,Christopher Kessler,Democratic,3192.0,72.55,True,False
2018,Maine,ME,State House,32,general,Tammy Walter,Republican,1308.0,27.45,False,False
2018,Maine,ME,State House,33,general,Victoria Morales,Democratic,2638.0,74.44,True,False
2018,Maine,ME,State House,33,general,Christopher Hoy,Republican,906.0,25.56,False,False
2018,Maine,ME,State House,34,general,Andrew Gattine,Democratic,3322.0,100.0,True,True
2018,Maine,ME,State House,35,general,Ann Peoples,Democratic,2682.0,62.39,True,False
2018,Maine,ME,State House,35,general,James Bourque,Republican,1617.0,37.61,False,False
2018,Maine,ME,State House,36,general,Michael F. Brennan,Democratic,2617.0,77.61,True,False
2018,Maine,ME,State House,36,general,Samuel Ledue,Republican,755.0,22.39,False,False
2018,Maine,ME,State House,37,general,Richard Farnsworth,Democratic,2974.0,88.38,True,True
2018,Maine,ME,State House,37,general,Justin Pollard,Independent,381.0,11.62,False,False
2018,Maine,ME,State House,38,general,Matthew Moonen,Democratic,4235.0,100.0,True,True
2018,Maine,ME,State House,39,general,Michael Sylvester,Democratic,4270.0,86.63,True,True
2018,Maine,ME,State House,39,general,Peter Doyle,Republican,659.0,13.37,False,False
2018,Maine,ME,State House,40,general,Rachel Talbot Ross,Democratic,3134.0,100.0,True,True
2018,Maine,ME,State House,41,general,Erik Jorgensen,Democratic,4021.0,100.0,True,True
2018,Maine,ME,State House,42,general,Benjamin Collings,Democratic,3293.0,77.72,True,True
2018,Maine,ME,State House,42,general,Susan Abercrombie,Republican,944.0,22.28,False,False
2018,Maine,ME,State House,43,general,W. Edward Crockett,Democratic,4161.0,100.0,True,False
2018,Maine,ME,State House,44,general,Teresa Pierce,Democratic,3474.0,59.36,True,True
2018,Maine,ME,State House,44,general,Sarah Sandlin,Republican,2090.0,35.71,False,False
2018,Maine,ME,State House,44,general,Kathryn Schrock,Green,288.0,4.92,False,False
2018,Maine,ME,State House,45,general,Dale Denno,Democratic,3731.0,65.02,True,True
2018,Maine,ME,State House,45,general,Tamsin Thomas,Republican,2007.0,34.98,False,False
2018,Maine,ME,State House,46,general,Braden Sharpe,Democratic,2652.0,50.76,True,False
2018,Maine,ME,State House,46,general,Paul Chace,Republican,2573.0,49.24,False,True
2018,Maine,ME,State House,47,general,Janice Cooper,Democratic,2987.0,53.13,True,True
2018,Maine,ME,State House,47,general,Dennis Welsh,Independent,2635.0,46.87,False,False
2018,Maine,ME,State House,48,general,Sara Gideon,Democratic,4003.0,73.54,True,True
2018,Maine,ME,State House,48,general,Paul Schulz,Republican,1440.0,26.46,False,False
2018,Maine,ME,State House,49,general,Mattie Daughtry,Democratic,3848.0,70.76,True,True
2018,Maine,ME,State House,49,general,Michael Stevens,Republican,1590.0,29.24,False,False
2018,Maine,ME,State House,50,general,Ralph Tucker,Democratic,3612.0,75.56,True,True
2018,Maine,ME,State House,50,general,Michael Lawler,Republican,1168.0,24.44,False,False
2018,Maine,ME,State House,51,general,Joyce McCreight,Democratic,3115.0,60.8,True,True
2018,Maine,ME,State House,51,general,Sean Hall,Republican,2008.0,39.2,False,False
2018,Maine,ME,State House,52,general,Jennifer DeChant,Democratic,2959.0,71.61,True,True
2018,Maine,ME,State House,52,general,Bil Weidner,Republican,1173.0,28.39,False,False
2018,Maine,ME,State House,53,general,Allison Hepler,Democratic,2583.0,51.16,True,False
2018,Maine,ME,State House,53,general,Jeffrey Pierce,Republican,2466.0,48.84,False,True
2018,Maine,ME,State House,54,general,Denise Tepler,Democratic,3273.0,63.66,True,True
2018,Maine,ME,State House,54,general,Leon Brillant,Republican,1868.0,36.34,False,False
2018,Maine,ME,State House,55,general,Seth Berry,Democratic,2667.0,56.35,True,True
2018,Maine,ME,State House,55,general,Guy Lebida,Republican,2066.0,43.65,False,False
2018,Maine,ME,State House,56,general,Richard Mason,Republican,2390.0,60.57,True,True
2018,Maine,ME,State House,56,general,Martha Poliquin,Democratic,1556.0,39.43,False,False
2018,Maine,ME,State House,57,general,Thomas Martin,Republican,2526.0,62.85,True,False
2018,Maine,ME,State House,57,general,Eryn Gilchrist,Democratic,1493.0,37.15,False,False
2018,Maine,ME,State House,58,general,James R. Handy,Democratic,2019.0,50.51,True,True
2018,Maine,ME,State House,58,general,Denise Hurilla,Republican,1978.0,49.49,False,False
2018,Maine,ME,State House,59,general,Margaret Craven,Democratic,2503.0,58.18,True,False
2018,Maine,ME,State House,59,general,John Reeder,Republican,1799.0,41.82,False,False
2018,Maine,ME,State House,60,general,Kristen Cloutier,Democratic,2040.0,75.86,True,False
2018,Maine,ME,State House,60,general,Leslie Dubois,Republican,649.0,24.14,False,False
2018,Maine,ME,State House,61,general,Heidi Brooks,Democratic,1350.0,52.41,True,True
2018,Maine,ME,State House,61,general,Michael Lachance,Republican,1004.0,38.98,False,False
2018,Maine,ME,State House,61,general,Luke Jensen,Independent,150.0,5.82,False,False
2018,Maine,ME,State House,61,general,Kimberly Pfusch,Green,72.0,2.8,False,False
2018,Maine,ME,State House,62,general,Gina Melaragno,Democratic,1943.0,100.0,True,True
2018,Maine,ME,State House,63,general,Bruce Bickford,Republican,2403.0,59.26,True,True
2018,Maine,ME,State House,63,general,Brian Carrier,Democratic,1652.0,40.74,False,False
2018,Maine,ME,State House,64,general,Bettyann Sheats,Democratic,2497.0,56.89,True,True
2018,Maine,ME,State House,64,general,Michael Travers,Republican,1892.0,43.11,False,False
2018,Maine,ME,State House,65,general,Amy Arata,Republican,2368.0,54.26,True,False
2018,Maine,ME,State House,65,general,Misty Coolidge,Democratic,1996.0,45.74,False,False
2018,Maine,ME,State House,66,general,Jessica Fay,Democratic,2507.0,56.75,True,True
2018,Maine,ME,State House,66,general,Gregory Foster,Republican,1987.0,43.25,False,False
2018,Maine,ME,State House,67,general,Susan Austin,Republican,2417.0,53.11,True,True
2018,Maine,ME,State House,67,general,Anne Gass,Independent,2134.0,46.89,False,False
2018,Maine,ME,State House,68,general,Richard Cebra,Republican,2410.0,52.7,True,True
2018,Maine,ME,State House,68,general,Janice Barter,Democratic,2163.0,47.3,False,False
2018,Maine,ME,State House,69,general,Walter Riseman,Independent,2420.0,55.01,True,False
2018,Maine,ME,State House,69,general,Tony Lorrain,Republican,1979.0,44.99,False,False
2018,Maine,ME,State House,70,general,Nathan Wadsworth,Republican,2213.0,53.91,True,True
2018,Maine,ME,State House,70,general,Warren Richardson,Democratic,1892.0,46.09,False,False
2018,Maine,ME,State House,71,general,H. Sawin Millett,Republican,2159.0,52.48,True,False
2018,Maine,ME,State House,71,general,Doretta Colburn,Democratic,1755.0,47.52,False,False
2018,Maine,ME,State House,72,general,Kathleen Dillingham,Republican,2241.0,58.1,True,True
2018,Maine,ME,State House,72,general,Raymond Cote,Democratic,953.0,24.7,False,False
2018,Maine,ME,State House,72,general,Dennis O'Connor,Independent,665.0,17.2,False,False
2018,Maine,ME,State House,73,general,John Andrews,Republican,2054.0,58.35,True,False
2018,Maine,ME,State House,73,general,Robert Faunce,Democratic,1466.0,41.65,False,False
2018,Maine,ME,State House,74,general,Christina Riley,Democratic,2251.0,52.87,True,True
2018,Maine,ME,State House,74,general,Robert Staples,Republican,1498.0,47.13,False,False
2018,Maine,ME,State House,75,general,Joshua Morris,Republican,2212.0,52.87,True,False
2018,Maine,ME,State House,75,general,John Nutting,Democratic,1972.0,47.13,False,False
2018,Maine,ME,State House,76,general,Dennis Keschl,Republican,2562.0,51.88,True,False
2018,Maine,ME,State House,76,general,Carol Carothers,Democratic,2324.0,48.12,False,False
2018,Maine,ME,State House,77,general,Michael D. Perkins,Republican,3601.0,100.0,True,True
2018,Maine,ME,State House,78,general,Catherine Nadeau,Democratic,2153.0,55.63,True,True
2018,Maine,ME,State House,78,general,Benjamin Twitchell,Republican,1717.0,44.37,False,False
2018,Maine,ME,State House,79,general,Timothy Theriault,Republican,2366.0,60.9,True,True
2018,Maine,ME,State House,79,general,Dawn Castner,Democratic,1140.0,29.34,False,False
2018,Maine,ME,State House,79,general,Lindsey Harwath,Independent,379.0,9.76,False,False
2018,Maine,ME,State House,80,general,Richard Bradstreet,Republican,2312.0,56.57,True,True
2018,Maine,ME,State House,80,general,Stephen Ball,Democratic,1775.0,43.43,False,False
2018,Maine,ME,State House,81,general,Craig Hickman,Democratic,3120.0,100.0,True,True
2018,Maine,ME,State House,82,general,Kent Ackley,Independent,2155.0,50.19,True,True
2018,Maine,ME,State House,82,general,Randall Greenwood,Republican,2139.0,49.81,False,False
2018,Maine,ME,State House,83,general,Thomas Harnett,Democratic,2164.0,54.36,True,False
2018,Maine,ME,State House,83,general,Denis Coutts,Republican,1817.0,45.64,False,False
2018,Maine,ME,State House,84,general,Charlotte Warren,Democratic,2421.0,51.07,True,True
2018,Maine,ME,State House,84,general,Earle McCormick,Republican,2320.0,48.93,False,False
2018,Maine,ME,State House,85,general,Donna Doore,Democratic,2274.0,62.54,True,True
2018,Maine,ME,State House,85,general,James Glusker,Republican,1362.0,37.46,False,False
2018,Maine,ME,State House,86,general,Justin Fecteau,Republican,1682.0,51.06,True,False
2018,Maine,ME,State House,86,general,Jennifer Day,Democratic,1612.0,48.94,False,False
2018,Maine,ME,State House,87,general,Jeffery Hanley,Republican,2416.0,53.39,True,True
2018,Maine,ME,State House,87,general,Jason Putnam,Democratic,2109.0,46.61,False,False
2018,Maine,ME,State House,88,general,Chloe Maxmin,Democratic,2272.0,52.52,True,False
2018,Maine,ME,State House,88,general,Michael Lemelin,Republican,2054.0,47.48,False,False
2018,Maine,ME,State House,89,general,Holly Stover,Democratic,2624.0,51.57,True,False
2018,Maine,ME,State House,89,general,Stephanie Hawke,Republican,2464.0,48.43,False,True
2018,Maine,ME,State House,90,general,Michael Devin,Democratic,3363.0,65.35,True,True
2018,Maine,ME,State House,90,general,Richard Van Knowe,Republican,1783.0,34.65,False,False
2018,Maine,ME,State House,91,general,Jeffrey Evangelos,Independent,2168.0,51.58,True,False
2018,Maine,ME,State House,91,general,Abden Simmons,Republican,2035.0,48.42,False,True
2018,Maine,ME,State House,92,general,Ann Matlack,Democratic,2346.0,54.86,True,False
2018,Maine,ME,State House,92,general,Justin Thompson,Republican,1930.0,45.14,False,False
2018,Maine,ME,State House,93,general,Anne Beebe-Center,Democratic,2408.0,61.97,True,True
2018,Maine,ME,State House,93,general,Maynard Stanley,Republican,1478.0,38.03,False,False
2018,Maine,ME,State House,94,general,Victoria Doudera,Democratic,2970.0,52.43,True,False
2018,Maine,ME,State House,94,general,Owen Casas,Independent,2695.0,47.57,False,True
2018,Maine,ME,State House,95,general,William Pluecker,Independent,2259.0,54.41,True,False
2018,Maine,ME,State House,95,general,Paula Sutton,Republican,1893.0,45.59,False,True
2018,Maine,ME,State House,96,general,Stanley Zeigler,Democratic,2644.0,55.31,True,True
2018,Maine,ME,State House,96,general,Robert Currier,Republican,2136.0,44.69,False,False
2018,Maine,ME,State House,97,general,Janice Dodge,Democratic,3440.0,72.7,True,False
2018,Maine,ME,State House,97,general,Bevelyn Beatty,Republican,1292.0,27.3,False,False
2018,Maine,ME,State House,98,general,Scott Cuddy,Democratic,2338.0,54.82,True,False
2018,Maine,ME,State House,98,general,Brian Kresge,Republican,1927.0,45.18,False,False
2018,Maine,ME,State House,99,general,MaryAnne Kinney,Republican,2125.0,51.88,True,True
2018,Maine,ME,State House,99,general,April Turner,Democratic,1971.0,48.12,False,False
2018,Maine,ME,State House,100,general,Danny Costain,Republican,2456.0,67.49,True,False
2018,Maine,ME,State House,100,general,Frederick Austin,Democratic,1183.0,32.51,False,False
2018,Maine,ME,State House,101,general,David Haggan,Republican,2514.0,58.14,True,True
2018,Maine,ME,State House,101,general,James Davitt,Democratic,1542.0,35.66,False,False
2018,Maine,ME,State House,101,general,Robin Downs,Green,268.0,6.19,False,False
2018,Maine,ME,State House,102,general,Abigail Griffin,Republican,2432.0,65.84,True,False
2018,Maine,ME,State House,102,general,Kimberly Hammill,Democratic,1262.0,34.16,False,False
2018,Maine,ME,State House,103,general,Roger Reed,Republican,2955.0,100.0,True,True
2018,Maine,ME,State House,104,general,Steven Foster,Republican,2881.0,100.0,True,False
2018,Maine,ME,State House,105,general,Joel Stetkis,Republican,2398.0,65.75,True,False
2018,Maine,ME,State House,105,general,John Clark,Democratic,1249.0,34.25,False,False
2018,Maine,ME,State House,106,general,Scott Strom,Republican,1672.0,52.04,True,True
2018,Maine,ME,State House,106,general,Stanley Short,Democratic,1541.0,47.96,False,False
2018,Maine,ME,State House,107,general,Betty Austin,Democratic,1752.0,54.31,True,True
2018,Maine,ME,State House,107,general,Anne Amadon,Republican,1474.0,45.69,False,False
2018,Maine,ME,State House,108,general,Shelley Rudnicki,Republican,1988.0,58.2,True,False
2018,Maine,ME,State House,108,general,Aaron Rowden,Democratic,1428.0,41.8,False,False
2018,Maine,ME,State House,109,general,Bruce White,Democratic,2369.0,67.78,True,False
2018,Maine,ME,State House,109,general,Karen Rancourt-Thomas,Republican,1126.0,32.22,False,False
2018,Maine,ME,State House,110,general,Colleen Madigan,Democratic,1992.0,61.22,True,True
2018,Maine,ME,State House,110,general,Mark Andre,Republican,1262.0,38.78,False,False
2018,Maine,ME,State House,111,general,Philip Curtis,Republican,2114.0,57.24,True,False
2018,Maine,ME,State House,111,general,Katherine Wilder,Democratic,1579.0,42.76,False,False
2018,Maine,ME,State House,112,general,Thomas Skolfield,Republican,2607.0,65.58,True,True
2018,Maine,ME,State House,112,general,Cynthia Soma-Hernandez,Democratic,1386.0,44.42,False,False
2018,Maine,ME,State House,113,general,H. Scott Landry,Democratic,2381.0,58.46,True,False
2018,Maine,ME,State House,113,general,Paul Brown,Republican,1692.0,41.54,False,False
2018,Maine,ME,State House,114,general,Randall Hall,Republican,2184.0,54.21,True,False
2018,Maine,ME,State House,114,general,Cherieann Harrison,Democratic,1437.0,35.67,False,False
2018,Maine,ME,State House,114,general,Maitland Lord,Independent,408.0,10.13,False,False
2018,Maine,ME,State House,115,general,Josanne Dolloff,Republican,1883.0,54.31,True,False
2018,Maine,ME,State House,115,general,John Madigan,Democratic,1649.0,46.69,False,True
2018,Maine,ME,State House,116,general,Richard Pickett,Republican,2367.0,73.85,True,True
2018,Maine,ME,State House,116,general,Benjamin McCollister,Democratic,1340.0,36.15,False,False
2018,Maine,ME,State House,117,general,Frances Head,Republican,2497.0,50.82,True,True
2018,Maine,ME,State House,117,general,Stephanie LeBlanc,Democratic,2416.0,49.18,False,False
2018,Maine,ME,State House,118,general,Chad Grignon,Republican,2219.0,64.19,True,True
2018,Maine,ME,State House,118,general,John Thiele,Democratic,1238.0,35.81,False,False
2018,Maine,ME,State House,119,general,Paul Stearns,Republican,2324.0,58.84,True,True
2018,Maine,ME,State House,119,general,Tyler Adkins,Independent,1499.0,37.95,False,False
2018,Maine,ME,State House,119,general,Jaco Deertrack,Green,127.0,3.21,False,False
2018,Maine,ME,State House,120,general,Norman Higgins,Independent,1853.0,54.55,True,True
2018,Maine,ME,State House,120,general,Richard Evans,Democratic,1544.0,45.45,False,False
2018,Maine,ME,State House,121,general,Gary Drinkwater,Republican,2143.0,61.14,True,False
2018,Maine,ME,State House,121,general,Terri Casavant,Democratic,1208.0,34.47,False,False
2018,Maine,ME,State House,121,general,Bonnie Young,Independent,154.0,4.39,False,False
2018,Maine,ME,State House,122,general,Michelle Dunphy,Democratic,2238.0,69.78,True,True
2018,Maine,ME,State House,122,general,Delaina Toothman,Republican,969.0,30.22,False,False
2018,Maine,ME,State House,123,general,Ryan Tipping,Democratic,2736.0,76.38,True,True
2018,Maine,ME,State House,123,general,Derek Jones,Republican,846.0,23.62,False,False
2018,Maine,ME,State House,124,general,Aaron Frey,Democratic,2346.0,63.3,True,True
2018,Maine,ME,State House,124,general,Daniel LaPointe,Republican,1360.0,36.7,False,False
2018,Maine,ME,State House,125,general,Victoria Kornfield,Democratic,1978.0,58.89,True,True
2018,Maine,ME,State House,125,general,Gary Capehart,Republican,1186.0,35.31,False,False
2018,Maine,ME,State House,125,general,Cody Blackburn,Libertarian,195.0,5.81,False,False
2018,Maine,ME,State House,126,general,John Schneck,Democratic,1443.0,56.54,True,True
2018,Maine,ME,State House,126,general,Joshua Hiatt,Republican,1100.0,43.46,False,False
2018,Maine,ME,State House,127,general,Barbara Cardone,Democratic,2028.0,54.09,True,True
2018,Maine,ME,State House,127,general,Carrie Mae Smith,Independent,1142.0,45.91,False,False
2018,Maine,ME,State House,128,general,Arthur Verow,Democratic,1957.0,52.2,True,False
2018,Maine,ME,State House,128,general,Garrel Craig,Republican,1792.0,47.8,False,True
2018,Maine,ME,State House,129,general,Peter Lyford,Republican,2734.0,100.0,True,True
2018,Maine,ME,State House,130,general,Richard Campbell,Republican,2506.0,59.91,True,True
2018,Maine,ME,State House,130,general,Michael Reynolds,Democratic,1677.0,40.09,False,False
2018,Maine,ME,State House,131,general,Sherman Hutchins,Republican,2474.0,53.18,True,False
2018,Maine,ME,State House,131,general,Nathalie Arruda,Democratic,2178.0,46.82,False,False
2018,Maine,ME,State House,132,general,Nicole Grohoski,Democratic,2396.0,54.33,True,False
2018,Maine,ME,State House,132,general,Mark Remick,Republican,2014.0,45.67,False,False
2018,Maine,ME,State House,133,general,Sarah Pebworth,Democratic,3039.0,63.34,True,False
2018,Maine,ME,State House,133,general,Nancy Colwell,Republican,1759.0,36.66,False,False
2018,Maine,ME,State House,134,general,Genevieve McDonald,Democratic,3111.0,70.53,True,False
2018,Maine,ME,State House,134,general,Philip Brady,Republican,1300.0,29.47,False,False
2018,Maine,ME,State House,135,general,Brian Hubbell,Democratic,3913.0,75.06,True,True
2018,Maine,ME,State House,135,general,Maurice Marshall,Republican,1300.0,24.94,False,False
2018,Maine,ME,State House,136,general,William Faulkingham,Republican,2308.0,57.53,True,False
2018,Maine,ME,State House,136,general,Kylie Bragdon,Democratic,1704.0,42.47,False,False
2018,Maine,ME,State House,137,general,Lawrence Lockman,Republican,2084.0,59.17,True,True
2018,Maine,ME,State House,137,general,Douglas Bunker,Democratic,1468.0,40.83,False,False
2018,Maine,ME,State House,138,general,Robert Alley,Democratic,2056.0,55.92,True,True
2018,Maine,ME,State House,138,general,Kimberley Robinson,Republican,1621.0,44.08,False,False
2018,Maine,ME,State House,139,general,William Tuell,Republican,2708.0,71.11,True,True
2018,Maine,ME,State House,139,general,Lisa Hanscom,Democratic,1100.0,28.89,False,False
2018,Maine,ME,State House,140,general,Anne Perry,Democratic,1957.0,60.22,True,True
2018,Maine,ME,State House,140,general,Arthur Carter,Republican,1293.0,39.78,False,False
2018,Maine,ME,State House,141,general,Kathy Javner,Republican,2517.0,73.64,True,False
2018,Maine,ME,State House,141,general,Donald Green,Democratic,901.0,26.36,False,False
2018,Maine,ME,State House,142,general,Sheldon Hanington,Republican,2034.0,63.21,True,True
2018,Maine,ME,State House,142,general,Patricia Nobel,Democratic,1184.0,36.79,False,False
2018,Maine,ME,State House,143,general,Stephen Stanley,Democratic,2185.0,58.96,True,True
2018,Maine,ME,State House,143,general,Galen Hale,Republican,1521.0,41.04,False,False
2018,Maine,ME,State House,144,general,Gregory Swallow,Republican,1773.0,55.05,True,False
2018,Maine,ME,State House,144,general,Ted Sussman,Democratic,1481.0,44.95,False,False
2018,Maine,ME,State House,145,general,Chris Johansen,Republican,2281.0,66.52,True,True
2018,Maine,ME,State House,145,general,Laura Farnsworth,Democratic,1148.0,33.48,False,False
2018,Maine,ME,State House,146,general,Dustin White,Republican,2456.0,65.25,True,True
2018,Maine,ME,State House,146,general,Sarah LeClaire,Democratic,1308.0,34.75,False,False
2018,Maine,ME,State House,147,general,"Harold ""Trey"" Stewart III",Republican,1737.0,58.04,True,True
2018,Maine,ME,State House,147,general,Robert Saucier,Democratic,1256.0,41.96,False,False
2018,Maine,ME,State House,148,general,David McCrea,Democratic,2240.0,66.39,True,True
2018,Maine,ME,State House,148,general,Katherine Schupbach,Republican,1134.0,33.61,False,False
2018,Maine,ME,State House,149,general,John DeVeau,Republican,2649.0,100.0,True,False
2018,Maine,ME,State House,150,general,Roland Martin,Democratic,2272.0,60.65,True,True
2018,Maine,ME,State House,150,general,Aaron Cyr,Republican,1474.0,39.35,False,False
2018,Maine,ME,State House,151,general,John L. Martin,Democratic,2254.0,59.3,True,True
2018,Maine,ME,State House,151,general,Kevin Bushey,Republican,1527.0,40.7,False,False
2018,Maryland,MD,State House,1A,general,Wendell R. Beitzel,Republican,11149.0,77.6,True,True
2018,Maryland,MD,State House,1A,general,Michael Dreisbach,Democratic,3190.0,22.2,False,False
2018,Maryland,MD,State House,1B,general,Jason C. Buckel,Republican,8074.0,62.6,True,True
2018,Maryland,MD,State House,1B,general,Penny Lyn Walker,Democratic,4826.0,37.4,False,False
2018,Maryland,MD,State House,1C,general,Mike McKay,Republican,10228.0,82.1,True,True
2018,Maryland,MD,State House,1C,general,Daniel DelMonte,Green,2177.0,17.5,False,False
2018,Maryland,MD,State House,2A,general,Neil Parrott,Republican,22422.0,40.0,True,True
2018,Maryland,MD,State House,2A,general,William J. Wivell,Republican,19453.0,34.7,True,True
2018,Maryland,MD,State House,2A,general,Andrew J. Barnhart,Green,7371.0,13.1,False,False
2018,Maryland,MD,State House,2A,general,Charlotte McBrearty,Green,6683.0,11.9,False,False
2018,Maryland,MD,State House,2B,general,Paul D. Corderman,Republican,5457.0,51.9,True,True
2018,Maryland,MD,State House,2B,general,"Peter E. Perini, Sr.",Democratic,5028.0,47.8,False,False
2018,Maryland,MD,State House,3A,general,Karen Lewis Young,Democratic,18725.0,31.4,True,True
2018,Maryland,MD,State House,3A,general,Carol L. Krimm,Democratic,18705.0,31.3,True,True
2018,Maryland,MD,State House,3A,general,Mike Bowersox,Republican,11157.0,18.7,False,False
2018,Maryland,MD,State House,3A,general,James Dvorak,Republican,9568.0,16.0,False,False
2018,Maryland,MD,State House,3A,general,Jeremy Harbaugh,Libertarian,1492.0,2.5,False,False
2018,Maryland,MD,State House,3B,general,Kenneth P. Kerr,Democratic,10091.0,52.4,True,False
2018,Maryland,MD,State House,3B,general,William Folden,Republican,9168.0,47.6,False,True
2018,Maryland,MD,State House,4,general,Dan Cox,Republican,33303.0,20.6,True,False
2018,Maryland,MD,State House,4,general,Barrie Ciliberti,Republican,31817.0,19.7,True,True
2018,Maryland,MD,State House,4,general,Jesse Pippy,Republican,31071.0,19.2,True,False
2018,Maryland,MD,State House,4,general,Lois Jarman,Democratic,22807.0,14.1,False,False
2018,Maryland,MD,State House,4,general,Ysela Bravo,Democratic,21901.0,13.6,False,False
2018,Maryland,MD,State House,4,general,Darrin Ryan Smith,Democratic,20462.0,12.7,False,False
2018,Maryland,MD,State House,5,general,Susan W. Krebs,Republican,39236.0,30.9,True,True
2018,Maryland,MD,State House,5,general,April Rose,Republican,33991.0,26.8,True,True
2018,Maryland,MD,State House,5,general,Haven Shoemaker,Republican,33658.0,26.5,True,True
2018,Maryland,MD,State House,5,general,Emily Shank,Democratic,19484.0,15.4,False,False
2018,Maryland,MD,State House,6,general,Robert B. Long,Republican,18291.0,19.7,True,True
2018,Maryland,MD,State House,6,general,Robin Grammer Jr.,Republican,18084.0,19.5,True,True
2018,Maryland,MD,State House,6,general,Richard W. Metzgar,Republican,17803.0,19.2,True,True
2018,Maryland,MD,State House,6,general,Nicholas C. D'Adamo Jr.,Democratic,12847.0,13.9,False,False
2018,Maryland,MD,State House,6,general,Megan Ann Mioduszewski,Democratic,12213.0,13.2,False,False
2018,Maryland,MD,State House,6,general,Diane DeCarlo,Democratic,12000.0,12.9,False,False
2018,Maryland,MD,State House,6,general,Michael J. Lyden,Libertarian,1459.0,1.6,False,False
2018,Maryland,MD,State House,7,general,Kathy Szeliga,Republican,38617.0,25.4,True,True
2018,Maryland,MD,State House,7,general,Lauren Arikan,Republican,35476.0,23.3,True,False
2018,Maryland,MD,State House,7,general,Richard Impallaria,Republican,34223.0,22.5,True,True
2018,Maryland,MD,State House,7,general,Allison Berkowitz,Democratic,19550.0,12.8,False,False
2018,Maryland,MD,State House,7,general,Gordon Koerner,Democratic,15614.0,10.3,False,False
2018,Maryland,MD,State House,7,general,Ryan Sullivan,Green,8443.0,5.5,False,False
2018,Maryland,MD,State House,8,general,Eric M. Bromwell,Democratic,22485.0,18.0,True,True
2018,Maryland,MD,State House,8,general,Harry Bhandari,Democratic,22094.0,17.7,True,False
2018,Maryland,MD,State House,8,general,Joseph C. Boteler III,Republican,20802.0,16.7,True,False
2018,Maryland,MD,State House,8,general,Carl W. Jackson,Democratic,20232.0,16.2,False,False
2018,Maryland,MD,State House,8,general,Joe Cluster,Republican,20084.0,16.1,False,True
2018,Maryland,MD,State House,8,general,Joe Norman,Republican,18898.0,15.2,False,False
2018,Maryland,MD,State House,9A,general,Trent Kittleman,Republican,24531.0,30.6,True,True
2018,Maryland,MD,State House,9A,general,Warren E. Miller,Republican,19563.0,24.4,True,True
2018,Maryland,MD,State House,9A,general,Natalie Ziegler,Democratic,18891.0,23.6,False,False
2018,Maryland,MD,State House,9A,general,Steven M. Bolen,Democratic,17019.0,21.3,False,False
2018,Maryland,MD,State House,9B,general,Courtney Watson,Democratic,11742.0,57.4,True,False
2018,Maryland,MD,State House,9B,general,Robert Flanagan,Republican,8680.0,42.4,False,True
2018,Maryland,MD,State House,10,general,Adrienne A. Jones,Democratic,33830.0,27.4,True,True
2018,Maryland,MD,State House,10,general,Benjamin Brooks,Democratic,33066.0,26.8,True,True
2018,Maryland,MD,State House,10,general,Jay Jalisi,Democratic,32587.0,26.4,True,True
2018,Maryland,MD,State House,10,general,George H. Harman,Republican,8525.0,6.9,False,False
2018,Maryland,MD,State House,10,general,Brian Marcos,Republican,7706.0,6.2,False,False
2018,Maryland,MD,State House,10,general,Matthew Kaliszak,Republican,7458.0,6.0,False,False
2018,Maryland,MD,State House,11,general,Jon S. Cardin,Democratic,33077.0,29.3,True,False
2018,Maryland,MD,State House,11,general,Shelly L. Hettleman,Democratic,31957.0,28.3,True,True
2018,Maryland,MD,State House,11,general,Dana Stein,Democratic,30364.0,26.9,True,True
2018,Maryland,MD,State House,11,general,Jonathan Porter,Republican,16852.0,14.9,False,False
2018,Maryland,MD,State House,12,general,Eric Ebersole,Democratic,30478.0,22.7,True,True
2018,Maryland,MD,State House,12,general,Jessica Feldmark,Democratic,29427.0,21.9,True,False
2018,Maryland,MD,State House,12,general,Terri L. Hill,Democratic,29313.0,21.8,True,True
2018,Maryland,MD,State House,12,general,Melanie Harris,Republican,16536.0,12.3,False,False
2018,Maryland,MD,State House,12,general,Bob Cockey,Republican,15141.0,11.3,False,False
2018,Maryland,MD,State House,12,general,Michael Russell,Republican,13509.0,10.0,False,False
2018,Maryland,MD,State House,13,general,Vanessa Atterbeary,Democratic,39470.0,30.7,True,True
2018,Maryland,MD,State House,13,general,Shane Pendergrass,Democratic,36519.0,28.4,True,True
2018,Maryland,MD,State House,13,general,Jennifer R. Terrasa,Democratic,34921.0,27.1,True,False
2018,Maryland,MD,State House,13,general,Chris Yates,Republican,17258.0,12.3,False,False
2018,Maryland,MD,State House,14,general,Anne Kaiser,Democratic,37733.0,24.5,True,True
2018,Maryland,MD,State House,14,general,Pamela E. Queen,Democratic,35991.0,23.4,True,True
2018,Maryland,MD,State House,14,general,Eric Luedtke,Democratic,35104.0,22.8,True,True
2018,Maryland,MD,State House,14,general,Patricia Fenati,Republican,15895.0,10.3,False,False
2018,Maryland,MD,State House,14,general,Kevin Dorrance,Republican,14546.0,9.5,False,False
2018,Maryland,MD,State House,14,general,Michael A. Ostroff,Republican,14347.0,9.3,False,False
2018,Maryland,MD,State House,15,general,Kathleen Dumais,Democratic,36331.0,24.6,True,True
2018,Maryland,MD,State House,15,general,Lily Qi,Democratic,34888.0,23.6,True,False
2018,Maryland,MD,State House,15,general,David Fraser-Hidalgo,Democratic,33808.0,22.9,True,True
2018,Maryland,MD,State House,15,general,Laurie Halverson,Republican,15678.0,10.6,False,False
2018,Maryland,MD,State House,15,general,Harvey Jacobs,Republican,14096.0,9.5,False,False
2018,Maryland,MD,State House,15,general,Marc A. King,Republican,12993.0,8.8,False,False
2018,Maryland,MD,State House,16,general,Ariana Kelly,Democratic,45617.0,30.6,True,True
2018,Maryland,MD,State House,16,general,Marc Korman,Democratic,43861.0,29.4,True,True
2018,Maryland,MD,State House,16,general,Sara N. Love,Democratic,43760.0,29.4,True,False
2018,Maryland,MD,State House,16,general,Bill Day,Republican,15321.0,10.3,False,False
2018,Maryland,MD,State House,17,general,Kumar P. Barve,Democratic,32544.0,30.5,True,True
2018,Maryland,MD,State House,17,general,James W. Gilchrist,Democratic,32156.0,30.1,True,True
2018,Maryland,MD,State House,17,general,Julie Palakovich Carr,Democratic,31508.0,29.5,True,False
2018,Maryland,MD,State House,17,general,George Ivan Hernandez,Republican,10228.0,9.6,False,False
2018,Maryland,MD,State House,18,general,Emily Shetty,Democratic,36284.0,30.4,True,False
2018,Maryland,MD,State House,18,general,Alfred C. Carr Jr.,Democratic,35988.0,30.1,True,True
2018,Maryland,MD,State House,18,general,Jared Solomon,Democratic,33476.0,28.0,True,False
2018,Maryland,MD,State House,18,general,Linda Willard,Republican,9836.0,8.2,False,False
2018,Maryland,MD,State House,18,general,Jon Cook,Green,3547.0,3.0,False,False
2018,Maryland,MD,State House,19,general,Charlotte Crutchfield,Democratic,34507.0,25.7,True,False
2018,Maryland,MD,State House,19,general,Bonnie Cullison,Democratic,33690.0,25.1,True,True
2018,Maryland,MD,State House,19,general,Vaughn Stewart,Democratic,32636.0,24.3,True,False
2018,Maryland,MD,State House,19,general,Dave Pasti,Republican,12234.0,9.1,False,False
2018,Maryland,MD,State House,19,general,Martha Schaerr,Republican,10651.0,7.9,False,False
2018,Maryland,MD,State House,19,general,Helen Domenici,Republican,10460.0,7.8,False,False
2018,Maryland,MD,State House,20,general,David Moon,Democratic,38892.0,35.0,True,True
2018,Maryland,MD,State House,20,general,Jheanelle Wilkins,Democratic,36750.0,33.1,True,True
2018,Maryland,MD,State House,20,general,Lorig Charkoudian,Democratic,34749.0,31.3,True,False
2018,Maryland,MD,State House,21,general,Ben Barnes,Democratic,27567.0,26.3,True,True
2018,Maryland,MD,State House,21,general,Joseline Peña-Melnyk,Democratic,26889.0,25.7,True,True
2018,Maryland,MD,State House,21,general,Mary A. Lehman,Democratic,26809.0,25.6,True,False
2018,Maryland,MD,State House,21,general,Richard Douglas,Republican,8519.0,8.1,False,False
2018,Maryland,MD,State House,21,general,Chike Anyanwu,Republican,8313.0,7.9,False,False
2018,Maryland,MD,State House,21,general,Ray Ranker,Independent,6472.0,6.2,False,False
2018,Maryland,MD,State House,22,general,Tawanna P. Gaines,Democratic,29461.0,33.6,True,True
2018,Maryland,MD,State House,22,general,Alonzo T. Washington,Democratic,27401.0,31.2,True,True
2018,Maryland,MD,State House,22,general,Anne Healey,Democratic,26209.0,29.9,True,True
2018,Maryland,MD,State House,22,general,Winnie Obike,Republican,4416.0,5.0,False,False
2018,Maryland,MD,State House,23A,general,Geraldine Valentino-Smith,Democratic,12002.0,74.9,True,True
2018,Maryland,MD,State House,23A,general,Kathleen Kositzky Crank,Republican,2336.0,14.6,False,False
2018,Maryland,MD,State House,23A,general,Shabnam Ahmed (write-in),Democratic,1642.0,10.2,False,False
2018,Maryland,MD,State House,23B,general,Ron Watson,Democratic,30579.0,50.5,True,False
2018,Maryland,MD,State House,23B,general,Marvin E. Holmes Jr.,Democratic,29235.0,48.3,True,True
2018,Maryland,MD,State House,24,general,Andrea Harrison,Democratic,38365.0,36.7,True,False
2018,Maryland,MD,State House,24,general,Erek Barron,Democratic,33069.0,31.7,True,True
2018,Maryland,MD,State House,24,general,Jazz Lewis,Democratic,32406.0,31.0,True,True
2018,Maryland,MD,State House,25,general,Darryl Barnes,Democratic,36845.0,34.8,True,True
2018,Maryland,MD,State House,25,general,Dereck E. Davis,Democratic,35229.0,33.2,True,True
2018,Maryland,MD,State House,25,general,Nick Charles,Democratic,33411.0,31.5,True,False
2018,Maryland,MD,State House,26,general,Veronica L. Turner,Democratic,35748.0,35.1,True,False
2018,Maryland,MD,State House,26,general,Jay Walker,Democratic,32523.0,32.0,True,True
2018,Maryland,MD,State House,26,general,Kris Valderrama,Democratic,31153.0,30.6,True,True
2018,Maryland,MD,State House,26,general,Diedra Henry-Spires (write-in),Democratic,1852.0,1.8,False,False
2018,Maryland,MD,State House,27A,general,Susie Proctor,Democratic,17534.0,98.2,True,True
2018,Maryland,MD,State House,27B,general,Michael A. Jackson,Democratic,12335.0,59.3,True,True
2018,Maryland,MD,State House,27B,general,Michael A. Thomas,Republican,8437.0,40.6,False,False
2018,Maryland,MD,State House,27C,general,Mark N. Fisher,Republican,10563.0,55.8,True,True
2018,Maryland,MD,State House,27C,general,Jason T. Fowler,Democratic,8349.0,44.1,False,False
2018,Maryland,MD,State House,28,general,Debra Davis,Democratic,34236.0,23.8,True,False
2018,Maryland,MD,State House,28,general,Edith J. Patterson,Democratic,33383.0,23.2,True,True
2018,Maryland,MD,State House,28,general,C. T. Wilson,Democratic,32793.0,22.8,True,True
2018,Maryland,MD,State House,28,general,Jim Crawford,Republican,15059.0,10.5,False,False
2018,Maryland,MD,State House,28,general,Dave Campbell,Republican,15010.0,10.4,False,False
2018,Maryland,MD,State House,28,general,Maureen Janette Woodruff,Republican,13318.0,9.3,False,False
2018,Maryland,MD,State House,29A,general,Matthew Morgan,Republican,11471.0,69.0,True,True
2018,Maryland,MD,State House,29A,general,Roberta Miles Loker,Democratic,5145.0,30.9,False,False
2018,Maryland,MD,State House,29B,general,Brian M. Crosby,Democratic,7351.0,53.4,True,False
2018,Maryland,MD,State House,29B,general,Deb Rey,Republican,6409.0,46.5,False,True
2018,Maryland,MD,State House,29C,general,Jerry Clark,Republican,10087.0,57.0,True,True
2018,Maryland,MD,State House,29C,general,Julia Margaret Nichols,Democratic,7580.0,42.8,False,False
2018,Maryland,MD,State House,30A,general,Michael E. Busch,Democratic,20080.0,32.6,True,True
2018,Maryland,MD,State House,30A,general,Alice J. Cain,Democratic,18070.0,29.3,True,False
2018,Maryland,MD,State House,30A,general,Chelsea Gill,Republican,12097.0,19.6,False,False
2018,Maryland,MD,State House,30A,general,Bob O'Shea,Republican,11324.0,18.4,False,False
2018,Maryland,MD,State House,30B,general,Seth A. Howard,Republican,10046.0,54.4,True,True
2018,Maryland,MD,State House,30B,general,Mike Shay,Democratic,8420.0,45.6,False,False
2018,Maryland,MD,State House,31A,general,Ned Carey,Democratic,6976.0,56.8,True,True
2018,Maryland,MD,State House,31A,general,Brooks Bennett,Republican,5278.0,43.0,False,False
2018,Maryland,MD,State House,31B,general,Brian Chisholm,Republican,20573.0,33.2,True,False
2018,Maryland,MD,State House,31B,general,Nic Kipke,Republican,20434.0,33.0,True,True
2018,Maryland,MD,State House,31B,general,Karen Patricia Simpson,Democratic,11257.0,18.2,False,False
2018,Maryland,MD,State House,31B,general,Harry E. Freeman,Democratic,9602.0,15.5,False,False
2018,Maryland,MD,State House,32,general,Mark S. Chang,Democratic,24498.0,20.9,True,True
2018,Maryland,MD,State House,32,general,J. Sandy Bartlett,Democratic,24220.0,20.7,True,False
2018,Maryland,MD,State House,32,general,Mike Rogers,Democratic,23316.0,19.9,True,False
2018,Maryland,MD,State House,32,general,Patty Ewing,Republican,16340.0,13.9,False,False
2018,Maryland,MD,State House,32,general,Mark E. Bailey,Republican,14520.0,12.4,False,False
2018,Maryland,MD,State House,32,general,Tim Walters,Republican,14158.0,12.1,False,False
2018,Maryland,MD,State House,32,general,Sandra Lee German (write-in),Republican,38.0,0.0,False,False
2018,Maryland,MD,State House,33,general,Michael E. Malone,Republican,31581.0,18.1,True,True
2018,Maryland,MD,State House,33,general,Sid Saab,Republican,28837.0,16.5,True,True
2018,Maryland,MD,State House,33,general,Heather Bagnall,Democratic,28138.0,16.1,True,False
2018,Maryland,MD,State House,33,general,Tony McConkey,Republican,27953.0,16.0,False,True
2018,Maryland,MD,State House,33,general,Pam Luby,Democratic,27827.0,16.0,False,False
2018,Maryland,MD,State House,33,general,Tracie Cramer Hovermale,Democratic,26675.0,15.3,False,False
2018,Maryland,MD,State House,33,general,Liv Romano,Green,3083.0,1.8,False,False
2018,Maryland,MD,State House,34A,general,Mary Ann Lisanti,Democratic,13558.0,28.5,True,True
2018,Maryland,MD,State House,34A,general,Steven C. Johnson,Democratic,11857.0,24.9,True,False
2018,Maryland,MD,State House,34A,general,Glen Glass,Republican,11692.0,24.6,False,True
2018,Maryland,MD,State House,34A,general,J.D. Russell,Republican,9606.0,20.2,False,False
2018,Maryland,MD,State House,34A,general,Sarahia Benn (write-in),Democratic,740.0,1.6,False,False
2018,Maryland,MD,State House,34B,general,Susan K. McComas,Republican,12533.0,65.0,True,True
2018,Maryland,MD,State House,34B,general,Jeff Dinger,Democratic,6706.0,34.8,False,False
2018,Maryland,MD,State House,35A,general,Kevin Hornberger,Republican,9065.0,63.2,True,True
2018,Maryland,MD,State House,35A,general,Jobeth Rocky Bowers,Democratic,5260.0,36.7,False,False
2018,Maryland,MD,State House,35B,general,Andrew Cassilly,Republican,26494.0,48.6,True,True
2018,Maryland,MD,State House,35B,general,Teresa E. Reilly,Republican,18107.0,33.2,True,True
2018,Maryland,MD,State House,35B,general,Ronnie Teitler Davis,Democratic,9834.0,18.0,False,False
2018,Maryland,MD,State House,36,general,Steven J. Arentz,Republican,29092.0,22.6,True,True
2018,Maryland,MD,State House,36,general,Jay Jacobs,Republican,28897.0,22.5,True,True
2018,Maryland,MD,State House,36,general,Jefferson L. Ghrist,Republican,27087.0,21.1,True,True
2018,Maryland,MD,State House,36,general,Crystal Woodward,Democratic,16032.0,12.5,False,False
2018,Maryland,MD,State House,36,general,Michael Ian Welker,Democratic,14201.0,11.0,False,False
2018,Maryland,MD,State House,36,general,Keirien Taylor,Democratic,13246.0,10.3,False,False
2018,Maryland,MD,State House,37A,general,Sheree Sample-Hughes,Democratic,7462.0,68.5,True,True
2018,Maryland,MD,State House,37A,general,Frank E. Cooke,Republican,3413.0,31.3,False,False
2018,Maryland,MD,State House,37B,general,Johnny Mautz,Republican,25031.0,43.6,True,True
2018,Maryland,MD,State House,37B,general,Christopher T. Adams,Republican,19498.0,33.9,True,True
2018,Maryland,MD,State House,37B,general,Dan O'Hare,Democratic,12796.0,22.3,False,False
2018,Maryland,MD,State House,38A,general,Charles J. Otto,Republican,8707.0,59.4,True,True
2018,Maryland,MD,State House,38A,general,"Kirkland J. Hall, Sr.",Democratic,5939.0,40.5,False,False
2018,Maryland,MD,State House,38B,general,Carl Anderton Jr.,Republican,10021.0,94.3,True,True
2018,Maryland,MD,State House,38C,general,Wayne A. Hartman,Republican,15247.0,95.4,True,False
2018,Maryland,MD,State House,38C,general,Ed Tinus (write-in),Republican,335.0,2.1,False,False
2018,Maryland,MD,State House,39,general,Gabriel Acevero,Democratic,28554.0,31.0,True,False
2018,Maryland,MD,State House,39,general,Lesley Lopez,Democratic,27722.0,30.1,True,False
2018,Maryland,MD,State House,39,general,Kirill Reznik,Democratic,25236.0,27.4,True,True
2018,Maryland,MD,State House,39,general,Verelyn Gibbs Watson,Republican,10316.0,11.2,False,False
2018,Maryland,MD,State House,40,general,Nick Mosby,Democratic,19726.0,30.5,True,True
2018,Maryland,MD,State House,40,general,Melissa Wells,Democratic,18952.0,29.3,True,False
2018,Maryland,MD,State House,40,general,Frank M. Conaway Jr.,Democratic,16767.0,25.9,True,True
2018,Maryland,MD,State House,40,general,Joshua Harris,Green,8833.0,13.6,False,False
2018,Maryland,MD,State House,40,general,Will Hanna (write-in),Independent,148.0,0.2,False,False
2018,Maryland,MD,State House,41,general,Dalya Attar,Democratic,26605.0,31.3,True,False
2018,Maryland,MD,State House,41,general,Samuel I. Rosenberg,Democratic,26333.0,31.0,True,True
2018,Maryland,MD,State House,41,general,Tony Bridges,Democratic,26194.0,30.9,True,False
2018,Maryland,MD,State House,41,general,Drew A. Pate,Green,5350.0,6.3,False,False
2018,Maryland,MD,State House,42A,general,Stephen W. Lafferty,Democratic,11736.0,70.0,True,True
2018,Maryland,MD,State House,42A,general,Stephen A. McIntire,Republican,5003.0,29.9,False,False
2018,Maryland,MD,State House,42B,general,Nino Mangione,Republican,20267.0,28.6,True,False
2018,Maryland,MD,State House,42B,general,Michele Guyton,Democratic,18815.0,26.5,True,False
2018,Maryland,MD,State House,42B,general,Tim Robinson,Republican,18090.0,25.5,False,False
2018,Maryland,MD,State House,42B,general,Sachin Hebbar,Democratic,13670.0,19.3,False,False
2018,Maryland,MD,State House,43,general,Regina T. Boyce,Democratic,28500.0,32.0,True,False
2018,Maryland,MD,State House,43,general,Maggie McIntosh,Democratic,28348.0,31.8,True,True
2018,Maryland,MD,State House,43,general,Curt Anderson,Democratic,24229.0,27.2,True,True
2018,Maryland,MD,State House,43,general,"Bonnie ""Raven"" Lane",Green,7490.0,8.4,False,False
2018,Maryland,MD,State House,44A,general,Keith E. Haynes,Democratic,8982.0,99.2,True,True
2018,Maryland,MD,State House,44B,general,Pat Young,Democratic,24226.0,55.4,True,True
2018,Maryland,MD,State House,44B,general,Charles E. Sydnor III,Democratic,19082.0,43.6,True,True
2018,Maryland,MD,State House,45,general,Cheryl Glenn,Democratic,22818.0,27.6,True,True
2018,Maryland,MD,State House,45,general,Stephanie M. Smith,Democratic,22524.0,27.3,True,False
2018,Maryland,MD,State House,45,general,Talmadge Branch,Democratic,21654.0,26.2,True,True
2018,Maryland,MD,State House,45,general,Glenn L. Ross,Green,4026.0,4.9,False,False
2018,Maryland,MD,State House,45,general,"Steven ""Andy"" Ellis",Green,3735.0,4.5,False,False
2018,Maryland,MD,State House,45,general,Ronald M. Owens-Bey,Republican,2825.0,3.4,False,False
2018,Maryland,MD,State House,45,general,Jewel Rucker,Republican,2485.0,3.0,False,False
2018,Maryland,MD,State House,45,general,Andy Zipay,Republican,2375.0,2.9,False,False
2018,Maryland,MD,State House,46,general,Brooke Lierman,Democratic,23711.0,28.6,True,True
2018,Maryland,MD,State House,46,general,Luke Clippinger,Democratic,23023.0,27.8,True,True
2018,Maryland,MD,State House,46,general,Robbyn Lewis,Democratic,22582.0,27.3,True,True
2018,Maryland,MD,State House,46,general,Jeremy Baron,Republican,6879.0,8.3,False,False
2018,Maryland,MD,State House,46,general,Nicholas Wentworth,Republican,6324.0,7.6,False,False
2018,Maryland,MD,State House,47A,general,Julian Ivey,Democratic,15981.0,52.2,True,False
2018,Maryland,MD,State House,47A,general,Diana M. Fennell,Democratic,14192.0,46.4,True,True
2018,Maryland,MD,State House,47B,general,Wanika B. Fisher,Democratic,5065.0,99.1,True,False
2018,Minnesota,MN,State House,1A,general,Dan Fabian,Republican,11762.0,71.14,True,False
2018,Minnesota,MN,State House,1A,general,Stephen Moeller,Democratic-Farmer-Labor,4768.0,28.84,False,False
2018,Minnesota,MN,State House,1B,general,Deb Kiel,Republican,10026.0,65.94,True,False
2018,Minnesota,MN,State House,1B,general,Brent Lindstrom,Democratic-Farmer-Labor,5173.0,34.02,False,False
2018,Minnesota,MN,State House,2A,general,Matt Grossell,Republican,10066.0,59.78,True,False
2018,Minnesota,MN,State House,2A,general,Michael Northbird,Democratic-Farmer-Labor,6765.0,40.18,False,False
2018,Minnesota,MN,State House,2B,general,Steve Green,Republican,10443.0,61.05,True,False
2018,Minnesota,MN,State House,2B,general,Karen Branden,Democratic-Farmer-Labor,6655.0,38.9,False,False
2018,Minnesota,MN,State House,3A,general,Rob Ecklund,Democratic-Farmer-Labor,11783.0,59.42,True,False
2018,Minnesota,MN,State House,3A,general,Randy Goutermont,Republican,8022.0,40.45,False,False
2018,Minnesota,MN,State House,3B,general,Mary Murphy,Democratic-Farmer-Labor,12282.0,60.03,True,False
2018,Minnesota,MN,State House,3B,general,Keith MacDonald,Republican,8162.0,39.89,False,False
2018,Minnesota,MN,State House,4A,general,Ben Lien,Democratic-Farmer-Labor,10335.0,65.45,True,False
2018,Minnesota,MN,State House,4A,general,Jordan Idso,Republican,5449.0,34.51,False,False
2018,Minnesota,MN,State House,4B,general,Paul Marquart,Democratic-Farmer-Labor,10461.0,58.93,True,False
2018,Minnesota,MN,State House,4B,general,Jason Peterson,Republican,7285.0,41.04,False,False
2018,Minnesota,MN,State House,5A,general,John Persell,Republican,8454.0,50.01,True,False
2018,Minnesota,MN,State House,5A,general,Matt Bliss,Republican,8443.0,49.95,False,False
2018,Minnesota,MN,State House,5B,general,Sandy Layman,Republican,10108.0,51.98,True,False
2018,Minnesota,MN,State House,5B,general,Pat Medure,Democratic-Farmer-Labor,9305.0,47.85,False,False
2018,Minnesota,MN,State House,6A,general,Julie Sandstede,Democratic-Farmer-Labor,11055.0,62.02,True,False
2018,Minnesota,MN,State House,6A,general,Guy Anderson,Republican,6746.0,37.85,False,False
2018,Minnesota,MN,State House,6B,general,Dave Lislegard,Democratic-Farmer-Labor,12075.0,61.97,True,False
2018,Minnesota,MN,State House,6B,general,Skeeter Tomczak,Republican,7379.0,37.87,False,False
2018,Minnesota,MN,State House,7A,general,Jennifer Schultz,Democratic-Farmer-Labor,15300.0,73.67,True,False
2018,Minnesota,MN,State House,7A,general,Dana Krivogorsky,Republican,5439.0,26.19,False,False
2018,Minnesota,MN,State House,7B,general,Liz Olson,Democratic-Farmer-Labor,12739.0,71.84,True,False
2018,Minnesota,MN,State House,7B,general,Caroline Burley,Republican,4965.0,28.0,False,False
2018,Minnesota,MN,State House,8A,general,Bud Nornes,Republican,11331.0,59.77,True,False
2018,Minnesota,MN,State House,8A,general,Brittney Johnson,Democratic-Farmer-Labor,7625.0,40.22,False,False
2018,Minnesota,MN,State House,8B,general,Mary Franson,Republican,11831.0,62.04,True,False
2018,Minnesota,MN,State House,8B,general,Gail Kulp,Democratic-Farmer-Labor,7231.0,37.92,False,False
2018,Minnesota,MN,State House,9A,general,John Poston,Republican,11376.0,69.34,True,False
2018,Minnesota,MN,State House,9A,general,Alex Hering,Democratic-Farmer-Labor,5021.0,30.6,False,False
2018,Minnesota,MN,State House,9B,general,Ron Kresha,Republican,11802.0,72.16,True,False
2018,Minnesota,MN,State House,9B,general,Stephen Browning,Democratic-Farmer-Labor,4548.0,27.81,False,False
2018,Minnesota,MN,State House,10A,general,Josh Heintzeman,Republican,11907.0,62.23,True,False
2018,Minnesota,MN,State House,10A,general,Dale Menk,Democratic-Farmer-Labor,7211.0,37.69,False,False
2018,Minnesota,MN,State House,10B,general,Dale Lueck,Republican,13131.0,65.59,True,False
2018,Minnesota,MN,State House,10B,general,Phil Yetzer,Democratic-Farmer-Labor,6876.0,34.35,False,False
2018,Minnesota,MN,State House,11A,general,Mike Sundin,Democratic-Farmer-Labor,10532.0,58.3,True,False
2018,Minnesota,MN,State House,11A,general,Jeff Dotseth,Republican,7518.0,41.62,False,False
2018,Minnesota,MN,State House,11B,general,Jason Rarick,Republican,9147.0,59.68,True,False
2018,Minnesota,MN,State House,11B,general,Tim Burkhardt,Democratic-Farmer-Labor,6166.0,40.23,False,False
2018,Minnesota,MN,State House,12A,general,Jeff Backer,Republican,11382.0,62.02,True,False
2018,Minnesota,MN,State House,12A,general,Murray Smart,Democratic-Farmer-Labor,6959.0,37.92,False,False
2018,Minnesota,MN,State House,12B,general,Paul Anderson,Republican,12219.0,71.33,True,False
2018,Minnesota,MN,State House,12B,general,Ben Schirmers,Democratic-Farmer-Labor,4894.0,28.57,False,False
2018,Minnesota,MN,State House,13A,general,Lisa Demuth,Republican,11348.0,61.01,True,False
2018,Minnesota,MN,State House,13A,general,Jim Read,Democratic-Farmer-Labor,7243.0,38.94,False,False
2018,Minnesota,MN,State House,13B,general,Tim O'Driscoll,Republican,12146.0,64.32,True,False
2018,Minnesota,MN,State House,13B,general,Heidi Everett,Democratic-Farmer-Labor,6731.0,35.65,False,False
2018,Minnesota,MN,State House,14A,general,Tama Theis,Republican,9079.0,52.09,True,False
2018,Minnesota,MN,State House,14A,general,Aric Putnam,Democratic-Farmer-Labor,8348.0,47.89,False,False
2018,Minnesota,MN,State House,14B,general,Dan Wolgamott,Republican,7950.0,58.07,True,False
2018,Minnesota,MN,State House,14B,general,Jim Knoblach,Republican,5705.0,41.67,False,False
2018,Minnesota,MN,State House,15A,general,Sondra Erickson,Republican,10495.0,64.28,True,False
2018,Minnesota,MN,State House,15A,general,Emy Minzel,Democratic-Farmer-Labor,5808.0,35.58,False,False
2018,Minnesota,MN,State House,15B,general,Shane Mekeland,Republican,10699.0,59.41,True,False
2018,Minnesota,MN,State House,15B,general,Karla Scapanski,Democratic-Farmer-Labor,6161.0,34.21,False,False
2018,Minnesota,MN,State House,15B,general,Myron Wilson,Independent,1137.0,6.31,False,False
2018,Minnesota,MN,State House,16A,general,Chris Swedzinski,Republican,10854.0,67.56,True,False
2018,Minnesota,MN,State House,16A,general,Tom Wyatt-Yerka,Democratic-Farmer-Labor,5198.0,32.36,False,False
2018,Minnesota,MN,State House,16B,general,Paul Torkelson,Republican,10772.0,63.2,True,False
2018,Minnesota,MN,State House,16B,general,Mindy Kimmel,Democratic-Farmer-Labor,6268.0,36.77,False,False
2018,Minnesota,MN,State House,17A,general,Tim Miller,Republican,10069.0,60.21,True,False
2018,Minnesota,MN,State House,17A,general,Lyle Koenen,Democratic-Farmer-Labor,6645.0,39.73,False,False
2018,Minnesota,MN,State House,17B,general,Dave Baker,Republican,11908.0,69.11,True,False
2018,Minnesota,MN,State House,17B,general,Anita Flowe,Democratic-Farmer-Labor,5311.0,30.82,False,False
2018,Minnesota,MN,State House,18A,general,Dean Urdahl,Republican,11884.0,69.19,True,False
2018,Minnesota,MN,State House,18A,general,Justin Vold,Democratic-Farmer-Labor,4269.0,24.85,False,False
2018,Minnesota,MN,State House,18A,general,Kyle Greene,Independent,650.0,3.78,False,False
2018,Minnesota,MN,State House,18A,general,Jill Galvan,Libertarian,363.0,2.11,False,False
2018,Minnesota,MN,State House,18B,general,Glenn Gruenhagen,Republican,10843.0,66.66,True,False
2018,Minnesota,MN,State House,18B,general,Ashley Latzke,Democratic-Farmer-Labor,5403.0,33.22,False,False
2018,Minnesota,MN,State House,19A,general,Jeff Brand,Democratic-Farmer-Labor,10274.0,54.34,True,False
2018,Minnesota,MN,State House,19A,general,Kim Spears,Republican,8603.0,45.5,False,False
2018,Minnesota,MN,State House,19B,general,Jack Considine,Democratic-Farmer-Labor,10392.0,63.4,True,False
2018,Minnesota,MN,State House,19B,general,Joe Steck,Republican,5978.0,36.47,False,False
2018,Minnesota,MN,State House,20A,general,Bob Vogel,Republican,11982.0,63.55,True,False
2018,Minnesota,MN,State House,20A,general,Barbara Dröher Kline,Democratic-Farmer-Labor,6858.0,36.37,False,False
2018,Minnesota,MN,State House,20B,general,Todd Lippert,Democratic-Farmer-Labor,10925.0,55.32,True,False
2018,Minnesota,MN,State House,20B,general,Josh Gare,Republican,8819.0,44.66,False,False
2018,Minnesota,MN,State House,21A,general,Barb Haley,Republican,11068.0,56.91,True,False
2018,Minnesota,MN,State House,21A,general,Lori Ann Clark,Democratic-Farmer-Labor,8372.0,43.05,False,False
2018,Minnesota,MN,State House,21B,general,Steve Drazkowski,Republican,11511.0,63.43,True,False
2018,Minnesota,MN,State House,21B,general,Jonathan Isenor,Democratic-Farmer-Labor,6619.0,36.47,False,False
2018,Minnesota,MN,State House,22A,general,Joe Schomacker,Republican,10811.0,66.73,True,False
2018,Minnesota,MN,State House,22A,general,Maxwell Kaufman,Democratic-Farmer-Labor,5377.0,33.19,False,False
2018,Minnesota,MN,State House,22B,general,Rod Hamilton,Republican,9756.0,66.87,True,False
2018,Minnesota,MN,State House,22B,general,Cheniqua Johnson,Democratic-Farmer-Labor,4819.0,33.03,False,False
2018,Minnesota,MN,State House,23A,general,Bob Gunther,Republican,10497.0,61.26,True,False
2018,Minnesota,MN,State House,23A,general,Heather Klassen,Democratic-Farmer-Labor,6633.0,38.71,False,False
2018,Minnesota,MN,State House,23B,general,Jeremy Munson,Republican,10290.0,60.05,True,False
2018,Minnesota,MN,State House,23B,general,Jim Grabowska,Democratic-Farmer-Labor,6827.0,39.84,False,False
2018,Minnesota,MN,State House,24A,general,John Petersburg,Republican,10197.0,60.6,True,False
2018,Minnesota,MN,State House,24A,general,Joe Heegard,Democratic-Farmer-Labor,6616.0,39.32,False,False
2018,Minnesota,MN,State House,24B,general,Brian Daniels,Republican,8972.0,59.56,True,False
2018,Minnesota,MN,State House,24B,general,Yvette Marthaler,Democratic-Farmer-Labor,6076.0,40.34,False,False
2018,Minnesota,MN,State House,25A,general,Duane Quam,Republican,10376.0,53.62,True,False
2018,Minnesota,MN,State House,25A,general,Jamie Mahlberg,Democratic-Farmer-Labor,8957.0,46.29,False,False
2018,Minnesota,MN,State House,25B,general,Duane Sauke,Democratic-Farmer-Labor,11260.0,60.1,True,False
2018,Minnesota,MN,State House,25B,general,Kenneth Bush,Republican,7452.0,39.78,False,False
2018,Minnesota,MN,State House,26A,general,Tina Liebling,Democratic-Farmer-Labor,10429.0,63.21,True,False
2018,Minnesota,MN,State House,26A,general,Paul Wilson,Republican,6047.0,36.65,False,False
2018,Minnesota,MN,State House,26B,general,Nels Pierson,Republican,11784.0,53.69,True,False
2018,Minnesota,MN,State House,26B,general,Tyrel Clark,Democratic-Farmer-Labor,10144.0,46.21,False,False
2018,Minnesota,MN,State House,27A,general,Peggy Bennett,Republican,9957.0,56.52,True,False
2018,Minnesota,MN,State House,27A,general,Terry Gjersvik,Democratic-Farmer-Labor,7651.0,43.43,False,False
2018,Minnesota,MN,State House,27B,general,Jeanne Poppe,Democratic-Farmer-Labor,8523.0,57.38,True,False
2018,Minnesota,MN,State House,27B,general,Christine Green,Republican,6319.0,42.54,False,False
2018,Minnesota,MN,State House,28A,general,Gene Pelowski,Democratic-Farmer-Labor,12587.0,96.61,True,False
2018,Minnesota,MN,State House,28B,general,Greg Davids,Republican,10351.0,55.44,True,False
2018,Minnesota,MN,State House,28B,general,Thomas Trehus,Democratic-Farmer-Labor,8308.0,44.49,False,False
2018,Minnesota,MN,State House,29A,general,Joe McDonald,Republican,13114.0,67.86,True,False
2018,Minnesota,MN,State House,29A,general,Renée Cardarelle,Democratic-Farmer-Labor,6193.0,32.05,False,False
2018,Minnesota,MN,State House,29B,general,Marion O'Neill,Republican,10531.0,62.02,True,False
2018,Minnesota,MN,State House,29B,general,Sharon McGinty,Democratic-Farmer-Labor,6434.0,37.89,False,False
2018,Minnesota,MN,State House,30A,general,Nick Zerwas,Republican,11474.0,64.31,True,False
2018,Minnesota,MN,State House,30A,general,Sarah Hamlin,Democratic-Farmer-Labor,6357.0,35.63,False,False
2018,Minnesota,MN,State House,30B,general,Eric Lucero,Republican,11962.0,63.15,True,False
2018,Minnesota,MN,State House,30B,general,Margaret Fernandez,Democratic-Farmer-Labor,6970.0,36.79,False,False
2018,Minnesota,MN,State House,31A,general,Kurt Daudt,Republican,12326.0,69.08,True,False
2018,Minnesota,MN,State House,31A,general,Brad Brown,Democratic-Farmer-Labor,5501.0,30.83,False,False
2018,Minnesota,MN,State House,31B,general,Cal Bahr,Republican,12840.0,64.4,True,False
2018,Minnesota,MN,State House,31B,general,Sue Larson,Democratic-Farmer-Labor,7080.0,35.51,False,False
2018,Minnesota,MN,State House,32A,general,Brian Johnson,Republican,11351.0,63.47,True,False
2018,Minnesota,MN,State House,32A,general,Renae Berg,Democratic-Farmer-Labor,6522.0,36.47,False,False
2018,Minnesota,MN,State House,32B,general,Anne Neu,Republican,11031.0,58.0,True,False
2018,Minnesota,MN,State House,32B,general,Jeff Peterson,Democratic-Farmer-Labor,7971.0,41.91,False,False
2018,Minnesota,MN,State House,33A,general,Jerry Hertaus,Republican,14394.0,58.99,True,False
2018,Minnesota,MN,State House,33A,general,Norrie Thomas,Democratic-Farmer-Labor,9979.0,40.9,False,False
2018,Minnesota,MN,State House,33B,general,Kelly Morrison,Republican,11786.0,50.43,True,False
2018,Minnesota,MN,State House,33B,general,Cindy Pugh,Republican,11570.0,49.5,False,False
2018,Minnesota,MN,State House,34A,general,Kristin Robbins,Republican,12486.0,56.49,True,False
2018,Minnesota,MN,State House,34A,general,Dan Solon,Democratic-Farmer-Labor,9601.0,43.44,False,False
2018,Minnesota,MN,State House,34B,general,Kristin Bahner,Republican,12194.0,52.79,True,False
2018,Minnesota,MN,State House,34B,general,Dennis Smith,Republican,10873.0,47.07,False,False
2018,Minnesota,MN,State House,35A,general,John Heinrich,Republican,9764.0,54.45,True,False
2018,Minnesota,MN,State House,35A,general,Bill Vikander,Democratic-Farmer-Labor,8145.0,45.42,False,False
2018,Minnesota,MN,State House,35B,general,Peggy Scott,Republican,11438.0,56.53,True,False
2018,Minnesota,MN,State House,35B,general,Kathryn Eckhardt,Democratic-Farmer-Labor,8771.0,43.35,False,False
2018,Minnesota,MN,State House,36A,general,Zack Stephenson,Republican,9759.0,52.27,True,False
2018,Minnesota,MN,State House,36A,general,Bill Maresh,Republican,8878.0,47.55,False,False
2018,Minnesota,MN,State House,36B,general,Melissa Hortman,Democratic-Farmer-Labor,12514.0,63.05,True,False
2018,Minnesota,MN,State House,36B,general,Jermain Botsio,Republican,7302.0,36.79,False,False
2018,Minnesota,MN,State House,37A,general,Erin Koegel,Democratic-Farmer-Labor,9816.0,56.01,True,False
2018,Minnesota,MN,State House,37A,general,Anthony Wilder,Republican,7676.0,43.8,False,False
2018,Minnesota,MN,State House,37B,general,Nolan West,Republican,10254.0,50.22,True,False
2018,Minnesota,MN,State House,37B,general,Amir Malik,Democratic-Farmer-Labor,10101.0,49.47,False,False
2018,Minnesota,MN,State House,38A,general,Linda Runbeck,Republican,11371.0,55.13,True,False
2018,Minnesota,MN,State House,38A,general,Kevin Fogarty,Democratic-Farmer-Labor,9229.0,44.75,False,False
2018,Minnesota,MN,State House,38B,general,Ami Wazlawik,Republican,11573.0,50.81,True,False
2018,Minnesota,MN,State House,38B,general,Pat Anderson,Republican,11187.0,49.11,False,False
2018,Minnesota,MN,State House,39A,general,Bob Dettmer,Republican,12366.0,55.52,True,False
2018,Minnesota,MN,State House,39A,general,Ann Mozey,Democratic-Farmer-Labor,9881.0,44.36,False,False
2018,Minnesota,MN,State House,39B,general,Shelly Christensen,Republican,11372.0,50.25,True,False
2018,Minnesota,MN,State House,39B,general,Kathy Lohmer,Republican,11235.0,49.65,False,False
2018,Minnesota,MN,State House,40A,general,Mike Nelson,Democratic-Farmer-Labor,9387.0,73.12,True,False
2018,Minnesota,MN,State House,40A,general,David True,Republican,3411.0,26.57,False,False
2018,Minnesota,MN,State House,40B,general,Samantha Vang,Democratic-Farmer-Labor,10512.0,72.76,True,False
2018,Minnesota,MN,State House,40B,general,Robert Marvin,Republican,3903.0,27.02,False,False
2018,Minnesota,MN,State House,41A,general,Connie Bernardy,Democratic-Farmer-Labor,11967.0,64.82,True,False
2018,Minnesota,MN,State House,41A,general,Susan Erickson,Republican,6453.0,34.95,False,False
2018,Minnesota,MN,State House,41B,general,Mary Kunesh-Podein,Democratic-Farmer-Labor,12408.0,65.77,True,False
2018,Minnesota,MN,State House,41B,general,Tim Utz,Independent,6397.0,33.91,False,False
2018,Minnesota,MN,State House,42A,general,Kelly Moller,Republican,12289.0,57.52,True,False
2018,Minnesota,MN,State House,42A,general,Randy Jessup,Republican,9055.0,42.38,False,False
2018,Minnesota,MN,State House,42B,general,Jamie Becker-Finn,Democratic-Farmer-Labor,13042.0,60.35,True,False
2018,Minnesota,MN,State House,42B,general,Yele-Mis Yang,Republican,8543.0,39.53,False,False
2018,Minnesota,MN,State House,43A,general,Peter Fischer,Democratic-Farmer-Labor,12253.0,61.36,True,False
2018,Minnesota,MN,State House,43A,general,Bob Cardinal,Republican,7691.0,38.52,False,False
2018,Minnesota,MN,State House,43B,general,Leon Lillie,Democratic-Farmer-Labor,11253.0,62.31,True,False
2018,Minnesota,MN,State House,43B,general,Rachael Bucholz,Republican,6788.0,37.59,False,False
2018,Minnesota,MN,State House,44A,general,Ginny Klevorn,Republican,12995.0,53.85,True,False
2018,Minnesota,MN,State House,44A,general,Sarah Anderson,Republican,11119.0,46.08,False,False
2018,Minnesota,MN,State House,44B,general,Patty Acomb,Democratic-Farmer-Labor,15082.0,62.74,True,False
2018,Minnesota,MN,State House,44B,general,Gary Porter,Republican,8935.0,37.17,False,False
2018,Minnesota,MN,State House,45A,general,Lyndon Carlson,Democratic-Farmer-Labor,12347.0,65.35,True,False
2018,Minnesota,MN,State House,45A,general,Reid Johnson,Republican,6520.0,34.51,False,False
2018,Minnesota,MN,State House,45B,general,Mike Freiberg,Democratic-Farmer-Labor,15727.0,72.44,True,False
2018,Minnesota,MN,State House,45B,general,Steve Merriman,Republican,5954.0,27.42,False,False
2018,Minnesota,MN,State House,46A,general,Ryan Winkler,Democratic-Farmer-Labor,16692.0,72.5,True,False
2018,Minnesota,MN,State House,46A,general,Luke McCusker,Republican,6297.0,27.35,False,False
2018,Minnesota,MN,State House,46B,general,Cheryl Youakim,Democratic-Farmer-Labor,16400.0,75.48,True,False
2018,Minnesota,MN,State House,46B,general,Melissa Moore,Republican,5297.0,24.38,False,False
2018,Minnesota,MN,State House,47A,general,Jim Nash,Republican,14106.0,64.7,True,False
2018,Minnesota,MN,State House,47A,general,Madalynn Gerold,Democratic-Farmer-Labor,7680.0,35.23,False,False
2018,Minnesota,MN,State House,47B,general,Greg Boe,Republican,10853.0,50.24,True,False
2018,Minnesota,MN,State House,47B,general,Donzel Leggett,Democratic-Farmer-Labor,10736.0,49.7,False,False
2018,Minnesota,MN,State House,48A,general,Laurie Pryor,Democratic-Farmer-Labor,13980.0,59.39,True,False
2018,Minnesota,MN,State House,48A,general,Ellen Cousins,Republican,9531.0,40.49,False,False
2018,Minnesota,MN,State House,48B,general,Carlie Kotyza-Witthuhn,Republican,10397.0,50.53,True,False
2018,Minnesota,MN,State House,48B,general,Jenifer Loon,Republican,10156.0,49.36,False,False
2018,Minnesota,MN,State House,49A,general,Heather Edelson,Republican,14725.0,58.13,True,False
2018,Minnesota,MN,State House,49A,general,Dario Anselmo,Republican,10584.0,41.78,False,False
2018,Minnesota,MN,State House,49B,general,Steve Elkins,Democratic-Farmer-Labor,15264.0,61.69,True,False
2018,Minnesota,MN,State House,49B,general,Matt Sikich,Republican,9446.0,38.17,False,False
2018,Minnesota,MN,State House,50A,general,Michael Howard,Democratic-Farmer-Labor,12359.0,68.24,True,False
2018,Minnesota,MN,State House,50A,general,Kirsten Johnson,Republican,5730.0,31.64,False,False
2018,Minnesota,MN,State House,50B,general,Andrew Carlson,Democratic-Farmer-Labor,12745.0,60.83,True,False
2018,Minnesota,MN,State House,50B,general,Chad Anderson,Republican,8180.0,39.04,False,False
2018,Minnesota,MN,State House,51A,general,Sandra Masin,Democratic-Farmer-Labor,11875.0,61.43,True,False
2018,Minnesota,MN,State House,51A,general,Jim Kiner,Republican,7446.0,38.52,False,False
2018,Minnesota,MN,State House,51B,general,Laurie Halverson,Democratic-Farmer-Labor,13879.0,62.18,True,False
2018,Minnesota,MN,State House,51B,general,Doug Willetts,Republican,8424.0,37.74,False,False
2018,Minnesota,MN,State House,52A,general,Rick Hansen,Democratic-Farmer-Labor,13549.0,65.84,True,False
2018,Minnesota,MN,State House,52A,general,Beth Arntson,Republican,6998.0,34.01,False,False
2018,Minnesota,MN,State House,52B,general,Ruth Richardson,Republican,11004.0,53.74,True,False
2018,Minnesota,MN,State House,52B,general,Regina Barr,Republican,9437.0,46.08,False,False
2018,Minnesota,MN,State House,53A,general,Tou Xiong,Democratic-Farmer-Labor,11526.0,61.18,True,False
2018,Minnesota,MN,State House,53A,general,Andy Turonie,Republican,7293.0,38.71,False,False
2018,Minnesota,MN,State House,53B,general,Steve Sandell,Republican,12261.0,52.29,True,False
2018,Minnesota,MN,State House,53B,general,Kelly Fenton,Republican,11169.0,47.63,False,False
2018,Minnesota,MN,State House,54A,general,Anne Claflin,Republican,9300.0,50.98,True,False
2018,Minnesota,MN,State House,54A,general,Keith Franke,Republican,8924.0,48.92,False,False
2018,Minnesota,MN,State House,54B,general,Tony Jurgens,Republican,9947.0,51.03,True,False
2018,Minnesota,MN,State House,54B,general,Tina Folch,Democratic-Farmer-Labor,9525.0,48.86,False,False
2018,Minnesota,MN,State House,55A,general,Brad Tabke,Republican,8984.0,51.53,True,False
2018,Minnesota,MN,State House,55A,general,Erik Mortensen,Republican,8382.0,48.07,False,False
2018,Minnesota,MN,State House,55B,general,Tony Albright,Republican,12968.0,61.16,True,False
2018,Minnesota,MN,State House,55B,general,Matt Christensen,Democratic-Farmer-Labor,8215.0,38.74,False,False
2018,Minnesota,MN,State House,56A,general,Hunter Cantrell,Republican,10813.0,52.74,True,False
2018,Minnesota,MN,State House,56A,general,Drew Christensen,Republican,9662.0,47.13,False,False
2018,Minnesota,MN,State House,56B,general,Alice Mann,Republican,10035.0,52.64,True,False
2018,Minnesota,MN,State House,56B,general,Roz Peterson,Republican,9013.0,47.28,False,False
2018,Minnesota,MN,State House,57A,general,Robert Bierman,Democratic-Farmer-Labor,12006.0,54.53,True,False
2018,Minnesota,MN,State House,57A,general,Matt Lundin,Republican,9296.0,42.22,False,False
2018,Minnesota,MN,State House,57A,general,Matt Swenson,Libertarian,704.0,3.2,False,False
2018,Minnesota,MN,State House,57B,general,John Huot,Republican,11209.0,51.92,True,False
2018,Minnesota,MN,State House,57B,general,Anna Wills,Republican,10373.0,48.04,False,False
2018,Minnesota,MN,State House,58A,general,Jon Koznick,Republican,11769.0,55.68,True,False
2018,Minnesota,MN,State House,58A,general,Maggie Williams,Democratic-Farmer-Labor,9354.0,44.25,False,False
2018,Minnesota,MN,State House,58B,general,Pat Garofalo,Republican,11549.0,58.84,True,False
2018,Minnesota,MN,State House,58B,general,Marla Vagts,Democratic-Farmer-Labor,8060.0,41.06,False,False
2018,Minnesota,MN,State House,59A,general,Fue Lee,Democratic-Farmer-Labor,12046.0,86.04,True,False
2018,Minnesota,MN,State House,59A,general,Fred Statema,Republican,1916.0,13.69,False,False
2018,Minnesota,MN,State House,59B,general,Raymond Dehn,Democratic-Farmer-Labor,15826.0,82.29,True,False
2018,Minnesota,MN,State House,59B,general,Lacy Johnson,Republican,3357.0,17.46,False,False
2018,Minnesota,MN,State House,60A,general,Diane Loeffler,Democratic-Farmer-Labor,19026.0,86.45,True,False
2018,Minnesota,MN,State House,60A,general,Kelly Winsor,Republican,2922.0,13.28,False,False
2018,Minnesota,MN,State House,60B,general,Mohamud Noor,Democratic-Farmer-Labor,16440.0,86.26,True,False
2018,Minnesota,MN,State House,60B,general,Joseph Patiño,Republican,2552.0,13.39,False,False
2018,Minnesota,MN,State House,61A,general,Frank Hornstein,Democratic-Farmer-Labor,23736.0,86.05,True,False
2018,Minnesota,MN,State House,61A,general,Jeremy Hansen,Republican,3814.0,13.83,False,False
2018,Minnesota,MN,State House,61B,general,Jamie Long,Democratic-Farmer-Labor,21289.0,85.73,True,False
2018,Minnesota,MN,State House,61B,general,Scot Missling,Republican,3487.0,14.04,False,False
2018,Minnesota,MN,State House,62A,general,Hodan Hassan,Democratic-Farmer-Labor,13107.0,90.39,True,False
2018,Minnesota,MN,State House,62A,general,Bruce Lundeen,Republican,1281.0,8.83,False,False
2018,Minnesota,MN,State House,62B,general,Aisha Gomez,Democratic-Farmer-Labor,17928.0,92.07,True,False
2018,Minnesota,MN,State House,62B,general,Ronald Peterson,Republican,1502.0,7.71,False,False
2018,Minnesota,MN,State House,63A,general,Jim Davnie,Democratic-Farmer-Labor,21278.0,88.84,True,False
2018,Minnesota,MN,State House,63A,general,Kyle Bragg,Republican,2631.0,10.98,False,False
2018,Minnesota,MN,State House,63B,general,Jean Wagenius,Democratic-Farmer-Labor,18403.0,80.83,True,False
2018,Minnesota,MN,State House,63B,general,Frank Pafko,Republican,4307.0,18.92,False,False
2018,Minnesota,MN,State House,64A,general,Kaohly Her,Democratic-Farmer-Labor,18995.0,84.14,True,False
2018,Minnesota,MN,State House,64A,general,Patrick Griffin,Republican,3532.0,15.64,False,False
2018,Minnesota,MN,State House,64B,general,Dave Pinto,Democratic-Farmer-Labor,19447.0,80.07,True,False
2018,Minnesota,MN,State House,64B,general,Alex Pouliot,Republican,4812.0,19.81,False,False
2018,Minnesota,MN,State House,65A,general,Rena Moran,Democratic-Farmer-Labor,12785.0,86.76,True,False
2018,Minnesota,MN,State House,65A,general,Monique Giordana,Republican,1913.0,12.98,False,False
2018,Minnesota,MN,State House,65B,general,Carlos Mariani,Democratic-Farmer-Labor,14540.0,81.37,True,False
2018,Minnesota,MN,State House,65B,general,Margaret Mary Stokely,Republican,3275.0,18.33,False,False
2018,Minnesota,MN,State House,66A,general,Alice Hausman,Democratic-Farmer-Labor,16035.0,73.88,True,False
2018,Minnesota,MN,State House,66A,general,Jon Heyer,Republican,5644.0,26.01,False,False
2018,Minnesota,MN,State House,66B,general,John Lesch,Democratic-Farmer-Labor,11486.0,83.46,True,False
2018,Minnesota,MN,State House,66B,general,David Richard,Republican,2227.0,16.18,False,False
2018,Minnesota,MN,State House,67A,general,Tim Mahoney,Democratic-Farmer-Labor,9557.0,96.41,True,False
2018,Minnesota,MN,State House,67B,general,Jay Xiong,Democratic-Farmer-Labor,10235.0,78.1,True,False
2018,Minnesota,MN,State House,67B,general,Fred Turk,Republican,2827.0,21.57,False,False
2018,Montana,MT,State House,1,general,Steve Gunderson,Republican,3014.0,72.94,True,True
2018,Montana,MT,State House,1,general,Donald Coats,Democratic,1118.0,27.06,False,False
2018,Montana,MT,State House,2,general,Neil Duram,Republican,4325.0,100.0,True,False
2018,Montana,MT,State House,3,general,Zac Perry,Democratic,2300.0,49.26,True,True
2018,Montana,MT,State House,3,general,Jerry O'Neil,Republican,2266.0,48.53,False,False
2018,Montana,MT,State House,3,general,Shawn Leslie Guymon,Libertarian,103.0,2.21,False,False
2018,Montana,MT,State House,4,general,Matt Regier,Republican,4100.0,75.8,True,True
2018,Montana,MT,State House,4,general,Kwen Shirley,Democratic,1309.0,24.2,False,False
2018,Montana,MT,State House,5,general,Dave Fern,Democratic,3882.0,69.12,True,True
2018,Montana,MT,State House,5,general,Cindy Dyson,Libertarian,1734.0,30.88,False,False
2018,Montana,MT,State House,6,general,Carl Glimm,Republican,3837.0,66.27,True,True
2018,Montana,MT,State House,6,general,Mary Custer,Democratic,1953.0,33.73,False,False
2018,Montana,MT,State House,7,general,Frank Garner,Republican,2519.0,65.46,True,True
2018,Montana,MT,State House,7,general,James H. Cossitt,Democratic,1329.0,34.54,False,False
2018,Montana,MT,State House,8,general,John Fuller,Republican,3153.0,68.65,True,False
2018,Montana,MT,State House,8,general,Sid Daoud,Libertarian,1440.0,31.35,False,False
2018,Montana,MT,State House,9,general,David Dunn,Republican,2626.0,69.56,True,False
2018,Montana,MT,State House,9,general,Bob Petersen,Democratic,1149.0,30.44,False,False
2018,Montana,MT,State House,10,general,Mark Noland,Republican,4324.0,79.72,True,True
2018,Montana,MT,State House,10,general,Bill Jones,Libertarian,1100.0,20.28,False,False
2018,Montana,MT,State House,11,general,Derek Skees,Republican,3667.0,71.12,True,True
2018,Montana,MT,State House,11,general,Jobeth Blair,Democratic,1489.0,28.88,False,False
2018,Montana,MT,State House,12,general,Greg Hertz,Republican,3296.0,60.63,True,True
2018,Montana,MT,State House,12,general,Susan T. Evans,Democratic,2140.0,39.37,False,False
2018,Montana,MT,State House,13,general,Bob Brown,Republican,4064.0,75.45,True,True
2018,Montana,MT,State House,13,general,Chris Gross,Democratic,1322.0,24.55,False,False
2018,Montana,MT,State House,14,general,Denley Loge,Republican,3590.0,73.1,True,True
2018,Montana,MT,State House,14,general,Diane L. Magone,Democratic,1321.0,26.9,False,False
2018,Montana,MT,State House,15,general,Marvin Weatherwax Jr.,Democratic,2529.0,100.0,True,False
2018,Montana,MT,State House,16,general,Tyson Runningwolf,Democratic,2039.0,61.43,True,False
2018,Montana,MT,State House,16,general,K. Webb Galbreath,Republican,1280.0,38.57,False,False
2018,Montana,MT,State House,17,general,Ross Fitzgerald,Republican,3595.0,74.71,True,True
2018,Montana,MT,State House,17,general,Richard (Rick) Kerr,Democratic,1217.0,25.29,False,False
2018,Montana,MT,State House,18,general,Llew Jones,Republican,3232.0,100.0,True,False
2018,Montana,MT,State House,19,general,Wendy McKamey,Republican,3212.0,71.99,True,True
2018,Montana,MT,State House,19,general,Lynelle Melton,Democratic,1250.0,28.01,False,False
2018,Montana,MT,State House,20,general,Fred Anderson,Republican,3826.0,68.48,True,True
2018,Montana,MT,State House,20,general,Keaton Sunchild,Democratic,1761.0,31.52,False,False
2018,Montana,MT,State House,21,general,Ed Buttrey,Republican,2432.0,53.59,True,False
2018,Montana,MT,State House,21,general,Leesha Ford,Democratic,2106.0,46.41,False,False
2018,Montana,MT,State House,22,general,Lola Sheldon-Galloway,Republican,1882.0,50.19,True,True
2018,Montana,MT,State House,22,general,Laura Dever,Democratic,1868.0,49.81,False,False
2018,Montana,MT,State House,23,general,Brad Hamlett,Democratic,1849.0,54.9,True,True
2018,Montana,MT,State House,23,general,William Smith,Republican,1519.0,45.1,False,False
2018,Montana,MT,State House,24,general,Barbara Bessette,Democratic,2014.0,52.37,True,False
2018,Montana,MT,State House,24,general,"Mike ""Mac"" McNamara",Republican,1832.0,47.63,False,False
2018,Montana,MT,State House,25,general,Jasmine Krotkov,Democratic,1907.0,51.74,True,False
2018,Montana,MT,State House,25,general,Jeremy Trebas,Republican,1779.0,48.26,False,True
2018,Montana,MT,State House,26,general,Casey Schreiner,Democratic,1397.0,55.77,True,True
2018,Montana,MT,State House,26,general,Michael K. Cooper Sr.,Republican,1108.0,44.23,False,False
2018,Montana,MT,State House,27,general,Joshua Kassmier,Republican,3434.0,70.57,True,False
2018,Montana,MT,State House,27,general,Dan Nelsen,Democratic,1432.0,29.43,False,False
2018,Montana,MT,State House,28,general,Jacob Bachmeier,Democratic,2269.0,58.95,True,True
2018,Montana,MT,State House,28,general,Robert Sivertsen,Independent (politician),1179.0,30.63,False,False
2018,Montana,MT,State House,28,general,Conor Burns,Libertarian,401.0,10.42,False,False
2018,Montana,MT,State House,29,general,Dan Bartel,Republican,3497.0,71.32,True,True
2018,Montana,MT,State House,29,general,Rachel Stansberry,Democratic,1406.0,28.68,False,False
2018,Montana,MT,State House,30,general,Wylie Galt,Republican,3990.0,82.23,True,True
2018,Montana,MT,State House,30,general,Kathryn G.H. Nicholes,Libertarian,862.0,17.77,False,False
2018,Montana,MT,State House,31,general,Bridget Smith,Democratic,2360.0,100.0,True,True
2018,Montana,MT,State House,32,general,Jonathan Windy Boy,Democratic,2355.0,63.34,True,True
2018,Montana,MT,State House,32,general,Gilbert Bruce Meyers,Republican,1363.0,36.66,False,False
2018,Montana,MT,State House,33,general,Casey Knudsen,Republican,3819.0,100.0,True,True
2018,Montana,MT,State House,34,general,Rhonda Knudsen,Republican,4231.0,100.0,True,False
2018,Montana,MT,State House,35,general,Joel Krautter,Republican,3688.0,100.0,True,False
2018,Montana,MT,State House,36,general,Alan Doane,Republican,3765.0,100.0,True,True
2018,Montana,MT,State House,37,general,Eric Moore,Republican,4746.0,100.0,True,False
2018,Montana,MT,State House,38,general,Kenneth Holmlund,Republican,2576.0,67.66,True,True
2018,Montana,MT,State House,38,general,Bert Pezzarossi,Democratic,1231.0,32.34,False,False
2018,Montana,MT,State House,39,general,Geraldine Custer,Republican,4165.0,100.0,True,True
2018,Montana,MT,State House,40,general,Barry Usher,Republican,3826.0,79.41,True,True
2018,Montana,MT,State House,40,general,Lisa Barton,Democratic,992.0,20.59,False,False
2018,Montana,MT,State House,41,general,Rae Peppers,Democratic,2001.0,100.0,True,True
2018,Montana,MT,State House,42,general,Sharon Stewart-Peregoy,Democratic,2748.0,100.0,True,True
2018,Montana,MT,State House,43,general,Peggy Webb,Republican,2785.0,64.9,True,True
2018,Montana,MT,State House,43,general,Blair Koch,Democratic,1506.0,35.1,False,False
2018,Montana,MT,State House,44,general,Dale Mortensen,Republican,2229.0,55.01,True,True
2018,Montana,MT,State House,44,general,Ming Cabrera,Democratic,1823.0,44.99,False,False
2018,Montana,MT,State House,45,general,Daniel Zolnikov,Republican,3150.0,66.84,True,True
2018,Montana,MT,State House,45,general,Danny Choriki,Democratic,1563.0,33.16,False,False
2018,Montana,MT,State House,46,general,Bill Mercer,Republican,3386.0,59.16,True,False
2018,Montana,MT,State House,46,general,Anne Giuliano,Democratic,2337.0,40.84,False,False
2018,Montana,MT,State House,47,general,Katharin Kelker,Democratic,2352.0,59.73,True,True
2018,Montana,MT,State House,47,general,Colton Zaugg,Republican,1586.0,40.27,False,False
2018,Montana,MT,State House,48,general,Jessica Karjala,Democratic,2465.0,54.33,True,True
2018,Montana,MT,State House,48,general,Denise Johnson,Republican,2072.0,45.67,False,False
2018,Montana,MT,State House,49,general,Emma Kerr-Carpenter,Democratic,1953.0,61.22,True,True
2018,Montana,MT,State House,49,general,Colin Nygaard,Republican,1237.0,38.78,False,False
2018,Montana,MT,State House,50,general,Jade Bahr,Democratic,1898.0,53.3,True,False
2018,Montana,MT,State House,50,general,Quentin Eggart,Republican,1473.0,41.36,False,False
2018,Montana,MT,State House,50,general,Nathan McKenty,Libertarian,190.0,5.34,False,False
2018,Montana,MT,State House,51,general,Frank Fleming,Republican,1838.0,50.23,True,True
2018,Montana,MT,State House,51,general,Darryl S. Wilson,Democratic,1821.0,49.77,False,False
2018,Montana,MT,State House,52,general,Rodney Garcia,Republican,1858.0,53.25,True,False
2018,Montana,MT,State House,52,general,Amelia Marquez,Democratic,1631.0,46.75,False,False
2018,Montana,MT,State House,53,general,Dennis Lenz,Republican,5240.0,72.06,True,True
2018,Montana,MT,State House,53,general,Clementine Lindley,Democratic,2032.0,27.94,False,False
2018,Montana,MT,State House,54,general,Terry Moore,Republican,3187.0,57.39,True,False
2018,Montana,MT,State House,54,general,Ben McKee,Democratic,2366.0,42.61,False,False
2018,Montana,MT,State House,55,general,Vince Ricci,Republican,3070.0,70.97,True,True
2018,Montana,MT,State House,55,general,Kathleen O'Donnell,Democratic,1256.0,29.03,False,False
2018,Montana,MT,State House,56,general,Sue Vinton,Republican,2822.0,67.51,True,True
2018,Montana,MT,State House,56,general,Janna J. Lind,Democratic,1358.0,32.49,False,False
2018,Montana,MT,State House,57,general,Forrest Mandeville,Republican,4466.0,100.0,True,True
2018,Montana,MT,State House,58,general,Seth Berglee,Republican,3540.0,59.08,True,True
2018,Montana,MT,State House,58,general,Anna Drew,Democratic,2452.0,40.92,False,False
2018,Montana,MT,State House,59,general,Alan Redfield,Republican,4041.0,66.56,True,True
2018,Montana,MT,State House,59,general,Quenby Iandiorio,Democratic,2030.0,33.44,False,False
2018,Montana,MT,State House,60,general,Laurie Bishop,Democratic,3232.0,57.52,True,True
2018,Montana,MT,State House,60,general,Dan Skattum,Republican,2387.0,42.48,False,False
2018,Montana,MT,State House,61,general,Jim Hamilton,Democratic,4906.0,74.86,True,True
2018,Montana,MT,State House,61,general,A. Alexander Fetto,Libertarian,1648.0,25.14,False,False
2018,Montana,MT,State House,62,general,Tom Woods,Democratic,5391.0,100.0,True,True
2018,Montana,MT,State House,63,general,Zach Brown,Democratic,3077.0,63.12,True,True
2018,Montana,MT,State House,63,general,Joey Chester,Republican,1798.0,36.88,False,False
2018,Montana,MT,State House,64,general,Kerry White,Republican,3607.0,53.06,True,True
2018,Montana,MT,State House,64,general,Denise Albrecht,Democratic,3191.0,46.94,False,False
2018,Montana,MT,State House,65,general,Christopher Pope,Democratic,4024.0,58.04,True,False
2018,Montana,MT,State House,65,general,Jane Gillette,Republican,2909.0,41.96,False,False
2018,Montana,MT,State House,66,general,Denise Hayman,Democratic,4382.0,100.0,True,True
2018,Montana,MT,State House,67,general,Tom Burnett,Republican,2682.0,54.49,True,True
2018,Montana,MT,State House,67,general,Kristine Menicucci,Democratic,2240.0,45.51,False,False
2018,Montana,MT,State House,68,general,Bruce Grubbs,Republican,3386.0,67.41,True,True
2018,Montana,MT,State House,68,general,Seth Mangini,Democratic,1637.0,32.59,False,False
2018,Montana,MT,State House,69,general,Walt Sales,Republican,4333.0,80.33,True,True
2018,Montana,MT,State House,69,general,Joshua-Luke O'Connor,Libertarian,1061.0,19.67,False,False
2018,Montana,MT,State House,70,general,Julie Dooling,Republican,4693.0,81.75,True,False
2018,Montana,MT,State House,70,general,Chris Richards,Libertarian,1048.0,18.25,False,False
2018,Montana,MT,State House,71,general,Ray Shaw,Republican,3662.0,57.9,True,True
2018,Montana,MT,State House,71,general,Jay A. Frederick,Democratic,1819.0,28.76,False,False
2018,Montana,MT,State House,71,general,Michael White,Libertarian,844.0,13.34,False,False
2018,Montana,MT,State House,72,general,Tom Welch,Republican,4132.0,77.25,True,True
2018,Montana,MT,State House,72,general,Bill Dwyer,Democratic,1217.0,22.75,False,False
2018,Montana,MT,State House,73,general,Jim Keane,Democratic,3622.0,100.0,True,True
2018,Montana,MT,State House,74,general,Derek Harvey,Democratic,3018.0,100.0,True,False
2018,Montana,MT,State House,75,general,Greg DeVries,Republican,3344.0,57.39,True,False
2018,Montana,MT,State House,75,general,J. Bryher Herak,Democratic,2483.0,42.61,False,False
2018,Montana,MT,State House,76,general,Ryan Lynch,Democratic,4570.0,100.0,True,True
2018,Montana,MT,State House,77,general,Mark Sweeney,Democratic,2980.0,59.56,True,False
2018,Montana,MT,State House,77,general,Heather Blom,Republican,1789.0,35.76,False,False
2018,Montana,MT,State House,77,general,Richard (Dick) Motta,Libertarian,234.0,4.68,False,False
2018,Montana,MT,State House,78,general,Gordon Pierson,Democratic,2598.0,100.0,True,True
2018,Montana,MT,State House,79,general,Robert Farris-Olsen,Democratic,4149.0,100.0,True,False
2018,Montana,MT,State House,80,general,Becky Beard,Republican,4200.0,71.39,True,True
2018,Montana,MT,State House,80,general,Catherine Scott,Democratic,1683.0,28.61,False,False
2018,Montana,MT,State House,81,general,Mary Caferro,Democratic,3794.0,100.0,True,False
2018,Montana,MT,State House,82,general,Moffie Funk,Democratic,3892.0,100.0,True,True
2018,Montana,MT,State House,83,general,Kim Abbott,Democratic,3454.0,100.0,True,True
2018,Montana,MT,State House,84,general,Mary Ann Dunwell,Democratic,3638.0,100.0,True,True
2018,Montana,MT,State House,85,general,Theresa Manzella,Republican,4170.0,69.76,True,True
2018,Montana,MT,State House,85,general,Laura Jackson,Democratic,1808.0,30.24,False,False
2018,Montana,MT,State House,86,general,David Bedey,Republican,3502.0,64.02,True,False
2018,Montana,MT,State House,86,general,Jason F. Nickisch,Democratic,1968.0,35.98,False,False
2018,Montana,MT,State House,87,general,Nancy Ballance,Republican,4371.0,100.0,True,True
2018,Montana,MT,State House,88,general,Sharon Greef,Republican,3669.0,63.15,True,False
2018,Montana,MT,State House,88,general,Margaret Gorski,Democratic,2141.0,36.85,False,False
2018,Montana,MT,State House,89,general,Katie Sullivan,Democratic,3121.0,62.42,True,False
2018,Montana,MT,State House,89,general,David (Doc) Moore,Republican,1879.0,37.58,False,False
2018,Montana,MT,State House,90,general,Marilyn Marler,Democratic,3575.0,67.85,True,False
2018,Montana,MT,State House,90,general,Nick Knowles,Republican,1694.0,32.15,False,False
2018,Montana,MT,State House,91,general,Connie Keogh,Democratic,5285.0,84.12,True,False
2018,Montana,MT,State House,91,general,Aldo Sardot,Republican,998.0,15.88,False,False
2018,Montana,MT,State House,92,general,Mike Hopkins,Republican,2667.0,52.69,True,True
2018,Montana,MT,State House,92,general,Lee Bridges,Democratic,2395.0,47.31,False,False
2018,Montana,MT,State House,93,general,Joe Read,Republican,2421.0,55.87,True,False
2018,Montana,MT,State House,93,general,Eldena N. Bear Don't Walk,Democratic,1912.0,44.13,False,False
2018,Montana,MT,State House,94,general,Kimberly Dudik,Democratic,2922.0,57.1,True,True
2018,Montana,MT,State House,94,general,Dean Rehbein,Republican,2195.0,42.9,False,False
2018,Montana,MT,State House,95,general,Shane Morigeau,Democratic,3608.0,77.26,True,True
2018,Montana,MT,State House,95,general,Donald Kenck,Republican,1062.0,22.74,False,False
2018,Montana,MT,State House,96,general,Tom Winter,Democratic,2869.0,50.35,True,False
2018,Montana,MT,State House,96,general,Adam Hertz,Republican,2829.0,49.65,False,True
2018,Montana,MT,State House,97,general,Brad Tschida,Republican,3125.0,58.2,True,True
2018,Montana,MT,State House,97,general,Patrick Maloney,Democratic,2244.0,41.8,False,False
2018,Montana,MT,State House,98,general,Willis Curdy,Democratic,3210.0,60.32,True,True
2018,Montana,MT,State House,98,general,Jim Sadler,Republican,1931.0,36.28,False,False
2018,Montana,MT,State House,98,general,Jessuah Bardgett,Libertarian,181.0,3.4,False,False
2018,Montana,MT,State House,99,general,Marilyn Ryan,Democratic,3357.0,60.96,True,True
2018,Montana,MT,State House,99,general,Randy Tschida,Republican,2150.0,39.04,False,False
2018,Montana,MT,State House,100,general,Andrea Olsen,Democratic,5104.0,100.0,True,True
2018,Nevada,NV,State House,1,general,Daniele Monroe-Moreno,Democratic,18958.0,100.0,True,True
2018,Nevada,NV,State House,2,general,John Hambrick,Republican,14597.0,51.87,True,True
2018,Nevada,NV,State House,2,general,Jennie Sherwood,Democratic,13543.0,48.13,False,False
2018,Nevada,NV,State House,3,general,Selena Torres,Democratic,10138.0,66.47,True,False
2018,Nevada,NV,State House,3,general,Stephen Sedlmeyer,Republican,5113.0,33.53,False,False
2018,Nevada,NV,State House,4,general,Connie Munk,Democratic,14530.0,49.07,True,False
2018,Nevada,NV,State House,4,general,Richard McArthur,Republican,14410.0,48.66,False,True
2018,Nevada,NV,State House,4,general,Bob Lystrup,Independent American,671.0,2.27,False,False
2018,Nevada,NV,State House,5,general,Brittney Miller,Democratic,11938.0,55.83,True,True
2018,Nevada,NV,State House,5,general,Jason Burke,Republican,9446.0,44.17,False,False
2018,Nevada,NV,State House,6,general,William McCurdy II,Democratic,10390.0,100.0,True,True
2018,Nevada,NV,State House,7,general,Dina Neal,Democratic,15032.0,100.0,True,True
2018,Nevada,NV,State House,8,general,Jason Frierson,Democratic,11686.0,60.28,True,True
2018,Nevada,NV,State House,8,general,Tina Peetris,Republican,7699.0,39.72,False,False
2018,Nevada,NV,State House,9,general,Steve Yeager,Democratic,15484.0,57.77,True,True
2018,Nevada,NV,State House,9,general,Linda Cannon,Republican,11317.0,42.23,False,False
2018,Nevada,NV,State House,10,general,Chris Brooks,Democratic,9179.0,63.72,True,True
2018,Nevada,NV,State House,10,general,Chris Hisgen,Republican,4757.0,33.02,False,False
2018,Nevada,NV,State House,10,general,Jonathan Friedrich,Independent American,469.0,3.26,False,False
2018,Nevada,NV,State House,11,general,Olivia Diaz,Democratic,6759.0,81.28,True,True
2018,Nevada,NV,State House,11,general,Gianna Miceli,Republican,1557.0,18.72,False,False
2018,Nevada,NV,State House,12,general,Susie Martinez,Democratic,12708.0,53.81,True,True
2018,Nevada,NV,State House,12,general,Richard Fletcher,Republican,10172.0,43.07,False,False
2018,Nevada,NV,State House,12,general,Mary Martinez,Independent American,736.0,3.12,False,False
2018,Nevada,NV,State House,13,general,Tom Roberts,Republican,17010.0,64.83,True,True
2018,Nevada,NV,State House,13,general,Leonard Foster,Independent American,9228.0,35.17,False,False
2018,Nevada,NV,State House,14,general,Maggie Carlton,Democratic,10365.0,100.0,True,True
2018,Nevada,NV,State House,15,general,Howard Watts III,Democratic,9347.0,66.45,True,False
2018,Nevada,NV,State House,15,general,Stan Vaughan,Republican,4719.0,33.55,False,False
2018,Nevada,NV,State House,16,general,Heidi Swank,Democratic,9106.0,65.35,True,True
2018,Nevada,NV,State House,17,general,Tyrone Thompson,Democratic,13798.0,66.0,True,True
2018,Nevada,NV,State House,17,general,Patricia Little,Republican,6586.0,31.5,False,False
2018,Nevada,NV,State House,17,general,Ronald Newsome,Libertarian,522.0,2.5,False,False
2018,Nevada,NV,State House,18,general,Richard Carrillo,Democratic,11373.0,65.32,True,True
2018,Nevada,NV,State House,18,general,Matt Sadler,Republican,6037.0,34.68,False,False
2018,Nevada,NV,State House,19,general,Chris Edwards,Republican,18328.0,100.0,True,True
2018,Nevada,NV,State House,20,general,Ellen Spiegel,Democratic,12029.0,62.1,True,True
2018,Nevada,NV,State House,20,general,Michael L. McDonald,Republican,7342.0,37.9,False,False
2018,Nevada,NV,State House,21,general,Ozzie Fumo,Democratic,12569.0,56.26,True,True
2018,Nevada,NV,State House,21,general,Cherlyn Arrington,Republican,9773.0,43.74,False,False
2018,Nevada,NV,State House,22,general,Melissa Hardy,Republican,17100.0,54.33,True,False
2018,Nevada,NV,State House,22,general,Kristee Watson,Democratic,14372.0,45.67,False,False
2018,Nevada,NV,State House,23,general,Glen Leavitt,Republican,24100.0,71.42,True,False
2018,Nevada,NV,State House,23,general,Ralph Preta,Independent American,9643.0,28.58,False,False
2018,Nevada,NV,State House,24,general,Sarah Peters,Democratic,16630.0,100.0,True,True
2018,Nevada,NV,State House,25,general,Jill Tolles,Republican,20383.0,59.01,True,True
2018,Nevada,NV,State House,25,general,Gregory Shorts,Democratic,14157.0,40.99,False,False
2018,Nevada,NV,State House,26,general,Lisa Krasner,Republican,20931.0,57.35,True,True
2018,Nevada,NV,State House,26,general,June Joseph,Democratic,15581.0,42.65,False,False
2018,Nevada,NV,State House,27,general,Teresa Benitez-Thompson,Democratic,18410.0,100.0,True,True
2018,Nevada,NV,State House,28,general,Edgar Flores,Democratic,7843.0,100.0,True,True
2018,Nevada,NV,State House,29,general,Lesley Cohen,Democratic,18489.0,51.44,True,True
2018,Nevada,NV,State House,29,general,Stephen H. Silberkraus,Republican,12171.0,46.35,False,False
2018,Nevada,NV,State House,29,general,Bruce James-Newman,Libertarian,582.0,2.22,False,False
2018,Nevada,NV,State House,30,general,Michael Sprinkle,Democratic,16205.0,100.0,True,True
2018,Nevada,NV,State House,31,general,Skip Daly,Democratic,15054.0,51.9,True,True
2018,Nevada,NV,State House,31,general,Jill Ann Dickman,Republican,13949.0,48.1,False,False
2018,Nevada,NV,State House,32,general,Alexis Hansen,Republican,17924.0,70.64,True,False
2018,Nevada,NV,State House,32,general,Paula Povilaitis,Democratic,7451.0,29.36,False,False
2018,Nevada,NV,State House,33,general,John Ellison,Republican,18319.0,100.0,True,True
2018,Nevada,NV,State House,34,general,Shannon Bilbray-Axelrod,Democratic,12878.0,59.18,True,True
2018,Nevada,NV,State House,34,general,Janice Wesen,Republican,8883.0,40.82,False,False
2018,Nevada,NV,State House,35,general,Michelle Gorelow,Democratic,14332.0,49.9,True,False
2018,Nevada,NV,State House,35,general,David Schoen,Republican,11485.0,39.99,False,False
2018,Nevada,NV,State House,35,general,Daniel Hofstein,Independent,2905.0,10.11,False,False
2018,Nevada,NV,State House,36,general,Dennis Hof,Republican,17179.0,63.07,True,False
2018,Nevada,NV,State House,36,general,Lesia Romanov,Democratic,10058.0,36.93,False,False
2018,Nevada,NV,State House,37,general,Shea Backus,Democratic,14222.0,50.24,True,False
2018,Nevada,NV,State House,37,general,Jim Marchant,Republican,14087.0,49.76,False,True
2018,Nevada,NV,State House,38,general,Robin L. Titus,Republican,21681.0,100.0,True,True
2018,Nevada,NV,State House,39,general,Jim Wheeler,Republican,22266.0,65.36,True,True
2018,Nevada,NV,State House,39,general,Patricia Ackerman,Democratic,11159.0,32.76,False,False
2018,Nevada,NV,State House,39,general,Paul Cwalina,Libertarian,642.0,1.88,False,False
2018,Nevada,NV,State House,40,general,Al Kramer,Republican,16963.0,59.39,True,True
2018,Nevada,NV,State House,40,general,Autumn Zemke,Democratic,11600.0,40.61,False,False
2018,Nevada,NV,State House,41,general,Sandra Jauregui,Democratic,12932.0,54.46,True,True
2018,Nevada,NV,State House,41,general,Paris Wade,Republican,10812.0,45.63,False,False
2018,Nevada,NV,State House,42,general,Alexander Assefa,Democratic,11093.0,100.0,True,False
2018,New Hampshire,NH,State House,BELKNAP 1,general,Harry Viens,Republican,923.0,53.9,True,False
2018,New Hampshire,NH,State House,BELKNAP 1,general,Ruth Gulick,Democratic,788.0,46.1,False,False
2018,New Hampshire,NH,State House,BELKNAP 2,general,Deanna Jurius,Republican,3337.0,13.4,True,False
2018,New Hampshire,NH,State House,BELKNAP 2,general,Harry Bean,Republican,3331.0,13.3,True,False
2018,New Hampshire,NH,State House,BELKNAP 2,general,Glen Aldrich,Republican,3324.0,13.3,True,True
2018,New Hampshire,NH,State House,BELKNAP 2,general,Jonathan Mackie,Republican,3143.0,12.6,True,False
2018,New Hampshire,NH,State House,BELKNAP 2,general,Diane Hanley,Democratic,2941.0,11.8,False,False
2018,New Hampshire,NH,State House,BELKNAP 2,general,Rosemary Uicker,Democratic,2830.0,11.3,False,False
2018,New Hampshire,NH,State House,BELKNAP 2,general,Dorothy Piquado,Democratic,2826.0,11.3,False,False
2018,New Hampshire,NH,State House,BELKNAP 2,general,Stephen McBrian,Democratic,2436.0,9.8,False,False
2018,New Hampshire,NH,State House,BELKNAP 2,general,Eliza Leadbeater,Independent,808.0,3.2,False,False
2018,New Hampshire,NH,State House,BELKNAP 3,general,Frank Tilton,Republican,3002.0,14.0,True,True
2018,New Hampshire,NH,State House,BELKNAP 3,general,Peter Spanos,Republican,3000.0,14.0,True,True
2018,New Hampshire,NH,State House,BELKNAP 3,general,Peter Huot,Democratic,2875.0,13.4,True,True
2018,New Hampshire,NH,State House,BELKNAP 3,general,Richard Beaudoin,Republican,2587.0,13.3,True,False
2018,New Hampshire,NH,State House,BELKNAP 3,general,Gail Ober,Democratic,2586.0,13.3,False,False
2018,New Hampshire,NH,State House,BELKNAP 3,general,Philip Spagnulo,Democratic,2542.0,11.6,False,True
2018,New Hampshire,NH,State House,BELKNAP 3,general,Hans Larsson,Republican,2504.0,11.7,False,False
2018,New Hampshire,NH,State House,BELKNAP 3,general,Carlos Cardona,Democratic,2344.0,10.9,False,False
2018,New Hampshire,NH,State House,BELKNAP 4,general,Dennis Fields,Republican,1422.0,27.4,True,True
2018,New Hampshire,NH,State House,BELKNAP 4,general,Timothy Lang,Republican,1380.0,26.6,True,True
2018,New Hampshire,NH,State House,BELKNAP 4,general,Stanley Robinson,Democratic,1200.0,23.1,False,False
2018,New Hampshire,NH,State House,BELKNAP 4,general,Charles Mitchell,Democratic,1184.0,22.8,False,False
2018,New Hampshire,NH,State House,BELKNAP 5,general,George Feeney,Republican,2512.0,31.4,True,False
2018,New Hampshire,NH,State House,BELKNAP 5,general,Peter Varney,Republican,2404.0,30.0,True,True
2018,New Hampshire,NH,State House,BELKNAP 5,general,Betty Ann Abbott,Democratic,1621.0,20.2,False,False
2018,New Hampshire,NH,State House,BELKNAP 5,general,Michelle Carter,Democratic,1463.0,18.3,False,False
2018,New Hampshire,NH,State House,BELKNAP 6,general,John Plumer,Republican,1442.0,30.7,True,True
2018,New Hampshire,NH,State House,BELKNAP 6,general,Mike Sylvia,Republican,1418.0,30.2,True,True
2018,New Hampshire,NH,State House,BELKNAP 6,general,Justin Borden,Democratic,1004.0,21.4,False,False
2018,New Hampshire,NH,State House,BELKNAP 6,general,George Condodemetraky,Democratic,828.0,17.6,False,False
2018,New Hampshire,NH,State House,BELKNAP 7,general,Barbara Comtois,Republican,1078.0,55.3,True,True
2018,New Hampshire,NH,State House,BELKNAP 7,general,Katherine Preston,Democratic,872.0,44.7,False,False
2018,New Hampshire,NH,State House,BELKNAP 8,general,Raymond Howard,Republican,3670.0,58.5,True,True
2018,New Hampshire,NH,State House,BELKNAP 8,general,Ruth Larson,Democratic,2600.0,41.5,False,False
2018,New Hampshire,NH,State House,BELKNAP 9,general,Charlie St. Clair,Democratic,4350.0,50.2,True,True
2018,New Hampshire,NH,State House,BELKNAP 9,general,Steven Whalley,Republican,4315.0,49.8,False,False
2018,New Hampshire,NH,State House,CARROLL 1,general,Anita Burroughs,Democratic,1281.0,54.4,True,False
2018,New Hampshire,NH,State House,CARROLL 1,general,Gene G. Chandler,Republican,1074.0,45.6,False,True
2018,New Hampshire,NH,State House,CARROLL 2,general,Tom Buco,Democratic,2323.0,19.8,True,True
2018,New Hampshire,NH,State House,CARROLL 2,general,Harrison Kanzler,Democratic,2304.0,19.6,True,False
2018,New Hampshire,NH,State House,CARROLL 2,general,Stephen Woodcock,Democratic,2187.0,18.6,True,False
2018,New Hampshire,NH,State House,CARROLL 2,general,Karen Umberger,Republican,1819.0,15.5,False,True
2018,New Hampshire,NH,State House,CARROLL 2,general,Frank McCarthy,Republican,1696.0,14.4,False,True
2018,New Hampshire,NH,State House,CARROLL 2,general,William Cuccio,Republican,1400.0,11.9,False,False
2018,New Hampshire,NH,State House,CARROLL 3,general,Jerry Knirk,Democratic,1911.0,35.1,True,True
2018,New Hampshire,NH,State House,CARROLL 3,general,Susan Ticehurst,Democratic,1861.0,34.2,True,False
2018,New Hampshire,NH,State House,CARROLL 3,general,Mark McConkey,Republican,1677.0,30.8,False,True
2018,New Hampshire,NH,State House,CARROLL 4,general,Glenn Cordelli,Republican,2504.0,28.1,True,True
2018,New Hampshire,NH,State House,CARROLL 4,general,Karel Crawford,Republican,2479.0,27.8,True,True
2018,New Hampshire,NH,State House,CARROLL 4,general,Caroline Nesbitt,Democratic,2004.0,22.4,False,False
2018,New Hampshire,NH,State House,CARROLL 4,general,John Morrissey,Democratic,1938.0,21.7,False,False
2018,New Hampshire,NH,State House,CARROLL 5,general,Bill Nelson,Republican,2424.0,20.29,True,True
2018,New Hampshire,NH,State House,CARROLL 5,general,Lino Avellani,Republican,2422.0,20.27,True,True
2018,New Hampshire,NH,State House,CARROLL 5,general,Ed Comeau,Republican,2407.0,20.16,True,True
2018,New Hampshire,NH,State House,CARROLL 5,general,Theresa Swanick,Democratic,1651.0,13.82,False,False
2018,New Hampshire,NH,State House,CARROLL 5,general,Patricia Pustell,Democratic,1530.0,12.81,False,False
2018,New Hampshire,NH,State House,CARROLL 5,general,Knute Ogren,Democratic,1511.0,12.64,False,False
2018,New Hampshire,NH,State House,CARROLL 6,general,John MacDonald,Republican,1859.0,27.3,True,False
2018,New Hampshire,NH,State House,CARROLL 6,general,Edith DesMarais,Democratic,1738.0,25.6,True,True
2018,New Hampshire,NH,State House,CARROLL 6,general,Matthew Plache,Republican,1647.0,24.2,False,False
2018,New Hampshire,NH,State House,CARROLL 6,general,David Owen,Democratic,1554.0,22.9,False,False
2018,New Hampshire,NH,State House,CARROLL 7,general,Ed Butler,Democratic,6317.0,61.3,True,True
2018,New Hampshire,NH,State House,CARROLL 7,general,Joseph Mosca,Republican,3990.0,38.7,False,False
2018,New Hampshire,NH,State House,CARROLL 8,general,William Marsh,Republican,5639.0,60.3,True,True
2018,New Hampshire,NH,State House,CARROLL 8,general,Richard Stuart,Democratic,3717.0,39.7,False,False
2018,New Hampshire,NH,State House,CHESHIRE 1,general,Michael Abbot,Democratic,3458.0,21.9,True,True
2018,New Hampshire,NH,State House,CHESHIRE 1,general,Cathryn Harvey,Democratic,3369.0,21.3,True,True
2018,New Hampshire,NH,State House,CHESHIRE 1,general,Lucy Weber,Democratic,3358.0,21.2,True,True
2018,New Hampshire,NH,State House,CHESHIRE 1,general,Paul Berch,Democratic,3270.0,20.7,True,True
2018,New Hampshire,NH,State House,CHESHIRE 1,general,Kate Day,Republican,2336.0,14.8,False,False
2018,New Hampshire,NH,State House,CHESHIRE 2,general,John Mann,Democratic,908.0,55.9,True,True
2018,New Hampshire,NH,State House,CHESHIRE 2,general,Anne Cartwright,Republican,716.0,44.1,False,False
2018,New Hampshire,NH,State House,CHESHIRE 3,general,Daniel Eaton,Democratic,916.0,57.0,True,False
2018,New Hampshire,NH,State House,CHESHIRE 3,general,Robert D'Arcy,Republican,690.0,43.0,False,False
2018,New Hampshire,NH,State House,CHESHIRE 4,general,David Morrill,Democratic,974.0,84.9,True,False
2018,New Hampshire,NH,State House,CHESHIRE 4,general,David Crawford,Libertarian,173.0,15.1,False,False
2018,New Hampshire,NH,State House,CHESHIRE 5,general,John Bordenet,Democratic,1475.0,99.5,True,True
2018,New Hampshire,NH,State House,CHESHIRE 6,general,David Meader,Democratic,1391.0,98.9,True,True
2018,New Hampshire,NH,State House,CHESHIRE 7,general,Sparky Von Plinsky,Democratic,1398.0,85.1,True,False
2018,New Hampshire,NH,State House,CHESHIRE 7,general,Robert Call,Libertarian,244.0,14.9,False,False
2018,New Hampshire,NH,State House,CHESHIRE 8,general,Donovan Fenton,Democratic,1576.0,70.4,True,True
2018,New Hampshire,NH,State House,CHESHIRE 8,general,John Terriault,Republican,661.0,29.6,False,False
2018,New Hampshire,NH,State House,CHESHIRE 9,general,Richard Ames,Democratic,2255.0,38.6,True,True
2018,New Hampshire,NH,State House,CHESHIRE 9,general,Douglas Ley,Democratic,2096.0,35.8,True,True
2018,New Hampshire,NH,State House,CHESHIRE 9,general,Christopher Mazerall,Republican,1498.0,25.6,False,False
2018,New Hampshire,NH,State House,CHESHIRE 10,general,Sandy Swinburne,Democratic,1020.0,61.7,True,False
2018,New Hampshire,NH,State House,CHESHIRE 10,general,Ed Bryans,Republican,633.0,38.3,False,False
2018,New Hampshire,NH,State House,CHESHIRE 11,general,John B. Hunt,Republican,1947.0,29.9,True,True
2018,New Hampshire,NH,State House,CHESHIRE 11,general,John O'Day,Republican,1684.0,25.8,True,True
2018,New Hampshire,NH,State House,CHESHIRE 11,general,Patricia Martin,Democratic,1449.0,22.2,False,False
2018,New Hampshire,NH,State House,CHESHIRE 11,general,Susan Silverman,Democratic,1439.0,22.1,False,False
2018,New Hampshire,NH,State House,CHESHIRE 12,general,Jennie Gomarlo,Democratic,1811.0,30.0,True,False
2018,New Hampshire,NH,State House,CHESHIRE 12,general,Barry Faulkner,Democratic,1561.0,25.0,True,True
2018,New Hampshire,NH,State House,CHESHIRE 12,general,Jim McConnell,Republican,1518.0,24.3,False,True
2018,New Hampshire,NH,State House,CHESHIRE 12,general,David Pierce,Republican,1358.0,21.7,False,False
2018,New Hampshire,NH,State House,CHESHIRE 13,general,Henry Parkhurst,Democratic,763.0,58.6,True,True
2018,New Hampshire,NH,State House,CHESHIRE 13,general,Chester Lapointe,Republican,538.0,41.4,False,False
2018,New Hampshire,NH,State House,CHESHIRE 14,general,Craig Thompson,Democratic,3671.0,50.8,True,False
2018,New Hampshire,NH,State House,CHESHIRE 14,general,Franklin Sterling,Republican,3550.0,49.2,False,True
2018,New Hampshire,NH,State House,CHESHIRE 15,general,Bruce Tatro,Democratic,3579.0,57.2,True,True
2018,New Hampshire,NH,State House,CHESHIRE 15,general,Stephen Malone,Republican,2674.0,42.8,False,False
2018,New Hampshire,NH,State House,CHESHIRE 16,general,Joe Schapiro,Democratic,6200.0,47.5,True,False
2018,New Hampshire,NH,State House,CHESHIRE 16,general,William Pearson,Democratic,5805.0,44.5,True,True
2018,New Hampshire,NH,State House,CHESHIRE 16,general,Daryl Perry,Libertarian,1034.0,7.9,False,False
2018,New Hampshire,NH,State House,CHESHIRE 16,general,Jon Fothergill,Republican,1501.0,55.1,True,True
2018,New Hampshire,NH,State House,CHESHIRE 16,general,Michael Furbush,Republican,1191.0,43.8,True,False
2018,New Hampshire,NH,State House,CHESHIRE 16,general,Wayne Moynihan,Democratic,1026.0,98.8,True,True
2018,New Hampshire,NH,State House,CHESHIRE 16,general,Larry Laflamme,Democratic,1638.0,23.9,True,True
2018,New Hampshire,NH,State House,CHESHIRE 16,general,Yvonne Thomas,Democratic,1523.0,22.2,True,True
2018,New Hampshire,NH,State House,CHESHIRE 16,general,Henry Noel,Democratic,1474.0,21.5,True,False
2018,New Hampshire,NH,State House,CHESHIRE 16,general,Robert Theberge,Republican,1290.0,18.8,False,True
2018,New Hampshire,NH,State House,CHESHIRE 16,general,Gaston Gingues,Republican,749.0,10.9,False,False
2018,New Hampshire,NH,State House,CHESHIRE 16,general,Stuart Light,Libertarian,191.0,2.8,False,False
2018,New Hampshire,NH,State House,CHESHIRE 16,general,Kevin Craig,Republican,786.0,50.1,True,False
2018,New Hampshire,NH,State House,CHESHIRE 16,general,Herb Richardson,Democratic,782.0,49.9,False,True
2018,New Hampshire,NH,State House,CHESHIRE 16,general,Edith Tucker,Democratic,1300.0,98.4,True,True
2018,New Hampshire,NH,State House,CHESHIRE 16,general,William Hatch,Democratic,893.0,99.0,True,True
2018,New Hampshire,NH,State House,CHESHIRE 16,general,Troy Merner,Republican,2672.0,53.2,True,True
2018,New Hampshire,NH,State House,CHESHIRE 16,general,Cathleen Fountain,Democratic,2347.0,46.8,False,False
2018,New Hampshire,NH,State House,GRAFTON 1,general,Linda Massimilla,Democratic,1882.0,30.1,True,True
2018,New Hampshire,NH,State House,GRAFTON 1,general,Erin Hennessey,Republican,1729.0,27.7,True,True
2018,New Hampshire,NH,State House,GRAFTON 1,general,Jan Edick,Democratic,1412.0,22.6,False,False
2018,New Hampshire,NH,State House,GRAFTON 1,general,Calvin Beaulier,Republican,1222.0,19.6,False,False
2018,New Hampshire,NH,State House,GRAFTON 2,general,Timothy Egan,Democratic,1208.0,55.6,True,False
2018,New Hampshire,NH,State House,GRAFTON 2,general,Robert Peraino,Republican,963.0,44.4,False,False
2018,New Hampshire,NH,State House,GRAFTON 3,general,Susan Ford,Democratic,1238.0,55.1,True,True
2018,New Hampshire,NH,State House,GRAFTON 3,general,Ben Hight,Republican,1009.0,44.9,False,False
2018,New Hampshire,NH,State House,GRAFTON 4,general,Rick Ladd,Republican,1186.0,98.1,True,True
2018,New Hampshire,NH,State House,GRAFTON 5,general,Jerry Stringham,Democratic,749.0,50.4,True,False
2018,New Hampshire,NH,State House,GRAFTON 5,general,Bonnie Ham,Republican,735.0,49.5,False,True
2018,New Hampshire,NH,State House,GRAFTON 6,general,Kevin Maes,Democratic,1174.0,51.7,True,True
2018,New Hampshire,NH,State House,GRAFTON 6,general,Gail Sanborn,Republican,1095.0,48.3,False,False
2018,New Hampshire,NH,State House,GRAFTON 7,general,Richard Osborne,Democratic,809.0,52.4,True,False
2018,New Hampshire,NH,State House,GRAFTON 7,general,Tiffany Johnson,Republican,735.0,47.6,False,True
2018,New Hampshire,NH,State House,GRAFTON 8,general,Suzanne Smith,Democratic,2528.0,22.8,True,True
2018,New Hampshire,NH,State House,GRAFTON 8,general,Sallie Fellows,Democratic,2447.0,22.1,True,False
2018,New Hampshire,NH,State House,GRAFTON 8,general,Joyce Weston,Democratic,2360.0,21.3,True,False
2018,New Hampshire,NH,State House,GRAFTON 8,general,Lynn Durham,Republican,1309.0,11.8,False,False
2018,New Hampshire,NH,State House,GRAFTON 8,general,David Nash,Republican,1291.0,11.7,False,False
2018,New Hampshire,NH,State House,GRAFTON 8,general,Mark Marquis,Republican,1146.0,10.3,False,False
2018,New Hampshire,NH,State House,GRAFTON 9,general,Ned Gordon,Republican,2386.0,34.0,True,False
2018,New Hampshire,NH,State House,GRAFTON 9,general,Vincent Migliore,Republican,1723.0,24.6,True,True
2018,New Hampshire,NH,State House,GRAFTON 9,general,Catherine Mulholland,Democratic,1558.0,22.2,False,False
2018,New Hampshire,NH,State House,GRAFTON 9,general,Tejasinha Sivalingam,Democratic,1054.0,15.0,False,False
2018,New Hampshire,NH,State House,GRAFTON 9,general,John Babiarz,Libertarian,175.0,2.5,False,False
2018,New Hampshire,NH,State House,GRAFTON 9,general,Rosalie Babiarz,Libertarian,113.0,1.6,False,False
2018,New Hampshire,NH,State House,GRAFTON 10,general,Roger Dontonville,Democratic,1421.0,98.3,True,False
2018,New Hampshire,NH,State House,GRAFTON 11,general,Timothy Josephson,Democratic,1042.0,52.9,True,True
2018,New Hampshire,NH,State House,GRAFTON 11,general,Roy Russell,Republican,927.0,47.1,False,False
2018,New Hampshire,NH,State House,GRAFTON 12,general,Sharon Nordgren,Democratic,5712.0,24.5,True,True
2018,New Hampshire,NH,State House,GRAFTON 12,general,Polly Campion,Democratic,5699.0,24.4,True,True
2018,New Hampshire,NH,State House,GRAFTON 12,general,Garrett Muscatel,Democratic,5582.0,24.0,True,False
2018,New Hampshire,NH,State House,GRAFTON 12,general,Mary Jane Mulligan,Democratic,5155.0,22.1,True,True
2018,New Hampshire,NH,State House,GRAFTON 12,general,Baronet Harrington,Republican,1152.0,4.9,False,False
2018,New Hampshire,NH,State House,GRAFTON 13,general,Susan Almy,Democratic,4422.0,23.4,True,True
2018,New Hampshire,NH,State House,GRAFTON 13,general,George Sykes,Democratic,4328.0,22.9,True,True
2018,New Hampshire,NH,State House,GRAFTON 13,general,Laurel Stavis,Democratic,4318.0,22.8,True,False
2018,New Hampshire,NH,State House,GRAFTON 13,general,Richard Abel,Democratic,4202.0,22.2,True,True
2018,New Hampshire,NH,State House,GRAFTON 13,general,Michael Balog,Republican,1636.0,8.7,False,False
2018,New Hampshire,NH,State House,GRAFTON 14,general,Elaine French,Democratic,2915.0,53.7,True,False
2018,New Hampshire,NH,State House,GRAFTON 14,general,Dennis Wagner,Republican,2515.0,46.3,False,False
2018,New Hampshire,NH,State House,GRAFTON 15,general,Denny Ruprecht,Democratic,2127.0,55.0,True,False
2018,New Hampshire,NH,State House,GRAFTON 15,general,Rebecca Bailey,Republican,1737.0,45.0,False,False
2018,New Hampshire,NH,State House,GRAFTON 16,general,Francesca Diggs,Democratic,2129.0,52.3,True,False
2018,New Hampshire,NH,State House,GRAFTON 16,general,Linda Luhtala,Republican,2000.0,47.7,False,False
2018,New Hampshire,NH,State House,GRAFTON 17,general,Joshua Adjutant,Democratic,3088.0,52.6,True,False
2018,New Hampshire,NH,State House,GRAFTON 17,general,Stephen Darrow,Republican,2782.0,47.4,False,True
2018,New Hampshire,NH,State House,HILLSBOROUGH 1,general,Jim Fedolfi,Republican,1745.0,32.8,True,True
2018,New Hampshire,NH,State House,HILLSBOROUGH 1,general,Marjorie Porter,Democratic,1676.0,31.5,True,True
2018,New Hampshire,NH,State House,HILLSBOROUGH 1,general,Richard McNamara,Democratic,1536.0,28.9,False,False
2018,New Hampshire,NH,State House,HILLSBOROUGH 1,general,Keith Cobbett,Libertarian,365.0,6.8,False,False
2018,New Hampshire,NH,State House,HILLSBOROUGH 2,general,Keith Erf,Republican,2236.0,19.3,True,False
2018,New Hampshire,NH,State House,HILLSBOROUGH 2,general,Gary Hopper,Republican,2019.0,17.4,True,True
2018,New Hampshire,NH,State House,HILLSBOROUGH 2,general,JP Marzullo,Republican,1912.0,16.5,True,False
2018,New Hampshire,NH,State House,HILLSBOROUGH 2,general,Aaron Gill,Democratic,1883.0,16.2,False,False
2018,New Hampshire,NH,State House,HILLSBOROUGH 2,general,Rebecca Mitchell,Democratic,1408.0,12.1,False,False
2018,New Hampshire,NH,State House,HILLSBOROUGH 2,general,Rachel Sisto,Democratic,1385.0,11.9,False,False
2018,New Hampshire,NH,State House,HILLSBOROUGH 2,general,Lisa Wilber,Libertarian,755.0,6.5,False,False
2018,New Hampshire,NH,State House,HILLSBOROUGH 3,general,Dan Pickering,Democratic,1331.0,55.4,True,False
2018,New Hampshire,NH,State House,HILLSBOROUGH 3,general,Tim Lord,Republican,1037.0,44.6,False,False
2018,New Hampshire,NH,State House,HILLSBOROUGH 4,general,Jennifer Bernet,Democratic,2073.0,26.7,True,False
2018,New Hampshire,NH,State House,HILLSBOROUGH 4,general,Kermit Williams,Democratic,2001.0,25.8,True,True
2018,New Hampshire,NH,State House,HILLSBOROUGH 4,general,Jim Kofalt,Republican,1886.0,24.3,False,False
2018,New Hampshire,NH,State House,HILLSBOROUGH 4,general,Ron Shattuck,Republican,1804.0,23.2,False,False
2018,New Hampshire,NH,State House,HILLSBOROUGH 5,general,David Woodbury,Democratic,2001.0,25.9,True,False
2018,New Hampshire,NH,State House,HILLSBOROUGH 5,general,Donna Mombourquette,Democratic,1944.0,25.1,True,False
2018,New Hampshire,NH,State House,HILLSBOROUGH 5,general,Gerald Griffin,Republican,1936.0,25.0,False,True
2018,New Hampshire,NH,State House,HILLSBOROUGH 5,general,Glen Dickey,Republican,1851.0,23.9,False,True
2018,New Hampshire,NH,State House,HILLSBOROUGH 6,general,Barbara Griffin,Republican,3376.0,11.1,True,True
2018,New Hampshire,NH,State House,HILLSBOROUGH 6,general,Michael Gunski,Republican,3279.0,10.8,True,False
2018,New Hampshire,NH,State House,HILLSBOROUGH 6,general,Cole Riel,Democratic,3039.0,10.0,True,False
2018,New Hampshire,NH,State House,HILLSBOROUGH 6,general,Fred Plett,Republican,3009.0,9.9,True,False
2018,New Hampshire,NH,State House,HILLSBOROUGH 6,general,Joe Alexander,Republican,2966.0,9.74,True,False
2018,New Hampshire,NH,State House,HILLSBOROUGH 6,general,Jeffrey Day,Republican,2957.0,9.71,False,False
2018,New Hampshire,NH,State House,HILLSBOROUGH 6,general,Judi Lanza,Democratic,2930.0,9.6,False,False
2018,New Hampshire,NH,State House,HILLSBOROUGH 6,general,Reta MacGregor,Democratic,2879.0,9.4,False,False
2018,New Hampshire,NH,State House,HILLSBOROUGH 6,general,Melanie Renfrew-Hebert,Democratic,2876.0,9.4,False,False
2018,New Hampshire,NH,State House,HILLSBOROUGH 6,general,Eric Emmerling,Democratic,2605.0,8.5,False,False
2018,New Hampshire,NH,State House,HILLSBOROUGH 6,general,Richard Manzo,Libertarian,517.0,1.7,False,False
2018,New Hampshire,NH,State House,HILLSBOROUGH 7,general,Linda Gould,Republican,7090.0,9.9,True,True
2018,New Hampshire,NH,State House,HILLSBOROUGH 7,general,Bart Fromuth,Republican,6229.0,8.6,True,True
2018,New Hampshire,NH,State House,HILLSBOROUGH 7,general,David Danielson,Republican,6473.0,9.2,True,True
2018,New Hampshire,NH,State House,HILLSBOROUGH 7,general,John Graham,Republican,6156.0,8.9,True,True
2018,New Hampshire,NH,State House,HILLSBOROUGH 7,general,Linda Camarota,Republican,6029.0,8.7,True,False
2018,New Hampshire,NH,State House,HILLSBOROUGH 7,general,Michael Trento,Republican,5977.0,8.8,True,False
2018,New Hampshire,NH,State House,HILLSBOROUGH 7,general,Phil Griazzo,Republican,1006.0,10.2,False,False
2018,New Hampshire,NH,State House,HILLSBOROUGH 7,general,Robin Milnes,Republican,913.0,9.3,False,False
2018,New Hampshire,NH,State House,HILLSBOROUGH 7,general,Sue Mullen,Democratic,5569.0,10.0,True,False
2018,New Hampshire,NH,State House,HILLSBOROUGH 7,general,Catherine Rombeau,Democratic,4275.0,7.7,False,False
2018,New Hampshire,NH,State House,HILLSBOROUGH 7,general,Wayne Goldner,Democratic,3944.0,7.1,False,False
2018,New Hampshire,NH,State House,HILLSBOROUGH 7,general,Kamee Leshner,Democratic,3747.0,6.7,False,False
2018,New Hampshire,NH,State House,HILLSBOROUGH 7,general,Richard Friedman,Democratic,3717.0,6.7,False,False
2018,New Hampshire,NH,State House,HILLSBOROUGH 7,general,Jerry Hanauer,Democratic,3571.0,6.4,False,False
2018,New Hampshire,NH,State House,HILLSBOROUGH 7,general,Spencer Dias,Libertarian,583.0,1.1,False,False
2018,New Hampshire,NH,State House,HILLSBOROUGH 8,general,Jeff Goley,Democratic,2313.0,35.8,True,True
2018,New Hampshire,NH,State House,HILLSBOROUGH 8,general,Diane Langley,Democratic,2242.0,34.7,True,False
2018,New Hampshire,NH,State House,HILLSBOROUGH 8,general,Andrew Fromuth,Republican,1905.0,29.5,False,False
2018,New Hampshire,NH,State House,HILLSBOROUGH 9,general,Linda DiSilvestro,Democratic,2149.0,32.2,True,True
2018,New Hampshire,NH,State House,HILLSBOROUGH 9,general,Iz Piedra,Democratic,1825.0,27.3,True,False
2018,New Hampshire,NH,State House,HILLSBOROUGH 9,general,Doug Whitfield,Republican,1394.0,20.9,False,False
2018,New Hampshire,NH,State House,HILLSBOROUGH 9,general,Anthony Pugh,Republican,1304.0,19.5,False,False
2018,New Hampshire,NH,State House,HILLSBOROUGH 10,general,Pat Long,Democratic,1402.0,34.7,True,True
2018,New Hampshire,NH,State House,HILLSBOROUGH 10,general,Jean Jeudy,Democratic,1339.0,33.1,True,True
2018,New Hampshire,NH,State House,HILLSBOROUGH 10,general,Daniel Heck,Republican,601.0,14.9,False,False
2018,New Hampshire,NH,State House,HILLSBOROUGH 10,general,Holly Seal,Republican,580.0,14.3,False,False
2018,New Hampshire,NH,State House,HILLSBOROUGH 10,general,Nicholas Goroff,Libertarian,118.0,2.9,False,False
2018,New Hampshire,NH,State House,HILLSBOROUGH 11,general,Nicole Klein,Democratic,1294.0,30.9,True,False
2018,New Hampshire,NH,State House,HILLSBOROUGH 11,general,Donald Bouchard,Democratic,1268.0,30.3,True,False
2018,New Hampshire,NH,State House,HILLSBOROUGH 11,general,Jean Mathieu,Republican,886.0,21.2,False,False
2018,New Hampshire,NH,State House,HILLSBOROUGH 11,general,Mikey Leviss,Republican,737.0,17.6,False,False
2018,New Hampshire,NH,State House,HILLSBOROUGH 12,general,Amanda Bouldin,Democratic,1063.0,39.0,True,True
2018,New Hampshire,NH,State House,HILLSBOROUGH 12,general,Andrew Bouldin,Democratic,940.0,34.5,True,False
2018,New Hampshire,NH,State House,HILLSBOROUGH 12,general,Lisa Freeman,Republican,886.0,32.5,False,True
2018,New Hampshire,NH,State House,HILLSBOROUGH 13,general,Kathy Desjardin,Democratic,1789.0,26.6,True,False
2018,New Hampshire,NH,State House,HILLSBOROUGH 13,general,Larry Gagne,Republican,1771.0,26.3,True,True
2018,New Hampshire,NH,State House,HILLSBOROUGH 13,general,Peter Macone,Democratic,1621.0,24.1,False,False
2018,New Hampshire,NH,State House,HILLSBOROUGH 13,general,Kirk McConville,Republican,1557.0,23.1,False,False
2018,New Hampshire,NH,State House,HILLSBOROUGH 14,general,Mary Freitas,Democratic,1437.0,30.2,True,True
2018,New Hampshire,NH,State House,HILLSBOROUGH 14,general,Mary Heath,Democratic,1379.0,29.0,True,True
2018,New Hampshire,NH,State House,HILLSBOROUGH 14,general,Andreas Reif,Republican,992.0,20.8,False,False
2018,New Hampshire,NH,State House,HILLSBOROUGH 14,general,Roland Six,Republican,952.0,20.0,False,False
2018,New Hampshire,NH,State House,HILLSBOROUGH 15,general,Erika Conners,Democratic,1928.0,28.7,True,True
2018,New Hampshire,NH,State House,HILLSBOROUGH 15,general,Mark Warden,Republican,1795.0,26.7,True,False
2018,New Hampshire,NH,State House,HILLSBOROUGH 15,general,Angel Brisson,Republican,1513.0,22.5,False,False
2018,New Hampshire,NH,State House,HILLSBOROUGH 15,general,Ryan Curran,Democratic,1480.0,22.0,False,False
2018,New Hampshire,NH,State House,HILLSBOROUGH 16,general,Barbara Shaw,Democratic,1614.0,30.6,True,True
2018,New Hampshire,NH,State House,HILLSBOROUGH 16,general,Joshua Query,Democratic,1290.0,24.4,True,False
2018,New Hampshire,NH,State House,HILLSBOROUGH 16,general,Victoria Sullivan,Republican,1213.0,23.0,False,True
2018,New Hampshire,NH,State House,HILLSBOROUGH 16,general,Thomas Robert,Republican,1164.0,22.0,False,False
2018,New Hampshire,NH,State House,HILLSBOROUGH 17,general,Heidi Hamer,Democratic,1569.0,29.1,True,False
2018,New Hampshire,NH,State House,HILLSBOROUGH 17,general,Timothy Smith,Democratic,1364.0,25.3,True,True
2018,New Hampshire,NH,State House,HILLSBOROUGH 17,general,Tammy Simmons,Republican,1234.0,22.9,False,False
2018,New Hampshire,NH,State House,HILLSBOROUGH 17,general,Dan Garthwaite,Republican,1164.0,21.6,False,False
2018,New Hampshire,NH,State House,HILLSBOROUGH 18,general,Patricia Cornell,Democratic,1257.0,31.4,True,True
2018,New Hampshire,NH,State House,HILLSBOROUGH 18,general,Willis Griffith,Democratic,1116.0,27.9,True,False
2018,New Hampshire,NH,State House,HILLSBOROUGH 18,general,Brittany Ping,Republican,819.0,20.4,False,False
2018,New Hampshire,NH,State House,HILLSBOROUGH 18,general,Joshua Holmes,Republican,814.0,20.3,False,False
2018,New Hampshire,NH,State House,HILLSBOROUGH 19,general,Bob Backus,Democratic,1721.0,28.6,True,True
2018,New Hampshire,NH,State House,HILLSBOROUGH 19,general,Kendall Snow,Democratic,1644.0,27.3,True,False
2018,New Hampshire,NH,State House,HILLSBOROUGH 19,general,Patrick Sweeney,Republican,1345.0,22.3,False,False
2018,New Hampshire,NH,State House,HILLSBOROUGH 19,general,Dick Marston,Republican,1309.0,21.7,False,False
2018,New Hampshire,NH,State House,HILLSBOROUGH 20,general,Rich Lascelles,Republican,2088.0,31.3,True,True
2018,New Hampshire,NH,State House,HILLSBOROUGH 20,general,Ralph Boehm,Republican,1945.0,29.2,True,False
2018,New Hampshire,NH,State House,HILLSBOROUGH 20,general,Daniel Westervelt,Democratic,1419.0,21.3,False,False
2018,New Hampshire,NH,State House,HILLSBOROUGH 20,general,Geoffrey Westervelt,Democratic,1220.0,18.3,False,False
2018,New Hampshire,NH,State House,HILLSBOROUGH 21,general,Bob L'Heureux,Republican,5698.0,7.0,True,True
2018,New Hampshire,NH,State House,HILLSBOROUGH 21,general,Rosemarie Rung,Democratic,5440.0,6.7,True,False
2018,New Hampshire,NH,State House,HILLSBOROUGH 21,general,Nancy Murphy,Democratic,5414.0,6.6,True,False
2018,New Hampshire,NH,State House,HILLSBOROUGH 21,general,Jeanine Notter,Republican,5405.0,6.6,True,True
2018,New Hampshire,NH,State House,HILLSBOROUGH 21,general,Dick Barry,Republican,5327.0,6.5,True,True
2018,New Hampshire,NH,State House,HILLSBOROUGH 21,general,Dick Hinch,Republican,5304.0,6.5,True,True
2018,New Hampshire,NH,State House,HILLSBOROUGH 21,general,Wendy Thomas,Democratic,5294.0,6.5,True,False
2018,New Hampshire,NH,State House,HILLSBOROUGH 21,general,Kathryn Stack,Democratic,5110.0,6.3,True,False
2018,New Hampshire,NH,State House,HILLSBOROUGH 21,general,Brenda Grady,Democratic,5040.0,6.2,False,False
2018,New Hampshire,NH,State House,HILLSBOROUGH 21,general,Lindsey Tausch,Republican,5003.0,6.1,False,False
2018,New Hampshire,NH,State House,HILLSBOROUGH 21,general,Jack Balcom,Republican,4990.0,6.1,False,False
2018,New Hampshire,NH,State House,HILLSBOROUGH 21,general,Kim Kojak,Democratic,4817.0,5.9,False,False
2018,New Hampshire,NH,State House,HILLSBOROUGH 21,general,Chuck Mower,Democratic,4770.0,5.8,False,False
2018,New Hampshire,NH,State House,HILLSBOROUGH 21,general,Keith Jeffrey,Republican,4769.0,5.8,False,False
2018,New Hampshire,NH,State House,HILLSBOROUGH 21,general,John Washburn,Republican,4711.0,5.8,False,False
2018,New Hampshire,NH,State House,HILLSBOROUGH 21,general,Bryan Stisser,Democratic,4475.0,5.5,False,False
2018,New Hampshire,NH,State House,HILLSBOROUGH 22,general,Megan Murray,Democratic,3243.0,18.8,True,False
2018,New Hampshire,NH,State House,HILLSBOROUGH 22,general,Julie Radhakrishnan,Democratic,2999.0,17.4,True,False
2018,New Hampshire,NH,State House,HILLSBOROUGH 22,general,Reed Panasiti,Republican,2872.0,16.7,True,True
2018,New Hampshire,NH,State House,HILLSBOROUGH 22,general,Daniel Veilleux,Democratic,2859.0,16.6,False,False
2018,New Hampshire,NH,State House,HILLSBOROUGH 22,general,Peter Hansen,Republican,2726.0,15.8,False,True
2018,New Hampshire,NH,State House,HILLSBOROUGH 22,general,Scott Courtemanche,Republican,2521.0,14.6,False,False
2018,New Hampshire,NH,State House,HILLSBOROUGH 23,general,Joelle Martin,Democratic,3310.0,14.5,True,True
2018,New Hampshire,NH,State House,HILLSBOROUGH 23,general,Paul Dargie,Democratic,3110.0,13.7,True,False
2018,New Hampshire,NH,State House,HILLSBOROUGH 23,general,Peter Petrigno,Democratic,3106.0,13.6,True,False
2018,New Hampshire,NH,State House,HILLSBOROUGH 23,general,Charlie Burns,Republican,2745.0,12.1,True,True
2018,New Hampshire,NH,State House,HILLSBOROUGH 23,general,John Frazier,Democratic,2721.0,11.9,False,False
2018,New Hampshire,NH,State House,HILLSBOROUGH 23,general,Carolyn Halstead,Republican,2655.0,11.7,False,True
2018,New Hampshire,NH,State House,HILLSBOROUGH 23,general,Michael Thornton,Republican,2558.0,11.2,False,False
2018,New Hampshire,NH,State House,HILLSBOROUGH 23,general,John Yule,Republican,2551.0,11.2,False,False
2018,New Hampshire,NH,State House,HILLSBOROUGH 24,general,Peter Leishman,Democratic,2232.0,49.5,True,True
2018,New Hampshire,NH,State House,HILLSBOROUGH 24,general,Ivy Vann,Democratic,2232.0,49.5,True,True
2018,New Hampshire,NH,State House,HILLSBOROUGH 25,general,Paul Somero,Republican,1906.0,31.8,True,True
2018,New Hampshire,NH,State House,HILLSBOROUGH 25,general,Tim Merlino,Republican,1850.0,30.9,True,False
2018,New Hampshire,NH,State House,HILLSBOROUGH 25,general,Laura Lynch,Democratic,1128.0,18.8,False,False
2018,New Hampshire,NH,State House,HILLSBOROUGH 25,general,Lisa Beaudoin,Democratic,1106.0,18.5,False,False
2018,New Hampshire,NH,State House,HILLSBOROUGH 26,general,Jack Flanagan,Republican,1615.0,26.3,True,False
2018,New Hampshire,NH,State House,HILLSBOROUGH 26,general,Brett Hall,Democratic,1546.0,25.2,True,False
2018,New Hampshire,NH,State House,HILLSBOROUGH 26,general,John Lewicke,Republican,1540.0,25.1,False,True
2018,New Hampshire,NH,State House,HILLSBOROUGH 26,general,Brian Rater,Democratic,1441.0,23.5,False,False
2018,New Hampshire,NH,State House,HILLSBOROUGH 27,general,Michelle St. John,Democratic,2147.0,26.8,True,False
2018,New Hampshire,NH,State House,HILLSBOROUGH 27,general,James Belanger,Republican,2075.0,25.9,True,True
2018,New Hampshire,NH,State House,HILLSBOROUGH 27,general,Jim Kelly,Republican,1924.0,24.0,False,False
2018,New Hampshire,NH,State House,HILLSBOROUGH 27,general,Tom Harris,Democratic,1863.0,23.3,False,False
2018,New Hampshire,NH,State House,HILLSBOROUGH 28,general,Jan Schmidt,Democratic,2275.0,18.8,True,True
2018,New Hampshire,NH,State House,HILLSBOROUGH 28,general,William Bordy,Democratic,2109.0,17.5,True,False
2018,New Hampshire,NH,State House,HILLSBOROUGH 28,general,Bruce Cohen,Democratic,2045.0,16.9,True,False
2018,New Hampshire,NH,State House,HILLSBOROUGH 28,general,Tom Lanzara,Republican,1923.0,15.9,False,False
2018,New Hampshire,NH,State House,HILLSBOROUGH 28,general,Elizabeth Ferreira,Republican,1915.0,15.9,False,True
2018,New Hampshire,NH,State House,HILLSBOROUGH 28,general,Carl Seidel,Republican,1804.0,14.9,False,True
2018,New Hampshire,NH,State House,HILLSBOROUGH 29,general,Paul Bergeron,Democratic,3015.0,32.1,True,False
2018,New Hampshire,NH,State House,HILLSBOROUGH 29,general,Sue Newman,Democratic,1920.0,20.4,True,True
2018,New Hampshire,NH,State House,HILLSBOROUGH 29,general,Ray Newman,Democratic,1768.0,18.8,True,False
2018,New Hampshire,NH,State House,HILLSBOROUGH 29,general,Michael McCarthy,Republican,1394.0,14.8,False,False
2018,New Hampshire,NH,State House,HILLSBOROUGH 29,general,Michael Balboni,Republican,1292.0,13.8,False,False
2018,New Hampshire,NH,State House,HILLSBOROUGH 30,general,Patricia Klee,Democratic,1935.0,21.0,True,True
2018,New Hampshire,NH,State House,HILLSBOROUGH 30,general,Sherry Dutzy,Democratic,1853.0,20.2,True,False
2018,New Hampshire,NH,State House,HILLSBOROUGH 30,general,Suzanne Vail,Democratic,1837.0,20.0,True,False
2018,New Hampshire,NH,State House,HILLSBOROUGH 30,general,Lisa Scontsas,Republican,1298.0,14.1,False,False
2018,New Hampshire,NH,State House,HILLSBOROUGH 30,general,Mariellen MacKay,Republican,1160.0,12.6,False,True
2018,New Hampshire,NH,State House,HILLSBOROUGH 30,general,Doris Hohensee,Republican,1112.0,12.1,False,False
2018,New Hampshire,NH,State House,HILLSBOROUGH 31,general,David Cote,Democratic,1329.0,35.5,True,True
2018,New Hampshire,NH,State House,HILLSBOROUGH 31,general,Manny Espitia,Democratic,1221.0,32.6,True,True
2018,New Hampshire,NH,State House,HILLSBOROUGH 31,general,Fred Davis,Democratic,1160.0,31.0,True,False
2018,New Hampshire,NH,State House,HILLSBOROUGH 32,general,Dan Toomey,Democratic,2197.0,19.1,True,False
2018,New Hampshire,NH,State House,HILLSBOROUGH 32,general,Allison Nutting-Wong,Democratic,2120.0,18.4,True,False
2018,New Hampshire,NH,State House,HILLSBOROUGH 32,general,Michael Pedersen,Democratic,2075.0,18.0,True,False
2018,New Hampshire,NH,State House,HILLSBOROUGH 32,general,Paula Johnson,Republican,1828.0,15.9,False,False
2018,New Hampshire,NH,State House,HILLSBOROUGH 32,general,Frank Moore,Republican,1691.0,14.7,False,False
2018,New Hampshire,NH,State House,HILLSBOROUGH 32,general,Di Lathrop,Republican,1620.0,14.0,False,False
2018,New Hampshire,NH,State House,HILLSBOROUGH 33,general,Ken N. Gidge,Democratic,1621.0,28.7,True,True
2018,New Hampshire,NH,State House,HILLSBOROUGH 33,general,Mark King,Democratic,1443.0,25.5,True,True
2018,New Hampshire,NH,State House,HILLSBOROUGH 33,general,Fran Nutter-Upham,Democratic,1390.0,24.6,True,False
2018,New Hampshire,NH,State House,HILLSBOROUGH 33,general,Kevin Scully,Republican,1195.0,21.2,False,True
2018,New Hampshire,NH,State House,HILLSBOROUGH 34,general,Deb Stevens,Democratic,1446.0,22.4,True,False
2018,New Hampshire,NH,State House,HILLSBOROUGH 34,general,Catherine Sofikitis,Democratic,1424.0,22.0,True,True
2018,New Hampshire,NH,State House,HILLSBOROUGH 34,general,Greg Indruk,Democratic,1365.0,21.1,True,False
2018,New Hampshire,NH,State House,HILLSBOROUGH 34,general,Dee Hogan,Republican,1149.0,17.8,False,False
2018,New Hampshire,NH,State House,HILLSBOROUGH 34,general,Donald Whalen,Republican,1085.0,16.8,False,False
2018,New Hampshire,NH,State House,HILLSBOROUGH 35,general,Laura Telerski,Democratic,2201.0,21.5,True,False
2018,New Hampshire,NH,State House,HILLSBOROUGH 35,general,Latha Mangipudi,Democratic,2172.0,21.3,True,True
2018,New Hampshire,NH,State House,HILLSBOROUGH 35,general,Skip Cleaver,Democratic,2018.0,19.8,True,True
2018,New Hampshire,NH,State House,HILLSBOROUGH 35,general,Peter Silva,Republican,1387.0,13.6,False,False
2018,New Hampshire,NH,State House,HILLSBOROUGH 35,general,Paul Hutsteiner,Republican,1221.0,12.0,False,False
2018,New Hampshire,NH,State House,HILLSBOROUGH 35,general,Michael Mader,Republican,1215.0,11.9,False,False
2018,New Hampshire,NH,State House,HILLSBOROUGH 36,general,Michael O'Brien,Democratic,2094.0,19.9,True,True
2018,New Hampshire,NH,State House,HILLSBOROUGH 36,general,Linda Harriott-Gathright,Democratic,2070.0,19.6,True,False
2018,New Hampshire,NH,State House,HILLSBOROUGH 36,general,Marty Jack,Democratic,2032.0,19.3,True,True
2018,New Hampshire,NH,State House,HILLSBOROUGH 36,general,Bill Ohm,Republican,1592.0,15.1,False,True
2018,New Hampshire,NH,State House,HILLSBOROUGH 36,general,Paula Moran,Republican,1466.0,13.9,False,False
2018,New Hampshire,NH,State House,HILLSBOROUGH 36,general,Iang Jeon,Republican,1288.0,12.2,False,False
2018,New Hampshire,NH,State House,HILLSBOROUGH 37,general,Lynne Ober,Republican,7827.0,5.8,True,True
2018,New Hampshire,NH,State House,HILLSBOROUGH 37,general,Kim Rice,Republican,7553.0,5.6,True,True
2018,New Hampshire,NH,State House,HILLSBOROUGH 37,general,Russell Ober,Republican,7500.0,5.5,True,True
2018,New Hampshire,NH,State House,HILLSBOROUGH 37,general,Andrew Renzullo,Republican,7224.0,5.3,True,True
2018,New Hampshire,NH,State House,HILLSBOROUGH 37,general,Bob Greene,Republican,7148.0,5.3,True,False
2018,New Hampshire,NH,State House,HILLSBOROUGH 37,general,Alicia Lekas,Republican,7101.0,5.2,True,False
2018,New Hampshire,NH,State House,HILLSBOROUGH 37,general,Jordan Ulery,Republican,7057.0,5.2,True,True
2018,New Hampshire,NH,State House,HILLSBOROUGH 37,general,James Whittemore,Republican,6957.0,5.1,True,False
2018,New Hampshire,NH,State House,HILLSBOROUGH 37,general,Andrew Prout,Republican,6819.0,5.0,True,True
2018,New Hampshire,NH,State House,HILLSBOROUGH 37,general,Tony Lekas,Republican,6812.0,5.0,True,False
2018,New Hampshire,NH,State House,HILLSBOROUGH 37,general,Hershel Nunez,Republican,6722.0,4.9,True,False
2018,New Hampshire,NH,State House,HILLSBOROUGH 37,general,Grace Kennedy,Democratic,5261.0,3.9,False,False
2018,New Hampshire,NH,State House,HILLSBOROUGH 37,general,Paul Moriarty,Democratic,5209.0,3.8,False,False
2018,New Hampshire,NH,State House,HILLSBOROUGH 37,general,Barbara Blue,Democratic,5203.0,3.8,False,False
2018,New Hampshire,NH,State House,HILLSBOROUGH 37,general,Krysten Evans,Democratic,5162.0,3.8,False,False
2018,New Hampshire,NH,State House,HILLSBOROUGH 37,general,Nancy Brucker,Democratic,5100.0,3.8,False,False
2018,New Hampshire,NH,State House,HILLSBOROUGH 37,general,David Hennessey,Democratic,5004.0,3.7,False,False
2018,New Hampshire,NH,State House,HILLSBOROUGH 37,general,Robert Sherman,Democratic,4967.0,3.7,False,False
2018,New Hampshire,NH,State House,HILLSBOROUGH 37,general,Hal Lynde,Democratic,4959.0,3.6,False,False
2018,New Hampshire,NH,State House,HILLSBOROUGH 37,general,Lana Paliy,Democratic,4882.0,3.6,False,False
2018,New Hampshire,NH,State House,HILLSBOROUGH 37,general,Alejandro Urrutia,Democratic,4832.0,3.6,False,False
2018,New Hampshire,NH,State House,HILLSBOROUGH 37,general,Michael Drouin,Democratic,4722.0,3.5,False,False
2018,New Hampshire,NH,State House,HILLSBOROUGH 37,general,Caleb Q. Dyer,Libertarian,1113.0,0.8,False,True
2018,New Hampshire,NH,State House,HILLSBOROUGH 37,general,Louis Alciere,Libertarian,758.0,0.6,False,False
2018,New Hampshire,NH,State House,HILLSBOROUGH 38,general,Chris Balch,Democratic,4970.0,26.7,True,False
2018,New Hampshire,NH,State House,HILLSBOROUGH 38,general,James Bosman,Democratic,4784.0,25.7,True,False
2018,New Hampshire,NH,State House,HILLSBOROUGH 38,general,David Bedard,Republican,4518.0,24.3,False,False
2018,New Hampshire,NH,State House,HILLSBOROUGH 38,general,John Valera,Republican,4341.0,23.3,False,True
2018,New Hampshire,NH,State House,HILLSBOROUGH 39,general,John Burt,Republican,6104.0,54.4,True,True
2018,New Hampshire,NH,State House,HILLSBOROUGH 39,general,Gary Evans,Democratic,5120.0,45.6,False,False
2018,New Hampshire,NH,State House,HILLSBOROUGH 40,general,Kat McGhee,Democratic,7403.0,50.9,True,False
2018,New Hampshire,NH,State House,HILLSBOROUGH 40,general,Keith Ammon,Republican,6783.0,46.7,False,True
2018,New Hampshire,NH,State House,HILLSBOROUGH 40,general,Mark Linn,Libertarian,348.0,2.4,False,False
2018,New Hampshire,NH,State House,HILLSBOROUGH 41,general,Laurie Sanborn,Republican,8405.0,50.4,True,True
2018,New Hampshire,NH,State House,HILLSBOROUGH 41,general,Lisa Nash,Democratic,8276.0,49.6,False,False
2018,New Hampshire,NH,State House,HILLSBOROUGH 42,general,Jacqueline Chretien,Democratic,5862.0,32.1,True,False
2018,New Hampshire,NH,State House,HILLSBOROUGH 42,general,Matt Wilhelm,Democratic,5180.0,28.3,True,False
2018,New Hampshire,NH,State House,HILLSBOROUGH 42,general,Joseph Lachance,Republican,3771.0,20.6,False,False
2018,New Hampshire,NH,State House,HILLSBOROUGH 42,general,Phillip Harris,Republican,3468.0,19.0,False,False
2018,New Hampshire,NH,State House,HILLSBOROUGH 43,general,Chris Herbert,Democratic,5396.0,29.5,True,True
2018,New Hampshire,NH,State House,HILLSBOROUGH 43,general,Benjamin Baroody,Democratic,5136.0,28.1,True,True
2018,New Hampshire,NH,State House,HILLSBOROUGH 43,general,Richard Komi,Democratic,4508.0,24.7,True,False
2018,New Hampshire,NH,State House,HILLSBOROUGH 43,general,Ross Terrio,Republican,3863.0,21.1,False,False
2018,New Hampshire,NH,State House,HILLSBOROUGH 43,general,Michael Garcia,Republican,3834.0,21.0,False,False
2018,New Hampshire,NH,State House,HILLSBOROUGH 43,general,Jason Hodgdon,Republican,3767.0,20.6,False,False
2018,New Hampshire,NH,State House,HILLSBOROUGH 44,general,Mark Proulx,Republican,4812.0,26.3,True,True
2018,New Hampshire,NH,State House,HILLSBOROUGH 44,general,Mark McLean,Republican,4736.0,25.9,True,True
2018,New Hampshire,NH,State House,HILLSBOROUGH 44,general,Heather Ledoux,Democratic,4528.0,24.7,False,False
2018,New Hampshire,NH,State House,HILLSBOROUGH 44,general,Candace Moulton,Democratic,4223.0,23.1,False,False
2018,New Hampshire,NH,State House,HILLSBOROUGH 45,general,Jane Beaulieu,Democratic,4432.0,29.2,True,True
2018,New Hampshire,NH,State House,HILLSBOROUGH 45,general,Connie Van Houten,Democratic,4153.0,27.3,True,True
2018,New Hampshire,NH,State House,HILLSBOROUGH 45,general,Carlos Gonzalez,Republican,3260.0,21.4,False,False
2018,New Hampshire,NH,State House,HILLSBOROUGH 45,general,Scott Eich,Republican,2930.0,19.3,False,False
2018,New Hampshire,NH,State House,HILLSBOROUGH 45,general,Alex Avery,Libertarian,425.0,2.8,False,False
2018,New Hampshire,NH,State House,MERRIMACK 1,general,Ken Wells,Democratic,1128.0,50.9,True,False
2018,New Hampshire,NH,State House,MERRIMACK 1,general,Louise Andrus,Republican,1086.0,49.1,False,False
2018,New Hampshire,NH,State House,MERRIMACK 2,general,Dave Testerman,Republican,1218.0,31.2,True,True
2018,New Hampshire,NH,State House,MERRIMACK 2,general,Werner D. Horn,Republican,996.0,25.5,True,True
2018,New Hampshire,NH,State House,MERRIMACK 2,general,Scott Burns,Democratic,946.0,24.2,False,False
2018,New Hampshire,NH,State House,MERRIMACK 2,general,Delaney Carrier,Democratic,750.0,19.2,False,False
2018,New Hampshire,NH,State House,MERRIMACK 3,general,Greg Hill,Republican,1408.0,27.7,True,True
2018,New Hampshire,NH,State House,MERRIMACK 3,general,Joyce Fulweiler,Democratic,1295.0,25.5,True,False
2018,New Hampshire,NH,State House,MERRIMACK 3,general,Kathy Lauer-Rago,Republican,1277.0,25.1,False,False
2018,New Hampshire,NH,State House,MERRIMACK 3,general,Jim Lintner,Democratic,1108.0,21.8,False,False
2018,New Hampshire,NH,State House,MERRIMACK 4,general,Tom Schamberg,Democratic,938.0,53.7,True,False
2018,New Hampshire,NH,State House,MERRIMACK 4,general,Douglas Long,Republican,810.0,46.3,False,True
2018,New Hampshire,NH,State House,MERRIMACK 5,general,Karen Ebel,Democratic,2250.0,39.2,True,True
2018,New Hampshire,NH,State House,MERRIMACK 5,general,Dan Wolf,Republican,2012.0,35.1,True,True
2018,New Hampshire,NH,State House,MERRIMACK 5,general,Andy Schmidt,Democratic,1478.0,25.7,False,False
2018,New Hampshire,NH,State House,MERRIMACK 6,general,Beth Rodd,Democratic,1570.0,30.4,True,True
2018,New Hampshire,NH,State House,MERRIMACK 6,general,Rod Pimentel,Democratic,1516.0,29.4,True,False
2018,New Hampshire,NH,State House,MERRIMACK 6,general,Mark Lindsley,Republican,1111.0,21.5,False,False
2018,New Hampshire,NH,State House,MERRIMACK 6,general,Thomas Dunne,Republican,967.0,18.7,False,False
2018,New Hampshire,NH,State House,MERRIMACK 7,general,Clyde Carson,Democratic,1265.0,54.6,True,True
2018,New Hampshire,NH,State House,MERRIMACK 7,general,Terry Cox,Republican,1052.0,45.4,False,False
2018,New Hampshire,NH,State House,MERRIMACK 8,general,Robert Forsythe,Republican,767.0,50.1,True,False
2018,New Hampshire,NH,State House,MERRIMACK 8,general,Tim Vendt,Republican,126.0,48.3,False,False
2018,New Hampshire,NH,State House,MERRIMACK 8,general,Edward Cherian,Democratic,626.0,49.6,False,False
2018,New Hampshire,NH,State House,MERRIMACK 9,general,Howard Moffett,Democratic,1991.0,27.4,True,True
2018,New Hampshire,NH,State House,MERRIMACK 9,general,George Saunderson,Democratic,1874.0,25.8,True,False
2018,New Hampshire,NH,State House,MERRIMACK 9,general,Michael Moffett,Republican,1819.0,25.1,False,True
2018,New Hampshire,NH,State House,MERRIMACK 9,general,Jose Cambrils,Republican,1573.0,21.7,False,False
2018,New Hampshire,NH,State House,MERRIMACK 10,general,Mary Jane Wallner,Democratic,3625.0,26.7,True,True
2018,New Hampshire,NH,State House,MERRIMACK 10,general,David Luneau,Democratic,3624.0,26.7,True,True
2018,New Hampshire,NH,State House,MERRIMACK 10,general,Mel Myner,Democratic,3490.0,25.7,True,True
2018,New Hampshire,NH,State House,MERRIMACK 10,general,John French,Republican,1736.0,12.8,False,False
2018,New Hampshire,NH,State House,MERRIMACK 10,general,Luke Diamond,Republican,1100.0,8.1,False,False
2018,New Hampshire,NH,State House,MERRIMACK 11,general,Steve Shurtleff,Democratic,1152.0,64.7,True,True
2018,New Hampshire,NH,State House,MERRIMACK 11,general,Kevin Miller,Republican,629.0,35.3,False,False
2018,New Hampshire,NH,State House,MERRIMACK 12,general,Connie Lane,Democratic,1031.0,98.6,True,False
2018,New Hampshire,NH,State House,MERRIMACK 13,general,Beth Richards,Democratic,940.0,99.3,True,True
2018,New Hampshire,NH,State House,MERRIMACK 14,general,Jim MacKay,Democratic,1194.0,74.8,True,True
2018,New Hampshire,NH,State House,MERRIMACK 14,general,Mike Visconti,Republican,403.0,25.2,False,False
2018,New Hampshire,NH,State House,MERRIMACK 15,general,Ryan Buchanan,Democratic,1033.0,99.6,True,False
2018,New Hampshire,NH,State House,MERRIMACK 16,general,Timothy Soucy,Democratic,1486.0,71.1,True,True
2018,New Hampshire,NH,State House,MERRIMACK 16,general,Bob Bertrand,Republican,604.0,28.9,False,False
2018,New Hampshire,NH,State House,MERRIMACK 17,general,Safiya Wazir,Democratic,906.0,55.8,True,False
2018,New Hampshire,NH,State House,MERRIMACK 17,general,Dennis Soucy,Republican,718.0,44.2,False,False
2018,New Hampshire,NH,State House,MERRIMACK 18,general,Kris Schultz,Democratic,877.0,62.2,True,True
2018,New Hampshire,NH,State House,MERRIMACK 18,general,Mary Donnelly,Republican,532.0,37.8,False,False
2018,New Hampshire,NH,State House,MERRIMACK 19,general,Christy Bartlett,Democratic,1386.0,58.0,True,True
2018,New Hampshire,NH,State House,MERRIMACK 19,general,Todd Haywood,Republican,1003.0,42.0,False,False
2018,New Hampshire,NH,State House,MERRIMACK 20,general,Dianne Schuett,Democratic,2015.0,17.9,True,True
2018,New Hampshire,NH,State House,MERRIMACK 20,general,David Doherty,Democratic,1976.0,17.6,True,True
2018,New Hampshire,NH,State House,MERRIMACK 20,general,Brian Seaworth,Republican,1956.0,17.4,True,True
2018,New Hampshire,NH,State House,MERRIMACK 20,general,Richard Bilodeau,Republican,1827.0,16.3,False,False
2018,New Hampshire,NH,State House,MERRIMACK 20,general,Clinton Hanson,Democratic,1784.0,15.9,False,False
2018,New Hampshire,NH,State House,MERRIMACK 20,general,Peter Gagyi,Republican,1673.0,14.9,False,False
2018,New Hampshire,NH,State House,MERRIMACK 21,general,James Allard,Republican,1775.0,29.5,True,False
2018,New Hampshire,NH,State House,MERRIMACK 21,general,John Klose,Republican,1638.0,27.3,True,True
2018,New Hampshire,NH,State House,MERRIMACK 21,general,Miriam Cahill-Yeaton,Democratic,1405.0,23.8,False,False
2018,New Hampshire,NH,State House,MERRIMACK 21,general,Mary Frambach,Democratic,1190.0,19.8,False,False
2018,New Hampshire,NH,State House,MERRIMACK 22,general,Adam Turcotte,Democratic,829.0,53.6,True,True
2018,New Hampshire,NH,State House,MERRIMACK 22,general,Scott McDonald,Republican,718.0,46.4,False,False
2018,New Hampshire,NH,State House,MERRIMACK 23,general,Mary Beth Walz,Democratic,2997.0,18.7,True,True
2018,New Hampshire,NH,State House,MERRIMACK 23,general,Gary Woods,Democratic,2945.0,18.4,True,False
2018,New Hampshire,NH,State House,MERRIMACK 23,general,Samantha Fox,Democratic,2812.0,17.6,True,False
2018,New Hampshire,NH,State House,MERRIMACK 23,general,Richard Johnson,Republican,2559.0,16.0,False,False
2018,New Hampshire,NH,State House,MERRIMACK 23,general,John Martin,Republican,2346.0,14.7,False,False
2018,New Hampshire,NH,State House,MERRIMACK 23,general,Paul Brassard,Republican,2342.0,14.6,False,False
2018,New Hampshire,NH,State House,MERRIMACK 24,general,Thomas Walsh,Republican,2998.0,14.2,True,True
2018,New Hampshire,NH,State House,MERRIMACK 24,general,Frank Kotowski,Republican,2904.0,13.8,True,True
2018,New Hampshire,NH,State House,MERRIMACK 24,general,Michael Yakubovich,Republican,2839.0,13.5,True,False
2018,New Hampshire,NH,State House,MERRIMACK 24,general,Dick Marple,Republican,2644.0,12.5,True,True
2018,New Hampshire,NH,State House,MERRIMACK 24,general,Kathleen Martins,Democratic,2531.0,12.0,False,False
2018,New Hampshire,NH,State House,MERRIMACK 24,general,Harry Kozlowski,Democratic,2479.0,11.8,False,False
2018,New Hampshire,NH,State House,MERRIMACK 24,general,Marcy Rothenberg,Democratic,2404.0,11.4,False,False
2018,New Hampshire,NH,State House,MERRIMACK 24,general,Madalasa Gurung,Democratic,2295.0,10.9,False,False
2018,New Hampshire,NH,State House,MERRIMACK 25,general,David Karrick,Democratic,2327.0,51.5,True,False
2018,New Hampshire,NH,State House,MERRIMACK 25,general,Natalie Wells,Republican,2195.0,48.5,False,True
2018,New Hampshire,NH,State House,MERRIMACK 26,general,Howard Pearl,Republican,4071.0,51.5,True,True
2018,New Hampshire,NH,State House,MERRIMACK 26,general,Lorrie Carey,Democratic,3830.0,48.5,False,False
2018,New Hampshire,NH,State House,MERRIMACK 27,general,Rebecca McWilliams,Democratic,6419.0,52.5,True,False
2018,New Hampshire,NH,State House,MERRIMACK 27,general,Art Ellison,Democratic,5798.0,47.4,True,False
2018,New Hampshire,NH,State House,MERRIMACK 28,general,Katherine Rogers,Democratic,3128.0,57.9,True,True
2018,New Hampshire,NH,State House,MERRIMACK 28,general,Andrew Georgevits,Republican,2273.0,42.1,False,False
2018,New Hampshire,NH,State House,MERRIMACK 29,general,Carol McGuire,Republican,2795.0,57.8,True,True
2018,New Hampshire,NH,State House,MERRIMACK 29,general,Erin Canterbury,Democratic,2037.0,42.2,False,False
2018,New Hampshire,NH,State House,ROCKINGHAM 1,general,David Coursin,Democratic,1005.0,50.4,True,False
2018,New Hampshire,NH,State House,ROCKINGHAM 1,general,Joseph McCaffery,Republican,988.0,49.6,False,False
2018,New Hampshire,NH,State House,ROCKINGHAM 2,general,James Spillane,Republican,3284.0,18.4,True,True
2018,New Hampshire,NH,State House,ROCKINGHAM 2,general,Alan Bershtein,Republican,3209.0,17.9,True,False
2018,New Hampshire,NH,State House,ROCKINGHAM 2,general,Kevin Verville,Republican,3130.0,17.5,True,True
2018,New Hampshire,NH,State House,ROCKINGHAM 2,general,Gwen Friend,Democratic,3001.0,16.8,False,False
2018,New Hampshire,NH,State House,ROCKINGHAM 2,general,Rebecca Hutchinson,Democratic,2987.0,16.7,False,False
2018,New Hampshire,NH,State House,ROCKINGHAM 2,general,Lloyd Carr,Democratic,2267.0,12.7,False,False
2018,New Hampshire,NH,State House,ROCKINGHAM 3,general,Kevin Pratt,Republican,2250.0,22.4,True,False
2018,New Hampshire,NH,State House,ROCKINGHAM 3,general,Kathleen Hoelzel,Republican,1973.0,19.6,True,True
2018,New Hampshire,NH,State House,ROCKINGHAM 3,general,Michael Costable,Republican,1903.0,18.9,True,True
2018,New Hampshire,NH,State House,ROCKINGHAM 3,general,Jennifer Dube,Democratic,1347.0,13.4,False,False
2018,New Hampshire,NH,State House,ROCKINGHAM 3,general,Michelle Couture,Democratic,1347.0,13.4,False,False
2018,New Hampshire,NH,State House,ROCKINGHAM 3,general,Deborah Nelson,Democratic,1228.0,12.2,False,False
2018,New Hampshire,NH,State House,ROCKINGHAM 4,general,Chris True,Republican,4416.0,12.6,True,True
2018,New Hampshire,NH,State House,ROCKINGHAM 4,general,Jess Edwards,Republican,4371.0,12.5,True,True
2018,New Hampshire,NH,State House,ROCKINGHAM 4,general,Becky Owens,Republican,4236.0,12.1,True,False
2018,New Hampshire,NH,State House,ROCKINGHAM 4,general,Jason Osborne,Republican,4093.0,11.7,True,True
2018,New Hampshire,NH,State House,ROCKINGHAM 4,general,Tony Piemonte,Republican,3948.0,11.3,True,False
2018,New Hampshire,NH,State House,ROCKINGHAM 4,general,Cynthia Herman,Democratic,2934.0,8.4,False,False
2018,New Hampshire,NH,State House,ROCKINGHAM 4,general,Todd Bedard,Democratic,2834.0,8.1,False,False
2018,New Hampshire,NH,State House,ROCKINGHAM 4,general,Patrick McLaughlin,Democratic,2784.0,8.0,False,False
2018,New Hampshire,NH,State House,ROCKINGHAM 4,general,Stephen D'Angelo,Democratic,2698.0,7.7,False,False
2018,New Hampshire,NH,State House,ROCKINGHAM 4,general,Benjamin Geiger,Democratic,2622.0,7.5,False,False
2018,New Hampshire,NH,State House,ROCKINGHAM 5,general,David Lundgren,Republican,5451.0,8.9,True,True
2018,New Hampshire,NH,State House,ROCKINGHAM 5,general,Betsy McKinney,Republican,5241.0,8.6,True,True
2018,New Hampshire,NH,State House,ROCKINGHAM 5,general,Tom Dolan,Republican,5187.0,8.5,True,False
2018,New Hampshire,NH,State House,ROCKINGHAM 5,general,Al Baldasaro,Republican,5110.0,8.4,True,True
2018,New Hampshire,NH,State House,ROCKINGHAM 5,general,Sherman Packard,Republican,4903.0,8.0,True,True
2018,New Hampshire,NH,State House,ROCKINGHAM 5,general,Doug Thomas,Republican,4743.0,7.8,True,True
2018,New Hampshire,NH,State House,ROCKINGHAM 5,general,Anne Warner,Democratic,4619.0,7.5,True,False
2018,New Hampshire,NH,State House,ROCKINGHAM 5,general,Roger Fillio,Republican,4572.0,7.5,False,False
2018,New Hampshire,NH,State House,ROCKINGHAM 5,general,Robin Skudlarek,Democratic,4484.0,7.3,False,False
2018,New Hampshire,NH,State House,ROCKINGHAM 5,general,Luisa Piette,Democratic,4370.0,7.1,False,False
2018,New Hampshire,NH,State House,ROCKINGHAM 5,general,Martha Smith,Democratic,4330.0,7.1,False,False
2018,New Hampshire,NH,State House,ROCKINGHAM 5,general,Paul Skudlarek,Democratic,4288.0,7.0,False,False
2018,New Hampshire,NH,State House,ROCKINGHAM 5,general,Mack Leathurby,Democratic,4137.0,6.8,False,False
2018,New Hampshire,NH,State House,ROCKINGHAM 5,general,Kyle Foden,Democratic,4076.0,6.7,False,False
2018,New Hampshire,NH,State House,ROCKINGHAM 6,general,Phyllis Katsakiores,Republican,5648.0,7.0,True,True
2018,New Hampshire,NH,State House,ROCKINGHAM 6,general,David Love,Republican,5209.0,6.4,True,False
2018,New Hampshire,NH,State House,ROCKINGHAM 6,general,Brian Chirichiello,Republican,5078.0,6.2,True,True
2018,New Hampshire,NH,State House,ROCKINGHAM 6,general,John O'Connor,Republican,5018.0,6.2,True,True
2018,New Hampshire,NH,State House,ROCKINGHAM 6,general,Mary Eisner,Democratic,4986.0,6.1,True,False
2018,New Hampshire,NH,State House,ROCKINGHAM 6,general,Katherine O'Brien,Republican,4985.0,6.1,True,False
2018,New Hampshire,NH,State House,ROCKINGHAM 6,general,James C. Webb,Republican,4976.0,6.1,True,True
2018,New Hampshire,NH,State House,ROCKINGHAM 6,general,Dave Milz,Republican,4883.0,6.0,True,True
2018,New Hampshire,NH,State House,ROCKINGHAM 6,general,John Potucek,Republican,4648.0,5.7,True,False
2018,New Hampshire,NH,State House,ROCKINGHAM 6,general,Stephen Pearson,Republican,4587.0,5.6,True,False
2018,New Hampshire,NH,State House,ROCKINGHAM 6,general,Michelle Sawyer-Moge,Democratic,4551.0,5.6,False,False
2018,New Hampshire,NH,State House,ROCKINGHAM 6,general,Paul Doolittle,Democratic,4395.0,5.4,False,False
2018,New Hampshire,NH,State House,ROCKINGHAM 6,general,Sean Cohen,Democratic,4245.0,5.2,False,False
2018,New Hampshire,NH,State House,ROCKINGHAM 6,general,Frank Sapatero,Republican,4211.0,5.2,False,True
2018,New Hampshire,NH,State House,ROCKINGHAM 6,general,Ronald Cooper,Democratic,4095.0,5.0,False,False
2018,New Hampshire,NH,State House,ROCKINGHAM 6,general,Fred Bates,Democratic,4095.0,5.0,False,False
2018,New Hampshire,NH,State House,ROCKINGHAM 6,general,Owen Ingram,Democratic,4086.0,5.0,False,False
2018,New Hampshire,NH,State House,ROCKINGHAM 6,general,Anne Copp,Libertarian,1595.0,2.0,False,False
2018,New Hampshire,NH,State House,ROCKINGHAM 7,general,Mary Griffin,Republican,3718.0,15.5,True,True
2018,New Hampshire,NH,State House,ROCKINGHAM 7,general,Charles McMahon,Republican,3665.0,15.3,True,True
2018,New Hampshire,NH,State House,ROCKINGHAM 7,general,Joel Desilets,Republican,3329.0,13.9,True,False
2018,New Hampshire,NH,State House,ROCKINGHAM 7,general,Walter Kolodziej,Republican,3318.0,13.9,True,True
2018,New Hampshire,NH,State House,ROCKINGHAM 7,general,Kristi St. Laurent,Democratic,3147.0,13.1,False,False
2018,New Hampshire,NH,State House,ROCKINGHAM 7,general,Stephen Mavrellis,Democratic,2333.0,9.7,False,False
2018,New Hampshire,NH,State House,ROCKINGHAM 7,general,Marie Yanish,Democratic,2283.0,9.5,False,False
2018,New Hampshire,NH,State House,ROCKINGHAM 7,general,Ioana Singureanu,Democratic,2151.0,9.0,False,False
2018,New Hampshire,NH,State House,ROCKINGHAM 8,general,John Sytek,Republican,5780.0,6.8,True,True
2018,New Hampshire,NH,State House,ROCKINGHAM 8,general,Everett McBride,Republican,5709.0,6.7,True,False
2018,New Hampshire,NH,State House,ROCKINGHAM 8,general,Daryl Abbas,Republican,5707.0,6.7,True,False
2018,New Hampshire,NH,State House,ROCKINGHAM 8,general,Arthur Barnes,Republican,5649.0,6.6,True,True
2018,New Hampshire,NH,State House,ROCKINGHAM 8,general,Betty Gay,Republican,5618.0,6.6,True,True
2018,New Hampshire,NH,State House,ROCKINGHAM 8,general,Fred Doucette,Republican,5618.0,6.6,True,True
2018,New Hampshire,NH,State House,ROCKINGHAM 8,general,Bob Elliott,Republican,5519.0,6.5,True,True
2018,New Hampshire,NH,State House,ROCKINGHAM 8,general,John Janigian,Republican,5429.0,6.4,True,True
2018,New Hampshire,NH,State House,ROCKINGHAM 8,general,Ed DeClercq,Republican,5254.0,6.2,True,False
2018,New Hampshire,NH,State House,ROCKINGHAM 8,general,Kelly Moss,Democratic,4767.0,5.6,False,False
2018,New Hampshire,NH,State House,ROCKINGHAM 8,general,Bonnie Wright,Democratic,4294.0,5.0,False,False
2018,New Hampshire,NH,State House,ROCKINGHAM 8,general,Janet Breslin,Democratic,4168.0,4.9,False,False
2018,New Hampshire,NH,State House,ROCKINGHAM 8,general,Sean Lewis,Democratic,3717.0,4.4,False,False
2018,New Hampshire,NH,State House,ROCKINGHAM 8,general,Jacqueline Muollo,Democratic,3673.0,4.3,False,False
2018,New Hampshire,NH,State House,ROCKINGHAM 8,general,Cam Iannalfo,Democratic,3665.0,4.3,False,False
2018,New Hampshire,NH,State House,ROCKINGHAM 8,general,Gregory Davis,Democratic,3633.0,4.3,False,False
2018,New Hampshire,NH,State House,ROCKINGHAM 8,general,George Perry,Democratic,3468.0,4.1,False,False
2018,New Hampshire,NH,State House,ROCKINGHAM 8,general,David Hickernell,Democratic,3363.0,4.0,False,False
2018,New Hampshire,NH,State House,ROCKINGHAM 9,general,Mark Vallone,Democratic,1691.0,29.3,True,False
2018,New Hampshire,NH,State House,ROCKINGHAM 9,general,Sean Morrison,Republican,1549.0,26.8,True,True
2018,New Hampshire,NH,State House,ROCKINGHAM 9,general,Michael Vose,Republican,1433.0,24.8,False,True
2018,New Hampshire,NH,State House,ROCKINGHAM 9,general,Jerry Marceau,Democratic,1105.0,19.1,False,False
2018,New Hampshire,NH,State House,ROCKINGHAM 10,general,Dennis Acton,Republican,1424.0,99.6,True,False
2018,New Hampshire,NH,State House,ROCKINGHAM 11,general,Liz McConnell,Democratic,1098.0,52.4,True,False
2018,New Hampshire,NH,State House,ROCKINGHAM 11,general,Allen Cook,Republican,997.0,47.6,False,True
2018,New Hampshire,NH,State House,ROCKINGHAM 12,general,Scott Wallace,Republican,1094.0,60.3,True,False
2018,New Hampshire,NH,State House,ROCKINGHAM 12,general,Kenneth Peterson,Democratic,720.0,39.7,False,False
2018,New Hampshire,NH,State House,ROCKINGHAM 13,general,Joe Guthrie,Republican,4117.0,26.1,True,True
2018,New Hampshire,NH,State House,ROCKINGHAM 13,general,David Welch,Republican,4007.0,25.4,True,True
2018,New Hampshire,NH,State House,ROCKINGHAM 13,general,Kenneth Weyler,Republican,3855.0,24.4,True,True
2018,New Hampshire,NH,State House,ROCKINGHAM 13,general,Dennis Green,Republican,3812.0,24.1,True,True
2018,New Hampshire,NH,State House,ROCKINGHAM 14,general,Peter Torosian,Republican,3623.0,15.7,True,True
2018,New Hampshire,NH,State House,ROCKINGHAM 14,general,Norman Major,Republican,3615.0,15.7,True,True
2018,New Hampshire,NH,State House,ROCKINGHAM 14,general,Debra DeSimone,Republican,3431.0,14.9,True,True
2018,New Hampshire,NH,State House,ROCKINGHAM 14,general,Robert Harb,Republican,3207.0,13.9,True,False
2018,New Hampshire,NH,State House,ROCKINGHAM 14,general,Kate Delfino,Democratic,2686.0,11.6,False,False
2018,New Hampshire,NH,State House,ROCKINGHAM 14,general,Beth Cacciotti,Democratic,2257.0,9.8,False,False
2018,New Hampshire,NH,State House,ROCKINGHAM 14,general,George Hamblen,Democratic,2155.0,9.4,False,False
2018,New Hampshire,NH,State House,ROCKINGHAM 14,general,Peter McVay,Democratic,2037.0,8.9,False,False
2018,New Hampshire,NH,State House,ROCKINGHAM 15,general,Charles Melvin,Republican,1031.0,52.4,True,False
2018,New Hampshire,NH,State House,ROCKINGHAM 15,general,Kate Michaels,Democratic,936.0,47.6,False,False
2018,New Hampshire,NH,State House,ROCKINGHAM 16,general,Dan Davis,Republican,1496.0,51.0,True,False
2018,New Hampshire,NH,State House,ROCKINGHAM 16,general,Peter Oldak,Democratic,1437.0,49.0,False,False
2018,New Hampshire,NH,State House,ROCKINGHAM 17,general,Michael Cahill,Democratic,3262.0,28.5,True,True
2018,New Hampshire,NH,State House,ROCKINGHAM 17,general,Charlotte DiLorenzo,Democratic,3181.0,27.8,True,True
2018,New Hampshire,NH,State House,ROCKINGHAM 17,general,Ellen Read,Democratic,3049.0,26.7,True,True
2018,New Hampshire,NH,State House,ROCKINGHAM 17,general,Harrison DeBree,Republican,1947.0,17.0,False,False
2018,New Hampshire,NH,State House,ROCKINGHAM 18,general,Julie Gilman,Democratic,4795.0,18.6,True,True
2018,New Hampshire,NH,State House,ROCKINGHAM 18,general,Gaby Grossman,Democratic,4690.0,18.2,True,False
2018,New Hampshire,NH,State House,ROCKINGHAM 18,general,Skip Berrien,Democratic,4522.0,17.5,True,True
2018,New Hampshire,NH,State House,ROCKINGHAM 18,general,Lisa Bunker,Democratic,4504.0,17.5,True,False
2018,New Hampshire,NH,State House,ROCKINGHAM 18,general,Edward Duncan,Republican,2522.0,9.8,False,False
2018,New Hampshire,NH,State House,ROCKINGHAM 18,general,Brian Griset,Republican,2380.0,9.2,False,False
2018,New Hampshire,NH,State House,ROCKINGHAM 18,general,Robert Goeman,Republican,2362.0,9.2,False,False
2018,New Hampshire,NH,State House,ROCKINGHAM 19,general,Debra Altschiller,Democratic,2293.0,28.9,True,True
2018,New Hampshire,NH,State House,ROCKINGHAM 19,general,Patrick Abrami,Republican,2064.0,26.0,True,True
2018,New Hampshire,NH,State House,ROCKINGHAM 19,general,Lester Cuff,Democratic,1932.0,24.4,False,False
2018,New Hampshire,NH,State House,ROCKINGHAM 19,general,Daniel Shepard,Republican,1637.0,20.7,False,False
2018,New Hampshire,NH,State House,ROCKINGHAM 20,general,Aboul Khan,Republican,2233.0,20.3,True,True
2018,New Hampshire,NH,State House,ROCKINGHAM 20,general,William Fowler,Republican,2053.0,18.7,True,False
2018,New Hampshire,NH,State House,ROCKINGHAM 20,general,Max Abramson,Republican,1980.0,18.0,True,False
2018,New Hampshire,NH,State House,ROCKINGHAM 20,general,Patricia O'Keefe,Democratic,1819.0,16.6,False,False
2018,New Hampshire,NH,State House,ROCKINGHAM 20,general,Greg Marrow,Democratic,1511.0,16.8,False,False
2018,New Hampshire,NH,State House,ROCKINGHAM 20,general,Denis Rice,Democratic,1385.0,12.6,False,False
2018,New Hampshire,NH,State House,ROCKINGHAM 21,general,Mike Edgar,Democratic,4028.0,13.7,True,True
2018,New Hampshire,NH,State House,ROCKINGHAM 21,general,Robert Cushing,Democratic,4027.0,13.7,True,True
2018,New Hampshire,NH,State House,ROCKINGHAM 21,general,Tom Loughman,Democratic,3999.0,13.6,True,False
2018,New Hampshire,NH,State House,ROCKINGHAM 21,general,Patricia Bushway,Democratic,3907.0,13.3,True,False
2018,New Hampshire,NH,State House,ROCKINGHAM 21,general,Philip Bean,Republican,3541.0,12.0,False,True
2018,New Hampshire,NH,State House,ROCKINGHAM 21,general,Michelle Zaino,Republican,3493.0,11.9,False,False
2018,New Hampshire,NH,State House,ROCKINGHAM 21,general,Tracy Emerick,Republican,3306.0,11.2,False,True
2018,New Hampshire,NH,State House,ROCKINGHAM 21,general,Sharleene Hurst,Republican,3089.0,10.5,False,False
2018,New Hampshire,NH,State House,ROCKINGHAM 22,general,Jim Maggiore,Democratic,1381.0,53.3,True,False
2018,New Hampshire,NH,State House,ROCKINGHAM 22,general,Henry Marsh,Republican,1209.0,46.7,False,True
2018,New Hampshire,NH,State House,ROCKINGHAM 23,general,Dennis Malloy,Democratic,1580.0,56.3,True,True
2018,New Hampshire,NH,State House,ROCKINGHAM 23,general,Rob Robertson,Republican,1224.0,43.7,False,False
2018,New Hampshire,NH,State House,ROCKINGHAM 24,general,Jaci Grote,Democratic,2249.0,27.5,True,False
2018,New Hampshire,NH,State House,ROCKINGHAM 24,general,Kate Murray,Democratic,2229.0,27.3,True,True
2018,New Hampshire,NH,State House,ROCKINGHAM 24,general,Julie Tucker,Republican,1945.0,23.8,False,False
2018,New Hampshire,NH,State House,ROCKINGHAM 24,general,Kate Catalano,Republican,1722.0,21.1,False,False
2018,New Hampshire,NH,State House,ROCKINGHAM 25,general,Laura Pantelakos,Democratic,1623.0,72.8,True,True
2018,New Hampshire,NH,State House,ROCKINGHAM 25,general,Tom Lukacz,Republican,606.0,27.2,False,False
2018,New Hampshire,NH,State House,ROCKINGHAM 26,general,Rebecca McBeath,Democratic,2111.0,99.9,True,True
2018,New Hampshire,NH,State House,ROCKINGHAM 27,general,Peter Somssich,Democratic,1481.0,99.3,True,True
2018,New Hampshire,NH,State House,ROCKINGHAM 28,general,Gerry Ward,Democratic,1352.0,99.1,True,True
2018,New Hampshire,NH,State House,ROCKINGHAM 29,general,David Meuse,Democratic,1669.0,99.3,True,False
2018,New Hampshire,NH,State House,ROCKINGHAM 30,general,Jacqueline Cali-Pitts,Democratic,6761.0,99.4,True,True
2018,New Hampshire,NH,State House,ROCKINGHAM 31,general,Tamara Le,Democratic,4285.0,58.7,True,True
2018,New Hampshire,NH,State House,ROCKINGHAM 31,general,Gianfranco Dirienzo,Republican,3015.0,41.3,False,False
2018,New Hampshire,NH,State House,ROCKINGHAM 32,general,Terry Roy,Republican,4648.0,54.2,True,False
2018,New Hampshire,NH,State House,ROCKINGHAM 32,general,Tom Chase,Democratic,3923.0,45.8,False,False
2018,New Hampshire,NH,State House,ROCKINGHAM 33,general,Josh Yokela,Republican,3168.0,54.1,True,False
2018,New Hampshire,NH,State House,ROCKINGHAM 33,general,Eric Turer,Democratic,2684.0,45.9,False,False
2018,New Hampshire,NH,State House,ROCKINGHAM 34,general,Mark Pearson,Republican,7915.0,60.4,True,True
2018,New Hampshire,NH,State House,ROCKINGHAM 34,general,Mike Edgar,Democratic,5189.0,39.6,False,False
2018,New Hampshire,NH,State House,ROCKINGHAM 35,general,Deborah Hobson,Republican,2651.0,55.4,True,False
2018,New Hampshire,NH,State House,ROCKINGHAM 35,general,Rick Faulconer,Democratic,2135.0,44.6,False,False
2018,New Hampshire,NH,State House,ROCKINGHAM 36,general,Patricia Lovejoy,Democratic,10895.0,64.2,True,True
2018,New Hampshire,NH,State House,ROCKINGHAM 36,general,Debra Picucci,Republican,6084.0,35.8,False,False
2018,New Hampshire,NH,State House,ROCKINGHAM 37,general,Jason Janvrin,Republican,6192.0,50.6,True,False
2018,New Hampshire,NH,State House,ROCKINGHAM 37,general,Elaine Andrews-Ahearn,Democratic,6040.0,49.4,False,False
2018,New Hampshire,NH,State House,STRAFFORD 1,general,Peter Hayward,Republican,1297.0,36.5,True,False
2018,New Hampshire,NH,State House,STRAFFORD 1,general,Abigail Rooney,Republican,1249.0,35.1,True,False
2018,New Hampshire,NH,State House,STRAFFORD 1,general,Larry Brown,Democratic,1009.0,28.4,False,False
2018,New Hampshire,NH,State House,STRAFFORD 2,general,James Horgan,Republican,1154.0,28.2,True,True
2018,New Hampshire,NH,State House,STRAFFORD 2,general,Joseph Pitre,Republican,1065.0,26.0,True,True
2018,New Hampshire,NH,State House,STRAFFORD 2,general,Emmanuel Krasner,Democratic,1001.0,24.5,False,False
2018,New Hampshire,NH,State House,STRAFFORD 2,general,Sylvia Arcouette,Democratic,872.0,21.3,False,False
2018,New Hampshire,NH,State House,STRAFFORD 3,general,Michael Harrington,Republican,1683.0,26.7,True,True
2018,New Hampshire,NH,State House,STRAFFORD 3,general,Kurt Wuelper,Republican,1677.0,26.6,True,True
2018,New Hampshire,NH,State House,STRAFFORD 3,general,Bob Perry,Democratic,1478.0,23.6,False,False
2018,New Hampshire,NH,State House,STRAFFORD 3,general,Ellen Phillips,Democratic,1458.0,23.2,False,False
2018,New Hampshire,NH,State House,STRAFFORD 4,general,Cassandra Levesque,Democratic,2061.0,26.4,True,False
2018,New Hampshire,NH,State House,STRAFFORD 4,general,Matthew Towne,Democratic,1983.0,25.4,True,False
2018,New Hampshire,NH,State House,STRAFFORD 4,general,Jenny Wilson,Republican,1801.0,23.0,False,False
2018,New Hampshire,NH,State House,STRAFFORD 4,general,Robert Drew,Republican,1787.0,22.9,False,False
2018,New Hampshire,NH,State House,STRAFFORD 4,general,Frank Bertone,Libertarian,187.0,2.4,False,False
2018,New Hampshire,NH,State House,STRAFFORD 5,general,Jeffrey Salloway,Democratic,1416.0,63.7,True,True
2018,New Hampshire,NH,State House,STRAFFORD 5,general,Scott Bugbee,Republican,808.0,26.3,False,False
2018,New Hampshire,NH,State House,STRAFFORD 6,general,Janet Wall,Democratic,6436.0,22.3,True,True
2018,New Hampshire,NH,State House,STRAFFORD 6,general,Marjorie Smith,Democratic,5286.0,18.2,True,True
2018,New Hampshire,NH,State House,STRAFFORD 6,general,Judith Spang,Democratic,5137.0,17.8,True,True
2018,New Hampshire,NH,State House,STRAFFORD 6,general,Cam Kenney,Democratic,5055.0,17.5,True,False
2018,New Hampshire,NH,State House,STRAFFORD 6,general,Timothy Horrigan,Democratic,5046.0,17.5,True,True
2018,New Hampshire,NH,State House,STRAFFORD 6,general,Mark Racic,Republican,1858.0,6.4,False,False
2018,New Hampshire,NH,State House,STRAFFORD 6,general,Wayne Burton (incumbent) (write-in),Democratic,62.0,0.2,False,False
2018,New Hampshire,NH,State House,STRAFFORD 7,general,Timothy Fontneau,Democratic,1107.0,53.8,True,True
2018,New Hampshire,NH,State House,STRAFFORD 7,general,Deborah Kaczynski,Republican,950.0,46.2,False,False
2018,New Hampshire,NH,State House,STRAFFORD 8,general,Donna Ellis,Democratic,831.0,53.8,True,True
2018,New Hampshire,NH,State House,STRAFFORD 8,general,Sharyn Stuart,Republican,713.0,46.2,False,False
2018,New Hampshire,NH,State House,STRAFFORD 9,general,Steven Beaudoin,Republican,1136.0,54.9,True,True
2018,New Hampshire,NH,State House,STRAFFORD 9,general,Elaine Lauterborn,Democratic,933.0,45.1,False,False
2018,New Hampshire,NH,State House,STRAFFORD 10,general,Jody McNally,Republican,960.0,50.8,True,True
2018,New Hampshire,NH,State House,STRAFFORD 10,general,Amy Cann,Democratic,921.0,49.2,False,False
2018,New Hampshire,NH,State House,STRAFFORD 11,general,Chuck Grassie,Democratic,941.0,52.5,True,True
2018,New Hampshire,NH,State House,STRAFFORD 11,general,Sue DeLemus,Republican,853.0,47.5,False,False
2018,New Hampshire,NH,State House,STRAFFORD 12,general,Mac Kittredge,Republican,965.0,50.5,True,False
2018,New Hampshire,NH,State House,STRAFFORD 12,general,Pamela Hubbard,Democratic,944.0,49.4,False,False
2018,New Hampshire,NH,State House,STRAFFORD 13,general,Casey Conley,Democratic,1627.0,74.4,True,True
2018,New Hampshire,NH,State House,STRAFFORD 13,general,Debra Childs,Republican,559.0,25.6,False,False
2018,New Hampshire,NH,State House,STRAFFORD 14,general,Kristina Fargo,Democratic,1334.0,65.9,True,False
2018,New Hampshire,NH,State House,STRAFFORD 14,general,Kate Harris,Independent (politician),690.0,34.1,False,False
2018,New Hampshire,NH,State House,STRAFFORD 15,general,Linn Opderbecke,Democratic,1686.0,58.8,True,True
2018,New Hampshire,NH,State House,STRAFFORD 15,general,Collin Coppinger,Republican,1183.0,42.2,False,False
2018,New Hampshire,NH,State House,STRAFFORD 16,general,Sherry Frost,Democratic,1703.0,99.1,True,True
2018,New Hampshire,NH,State House,STRAFFORD 17,general,Susan Treleaven,Democratic,2644.0,27.7,True,True
2018,New Hampshire,NH,State House,STRAFFORD 17,general,Peter Bixby,Democratic,2484.0,26.0,True,True
2018,New Hampshire,NH,State House,STRAFFORD 17,general,Kenneth Vincent,Democratic,2361.0,24.8,True,True
2018,New Hampshire,NH,State House,STRAFFORD 17,general,Michael Castaldo,Republican,2049.0,21.5,False,False
2018,New Hampshire,NH,State House,STRAFFORD 18,general,Wendy Chase,Democratic,2215.0,19.1,True,False
2018,New Hampshire,NH,State House,STRAFFORD 18,general,Gerri Cannon,Democratic,2055.0,17.7,True,False
2018,New Hampshire,NH,State House,STRAFFORD 18,general,Cecilia Rich,Democratic,1923.0,16.6,True,False
2018,New Hampshire,NH,State House,STRAFFORD 18,general,Matthew Spencer,Republican,1727.0,14.9,False,True
2018,New Hampshire,NH,State House,STRAFFORD 18,general,Jodi Carnes,Republican,1538.0,13.3,False,False
2018,New Hampshire,NH,State House,STRAFFORD 18,general,Padraic O'Hare,Republican,1378.0,11.9,False,False
2018,New Hampshire,NH,State House,STRAFFORD 18,general,Dale Sprague,Independent (politician),601.0,5.2,False,True
2018,New Hampshire,NH,State House,STRAFFORD 18,general,Jarec Rondeau,Libertarian,147.0,1.3,False,False
2018,New Hampshire,NH,State House,STRAFFORD 19,general,Peter B. Schmidt,Democratic,3299.0,74.2,True,True
2018,New Hampshire,NH,State House,STRAFFORD 19,general,Patrick Coleman,Republican,1150.0,25.8,False,False
2018,New Hampshire,NH,State House,STRAFFORD 20,general,Tom Southworth,Democratic,3562.0,99.6,True,True
2018,New Hampshire,NH,State House,STRAFFORD 21,general,Catt Sandler,Democratic,4998.0,56.7,True,True
2018,New Hampshire,NH,State House,STRAFFORD 21,general,Philip Munck,Republican,3814.0,43.3,False,False
2018,New Hampshire,NH,State House,STRAFFORD 22,general,Peg Higgins,Democratic,1926.0,53.2,True,False
2018,New Hampshire,NH,State House,STRAFFORD 22,general,Thomas Kaczynski,Republican,1697.0,46.8,False,True
2018,New Hampshire,NH,State House,STRAFFORD 23,general,Sandra Keans,Democratic,1952.0,50.9,True,True
2018,New Hampshire,NH,State House,STRAFFORD 23,general,Don Leeman,Republican,1884.0,49.1,False,False
2018,New Hampshire,NH,State House,STRAFFORD 24,general,Mona Perreault,Republican,1720.0,47.2,True,False
2018,New Hampshire,NH,State House,STRAFFORD 24,general,Jeremiah Minihan,Democratic,1548.0,42.5,False,False
2018,New Hampshire,NH,State House,STRAFFORD 24,general,Brandon Phinney,Libertarian,377.0,10.3,False,True
2018,New Hampshire,NH,State House,STRAFFORD 25,general,Amanda Gourgue,Democratic,3634.0,56.7,True,True
2018,New Hampshire,NH,State House,STRAFFORD 25,general,Joe Hannon,Republican,2774.0,43.3,False,False
2018,New Hampshire,NH,State House,SULLIVAN 1,general,Brian Sullivan,Democratic,2751.0,32.7,True,True
2018,New Hampshire,NH,State House,SULLIVAN 1,general,Lee Oxenham,Democratic,2644.0,31.4,True,True
2018,New Hampshire,NH,State House,SULLIVAN 1,general,Virginia Drye,Republican,1692.0,20.1,False,False
2018,New Hampshire,NH,State House,SULLIVAN 1,general,Tanya McIntire,Republican,1330.0,15.8,False,False
2018,New Hampshire,NH,State House,SULLIVAN 2,general,Gates Lucas,Republican,1136.0,52.8,True,False
2018,New Hampshire,NH,State House,SULLIVAN 2,general,Sue Gottling,Democratic,1016.0,47.2,False,True
2018,New Hampshire,NH,State House,SULLIVAN 3,general,Andrew O'Hearne,Democratic,613.0,59.6,True,False
2018,New Hampshire,NH,State House,SULLIVAN 3,general,Francis Gauthier,Republican,416.0,40.4,False,True
2018,New Hampshire,NH,State House,SULLIVAN 4,general,Gary Merchant,Democratic,883.0,57.4,True,False
2018,New Hampshire,NH,State House,SULLIVAN 4,general,John O'Connor,Republican,655.0,42.6,False,True
2018,New Hampshire,NH,State House,SULLIVAN 5,general,Walter Stapleton,Republican,663.0,51.0,True,False
2018,New Hampshire,NH,State House,SULLIVAN 5,general,Chad Rolston,Democratic,636.0,49.0,False,False
2018,New Hampshire,NH,State House,SULLIVAN 6,general,Skip Rollins,Republican,1523.0,32.5,True,True
2018,New Hampshire,NH,State House,SULLIVAN 6,general,John Callum,Republican,1103.0,23.5,True,False
2018,New Hampshire,NH,State House,SULLIVAN 6,general,Virginia Irwin,Democratic,1079.0,23.0,False,True
2018,New Hampshire,NH,State House,SULLIVAN 6,general,Larry Flint,Democratic,983.0,20.9,False,False
2018,New Hampshire,NH,State House,SULLIVAN 7,general,Judy Aron,Republican,1122.0,53.1,True,False
2018,New Hampshire,NH,State House,SULLIVAN 7,general,Claudia Istel,Democratic,990.0,46.9,False,False
2018,New Hampshire,NH,State House,SULLIVAN 8,general,Tom Laware,Republican,836.0,50.2,True,True
2018,New Hampshire,NH,State House,SULLIVAN 8,general,John Streeter,Democratic,829.0,49.8,False,False
2018,New Hampshire,NH,State House,SULLIVAN 9,general,Linda Tanner,Democratic,4938.0,53.3,True,True
2018,New Hampshire,NH,State House,SULLIVAN 9,general,Francis Gauthier,Republican,4335.0,46.7,False,False
2018,New Hampshire,NH,State House,SULLIVAN 10,general,John Cloutier,Democratic,2289.0,58.7,True,True
2018,New Hampshire,NH,State House,SULLIVAN 10,general,Conlin Smith,Republican,1609.0,41.3,False,False
2018,New Hampshire,NH,State House,SULLIVAN 11,general,Steven D. Smith,Republican,2057.0,54.7,True,True
2018,New Hampshire,NH,State House,SULLIVAN 11,general,Bruce Cragin,Democratic,1703.0,45.3,False,False
2018,New Mexico,NM,State House,1,general,Rod Montoya,Republican,8512.0,100.0,True,True
2018,New Mexico,NM,State House,2,general,James Strickler,Republican,5437.0,100.0,True,True
2018,New Mexico,NM,State House,3,general,Paul Bandy,Republican,6225.0,77.4,True,True
2018,New Mexico,NM,State House,3,general,Mary Schildmeyer,Democratic,1817.0,22.6,False,False
2018,New Mexico,NM,State House,4,general,Anthony Allison,Democratic,4111.0,52.2,True,False
2018,New Mexico,NM,State House,4,general,Sharon Clahchischilliage,Republican,3766.0,47.8,False,True
2018,New Mexico,NM,State House,5,general,Doreen Wonda Johnson,Democratic,6467.0,100.0,True,True
2018,New Mexico,NM,State House,6,general,Eliseo Alcon,Democratic,5872.0,100.0,True,True
2018,New Mexico,NM,State House,7,general,Kelly Fajardo,Republican,4294.0,54.6,True,True
2018,New Mexico,NM,State House,7,general,Leroy Baca,Democratic,3576.0,45.4,False,False
2018,New Mexico,NM,State House,8,general,Alonzo Baldonado,Republican,6398.0,59.7,True,True
2018,New Mexico,NM,State House,8,general,Mary Jo Jaramillo,Democratic,3576.0,40.3,False,False
2018,New Mexico,NM,State House,9,general,Patricia Lundstrom,Democratic,5324.0,100.0,True,True
2018,New Mexico,NM,State House,10,general,Andrés Romero,Democratic,4913.0,100.0,True,True
2018,New Mexico,NM,State House,11,general,Javier Martinez,Democratic,9801.0,100.0,True,True
2018,New Mexico,NM,State House,12,general,Patricio Ruiloba,Democratic,4288.0,100.0,True,True
2018,New Mexico,NM,State House,13,general,Patricia Roybal Caballero,Democratic,4708.0,100.0,True,True
2018,New Mexico,NM,State House,14,general,Miguel Garcia,Democratic,5253.0,100.0,True,True
2018,New Mexico,NM,State House,15,general,Dayan Hochman-Vigil,Democratic,6565.0,52.1,True,False
2018,New Mexico,NM,State House,15,general,Brad Winter,Republican,6025.0,47.9,False,False
2018,New Mexico,NM,State House,16,general,Moe Maestas,Democratic,6774.0,100.0,True,True
2018,New Mexico,NM,State House,17,general,Deborah Armstrong,Democratic,7007.0,64.9,True,True
2018,New Mexico,NM,State House,17,general,Ray Gallegos,Republican,3783.0,35.1,False,False
2018,New Mexico,NM,State House,18,general,Gail Chasey,Democratic,9668.0,100.0,True,True
2018,New Mexico,NM,State House,19,general,Sheryl Williams Stapleton,Democratic,7937.0,100.0,True,True
2018,New Mexico,NM,State House,20,general,Abbas Akhil,Democratic,5889.0,50.5,True,False
2018,New Mexico,NM,State House,20,general,Jim Dines,Republican,5780.0,49.5,False,True
2018,New Mexico,NM,State House,21,general,Debra Sariñana,Democratic,4075.0,100.0,True,True
2018,New Mexico,NM,State House,22,general,Gregg Schmedes,Republican,8192.0,50.4,True,True
2018,New Mexico,NM,State House,22,general,Jessica Velasquez,Democratic,8054.0,49.6,False,False
2018,New Mexico,NM,State House,23,general,Daymon Ely,Democratic,7278.0,57.1,True,True
2018,New Mexico,NM,State House,23,general,Brenda Diane Boatman,Republican,5462.0,42.9,False,False
2018,New Mexico,NM,State House,24,general,Liz Thomson,Democratic,6730.0,58.0,True,True
2018,New Mexico,NM,State House,24,general,Trey Stephen Morris,Republican,4871.0,42.0,False,False
2018,New Mexico,NM,State House,25,general,Christine Trujillo,Democratic,8076.0,68.92,True,True
2018,New Mexico,NM,State House,25,general,Joan Antoinette Marentes,Republican,3642.0,31.08,False,False
2018,New Mexico,NM,State House,26,general,Georgene Louis,Democratic,3971.0,100.0,True,True
2018,New Mexico,NM,State House,27,general,William Pratt,Democratic,7190.0,50.7,True,False
2018,New Mexico,NM,State House,27,general,Robert S. Godshall,Republican,7004.0,49.3,False,False
2018,New Mexico,NM,State House,28,general,Melanie Stansbury,Democratic,7331.0,53.7,True,False
2018,New Mexico,NM,State House,28,general,Jimmie Hall,Republican,6322.0,46.3,False,True
2018,New Mexico,NM,State House,29,general,Joy Garratt,Democratic,7065.0,53.9,True,False
2018,New Mexico,NM,State House,29,general,David Adkins,Republican,6046.0,46.1,False,True
2018,New Mexico,NM,State House,30,general,Natalie Figueroa,Democratic,6766.0,58.02,True,False
2018,New Mexico,NM,State House,30,general,John Jones,Republican,4895.0,41.98,False,False
2018,New Mexico,NM,State House,31,general,Bill Rehm,Republican,9669.0,64.3,True,True
2018,New Mexico,NM,State House,31,general,William Wiley,Libertarian,5371.0,35.7,False,False
2018,New Mexico,NM,State House,32,general,Candie Sweetser,Democratic,4845.0,64.0,True,True
2018,New Mexico,NM,State House,32,general,Laura Boyd,Republican,2721.0,36.0,False,False
2018,New Mexico,NM,State House,33,general,Micaela Lara Cadena,Democratic,5781.0,65.4,True,False
2018,New Mexico,NM,State House,33,general,Charles Wendler,Republican,3061.0,34.6,False,False
2018,New Mexico,NM,State House,34,general,Raymundo Lara,Democratic,4635.0,100.0,True,False
2018,New Mexico,NM,State House,35,general,Angelica Rubio,Democratic,5778.0,64.6,True,True
2018,New Mexico,NM,State House,35,general,Jonathan Kyle Allen,Republican,3159.0,35.4,False,False
2018,New Mexico,NM,State House,36,general,Nathan Small,Democratic,5262.0,60.45,True,True
2018,New Mexico,NM,State House,36,general,David Tofsted,Republican,3442.0,39.55,False,False
2018,New Mexico,NM,State House,37,general,Joanne Ferrary,Democratic,7741.0,59.7,True,True
2018,New Mexico,NM,State House,37,general,Bev Courtney,Republican,5219.0,40.3,False,False
2018,New Mexico,NM,State House,38,general,Rebecca Dow,Republican,6634.0,54.3,True,True
2018,New Mexico,NM,State House,38,general,Karen Whitlock,Democratic,5593.0,45.7,False,False
2018,New Mexico,NM,State House,39,general,Rodolpho Martinez,Democratic,5282.0,58.1,True,True
2018,New Mexico,NM,State House,39,general,Lee Cotter,Republican,3812.0,41.9,False,False
2018,New Mexico,NM,State House,40,general,Joseph Sanchez,Democratic,8277.0,80.7,True,False
2018,New Mexico,NM,State House,40,general,Tweeti Blancett,Independent,1973.0,19.3,False,False
2018,New Mexico,NM,State House,41,general,Susan Herrera,Democratic,7939.0,100.0,True,False
2018,New Mexico,NM,State House,42,general,Roberto Gonzales,Democratic,10437.0,100.0,True,True
2018,New Mexico,NM,State House,43,general,Christine Chandler,Democratic,8311.0,62.1,True,False
2018,New Mexico,NM,State House,43,general,Lisa Shin,Republican,5076.0,37.9,False,False
2018,New Mexico,NM,State House,44,general,Jane Powdrell-Culbert,Republican,8116.0,54.7,True,True
2018,New Mexico,NM,State House,44,general,Benton Howell,Democratic,6712.0,45.3,False,False
2018,New Mexico,NM,State House,45,general,Jim Trujillo,Democratic,9590.0,100.0,True,True
2018,New Mexico,NM,State House,46,general,Andrea Romero,Democratic,8624.0,75.9,True,False
2018,New Mexico,NM,State House,46,general,Heather Nordquist,Democratic,2734.0,24.07,False,False
2018,New Mexico,NM,State House,47,general,Brian Egolf,Democratic,14482.0,100.0,True,True
2018,New Mexico,NM,State House,48,general,Linda Trujillo,Democratic,10759.0,100.0,True,True
2018,New Mexico,NM,State House,49,general,Gail Armstrong,Republican,7498.0,100.0,True,True
2018,New Mexico,NM,State House,50,general,Matthew McQueen,Democratic,7490.0,58.9,True,True
2018,New Mexico,NM,State House,50,general,Jarratt Applewhite,Independent,5222.0,41.1,False,False
2018,New Mexico,NM,State House,51,general,Rachel Black,Republican,5486.0,64.3,True,False
2018,New Mexico,NM,State House,51,general,Jeff Swanson,Democratic,3045.0,35.7,False,False
2018,New Mexico,NM,State House,52,general,Doreen Gallegos,Democratic,4553.0,66.5,True,True
2018,New Mexico,NM,State House,52,general,David Cheek,Republican,2293.0,33.5,False,False
2018,New Mexico,NM,State House,53,general,Willie Madrid,Democratic,2425.0,53.2,True,False
2018,New Mexico,NM,State House,53,general,Ricky Little,Republican,2134.0,46.8,False,True
2018,New Mexico,NM,State House,54,general,Jim Townsend,Republican,6773.0,100.0,True,True
2018,New Mexico,NM,State House,55,general,Cathrynn Brown,Republican,7755.0,100.0,True,True
2018,New Mexico,NM,State House,56,general,Zachary Cook,Republican,6646.0,100.0,True,True
2018,New Mexico,NM,State House,57,general,Jason Harper,Republican,5250.0,51.1,True,True
2018,New Mexico,NM,State House,57,general,Billie Ann Helean,Democratic,5033.0,48.9,False,False
2018,New Mexico,NM,State House,58,general,Candy Ezzell,Republican,3857.0,100.0,True,True
2018,New Mexico,NM,State House,59,general,Greg Nibert,Republican,7862.0,76.8,True,True
2018,New Mexico,NM,State House,59,general,Carl Swinney,Libertarian,2376.0,23.2,False,False
2018,New Mexico,NM,State House,60,general,Tim Lewis,Republican,6124.0,52.8,True,True
2018,New Mexico,NM,State House,60,general,Alexis Jimenez,Democratic,5468.0,47.2,False,False
2018,New Mexico,NM,State House,61,general,David Gallegos,Republican,3530.0,100.0,True,True
2018,New Mexico,NM,State House,62,general,Larry Scott,Republican,6561.0,100.0,True,True
2018,New Mexico,NM,State House,63,general,Martin Zamora,Republican,2982.0,50.2,True,False
2018,New Mexico,NM,State House,63,general,George Dodge Jr.,Democratic,2955.0,49.8,False,True
2018,New Mexico,NM,State House,64,general,Randal Crowder,Republican,5687.0,100.0,True,True
2018,New Mexico,NM,State House,65,general,Derrick Lente,Democratic,6359.0,100.0,True,True
2018,New Mexico,NM,State House,66,general,Phelps Anderson,Republican,6802.0,100.0,True,True
2018,New Mexico,NM,State House,67,general,Jackey Chatfield,Republican,5842.0,62.2,True,False
2018,New Mexico,NM,State House,67,general,Mark McDonald,Democratic,3549.0,37.8,False,False
2018,New Mexico,NM,State House,68,general,Karen Bash,Democratic,6857.0,58.0,True,False
2018,New Mexico,NM,State House,68,general,Monica Youngblood,Republican,4972.0,42.0,False,True
2018,New Mexico,NM,State House,69,general,Harry Garcia,Democratic,5720.0,100.0,True,True
2018,New Mexico,NM,State House,70,general,Tomás Salazar,Democratic,6927.0,100.0,True,True
2018,North Carolina,NC,State House,1,general,Ed Goodwin,Republican,14749.0,53.1,True,False
2018,North Carolina,NC,State House,1,general,Ronald (Ron) Wesson,Democratic,13026.0,46.9,False,False
2018,North Carolina,NC,State House,2,general,Larry Yarborough,Republican,16124.0,55.31,True,True
2018,North Carolina,NC,State House,2,general,Darryl D. Moss,Democratic,13026.0,44.69,False,False
2018,North Carolina,NC,State House,3,general,Michael Speciale,Republican,14068.0,54.9,True,True
2018,North Carolina,NC,State House,3,general,Barbara Lee,Democratic,10874.0,42.44,False,False
2018,North Carolina,NC,State House,3,general,T. Lee Horne III,Libertarian,683.0,2.67,False,False
2018,North Carolina,NC,State House,4,general,Jimmy Dixon,Republican,13546.0,62.87,True,True
2018,North Carolina,NC,State House,4,general,Da'Quan Marcell Love,Democratic,7515.0,34.88,False,False
2018,North Carolina,NC,State House,4,general,Kevin E. Hayes,Constitution,486.0,2.26,False,False
2018,North Carolina,NC,State House,5,general,Howard Hunter III,Democratic,15206.0,59.92,True,True
2018,North Carolina,NC,State House,5,general,Phillip Smith,Republican,10172.0,40.08,False,False
2018,North Carolina,NC,State House,6,general,Bobby Hanig,Republican,18573.0,55.03,True,False
2018,North Carolina,NC,State House,6,general,Tess Judge,Democratic,15177.0,44.97,False,False
2018,North Carolina,NC,State House,7,general,Lisa Stone Barnes,Republican,18352.0,58.0,True,False
2018,North Carolina,NC,State House,7,general,Bobbie Richardson,Democratic,13289.0,42.0,False,True
2018,North Carolina,NC,State House,8,general,Kandie Smith,Democratic,15570.0,64.65,True,False
2018,North Carolina,NC,State House,8,general,Brenda Letchworth Smith,Republican,8515.0,35.35,False,False
2018,North Carolina,NC,State House,9,general,Greg Murphy,Republican,17234.0,59.96,True,True
2018,North Carolina,NC,State House,9,general,Kris Rixon,Democratic,11510.0,40.04,False,False
2018,North Carolina,NC,State House,10,general,John Bell,Republican,18838.0,69.34,True,True
2018,North Carolina,NC,State House,10,general,Tracy Blackmon,Democratic,8329.0,30.66,False,False
2018,North Carolina,NC,State House,11,general,Allison Dahle,Democratic,23266.0,69.22,True,False
2018,North Carolina,NC,State House,11,general,Tyler Brooks,Republican,9179.0,27.31,False,False
2018,North Carolina,NC,State House,11,general,Travis Groo,Libertarian,1166.0,3.47,False,False
2018,North Carolina,NC,State House,12,general,Chris Humphrey,Republican,14494.0,56.1,True,False
2018,North Carolina,NC,State House,12,general,George Graham,Democratic,11340.0,43.9,False,True
2018,North Carolina,NC,State House,13,general,Pat McElraft,Republican,22755.0,72.76,True,True
2018,North Carolina,NC,State House,13,general,Pene diMaio,Independent (politician),8518.0,27.24,False,False
2018,North Carolina,NC,State House,14,general,George Cleveland,Republican,10544.0,58.82,True,True
2018,North Carolina,NC,State House,14,general,Isiah (Ike) Johnson,Democratic,7381.0,41.18,False,False
2018,North Carolina,NC,State House,15,general,Phil Shepard,Republican,9076.0,66.38,True,True
2018,North Carolina,NC,State House,15,general,Dan Whitten,Democratic,4596.0,33.62,False,False
2018,North Carolina,NC,State House,16,general,Carson Smith,Republican,18146.0,59.32,True,False
2018,North Carolina,NC,State House,16,general,John Johnson,Democratic,12443.0,40.68,False,False
2018,North Carolina,NC,State House,17,general,Frank Iler,Republican,28930.0,63.48,True,True
2018,North Carolina,NC,State House,17,general,Tom Simmons,Democratic,16642.0,36.52,False,False
2018,North Carolina,NC,State House,18,general,Deb Butler,Democratic,17812.0,62.43,True,True
2018,North Carolina,NC,State House,18,general,Louis Harmati,Republican,9835.0,34.47,False,False
2018,North Carolina,NC,State House,18,general,Joseph D. Sharp,Libertarian,885.0,3.1,False,False
2018,North Carolina,NC,State House,19,general,Ted Davis Jr.,Republican,17957.0,49.3,True,True
2018,North Carolina,NC,State House,19,general,Marcia Morgan,Democratic,17075.0,46.88,False,False
2018,North Carolina,NC,State House,19,general,David Perry,Libertarian,1389.0,3.81,False,False
2018,North Carolina,NC,State House,20,general,Holly Grange,Republican,18979.0,52.66,True,True
2018,North Carolina,NC,State House,20,general,Leslie Cohen,Democratic,17062.0,47.34,False,False
2018,North Carolina,NC,State House,21,general,Raymond Smith Jr.,Democratic,12041.0,52.65,True,False
2018,North Carolina,NC,State House,21,general,Robert E. Freeman,Republican,10829.0,47.35,False,False
2018,North Carolina,NC,State House,22,general,William Brisson,Republican,15423.0,56.69,True,True
2018,North Carolina,NC,State House,22,general,Martin (Tony) Denning,Democratic,11783.0,43.31,False,False
2018,North Carolina,NC,State House,23,general,Shelly Willingham,Democratic,15959.0,60.85,True,True
2018,North Carolina,NC,State House,23,general,Claiborne Holtzman,Republican,10266.0,39.15,False,False
2018,North Carolina,NC,State House,24,general,Jean Farmer-Butterfield,Democratic,14219.0,50.8,True,True
2018,North Carolina,NC,State House,24,general,Ken Fontenot,Independent (politician),13770.0,49.2,False,False
2018,North Carolina,NC,State House,25,general,James Gailliard,Democratic,15858.0,51.52,True,False
2018,North Carolina,NC,State House,25,general,John M. Check,Republican,13873.0,45.07,False,False
2018,North Carolina,NC,State House,25,general,Nick Taylor,Libertarian,1047.0,3.4,False,False
2018,North Carolina,NC,State House,26,general,Donna McDowell White,Republican,22770.0,59.84,True,True
2018,North Carolina,NC,State House,26,general,Linda Bennett,Democratic,15283.0,40.16,False,False
2018,North Carolina,NC,State House,27,general,Michael Wray,Democratic,16783.0,69.33,True,True
2018,North Carolina,NC,State House,27,general,Raymond (Ray) Dyer,Republican,7426.0,30.67,False,False
2018,North Carolina,NC,State House,28,general,Larry Strickland,Republican,17237.0,63.19,True,True
2018,North Carolina,NC,State House,28,general,Jimmie M. Massengill,Democratic,9373.0,34.36,False,False
2018,North Carolina,NC,State House,28,general,Walt Rabon,Libertarian,670.0,2.46,False,False
2018,North Carolina,NC,State House,29,general,MaryAnn Black,Democratic,32757.0,88.15,True,True
2018,North Carolina,NC,State House,29,general,Charles Becker,Republican,4402.0,11.85,False,False
2018,North Carolina,NC,State House,30,general,Marcia Morey,Democratic,30303.0,73.84,True,True
2018,North Carolina,NC,State House,30,general,B. Angelo Burch Sr.,Republican,9862.0,24.03,False,False
2018,North Carolina,NC,State House,30,general,Matthew Wagoner,Libertarian,872.0,2.12,False,False
2018,North Carolina,NC,State House,31,general,Zack Forde-Hawkins,Democratic,30613.0,81.0,True,False
2018,North Carolina,NC,State House,31,general,Torian Webson,Republican,6002.0,15.88,False,False
2018,North Carolina,NC,State House,31,general,Erik Raudsep,Libertarian,1179.0,3.12,False,False
2018,North Carolina,NC,State House,32,general,Terry Garrison,Democratic,17822.0,64.27,True,True
2018,North Carolina,NC,State House,32,general,Robert Shingler,Republican,9909.0,35.73,False,False
2018,North Carolina,NC,State House,33,general,Rosa Gill,Democratic,23900.0,78.7,True,True
2018,North Carolina,NC,State House,33,general,Anne Murtha,Republican,6468.0,21.3,False,False
2018,North Carolina,NC,State House,34,general,Grier Martin,Democratic,26348.0,65.51,True,True
2018,North Carolina,NC,State House,34,general,Catherine Whiteford,Republican,12903.0,32.08,False,False
2018,North Carolina,NC,State House,34,general,Cap Hayes,Libertarian,970.0,2.41,False,False
2018,North Carolina,NC,State House,35,general,Terence Everitt,Democratic,23187.0,51.09,True,False
2018,North Carolina,NC,State House,35,general,Chris Malone,Republican,20668.0,45.54,False,True
2018,North Carolina,NC,State House,35,general,Michael Nelson,Libertarian,1532.0,3.38,False,False
2018,North Carolina,NC,State House,36,general,Julie von Haefen,Democratic,21551.0,49.52,True,False
2018,North Carolina,NC,State House,36,general,Nelson Dollar,Republican,20667.0,47.49,False,True
2018,North Carolina,NC,State House,36,general,Robyn Haley Pegram,Libertarian,1305.0,3.0,False,False
2018,North Carolina,NC,State House,37,general,Sydney Batch,Democratic,22803.0,49.92,True,False
2018,North Carolina,NC,State House,37,general,John Adcock,Republican,21859.0,47.85,False,True
2018,North Carolina,NC,State House,37,general,Guy Meilleur,Libertarian,1018.0,2.23,False,False
2018,North Carolina,NC,State House,38,general,Yvonne Lewis Holley,Democratic,23985.0,81.9,True,True
2018,North Carolina,NC,State House,38,general,Ken Bagnal,Republican,4532.0,15.48,False,False
2018,North Carolina,NC,State House,38,general,Bobby Yates Emory,Libertarian,768.0,2.62,False,False
2018,North Carolina,NC,State House,39,general,Darren Jackson,Democratic,24172.0,66.4,True,True
2018,North Carolina,NC,State House,39,general,Rhonda Allen,Republican,11441.0,31.43,False,False
2018,North Carolina,NC,State House,40,general,Joe John,Democratic,24193.0,51.24,True,True
2018,North Carolina,NC,State House,40,general,Marilyn Avila,Republican,21256.0,45.02,False,False
2018,North Carolina,NC,State House,40,general,David Ulmer,Libertarian,1767.0,3.74,False,False
2018,North Carolina,NC,State House,41,general,Gale Adcock,Democratic,26631.0,66.76,True,True
2018,North Carolina,NC,State House,41,general,Emmanuel Wilder,Republican,13262.0,33.24,False,False
2018,North Carolina,NC,State House,42,general,Marvin Lucas,Democratic,13100.0,76.05,True,True
2018,North Carolina,NC,State House,42,general,Ed Williams,Republican,3684.0,21.39,False,False
2018,North Carolina,NC,State House,42,general,Mark A. Crowe,Constitution,442.0,2.57,False,False
2018,North Carolina,NC,State House,43,general,Elmer Floyd,Democratic,16175.0,74.13,True,True
2018,North Carolina,NC,State House,43,general,John Czajkowski,Republican,5646.0,25.87,False,False
2018,North Carolina,NC,State House,44,general,Billy Richardson,Democratic,13448.0,56.56,True,True
2018,North Carolina,NC,State House,44,general,Linda Devore,Republican,10328.0,43.44,False,False
2018,North Carolina,NC,State House,45,general,John Szoka,Republican,17280.0,58.36,True,True
2018,North Carolina,NC,State House,45,general,Albeiro (Al) Florez,Democratic,12330.0,41.64,False,False
2018,North Carolina,NC,State House,46,general,Brenden Jones,Republican,12687.0,63.35,True,True
2018,North Carolina,NC,State House,46,general,Barbara S. Yates-Lockamy,Democratic,7339.0,36.65,False,False
2018,North Carolina,NC,State House,47,general,Charles Graham,Democratic,11496.0,58.91,True,True
2018,North Carolina,NC,State House,47,general,Jarrod Lowery,Republican,8018.0,41.09,False,False
2018,North Carolina,NC,State House,48,general,Garland Pierce,Democratic,14619.0,62.85,True,True
2018,North Carolina,NC,State House,48,general,Russell Walker,Republican,8641.0,37.15,False,False
2018,North Carolina,NC,State House,49,general,Cynthia Ball,Democratic,27538.0,66.27,True,True
2018,North Carolina,NC,State House,49,general,David Robertson,Republican,12929.0,31.11,False,False
2018,North Carolina,NC,State House,49,general,Jonathan Horst,Libertarian,1086.0,2.61,False,False
2018,North Carolina,NC,State House,50,general,Graig Meyer,Democratic,23292.0,62.11,True,True
2018,North Carolina,NC,State House,50,general,Kenneth Price Rothrock,Republican,14210.0,37.89,False,False
2018,North Carolina,NC,State House,51,general,John Sauls,Republican,13707.0,52.79,True,True
2018,North Carolina,NC,State House,51,general,Lisa D. Mathis,Democratic,12259.0,47.21,False,False
2018,North Carolina,NC,State House,52,general,Jamie Boles,Republican,22438.0,62.71,True,True
2018,North Carolina,NC,State House,52,general,Lowell Simon,Democratic,13342.0,37.29,False,False
2018,North Carolina,NC,State House,53,general,David Lewis,Republican,17201.0,62.99,True,True
2018,North Carolina,NC,State House,53,general,Richard Chapman,Democratic,10108.0,37.01,False,False
2018,North Carolina,NC,State House,54,general,Robert Reives,Democratic,29664.0,63.27,True,True
2018,North Carolina,NC,State House,54,general,Jay Stobbs,Republican,17219.0,36.73,False,False
2018,North Carolina,NC,State House,55,general,Mark Brody,Republican,18412.0,65.29,True,True
2018,North Carolina,NC,State House,55,general,Frank Deese,Democratic,9790.0,34.71,False,False
2018,North Carolina,NC,State House,56,general,Verla Insko,Democratic,32286.0,86.15,True,True
2018,North Carolina,NC,State House,56,general,Marcus Cooke,Republican,4235.0,11.3,False,False
2018,North Carolina,NC,State House,56,general,Matthew P. Clements,Libertarian,955.0,2.55,False,False
2018,North Carolina,NC,State House,57,general,Ashton Clemmons,Democratic,22443.0,67.57,True,False
2018,North Carolina,NC,State House,57,general,Troy Lawson,Republican,10773.0,32.43,False,False
2018,North Carolina,NC,State House,58,general,Amos Quick,Democratic,21385.0,76.78,True,True
2018,North Carolina,NC,State House,58,general,Peter Boykin,Republican,6467.0,23.22,False,False
2018,North Carolina,NC,State House,59,general,Jon Hardister,Republican,22119.0,56.65,True,True
2018,North Carolina,NC,State House,59,general,Steven A. Buccini,Democratic,16924.0,43.35,False,False
2018,North Carolina,NC,State House,60,general,Cecil Brockman,Democratic,17718.0,69.04,True,True
2018,North Carolina,NC,State House,60,general,Kurt Collins,Republican,7947.0,30.96,False,False
2018,North Carolina,NC,State House,61,general,Pricey Harrison,Democratic,25469.0,73.3,True,True
2018,North Carolina,NC,State House,61,general,Alissa Batts,Republican,9275.0,26.7,False,False
2018,North Carolina,NC,State House,62,general,John Faircloth,Republican,22568.0,57.29,True,True
2018,North Carolina,NC,State House,62,general,Martha R. Shafer,Democratic,16823.0,42.71,False,False
2018,North Carolina,NC,State House,63,general,Stephen Ross,Republican,15311.0,50.49,True,True
2018,North Carolina,NC,State House,63,general,Erica McAdoo,Democratic,15013.0,49.51,False,False
2018,North Carolina,NC,State House,64,general,Dennis Riddell,Republican,14942.0,57.83,True,True
2018,North Carolina,NC,State House,64,general,Elliott Lynch,Democratic,10896.0,42.17,False,False
2018,North Carolina,NC,State House,65,general,Jerry Carter,Republican,16464.0,57.38,True,False
2018,North Carolina,NC,State House,65,general,Michael H. (Mike) Lee,Democratic,10007.0,34.88,False,False
2018,North Carolina,NC,State House,65,general,Houston Barrow,Libertarian,2220.0,7.74,False,False
2018,North Carolina,NC,State House,66,general,Ken Goodman,Democratic,13528.0,51.0,True,True
2018,North Carolina,NC,State House,66,general,Joey Davis,Republican,12432.0,46.87,False,False
2018,North Carolina,NC,State House,66,general,Justin Miller,Green,565.0,2.13,False,False
2018,North Carolina,NC,State House,67,general,Wayne Sasser,Republican,24040.0,72.42,True,False
2018,North Carolina,NC,State House,67,general,Karen Webster,Democratic,8006.0,24.12,False,False
2018,North Carolina,NC,State House,67,general,Michael Finn,Libertarian,1150.0,3.46,False,False
2018,North Carolina,NC,State House,68,general,Craig Horn,Republican,21138.0,58.48,True,True
2018,North Carolina,NC,State House,68,general,Rick Foulke,Democratic,15009.0,41.52,False,False
2018,North Carolina,NC,State House,69,general,Dean Arp,Republican,18029.0,60.27,True,True
2018,North Carolina,NC,State House,69,general,Jennifer Benson,Democratic,11887.0,39.73,False,False
2018,North Carolina,NC,State House,70,general,Pat Hurley,Republican,18717.0,76.91,True,True
2018,North Carolina,NC,State House,70,general,Mary Rulli,Democratic,5620.0,23.09,False,False
2018,North Carolina,NC,State House,71,general,Evelyn Terry,Democratic,18242.0,72.67,True,True
2018,North Carolina,NC,State House,71,general,Scott Arnold,Republican,6861.0,27.33,False,False
2018,North Carolina,NC,State House,72,general,Derwin Montgomery,Democratic,19292.0,79.11,True,True
2018,North Carolina,NC,State House,72,general,Reginald Reid,Republican,5093.0,20.89,False,False
2018,North Carolina,NC,State House,73,general,Lee Zachary,Republican,19763.0,64.1,True,True
2018,North Carolina,NC,State House,73,general,William Stinson,Democratic,11070.0,35.9,False,False
2018,North Carolina,NC,State House,74,general,Debra Conrad,Republican,19423.0,54.51,True,True
2018,North Carolina,NC,State House,74,general,Terri Elizabeth LeGrand,Democratic,16212.0,45.49,False,False
2018,North Carolina,NC,State House,75,general,Donny Lambeth,Republican,17652.0,53.09,True,True
2018,North Carolina,NC,State House,75,general,Dan Besse,Democratic,15599.0,46.91,False,False
2018,North Carolina,NC,State House,76,general,Harry Warren,Republican,16718.0,61.25,True,True
2018,North Carolina,NC,State House,76,general,Joe Fowler,Democratic,10578.0,38.75,False,False
2018,North Carolina,NC,State House,77,general,Juila Craven Howard,Republican,23654.0,73.37,True,True
2018,North Carolina,NC,State House,77,general,Bonnie Dawn Clark,Democratic,8584.0,26.63,False,False
2018,North Carolina,NC,State House,78,general,Allen Ray McNeill,Republican,20829.0,78.78,True,True
2018,North Carolina,NC,State House,78,general,Jim Meredith,Democratic,5612.0,21.22,False,False
2018,North Carolina,NC,State House,79,general,Keith Kidwell,Republican,17247.0,60.59,True,False
2018,North Carolina,NC,State House,79,general,Jerry E. Langley,Democratic,11220.0,39.41,False,False
2018,North Carolina,NC,State House,80,general,Steve Jarvis,Republican,21283.0,75.08,True,False
2018,North Carolina,NC,State House,80,general,Wendy B. Sellars,Democratic,7063.0,24.92,False,False
2018,North Carolina,NC,State House,81,general,Larry Potts,Republican,20276.0,71.84,True,True
2018,North Carolina,NC,State House,81,general,Lewie Phillips,Democratic,7946.0,28.16,False,False
2018,North Carolina,NC,State House,82,general,Linda Johnson,Republican,18969.0,52.75,True,True
2018,North Carolina,NC,State House,82,general,Aimy Steele,Democratic,16991.0,47.25,False,False
2018,North Carolina,NC,State House,83,general,Larry Pittman,Republican,14798.0,52.78,True,True
2018,North Carolina,NC,State House,83,general,Gail Young,Democratic,13240.0,47.22,False,False
2018,North Carolina,NC,State House,84,general,Rena Turner,Republican,20483.0,68.9,True,True
2018,North Carolina,NC,State House,84,general,Allen R. Edwards,Democratic,9246.0,31.1,False,False
2018,North Carolina,NC,State House,85,general,Josh Dobson,Republican,20408.0,74.95,True,True
2018,North Carolina,NC,State House,85,general,Howard Larsen,Democratic,6822.0,25.05,False,False
2018,North Carolina,NC,State House,86,general,Hugh Blackwell,Republican,16412.0,64.48,True,True
2018,North Carolina,NC,State House,86,general,Tim Barnsback,Democratic,9039.0,35.52,False,False
2018,North Carolina,NC,State House,87,general,Destin Hall,Republican,19031.0,72.86,True,True
2018,North Carolina,NC,State House,87,general,Amanda Bregel,Democratic,7089.0,27.14,False,False
2018,North Carolina,NC,State House,88,general,Mary Belk,Democratic,22561.0,75.63,True,True
2018,North Carolina,NC,State House,88,general,Ty Turner,Republican,7268.0,24.37,False,False
2018,North Carolina,NC,State House,89,general,Mitchell Setzer,Republican,18959.0,72.25,True,True
2018,North Carolina,NC,State House,89,general,Greg Cranford,Democratic,7281.0,27.75,False,False
2018,North Carolina,NC,State House,90,general,Sarah Stevens,Republican,18373.0,68.35,True,True
2018,North Carolina,NC,State House,90,general,John Worth Wiles,Democratic,7170.0,26.68,False,False
2018,North Carolina,NC,State House,90,general,Allen Poindexter,Constitution,1336.0,4.97,False,False
2018,North Carolina,NC,State House,91,general,Kyle Hall,Republican,21232.0,73.24,True,True
2018,North Carolina,NC,State House,91,general,Michael Booth,Democratic,7134.0,24.61,False,False
2018,North Carolina,NC,State House,91,general,Steve Brenneis,Libertarian,623.0,2.15,False,False
2018,North Carolina,NC,State House,92,general,Chaz Beasley,Democratic,20043.0,70.02,True,True
2018,North Carolina,NC,State House,92,general,Debbie Ware,Republican,8580.0,29.98,False,False
2018,North Carolina,NC,State House,93,general,Carl Ray Russell,Democratic,18787.0,52.21,True,False
2018,North Carolina,NC,State House,93,general,Jonathan Jordan,Republican,17196.0,47.79,False,True
2018,North Carolina,NC,State House,94,general,Jeffrey Elmore,Republican,21278.0,72.68,True,True
2018,North Carolina,NC,State House,94,general,Dianne Little,Democratic,7998.0,27.32,False,False
2018,North Carolina,NC,State House,95,general,John Fraley,Republican,22593.0,64.07,True,True
2018,North Carolina,NC,State House,95,general,Carla Fassbender,Democratic,12670.0,35.93,False,False
2018,North Carolina,NC,State House,96,general,Jay Adams,Republican,16285.0,60.74,True,True
2018,North Carolina,NC,State House,96,general,Kim Bost,Democratic,10527.0,39.26,False,False
2018,North Carolina,NC,State House,97,general,Jason Saine,Republican,22122.0,70.51,True,True
2018,North Carolina,NC,State House,97,general,Natalie Robertson,Democratic,9252.0,29.49,False,False
2018,North Carolina,NC,State House,98,general,Christy Clark,Democratic,20033.0,50.52,True,False
2018,North Carolina,NC,State House,98,general,John Bradford,Republican,19618.0,49.48,False,True
2018,North Carolina,NC,State House,99,general,Nasif Majeed,Democratic,21915.0,82.35,True,False
2018,North Carolina,NC,State House,99,general,Joshua Niday,Republican,4696.0,17.65,False,False
2018,North Carolina,NC,State House,100,general,John Autry,Democratic,16755.0,70.83,True,True
2018,North Carolina,NC,State House,100,general,Nancy Campbell,Republican,6901.0,29.17,False,False
2018,North Carolina,NC,State House,101,general,Carolyn Logan,Democratic,23335.0,78.69,True,False
2018,North Carolina,NC,State House,101,general,Steve Mauney,Republican,6319.0,21.31,False,False
2018,North Carolina,NC,State House,102,general,Becky Carney,Democratic,21609.0,83.35,True,True
2018,North Carolina,NC,State House,102,general,Tyler Norris,Republican,4316.0,16.65,False,False
2018,North Carolina,NC,State House,103,general,Rachel Hunt,Democratic,19133.0,50.09,True,False
2018,North Carolina,NC,State House,103,general,Bill Brawley,Republican,19065.0,49.91,False,True
2018,North Carolina,NC,State House,104,general,Brandon Lofton,Democratic,21716.0,51.78,True,False
2018,North Carolina,NC,State House,104,general,Andy Dulin,Republican,20220.0,48.22,False,True
2018,North Carolina,NC,State House,105,general,Wesley Harris,Democratic,18362.0,52.29,True,False
2018,North Carolina,NC,State House,105,general,Scott Stone,Republican,16753.0,47.71,False,True
2018,North Carolina,NC,State House,106,general,Carla Cunningham,Democratic,20261.0,80.55,True,True
2018,North Carolina,NC,State House,106,general,Geovani Opry Sherow,Republican,4892.0,19.45,False,False
2018,North Carolina,NC,State House,107,general,Kelly Alexander,Democratic,24453.0,100.0,True,True
2018,North Carolina,NC,State House,108,general,John Torbett,Republican,15654.0,59.71,True,True
2018,North Carolina,NC,State House,108,general,Robert Kellogg,Democratic,10563.0,40.29,False,False
2018,North Carolina,NC,State House,109,general,Dana Bumgardner,Republican,16407.0,58.84,True,True
2018,North Carolina,NC,State House,109,general,Susan Maxon,Democratic,11400.0,40.88,False,False
2018,North Carolina,NC,State House,109,general,Jennie Stultz (Write-In),Independent (politician),22.0,0.08,False,False
2018,North Carolina,NC,State House,110,general,Kelly Hastings,Republican,16708.0,67.84,True,True
2018,North Carolina,NC,State House,110,general,Christy McCleary,Democratic,7919.0,32.16,False,False
2018,North Carolina,NC,State House,111,general,Tim Moore,Republican,16511.0,65.41,True,True
2018,North Carolina,NC,State House,111,general,David C. Brinkley,Democratic,8733.0,34.59,False,False
2018,North Carolina,NC,State House,112,general,David Rogers,Republican,18155.0,70.94,True,True
2018,North Carolina,NC,State House,112,general,Gregory James Gallagher,Democratic,7436.0,29.06,False,False
2018,North Carolina,NC,State House,113,general,Cody Henson,Republican,22407.0,57.52,True,True
2018,North Carolina,NC,State House,113,general,Sam Edney,Democratic,16551.0,42.48,False,False
2018,North Carolina,NC,State House,114,general,Susan Fisher,Democratic,34542.0,82.27,True,True
2018,North Carolina,NC,State House,114,general,Kris A. Lindstam,Republican,7444.0,17.73,False,False
2018,North Carolina,NC,State House,115,general,John Ager,Democratic,23683.0,58.28,True,True
2018,North Carolina,NC,State House,115,general,Amy Evans,Republican,16953.0,41.72,False,False
2018,North Carolina,NC,State House,116,general,Brian Turner,Democratic,19571.0,54.88,True,True
2018,North Carolina,NC,State House,116,general,Marilyn A. Brown,Republican,16091.0,45.12,False,False
2018,North Carolina,NC,State House,117,general,Chuck McGrady,Republican,20596.0,60.06,True,True
2018,North Carolina,NC,State House,117,general,Gayle Kemp,Democratic,13699.0,39.94,False,False
2018,North Carolina,NC,State House,118,general,Michele Presnell,Republican,19369.0,57.18,True,True
2018,North Carolina,NC,State House,118,general,Rhonda Cole Schandevel,Democratic,14506.0,42.82,False,False
2018,North Carolina,NC,State House,119,general,Joe Sam Queen,Democratic,15662.0,52.33,True,False
2018,North Carolina,NC,State House,119,general,Mike Clampitt,Republican,14270.0,47.67,False,True
2018,North Carolina,NC,State House,120,general,Kevin Corbin,Republican,25619.0,73.44,True,True
2018,North Carolina,NC,State House,120,general,Aaron Martin,Democratic,9267.0,26.56,False,False
2018,Pennsylvania,PA,State House,35,special general,Austin Davis,Democratic,3209.0,73.97,True,False
2018,Pennsylvania,PA,State House,35,special general,Fawn Walker-Montgomery,Republican,1129.0,26.03,False,False
2018,Pennsylvania,PA,State House,48,special general,Tim O'Neal,Republican,5615.0,54.57,True,False
2018,Pennsylvania,PA,State House,48,special general,Clark Mitchell Jr.,Democratic,4512.0,43.85,False,False
2018,Pennsylvania,PA,State House,48,special general,Demosthenes Agoris,Libertarian,162.0,1.57,False,False
2018,Pennsylvania,PA,State House,68,special general,Clint Owlett,Republican,7840.0,75.87,True,False
2018,Pennsylvania,PA,State House,68,special general,Carrie Heath,Democratic,2493.0,24.13,False,False
2018,Pennsylvania,PA,State House,178,special general,Helen Tai,Democratic,6366.0,50.4,True,False
2018,Pennsylvania,PA,State House,178,special general,Wendi Thomas,Republican,6265.0,49.6,False,False
2018,South Carolina,SC,State House,1,general,Bill Whitmire,Republican,11287.0,98.63,True,True
2018,South Carolina,SC,State House,2,general,Bill Sandifer,Republican,9276.0,64.11,True,True
2018,South Carolina,SC,State House,2,general,Jody G. Gaulin,Democratic,5178.0,35.79,False,False
2018,South Carolina,SC,State House,3,general,Gary Clary,Republican,7576.0,97.18,True,True
2018,South Carolina,SC,State House,4,general,Davey Hiott,Republican,11883.0,98.74,True,True
2018,South Carolina,SC,State House,5,general,Neal Collins,Republican,11617.0,97.21,True,True
2018,South Carolina,SC,State House,6,general,Brian White,Republican,10243.0,82.52,True,True
2018,South Carolina,SC,State House,6,general,Ryan Cowsert,American,2095.0,16.88,False,False
2018,South Carolina,SC,State House,7,general,Jay West,Republican,8201.0,98.56,True,True
2018,South Carolina,SC,State House,8,general,Jonathon Hill,Republican,10186.0,98.15,True,True
2018,South Carolina,SC,State House,9,general,Anne Thayer,Republican,9165.0,97.89,True,True
2018,South Carolina,SC,State House,10,general,West Cox,Republican,10471.0,76.63,True,False
2018,South Carolina,SC,State House,10,general,Lucy Hoffman,Democratic,3190.0,23.35,False,False
2018,South Carolina,SC,State House,11,general,Craig A. Gagnon,Republican,7292.0,65.5,True,True
2018,South Carolina,SC,State House,11,general,Devon D. Smith,Democratic,3832.0,34.42,False,False
2018,South Carolina,SC,State House,12,general,Anne Parks,Democratic,7256.0,96.7,True,True
2018,South Carolina,SC,State House,13,general,John McCravy,Republican,10353.0,71.55,True,True
2018,South Carolina,SC,State House,13,general,Michael Gaskin,Democratic,4109.0,28.4,False,False
2018,South Carolina,SC,State House,14,general,Mike Pitts,Republican,10356.0,97.86,True,True
2018,South Carolina,SC,State House,15,general,J.A. Moore,Democratic,4818.0,49.67,True,False
2018,South Carolina,SC,State House,15,general,"Samuel Rivers, Jr.",Republican,4372.0,47.53,False,True
2018,South Carolina,SC,State House,16,general,Mark Willis,Republican,9259.0,97.11,True,True
2018,South Carolina,SC,State House,17,general,Mike Burns,Republican,11598.0,76.03,True,True
2018,South Carolina,SC,State House,17,general,Judi Buckley,Democratic,3641.0,23.87,False,False
2018,South Carolina,SC,State House,18,general,Tommy Stringer,Republican,12110.0,97.96,True,True
2018,South Carolina,SC,State House,19,general,Dwight Loftis,Republican,6744.0,61.16,True,True
2018,South Carolina,SC,State House,19,general,Carrie Counton,Democratic,4272.0,36.62,False,False
2018,South Carolina,SC,State House,20,general,Adam Morgan,Republican,12234.0,97.61,True,False
2018,South Carolina,SC,State House,21,general,Bobby Cox,Republican,13826.0,97.93,True,False
2018,South Carolina,SC,State House,22,general,Jason Elliott,Republican,9955.0,63.35,True,True
2018,South Carolina,SC,State House,22,general,B.K. Brown,Democratic,5673.0,36.1,False,False
2018,South Carolina,SC,State House,23,general,Chandra Dillard,Democratic,7728.0,97.72,True,True
2018,South Carolina,SC,State House,24,general,Bruce Bannister,Republican,12992.0,97.03,True,True
2018,South Carolina,SC,State House,25,general,Leola Robinson-Simpson,Democratic,7623.0,81.57,True,True
2018,South Carolina,SC,State House,25,general,Tony Boyce,Independent (politician),1648.0,17.64,False,False
2018,South Carolina,SC,State House,26,general,Raye Felder,Republican,10940.0,57.12,True,True
2018,South Carolina,SC,State House,26,general,John Kraljevich,Democratic,8205.0,42.84,False,False
2018,South Carolina,SC,State House,27,general,Garry R. Smith,Republican,10994.0,96.74,True,True
2018,South Carolina,SC,State House,28,general,Ashley Trantham,Republican,11804.0,97.3,True,True
2018,South Carolina,SC,State House,29,general,Dennis Moss,Republican,9711.0,98.59,True,True
2018,South Carolina,SC,State House,30,general,Steve Moss,Republican,8550.0,98.86,True,True
2018,South Carolina,SC,State House,31,general,Rosalyn Henderson-Myers,Democratic,6598.0,98.85,True,True
2018,South Carolina,SC,State House,32,general,Max Hyde,Republican,10239.0,98.12,True,False
2018,South Carolina,SC,State House,33,general,Eddie Tallon,Republican,10378.0,98.48,True,True
2018,South Carolina,SC,State House,34,general,Mike Forrester,Republican,9668.0,97.28,True,True
2018,South Carolina,SC,State House,35,general,Bill Chumley,Republican,11437.0,65.2,True,True
2018,South Carolina,SC,State House,35,general,Helen Pendarvis,Democratic,6071.0,34.61,False,False
2018,South Carolina,SC,State House,36,general,Rita Allison,Republican,8790.0,97.59,True,True
2018,South Carolina,SC,State House,37,general,Steven Long,Republican,8733.0,97.44,True,True
2018,South Carolina,SC,State House,38,general,Josiah Magnuson,Republican,11106.0,98.04,True,True
2018,South Carolina,SC,State House,39,general,Cal Forrest,Republican,10424.0,98.9,True,True
2018,South Carolina,SC,State House,40,general,Richard Martin,Republican,9212.0,98.17,True,True
2018,South Carolina,SC,State House,41,general,Annie McDaniel,Democratic,9630.0,78.15,True,False
2018,South Carolina,SC,State House,41,general,Fred Kennedy,Citizens,2593.0,21.04,False,False
2018,South Carolina,SC,State House,42,general,Doug Gilliam,Republican,8074.0,98.21,True,False
2018,South Carolina,SC,State House,43,general,Randy Ligon,Republican,8247.0,65.75,True,False
2018,South Carolina,SC,State House,43,general,Tom Hawk,Democratic,4293.0,34.23,False,False
2018,South Carolina,SC,State House,44,general,Mandy Powers Norrell,Democratic,6903.0,93.32,True,True
2018,South Carolina,SC,State House,45,general,Brandon Newton,Republican,15125.0,62.47,True,True
2018,South Carolina,SC,State House,45,general,Corin Buskey,Democratic,9075.0,36.05,False,False
2018,South Carolina,SC,State House,46,general,Gary Simrill,Republican,9395.0,60.56,True,True
2018,South Carolina,SC,State House,46,general,Carl Kenny Dicks,Democratic,6104.0,39.35,False,False
2018,South Carolina,SC,State House,47,general,Tommy Pope,Republican,10894.0,71.57,True,True
2018,South Carolina,SC,State House,47,general,Marty R. Cotton,Democratic,4315.0,28.35,False,False
2018,South Carolina,SC,State House,48,general,Bruce M. Bryant,Republican,10504.0,60.79,True,True
2018,South Carolina,SC,State House,48,general,Vickie Holt,Democratic,6764.0,39.15,False,False
2018,South Carolina,SC,State House,49,general,John R. King,Democratic,8427.0,75.54,True,True
2018,South Carolina,SC,State House,49,general,Johnny Walker,American,1886.0,18.2,False,False
2018,South Carolina,SC,State House,50,general,Will Wheeler,Democratic,9139.0,98.51,True,True
2018,South Carolina,SC,State House,51,general,David Weeks,Democratic,8758.0,99.01,True,True
2018,South Carolina,SC,State House,52,general,Laurie Slade Funderburk,Democratic,9017.0,57.41,True,True
2018,South Carolina,SC,State House,52,general,Penry Gustafson,Republican,6672.0,42.48,False,False
2018,South Carolina,SC,State House,53,general,Richie Yow,Republican,6521.0,98.37,True,True
2018,South Carolina,SC,State House,54,general,"Patricia ""Pat"" Moore Henegan",Democratic,7189.0,97.8,True,True
2018,South Carolina,SC,State House,55,general,Jackie E. Hayes,Democratic,6758.0,97.04,True,True
2018,South Carolina,SC,State House,56,general,Tim McGinnis,Republican,10984.0,97.59,True,True
2018,South Carolina,SC,State House,57,general,Lucas Atkinson,Democratic,8946.0,98.98,True,True
2018,South Carolina,SC,State House,58,general,Jeff Johnson,Republican,9580.0,98.65,True,True
2018,South Carolina,SC,State House,59,general,Terry Alexander,Democratic,9064.0,98.31,True,True
2018,South Carolina,SC,State House,60,general,Phillip Lowe,Republican,7548.0,61.11,True,True
2018,South Carolina,SC,State House,60,general,Devon Justin Long,Democratic,4794.0,38.81,False,False
2018,South Carolina,SC,State House,61,general,Roger K. Kirby,Democratic,7246.0,98.54,True,True
2018,South Carolina,SC,State House,62,general,Robert Williams,Democratic,7821.0,63.12,True,True
2018,South Carolina,SC,State House,62,general,Billy Baldwin,Republican,4555.0,36.76,False,False
2018,South Carolina,SC,State House,63,general,Jay Jordan,Republican,9171.0,64.6,True,True
2018,South Carolina,SC,State House,63,general,Mike Brank,Democratic,5016.0,35.33,False,False
2018,South Carolina,SC,State House,64,general,Robert L. Ridgeway III,Democratic,9665.0,98.7,True,True
2018,South Carolina,SC,State House,65,general,Jay Lucas,Republican,8962.0,98.83,True,True
2018,South Carolina,SC,State House,66,general,Gilda Cobb-Hunter,Democratic,8800.0,71.53,True,True
2018,South Carolina,SC,State House,66,general,Tom Connor,Republican,3497.0,28.42,False,False
2018,South Carolina,SC,State House,67,general,"Murrell ""George"" Smith",Republican,8640.0,82.17,True,True
2018,South Carolina,SC,State House,67,general,Brandon Humphries,Libertarian,1811.0,17.22,False,False
2018,South Carolina,SC,State House,68,general,Heather Ammons Crawford,Republican,9457.0,79.29,True,True
2018,South Carolina,SC,State House,68,general,Cameron Ventura,Libertarian,2408.0,20.19,False,False
2018,South Carolina,SC,State House,69,general,Chris Wooten,Republican,10587.0,64.69,True,True
2018,South Carolina,SC,State House,69,general,Beth Ann Rocheleau,Democratic,5330.0,31.0,False,False
2018,South Carolina,SC,State House,69,general,David Morris,Libertarian,425.0,2.6,False,False
2018,South Carolina,SC,State House,70,general,Wendy C. Brawley,Democratic,9820.0,98.21,True,True
2018,South Carolina,SC,State House,71,general,Nathan Ballentine,Republican,13844.0,97.35,True,True
2018,South Carolina,SC,State House,72,general,Seth Rose,Democratic,7301.0,98.66,True,False
2018,South Carolina,SC,State House,73,general,Chris Hart,Democratic,8900.0,77.95,True,True
2018,South Carolina,SC,State House,73,general,Ralph Bell,Republican,2513.0,22.01,False,False
2018,South Carolina,SC,State House,74,general,J. Todd Rutherford,Democratic,9681.0,90.05,True,True
2018,South Carolina,SC,State House,74,general,Michael L. Block,Citizens,1018.0,9.47,False,False
2018,South Carolina,SC,State House,75,general,Kirkman Finlay III,Republican,7842.0,57.48,True,True
2018,South Carolina,SC,State House,75,general,John Crangle,Democratic,5780.0,41.01,False,False
2018,South Carolina,SC,State House,76,general,Leon Howard,Democratic,10639.0,100.0,True,True
2018,South Carolina,SC,State House,77,general,Kambrell Garvin,Democratic,14056.0,84.75,True,False
2018,South Carolina,SC,State House,77,general,Justin Bishop,Libertarian,2445.0,14.74,False,False
2018,South Carolina,SC,State House,78,general,Beth Bernstein,Democratic,10178.0,97.87,True,True
2018,South Carolina,SC,State House,79,general,Ivory Thigpen,Democratic,13307.0,87.82,True,True
2018,South Carolina,SC,State House,79,general,Victor Kocher,Libertarian,1782.0,11.76,False,False
2018,South Carolina,SC,State House,80,general,Jimmy Bales,Democratic,9722.0,97.94,True,True
2018,South Carolina,SC,State House,81,general,Bart Blackwell,Republican,11342.0,62.95,True,True
2018,South Carolina,SC,State House,81,general,Elise Fox,Democratic,6667.0,35.06,False,False
2018,South Carolina,SC,State House,82,general,"William ""Bill"" Clyburn, Sr.",Democratic,8041.0,96.69,True,True
2018,South Carolina,SC,State House,83,general,Bill Hixon,Republican,10414.0,80.44,True,True
2018,South Carolina,SC,State House,83,general,David Weikle,Libertarian,2431.0,18.78,False,False
2018,South Carolina,SC,State House,84,general,Ronnie Young,Republican,8270.0,64.76,True,True
2018,South Carolina,SC,State House,84,general,Jennifer Cook Lariscey,Democratic,4487.0,35.13,False,False
2018,South Carolina,SC,State House,85,general,Chip Huggins,Republican,12206.0,66.01,True,True
2018,South Carolina,SC,State House,85,general,Sam Edwards,Democratic,6273.0,32.05,False,False
2018,South Carolina,SC,State House,86,general,Bill Taylor,Republican,9703.0,97.75,True,True
2018,South Carolina,SC,State House,87,general,Paula Rawl Calhoon,Republican,13617.0,73.68,True,False
2018,South Carolina,SC,State House,87,general,Diane Summers,Democratic,4832.0,26.15,False,False
2018,South Carolina,SC,State House,88,general,"McLain ""Mac"" Toole",Republican,9872.0,98.24,True,True
2018,South Carolina,SC,State House,89,general,Micah Caskey,Republican,8861.0,97.34,True,True
2018,South Carolina,SC,State House,90,general,Justin Bamberg,Democratic,7146.0,96.54,True,True
2018,South Carolina,SC,State House,91,general,Lonnie Hosey,Democratic,8768.0,98.78,True,True
2018,South Carolina,SC,State House,92,general,Joe Daning,Republican,8874.0,97.03,True,True
2018,South Carolina,SC,State House,93,general,Russell L. Ott,Democratic,8507.0,65.99,True,True
2018,South Carolina,SC,State House,93,general,"Terry L. Kiser, Sr.",Republican,4381.0,33.98,False,False
2018,South Carolina,SC,State House,94,general,Con Chellis,Republican,8458.0,62.93,True,False
2018,South Carolina,SC,State House,94,general,Damian Daly,Democratic,4968.0,36.96,False,False
2018,South Carolina,SC,State House,95,general,Jerry Govan,Democratic,8602.0,72.48,True,True
2018,South Carolina,SC,State House,95,general,Chester D. Palmer,Republican,3258.0,27.45,False,False
2018,South Carolina,SC,State House,96,general,Kit Spires,Republican,7040.0,71.73,True,True
2018,South Carolina,SC,State House,96,general,Bob Vanlue,Democratic,2754.0,28.06,False,False
2018,South Carolina,SC,State House,97,general,Mandy W. Kimmons,Republican,7746.0,53.86,True,False
2018,South Carolina,SC,State House,97,general,Patsy G. Knight,Democratic,6629.0,46.1,False,True
2018,South Carolina,SC,State House,98,general,Chris Murphy,Republican,9179.0,96.12,True,True
2018,South Carolina,SC,State House,99,general,Nancy Mace,Republican,10836.0,60.97,True,True
2018,South Carolina,SC,State House,99,general,Jen Gibson,Democratic,6927.0,37.08,False,False
2018,South Carolina,SC,State House,100,general,Sylleste H. Davis,Republican,10809.0,62.52,True,True
2018,South Carolina,SC,State House,100,general,Michael W. Yates,Democratic,6353.0,36.75,False,False
2018,South Carolina,SC,State House,101,general,Cezar McKnight,Democratic,8759.0,96.4,True,True
2018,South Carolina,SC,State House,102,general,Joe Jefferson,Democratic,7480.0,60.92,True,True
2018,South Carolina,SC,State House,102,general,Terry Hardesty,Republican,4788.0,38.99,False,False
2018,South Carolina,SC,State House,103,general,Carl L. Anderson,Democratic,9078.0,98.27,True,True
2018,South Carolina,SC,State House,104,general,William Bailey,Republican,14859.0,98.38,True,False
2018,South Carolina,SC,State House,105,general,Kevin Hardee,Republican,8965.0,97.99,True,True
2018,South Carolina,SC,State House,106,general,Russell Fry,Republican,13198.0,68.38,True,True
2018,South Carolina,SC,State House,106,general,Robin Gause,Democratic,6088.0,29.94,False,False
2018,South Carolina,SC,State House,107,general,Alan Clemmons,Republican,10617.0,97.49,True,True
2018,South Carolina,SC,State House,108,general,Lee Hewitt,Republican,14450.0,98.47,True,True
2018,South Carolina,SC,State House,109,general,David Mack III,Democratic,8089.0,80.81,True,True
2018,South Carolina,SC,State House,109,general,Rodney Travis,Libertarian,1129.0,12.21,False,False
2018,South Carolina,SC,State House,110,general,"William S. Cogswell, Jr.",Republican,9264.0,55.07,True,True
2018,South Carolina,SC,State House,110,general,Ben Pogue,Democratic,7548.0,44.87,False,False
2018,South Carolina,SC,State House,111,general,Wendell G. Gilliard,Democratic,10011.0,98.43,True,True
2018,South Carolina,SC,State House,112,general,Mike Sottile,Republican,12210.0,57.31,True,True
2018,South Carolina,SC,State House,112,general,Joe Preston,Democratic,9084.0,40.89,False,False
2018,South Carolina,SC,State House,113,general,Marvin R. Pendarvis,Democratic,8256.0,98.49,True,True
2018,South Carolina,SC,State House,114,general,Lin Bennett,Republican,8619.0,52.52,True,True
2018,South Carolina,SC,State House,114,general,Dan P. Jones,Democratic,7153.0,43.59,False,False
2018,South Carolina,SC,State House,114,general,Melissa Couture,Libertarian,633.0,3.86,False,False
2018,South Carolina,SC,State House,115,general,Peter McCoy,Republican,9727.0,51.45,True,True
2018,South Carolina,SC,State House,115,general,Carol Tempel,Democratic,9173.0,46.42,False,False
2018,South Carolina,SC,State House,116,general,Robert L. Brown,Democratic,9028.0,54.04,True,True
2018,South Carolina,SC,State House,116,general,Carroll O'Neal,Republican,7065.0,438.0,False,False
2018,South Carolina,SC,State House,117,general,Krystle Matthews,Democratic,5577.0,53.45,True,False
2018,South Carolina,SC,State House,117,general,Bill Crosby,Republican,4842.0,46.41,False,True
2018,South Carolina,SC,State House,118,general,Bill Herbkersman,Republican,12175.0,97.98,True,True
2018,South Carolina,SC,State House,119,general,"Leonidas ""Leon"" Stavrinakis",Democratic,11172.0,64.98,True,True
2018,South Carolina,SC,State House,119,general,Paul Sizemore,Republican,6011.0,34.96,False,False
2018,South Carolina,SC,State House,120,general,Weston Newton,Republican,10806.0,64.12,True,True
2018,South Carolina,SC,State House,120,general,Ryan Martz,Democratic,6039.0,35.83,False,False
2018,South Carolina,SC,State House,121,general,"Michael F. Rivers, Sr.",Democratic,9440.0,97.92,True,True
2018,South Carolina,SC,State House,122,general,Shedron Williams,Democratic,7509.0,80.7,True,False
2018,South Carolina,SC,State House,123,general,Jeff Bradley,Republican,10781.0,61.98,True,True
2018,South Carolina,SC,State House,123,general,Mario Martinez,Democratic,6594.0,37.91,False,False
2018,South Carolina,SC,State House,124,general,Shannon Erickson,Republican,10401.0,97.43,True,True
2018,Texas,TX,State House,1,general,Gary VanDeaver,Republican,43340.0,100.0,True,True
2018,Texas,TX,State House,2,general,Dan Flynn,Republican,45843.0,80.04,True,True
2018,Texas,TX,State House,2,general,Bill Brannon,Democratic,11432.0,19.96,False,False
2018,Texas,TX,State House,3,general,Cecil Bell Jr.,Republican,48619.0,76.0,True,True
2018,Texas,TX,State House,3,general,Lisa Seger,Democratic,15352.0,24.0,False,False
2018,Texas,TX,State House,4,general,Keith Bell,Republican,44669.0,74.1,True,False
2018,Texas,TX,State House,4,general,Eston Williams,Democratic,14581.0,24.19,False,False
2018,Texas,TX,State House,4,general,D. Allen Miller,Libertarian,1029.0,1.71,False,False
2018,Texas,TX,State House,5,general,Cole Hefner,Republican,44604.0,79.35,True,True
2018,Texas,TX,State House,5,general,Bill Liebbe,Democratic,11610.0,20.65,False,False
2018,Texas,TX,State House,6,general,Matt Schaefer,Republican,37172.0,75.6,True,True
2018,Texas,TX,State House,6,general,Neal Katz,Independent (politician),11995.0,24.4,False,False
2018,Texas,TX,State House,7,general,Jay Dean,Republican,39588.0,100.0,True,True
2018,Texas,TX,State House,8,general,Cody Harris,Republican,36535.0,78.22,True,False
2018,Texas,TX,State House,8,general,Wesley Ratcliff,Democratic,10171.0,21.78,False,False
2018,Texas,TX,State House,9,general,Chris Paddie,Republican,45918.0,100.0,True,True
2018,Texas,TX,State House,10,general,John Wray,Republican,44652.0,70.26,True,True
2018,Texas,TX,State House,10,general,Kimberly Emery,Democratic,17445.0,27.45,False,False
2018,Texas,TX,State House,10,general,Matt Savino,Libertarian,1453.0,2.29,False,False
2018,Texas,TX,State House,11,general,Travis Clardy,Republican,38716.0,74.36,True,True
2018,Texas,TX,State House,11,general,Alec Johnson,Democratic,13350.0,25.64,False,False
2018,Texas,TX,State House,12,general,Kyle Kacal,Republican,33063.0,67.59,True,True
2018,Texas,TX,State House,12,general,Marianne Arnold,Democratic,15855.0,32.41,False,False
2018,Texas,TX,State House,13,general,Ben Leman,Republican,51126.0,79.12,True,True
2018,Texas,TX,State House,13,general,"Cecil R. Webster, Sr.",Democratic,13494.0,20.88,False,False
2018,Texas,TX,State House,14,general,John N. Raney,Republican,26906.0,56.38,True,True
2018,Texas,TX,State House,14,general,Josh Wilkinson,Democratic,20817.0,43.62,False,False
2018,Texas,TX,State House,15,general,Steve Toth,Republican,52975.0,67.15,True,False
2018,Texas,TX,State House,15,general,Lorena Perez McGill,Democratic,25915.0,32.85,False,False
2018,Texas,TX,State House,16,general,Will Metcalf,Republican,49233.0,80.33,True,True
2018,Texas,TX,State House,16,general,Mike Midler,Democratic,12059.0,19.67,False,False
2018,Texas,TX,State House,17,general,John Cyrier,Republican,33522.0,62.55,True,True
2018,Texas,TX,State House,17,general,Michelle Ryan,Democratic,20069.0,37.45,False,False
2018,Texas,TX,State House,18,general,Ernest Bailes,Republican,35597.0,75.49,True,True
2018,Texas,TX,State House,18,general,Fred Lemond,Democratic,11559.0,24.51,False,False
2018,Texas,TX,State House,19,general,James White,Republican,50046.0,83.19,True,True
2018,Texas,TX,State House,19,general,Sherry Williams,Democratic,10112.0,16.81,False,False
2018,Texas,TX,State House,20,general,Terry Wilson,Republican,57885.0,71.5,True,True
2018,Texas,TX,State House,20,general,Stephen Wyman,Democratic,23069.0,28.5,False,False
2018,Texas,TX,State House,21,general,Dade Phelan,Republican,46435.0,100.0,True,True
2018,Texas,TX,State House,22,general,Joe Deshotel,Democratic,31441.0,100.0,True,True
2018,Texas,TX,State House,23,general,Mayes Middleton,Republican,32951.0,56.46,True,False
2018,Texas,TX,State House,23,general,Amanda Jamrok,Democratic,24181.0,41.43,False,False
2018,Texas,TX,State House,23,general,Lawrence Johnson,Libertarian,1234.0,2.11,False,False
2018,Texas,TX,State House,24,general,Greg Bonnen,Republican,48045.0,69.59,True,True
2018,Texas,TX,State House,24,general,John Phelps,Democratic,19586.0,28.37,False,False
2018,Texas,TX,State House,24,general,Dick Illyes,Libertarian,1405.0,2.04,False,False
2018,Texas,TX,State House,25,general,Dennis Bonnen,Republican,40902.0,100.0,True,True
2018,Texas,TX,State House,26,general,Rick Miller,Republican,34504.0,52.41,True,True
2018,Texas,TX,State House,26,general,L. Sarah DeMerchant,Democratic,31330.0,47.59,False,False
2018,Texas,TX,State House,27,general,Ron Reynolds,Democratic,47450.0,100.0,True,True
2018,Texas,TX,State House,28,general,John M. Zerwas,Republican,44414.0,54.16,True,True
2018,Texas,TX,State House,28,general,Meghan Scoggins,Democratic,37584.0,45.84,False,False
2018,Texas,TX,State House,29,general,Ed Thompson,Republican,46810.0,100.0,True,True
2018,Texas,TX,State House,30,general,Geanie Morrison,Republican,39653.0,74.7,True,True
2018,Texas,TX,State House,30,general,Robin Hayter,Democratic,13430.0,25.3,False,False
2018,Texas,TX,State House,31,general,Ryan Guillen,Democratic,27492.0,100.0,True,True
2018,Texas,TX,State House,32,general,Todd Ames Hunter,Republican,38359.0,100.0,True,True
2018,Texas,TX,State House,33,general,Justin Holland,Republican,53870.0,65.0,True,True
2018,Texas,TX,State House,33,general,Laura Gunn,Democratic,29013.0,35.0,False,False
2018,Texas,TX,State House,34,general,Abel Herrero,Democratic,25246.0,61.11,True,True
2018,Texas,TX,State House,34,general,Chris Hale,Republican,16065.0,38.89,False,False
2018,Texas,TX,State House,35,general,Oscar Longoria,Democratic,23351.0,100.0,True,True
2018,Texas,TX,State House,36,general,Sergio Muñoz Jr.,Democratic,25971.0,100.0,True,True
2018,Texas,TX,State House,37,general,Alex Dominguez,Democratic,20314.0,100.0,True,False
2018,Texas,TX,State House,38,general,Eddie Lucio III,Democratic,25019.0,100.0,True,True
2018,Texas,TX,State House,39,general,Armando Martinez,Democratic,25822.0,100.0,True,True
2018,Texas,TX,State House,40,general,Terry Canales,Democratic,24252.0,100.0,True,True
2018,Texas,TX,State House,41,general,Robert Guerra,Democratic,24804.0,61.49,True,True
2018,Texas,TX,State House,41,general,Hilda Garza-DeShazo,Republican,15535.0,38.51,False,False
2018,Texas,TX,State House,42,general,Richard Raymond,Democratic,25392.0,74.31,True,True
2018,Texas,TX,State House,42,general,Luis De La Garza,Republican,8778.0,25.69,False,False
2018,Texas,TX,State House,43,general,Jose Manuel Lozano Jr.,Republican,26490.0,61.12,True,True
2018,Texas,TX,State House,43,general,Dee Ann Torres Miller,Democratic,16854.0,38.88,False,False
2018,Texas,TX,State House,44,general,John Kuempel,Republican,48704.0,68.64,True,True
2018,Texas,TX,State House,44,general,John Rodgers,Democratic,22253.0,31.36,False,False
2018,Texas,TX,State House,45,general,Erin Zwiener,Democratic,43207.0,51.6,True,False
2018,Texas,TX,State House,45,general,Ken Strange,Republican,40531.0,48.4,False,False
2018,Texas,TX,State House,46,general,Sheryl Cole,Democratic,46893.0,82.23,True,False
2018,Texas,TX,State House,46,general,Gabriel Nila,Republican,8525.0,14.95,False,False
2018,Texas,TX,State House,46,general,Kevin Ludlow,Libertarian,1608.0,2.82,False,False
2018,Texas,TX,State House,47,general,Vikki Goodwin,Democratic,55307.0,52.4,True,False
2018,Texas,TX,State House,47,general,Paul D. Workman,Republican,50244.0,47.6,False,True
2018,Texas,TX,State House,48,general,Donna Howard,Democratic,67952.0,100.0,True,True
2018,Texas,TX,State House,49,general,Gina Hinojosa,Democratic,76851.0,83.0,True,True
2018,Texas,TX,State House,49,general,Kyle Austin,Republican,15736.0,17.0,False,False
2018,Texas,TX,State House,50,general,Celia Israel,Democratic,52652.0,100.0,True,True
2018,Texas,TX,State House,51,general,Eddie Rodriguez,Democratic,50282.0,100.0,True,True
2018,Texas,TX,State House,52,general,James Talarico,Democratic,36798.0,51.73,True,False
2018,Texas,TX,State House,52,general,Cynthia Flores,Republican,34340.0,48.27,False,False
2018,Texas,TX,State House,53,general,Andrew Murr,Republican,52899.0,78.55,True,True
2018,Texas,TX,State House,53,general,Stephanie Lochte Ertel,Democratic,14449.0,21.45,False,False
2018,Texas,TX,State House,54,general,Brad Buckley,Republican,26037.0,53.8,True,False
2018,Texas,TX,State House,54,general,Kathy Richerson,Democratic,22357.0,46.2,False,False
2018,Texas,TX,State House,55,general,Hugh Shine,Republican,34297.0,100.0,True,True
2018,Texas,TX,State House,56,general,Charles Anderson,Republican,37893.0,65.78,True,True
2018,Texas,TX,State House,56,general,Katherine Turner-Pearson,Democratic,19713.0,34.22,False,False
2018,Texas,TX,State House,57,general,Trent Ashby,Republican,41158.0,79.04,True,True
2018,Texas,TX,State House,57,general,Jason Rogers,Democratic,10912.0,20.96,False,False
2018,Texas,TX,State House,58,general,DeWayne Burns,Republican,49255.0,100.0,True,True
2018,Texas,TX,State House,59,general,J. D. Sheffield,Republican,39453.0,100.0,True,True
2018,Texas,TX,State House,60,general,Mike Lang,Republican,56741.0,100.0,True,True
2018,Texas,TX,State House,61,general,Phil King,Republican,66735.0,100.0,True,True
2018,Texas,TX,State House,62,general,Reggie Smith,Republican,41994.0,76.16,True,False
2018,Texas,TX,State House,62,general,Valerie Hefner,Democratic,12076.0,21.9,False,False
2018,Texas,TX,State House,62,general,David Schaab,Libertarian,1072.0,1.94,False,False
2018,Texas,TX,State House,63,general,Tan Parker,Republican,52971.0,67.12,True,True
2018,Texas,TX,State House,63,general,Laura Haines,Democratic,25944.0,32.88,False,False
2018,Texas,TX,State House,64,general,Lynn Stucky,Republican,36239.0,52.81,True,True
2018,Texas,TX,State House,64,general,Andrew Morris,Democratic,30535.0,44.49,False,False
2018,Texas,TX,State House,64,general,Nick Dietrich,Libertarian,1852.0,2.7,False,False
2018,Texas,TX,State House,65,general,Michelle Beckley,Democratic,29972.0,51.16,True,False
2018,Texas,TX,State House,65,general,Ron Simmons,Republican,28614.0,48.84,False,True
2018,Texas,TX,State House,66,general,Matt Shaheen,Republican,34382.0,50.29,True,True
2018,Texas,TX,State House,66,general,Sharon Hirsch,Democratic,33991.0,49.71,False,False
2018,Texas,TX,State House,67,general,Jeff Leach,Republican,37268.0,51.15,True,True
2018,Texas,TX,State House,67,general,Sarah Depew,Democratic,35596.0,48.85,False,False
2018,Texas,TX,State House,68,general,Drew Springer Jr.,Republican,45916.0,100.0,True,True
2018,Texas,TX,State House,69,general,James Frank,Republican,36068.0,100.0,True,True
2018,Texas,TX,State House,70,general,Scott Sanford,Republican,52526.0,61.75,True,True
2018,Texas,TX,State House,70,general,Julie Luton,Democratic,32543.0,38.25,False,False
2018,Texas,TX,State House,71,general,Stan Lambert,Republican,38511.0,78.05,True,True
2018,Texas,TX,State House,71,general,Sam Hatton,Democratic,10828.0,21.95,False,False
2018,Texas,TX,State House,72,general,Drew Darby,Republican,41480.0,100.0,True,True
2018,Texas,TX,State House,73,general,Kyle Biedermann,Republican,69203.0,74.78,True,True
2018,Texas,TX,State House,73,general,Stephanie Phillips,Democratic,23333.0,25.22,False,False
2018,Texas,TX,State House,74,general,Poncho Nevárez,Democratic,25439.0,100.0,True,True
2018,Texas,TX,State House,75,general,Mary González,Democratic,30201.0,100.0,True,True
2018,Texas,TX,State House,76,general,Cesar Blanco,Democratic,29445.0,100.0,True,True
2018,Texas,TX,State House,77,general,Evelina Ortega,Democratic,27685.0,100.0,True,True
2018,Texas,TX,State House,78,general,Joe Moody,Democratic,31882.0,65.24,True,True
2018,Texas,TX,State House,78,general,Jeffrey Lane,Republican,16987.0,34.76,False,False
2018,Texas,TX,State House,79,general,Joe Pickett,Democratic,33015.0,100.0,True,True
2018,Texas,TX,State House,80,general,Tracy King,Democratic,27781.0,100.0,True,True
2018,Texas,TX,State House,81,general,Brooks Landgraf,Republican,29063.0,74.99,True,True
2018,Texas,TX,State House,81,general,Armando Gamboa,Democratic,9692.0,25.01,False,False
2018,Texas,TX,State House,82,general,Tom Craddick,Republican,39030.0,80.13,True,True
2018,Texas,TX,State House,82,general,Spencer Bounds,Democratic,9677.0,19.87,False,False
2018,Texas,TX,State House,83,general,Dustin Burrows,Republican,45379.0,77.32,True,True
2018,Texas,TX,State House,83,general,Drew Landry,Democratic,13309.0,22.68,False,False
2018,Texas,TX,State House,84,general,John Frullo,Republican,27528.0,60.15,True,True
2018,Texas,TX,State House,84,general,Samantha Carrillo Fields,Democratic,18237.0,39.85,False,False
2018,Texas,TX,State House,85,general,Phil Stephenson,Republican,32019.0,56.48,True,True
2018,Texas,TX,State House,85,general,Jennifer Cantu,Democratic,24668.0,43.52,False,False
2018,Texas,TX,State House,86,general,John Smithee,Republican,46991.0,82.13,True,True
2018,Texas,TX,State House,86,general,Mike Purcell,Democratic,10221.0,17.87,False,False
2018,Texas,TX,State House,87,general,Four Price,Republican,32314.0,100.0,True,True
2018,Texas,TX,State House,88,general,Ken King,Republican,33425.0,83.75,True,True
2018,Texas,TX,State House,88,general,Ezekiel Barron,Democratic,6486.0,16.25,False,False
2018,Texas,TX,State House,89,general,Candy Noble,Republican,44445.0,59.54,True,False
2018,Texas,TX,State House,89,general,Ray Ash,Democratic,30203.0,40.46,False,False
2018,Texas,TX,State House,90,general,Ramon Romero Jr.,Democratic,20728.0,100.0,True,True
2018,Texas,TX,State House,91,general,Stephanie Klick,Republican,34606.0,63.48,True,True
2018,Texas,TX,State House,91,general,Jeromey Sims,Democratic,19905.0,36.52,False,False
2018,Texas,TX,State House,92,general,Jonathan Stickland,Republican,29755.0,49.82,True,True
2018,Texas,TX,State House,92,general,Steve Riddell,Democratic,28327.0,47.43,False,False
2018,Texas,TX,State House,92,general,Eric Espinoza,Libertarian,1644.0,2.75,False,False
2018,Texas,TX,State House,93,general,Matt Krause,Republican,30878.0,53.87,True,True
2018,Texas,TX,State House,93,general,Nancy Bean,Democratic,26445.0,46.13,False,False
2018,Texas,TX,State House,94,general,Tony Tinderholt,Republican,32448.0,52.49,True,True
2018,Texas,TX,State House,94,general,Finnigan Jones,Democratic,27145.0,43.91,False,False
2018,Texas,TX,State House,94,general,Jessica Pallett,Libertarian,2230.0,3.61,False,False
2018,Texas,TX,State House,95,general,Nicole Collier,Democratic,33022.0,76.51,True,True
2018,Texas,TX,State House,95,general,Stephen West,Republican,9399.0,21.78,False,False
2018,Texas,TX,State House,95,general,Joshua Burns,Libertarian,737.0,1.71,False,False
2018,Texas,TX,State House,96,general,Bill Zedler,Republican,32698.0,50.84,True,True
2018,Texas,TX,State House,96,general,Ryan Ray,Democratic,30360.0,47.21,False,False
2018,Texas,TX,State House,96,general,Stephen Parmer,Libertarian,1256.0,1.95,False,False
2018,Texas,TX,State House,97,general,Craig Goldman,Republican,35171.0,53.19,True,True
2018,Texas,TX,State House,97,general,Beth Llewellyn McLaughlin,Democratic,29665.0,44.86,False,False
2018,Texas,TX,State House,97,general,Rod Wingo,Libertarian,1289.0,1.95,False,False
2018,Texas,TX,State House,98,general,Giovanni Capriglione,Republican,56793.0,68.25,True,True
2018,Texas,TX,State House,98,general,Mica Ringo,Democratic,24417.0,29.34,False,False
2018,Texas,TX,State House,98,general,H. Todd Moore,Libertarian,2007.0,2.41,False,False
2018,Texas,TX,State House,99,general,Charlie Geren,Republican,38048.0,64.31,True,True
2018,Texas,TX,State House,99,general,Michael Stackhouse,Democratic,21111.0,35.69,False,False
2018,Texas,TX,State House,100,general,Eric Johnson,Democratic,33933.0,100.0,True,True
2018,Texas,TX,State House,101,general,Chris Turner,Democratic,31127.0,87.39,True,True
2018,Texas,TX,State House,101,general,James Allen,Libertarian,4490.0,12.61,False,False
2018,Texas,TX,State House,102,general,Ana-Maria Ramos,Democratic,30025.0,52.88,True,False
2018,Texas,TX,State House,102,general,Linda Koop,Republican,26758.0,47.12,False,True
2018,Texas,TX,State House,103,general,Rafael Anchia,Democratic,29936.0,78.25,True,True
2018,Texas,TX,State House,103,general,Jerry Fortenberry,Republican,8322.0,21.75,False,False
2018,Texas,TX,State House,104,general,Jessica Gonzalez,Democratic,26078.0,100.0,True,False
2018,Texas,TX,State House,105,general,"Thresa ""Terry"" Meza",Democratic,24579.0,54.74,True,False
2018,Texas,TX,State House,105,general,Rodney Anderson,Republican,20324.0,45.26,False,True
2018,Texas,TX,State House,106,general,Jared Patterson,Republican,48460.0,58.31,True,False
2018,Texas,TX,State House,106,general,Ramona Thompson,Democratic,34651.0,41.69,False,False
2018,Texas,TX,State House,107,general,Victoria Neave,Democratic,29058.0,57.1,True,True
2018,Texas,TX,State House,107,general,Deanna Maria Metzger,Republican,21829.0,42.9,False,False
2018,Texas,TX,State House,108,general,Morgan Meyer,Republican,39427.0,50.14,True,True
2018,Texas,TX,State House,108,general,Joanna Cattanach,Democratic,39207.0,49.86,False,False
2018,Texas,TX,State House,109,general,"Carl Sherman, Sr.",Democratic,51975.0,99.0,True,False
2018,Texas,TX,State House,109,general,Casey Littlejohn (write-in),Independent (politician),524.0,1.0,False,False
2018,Texas,TX,State House,110,general,Toni Rose,Democratic,27300.0,100.0,True,True
2018,Texas,TX,State House,111,general,Yvonne Davis,Democratic,44377.0,100.0,True,True
2018,Texas,TX,State House,112,general,Angie Chen Button,Republican,27126.0,51.04,True,True
2018,Texas,TX,State House,112,general,Brandy Chambers,Democratic,26016.0,48.96,False,False
2018,Texas,TX,State House,113,general,Rhetta Andrews Bowers,Democratic,28170.0,53.48,True,False
2018,Texas,TX,State House,113,general,Jonathan Boos,Republican,24500.0,46.52,False,False
2018,Texas,TX,State House,114,general,John Turner,Democratic,37020.0,55.65,True,False
2018,Texas,TX,State House,114,general,Lisa Luby Ryan,Republican,29508.0,44.35,False,False
2018,Texas,TX,State House,115,general,Julie Johnson,Democratic,32214.0,56.79,True,False
2018,Texas,TX,State House,115,general,Matt Rinaldi,Republican,24512.0,43.21,False,True
2018,Texas,TX,State House,116,general,Trey Martinez Fischer,Democratic,32538.0,70.4,True,False
2018,Texas,TX,State House,116,general,Fernando Padron,Republican,13680.0,29.6,False,False
2018,Texas,TX,State House,117,general,Philip Cortez,Democratic,32976.0,57.39,True,True
2018,Texas,TX,State House,117,general,Michael Berlanga,Republican,24480.0,42.61,False,False
2018,Texas,TX,State House,118,general,Leo Pacheco,Democratic,24032.0,58.05,True,False
2018,Texas,TX,State House,118,general,John Lujan,Republican,17367.0,41.95,False,False
2018,Texas,TX,State House,119,general,Roland Gutierrez,Democratic,30331.0,100.0,True,True
2018,Texas,TX,State House,120,general,Barbara Gervin-Hawkins,Democratic,28864.0,68.37,True,True
2018,Texas,TX,State House,120,general,Ronald Payne,Republican,13354.0,31.63,False,False
2018,Texas,TX,State House,121,general,Steve Allison,Republican,38843.0,53.17,True,False
2018,Texas,TX,State House,121,general,Celina Montoya,Democratic,32679.0,44.73,False,False
2018,Texas,TX,State House,121,general,Mallory Olfers,Libertarian,1529.0,2.09,False,False
2018,Texas,TX,State House,122,general,Lyle Larson,Republican,58311.0,61.93,True,True
2018,Texas,TX,State House,122,general,Claire Barnett,Democratic,35851.0,38.07,False,False
2018,Texas,TX,State House,123,general,Diego Bernal,Democratic,36851.0,100.0,True,True
2018,Texas,TX,State House,124,general,Ina Minjarez,Democratic,31835.0,67.64,True,True
2018,Texas,TX,State House,124,general,Johnny Arredondo,Republican,15229.0,32.36,False,False
2018,Texas,TX,State House,125,general,Justin Rodriguez,Democratic,32953.0,81.38,True,True
2018,Texas,TX,State House,125,general,Eric Pina,Libertarian,7541.0,18.62,False,False
2018,Texas,TX,State House,126,general,E. Sam Harless,Republican,30399.0,54.84,True,False
2018,Texas,TX,State House,126,general,Natali Hurtado,Democratic,25035.0,45.16,False,False
2018,Texas,TX,State House,127,general,Dan Huberty,Republican,44595.0,80.24,True,True
2018,Texas,TX,State House,127,general,Ryan Woods,Libertarian,10981.0,19.76,False,False
2018,Texas,TX,State House,128,general,Briscoe Cain,Republican,38197.0,100.0,True,True
2018,Texas,TX,State House,129,general,Dennis Paul,Republican,36554.0,56.51,True,True
2018,Texas,TX,State House,129,general,Alexander Jonathan Karjeker,Democratic,27054.0,41.82,False,False
2018,Texas,TX,State House,129,general,Joseph Majsterski,Libertarian,1076.0,1.66,False,False
2018,Texas,TX,State House,130,general,Tom Oliverson,Republican,52106.0,68.44,True,True
2018,Texas,TX,State House,130,general,Fred Infortunio,Democratic,22598.0,29.68,False,False
2018,Texas,TX,State House,130,general,Roy Eriksen,Libertarian,1428.0,1.88,False,False
2018,Texas,TX,State House,131,general,Alma Allen,Democratic,35930.0,85.81,True,True
2018,Texas,TX,State House,131,general,Syed Ali,Republican,5940.0,14.19,False,False
2018,Texas,TX,State House,132,general,Gina Calanni,Democratic,32841.0,49.26,True,False
2018,Texas,TX,State House,132,general,Mike Schofield,Republican,32728.0,49.09,False,True
2018,Texas,TX,State House,132,general,Daniel Arevalo,Libertarian,1106.0,1.66,False,False
2018,Texas,TX,State House,133,general,Jim Murphy,Republican,41400.0,58.11,True,True
2018,Texas,TX,State House,133,general,Martin Schexnayder,Democratic,29844.0,41.89,False,False
2018,Texas,TX,State House,134,general,Sarah Davis,Republican,47277.0,53.17,True,True
2018,Texas,TX,State House,134,general,Allison Sawyer,Democratic,41637.0,46.83,False,False
2018,Texas,TX,State House,135,general,Jon Rosenthal,Democratic,28473.0,50.81,True,False
2018,Texas,TX,State House,135,general,Gary Elkins,Republican,26701.0,47.65,False,True
2018,Texas,TX,State House,135,general,Paul Bilyeu,Libertarian,867.0,1.55,False,False
2018,Texas,TX,State House,136,general,John Bucy III,Democratic,41592.0,53.37,True,False
2018,Texas,TX,State House,136,general,Tony Dale,Republican,34084.0,43.73,False,True
2018,Texas,TX,State House,136,general,Zach Parks,Libertarian,2258.0,2.9,False,False
2018,Texas,TX,State House,137,general,Gene Wu,Democratic,17616.0,88.28,True,True
2018,Texas,TX,State House,137,general,Lee Sharp,Libertarian,2338.0,11.72,False,False
2018,Texas,TX,State House,138,general,Dwayne Bohac,Republican,24222.0,50.03,True,True
2018,Texas,TX,State House,138,general,Adam Milasincic,Democratic,24175.0,49.93,False,False
2018,Texas,TX,State House,138,general,Demetrius Walker (write-in),Independent (politician),20.0,0.04,False,False
2018,Texas,TX,State House,139,general,Jarvis Johnson,Democratic,37159.0,92.79,True,True
2018,Texas,TX,State House,139,general,Shohn Trojacek,Libertarian,2887.0,7.21,False,False
2018,Texas,TX,State House,140,general,Armando Walle,Democratic,19188.0,100.0,True,True
2018,Texas,TX,State House,141,general,Senfronia Thompson,Democratic,27946.0,100.0,True,True
2018,Texas,TX,State House,142,general,Harold Dutton Jr.,Democratic,32087.0,100.0,True,True
2018,Texas,TX,State House,143,general,Ana Hernandez,Democratic,22504.0,100.0,True,True
2018,Texas,TX,State House,144,general,Mary Ann Perez,Democratic,14349.0,61.18,True,True
2018,Texas,TX,State House,144,general,Ruben Villarreal,Republican,9106.0,38.82,False,False
2018,Texas,TX,State House,145,general,Carol Alvarado,Democratic,24269.0,90.36,True,True
2018,Texas,TX,State House,145,general,Clayton Hunt,Libertarian,2590.0,9.64,False,False
2018,Texas,TX,State House,146,general,Shawn Thierry,Democratic,35656.0,92.89,True,True
2018,Texas,TX,State House,146,general,J. J. Campbell,Libertarian,2731.0,7.11,False,False
2018,Texas,TX,State House,147,general,Garnet Coleman,Democratic,44314.0,80.8,True,True
2018,Texas,TX,State House,147,general,Thomas Wang,Republican,10528.0,19.2,False,False
2018,Texas,TX,State House,148,general,Jessica Farrar,Democratic,32231.0,67.91,True,True
2018,Texas,TX,State House,148,general,Ryan McConnico,Republican,15228.0,32.09,False,False
2018,Texas,TX,State House,149,general,Hubert Vo,Democratic,27071.0,88.32,True,True
2018,Texas,TX,State House,149,general,Aaron Close,Libertarian,3581.0,11.68,False,False
2018,Texas,TX,State House,150,general,Valoree Swanson,Republican,40907.0,57.78,True,True
2018,Texas,TX,State House,150,general,Michael Shawn Kelly,Democratic,29888.0,42.22,False,False
2018,Utah,UT,State House,1,general,Joel Ferry,Republican,8845.0,73.7,True,False
2018,Utah,UT,State House,1,general,Joshua Hardy,Democratic,2040.0,17.0,False,False
2018,Utah,UT,State House,1,general,Sherry Phipps,Constitution,1113.0,9.3,False,False
2018,Utah,UT,State House,2,general,Jefferson Moss,Republican,11952.0,80.6,True,False
2018,Utah,UT,State House,2,general,Tyler Allred,Democratic,2881.0,19.4,False,False
2018,Utah,UT,State House,3,general,Val Potter,Republican,10617.0,76.4,True,False
2018,Utah,UT,State House,3,general,Marilyn Mecham,Democratic,3273.0,23.6,False,False
2018,Utah,UT,State House,4,general,Dan Johnson,Republican,6086.0,60.8,True,False
2018,Utah,UT,State House,4,general,Josh Brundage,Democratic,3916.0,39.2,False,False
2018,Utah,UT,State House,5,general,Casey Snider,Republican,10597.0,75.7,True,False
2018,Utah,UT,State House,5,general,Karina Andelin Brown,Democratic,3406.0,24.3,False,False
2018,Utah,UT,State House,6,general,Cory Maloy,Republican,12338.0,100.0,True,False
2018,Utah,UT,State House,7,general,Kyle Andersen,Republican,9301.0,66.0,True,False
2018,Utah,UT,State House,7,general,David Owen,Democratic,4793.0,34.0,False,False
2018,Utah,UT,State House,8,general,Steve Waldrip,Republican,6795.0,50.8,True,False
2018,Utah,UT,State House,8,general,Deana Froerer,Democratic,6581.0,49.2,False,False
2018,Utah,UT,State House,9,general,Calvin Musselman,Republican,5130.0,53.0,True,False
2018,Utah,UT,State House,9,general,Kathie Darby,Democratic,4555.0,47.0,False,False
2018,Utah,UT,State House,10,general,LaWanna Shurtliff,Democratic,5516.0,52.2,True,False
2018,Utah,UT,State House,10,general,Lorraine Brown,Republican,4719.0,44.7,False,False
2018,Utah,UT,State House,10,general,Other/Write-In,,325.0,3.1,False,False
2018,Utah,UT,State House,11,general,Kelly Miles,Republican,7535.0,54.5,True,False
2018,Utah,UT,State House,11,general,Jason Allen,Democratic,6283.0,45.5,False,False
2018,Utah,UT,State House,12,general,Mike Schultz,Republican,8790.0,70.0,True,False
2018,Utah,UT,State House,12,general,Rick Jones,Democratic,3759.0,30.0,False,False
2018,Utah,UT,State House,13,general,Paul Ray,Republican,7909.0,64.2,True,False
2018,Utah,UT,State House,13,general,Tab Uno,Democratic,4416.0,35.8,False,False
2018,Utah,UT,State House,14,general,Karianne Lisonbee,Republican,6868.0,63.1,True,False
2018,Utah,UT,State House,14,general,Shanell Day,Democratic,4010.0,36.9,False,False
2018,Utah,UT,State House,15,general,Brad R. Wilson,Republican,12289.0,76.9,True,False
2018,Utah,UT,State House,15,general,Rich Miller,Democratic,3701.0,23.1,False,False
2018,Utah,UT,State House,16,general,Stephen Handy,Republican,7948.0,62.5,True,False
2018,Utah,UT,State House,16,general,Cheryl Nunn,Democratic,3708.0,29.1,False,False
2018,Utah,UT,State House,16,general,Brent Zimmerman,Libertarian,1065.0,8.4,False,False
2018,Utah,UT,State House,17,general,Stewart Barlow,Republican,11252.0,73.2,True,False
2018,Utah,UT,State House,17,general,Dawn Nunn,Democratic,4117.0,26.8,False,False
2018,Utah,UT,State House,18,general,Timothy Hawkes,Republican,12666.0,70.7,True,False
2018,Utah,UT,State House,18,general,Adam Alba,Democratic,5237.0,29.3,False,False
2018,Utah,UT,State House,19,general,Raymond Ward,Republican,10998.0,65.4,True,False
2018,Utah,UT,State House,19,general,Courtney Jones,Democratic,4712.0,28.0,False,False
2018,Utah,UT,State House,19,general,Joseph Speciale,Libertarian,1101.0,6.5,False,False
2018,Utah,UT,State House,20,general,Melissa Garff Ballard,Republican,10111.0,65.3,True,False
2018,Utah,UT,State House,20,general,Ryan Jones,Democratic,5379.0,34.7,False,False
2018,Utah,UT,State House,21,general,Douglas Sagers,Republican,7809.0,64.0,True,False
2018,Utah,UT,State House,21,general,Debbie Vigil,Democratic,4397.0,36.0,False,False
2018,Utah,UT,State House,22,general,Sue Duckworth,Democratic,5485.0,53.1,True,False
2018,Utah,UT,State House,22,general,Barbara Stallone,Republican,3712.0,35.9,False,False
2018,Utah,UT,State House,22,general,Amber Christiansen Beltran,Libertarian,749.0,7.2,False,False
2018,Utah,UT,State House,22,general,Marilee Roose,Constitution,393.0,3.8,False,False
2018,Utah,UT,State House,23,general,Sandra Hollins,Democratic,6058.0,75.3,True,False
2018,Utah,UT,State House,23,general,Arnold Jones,Republican,1982.0,24.7,False,False
2018,Utah,UT,State House,24,general,Jen Dailey-Provost,Democratic,14125.0,77.3,True,False
2018,Utah,UT,State House,24,general,Scott Rosenbush,Republican,4150.0,22.7,False,False
2018,Utah,UT,State House,25,general,Joel Briscoe,Democratic,14976.0,91.1,True,False
2018,Utah,UT,State House,25,general,Cabot Nelson,United Utah,1458.0,8.9,False,False
2018,Utah,UT,State House,26,general,Angela Romero,Democratic,7098.0,75.6,True,False
2018,Utah,UT,State House,26,general,Man Hung,Republican,1795.0,19.1,False,False
2018,Utah,UT,State House,26,general,Jonathan Greene,Libertarian,502.0,5.3,False,False
2018,Utah,UT,State House,27,general,Brady Brammer,Republican,12050.0,75.6,True,False
2018,Utah,UT,State House,27,general,Elisabeth Luntz,Democratic,3050.0,19.1,False,False
2018,Utah,UT,State House,27,general,Joseph Geddes Buchman,Libertarian,497.0,3.1,False,False
2018,Utah,UT,State House,27,general,Curt Crosby,Independent American,344.0,2.2,False,False
2018,Utah,UT,State House,28,general,Brian King,Democratic,16494.0,100.0,True,False
2018,Utah,UT,State House,29,general,Lee B. Perry,Republican,11992.0,79.6,True,False
2018,Utah,UT,State House,29,general,Kerry Wayne,Democratic,3075.0,20.4,False,False
2018,Utah,UT,State House,30,general,Mike Winder,Republican,5860.0,56.6,True,False
2018,Utah,UT,State House,30,general,Robert Burch Jr.,Democratic,4492.0,43.4,False,False
2018,Utah,UT,State House,31,general,Elizabeth Weight,Democratic,4976.0,61.6,True,False
2018,Utah,UT,State House,31,general,Fred Johnson,Republican,2856.0,35.4,False,False
2018,Utah,UT,State House,31,general,Brian Fabbi,United Utah,244.0,3.0,False,False
2018,Utah,UT,State House,32,general,Suzanne Harrison,Democratic,9465.0,56.26,True,False
2018,Utah,UT,State House,32,general,Brad Bonham,Republican,7091.0,42.15,False,False
2018,Utah,UT,State House,32,general,Bjorn Jones,United Utah,268.0,1.59,False,False
2018,Utah,UT,State House,33,general,Craig Hall,Republican,4250.0,52.9,True,False
2018,Utah,UT,State House,33,general,Ira Hatch,Democratic,3786.0,47.1,False,False
2018,Utah,UT,State House,34,general,Karen Kwan,Democratic,7042.0,60.0,True,False
2018,Utah,UT,State House,34,general,David Young,Republican,4072.0,40.0,False,False
2018,Utah,UT,State House,35,general,Mark Wheatley,Democratic,6797.0,63.5,True,False
2018,Utah,UT,State House,35,general,Robert Edgel,Republican,3902.0,27.4,False,False
2018,Utah,UT,State House,36,general,Patrice Arent,Democratic,13417.0,62.9,True,False
2018,Utah,UT,State House,36,general,Todd Zenger,Republican,7903.0,37.1,False,False
2018,Utah,UT,State House,37,general,Carol Spackman Moss,Democratic,11467.0,62.8,True,False
2018,Utah,UT,State House,37,general,David N. Sundwell,Republican,6786.0,37.2,False,False
2018,Utah,UT,State House,38,general,Eric Hutchings,Republican,4364.0,50.7,True,False
2018,Utah,UT,State House,38,general,David N. Sundwell,Democratic,4246.0,49.3,False,False
2018,Utah,UT,State House,39,general,Jim Dunnigan,Republican,6839.0,56.3,True,False
2018,Utah,UT,State House,39,general,Stephen Peck,Democratic,5301.0,43.7,False,False
2018,Utah,UT,State House,40,general,Stephanie Pitcher,Democratic,11189.0,69.2,True,False
2018,Utah,UT,State House,40,general,Peter L. Kraus,Republican,4280.0,26.5,False,False
2018,Utah,UT,State House,40,general,David Else,Independent American,711.0,4.4,False,False
2018,Utah,UT,State House,41,general,Mark A. Strong,Republican,11756.0,65.7,True,False
2018,Utah,UT,State House,41,general,Wendy Garvin,Democratic,4535.0,25.3,False,False
2018,Utah,UT,State House,41,general,Steve Watson,United Utah,1607.0,9.0,False,False
2018,Utah,UT,State House,42,general,Kim Coleman,Republican,9723.0,66.9,True,False
2018,Utah,UT,State House,42,general,Amy L Martz,United Utah,4803.0,33.1,False,False
2018,Utah,UT,State House,43,general,Cheryl K. Action,Republican,5687.0,48.1,True,False
2018,Utah,UT,State House,43,general,Diane Lewis,Democratic,5290.0,44.7,False,False
2018,Utah,UT,State House,43,general,Shawn Curtis,Libertarian,853.0,7.2,False,False
2018,Utah,UT,State House,44,general,Andrew Stoddard,Democratic,8284.0,55.0,True,False
2018,Utah,UT,State House,44,general,Bruce R. Cutler,Republican,6768.0,45.0,False,False
2018,Utah,UT,State House,45,general,Steve Eliason,Republican,10276.0,100.0,True,False
2018,Utah,UT,State House,46,general,Marie H. Poulson,Democratic,11466.0,61.5,True,False
2018,Utah,UT,State House,46,general,Greg Johnson,Republican,6246.0,33.5,False,False
2018,Utah,UT,State House,46,general,Lee Anne Walker,Libertarian,930.0,5.0,False,False
2018,Utah,UT,State House,47,general,Ken Ivory,Republican,6673.0,53.6,True,False
2018,Utah,UT,State House,47,general,Scott Bell,Democratic,5774.0,46.4,False,False
2018,Utah,UT,State House,48,general,Keven J. Stratton,Republican,10736.0,86.9,True,False
2018,Utah,UT,State House,48,general,Aaron Heineman,Independent American,1612.0,13.1,False,False
2018,Utah,UT,State House,49,general,Robert Spendlove,Republican,9107.0,48.5,True,False
2018,Utah,UT,State House,49,general,Anthony Sudweeks,Democratic,8554.0,45.6,False,False
2018,Utah,UT,State House,49,general,Mark Russell,United Utah,1112.0,5.9,False,False
2018,Utah,UT,State House,50,general,Susan Pulsipher,Republican,14312.0,69.6,True,False
2018,Utah,UT,State House,50,general,Megan Wiesen,Democratic,6264.0,30.4,False,False
2018,Utah,UT,State House,51,general,Jeff Stenquist,Republican,8706.0,61.0,True,False
2018,Utah,UT,State House,51,general,Michele Weeks,United Utah,5577.0,39.0,False,False
2018,Utah,UT,State House,52,general,John Knotwell,Republican,12640.0,66.5,True,False
2018,Utah,UT,State House,52,general,Dan McClellan,Democratic,6370.0,33.5,False,False
2018,Utah,UT,State House,53,general,Logan Wilde,Republican,11993.0,64.9,True,False
2018,Utah,UT,State House,53,general,Christopher Neville,Democratic,6474.0,35.1,False,False
2018,Utah,UT,State House,54,general,Tim Quinn,Republican,9836.0,50.4,True,False
2018,Utah,UT,State House,54,general,Meaghan Miller,Democratic,9674.0,49.6,False,False
2018,Utah,UT,State House,55,general,Scott H. Chew,Republican,10466.0,89.4,True,False
2018,Utah,UT,State House,55,general,Christina Higgins,Democratic,1247.0,10.6,False,False
2018,Utah,UT,State House,56,general,Kay J. Christofferson,Republican,11815.0,100.0,True,False
2018,Utah,UT,State House,57,general,Jon Hawkins,Republican,9256.0,76.2,True,False
2018,Utah,UT,State House,57,general,Hillary Stirling,United Utah,2898.0,23.8,False,False
2018,Utah,UT,State House,58,general,Derrin R. Owens,Republican,9011.0,78.6,True,False
2018,Utah,UT,State House,58,general,Lynn Zaritsky,Democratic,1469.0,12.8,False,False
2018,Utah,UT,State House,58,general,Russell G. Hatch,Constitution,990.0,8.6,False,False
2018,Utah,UT,State House,59,general,Val L. Peterson,Republican,9812.0,82.9,True,False
2018,Utah,UT,State House,59,general,Gregory Himura,Independent American,2026.0,17.1,False,False
2018,Utah,UT,State House,60,general,Brad Daw,Republican,8445.0,71.9,True,False
2018,Utah,UT,State House,60,general,Alan F. Keele,Democratic,3302.0,28.1,False,False
2018,Utah,UT,State House,61,general,Marsha Judkins,Republican,7407.0,76.6,True,False
2018,Utah,UT,State House,61,general,Eric Chase,United Utah,1405.0,14.5,False,False
2018,Utah,UT,State House,61,general,Matt Styles,Green,859.0,8.9,False,False
2018,Utah,UT,State House,62,general,Travis M. Seegmiller,Republican,13912.0,100.0,True,False
2018,Utah,UT,State House,63,general,Adam Robertson,Republican,3840.0,100.0,True,False
2018,Utah,UT,State House,64,general,Norm Thurston,Republican,4849.0,55.5,True,False
2018,Utah,UT,State House,64,general,Daniel Craig Friend,Democratic,2662.0,30.5,False,False
2018,Utah,UT,State House,64,general,Hal Miller,United Utah,1219.0,14.0,False,False
2018,Utah,UT,State House,65,general,Francis D. Gibson,Republican,10650.0,76.4,True,False
2018,Utah,UT,State House,65,general,Sue A. Womack,Democratic,3289.0,23.6,False,False
2018,Utah,UT,State House,66,general,Mike McKell,Republican,10593.0,83.4,True,False
2018,Utah,UT,State House,66,general,Paul Jones Dayton,Democratic,2109.0,16.6,False,False
2018,Utah,UT,State House,67,general,Marc Roberts,Republican,11217.0,100.0,True,False
2018,Utah,UT,State House,68,general,Merrill Nelson,Republican,10509.0,71.4,True,False
2018,Utah,UT,State House,68,general,Merle Travis Wall,Democratic,2367.0,16.1,False,False
2018,Utah,UT,State House,68,general,Kirk D Pearson,Constitution,960.0,6.5,False,False
2018,Utah,UT,State House,68,general,Denyse Housley Cox,Libertarian,596.0,4.0,False,False
2018,Utah,UT,State House,68,general,Warren Rogers,Independent American,292.0,2.0,False,False
2018,Utah,UT,State House,69,general,Christine F. Watkins,Republican,8589.0,72.1,True,False
2018,Utah,UT,State House,69,general,Tim Glenn,Democratic,3320.0,27.9,False,False
2018,Utah,UT,State House,70,general,Carl R. Albrecht,Republican,10634.0,79.4,True,False
2018,Utah,UT,State House,70,general,Robert Greenberg,Democratic,2753.0,20.6,False,False
2018,Utah,UT,State House,71,general,Brad Last,Republican,12468.0,78.6,True,False
2018,Utah,UT,State House,71,general,Chuck Goode,Democratic,3388.0,21.4,False,False
2018,Utah,UT,State House,72,general,Rex P Shipp,Republican,8887.0,74.7,True,False
2018,Utah,UT,State House,72,general,Zeno B. Parry,Democratic,2002.0,16.8,False,False
2018,Utah,UT,State House,72,general,Barry Even Short,Libertarian,1001.0,8.4,False,False
2018,Utah,UT,State House,73,general,Phil Lyman,Republican,9388.0,67.5,True,False
2018,Utah,UT,State House,73,general,Marsha M Holland,Democratic,4528.0,32.5,False,False
2018,Utah,UT,State House,74,general,V. Lowry Snow,Republican,13108.0,76.3,True,False
2018,Utah,UT,State House,74,general,Daniel Holloway,Libertarian,4082.0,23.7,False,False
2018,Utah,UT,State House,75,general,Walt Brooks,Republican,9575.0,78.0,True,False
2018,Utah,UT,State House,75,general,Keith R. Kelsch,Independent American,1353.0,11.0,False,False
2018,Utah,UT,State House,75,general,Michael A Gardner,Libertarian,1341.0,10.9,False,False
2018,Vermont,VT,State House,ADDISON-1,general,Amy Sheldon,Democratic,2676.0,37.65,True,True
2018,Vermont,VT,State House,ADDISON-1,general,Robin Scheu,Democratic,2592.0,36.47,True,True
2018,Vermont,VT,State House,ADDISON-2,general,Peter Conlon,Democratic,1740.0,81.19,True,True
2018,Vermont,VT,State House,ADDISON-3,general,Matt Birong,Democratic,2201.0,36.16,True,False
2018,Vermont,VT,State House,ADDISON-3,general,Diane Lanpher,Democratic,2122.0,34.87,False,True
2018,Vermont,VT,State House,ADDISON-3,general,Warren Van Wyck,Republican,1763.0,28.97,False,True
2018,Vermont,VT,State House,ADDISON-4,general,Caleb Elder,Democratic,2278.0,25.73,True,False
2018,Vermont,VT,State House,ADDISON-4,general,Mari Cordes,Democratic,2077.0,23.46,True,False
2018,Vermont,VT,State House,ADDISON-4,general,Fred Baser,Republican,2018.0,22.79,False,True
2018,Vermont,VT,State House,ADDISON-4,general,Valerie Mullin,Republican,1466.0,16.56,False,False
2018,Vermont,VT,State House,ADDISON-5,general,Harvey Smith,Republican,1505.0,71.73,True,True
2018,Vermont,VT,State House,ADDISON-RUTLAND,general,Terry Norris,Independent,1009.0,55.59,True,True
2018,Vermont,VT,State House,ADDISON-RUTLAND,general,Barbara Wilson,Democratic,735.0,40.4,False,False
2018,Vermont,VT,State House,BENNINGTON-1,general,Nelson Brownell,Democratic,681.0,46.08,True,False
2018,Vermont,VT,State House,BENNINGTON-1,general,Jim O'Connor,Republican,394.0,26.66,False,False
2018,Vermont,VT,State House,BENNINGTON-1,general,Frederick Miller,Independent,364.0,24.63,False,False
2018,Vermont,VT,State House,BENNINGTON-2-1,general,Timothy R. Corcoran II,Democratic,1733.0,33.31,True,True
2018,Vermont,VT,State House,BENNINGTON-2-1,general,Chris Bates,Democratic,1328.0,25.53,True,False
2018,Vermont,VT,State House,BENNINGTON-2-1,general,Kevin Hoyt,Republican,703.0,13.51,False,False
2018,Vermont,VT,State House,BENNINGTON-2-1,general,Michael Stern,Independent,400.0,7.69,False,False
2018,Vermont,VT,State House,BENNINGTON-2-2,general,Mary A. Morrissey,Republican,1810.0,35.83,True,True
2018,Vermont,VT,State House,BENNINGTON-2-2,general,Jim Carroll,Democratic,1559.0,30.86,True,False
2018,Vermont,VT,State House,BENNINGTON-3,general,David Durfee,Democratic,1394.0,97.55,True,False
2018,Vermont,VT,State House,BENNINGTON-3,general,Tim Scoggins,Write-in,4.0,0.28,False,False
2018,Vermont,VT,State House,BENNINGTON-3,general,Alice Miller,Write-in,3.0,0.21,False,False
2018,Vermont,VT,State House,BENNINGTON-3,general,Write-ins (other),Write-in,28.0,1.96,False,False
2018,Vermont,VT,State House,BENNINGTON-3,general,Blank Votes,,322.0,,False,False
2018,Vermont,VT,State House,BENNINGTON-3,general,Over Votes,,1.0,,False,False
2018,Vermont,VT,State House,BENNINGTON-4,general,Kathleen James,Democratic,2129.0,36.57,True,False
2018,Vermont,VT,State House,BENNINGTON-4,general,Cynthia Browning,Democratic,1938.0,33.29,True,True
2018,Vermont,VT,State House,BENNINGTON-4,general,Brian Keefe,Republican,1731.0,29.73,False,True
2018,Vermont,VT,State House,BENNINGTON-4,general,Total Write-ins,Write-in,24.0,0.41,False,False
2018,Vermont,VT,State House,BENNINGTON-4,general,Blank Votes,,1722.0,,False,False
2018,Vermont,VT,State House,BENNINGTON-4,general,Over Votes,,2.0,,False,False
2018,Vermont,VT,State House,BENNINGTON-RUTLAND,general,Linda Joy Sullivan,Democratic,1699.0,99.07,True,True
2018,Vermont,VT,State House,BENNINGTON-RUTLAND,general,Total Write-ins,Write-in,16.0,0.93,False,False
2018,Vermont,VT,State House,BENNINGTON-RUTLAND,general,Blank Votes,,249.0,,False,False
2018,Vermont,VT,State House,BENNINGTON-RUTLAND,general,Over Votes,,5.0,,False,False
2018,Vermont,VT,State House,CALEDONIA-1,general,Marcia Robinson Martel,Republican,1397.0,95.36,True,True
2018,Vermont,VT,State House,CALEDONIA-1,general,Jenny Nelson,Write-in,10.0,0.68,False,False
2018,Vermont,VT,State House,CALEDONIA-1,general,Jen D'Agostino,Write-in,5.0,0.34,False,False
2018,Vermont,VT,State House,CALEDONIA-1,general,Write-ins (other),Write-in,53.0,3.62,False,False
2018,Vermont,VT,State House,CALEDONIA-1,general,Blank votes,,383.0,,False,False
2018,Vermont,VT,State House,CALEDONIA-2,general,"Joseph ""Chip"" Troiano",Democratic,988.0,59.3,True,True
2018,Vermont,VT,State House,CALEDONIA-2,general,Lawrence Hamel,Republican,677.0,40.64,False,False
2018,Vermont,VT,State House,CALEDONIA-2,general,Luke Gargulio,Write-in,1.0,0.06,False,False
2018,Vermont,VT,State House,CALEDONIA-2,general,Blank votes,,38.0,,False,False
2018,Vermont,VT,State House,CALEDONIA-3,general,Scott Beck,Republican,1297.0,28.71,True,True
2018,Vermont,VT,State House,CALEDONIA-3,general,Scott Campbell,Democratic,1183.0,26.2,True,False
2018,Vermont,VT,State House,CALEDONIA-3,general,Brendan Hughes,Republican,1077.0,23.84,False,False
2018,Vermont,VT,State House,CALEDONIA-3,general,Jane Pompeo,Democratic,959.0,21.23,False,False
2018,Vermont,VT,State House,CALEDONIA-3,general,David Jones,Write-in,1.0,0.02,False,False
2018,Vermont,VT,State House,CALEDONIA-3,general,Over votes,,13.0,,False,False
2018,Vermont,VT,State House,CALEDONIA-3,general,Blank votes,,454.0,,False,False
2018,Vermont,VT,State House,CALEDONIA-4,general,Martha Feltus,Republican,1633.0,38.06,True,True
2018,Vermont,VT,State House,CALEDONIA-4,general,Patrick Seymour,Republican,1375.0,32.04,True,False
2018,Vermont,VT,State House,CALEDONIA-4,general,Dennis Labounty,Democratic,1266.0,29.49,False,False
2018,Vermont,VT,State House,CALEDONIA-4,general,Christian B. Hubbs,Write-in,2.0,0.05,False,False
2018,Vermont,VT,State House,CALEDONIA-4,general,Benjamin Robbins,Write-in,2.0,0.05,False,False
2018,Vermont,VT,State House,CALEDONIA-4,general,Catherine Toll,Write-in,2.0,0.05,False,False
2018,Vermont,VT,State House,CALEDONIA-4,general,Write-ins (other),Write-in,11.0,0.26,False,False
2018,Vermont,VT,State House,CALEDONIA-4,general,Over votes,,1.0,,False,False
2018,Vermont,VT,State House,CALEDONIA-4,general,Blank votes,,1248.0,,False,False
2018,Vermont,VT,State House,CALEDONIA-WASHINGTON,general,"Catherine ""Kitty"" Toll",Democratic,1853.0,97.32,True,True
2018,Vermont,VT,State House,CALEDONIA-WASHINGTON,general,Craig Vance,Write-in,14.0,0.74,False,False
2018,Vermont,VT,State House,CALEDONIA-WASHINGTON,general,Steve Larrabee,Write-in,5.0,0.26,False,False
2018,Vermont,VT,State House,CALEDONIA-WASHINGTON,general,Write-ins (other),Write-in,32.0,1.68,False,False
2018,Vermont,VT,State House,CALEDONIA-WASHINGTON,general,Over votes,,11.0,,False,False
2018,Vermont,VT,State House,CALEDONIA-WASHINGTON,general,Blank votes,,370.0,,False,False
2018,Vermont,VT,State House,CHITTENDEN-1,general,Marcia Gardner,Democratic,,,True,True
2018,Vermont,VT,State House,CHITTENDEN-1,general,Terry Moultroup,Republican,,,False,False
2018,Vermont,VT,State House,CHITTENDEN-2,general,Joy Limoge,Republican,,,True,False
2018,Vermont,VT,State House,CHITTENDEN-2,general,Terence Macaig,Democratic,,,False,True
2018,Vermont,VT,State House,CHITTENDEN-2,general,James McCullough,Democratic,,,False,True
2018,Vermont,VT,State House,CHITTENDEN-2,general,Kathleen Orion,Independent,,,False,False
2018,Vermont,VT,State House,CHITTENDEN-3,general,Trevor Squirrell,Democratic,,,True,True
2018,Vermont,VT,State House,CHITTENDEN-3,general,George W. Till,Democratic,,,True,True
2018,Vermont,VT,State House,CHITTENDEN-4-1,general,Michael Yantachka,Democratic,,,True,True
2018,Vermont,VT,State House,CHITTENDEN-4-2,general,"William J. Lippert, Jr.",Democratic,,,True,True
2018,Vermont,VT,State House,CHITTENDEN-4-2,general,Sarah Toscano,Republican,,,False,False
2018,Vermont,VT,State House,CHITTENDEN-5-1,general,Kate Webb,Democratic,,,True,True
2018,Vermont,VT,State House,CHITTENDEN-5-2,general,Jessica Brumsted,Democratic,,,True,True
2018,Vermont,VT,State House,CHITTENDEN-6-1,general,Robert Hooper,Democratic,,,True,False
2018,Vermont,VT,State House,CHITTENDEN-6-1,general,Carol Ode,Democratic,,,False,True
2018,Vermont,VT,State House,CHITTENDEN-6-1,general,Kurt Wright,Republican,,,False,True
2018,Vermont,VT,State House,CHITTENDEN-6-2,general,Jean O'Sullivan,Democratic,,,True,True
2018,Vermont,VT,State House,CHITTENDEN-6-3,general,Jill Krowinski,Democratic,,,True,True
2018,Vermont,VT,State House,CHITTENDEN-6-3,general,Curtis McCormack,Democratic,,,True,True
2018,Vermont,VT,State House,CHITTENDEN-6-4,general,Brian Cina,Progressive,,,True,True
2018,Vermont,VT,State House,CHITTENDEN-6-4,general,Selene Colburn,Progressive,,,True,True
2018,Vermont,VT,State House,CHITTENDEN-6-5,general,Johannah Donovan,Democratic,,,True,True
2018,Vermont,VT,State House,CHITTENDEN-6-5,general,Mary Sullivan,Democratic,,,True,True
2018,Vermont,VT,State House,CHITTENDEN-6-6,general,Barbara Rachelson,Democratic,,,True,True
2018,Vermont,VT,State House,CHITTENDEN-6-7,general,Clement Bissonnette,Democratic,,,True,True
2018,Vermont,VT,State House,CHITTENDEN-6-7,general,Diana Gonzalez,Progressive,,,True,True
2018,Vermont,VT,State House,CHITTENDEN-7-1,general,Martin LaLonde,Democratic,,,True,True
2018,Vermont,VT,State House,CHITTENDEN-7-2,general,Ann Pugh,Democratic,,,True,True
2018,Vermont,VT,State House,CHITTENDEN-7-3,general,Frank Davis,Progressive,,,True,False
2018,Vermont,VT,State House,CHITTENDEN-7-3,general,John Killacky,Democratic,,,False,False
2018,Vermont,VT,State House,CHITTENDEN-7-4,general,Maida Townsend,Democratic,,,True,True
2018,Vermont,VT,State House,CHITTENDEN-8-1,general,Linda K. Myers,Republican,,,True,True
2018,Vermont,VT,State House,CHITTENDEN-8-1,general,Marybeth Redmond,Democratic,,,False,False
2018,Vermont,VT,State House,CHITTENDEN-8-1,general,Tanya Vyhovsky,Progressive,,,False,False
2018,Vermont,VT,State House,CHITTENDEN-8-2,general,John Brennan,Republican,,,True,False
2018,Vermont,VT,State House,CHITTENDEN-8-2,general,Dylan Giambatista,Democratic,,,False,True
2018,Vermont,VT,State House,CHITTENDEN-8-2,general,Lori Houghton,Democratic,,,False,True
2018,Vermont,VT,State House,CHITTENDEN-8-3,general,Robert Bancroft,Republican,,,True,True
2018,Vermont,VT,State House,CHITTENDEN-9-1,general,Seth Chase,Democratic,,,True,False
2018,Vermont,VT,State House,CHITTENDEN-9-1,general,Deserae Morin,Republican,,,False,False
2018,Vermont,VT,State House,CHITTENDEN-9-1,general,Clark Sweeney,Republican,,,False,False
2018,Vermont,VT,State House,CHITTENDEN-9-1,general,Curt Taylor,Democratic,,,False,True
2018,Vermont,VT,State House,CHITTENDEN-9-2,general,Sarita Austin,Democratic,,,True,False
2018,Vermont,VT,State House,CHITTENDEN-9-2,general,Patrick Brennan,Republican,,,False,True
2018,Vermont,VT,State House,CHITTENDEN-9-2,general,Herb Downing,Democratic,,,False,False
2018,Vermont,VT,State House,CHITTENDEN-9-2,general,Pam Loranger,Republican,,,False,False
2018,Vermont,VT,State House,CHITTENDEN-10,general,Todd Buik,Democratic,,,True,False
2018,Vermont,VT,State House,CHITTENDEN-10,general,Christopher Mattos,Republican,,,False,True
2018,Vermont,VT,State House,CHITTENDEN-10,general,John Palasik,Republican,,,False,False
2018,Vermont,VT,State House,ESSEX-CALEDONIA,general,Connie Quimby,Republican,1082.0,95.33,True,True
2018,Vermont,VT,State House,ESSEX-CALEDONIA,general,Ed Clark,Write-in,10.0,0.88,False,False
2018,Vermont,VT,State House,ESSEX-CALEDONIA,general,Judith Hutchinson,Write-in,4.0,0.35,False,False
2018,Vermont,VT,State House,ESSEX-CALEDONIA,general,Write-ins (other),Write-in,39.0,3.44,False,False
2018,Vermont,VT,State House,ESSEX-CALEDONIA,general,Blank votes,,280.0,,False,False
2018,Vermont,VT,State House,ESSEX-CALEDONIA-ORLEANS,general,Paul D. Lefebvre,Republican,827.0,55.39,True,True
2018,Vermont,VT,State House,ESSEX-CALEDONIA-ORLEANS,general,Martha W. Allen,Democratic,664.0,44.47,False,False
2018,Vermont,VT,State House,ESSEX-CALEDONIA-ORLEANS,general,Blank votes,,38.0,,False,False
2018,Vermont,VT,State House,FRANKLIN-1,general,Carl Rosenquist,Republican,,,True,True
2018,Vermont,VT,State House,FRANKLIN-1,general,Edward Simon,Democratic,,,False,False
2018,Vermont,VT,State House,FRANKLIN-2,general,Mary Beerworth,Republican,,,True,False
2018,Vermont,VT,State House,FRANKLIN-2,general,Barbara Murphy,Independent,,,False,True
2018,Vermont,VT,State House,FRANKLIN-3-1,general,James B. Fitzgerald,Republican,,,True,False
2018,Vermont,VT,State House,FRANKLIN-3-1,general,Kate Larose,Democratic,,,False,False
2018,Vermont,VT,State House,FRANKLIN-3-1,general,Mike McCarthy,Democratic,,,False,False
2018,Vermont,VT,State House,FRANKLIN-3-1,general,Casey Toof,Republican,,,False,False
2018,Vermont,VT,State House,FRANKLIN-3-2,general,Eileen Dickinson,Republican,,,True,True
2018,Vermont,VT,State House,FRANKLIN-3-2,general,David McWilliams,Independent,,,False,False
2018,Vermont,VT,State House,FRANKLIN-4,general,Nicholas Brosseau,Democratic,,,True,False
2018,Vermont,VT,State House,FRANKLIN-4,general,Marianna Gamache,Republican,,,True,True
2018,Vermont,VT,State House,FRANKLIN-4,general,Brian K. Savage,Republican,,,True,True
2018,Vermont,VT,State House,FRANKLIN-5,general,Joshua Aldrich,Republican,,,True,False
2018,Vermont,VT,State House,FRANKLIN-5,general,Linda Collins,Independent,,,False,False
2018,Vermont,VT,State House,FRANKLIN-5,general,Charen Fegard,Democratic,,,False,False
2018,Vermont,VT,State House,FRANKLIN-5,general,Daniel Nadeau,Democratic,,,False,False
2018,Vermont,VT,State House,FRANKLIN-5,general,Shane Rhodes,Republican,,,False,False
2018,Vermont,VT,State House,FRANKLIN-6,general,Kelly Cummings,Democratic,,,True,False
2018,Vermont,VT,State House,FRANKLIN-6,general,James Gregoire,Republican,,,False,False
2018,Vermont,VT,State House,FRANKLIN-7,general,Felisha Leffler,Republican,,,True,False
2018,Vermont,VT,State House,FRANKLIN-7,general,Cindy Weed,Progressive,,,False,True
2018,Vermont,VT,State House,GRAND ISLE-CHITTENDEN,general,Mitzi Johnson,Democratic,,,True,True
2018,Vermont,VT,State House,GRAND ISLE-CHITTENDEN,general,Ben W. Joseph,Democratic,,,False,True
2018,Vermont,VT,State House,GRAND ISLE-CHITTENDEN,general,Leland Morgan,Republican,,,False,False
2018,Vermont,VT,State House,GRAND ISLE-CHITTENDEN,general,Michael Morgan,Republican,,,False,False
2018,Vermont,VT,State House,LAMOILLE-1,general,Marina Meerburg,Democratic,,,True,False
2018,Vermont,VT,State House,LAMOILLE-1,general,Heidi E. Scheuermann,Republican,,,False,True
2018,Vermont,VT,State House,LAMOILLE-2,general,Matthew Hill,Democratic,,,True,True
2018,Vermont,VT,State House,LAMOILLE-2,general,Mike King,Independent,,,False,False
2018,Vermont,VT,State House,LAMOILLE-2,general,Daniel Noyes,Democratic,,,False,True
2018,Vermont,VT,State House,LAMOILLE-3,general,Zachary Mayo,Republican,,,True,False
2018,Vermont,VT,State House,LAMOILLE-3,general,Lucy Rogers,Democratic,,,False,False
2018,Vermont,VT,State House,LAMOILLE-WASHINGTON,general,Gary Nolan,Republican,,,True,True
2018,Vermont,VT,State House,LAMOILLE-WASHINGTON,general,Avram Patt,Democratic,,,False,False
2018,Vermont,VT,State House,LAMOILLE-WASHINGTON,general,David Yacovone,Democratic,,,False,True
2018,Vermont,VT,State House,ORANGE-1,general,Christopher Covey,Republican,,,True,False
2018,Vermont,VT,State House,ORANGE-1,general,Susan Hatch Davis,Progressive,,,False,False
2018,Vermont,VT,State House,ORANGE-1,general,Carl Demrow,Democratic,,,False,False
2018,Vermont,VT,State House,ORANGE-1,general,Rodney Graham,Republican,,,False,True
2018,Vermont,VT,State House,ORANGE-2,general,Sarah Copeland-Hanzas,Democratic,,,True,True
2018,Vermont,VT,State House,ORANGE-CALEDONIA,general,"Charles ""Chip"" Conquest",Democratic,863.0,51.13,True,True
2018,Vermont,VT,State House,ORANGE-CALEDONIA,general,Joseph Parsons,Republican,813.0,48.16,False,False
2018,Vermont,VT,State House,ORANGE-CALEDONIA,general,Boots Wardinski,Write-in,11.0,0.65,False,False
2018,Vermont,VT,State House,ORANGE-CALEDONIA,general,Write-ins (other),Write-in,1.0,0.06,False,False
2018,Vermont,VT,State House,ORANGE-CALEDONIA,general,Over votes,,1.0,,False,False
2018,Vermont,VT,State House,ORANGE-CALEDONIA,general,Blank votes,,30.0,,False,False
2018,Vermont,VT,State House,ORANGE-WASHINGTON-ADDISON,general,Daniel Brown,Republican,,,True,False
2018,Vermont,VT,State House,ORANGE-WASHINGTON-ADDISON,general,Jay Hooper,Democratic,,,False,True
2018,Vermont,VT,State House,ORANGE-WASHINGTON-ADDISON,general,Ben Jickling,Independent,,,False,True
2018,Vermont,VT,State House,ORANGE-WASHINGTON-ADDISON,general,Larry Satcowitz,Democratic,,,False,False
2018,Vermont,VT,State House,ORANGE-WASHINGTON-ADDISON,general,Stephen Webster,Republican,,,False,False
2018,Vermont,VT,State House,ORLEANS-1,general,Lynn Batchelor,Republican,1721.0,36.7,False,True
2018,Vermont,VT,State House,ORLEANS-1,general,Frank Davis,Independent,1088.0,23.2,False,False
2018,Vermont,VT,State House,ORLEANS-1,general,Brian Smith,Republican,1862.0,36.7,True,True
2018,Vermont,VT,State House,ORLEANS-2,general,Kendall Lambert,Independent,,,True,False
2018,Vermont,VT,State House,ORLEANS-2,general,Michael Marcotte,Republican,,,False,True
2018,Vermont,VT,State House,ORLEANS-2,general,"Woodman ""Woody"" Page",Republican,,,False,False
2018,Vermont,VT,State House,ORLEANS-CALEDONIA,general,Tabitha Armstrong,Independent,,,True,False
2018,Vermont,VT,State House,ORLEANS-CALEDONIA,general,Danielle Cote Sukkaew,Democratic,,,False,False
2018,Vermont,VT,State House,ORLEANS-CALEDONIA,general,Frank Huard,Republican,,,False,False
2018,Vermont,VT,State House,ORLEANS-CALEDONIA,general,Vicki Strong,Republican,,,False,True
2018,Vermont,VT,State House,ORLEANS-CALEDONIA,general,Sam Young,Democratic,,,False,True
2018,Vermont,VT,State House,ORLEANS-LAMOILLE,general,Mark Higley,Republican,,,True,True
2018,Vermont,VT,State House,RUTLAND-1,general,Patricia McCoy,Republican,,,True,True
2018,Vermont,VT,State House,RUTLAND-2,general,Thomas Burditt,Republican,,,True,True
2018,Vermont,VT,State House,RUTLAND-2,general,Ken Fredette,Democratic,,,False,False
2018,Vermont,VT,State House,RUTLAND-2,general,David Potter,Democratic,,,False,True
2018,Vermont,VT,State House,RUTLAND-3,general,William Canfield,Republican,,,True,True
2018,Vermont,VT,State House,RUTLAND-3,general,Robert Helm,Republican,,,False,True
2018,Vermont,VT,State House,RUTLAND-3,general,Robert J. Richards,Independent,,,False,False
2018,Vermont,VT,State House,RUTLAND-4,general,Thomas Terenzini,Republican,,,True,True
2018,Vermont,VT,State House,RUTLAND-5-1,general,Peter J. Fagan,Republican,,,True,True
2018,Vermont,VT,State House,RUTLAND-5-1,general,Heather Juliussen-Stevenson,Democratic,,,False,False
2018,Vermont,VT,State House,RUTLAND-5-2,general,Lawrence Cupoli,Republican,,,True,True
2018,Vermont,VT,State House,RUTLAND-5-3,general,Mary Howard,Democratic,,,True,True
2018,Vermont,VT,State House,RUTLAND-5-4,general,Jacqueline Fleck,Republican,,,True,False
2018,Vermont,VT,State House,RUTLAND-5-4,general,William Notte,Democratic,,,False,False
2018,Vermont,VT,State House,RUTLAND-6,general,Tim Guiles,Progressive,,,True,False
2018,Vermont,VT,State House,RUTLAND-6,general,Seth Hopkins,Republican,,,False,False
2018,Vermont,VT,State House,RUTLAND-6,general,Stephanie Jerome,Democratic,,,False,False
2018,Vermont,VT,State House,RUTLAND-6,general,"Charles ""Butch"" Shaw",Republican,,,False,True
2018,Vermont,VT,State House,RUTLAND-BENNINGTON,general,Robin Chestnut-Tangerman,Progressive,,,True,True
2018,Vermont,VT,State House,RUTLAND-BENNINGTON,general,Edgar Cleveland,Republican,,,False,False
2018,Vermont,VT,State House,RUTLAND-WINDSOR-1,general,James Harrison,Republican,,,True,True
2018,Vermont,VT,State House,RUTLAND-WINDSOR-1,general,Gina Ottoboni,Democratic,,,False,False
2018,Vermont,VT,State House,RUTLAND-WINDSOR-2,general,Peter Berger,Independent,,,True,False
2018,Vermont,VT,State House,RUTLAND-WINDSOR-2,general,Logan Nicoll,Democratic,,,False,False
2018,Vermont,VT,State House,WASHINGTON-1,general,Gordon Bock,Independent,,,True,False
2018,Vermont,VT,State House,WASHINGTON-1,general,Anne Donahue,Republican,,,False,True
2018,Vermont,VT,State House,WASHINGTON-1,general,Kenneth Goslant,Republican,,,False,False
2018,Vermont,VT,State House,WASHINGTON-1,general,Jeremy Hansen,Progressive,,,False,False
2018,Vermont,VT,State House,WASHINGTON-1,general,Denise MacMartin,Democratic,,,False,False
2018,Vermont,VT,State House,WASHINGTON-1,general,Rebecca A. Trower,Independent,,,False,False
2018,Vermont,VT,State House,WASHINGTON-2,general,J. Guy Isabelle,Democratic,,,True,False
2018,Vermont,VT,State House,WASHINGTON-2,general,Robert LaClair,Republican,,,False,True
2018,Vermont,VT,State House,WASHINGTON-2,general,Francis McFaun,Republican,,,False,True
2018,Vermont,VT,State House,WASHINGTON-3,general,Peter Anthony,Democratic,,,True,False
2018,Vermont,VT,State House,WASHINGTON-3,general,Paul N. Poirier,Independent,,,False,True
2018,Vermont,VT,State House,WASHINGTON-3,general,John Steinman,Republican,,,False,False
2018,Vermont,VT,State House,WASHINGTON-3,general,Tommy Walz,Democratic,,,False,True
2018,Vermont,VT,State House,WASHINGTON-4,general,Mary Hooper,Democratic,,,True,True
2018,Vermont,VT,State House,WASHINGTON-4,general,Warren Kitzmiller,Democratic,,,False,True
2018,Vermont,VT,State House,WASHINGTON-4,general,Glennie Sewell,Progressive,,,False,False
2018,Vermont,VT,State House,WASHINGTON-5,general,Kimberly Jessup,Democratic,,,True,True
2018,Vermont,VT,State House,WASHINGTON-6,general,Janet Ancel,Democratic,,,True,True
2018,Vermont,VT,State House,WASHINGTON-7,general,Kari Dolan,Democratic,2590.0,33.12,True,False
2018,Vermont,VT,State House,WASHINGTON-7,general,Maxine Grad,Democratic,2340.0,29.93,False,True
2018,Vermont,VT,State House,WASHINGTON-7,general,Ed Read,Independent,1982.0,25.35,False,True
2018,Vermont,VT,State House,WASHINGTON-7,general,Bob Readie,Independent,517.0,6.61,False,False
2018,Vermont,VT,State House,WASHINGTON-7,general,Neil Johnson,Green Mountain,385.0,4.92,False,False
2018,Vermont,VT,State House,WASHINGTON-CHITTENDEN,general,Thomas Stevens,Democratic,,,True,True
2018,Vermont,VT,State House,WASHINGTON-CHITTENDEN,general,Theresa Wood,Democratic,,,True,True
2018,Vermont,VT,State House,WINDHAM-1,general,Sara Coffey,Democratic,,,True,False
2018,Vermont,VT,State House,WINDHAM-1,general,Patrick Gilligan,Republican,,,False,False
2018,Vermont,VT,State House,WINDHAM-2-1,general,Emilie Kornheiser,Democratic,,,True,False
2018,Vermont,VT,State House,WINDHAM-2-2,general,Mollie Burke,Progressive,,,True,True
2018,Vermont,VT,State House,WINDHAM-2-3,general,Tristan Toleno,Democratic,,,True,True
2018,Vermont,VT,State House,WINDHAM-3,general,Carolyn Partridge,Democratic,,,True,True
2018,Vermont,VT,State House,WINDHAM-3,general,Matthew Trieber,Democratic,,,True,True
2018,Vermont,VT,State House,WINDHAM-4,general,Nader Hashim,Democratic,,,True,False
2018,Vermont,VT,State House,WINDHAM-4,general,Michael Mrowicki,Democratic,,,True,True
2018,Vermont,VT,State House,WINDHAM-5,general,Emily Long,Democratic,,,True,True
2018,Vermont,VT,State House,WINDHAM-6,general,John Gannon,Democratic,,,True,True
2018,Vermont,VT,State House,WINDHAM-BENNINGTON,general,Laura Sibilia,Independent,,,True,True
2018,Vermont,VT,State House,WINDHAM-BENNINGTON-WINDSOR,general,Kelly Pajala,Independent,,,True,True
2018,Vermont,VT,State House,WINDSOR-1,general,John L. Bartholomew,Democratic,2218.0,40.67,True,True
2018,Vermont,VT,State House,WINDSOR-1,general,Zachariah Ralph,Progressive,2040.0,37.4,True,False
2018,Vermont,VT,State House,WINDSOR-1,general,Wesley Raney,Republican,1152.0,21.12,False,False
2018,Vermont,VT,State House,WINDSOR-1,general,Paul Belaski,Write-in,19.0,0.35,False,True
2018,Vermont,VT,State House,WINDSOR-1,general,Michael Kell,Write-in,6.0,0.11,False,False
2018,Vermont,VT,State House,WINDSOR-1,general,Write-ins (other),Write-in,18.0,0.33,False,False
2018,Vermont,VT,State House,WINDSOR-1,general,Blank votes,,1908.0,,False,False
2018,Vermont,VT,State House,WINDSOR-2,general,Annmarie Christensen,Democratic,,,True,True
2018,Vermont,VT,State House,WINDSOR-3-1,general,Thomas Bock,Democratic,,,True,True
2018,Vermont,VT,State House,WINDSOR-3-2,general,Alice M. Emmons,Democratic,,,True,True
2018,Vermont,VT,State House,WINDSOR-3-2,general,Robert Forguites,Democratic,,,False,True
2018,Vermont,VT,State House,WINDSOR-3-2,general,Elizabeth Gray,Republican,,,False,False
2018,Vermont,VT,State House,WINDSOR-3-2,general,George T. McNaughton,Progressive,,,False,False
2018,Vermont,VT,State House,WINDSOR-4-1,general,Randall Szott,Democratic,,,True,False
2018,Vermont,VT,State House,WINDSOR-4-2,general,"Kevin ""Coach"" Christie",Democratic,,,True,True
2018,Vermont,VT,State House,WINDSOR-4-2,general,Rebecca White,Democratic,,,True,False
2018,Vermont,VT,State House,WINDSOR-5,general,Charles Kimbell,Democratic,,,True,True
2018,Vermont,VT,State House,WINDSOR-ORANGE-1,general,David Ainsworth,Republican,,,True,True
2018,Vermont,VT,State House,WINDSOR-ORANGE-1,general,John O'Brien,Democratic,,,False,False
2018,Vermont,VT,State House,WINDSOR-ORANGE-2,general,Timothy Briglin,Democratic,,,True,True
2018,Vermont,VT,State House,WINDSOR-ORANGE-2,general,Nick Clark,Progressive,,,False,False
2018,Vermont,VT,State House,WINDSOR-ORANGE-2,general,John Freitag,Independent,,,False,False
2018,Vermont,VT,State House,WINDSOR-ORANGE-2,general,James Masland,Democratic,,,False,True
2018,Vermont,VT,State House,WINDSOR-ORANGE-2,general,Jill Wilcox,Progressive,,,False,False
2018,Vermont,VT,State House,WINDSOR-RUTLAND,general,Sandy Haas,Progressive,,,True,True
2018,Vermont,VT,State House,WINDSOR-RUTLAND,general,Robert McFadden,Republican,,,False,False
2018,Wisconsin,WI,State House,1,general,Joel Kitchens,Republican,,,True,False
2018,Wisconsin,WI,State House,1,general,Roberta Thelen,Independent,9519.0,31.52,False,False
2018,Wisconsin,WI,State House,2,general,Shae Sortwell,Republican,,,True,False
2018,Wisconsin,WI,State House,2,general,Mark Grams,Democratic,10118.0,36.94,False,False
2018,Wisconsin,WI,State House,2,general,Jeff Dahlke,Independent,1494.0,5.45,False,False
2018,Wisconsin,WI,State House,2,general,Kevin Bauer,Libertarian,745.0,2.72,False,False
2018,Wisconsin,WI,State House,3,general,Ron Tusler,Republican,,,True,False
2018,Wisconsin,WI,State House,3,general,Scott Gavin,Democratic,11775.0,42.63,False,False
2018,Wisconsin,WI,State House,4,general,David Steffen,Republican,,,True,False
2018,Wisconsin,WI,State House,4,general,Terry Lee,Democratic,12585.0,45.11,False,False
2018,Wisconsin,WI,State House,5,general,Jim Steineke,Republican,,,True,False
2018,Wisconsin,WI,State House,5,general,Matt Lederer,Democratic,10952.0,38.94,False,False
2018,Wisconsin,WI,State House,6,general,Gary Tauchen,Republican,,,True,False
2018,Wisconsin,WI,State House,6,general,Richard Sarnwick,Democratic,7693.0,31.53,False,False
2018,Wisconsin,WI,State House,6,general,Mike Hammond,Libertarian,1675.0,6.87,False,False
2018,Wisconsin,WI,State House,7,general,Daniel Riemer,Democratic,,,True,False
2018,Wisconsin,WI,State House,7,general,Matthew Bughman,Libertarian,3953.0,20.38,False,False
2018,Wisconsin,WI,State House,8,general,JoCasta Zamarripa,Democratic,,,True,False
2018,Wisconsin,WI,State House,8,general,Angel Sanchez,Republican,1639.0,18.13,False,False
2018,Wisconsin,WI,State House,9,general,Marisabel Cabrera,Democratic,,,True,False
2018,Wisconsin,WI,State House,10,general,David Bowen,Democratic,,,True,False
2018,Wisconsin,WI,State House,11,general,Jason Fields,Democratic,,,True,False
2018,Wisconsin,WI,State House,12,general,LaKeshia Myers,Democratic,,,True,False
2018,Wisconsin,WI,State House,13,general,Rob Hutton,Republican,,,True,False
2018,Wisconsin,WI,State House,13,general,Dennis McBride,Democratic,15662.0,48.45,False,False
2018,Wisconsin,WI,State House,14,general,Robyn Vining,Republican,,,True,False
2018,Wisconsin,WI,State House,14,general,Matt Adamczyk,Republican,16459.0,48.18,False,False
2018,Wisconsin,WI,State House,14,general,Rick Braun,Libertarian,691.0,2.02,False,False
2018,Wisconsin,WI,State House,14,general,Steven Shevey,Independent,402.0,1.18,False,False
2018,Wisconsin,WI,State House,15,general,Joe Sanfelippo,Republican,,,True,False
2018,Wisconsin,WI,State House,15,general,Lillian Cheesman,Democratic,11768.0,43.76,False,False
2018,Wisconsin,WI,State House,16,general,Kalan Haywood,Democratic,,,True,False
2018,Wisconsin,WI,State House,17,general,David Crowley,Democratic,,,True,False
2018,Wisconsin,WI,State House,18,general,Evan Goyke,Democratic,,,True,False
2018,Wisconsin,WI,State House,19,general,Jonathan Brostoff,Democratic,,,True,False
2018,Wisconsin,WI,State House,20,general,Christine Sinicki,Democratic,,,True,False
2018,Wisconsin,WI,State House,21,general,Jessie Rodriguez,Republican,,,True,False
2018,Wisconsin,WI,State House,21,general,Gabriel Gomez,Democratic,11806.0,45.19,False,False
2018,Wisconsin,WI,State House,22,general,Janel Brandtjen,Republican,,,True,False
2018,Wisconsin,WI,State House,22,general,Aaron Matteson,Democratic,11738.0,35.65,False,False
2018,Wisconsin,WI,State House,23,general,Jim Ott,Republican,,,True,False
2018,Wisconsin,WI,State House,23,general,Liz Sumner,Democratic,16939.0,48.01,False,False
2018,Wisconsin,WI,State House,24,general,Dan Knodl,Republican,,,True,False
2018,Wisconsin,WI,State House,24,general,Emily Siegrist,Democratic,15244.0,46.33,False,False
2018,Wisconsin,WI,State House,25,general,Paul Tittl,Republican,,,True,False
2018,Wisconsin,WI,State House,25,general,Jennifer Estrada,Democratic,9042.0,37.93,False,False
2018,Wisconsin,WI,State House,26,general,Terry Katsma,Republican,,,True,False
2018,Wisconsin,WI,State House,26,general,Rebecca Clarke,Democratic,10466.0,41.92,False,False
2018,Wisconsin,WI,State House,27,general,Tyler Vorpagel,Republican,,,True,False
2018,Wisconsin,WI,State House,27,general,Nanette Bulebosh,Democratic,11186.0,40.33,False,False
2018,Wisconsin,WI,State House,28,general,Gae Magnafici,Republican,,,True,False
2018,Wisconsin,WI,State House,28,general,Kim Butler,Democratic,10028.0,40.98,False,False
2018,Wisconsin,WI,State House,29,general,Rob Stafsholt,Republican,,,True,False
2018,Wisconsin,WI,State House,29,general,John Rocco Calabrese,Democratic,9750.0,42.58,False,False
2018,Wisconsin,WI,State House,29,general,Brian Corriea,Libertarian,620.0,2.71,False,False
2018,Wisconsin,WI,State House,30,general,Shannon Zimmerman,Republican,,,True,False
2018,Wisconsin,WI,State House,30,general,Barry Hammarback,Democratic,13015.0,46.04,False,False
2018,Wisconsin,WI,State House,31,general,Amy Loudenbeck,Republican,,,True,False
2018,Wisconsin,WI,State House,31,general,Brittany Keyes,Democratic,11305.0,42.46,False,False
2018,Wisconsin,WI,State House,32,general,Tyler August,Republican,,,True,False
2018,Wisconsin,WI,State House,32,general,Katherine Gaulke,Democratic,10182.0,40.7,False,False
2018,Wisconsin,WI,State House,33,general,Cody Horlacher,Republican,,,True,False
2018,Wisconsin,WI,State House,33,general,Brandon White,Democratic,10219.0,37.19,False,False
2018,Wisconsin,WI,State House,34,general,Rob Swearingen,Republican,,,True,False
2018,Wisconsin,WI,State House,34,general,Chris Meier,Democratic,12096.0,38.02,False,False
2018,Wisconsin,WI,State House,35,general,Mary Felzkowski,Republican,,,True,False
2018,Wisconsin,WI,State House,35,general,Mark Martello,Democratic,9714.0,37.21,False,False
2018,Wisconsin,WI,State House,36,general,Jeffrey Mursau,Republican,,,True,False
2018,Wisconsin,WI,State House,36,general,Tim Comer,Democratic,8338.0,32.98,False,False
2018,Wisconsin,WI,State House,37,general,John Jagler,Republican,,,True,False
2018,Wisconsin,WI,State House,38,general,Barbara Dittrich,Republican,,,True,False
2018,Wisconsin,WI,State House,38,general,Melissa Winker,Democratic,13286.0,42.36,False,False
2018,Wisconsin,WI,State House,39,general,Mark Born,Republican,,,True,False
2018,Wisconsin,WI,State House,39,general,Elisha Barudin,Democratic,9210.0,36.62,False,False
2018,Wisconsin,WI,State House,40,general,Kevin Petersen,Republican,,,True,False
2018,Wisconsin,WI,State House,40,general,Erin Tracy,Democratic,8759.0,35.67,False,False
2018,Wisconsin,WI,State House,41,general,Joan Ballweg,Republican,,,True,False
2018,Wisconsin,WI,State House,41,general,Frank Buress,Democratic,8984.0,37.05,False,False
2018,Wisconsin,WI,State House,42,general,Jon Plumer,Republican,,,True,False
2018,Wisconsin,WI,State House,42,general,Ann Groves Lloyd,Democratic,11209.0,42.25,False,False
2018,Wisconsin,WI,State House,43,general,Don Vruwink,Democratic,,,True,False
2018,Wisconsin,WI,State House,43,general,Gabriel Szerlong,Republican,10288.0,38.73,False,False
2018,Wisconsin,WI,State House,44,general,Deb Kolste,Democratic,,,True,False
2018,Wisconsin,WI,State House,45,general,Mark Spreitzer,Democratic,,,True,False
2018,Wisconsin,WI,State House,45,general,Reese Wood,Libertarian,3496.0,19.48,False,False
2018,Wisconsin,WI,State House,46,general,Gary Hebl,Democratic,,,True,False
2018,Wisconsin,WI,State House,47,general,Jimmy Anderson,Democratic,,,True,False
2018,Wisconsin,WI,State House,48,general,Melissa Sargent,Democratic,,,True,False
2018,Wisconsin,WI,State House,49,general,Travis Tranel,Republican,,,True,False
2018,Wisconsin,WI,State House,49,general,Mike Mooney,Democratic,8968.0,41.05,False,False
2018,Wisconsin,WI,State House,50,general,Tony Kurtz,Republican,,,True,False
2018,Wisconsin,WI,State House,50,general,Arthur Shrader,Democratic,9658.0,42.55,False,False
2018,Wisconsin,WI,State House,50,general,James Krus,Independent,659.0,2.9,False,False
2018,Wisconsin,WI,State House,51,general,Todd Novak,Republican,,,True,False
2018,Wisconsin,WI,State House,51,general,Jeff Wright,Democratic,12113.0,49.29,False,False
2018,Wisconsin,WI,State House,52,general,Jeremy Thiesfeldt,Republican,,,True,False
2018,Wisconsin,WI,State House,52,general,Kevin Booth,Democratic,9427.0,38.31,False,False
2018,Wisconsin,WI,State House,53,general,Michael Schraa,Republican,,,True,False
2018,Wisconsin,WI,State House,53,general,Joe Lavrenz,Democratic,8812.0,36.74,False,False
2018,Wisconsin,WI,State House,54,general,Gordon Hintz,Democratic,,,True,False
2018,Wisconsin,WI,State House,55,general,Mike Rohrkaste,Republican,,,True,False
2018,Wisconsin,WI,State House,55,general,Dan Schierl,Democratic,12283.0,44.8,False,False
2018,Wisconsin,WI,State House,56,general,Dave Murphy,Republican,,,True,False
2018,Wisconsin,WI,State House,56,general,Diana Lawrence,Democratic,12110.0,40.17,False,False
2018,Wisconsin,WI,State House,57,general,Amanda Stuck,Democratic,,,True,False
2018,Wisconsin,WI,State House,58,general,Rick Gundrum,Republican,,,True,False
2018,Wisconsin,WI,State House,58,general,Dennis Degenhardt,Democratic,8368.0,29.02,False,False
2018,Wisconsin,WI,State House,59,general,Timothy Ramthun,Republican,,,True,False
2018,Wisconsin,WI,State House,60,general,Robert Brooks,Republican,,,True,False
2018,Wisconsin,WI,State House,60,general,Chris Rahlf,Democratic,11182.0,35.03,False,False
2018,Wisconsin,WI,State House,61,general,Samantha Kerkman,Republican,,,True,False
2018,Wisconsin,WI,State House,61,general,Gina Walkington,Democratic,10207.0,38.03,False,False
2018,Wisconsin,WI,State House,62,general,Robert Wittke,Republican,,,True,False
2018,Wisconsin,WI,State House,62,general,John Lehman,Democratic,13161.0,45.04,False,False
2018,Wisconsin,WI,State House,63,general,Robin Vos,Republican,,,True,False
2018,Wisconsin,WI,State House,63,general,Joel Jacobsen,Democratic,10705.0,38.93,False,False
2018,Wisconsin,WI,State House,64,general,Peter Barca,Democratic,,,True,False
2018,Wisconsin,WI,State House,64,general,Thomas Harland,Constitution,4441.0,20.74,False,False
2018,Wisconsin,WI,State House,65,general,Tod Ohnstad,Democratic,,,True,False
2018,Wisconsin,WI,State House,66,general,Greta Neubauer,Democratic,,,True,False
2018,Wisconsin,WI,State House,67,general,Rob Summerfield,Republican,,,True,False
2018,Wisconsin,WI,State House,67,general,Wren Keturi,Democratic,9878.0,38.22,False,False
2018,Wisconsin,WI,State House,68,general,Jesse James,Republican,,,True,False
2018,Wisconsin,WI,State House,68,general,Wendy Sue Johnson,Democratic,10394.0,42.37,False,False
2018,Wisconsin,WI,State House,69,general,Bob Kulp,Republican,,,True,False
2018,Wisconsin,WI,State House,69,general,Kathleen Rulka,,1576.0,8.34,False,False
2018,Wisconsin,WI,State House,70,general,Nancy VanderMeer,Republican,,,True,False
2018,Wisconsin,WI,State House,70,general,Cari Fay,Democratic,9223.0,38.0,False,False
2018,Wisconsin,WI,State House,71,general,Katrina Shankland,Democratic,,,True,False
2018,Wisconsin,WI,State House,72,general,Scott Krug,Republican,,,True,False
2018,Wisconsin,WI,State House,72,general,David Gorski,Democratic,10992.0,42.65,False,False
2018,Wisconsin,WI,State House,73,general,Nick Milroy,Democratic,,,True,False
2018,Wisconsin,WI,State House,74,general,Beth Meyers,Democratic,,,True,False
2018,Wisconsin,WI,State House,74,general,Jeffrey Fahl,Republican,12276.0,43.81,False,False
2018,Wisconsin,WI,State House,75,general,Romaine Quinn,Republican,,,True,False
2018,Wisconsin,WI,State House,75,general,Ali Holzman,Democratic,9078.0,37.82,False,False
2018,Wisconsin,WI,State House,76,general,Chris Taylor,Democratic,,,True,False
2018,Wisconsin,WI,State House,77,general,Shelia Stubbs,Democratic,,,True,False
2018,Wisconsin,WI,State House,78,general,Lisa Subeck,Democratic,,,True,False
2018,Wisconsin,WI,State House,79,general,Dianne Hesselbein,Democratic,,,True,False
2018,Wisconsin,WI,State House,80,general,Sondy Pope,Democratic,,,True,False
2018,Wisconsin,WI,State House,81,general,Dave Considine,Democratic,,,True,False
2018,Wisconsin,WI,State House,82,general,Ken Skowronski,Republican,,,True,False
2018,Wisconsin,WI,State House,82,general,Jason Sellnow,Libertarian,8300.0,31.28,False,False
2018,Wisconsin,WI,State House,83,general,Chuck Wichgers,Republican,,,True,False
2018,Wisconsin,WI,State House,83,general,Jim Brownlow,Democratic,9624.0,30.08,False,False
2018,Wisconsin,WI,State House,84,general,Mike Kuglitsch,Republican,,,True,False
2018,Wisconsin,WI,State House,84,general,Erica Flynn,Democratic,12341.0,42.49,False,False
2018,Wisconsin,WI,State House,85,general,Patrick Snyder,Republican,,,True,False
2018,Wisconsin,WI,State House,85,general,Alyson Leahy,Democratic,11150.0,44.67,False,False
2018,Wisconsin,WI,State House,86,general,John Spiros,Republican,,,True,False
2018,Wisconsin,WI,State House,86,general,Nancy Stencil,Democratic,10575.0,36.82,False,False
2018,Wisconsin,WI,State House,86,general,Michael Tauschek,Independent,945.0,3.29,False,False
2018,Wisconsin,WI,State House,87,general,James Edming,Republican,,,True,False
2018,Wisconsin,WI,State House,87,general,Elizabeth Riley,Democratic,8027.0,33.84,False,False
2018,Wisconsin,WI,State House,88,general,John Macco,Republican,,,True,False
2018,Wisconsin,WI,State House,88,general,Tom Sieber,Democratic,12793.0,46.62,False,False
2018,Wisconsin,WI,State House,89,general,John Nygren,Republican,,,True,False
2018,Wisconsin,WI,State House,89,general,Ken Holdorf,Democratic,8461.0,33.1,False,False
2018,Wisconsin,WI,State House,90,general,Staush Gruszynski,Democratic,,,True,False
2018,Wisconsin,WI,State House,91,general,Jodi Emerson,Democratic,,,True,False
2018,Wisconsin,WI,State House,91,general,Echo Reardon,Republican,8798.0,33.39,False,False
2018,Wisconsin,WI,State House,92,general,Treig Pronschinske,Republican,,,True,False
2018,Wisconsin,WI,State House,92,general,Rob Grover,Democratic,10537.0,44.84,False,False
2018,Wisconsin,WI,State House,93,general,Warren Petryk,Republican,,,True,False
2018,Wisconsin,WI,State House,93,general,Charlene Warner,Democratic,11435.0,41.76,False,False
2018,Wisconsin,WI,State House,94,general,Steve Doyle,Democratic,,,True,False
2018,Wisconsin,WI,State House,94,general,Albert Rohland,Republican,11567.0,39.8,False,False
2018,Wisconsin,WI,State House,95,general,Jill Billings,Democratic,,,True,False
2018,Wisconsin,WI,State House,96,general,Loren Oldenburg,Republican,,,True,False
2018,Wisconsin,WI,State House,96,general,Paul Buhr,Democratic,11536.0,48.34,False,False
2018,Wisconsin,WI,State House,97,general,Scott Allen,Republican,,,True,False
2018,Wisconsin,WI,State House,98,general,Adam Neylon,Republican,,,True,False
2018,Wisconsin,WI,State House,99,general,Cindi Duchow,Republican,,,True,False
2018,Wyoming,WY,State House,1,general,Tyler Lindholm,Republican,3688.0,98.3,True,True
2018,Wyoming,WY,State House,2,general,Hans Hunt,Republican,3261.0,98.3,True,True
2018,Wyoming,WY,State House,3,general,Eric Barlow,Republican,2811.0,99.2,True,True
2018,Wyoming,WY,State House,4,general,Dan Kirkbride,Republican,3645.0,98.0,True,True
2018,Wyoming,WY,State House,5,general,Shelly Duncan,Republican,2760.0,76.7,True,False
2018,Wyoming,WY,State House,5,general,Joan Brinkley,Democratic,798.0,22.2,False,False
2018,Wyoming,WY,State House,6,general,Aaron Clausen,Republican,2942.0,99.2,True,True
2018,Wyoming,WY,State House,7,general,Sue Wilson,Republican,4283.0,98.5,True,True
2018,Wyoming,WY,State House,8,general,Bob Nicholas,Republican,2212.0,57.7,True,True
2018,Wyoming,WY,State House,8,general,Mitch Guthrie,Democratic,1609.0,42.0,False,False
2018,Wyoming,WY,State House,9,general,Landon Brown,Republican,2594.0,98.7,True,True
2018,Wyoming,WY,State House,10,general,John Eklund Jr.,Republican,3332.0,79.9,True,True
2018,Wyoming,WY,State House,10,general,Jenefer Pasqua,Democratic,825.0,19.8,False,False
2018,Wyoming,WY,State House,11,general,Jared Olsen,Republican,1275.0,53.6,True,True
2018,Wyoming,WY,State House,11,general,Calob Taylor,Democratic,1098.0,46.2,False,False
2018,Wyoming,WY,State House,12,general,Clarence Styvar,Republican,1359.0,55.9,True,False
2018,Wyoming,WY,State House,12,general,Ryan Lindsey,Democratic,1063.0,43.8,False,False
2018,Wyoming,WY,State House,13,general,Cathy Connolly,Democratic,2477.0,96.2,True,True
2018,Wyoming,WY,State House,14,general,Dan Furphy,Republican,1714.0,51.2,True,True
2018,Wyoming,WY,State House,14,general,Lorraine Saulino-Klein,Democratic,1628.0,48.7,False,False
2018,Wyoming,WY,State House,15,general,Donald Burkhart,Republican,1997.0,97.6,True,True
2018,Wyoming,WY,State House,16,general,Mike Yin,Democratic,2530.0,59.6,True,False
2018,Wyoming,WY,State House,16,general,Barbara Allen,Republican,1712.0,40.3,False,False
2018,Wyoming,WY,State House,17,general,JoAnn Dayton-Selman,Democratic,1240.0,59.3,True,True
2018,Wyoming,WY,State House,17,general,Traci Ciepiela (withdrawn),Republican,841.0,40.2,False,False
2018,Wyoming,WY,State House,18,general,Thomas Crank,Republican,3088.0,98.3,True,True
2018,Wyoming,WY,State House,19,general,Danny Eyre,Republican,2617.0,98.1,True,True
2018,Wyoming,WY,State House,20,general,Albert Sommers,Republican,2749.0,99.0,True,True
2018,Wyoming,WY,State House,21,general,Evan Simpson,Republican,3184.0,99.5,True,True
2018,Wyoming,WY,State House,22,general,Jim Roscoe,Independent,2495.0,55.6,True,False
2018,Wyoming,WY,State House,22,general,Marti Halverson,Republican,1983.0,44.2,False,True
2018,Wyoming,WY,State House,23,general,Andy Schwartz,Democratic,3358.0,62.9,True,True
2018,Wyoming,WY,State House,23,general,Alex Muromcew,Republican,1979.0,37.1,False,False
2018,Wyoming,WY,State House,24,general,Sandy Newsome,Republican,2759.0,72.1,True,False
2018,Wyoming,WY,State House,24,general,Paul Fees,Democratic,1047.0,27.4,False,False
2018,Wyoming,WY,State House,25,general,Dan Laursen,Republican,2586.0,96.0,True,True
2018,Wyoming,WY,State House,26,general,Jamie Flitner,Republican,2832.0,98.8,True,True
2018,Wyoming,WY,State House,27,general,Mike Greear,Republican,2892.0,98.3,True,True
2018,Wyoming,WY,State House,28,general,John Winter,Republican,2906.0,75.1,True,False
2018,Wyoming,WY,State House,28,general,Howie Samelson,Democratic,954.0,24.7,False,False
2018,Wyoming,WY,State House,29,general,Mark Kinner,Republican,2550.0,98.3,True,True
2018,Wyoming,WY,State House,30,general,Mark Jennings,Republican,2870.0,96.3,True,True
2018,Wyoming,WY,State House,31,general,Scott Clem,Republican,1826.0,69.0,True,True
2018,Wyoming,WY,State House,31,general,Dave Hardesty,Independent,814.0,30.8,False,False
2018,Wyoming,WY,State House,32,general,Timothy Hallinan,Republican,2223.0,67.4,True,True
2018,Wyoming,WY,State House,32,general,Chad Trebby,Independent,1070.0,32.4,False,False
2018,Wyoming,WY,State House,33,general,Andi Clifford,Democratic,1317.0,51.1,True,False
2018,Wyoming,WY,State House,33,general,Jim Allen,Republican,1259.0,48.8,False,True
2018,Wyoming,WY,State House,34,general,Tim Salazar,Republican,3105.0,98.8,True,True
2018,Wyoming,WY,State House,35,general,Joe MacGuire,Republican,3411.0,98.1,True,True
2018,Wyoming,WY,State House,36,general,Art Washut,Republican,1407.0,55.9,True,False
2018,Wyoming,WY,State House,36,general,Debbie Bovee,Democratic,1106.0,44.0,False,True
2018,Wyoming,WY,State House,37,general,Steve Harshman,Republican,3215.0,96.7,True,True
2018,Wyoming,WY,State House,38,general,Tom Walters,Republican,2656.0,97.7,True,True
2018,Wyoming,WY,State House,39,general,Stan Blake,Democratic,1823.0,95.1,True,True
2018,Wyoming,WY,State House,40,general,Richard Tass,Republican,2355.0,60.1,True,False
2018,Wyoming,WY,State House,40,general,Chris Schock,Independent,1552.0,39.6,False,False
2018,Wyoming,WY,State House,41,general,Bill Henderson,Republican,1552.0,50.7,True,True
2018,Wyoming,WY,State House,41,general,Sean Castaneda,Democratic,1507.0,49.2,False,False
2018,Wyoming,WY,State House,42,general,Jim Blackburn,Republican,2187.0,65.8,True,True
2018,Wyoming,WY,State House,42,general,Juliet Daniels,Democratic,1130.0,34.0,False,False
2018,Wyoming,WY,State House,43,general,Dan Zwonitzer,Republican,1901.0,97.1,True,True
2018,Wyoming,WY,State House,44,general,Sara Burlingame,Democratic,1058.0,51.6,True,False
2018,Wyoming,WY,State House,44,general,Paul Johnson,Republican,989.0,48.2,False,False
2018,Wyoming,WY,State House,45,general,Charles Pelkey,Democratic,1784.0,60.0,True,True
2018,Wyoming,WY,State House,45,general,Roxie Jackson Hensley,Republican,1185.0,39.8,False,False
2018,Wyoming,WY,State House,46,general,Bill Haley,Republican,2317.0,54.2,True,True
2018,Wyoming,WY,State House,46,general,Jackie Grimes,Democratic,1944.0,45.5,False,False
2018,Wyoming,WY,State House,47,general,Jerry Paxton,Republican,2912.0,98.6,True,True
2018,Wyoming,WY,State House,48,general,Clark Stith,Republican,1882.0,96.6,True,True
2018,Wyoming,WY,State House,49,general,Garry Piiparinen,Republican,2166.0,96.6,True,True
2018,Wyoming,WY,State House,50,general,David Northrup,Republican,3288.0,80.7,True,True
2018,Wyoming,WY,State House,50,general,Mike Specht,Democratic,763.0,18.7,False,False
2018,Wyoming,WY,State House,51,general,Cyrus Western,Republican,4140.0,98.2,True,False
2018,Wyoming,WY,State House,52,general,William Pownall,Republican,2060.0,96.0,True,True
2018,Wyoming,WY,State House,53,general,Roy Edwards,Republican,1793.0,97.4,True,True
2018,Wyoming,WY,State House,54,general,Lloyd Larsen,Republican,2305.0,52.6,True,True
2018,Wyoming,WY,State House,54,general,Mark Calhoun,Democratic,2073.0,47.3,False,False
2018,Wyoming,WY,State House,55,general,David Miller,Republican,1645.0,50.6,True,True
2018,Wyoming,WY,State House,55,general,Bethany Baldes,Libertarian,1592.0,49.0,False,False
2018,Wyoming,WY,State House,56,general,Jerry Obermueller,Republican,2240.0,96.2,True,True
2018,Wyoming,WY,State House,57,general,Chuck Gray,Republican,1542.0,60.6,True,True
2018,Wyoming,WY,State House,57,general,Jane Ifland,Democratic,989.0,38.9,False,False
2018,Wyoming,WY,State House,58,general,Pat Sweeney,Republican,1883.0,96.2,True,True
2018,Wyoming,WY,State House,59,general,Bunky Loucks,Republican,1700.0,66.6,True,True
2018,Wyoming,WY,State House,59,general,Laurie Longtine,Democratic,843.0,33.0,False,False
2018,Wyoming,WY,State House,60,general,John Freeman,Democratic,2208.0,95.5,True,True
