year,state,state_code,office,election,row_type,candidate,party,votes,percentage,winner,incumbent
2018,Alabama,AL,attorney general,Democratic primary results,Winning,Joseph Siegelman,Democratic,147923,54.16,True,False
2018,Alabama,AL,attorney general,Democratic primary results,Candidate,Chris Christie,Democratic,125184,45.84,False,False
2018,Alabama,AL,attorney general,Democratic primary results,Total,,,273107,100.0,False,False
2018,Alabama,AL,attorney general,Republican primary results,Winning,Steve Marshall,Republican,154500,28.34,True,True
2018,Alabama,AL,attorney general,Republican primary results,Winning,Troy King,Republican,151878,27.86,True,False
2018,Alabama,AL,attorney general,Republican primary results,Candidate,Alice Martin,Republican,126735,23.25,False,False
2018,Alabama,AL,attorney general,Republican primary results,Candidate,Chess Bedsole,Republican,112062,20.55,False,False
2018,Alabama,AL,attorney general,Republican primary results,Total,,,545175,100.0,False,False
2018,Alabama,AL,attorney general,Republican primary runoff results,Winning,Steve Marshall,Republican,211851,62.05,True,True
2018,Alabama,AL,attorney general,Republican primary runoff results,Candidate,Troy King,Republican,129594,37.95,False,False
2018,Alabama,AL,attorney general,Republican primary runoff results,Total,,,341445,100.0,False,False
2018,Alabama,AL,governor,Republican primary results,Winning,Kay Ivey,Republican,330743,56.1,True,True
2018,Alabama,AL,governor,Republican primary results,Candidate,Tommy Battle,Republican,146887,24.92,False,False
2018,Alabama,AL,governor,Republican primary results,Candidate,Scott Dawson,Republican,79302,13.45,False,False
2018,Alabama,AL,governor,Republican primary results,Candidate,Bill Hightower,Republican,29275,4.97,False,False
2018,Alabama,AL,governor,Republican primary results,Candidate,Michael McAllister (deceased),Republican,3326,0.56,False,False
2018,Alabama,AL,governor,Republican primary results,Total,,,589533,100.0,False,False
2018,Alabama,AL,governor,Democratic primary results,Winning,Walt Maddox,Democratic,154559,54.6,True,False
2018,Alabama,AL,governor,Democratic primary results,Candidate,Sue Bell Cobb,Democratic,82043,28.98,False,False
2018,Alabama,AL,governor,Democratic primary results,Candidate,James Fields,Democratic,22635,8.0,False,False
2018,Alabama,AL,governor,Democratic primary results,Candidate,Anthony White,Democratic,9677,3.42,False,False
2018,Alabama,AL,governor,Democratic primary results,Candidate,"Doug ""New Blue"" Smith",Democratic,9244,3.27,False,False
2018,Alabama,AL,governor,Democratic primary results,Candidate,Christopher Countryman,Democratic,4923,1.74,False,False
2018,Alabama,AL,governor,Democratic primary results,Total,,,283081,100.0,False,False
2018,Alaska,AK,governor,Democratic–Libertarian–Independence primary results,Winning,Mark Begich,Democratic,33451,85.3,True,False
2018,Alaska,AK,governor,Democratic–Libertarian–Independence primary results,Winning,William Toien,Libertarian,5790,14.8,True,False
2018,Alaska,AK,governor,Democratic–Libertarian–Independence primary results,Total,,,39241,100.0,False,False
2018,Alaska,AK,governor,Democratic–Libertarian–Independence primary results,Winning,Debra Call,Democratic,34291,100.0,True,False
2018,Alaska,AK,governor,Republican primary results,Winning,Mike Dunleavy,Republican,43802,61.5,True,False
2018,Alaska,AK,governor,Republican primary results,Candidate,Mead Treadwell,Republican,22780,32.0,False,False
2018,Alaska,AK,governor,Republican primary results,Candidate,Michael Sheldon,Republican,1640,2.3,False,False
2018,Alaska,AK,governor,Republican primary results,Candidate,Merica Hlatcu,Republican,1064,1.5,False,False
2018,Alaska,AK,governor,Republican primary results,Candidate,Thomas Gordon,Republican,884,1.4,False,False
2018,Alaska,AK,governor,Republican primary results,Candidate,Gerald Heikes,Republican,499,0.7,False,False
2018,Alaska,AK,governor,Republican primary results,Candidate,Darin Colbry,Republican,416,0.6,False,False
2018,Alaska,AK,governor,Republican primary results,Total,,,71195,100.0,False,False
2018,Alaska,AK,governor,Republican primary results,Winning,Kevin Meyer,Republican,23838,35.8,True,False
2018,Alaska,AK,governor,Republican primary results,Candidate,Edie Grunwald,Republican,18097,27.1,False,False
2018,Alaska,AK,governor,Republican primary results,Candidate,Gary Stevens,Republican,8123,12.2,False,False
2018,Alaska,AK,governor,Republican primary results,Candidate,Lynn Gattis,Republican,6156,10.4,False,False
2018,Alaska,AK,governor,Republican primary results,Candidate,Sharon Jackson,Republican,5394,8.1,False,False
2018,Alaska,AK,governor,Republican primary results,Candidate,Stephen Wright,Republican,4321,6.5,False,False
2018,Arizona,AZ,attorney general,Republican primary results,Winning,Mark Brnovich,Republican,561370,100.0,True,True
2018,Arizona,AZ,attorney general,Republican primary results,Total,,,561370,100.0,False,False
2018,Arizona,AZ,attorney general,Democratic primary results,Winning,January Contreras,Democratic,464510,100.0,True,False
2018,Arizona,AZ,attorney general,Democratic primary results,Total,,,464510,100.0,False,False
2018,Arizona,AZ,attorney general,Libertarian primary results,Winning,Michael Kielsky (write-in),Libertarian,2156,100.0,True,False
2018,Arizona,AZ,attorney general,Libertarian primary results,Total,,,2144,100.0,False,False
2018,Arizona,AZ,governor,Republican primary results,Winning,Doug Ducey,Republican,463672,70.7,True,True
2018,Arizona,AZ,governor,Republican primary results,Candidate,Ken Bennett,Republican,191775,29.3,False,False
2018,Arizona,AZ,governor,Republican primary results,Candidate,Robert Weber (write-in),Republican,91,0.0,False,False
2018,Arizona,AZ,governor,Republican primary results,Total,,,655538,100.0,False,False
2018,Arizona,AZ,governor,Democratic primary results,Winning,David Garcia,Democratic,255555,50.6,True,False
2018,Arizona,AZ,governor,Democratic primary results,Candidate,Steve Farley,Democratic,163072,32.3,False,False
2018,Arizona,AZ,governor,Democratic primary results,Candidate,Kelly Fryer,Democratic,86810,17.2,False,False
2018,Arizona,AZ,governor,Democratic primary results,Candidate,Mirza Fareed Baig (write-in),Democratic,44,0.0,False,False
2018,Arizona,AZ,governor,Democratic primary results,Total,,,505481,100.0,False,False
2018,Arizona,AZ,governor,Green primary results,Winning,Angel Torres (write-in),Green,357,76.3,True,False
2018,Arizona,AZ,governor,Green primary results,Candidate,Noah Dyer (write-in),Green,111,23.7,False,False
2018,Arizona,AZ,governor,Green primary results,Total,,,468,100.0,False,False
2018,Arkansas,AR,governor,Republican primary results,Winning,Asa Hutchinson,Republican,145251,69.7,True,True
2018,Arkansas,AR,governor,Republican primary results,Candidate,Jan Morgan,Republican,63009,30.3,False,False
2018,Arkansas,AR,governor,Republican primary results,Total,,,208260,100.0,False,False
2018,Arkansas,AR,governor,Democratic primary results,Winning,Jared Henderson,Democratic,68340,63.4,True,False
2018,Arkansas,AR,governor,Democratic primary results,Candidate,Leticia Sanders,Democratic,39382,36.6,False,False
2018,Arkansas,AR,governor,Democratic primary results,Total,,,107722,100.0,False,False
2018,California,CA,attorney general,Nonpartisan blanket primary results,Winning,Xavier Becerra,Democratic,3024611,45.82,True,True
2018,California,CA,attorney general,Nonpartisan blanket primary results,Winning,Steven Bailey,Republican,1615859,24.48,True,False
2018,California,CA,attorney general,Nonpartisan blanket primary results,Candidate,Dave Jones,Democratic,1017427,15.41,False,False
2018,California,CA,attorney general,Nonpartisan blanket primary results,Candidate,Eric Early,Republican,943071,14.29,False,False
2018,California,CA,attorney general,Nonpartisan blanket primary results,Total,,,6600968,100.0,False,False
2018,California,CA,governor,Non-partisan blanket primary results,Winning,Gavin Newsom,Democratic,2343792,33.7,True,False
2018,California,CA,governor,Non-partisan blanket primary results,Winning,John H. Cox,Republican,1766488,25.4,True,False
2018,California,CA,governor,Non-partisan blanket primary results,Candidate,Antonio Villaraigosa,Democratic,926394,13.3,False,False
2018,California,CA,governor,Non-partisan blanket primary results,Candidate,Travis Allen,Republican,658798,9.5,False,False
2018,California,CA,governor,Non-partisan blanket primary results,Candidate,John Chiang,Democratic,655920,9.4,False,False
2018,California,CA,governor,Non-partisan blanket primary results,Candidate,Delaine Eastin,Democratic,234869,3.4,False,False
2018,California,CA,governor,Non-partisan blanket primary results,Candidate,Amanda Renteria,Democratic,93446,1.3,False,False
2018,California,CA,governor,Non-partisan blanket primary results,Candidate,Robert C. Newman II,Republican,44674,0.6,False,False
2018,California,CA,governor,Non-partisan blanket primary results,Candidate,Michael Shellenberger,Democratic,31692,0.5,False,False
2018,California,CA,governor,Non-partisan blanket primary results,Candidate,Peter Y. Liu,Republican,27336,0.4,False,False
2018,California,CA,governor,Non-partisan blanket primary results,Candidate,Yvonne Girard,Republican,21840,0.3,False,False
2018,California,CA,governor,Non-partisan blanket primary results,Candidate,Gloria La Riva,Freedom,19075,0.3,False,False
2018,California,CA,governor,Non-partisan blanket primary results,Candidate,J. Bribiesca,Democratic,18586,0.3,False,False
2018,California,CA,governor,Non-partisan blanket primary results,Candidate,Josh Jones,Green,16131,0.2,False,False
2018,California,CA,governor,Non-partisan blanket primary results,Candidate,Zoltan Istvan,Libertarian,14462,0.2,False,False
2018,California,CA,governor,Non-partisan blanket primary results,Candidate,Albert Caesar Mezzetti,Democratic,12026,0.2,False,False
2018,California,CA,governor,Non-partisan blanket primary results,Candidate,Nickolas Wildstar,Libertarian,11566,0.2,False,False
2018,California,CA,governor,Non-partisan blanket primary results,Candidate,Robert Davidson Griffis,Democratic,11103,0.2,False,False
2018,California,CA,governor,Non-partisan blanket primary results,Candidate,Akinyemi Agbede,Democratic,9380,0.1,False,False
2018,California,CA,governor,Non-partisan blanket primary results,Candidate,Thomas Jefferson Cares,Democratic,8937,0.1,False,False
2018,California,CA,governor,Non-partisan blanket primary results,Candidate,Christopher N. Carlson,Green,7302,0.1,False,False
2018,California,CA,governor,Non-partisan blanket primary results,Candidate,Klement Tinaj,Democratic,5368,0.1,False,False
2018,California,CA,governor,Non-partisan blanket primary results,Candidate,"Hakan ""Hawk"" Mikado",No party preference,5346,0.1,False,False
2018,California,CA,governor,Non-partisan blanket primary results,Candidate,Johnny Wattenburg,No party preference,4973,0.1,False,False
2018,California,CA,governor,Non-partisan blanket primary results,Candidate,Desmond Silveira,No party preference,4633,0.1,False,False
2018,California,CA,governor,Non-partisan blanket primary results,Candidate,Shubham Goel,No party preference,4020,0.1,False,False
2018,California,CA,governor,Non-partisan blanket primary results,Candidate,Jeffrey Edward Taylor,No party preference,3973,0.1,False,False
2018,California,CA,governor,Non-partisan blanket primary results,Candidate,Veronika Fimbres (write-in),Green,62,0.0,False,False
2018,California,CA,governor,Non-partisan blanket primary results,Candidate,Arman Soltani (write-in),No party preference,32,0.0,False,False
2018,California,CA,governor,Non-partisan blanket primary results,Candidate,Peter Crawford Valentino (write-in),No party preference,21,0.0,False,False
2018,California,CA,governor,Non-partisan blanket primary results,Candidate,K. Pearce (write-in),Republican,8,0.0,False,False
2018,California,CA,governor,Non-partisan blanket primary results,Candidate,Armando M. Arreola (write-in),No party preference,1,0.0,False,False
2018,California,CA,governor,Non-partisan blanket primary results,Total,,,6962254,100.0,False,False
2018,Colorado,CO,attorney general,Republican primary results,Winning,George Brauchler,Republican,414532,100.0,True,False
2018,Colorado,CO,attorney general,Republican primary results,Total,,,414532,100.0,False,False
2018,Colorado,CO,attorney general,Democratic primary results,Winning,Phil Weiser,Democratic,298048,50.43,True,False
2018,Colorado,CO,attorney general,Democratic primary results,Candidate,Joe Salazar,Democratic,292912,49.57,False,False
2018,Colorado,CO,attorney general,Democratic primary results,Total,,,590960,100.0,False,False
2018,Colorado,CO,governor,Democratic primary results,Winning,Jared Polis,Democratic,282725,44.46,True,False
2018,Colorado,CO,governor,Democratic primary results,Candidate,Cary Kennedy,Democratic,157098,24.71,False,False
2018,Colorado,CO,governor,Democratic primary results,Candidate,Mike Johnston,Democratic,149717,23.55,False,False
2018,Colorado,CO,governor,Democratic primary results,Candidate,Donna Lynne,Democratic,46316,7.28,False,False
2018,Colorado,CO,governor,Democratic primary results,Total,,,635856,100.0,False,False
2018,Colorado,CO,governor,Republican primary results,Winning,Walker Stapleton,Republican,239415,47.66,True,False
2018,Colorado,CO,governor,Republican primary results,Candidate,Victor Mitchell,Republican,151365,30.13,False,False
2018,Colorado,CO,governor,Republican primary results,Candidate,Greg Lopez,Republican,66330,13.2,False,False
2018,Colorado,CO,governor,Republican primary results,Candidate,Doug Robinson,Republican,45245,9.01,False,False
2018,Colorado,CO,governor,Republican primary results,Total,,,502355,100.0,False,False
2018,Connecticut,CT,attorney general,Democratic primary results,Winning,William Tong,Democratic,119574,57.43,True,False
2018,Connecticut,CT,attorney general,Democratic primary results,Candidate,Chris Mattei,Democratic,53822,25.85,False,False
2018,Connecticut,CT,attorney general,Democratic primary results,Candidate,Paul Doyle,Democratic,34822,16.72,False,False
2018,Connecticut,CT,attorney general,Democratic primary results,Total,,,208218,100.0,False,False
2018,Connecticut,CT,attorney general,Republican primary results,Winning,Susan Hatfield,Republican,106076,79.33,True,False
2018,Connecticut,CT,attorney general,Republican primary results,Candidate,John Shaban,Republican,27639,20.67,False,False
2018,Connecticut,CT,attorney general,Republican primary results,Total,,,133715,100.0,False,False
2018,Connecticut,CT,governor,Democratic primary results,Winning,Ned Lamont,Democratic,172024,81.2,True,False
2018,Connecticut,CT,governor,Democratic primary results,Candidate,Joe Ganim,Democratic,39913,18.8,False,False
2018,Connecticut,CT,governor,Democratic primary results,Total,,,211937,100.0,False,False
2018,Connecticut,CT,governor,Democratic primary results,Winning,Susan Bysiewicz,Democratic,129928,62.2,True,False
2018,Connecticut,CT,governor,Democratic primary results,Candidate,Eva Bermúdez Zimmerman,Democratic,79021,37.8,False,False
2018,Connecticut,CT,governor,Republican primary results,Winning,Bob Stefanowski,Republican,42119,29.4,True,False
2018,Connecticut,CT,governor,Republican primary results,Candidate,Mark D. Boughton,Republican,30505,21.3,False,False
2018,Connecticut,CT,governor,Republican primary results,Candidate,David Stemerman,Republican,26276,18.3,False,False
2018,Connecticut,CT,governor,Republican primary results,Candidate,Tim Herbst,Republican,25144,17.6,False,False
2018,Connecticut,CT,governor,Republican primary results,Candidate,Steve Obsitnik,Republican,19151,13.4,False,False
2018,Connecticut,CT,governor,Republican primary results,Total,,,143195,100.0,False,False
2018,Connecticut,CT,governor,Republican primary results,Winning,Joe Markley,Republican,65702,47.6,True,False
2018,Connecticut,CT,governor,Republican primary results,Candidate,Erin Stewart,Republican,45262,32.8,False,False
2018,Connecticut,CT,governor,Republican primary results,Candidate,Jayme Stevenson,Republican,27139,19.7,False,False
2018,Delaware,DE,attorney general,Democratic primary results,Winning,Kathy Jennings,Democratic,46038,56.6,True,False
2018,Delaware,DE,attorney general,Democratic primary results,Candidate,LaKresha Roberts,Democratic,17584,21.6,False,False
2018,Delaware,DE,attorney general,Democratic primary results,Candidate,Chris Johnson,Democratic,12194,15.0,False,False
2018,Delaware,DE,attorney general,Democratic primary results,Candidate,Tim Mullaney,Democratic,5513,6.8,False,False
2018,Delaware,DE,attorney general,Democratic primary results,Total,,,81329,100.0,False,False
2018,Florida,FL,attorney general,Republican primary results,Winning,Ashley B. Moody,Republican,882028,56.8,True,False
2018,Florida,FL,attorney general,Republican primary results,Candidate,Frank White,Republican,670823,43.2,False,False
2018,Florida,FL,attorney general,Republican primary results,Total,,,1552851,100.0,False,False
2018,Florida,FL,attorney general,Democratic primary results,Winning,Sean Shaw,Democratic,1031640,73.8,True,False
2018,Florida,FL,attorney general,Democratic primary results,Candidate,Ryan Torrens,Democratic,367053,26.2,False,False
2018,Florida,FL,attorney general,Democratic primary results,Total,,,1398693,100.0,False,False
2018,Florida,FL,governor,Republican primary results,Winning,Ron DeSantis,Republican,916298,56.5,True,False
2018,Florida,FL,governor,Republican primary results,Candidate,Adam Putnam,Republican,592518,36.5,False,False
2018,Florida,FL,governor,Republican primary results,Candidate,Bob White,Republican,32710,2.0,False,False
2018,Florida,FL,governor,Republican primary results,Candidate,Timothy M. Devine,Republican,21380,1.3,False,False
2018,Florida,FL,governor,Republican primary results,Candidate,Bob Langford,Republican,19842,1.2,False,False
2018,Florida,FL,governor,Republican primary results,Candidate,Bruce Nathan,Republican,14556,0.9,False,False
2018,Florida,FL,governor,Republican primary results,Candidate,Don Baldauf,Republican,13173,0.8,False,False
2018,Florida,FL,governor,Republican primary results,Candidate,John Joseph Mercadante,Republican,11647,0.7,False,False
2018,Florida,FL,governor,Republican primary results,Total,,,1622124,100.0,False,False
2018,Florida,FL,governor,Democratic primary results,Winning,Andrew Gillum,Democratic,517417,34.3,True,False
2018,Florida,FL,governor,Democratic primary results,Candidate,Gwen Graham,Democratic,472735,31.3,False,False
2018,Florida,FL,governor,Democratic primary results,Candidate,Philip Levine,Democratic,306450,20.3,False,False
2018,Florida,FL,governor,Democratic primary results,Candidate,Jeff Greene,Democratic,151935,10.1,False,False
2018,Florida,FL,governor,Democratic primary results,Candidate,Chris King,Democratic,37464,2.5,False,False
2018,Florida,FL,governor,Democratic primary results,Candidate,John Wetherbee,Democratic,14355,1.0,False,False
2018,Florida,FL,governor,Democratic primary results,Candidate,"Alex ""Lundy"" Lundmark",Democratic,8628,0.6,False,False
2018,Florida,FL,governor,Democratic primary results,Total,,,1508984,100.0,False,False
2018,Georgia,GA,attorney general,Republican primary results,Winning,Chris Carr,Republican,475122,100.0,True,True
2018,Georgia,GA,attorney general,Republican primary results,Total,,,475122,100.0,False,False
2018,Georgia,GA,attorney general,Democratic primary results,Winning,Charlie Bailey,Democratic,456105,100.0,True,False
2018,Georgia,GA,attorney general,Democratic primary results,Total,,,456105,100.0,False,False
2018,Georgia,GA,governor,Republican primary results,Winning,Casey Cagle,Republican,236987,38.95,True,False
2018,Georgia,GA,governor,Republican primary results,Winning,Brian Kemp,Republican,155189,25.51,True,False
2018,Georgia,GA,governor,Republican primary results,Candidate,Hunter Hill,Republican,111464,18.32,False,False
2018,Georgia,GA,governor,Republican primary results,Candidate,Clay Tippins,Republican,74182,12.19,False,False
2018,Georgia,GA,governor,Republican primary results,Candidate,Michael Williams,Republican,29619,4.87,False,False
2018,Georgia,GA,governor,Republican primary results,Candidate,Eddie Hayes,Republican,939,0.15,False,False
2018,Georgia,GA,governor,Republican primary results,Total,,,608380,100.0,False,False
2018,Georgia,GA,governor,Republican primary runoff results,Winning,Brian Kemp,Republican,408595,69.45,True,False
2018,Georgia,GA,governor,Republican primary runoff results,Candidate,Casey Cagle,Republican,179712,30.55,False,False
2018,Georgia,GA,governor,Republican primary runoff results,Total,,,588307,100.0,False,False
2018,Georgia,GA,governor,Democratic primary results,Winning,Stacey Abrams,Democratic,424305,76.44,True,False
2018,Georgia,GA,governor,Democratic primary results,Candidate,Stacey Evans,Democratic,130784,23.56,False,False
2018,Georgia,GA,governor,Democratic primary results,Total,,,555089,100.0,False,False
2018,Guamanian,GU,governor,Republican primary results,Winning,Ray Tenorio,Republican,3148,97.98,True,False
2018,Guamanian,GU,governor,Republican primary results,Candidate,Write-ins,Republican,65,2.02,False,False
2018,Guamanian,GU,governor,Republican primary results,Total,,,3213,100.0,False,False
2018,Guamanian,GU,governor,Democratic primary results,Winning,Lou Leon Guerrero,Democratic,8218,32.14,True,False
2018,Guamanian,GU,governor,Democratic primary results,Candidate,Frank B. Aguon Jr.,Democratic,7958,31.12,False,False
2018,Guamanian,GU,governor,Democratic primary results,Candidate,Carl T.C. Gutierrez,Democratic,5609,21.94,False,False
2018,Guamanian,GU,governor,Democratic primary results,Candidate,Dennis Rodriguez Jr.,Democratic,3761,14.71,False,False
2018,Guamanian,GU,governor,Democratic primary results,Candidate,Write-ins,Democratic,22,0.09,False,False
2018,Guamanian,GU,governor,Democratic primary results,Total,,,25568,100.0,False,False
2018,Hawaii,HI,governor,Democratic primary results,Winning,David Ige,Democratic,124572,51.4,True,True
2018,Hawaii,HI,governor,Democratic primary results,Candidate,Colleen Hanabusa,Democratic,107631,44.4,False,False
2018,Hawaii,HI,governor,Democratic primary results,Candidate,Ernest Caravalho,Democratic,5662,2.3,False,False
2018,Hawaii,HI,governor,Democratic primary results,Candidate,Wendell Ka'ehu'ae'a,Democratic,2298,0.9,False,False
2018,Hawaii,HI,governor,Democratic primary results,Candidate,Richard Kim,Democratic,1576,0.6,False,False
2018,Hawaii,HI,governor,Democratic primary results,Candidate,Van Tanabe,Democratic,775,0.3,False,False
2018,Hawaii,HI,governor,Democratic primary results,Total,,,242514,100.0,False,False
2018,Hawaii,HI,governor,Democratic primary results,Winning,Josh Green,Democratic,74845,31.4,True,False
2018,Hawaii,HI,governor,Democratic primary results,Candidate,Jill Tokuda,Democratic,68124,28.6,False,False
2018,Hawaii,HI,governor,Democratic primary results,Candidate,Bernard Carvalho,Democratic,45825,19.2,False,False
2018,Hawaii,HI,governor,Democratic primary results,Candidate,Kim Coco Iwamoto,Democratic,34243,14.3,False,False
2018,Hawaii,HI,governor,Democratic primary results,Candidate,Will Espero,Democratic,15463,6.5,False,False
2018,Hawaii,HI,governor,Republican primary results,Winning,Andria Tupola,Republican,17297,55.5,True,False
2018,Hawaii,HI,governor,Republican primary results,Candidate,John Carroll,Republican,10974,35.2,False,False
2018,Hawaii,HI,governor,Republican primary results,Candidate,Ray L'Heureux,Republican,2885,9.3,False,False
2018,Hawaii,HI,governor,Republican primary results,Total,,,31156,100.0,False,False
2018,Hawaii,HI,governor,Republican primary results,Winning,Marissa Dipasupil Kerns,Republican,9758,35.4,True,False
2018,Hawaii,HI,governor,Republican primary results,Candidate,Steve Lipscomb,Republican,9543,34.7,False,False
2018,Hawaii,HI,governor,Republican primary results,Candidate,Jeremy Low,Republican,8232,29.9,False,False
2018,Hawaii,HI,governor,Green primary results,Winning,Jim Brewer,Green,454,100.0,True,False
2018,Hawaii,HI,governor,Green primary results,Total,,,454,100.0,False,False
2018,Hawaii,HI,governor,Green primary results,Winning,Renee Ing,Green,444,100.0,True,False
2018,Hawaii,HI,governor,Nonpartisan primary results,Winning,Terrence Teruya,Nonpartisan Politician,543,47.7,True,False
2018,Hawaii,HI,governor,Nonpartisan primary results,Candidate,Selina Blackwell,Nonpartisan Politician,497,43.7,False,False
2018,Hawaii,HI,governor,Nonpartisan primary results,Candidate,Link El,Nonpartisan Politician,98,8.6,False,False
2018,Hawaii,HI,governor,Nonpartisan primary results,Total,,,1138,100.0,False,False
2018,Hawaii,HI,governor,Nonpartisan primary results,Winning,Paul Robotti,Nonpartisan Politician,536,50.6,True,False
2018,Hawaii,HI,governor,Nonpartisan primary results,Candidate,Ernest Magaoay,Nonpartisan Politician,523,49.4,False,False
2018,Idaho,ID,governor,Republican primary,Winning,Brad Little,Republican,72518,37.3,True,False
2018,Idaho,ID,governor,Republican primary,Candidate,Raúl Labrador,Republican,63460,32.6,False,False
2018,Idaho,ID,governor,Republican primary,Candidate,Tommy Ahlquist,Republican,50977,26.2,False,False
2018,Idaho,ID,governor,Republican primary,Candidate,Lisa Marie,Republican,3390,1.7,False,False
2018,Idaho,ID,governor,Republican primary,Candidate,Steve Pankey,Republican,2701,1.4,False,False
2018,Idaho,ID,governor,Republican primary,Candidate,Harley Brown,Republican,874,0.4,False,False
2018,Idaho,ID,governor,Republican primary,Candidate,Dalton Cannady,Republican,528,0.3,False,False
2018,Idaho,ID,governor,Republican primary,Total,,,194448,100.0,False,False
2018,Idaho,ID,governor,Democratic primary,Winning,Paulette Jordan,Democratic,38483,58.4,True,False
2018,Idaho,ID,governor,Democratic primary,Candidate,A.J. Balukoff,Democratic,26403,40.1,False,False
2018,Idaho,ID,governor,Democratic primary,Candidate,Peter Dill,Democratic,964,1.5,False,False
2018,Idaho,ID,governor,Democratic primary,Total,,,65850,100.0,False,False
2018,Illinois,IL,attorney general,"Democratic primary results, March 20, 2018",Winning,Kwame Raoul,Democratic,390472,30.17,True,False
2018,Illinois,IL,attorney general,"Democratic primary results, March 20, 2018",Candidate,Pat Quinn,Democratic,352425,27.23,False,False
2018,Illinois,IL,attorney general,"Democratic primary results, March 20, 2018",Candidate,Sharon Fairley,Democratic,164304,12.7,False,False
2018,Illinois,IL,attorney general,"Democratic primary results, March 20, 2018",Candidate,Nancy Rotering,Democratic,123446,9.54,False,False
2018,Illinois,IL,attorney general,"Democratic primary results, March 20, 2018",Candidate,Scott Drury,Democratic,102193,7.9,False,False
2018,Illinois,IL,attorney general,"Democratic primary results, March 20, 2018",Candidate,Jesse Ruiz,Democratic,70158,5.42,False,False
2018,Illinois,IL,attorney general,"Democratic primary results, March 20, 2018",Candidate,Renato Mariotti,Democratic,51902,4.01,False,False
2018,Illinois,IL,attorney general,"Democratic primary results, March 20, 2018",Candidate,Aaron Goldstein,Democratic,39196,3.03,False,False
2018,Illinois,IL,attorney general,"Democratic primary results, March 20, 2018",Total,,,1294096,100.0,False,False
2018,Illinois,IL,attorney general,"Republican primary results, March 20, 2018",Winning,Erika Harold,Republican,389197,59.16,True,False
2018,Illinois,IL,attorney general,"Republican primary results, March 20, 2018",Candidate,Gary Grasso,Republican,268688,40.84,False,False
2018,Illinois,IL,attorney general,"Republican primary results, March 20, 2018",Total,,,657885,100.0,False,False
2018,Illinois,IL,governor,Republican primary results,Winning,Bruce Rauner,Republican,372124,51.53,True,True
2018,Illinois,IL,governor,Republican primary results,Candidate,Jeanne Ives,Republican,350038,48.47,False,False
2018,Illinois,IL,governor,Republican primary results,Total,,,744248,100.0,False,False
2018,Illinois,IL,governor,Democratic primary results,Winning,JB Pritzker,Democratic,597756,45.13,True,False
2018,Illinois,IL,governor,Democratic primary results,Candidate,Daniel Biss,Democratic,353625,26.7,False,False
2018,Illinois,IL,governor,Democratic primary results,Candidate,Chris Kennedy,Democratic,322730,24.37,False,False
2018,Illinois,IL,governor,Democratic primary results,Candidate,Tio Hardiman,Democratic,21075,1.59,False,False
2018,Illinois,IL,governor,Democratic primary results,Candidate,Bob Daiber,Democratic,15009,1.13,False,False
2018,Illinois,IL,governor,Democratic primary results,Candidate,Robert Marshall,Democratic,14353,1.08,False,False
2018,Illinois,IL,governor,Democratic primary results,Total,,,1324548,100.0,False,False
2018,Iowa,IA,attorney general,Democratic primary results,Winning,Tom Miller,Democratic,157483,99.7,True,True
2018,Iowa,IA,attorney general,Democratic primary results,Candidate,Write-ins,Democratic,546,0.3,False,False
2018,Iowa,IA,attorney general,Democratic primary results,Total,,,158029,100.0,False,False
2018,Iowa,IA,governor,Republican primary results,Winning,Kim Reynolds,Republican,94118,98.63,True,True
2018,Iowa,IA,governor,Republican primary results,Candidate,Write-ins,Republican,1307,1.37,False,False
2018,Iowa,IA,governor,Republican primary results,Total,,,95425,100.0,False,False
2018,Iowa,IA,governor,Democratic primary results,Winning,Fred Hubbell,Democratic,99245,55.41,True,False
2018,Iowa,IA,governor,Democratic primary results,Candidate,Cathy Glasson,Democratic,36815,20.55,False,False
2018,Iowa,IA,governor,Democratic primary results,Candidate,John Norris,Democratic,20498,11.44,False,False
2018,Iowa,IA,governor,Democratic primary results,Candidate,Andy McGuire,Democratic,9404,5.25,False,False
2018,Iowa,IA,governor,Democratic primary results,Candidate,Nate Boulton (withdrawn),Democratic,9082,5.07,False,False
2018,Iowa,IA,governor,Democratic primary results,Candidate,Ross Wilburn,Democratic,3880,2.17,False,False
2018,Iowa,IA,governor,Democratic primary results,Candidate,Write-ins,Democratic,200,0.01,False,False
2018,Iowa,IA,governor,Democratic primary results,Total,,,179124,100.0,False,False
2018,Iowa,IA,governor,Libertarian primary results,Winning,Jake Porter,Libertarian,991,53.92,True,False
2018,Iowa,IA,governor,Libertarian primary results,Candidate,Marco Battaglia,Libertarian,705,38.36,False,False
2018,Iowa,IA,governor,Libertarian primary results,Candidate,Write-ins,Libertarian,142,7.73,False,False
2018,Iowa,IA,governor,Libertarian primary results,Total,,,1838,100.0,False,False
2018,Kansas,KS,governor,Republican primary results,Winning,Kris Kobach,Republican,128838,40.62,True,False
2018,Kansas,KS,governor,Republican primary results,Candidate,Jeff Colyer,Republican,128488,40.51,False,True
2018,Kansas,KS,governor,Republican primary results,Candidate,Jim Barnett,Republican,27993,8.83,False,False
2018,Kansas,KS,governor,Republican primary results,Candidate,Ken Selzer,Republican,24807,7.82,False,False
2018,Kansas,KS,governor,Republican primary results,Candidate,Patrick Kucera,Republican,3212,1.01,False,False
2018,Kansas,KS,governor,Republican primary results,Candidate,Tyler Ruzich,Republican,2276,0.72,False,False
2018,Kansas,KS,governor,Republican primary results,Candidate,Joseph Tutera Jr.,Republican,1559,0.49,False,False
2018,Kansas,KS,governor,Republican primary results,Total,,,317173,100.0,False,False
2018,Kansas,KS,governor,Democratic primary results,Winning,Laura Kelly,Democratic,78746,51.5,True,False
2018,Kansas,KS,governor,Democratic primary results,Candidate,Carl Brewer,Democratic,30693,20.1,False,False
2018,Kansas,KS,governor,Democratic primary results,Candidate,Josh Svaty,Democratic,26722,17.5,False,False
2018,Kansas,KS,governor,Democratic primary results,Candidate,Arden Andersen,Democratic,12845,8.4,False,False
2018,Kansas,KS,governor,Democratic primary results,Candidate,Jack Bergeson,Democratic,3850,2.5,False,False
2018,Kansas,KS,governor,Democratic primary results,Total,,,152856,100.0,False,False
2018,Maine,ME,governor,Republican primary results,Winning,Shawn Moody,Republican,53436,52.6,True,False
2018,Maine,ME,governor,Republican primary results,Candidate,Garrett Mason,Republican,21571,21.2,False,False
2018,Maine,ME,governor,Republican primary results,Candidate,Mary Mayhew,Republican,14034,13.8,False,False
2018,Maine,ME,governor,Republican primary results,Candidate,Blank ballots,Republican,7203,7.1,False,False
2018,Maine,ME,governor,Republican primary results,Candidate,Ken Fredette,Republican,5341,5.3,False,False
2018,Maine,ME,governor,Republican primary results,Total,,,101585,100.0,False,False
2018,Maryland,MD,attorney general,Democratic primary results,Winning,Brian Frosh,Democratic,505897,100.0,True,True
2018,Maryland,MD,attorney general,Republican primary results,Winning,Craig Wolf,Republican,175429,100.0,True,False
2018,Maryland,MD,governor,Republican primary results,Winning,Larry Hogan,Republican,210935,100.0,True,True
2018,Maryland,MD,governor,Republican primary results,Total,,,210935,100.0,False,False
2018,Maryland,MD,governor,Democratic primary results,Winning,Ben Jealous,Democratic,231895,39.6,True,False
2018,Maryland,MD,governor,Democratic primary results,Candidate,Rushern Baker,Democratic,171696,29.3,False,False
2018,Maryland,MD,governor,Democratic primary results,Candidate,Jim Shea,Democratic,48647,8.3,False,False
2018,Maryland,MD,governor,Democratic primary results,Candidate,Krish O'Mara Vignarajah,Democratic,48041,8.2,False,False
2018,Maryland,MD,governor,Democratic primary results,Candidate,Richard Madaleno,Democratic,34184,5.8,False,False
2018,Maryland,MD,governor,Democratic primary results,Candidate,Kevin Kamenetz/Valerie Ervin,Democratic,18851,3.2,False,False
2018,Maryland,MD,governor,Democratic primary results,Candidate,Alec Ross,Democratic,13780,2.4,False,False
2018,Maryland,MD,governor,Democratic primary results,Candidate,Ralph Jaffe,Democratic,9405,1.6,False,False
2018,Maryland,MD,governor,Democratic primary results,Candidate,James Jones,Democratic,9188,1.6,False,False
2018,Maryland,MD,governor,Democratic primary results,Total,,,585687,100.0,False,False
2018,Massachusetts,MA,governor,"Republican convention vote, April 28",Winning,Charlie Baker,Republican,1577,69.8,True,True
2018,Massachusetts,MA,governor,"Republican convention vote, April 28",Candidate,Scott Lively,Republican,626,27.7,False,False
2018,Massachusetts,MA,governor,"Republican convention vote, April 28",Candidate,Other,Republican,57,2.5,False,False
2018,Massachusetts,MA,governor,"Republican convention vote, April 28",Total,,,2260,100.0,False,False
2018,Massachusetts,MA,governor,"Republican primary, September 4",Winning,Charlie Baker,Republican,174126,63.78,True,True
2018,Massachusetts,MA,governor,"Republican primary, September 4",Candidate,Scott Lively,Republican,98421,36.05,False,False
2018,Massachusetts,MA,governor,"Republican primary, September 4",Candidate,All others,Republican,464,0.17,False,False
2018,Massachusetts,MA,governor,"Republican primary, September 4",Total,,,273011,100.0,False,False
2018,Massachusetts,MA,governor,Republican primary results,Winning,Karyn Polito,Republican,204914,98.8,True,True
2018,Massachusetts,MA,governor,Republican primary results,Candidate,All others,Republican,2571,1.2,False,False
2018,Massachusetts,MA,governor,Republican primary results,Total,,,207485,100.0,False,False
2018,Massachusetts,MA,governor,Democratic primary results,Winning,Jay Gonzalez,Democratic,348434,63.17,True,False
2018,Massachusetts,MA,governor,Democratic primary results,Candidate,Bob Massie,Democratic,192404,34.88,False,False
2018,Massachusetts,MA,governor,Democratic primary results,Candidate,All others,N/a,10742,1.95,False,False
2018,Massachusetts,MA,governor,Democratic primary results,Total,,,551580,100.0,False,False
2018,Massachusetts,MA,governor,Democratic primary results,Winning,Quentin Palfrey,Democratic,307240,58.5,True,False
2018,Massachusetts,MA,governor,Democratic primary results,Candidate,Jimmy Tingle,Democratic,214204,40.8,False,False
2018,Michigan,MI,governor,Republican primary results,Winning,Bill Schuette,Republican,501959,50.7,True,False
2018,Michigan,MI,governor,Republican primary results,Candidate,Brian Calley,Republican,249185,25.2,False,False
2018,Michigan,MI,governor,Republican primary results,Candidate,Patrick Colbeck,Republican,129646,13.1,False,False
2018,Michigan,MI,governor,Republican primary results,Candidate,Jim Hines,Republican,108735,11.0,False,False
2018,Michigan,MI,governor,Republican primary results,Total,,,989525,100.0,False,False
2018,Michigan,MI,governor,Democratic primary results,Winning,Gretchen Whitmer,Democratic,588436,52.0,True,False
2018,Michigan,MI,governor,Democratic primary results,Candidate,Abdul El-Sayed,Democratic,342179,30.2,False,False
2018,Michigan,MI,governor,Democratic primary results,Candidate,Shri Thanedar,Democratic,200645,17.7,False,False
2018,Michigan,MI,governor,Democratic primary results,Total,,,1131447,100.0,False,False
2018,Michigan,MI,governor,Libertarian primary results,Winning,Bill Gelineau,Libertarian,4034,57.8,True,False
2018,Michigan,MI,governor,Libertarian primary results,Candidate,John Tatar,Libertarian,2941,42.2,False,False
2018,Michigan,MI,governor,Libertarian primary results,Total,,,6975,100.0,False,False
2018,Minnesota,MN,attorney general,Democratic primary election results,Winning,Keith Ellison,Minnesota Democratic–farmer–labor,281142,49.8,True,False
2018,Minnesota,MN,attorney general,Democratic primary election results,Candidate,Debra Hilstrom,Minnesota Democratic–farmer–labor,108048,19.2,False,False
2018,Minnesota,MN,attorney general,Democratic primary election results,Candidate,Tom Foley,Minnesota Democratic–farmer–labor,70786,12.5,False,False
2018,Minnesota,MN,attorney general,Democratic primary election results,Candidate,Matt Pelikan,Minnesota Democratic–farmer–labor,59876,10.6,False,False
2018,Minnesota,MN,attorney general,Democratic primary election results,Candidate,Mike Rothman,Minnesota Democratic–farmer–labor,44522,7.9,False,False
2018,Minnesota,MN,attorney general,Democratic primary election results,Total,,,564374,100.0,False,False
2018,Minnesota,MN,attorney general,Republican primary election results,Winning,Doug Wardlow,Republican,135971,46.3,True,False
2018,Minnesota,MN,attorney general,Republican primary election results,Candidate,Sharon Anderson,Republican,94245,32.0,False,False
2018,Minnesota,MN,attorney general,Republican primary election results,Candidate,Bob Lessard,Republican,63722,21.7,False,False
2018,Minnesota,MN,attorney general,Republican primary election results,Total,,,293398,100.0,False,False
2018,Minnesota,MN,governor,Minnesota Democratic–Farmer–Labor Party primary results,Winning,Tim Walz,Minnesota Democratic–farmer–labor,242832,41.6,True,False
2018,Minnesota,MN,governor,Minnesota Democratic–Farmer–Labor Party primary results,Candidate,Erin Murphy,Minnesota Democratic–farmer–labor,186969,32.03,False,False
2018,Minnesota,MN,governor,Minnesota Democratic–Farmer–Labor Party primary results,Candidate,Lori Swanson,Minnesota Democratic–farmer–labor,143517,24.59,False,False
2018,Minnesota,MN,governor,Minnesota Democratic–Farmer–Labor Party primary results,Candidate,Tim Holden,Minnesota Democratic–farmer–labor,6398,1.1,False,False
2018,Minnesota,MN,governor,Minnesota Democratic–Farmer–Labor Party primary results,Candidate,Olé Savior,Minnesota Democratic–farmer–labor,4019,0.69,False,False
2018,Minnesota,MN,governor,Minnesota Democratic–Farmer–Labor Party primary results,Total,,,583735,100.0,False,False
2018,Minnesota,MN,governor,Republican Party of Minnesota primary results,Winning,Jeff Johnson,Republican,168841,52.61,True,False
2018,Minnesota,MN,governor,Republican Party of Minnesota primary results,Candidate,Tim Pawlenty,Republican,140743,43.86,False,False
2018,Minnesota,MN,governor,Republican Party of Minnesota primary results,Candidate,Mathew Kruse,Republican,11330,3.53,False,False
2018,Minnesota,MN,governor,Republican Party of Minnesota primary results,Total,,,320914,100.0,False,False
2018,Nebraska,NE,governor,Republican primary results,Winning,Pete Ricketts (inc.),Republican,138292,81.42,True,False
2018,Nebraska,NE,governor,Republican primary results,Candidate,Krystal Gabel,Republican,31568,18.58,False,False
2018,Nebraska,NE,governor,Republican primary results,Total,,,169860,100.0,False,False
2018,Nebraska,NE,governor,Democratic primary results,Winning,Bob Krist,Democratic,54992,59.81,True,False
2018,Nebraska,NE,governor,Democratic primary results,Candidate,Vanessa Gayle Ward,Democratic,26478,28.8,False,False
2018,Nebraska,NE,governor,Democratic primary results,Candidate,Tyler A. Davis,Democratic,10472,11.39,False,False
2018,Nebraska,NE,governor,Democratic primary results,Total,,,91942,100.0,False,False
2018,Nevada,NV,attorney general,Republican primary results,Winning,Wesley Duncan,Republican,82453,59.78,True,False
2018,Nevada,NV,attorney general,Republican primary results,Candidate,Craig Mueller,Republican,43361,31.44,False,False
2018,Nevada,NV,attorney general,Republican primary results,Total,,,137920,100.0,False,False
2018,Nevada,NV,attorney general,Democratic primary results,Winning,Aaron Ford,Democratic,94699,68.01,True,False
2018,Nevada,NV,attorney general,Democratic primary results,Candidate,Stuart MacKie,Democratic,26619,19.12,False,False
2018,Nevada,NV,attorney general,Democratic primary results,Total,,,139249,100.0,False,False
2018,Nevada,NV,governor,Republican primary results,Winning,Adam Laxalt,Republican,101651,71.49,True,False
2018,Nevada,NV,governor,Republican primary results,Candidate,Dan Schwartz,Republican,12919,9.09,False,False
2018,Nevada,NV,governor,Republican primary results,Candidate,Jared Fisher,Republican,6696,4.71,False,False
2018,Nevada,NV,governor,Republican primary results,Candidate,Stephanie Carlisle,Republican,6401,4.5,False,False
2018,Nevada,NV,governor,Republican primary results,Candidate,None of These Candidates,,6136,4.32,False,False
2018,Nevada,NV,governor,Republican primary results,Candidate,William Boyd,Republican,6028,4.24,False,False
2018,Nevada,NV,governor,Republican primary results,Candidate,Stan Lusak,Republican,1011,0.71,False,False
2018,Nevada,NV,governor,Republican primary results,Candidate,Frederick Conquest,Republican,766,0.54,False,False
2018,Nevada,NV,governor,Republican primary results,Candidate,Edward Dundas,Republican,576,0.41,False,False
2018,Nevada,NV,governor,Republican primary results,Total,,,142184,100.0,False,False
2018,Nevada,NV,governor,Democratic primary results,Winning,Steve Sisolak,Democratic,72749,50.03,True,False
2018,Nevada,NV,governor,Democratic primary results,Candidate,Chris Giunchigliani,Democratic,56511,38.86,False,False
2018,Nevada,NV,governor,Democratic primary results,Candidate,None of These Candidates,,5069,3.49,False,False
2018,Nevada,NV,governor,Democratic primary results,Candidate,John Bonaventura,Democratic,4351,2.99,False,False
2018,Nevada,NV,governor,Democratic primary results,Candidate,Henry Thorns,Democratic,2761,1.9,False,False
2018,Nevada,NV,governor,Democratic primary results,Candidate,David Jones,Democratic,2511,1.73,False,False
2018,Nevada,NV,governor,Democratic primary results,Candidate,Asheesh Dewan,Democratic,1468,1.01,False,False
2018,Nevada,NV,governor,Democratic primary results,Total,,,145420,100.0,False,False
2018,New Hampshire,NH,governor,Republican primary results,Winning,Chris Sununu,Republican,91025,98.3,True,True
2018,New Hampshire,NH,governor,Republican primary results,Candidate,Molly Kelly (write-in),Democratic,577,0.6,False,False
2018,New Hampshire,NH,governor,Republican primary results,Candidate,Steve Marchand (write-in),Democratic,160,0.2,False,False
2018,New Hampshire,NH,governor,Republican primary results,Candidate,Jiletta Jarvis (write-in),Libertarian,90,0.0,False,False
2018,New Hampshire,NH,governor,Republican primary results,Candidate,Aaron Day (write-in),Libertarian,39,0.0,False,False
2018,New Hampshire,NH,governor,Republican primary results,Write-in,Scattering,Scattering,692,0.7,False,False
2018,New Hampshire,NH,governor,Republican primary results,Total,,,92583,100.0,False,False
2018,New Hampshire,NH,governor,Democratic primary results,Winning,Molly Kelly,Democratic,80598,65.5,True,False
2018,New Hampshire,NH,governor,Democratic primary results,Candidate,Steve Marchand,Democratic,41612,33.8,False,False
2018,New Hampshire,NH,governor,Democratic primary results,Candidate,Chris Sununu (write-in),Republican,563,0.5,False,True
2018,New Hampshire,NH,governor,Democratic primary results,Candidate,Jiletta Jarvis (write-in),Libertarian,17,0.0,False,False
2018,New Hampshire,NH,governor,Democratic primary results,Candidate,Aaron Day (write-in),Libertarian,8,0.0,False,False
2018,New Hampshire,NH,governor,Democratic primary results,Write-in,Scattering,Scattering,167,0.1,False,False
2018,New Hampshire,NH,governor,Democratic primary results,Total,,,122965,100.0,False,False
2018,New Hampshire,NH,governor,Libertarian Primary results,Winning,Jilletta Jarvis,Libertarian,576,51.9,True,False
2018,New Hampshire,NH,governor,Libertarian Primary results,Candidate,Aaron Day,Libertarian,487,43.9,False,False
2018,New Hampshire,NH,governor,Libertarian Primary results,Candidate,Chris Sununu (write-in),Republican,21,1.9,False,True
2018,New Hampshire,NH,governor,Libertarian Primary results,Candidate,Molly Kelly (write-in),Democratic,9,0.8,False,False
2018,New Hampshire,NH,governor,Libertarian Primary results,Candidate,Steve Marchand (write-in),Democratic,6,0.5,False,False
2018,New Hampshire,NH,governor,Libertarian Primary results,Write-in,Scattering,Scattering,11,1.0,False,False
2018,New Hampshire,NH,governor,Libertarian Primary results,Total,,,1110,100.0,False,False
2018,New Mexico,NM,governor,Republican primary results,Winning,Steve Pearce,Republican,75162,100.0,True,False
2018,New Mexico,NM,governor,Republican primary results,Total,,,75162,100.0,False,False
2018,New Mexico,NM,governor,Republican primary results,Winning,Michelle Garcia Holmes,Republican,67681,100.0,True,False
2018,New Mexico,NM,governor,Democratic primary results,Winning,Michelle Lujan Grisham,Democratic,116754,66.38,True,False
2018,New Mexico,NM,governor,Democratic primary results,Candidate,Jeff Apodaca,Democratic,38975,22.16,False,False
2018,New Mexico,NM,governor,Democratic primary results,Candidate,Joe Cervantes,Democratic,20169,11.47,False,False
2018,New Mexico,NM,governor,Democratic primary results,Total,,,175898,100.0,False,False
2018,New Mexico,NM,governor,Democratic primary results,Winning,Howie Morales,Democratic,75828,47.1,True,False
2018,New Mexico,NM,governor,Democratic primary results,Candidate,Rick Miera,Democratic,51202,31.81,False,False
2018,New Mexico,NM,governor,Democratic primary results,Candidate,Billy Garrett,Democratic,33949,21.09,False,False
2018,New Mexico,NM,governor,Libertarian primary results,Winning,Bob Walsh (write-in),Libertarian,175,100.0,True,False
2018,New Mexico,NM,governor,Libertarian primary results,Total,,,175,100.0,False,False
2018,New Mexico,NM,governor,Libertarian primary results,Winning,Robin Dunn (write-in),Libertarian,177,100.0,True,False
2018,New York,NY,attorney general,Democratic primary results,Winning,Letitia James,Democratic,608308,38.53,True,False
2018,New York,NY,attorney general,Democratic primary results,Candidate,Zephyr Teachout,Democratic,468083,29.65,False,False
2018,New York,NY,attorney general,Democratic primary results,Candidate,Sean Patrick Maloney,Democratic,379099,24.02,False,False
2018,New York,NY,attorney general,Democratic primary results,Candidate,Leecia Eve,Democratic,52367,3.32,False,False
2018,New York,NY,attorney general,Democratic primary results,Total,,,1578588,100.0,False,False
2018,New York,NY,governor,2018 Democratic primary results,Winning,Andrew Cuomo,Democratic,1021160,65.53,True,True
2018,New York,NY,governor,2018 Democratic primary results,Candidate,Cynthia Nixon,Democratic,537192,34.47,False,False
2018,New York,NY,governor,2018 Democratic primary results,Total,,,1558352,100.0,False,False
2018,New York,NY,governor,2018 Democratic primary results,Winning,Kathy Hochul,Democratic,733591,53.3,True,True
2018,New York,NY,governor,2018 Democratic primary results,Candidate,Jumaane Williams,Democratic,641633,46.7,False,False
2018,Ohio,OH,attorney general,Republican primary results,Winning,Dave Yost,Republican,642717,100.0,True,False
2018,Ohio,OH,attorney general,Republican primary results,Total,,,642717,100.0,False,False
2018,Ohio,OH,attorney general,Democratic primary results,Winning,Steve Dettelbach,Democratic,510741,100.0,True,False
2018,Ohio,OH,attorney general,Democratic primary results,Total,,,510741,100.0,False,False
2018,Ohio,OH,governor,Republican primary results,Winning,Mike DeWine,Republican,499639,59.84,True,False
2018,Ohio,OH,governor,Republican primary results,Candidate,Mary Taylor,Republican,335328,40.16,False,False
2018,Ohio,OH,governor,Republican primary results,Total,,,834967,100.0,False,False
2018,Ohio,OH,governor,Democratic primary results,Winning,Richard Cordray,Democratic,428159,62.16,True,False
2018,Ohio,OH,governor,Democratic primary results,Candidate,Dennis Kucinich,Democratic,158284,22.98,False,False
2018,Ohio,OH,governor,Democratic primary results,Candidate,Joe Schiavoni,Democratic,63131,9.17,False,False
2018,Ohio,OH,governor,Democratic primary results,Candidate,Bill O'Neill,Democratic,22667,3.29,False,False
2018,Ohio,OH,governor,Democratic primary results,Candidate,Paul Ray,Democratic,9536,1.38,False,False
2018,Ohio,OH,governor,Democratic primary results,Candidate,Larry Ealy,Democratic,7011,1.02,False,False
2018,Ohio,OH,governor,Democratic primary results,Total,,,688788,100.0,False,False
2018,Oklahoma,OK,governor,Republican primary results,Winning,Mick Cornett,Republican,132806,29.3,True,False
2018,Oklahoma,OK,governor,Republican primary results,Winning,Kevin Stitt,Republican,110479,24.4,True,False
2018,Oklahoma,OK,governor,Republican primary results,Candidate,Todd Lamb,Republican,107985,23.9,False,False
2018,Oklahoma,OK,governor,Republican primary results,Candidate,Dan Fisher,Republican,35818,7.9,False,False
2018,Oklahoma,OK,governor,Republican primary results,Candidate,Gary Jones,Republican,25243,5.6,False,False
2018,Oklahoma,OK,governor,Republican primary results,Candidate,Gary Richardson,Republican,18185,4.0,False,False
2018,Oklahoma,OK,governor,Republican primary results,Candidate,Blake Stephens,Republican,12211,2.7,False,False
2018,Oklahoma,OK,governor,Republican primary results,Candidate,Christopher Barnett,Republican,5240,1.2,False,False
2018,Oklahoma,OK,governor,Republican primary results,Candidate,Barry Gowdy,Republican,2347,0.5,False,False
2018,Oklahoma,OK,governor,Republican primary results,Candidate,Eric Foutch,Republican,2292,0.5,False,False
2018,Oklahoma,OK,governor,Republican primary results,Total,,,452606,100.0,False,False
2018,Oklahoma,OK,governor,Republican primary runoff results,Winning,Kevin Stitt,Republican,164892,54.56,True,False
2018,Oklahoma,OK,governor,Republican primary runoff results,Candidate,Mick Cornett,Republican,137316,45.44,False,False
2018,Oklahoma,OK,governor,Republican primary runoff results,Total,,,302208,100.0,False,False
2018,Oklahoma,OK,governor,Democratic primary results,Winning,Drew Edmondson,Democratic,242764,61.4,True,False
2018,Oklahoma,OK,governor,Democratic primary results,Candidate,Connie Johnson,Democratic,152730,38.6,False,False
2018,Oklahoma,OK,governor,Democratic primary results,Total,,,395494,100.0,False,False
2018,Oklahoma,OK,governor,Libertarian primary results,Winning,Chris Powell,Libertarian,1740,48.9,True,False
2018,Oklahoma,OK,governor,Libertarian primary results,Winning,Rex L. Lawhorn,Libertarian,1154,32.4,True,False
2018,Oklahoma,OK,governor,Libertarian primary results,Candidate,Joe Exotic,Libertarian,664,18.7,False,False
2018,Oklahoma,OK,governor,Libertarian primary results,Total,,,3558,100.0,False,False
2018,Oklahoma,OK,governor,Libertarian primary runoff results,Winning,Chris Powell,Libertarian,547,59.1,True,False
2018,Oklahoma,OK,governor,Libertarian primary runoff results,Candidate,Rex L. Lawhorn,Libertarian,379,40.9,False,False
2018,Oklahoma,OK,governor,Libertarian primary runoff results,Total,,,926,100.0,False,False
2018,Oregon,OR,governor,Democratic primary results,Winning,Kate Brown,Democratic,324541,81.9,True,True
2018,Oregon,OR,governor,Democratic primary results,Candidate,Ed Jones,Democratic,33464,8.4,False,False
2018,Oregon,OR,governor,Democratic primary results,Candidate,Candace Neville,Democratic,29110,7.4,False,False
2018,Oregon,OR,governor,Democratic primary results,Candidate,Write-ins,Democratic,8912,2.3,False,False
2018,Oregon,OR,governor,Democratic primary results,Total,,,396027,100.0,False,False
2018,Oregon,OR,governor,Republican primary results,Winning,Knute Buehler,Republican,144103,45.9,True,False
2018,Oregon,OR,governor,Republican primary results,Candidate,Sam Carpenter,Republican,90572,28.8,False,False
2018,Oregon,OR,governor,Republican primary results,Candidate,Greg C. Wooldridge,Republican,63049,20.1,False,False
2018,Oregon,OR,governor,Republican primary results,Candidate,Bruce Cuff,Republican,4857,1.5,False,False
2018,Oregon,OR,governor,Republican primary results,Candidate,Jeff Smith,Republican,4691,1.5,False,False
2018,Oregon,OR,governor,Republican primary results,Candidate,David Stauffer,Republican,2096,0.7,False,False
2018,Oregon,OR,governor,Republican primary results,Candidate,Write-ins,Republican,1701,0.5,False,False
2018,Oregon,OR,governor,Republican primary results,Candidate,Jonathan Edwards III,Republican,861,0.3,False,False
2018,Oregon,OR,governor,Republican primary results,Candidate,Keenan Bohach,Republican,787,0.3,False,False
2018,Oregon,OR,governor,Republican primary results,Candidate,Brett Hyland,Republican,755,0.2,False,False
2018,Oregon,OR,governor,Republican primary results,Candidate,Jack W. Tacy,Republican,512,0.2,False,False
2018,Oregon,OR,governor,Republican primary results,Total,,,313984,100.0,False,False
2018,Oregon,OR,governor,Independent primary results,Winning,Patrick Starnes,Independent,6030,25.4,True,False
2018,Oregon,OR,governor,Independent primary results,Candidate,Write-ins,Independent,13497,56.8,False,False
2018,Oregon,OR,governor,Independent primary results,Candidate,Skye J. Allen,Independent,2405,10.6,False,False
2018,Oregon,OR,governor,Independent primary results,Candidate,Dan Pistoresi,Independent,1846,7.8,False,False
2018,Oregon,OR,governor,Independent primary results,Total,,,23778,100.0,False,False
2018,Pennsylvania,PA,governor,Democratic primary results,Winning,Tom Wolf,Democratic,741676,100.0,True,True
2018,Pennsylvania,PA,governor,Democratic primary results,Total,,,741676,100.0,False,False
2018,Pennsylvania,PA,governor,Democratic primary,Winning,John Fetterman,Democratic,288229,38.0,True,False
2018,Pennsylvania,PA,governor,Democratic primary,Candidate,Nina Ahmad,Democratic,182309,23.8,False,False
2018,Pennsylvania,PA,governor,Democratic primary,Candidate,Kathi Cozzone,Democratic,142410,18.6,False,False
2018,Pennsylvania,PA,governor,Democratic primary,Candidate,Mike Stack,Democratic,127259,16.6,False,True
2018,Pennsylvania,PA,governor,Democratic primary,Candidate,Ray Sosa,Democratic,27427,3.6,False,False
2018,Pennsylvania,PA,governor,Democratic primary,Total,,,767634,100.0,False,False
2018,Pennsylvania,PA,governor,Republican primary,Winning,Scott Wagner,Republican,324013,44.3,True,False
2018,Pennsylvania,PA,governor,Republican primary,Candidate,Paul Mango,Republican,270014,36.9,False,False
2018,Pennsylvania,PA,governor,Republican primary,Candidate,Laura Ellsworth,Republican,137650,18.8,False,False
2018,Pennsylvania,PA,governor,Republican primary,Total,,,731677,100.0,False,False
2018,Pennsylvania,PA,governor,Republican primary,Winning,Jeff Bartos,Republican,317619,46.8,True,False
2018,Pennsylvania,PA,governor,Republican primary,Candidate,Kathy Coder,Republican,147805,21.8,False,False
2018,Pennsylvania,PA,governor,Republican primary,Candidate,Diana Irey Vaughan,Republican,119400,17.6,False,False
2018,Pennsylvania,PA,governor,Republican primary,Candidate,Peg Luksik,Republican,93667,13.8,False,False
2018,Rhode Island,RI,governor,Democratic primary results,Winning,Gina Raimondo,Democratic,66978,57.1,True,True
2018,Rhode Island,RI,governor,Democratic primary results,Candidate,Matt Brown,Democratic,39300,33.5,False,False
2018,Rhode Island,RI,governor,Democratic primary results,Candidate,Spencer Dickinson,Democratic,10926,9.3,False,False
2018,Rhode Island,RI,governor,Democratic primary results,Total,,,117204,100.0,False,False
2018,Rhode Island,RI,governor,Republican primary results,Winning,Allan Fung,Republican,18577,56.4,True,False
2018,Rhode Island,RI,governor,Republican primary results,Candidate,Patricia Morgan,Republican,13208,40.1,False,False
2018,Rhode Island,RI,governor,Republican primary results,Candidate,Giovanni Feroce,Republican,1147,3.5,False,False
2018,Rhode Island,RI,governor,Republican primary results,Total,,,32932,100.0,False,False
2018,South Carolina,SC,governor,Republican primary results,Winning,Henry McMaster,Republican,155723,42.32,True,True
2018,South Carolina,SC,governor,Republican primary results,Winning,John Warren,Republican,102390,27.82,True,False
2018,South Carolina,SC,governor,Republican primary results,Candidate,Catherine Templeton,Republican,78705,21.39,False,False
2018,South Carolina,SC,governor,Republican primary results,Candidate,Kevin Bryant,Republican,24790,6.74,False,False
2018,South Carolina,SC,governor,Republican primary results,Candidate,Yancey McGill,Republican,6375,1.73,False,False
2018,South Carolina,SC,governor,Republican primary results,Total,,,367983,100.0,False,False
2018,South Carolina,SC,governor,Republican primary runoff results,Winning,Henry McMaster,Republican,184286,53.63,True,True
2018,South Carolina,SC,governor,Republican primary runoff results,Candidate,John Warren,Republican,159349,46.37,False,False
2018,South Carolina,SC,governor,Republican primary runoff results,Total,,,343635,100.0,False,False
2018,South Carolina,SC,governor,Democratic primary results,Winning,James Smith,Democratic,148633,61.81,True,False
2018,South Carolina,SC,governor,Democratic primary results,Candidate,Marguerite Willis,Democratic,66248,27.55,False,False
2018,South Carolina,SC,governor,Democratic primary results,Candidate,Phil Noble,Democratic,25587,10.64,False,False
2018,South Carolina,SC,governor,Democratic primary results,Total,,,240468,100.0,False,False
2018,South Dakota,SD,governor,Republican primary results,Winning,Kristi Noem,Republican,57437,56.0,True,False
2018,South Dakota,SD,governor,Republican primary results,Candidate,Marty Jackley,Republican,45069,44.0,False,False
2018,South Dakota,SD,governor,Republican primary results,Total,,,102506,100.0,False,False
2018,Tennessee,TN,governor,Republican primary results,Winning,Bill Lee,Republican,291414,36.75,True,False
2018,Tennessee,TN,governor,Republican primary results,Candidate,Randy Boyd,Republican,193054,24.35,False,False
2018,Tennessee,TN,governor,Republican primary results,Candidate,Diane Black,Republican,182457,23.01,False,False
2018,Tennessee,TN,governor,Republican primary results,Candidate,Beth Harwell,Republican,121484,15.32,False,False
2018,Tennessee,TN,governor,Republican primary results,Candidate,Kay White,Republican,3215,0.41,False,False
2018,Tennessee,TN,governor,Republican primary results,Candidate,Basil Marceaux,Republican,1264,0.16,False,False
2018,Tennessee,TN,governor,Republican primary results,Total,,,792888,100.0,False,False
2018,Tennessee,TN,governor,Democratic primary results,Winning,Karl Dean,Democratic,280553,75.14,True,False
2018,Tennessee,TN,governor,Democratic primary results,Candidate,Craig Fitzhugh,Democratic,72553,23.42,False,False
2018,Tennessee,TN,governor,Democratic primary results,Candidate,Mezianne Vale Payne,Democratic,20284,5.44,False,False
2018,Tennessee,TN,governor,Democratic primary results,Total,,,373390,100.0,False,False
2018,Texas,TX,attorney general,Republican primary results,Winning,Ken Paxton,Republican,1312172,100.0,True,True
2018,Texas,TX,attorney general,Republican primary results,Total,,,1312172,100.0,False,False
2018,Texas,TX,attorney general,Democratic primary results,Winning,Justin Nelson,Democratic,884376,100.0,True,False
2018,Texas,TX,attorney general,Democratic primary results,Total,,,884376,100.0,False,False
2018,Texas,TX,governor,Republican primary results,Winning,Greg Abbott,Republican,1392310,90.38,True,True
2018,Texas,TX,governor,Republican primary results,Candidate,Barbara Krueger,Republican,127549,8.28,False,False
2018,Texas,TX,governor,Republican primary results,Candidate,Larry Kilgore,Republican,20504,1.33,False,False
2018,Texas,TX,governor,Republican primary results,Total,,,1540363,100.0,False,False
2018,Texas,TX,governor,Democratic primary results,Winning,Lupe Valdez,Democratic,436666,42.89,True,False
2018,Texas,TX,governor,Democratic primary results,Winning,Andrew White,Democratic,278708,27.37,True,False
2018,Texas,TX,governor,Democratic primary results,Candidate,Cedric Davis Sr.,Democratic,83938,8.24,False,False
2018,Texas,TX,governor,Democratic primary results,Candidate,Grady Yarbrough,Democratic,54660,5.36,False,False
2018,Texas,TX,governor,Democratic primary results,Candidate,Jeffrey Payne,Democratic,48407,4.75,False,False
2018,Texas,TX,governor,Democratic primary results,Candidate,Adrian Ocegueda,Democratic,44825,4.4,False,False
2018,Texas,TX,governor,Democratic primary results,Candidate,Tom Wakely,Democratic,34889,3.42,False,False
2018,Texas,TX,governor,Democratic primary results,Candidate,James Clark,Democratic,21945,2.15,False,False
2018,Texas,TX,governor,Democratic primary results,Candidate,Joe Mumbach,Democratic,13921,1.36,False,False
2018,Texas,TX,governor,Democratic primary results,Total,,,1017959,100.0,False,False
2018,Texas,TX,governor,Democratic primary runoff results,Winning,Lupe Valdez,Democratic,227577,53.1,True,False
2018,Texas,TX,governor,Democratic primary runoff results,Candidate,Andrew White,Democratic,201356,46.9,False,False
2018,Texas,TX,governor,Democratic primary runoff results,Total,,,432180,100.0,False,False
2018,Vermont,VT,governor,Republican primary results,Winning,Phil Scott,Republican,24042,66.67,True,True
2018,Vermont,VT,governor,Republican primary results,Candidate,Keith Stern,Republican,11617,32.22,False,False
2018,Vermont,VT,governor,Republican primary results,Candidate,Write-ins,Republican,401,1.11,False,False
2018,Vermont,VT,governor,Republican primary results,Candidate,Blank votes,Republican,700,,False,False
2018,Vermont,VT,governor,Republican primary results,Candidate,Overvotes,Republican,20,,False,False
2018,Vermont,VT,governor,Republican primary results,Total,,,36060,100.0,False,False
2018,Vermont,VT,governor,Democratic primary results,Winning,Christine Hallquist,Democratic,27622,45.07,True,False
2018,Vermont,VT,governor,Democratic primary results,Candidate,James Ehlers,Democratic,12668,20.67,False,False
2018,Vermont,VT,governor,Democratic primary results,Candidate,Brenda Siegel,Democratic,12260,20.01,False,False
2018,Vermont,VT,governor,Democratic primary results,Candidate,Ethan Sonneborn,Democratic,4696,7.66,False,False
2018,Vermont,VT,governor,Democratic primary results,Candidate,John S. Rodgers (write-in),Democratic,950,1.55,False,False
2018,Vermont,VT,governor,Democratic primary results,Candidate,Write-ins (other),Democratic,3074,5.02,False,False
2018,Vermont,VT,governor,Democratic primary results,Candidate,Blank votes,Democratic,7997,,False,False
2018,Vermont,VT,governor,Democratic primary results,Candidate,Overvotes,Democratic,68,,False,False
2018,Vermont,VT,governor,Democratic primary results,Total,,,61279,100.0,False,False
2018,Vermont,VT,governor,Vermont Progressive Party primary results,Candidate,Brenda Siegel (write-in),Progressive,35,8.75,False,False
2018,Vermont,VT,governor,Vermont Progressive Party primary results,Candidate,Write-ins (other),Progressive,365,91.2,False,False
2018,Vermont,VT,governor,Vermont Progressive Party primary results,Candidate,Blank votes,Progressive,199,,False,False
2018,Vermont,VT,governor,Vermont Progressive Party primary results,Total,,,400,100.0,False,False
2018,Wisconsin,WI,attorney general,Republican primary results,Winning,Brad Schimel,Republican,394799,99.77,True,True
2018,Wisconsin,WI,attorney general,Republican primary results,Candidate,Write-in,Republican,896,0.23,False,False
2018,Wisconsin,WI,attorney general,Republican primary results,Total,,,395695,100.0,False,False
2018,Wisconsin,WI,attorney general,Democratic primary results,Winning,Josh Kaul,Democratic,432954,99.65,True,False
2018,Wisconsin,WI,attorney general,Democratic primary results,Candidate,Write-in,Democratic,1509,0.35,False,False
2018,Wisconsin,WI,attorney general,Democratic primary results,Total,,,434463,100.0,False,False
2018,Wisconsin,WI,attorney general,Constitution primary results,Winning,Terry Larson,Constitution,354,100.0,True,False
2018,Wisconsin,WI,attorney general,Constitution primary results,Total,,,354,100.0,False,False
2018,Wisconsin,WI,governor,Republican gubernatorial primary results,Winning,Scott Walker,Republican,417276,91.54,True,True
2018,Wisconsin,WI,governor,Republican gubernatorial primary results,Candidate,Robert Meyer,Republican,38269,8.4,False,False
2018,Wisconsin,WI,governor,Republican gubernatorial primary results,Candidate,Ryan Carson (write-in),Republican,11,0.0,False,False
2018,Wisconsin,WI,governor,Republican gubernatorial primary results,Candidate,Adams Nicholas Paul (write-in),Republican,7,0.0,False,False
2018,Wisconsin,WI,governor,Republican gubernatorial primary results,Write-in,,,267,0.06,False,False
2018,Wisconsin,WI,governor,Republican gubernatorial primary results,Total,,,455830,100.0,False,False
2018,Wisconsin,WI,governor,Republican lieutenant gubernatorial primary results,Winning,Rebecca Kleefisch,Republican,407420,99.73,True,True
2018,Wisconsin,WI,governor,Republican lieutenant gubernatorial primary results,Write-in,,,1092,0.27,False,False
2018,Wisconsin,WI,governor,Republican lieutenant gubernatorial primary results,Total,,,408512,100.0,False,False
2018,Wisconsin,WI,governor,Democratic gubernatorial primary results,Winning,Tony Evers,Democratic,225082,41.77,True,False
2018,Wisconsin,WI,governor,Democratic gubernatorial primary results,Candidate,Mahlon Mitchell,Democratic,87926,16.32,False,False
2018,Wisconsin,WI,governor,Democratic gubernatorial primary results,Candidate,Kelda Helen Roys,Democratic,69086,12.82,False,False
2018,Wisconsin,WI,governor,Democratic gubernatorial primary results,Candidate,Kathleen Vinehout,Democratic,44168,8.2,False,False
2018,Wisconsin,WI,governor,Democratic gubernatorial primary results,Candidate,Mike McCabe,Democratic,39885,7.4,False,False
2018,Wisconsin,WI,governor,Democratic gubernatorial primary results,Candidate,Matt Flynn,Democratic,31580,5.86,False,False
2018,Wisconsin,WI,governor,Democratic gubernatorial primary results,Candidate,Paul Soglin,Democratic,28158,5.23,False,False
2018,Wisconsin,WI,governor,Democratic gubernatorial primary results,Candidate,Andy Gronik (withdrawn),Democratic,6627,1.23,False,False
2018,Wisconsin,WI,governor,Democratic gubernatorial primary results,Candidate,Dana Wachs (withdrawn),Democratic,4216,0.78,False,False
2018,Wisconsin,WI,governor,Democratic gubernatorial primary results,Candidate,Josh Pade,Democratic,1908,0.35,False,False
2018,Wisconsin,WI,governor,Democratic gubernatorial primary results,Write-in,,,221,0.11,False,False
2018,Wisconsin,WI,governor,Democratic gubernatorial primary results,Total,,,538857,100.0,False,False
2018,Wisconsin,WI,governor,Democratic lieutenant gubernatorial primary results,Winning,Mandela Barnes,Democratic,326855,67.86,True,False
2018,Wisconsin,WI,governor,Democratic lieutenant gubernatorial primary results,Candidate,Kurt J. Kober,Democratic,153994,31.97,False,False
2018,Wisconsin,WI,governor,Democratic lieutenant gubernatorial primary results,Candidate,Corban Gehler (write-in),Democratic,12,0.0,False,False
2018,Wisconsin,WI,governor,Democratic lieutenant gubernatorial primary results,Candidate,William Henry Davis III (write-in),Democratic,8,0.0,False,False
2018,Wisconsin,WI,governor,Democratic lieutenant gubernatorial primary results,Candidate,Scattering,Democratic,775,0.16,False,False
2018,Wisconsin,WI,governor,Democratic lieutenant gubernatorial primary results,Total,,,481644,100.0,False,False
2018,Wisconsin,WI,governor,Libertarian gubernatorial primary results,Winning,Philip Anderson,Libertarian,1673,98.35,True,False
2018,Wisconsin,WI,governor,Libertarian gubernatorial primary results,Write-in,,,28,1.65,False,False
2018,Wisconsin,WI,governor,Libertarian gubernatorial primary results,Total,,,1701,100.0,False,False
2018,Wisconsin,WI,governor,Libertarian lieutenant gubernatorial primary results,Winning,Patrick Baird,Libertarian,1636,98.85,True,False
2018,Wisconsin,WI,governor,Libertarian lieutenant gubernatorial primary results,Write-in,,,19,1.15,False,False
2018,Wisconsin,WI,governor,Libertarian lieutenant gubernatorial primary results,Total,,,1655,100.0,False,False
2018,Wisconsin,WI,governor,Green gubernatorial primary results,Winning,Michael J. White,Green,817,95.78,True,False
2018,Wisconsin,WI,governor,Green gubernatorial primary results,Write-in,,,36,4.22,False,False
2018,Wisconsin,WI,governor,Green gubernatorial primary results,Total,,,853,100.0,False,False
2018,Wisconsin,WI,governor,Green primary results,Winning,Tiffany Anderson,Green,793,98.02,True,False
2018,Wisconsin,WI,governor,Green primary results,Write-in,,,16,1.98,False,False
2018,Wisconsin,WI,governor,Green primary results,Total,,,809,100.0,False,False
2018,Wyoming,WY,governor,Republican primary results,Winning,Mark Gordon,Republican,38951,33.0,True,False
2018,Wyoming,WY,governor,Republican primary results,Candidate,Foster Friess,Republican,29842,25.3,False,False
2018,Wyoming,WY,governor,Republican primary results,Candidate,Harriet Hageman,Republican,25052,21.2,False,False
2018,Wyoming,WY,governor,Republican primary results,Candidate,Sam Galeotos,Republican,14554,12.3,False,False
2018,Wyoming,WY,governor,Republican primary results,Candidate,Taylor Haynes,Republican,6511,5.5,False,False
2018,Wyoming,WY,governor,Republican primary results,Candidate,Bill Dahlin,Republican,1763,1.5,False,False
2018,Wyoming,WY,governor,Republican primary results,Candidate,Under votes,N/a,1269,1.1,False,False
2018,Wyoming,WY,governor,Republican primary results,Candidate,Write-ins,Republican,113,0.0,False,False
2018,Wyoming,WY,governor,Republican primary results,Candidate,Over votes,N/a,46,0.0,False,False
2018,Wyoming,WY,governor,Republican primary results,Total,,,118101,100.0,False,False
2018,Wyoming,WY,governor,Democratic primary results,Winning,Mary Throne,Democratic,12948,66.5,True,False
2018,Wyoming,WY,governor,Democratic primary results,Candidate,Michael Green,Democratic,2391,12.3,False,False
2018,Wyoming,WY,governor,Democratic primary results,Candidate,Under votes,N/a,1385,7.1,False,False
2018,Wyoming,WY,governor,Democratic primary results,Candidate,Kenneth Casner,Democratic,1213,6.2,False,False
2018,Wyoming,WY,governor,Democratic primary results,Candidate,Rex Wilde,Democratic,1201,6.2,False,False
2018,Wyoming,WY,governor,Democratic primary results,Candidate,Write-ins,Democratic,323,1.7,False,False
2018,Wyoming,WY,governor,Democratic primary results,Candidate,Over votes,N/a,13,0.0,False,False
2018,Wyoming,WY,governor,Democratic primary results,Total,,,19474,100.0,False,False
2019,Louisiana,LA,governor,2019 Louisiana gubernatorial election,Winning,John Bel Edwards,Democratic,625970,46.59,True,True
2019,Louisiana,LA,governor,2019 Louisiana gubernatorial election,Winning,Eddie Rispone,Republican,368319,27.42,True,False
2019,Louisiana,LA,governor,2019 Louisiana gubernatorial election,Candidate,Ralph Abraham,Republican,317149,23.61,False,False
2019,Louisiana,LA,governor,2019 Louisiana gubernatorial election,Candidate,Oscar Dantzler,Democratic,10993,0.82,False,False
2019,Louisiana,LA,governor,2019 Louisiana gubernatorial election,Candidate,Patrick Landry,Republican,10966,0.82,False,False
2019,Louisiana,LA,governor,2019 Louisiana gubernatorial election,Candidate,Gary Landrieu,Independent,10084,0.75,False,False
2019,Louisiana,LA,governor,2019 Louisiana gubernatorial election,Total,,,1343481,100.0,False,False
2019,Mississippi,MS,attorney general,Republican primary results,Winning,Lynn Fitch,Republican,163733,44.2,True,False
2019,Mississippi,MS,attorney general,Republican primary results,Winning,Andy Taggart,Republican,105689,28.6,True,False
2019,Mississippi,MS,attorney general,Republican primary results,Total,,,370020,100.0,False,False
2019,Mississippi,MS,attorney general,Republican runoff results,Candidate,Andy Taggart,Republican,154807,47.9,False,False
2019,Mississippi,MS,attorney general,Republican runoff results,Total,,,323085,100.0,False,False
2019,Mississippi,MS,attorney general,Democratic primary results,Winning,Jennifer Riley Collins,Democratic,253042,100.0,True,False
2019,Mississippi,MS,attorney general,Democratic primary results,Total,,,253042,100.0,False,False
2019,Mississippi,MS,governor,Republican primary results,Winning,Tate Reeves,Republican,187312,48.9,True,False
2019,Mississippi,MS,governor,Republican primary results,Winning,Bill Waller Jr.,Republican,128010,33.4,True,False
2019,Mississippi,MS,governor,Republican primary results,Candidate,Robert Foster,Republican,67758,17.7,False,False
2019,Mississippi,MS,governor,Republican primary results,Candidate,Bill Waller Jr.,Republican,152201,45.9,False,False
2019,Mississippi,MS,governor,Republican primary results,Total,,,383080,100.0,False,False
2020,Delaware,DE,governor,Democratic primary results,Winning,John Carney,Democratic,101142,84.77,True,True
2020,Delaware,DE,governor,Democratic primary results,Candidate,"David Lamar Williams, Jr.",Democratic,18169,15.23,False,False
2020,Delaware,DE,governor,Democratic primary results,Total,,,119311,100.0,False,False
2020,Delaware,DE,governor,Republican primary results,Winning,Julianne Murray,Republican,22819,41.15,True,False
2020,Delaware,DE,governor,Republican primary results,Candidate,Colin Bonini,Republican,19161,34.56,False,False
2020,Delaware,DE,governor,Republican primary results,Candidate,Bryant Richardson,Republican,4262,7.69,False,False
2020,Delaware,DE,governor,Republican primary results,Candidate,Scott Walker,Republican,3998,7.21,False,False
2020,Delaware,DE,governor,Republican primary results,Candidate,David Bosco,Republican,3660,6.6,False,False
2020,Delaware,DE,governor,Republican primary results,Candidate,David Graham,Republican,1547,2.79,False,False
2020,Delaware,DE,governor,Republican primary results,Total,,,55447,100.0,False,False
2020,Indiana,IN,governor,Republican primary results,Winning,Eric Holcomb,Republican,524496,97.85,True,True
2020,Indiana,IN,governor,Republican primary results,Total,,,524496,98.66,False,False
2020,Indiana,IN,governor,Democratic primary results,Winning,Woody Myers,Democratic,408230,100.0,True,False
2020,Indiana,IN,governor,Democratic primary results,Total,,,408230,100.0,False,False
2020,Missouri,MO,attorney general,Republican primary results,Winning,Eric Schmitt,Republican,602577,100.0,True,True
2020,Missouri,MO,attorney general,Republican primary results,Total,,,602577,100.0,False,False
2020,Missouri,MO,attorney general,Democratic primary results,Winning,Richard Finneran,Democratic,272516,55.39,True,False
2020,Missouri,MO,attorney general,Democratic primary results,Candidate,Elad Gross,Democratic,219462,44.61,False,False
2020,Missouri,MO,attorney general,Democratic primary results,Total,,,491978,100.0,False,False
2020,Missouri,MO,attorney general,Libertarian primary results,Winning,Kevin C. Babcock,Libertarian,4089,100.0,True,False
2020,Missouri,MO,attorney general,Libertarian primary results,Total,,,4089,100.0,False,False
2020,Missouri,MO,secretary of state,Republican primary results,Winning,Jay Ashcroft,Republican,620822,100.0,True,True
2020,Missouri,MO,secretary of state,Republican primary results,Total,,,620822,100.0,False,False
2020,Missouri,MO,secretary of state,Democratic primary results,Winning,Yinka Faleti,Democratic,470955,100.0,True,False
2020,Missouri,MO,secretary of state,Democratic primary results,Total,,,470955,100.0,False,False
2020,Missouri,MO,state treasurer,Republican primary results,Winning,Scott Fitzpatrick,Republican,597408,100.0,True,True
2020,Missouri,MO,state treasurer,Republican primary results,Total,,,597408,100.0,False,False
2020,Missouri,MO,state treasurer,Democratic primary results,Winning,Vicki Englund,Democratic,473904,100.0,True,False
2020,Missouri,MO,state treasurer,Democratic primary results,Total,,,473904,100.0,False,False
2020,Missouri,MO,governor,Republican primary results,Winning,Mike Parson,Republican,511566,74.93,True,True
2020,Missouri,MO,governor,Republican primary results,Total,,,682756,100.0,False,False
2020,Missouri,MO,governor,Democratic primary results,Winning,Nicole Galloway,Democratic,455203,84.62,True,False
2020,Missouri,MO,governor,Democratic primary results,Total,,,537927,100.0,False,False
2020,Montana,MT,attorney general,Republican primary results,Winning,Austin Knudsen,Republican,116113,59.8,True,False
2020,Montana,MT,attorney general,Republican primary results,Candidate,Jon Bennion,Republican,78161,40.2,False,False
2020,Montana,MT,attorney general,Republican primary results,Total,,,194274,100.0,False,False
2020,Montana,MT,attorney general,Democratic primary results,Winning,Raph Graybill,Democratic,79772,57.1,True,False
2020,Montana,MT,attorney general,Democratic primary results,Candidate,Kimberly Dudik,Democratic,59963,42.9,False,False
2020,Montana,MT,attorney general,Democratic primary results,Total,,,139735,100.0,False,False
2020,Montana,MT,attorney general,Green primary results,Winning,Roy Davis,Green,748,100.0,True,False
2020,Montana,MT,attorney general,Green primary results,Total,,,748,100.0,False,False
2020,Montana,MT,secretary of state,Republican primary results,Winning,Christi Jacobsen,Republican,57941,29.4,True,False
2020,Montana,MT,secretary of state,Republican primary results,Candidate,Scott Sales,Republican,49759,25.3,False,False
2020,Montana,MT,secretary of state,Republican primary results,Candidate,Brad Johnson,Republican,45526,23.1,False,False
2020,Montana,MT,secretary of state,Republican primary results,Candidate,Forrest Mandeville,Republican,20318,10.3,False,False
2020,Montana,MT,secretary of state,Republican primary results,Candidate,Bowen Greenwood,Republican,14080,7.1,False,False
2020,Montana,MT,secretary of state,Republican primary results,Candidate,Kurt Johnson,Republican,9346,4.7,False,False
2020,Montana,MT,secretary of state,Republican primary results,Total,,,196970,100.0,False,False
2020,Montana,MT,secretary of state,Democratic primary results,Winning,Bryce Bennett,Democratic,130109,100.0,True,False
2020,Montana,MT,secretary of state,Democratic primary results,Total,,,130109,100.0,False,False
2020,Montana,MT,governor,Democratic primary results,Winning,Mike Cooney,Democratic,81527,54.86,True,False
2020,Montana,MT,governor,Democratic primary results,Candidate,Whitney Williams,Democratic,67066,45.14,False,False
2020,Montana,MT,governor,Democratic primary results,Total,,,148593,100.0,False,False
2020,Montana,MT,governor,Republican primary results,Winning,Greg Gianforte,Republican,119247,53.44,True,False
2020,Montana,MT,governor,Republican primary results,Candidate,Tim Fox,Republican,60823,27.26,False,False
2020,Montana,MT,governor,Republican primary results,Candidate,Albert Olszewski,Republican,43080,19.3,False,False
2020,Montana,MT,governor,Republican primary results,Total,,,223150,100.0,False,False
2020,New Hampshire,NH,governor,Republican primary results,Winning,Chris Sununu,Republican,130703,89.67,True,True
2020,New Hampshire,NH,governor,Republican primary results,Candidate,Karen Testerman,Republican,13589,9.32,False,False
2020,New Hampshire,NH,governor,Republican primary results,Candidate,Nobody,Republican,1239,0.85,False,False
2020,New Hampshire,NH,governor,Republican primary results,Candidate,Andru Volinsky (write-in),Democratic,93,0.06,False,False
2020,New Hampshire,NH,governor,Republican primary results,Candidate,Dan Feltes (write-in),Democratic,3,0.0,False,False
2020,New Hampshire,NH,governor,Republican primary results,Total,,,145757,100.0,False,False
2020,New Hampshire,NH,governor,Democratic primary results,Winning,Dan Feltes,Democratic,72318,50.9,True,False
2020,New Hampshire,NH,governor,Democratic primary results,Candidate,Andru Volinsky,Democratic,65455,46.06,False,False
2020,New Hampshire,NH,governor,Democratic primary results,Candidate,Chris Sununu (write-in),Republican,4276,3.0,False,False
2020,New Hampshire,NH,governor,Democratic primary results,Candidate,Karen Testerman (write-in),Republican,39,0.03,False,False
2020,New Hampshire,NH,governor,Democratic primary results,Candidate,Nobody (write-in),Republican,6,0.01,False,False
2020,New Hampshire,NH,governor,Democratic primary results,Total,,,142094,100.0,False,False
2020,North Carolina,NC,attorney general,Republican primary results,Winning,Jim O'Neill,Republican,338567,46.55,True,False
2020,North Carolina,NC,attorney general,Republican primary results,Candidate,Sam Hayes,Republican,226453,31.14,False,False
2020,North Carolina,NC,attorney general,Republican primary results,Candidate,Christine Mumma,Republican,162301,22.31,False,False
2020,North Carolina,NC,attorney general,Republican primary results,Total,,,727321,100.0,False,False
2020,North Carolina,NC,secretary of state,Republican primary results,Winning,E.C. Sykes,Republican,296457,42.91,True,False
2020,North Carolina,NC,secretary of state,Republican primary results,Candidate,Chad Brown,Republican,262595,38.01,False,False
2020,North Carolina,NC,secretary of state,Republican primary results,Candidate,Michael LaPaglia,Republican,131832,19.08,False,False
2020,North Carolina,NC,secretary of state,Republican primary results,Total,,,690884,100.0,False,False
2020,North Carolina,NC,governor,Democratic primary results,Winning,Roy Cooper,Democratic,1128829,87.19,True,True
2020,North Carolina,NC,governor,Democratic primary results,Candidate,Ernest T. Reeves,Democratic,165804,12.81,False,False
2020,North Carolina,NC,governor,Democratic primary results,Total,,,1294633,100.0,False,False
2020,North Carolina,NC,governor,Republican primary results,Winning,Dan Forest,Republican,698077,88.95,True,False
2020,North Carolina,NC,governor,Republican primary results,Candidate,Holly Grange,Republican,86714,11.05,False,False
2020,North Carolina,NC,governor,Republican primary results,Total,,,784791,100.0,False,False
2020,North Dakota,ND,governor,Republican primary results,Winning,Doug Burgum,Republican,96119,89.51,True,True
2020,North Dakota,ND,governor,Republican primary results,Total,,,107379,100.0,False,False
2020,North Dakota,ND,governor,North Dakota Democratic–Nonpartisan League Party primary results,Winning,Shelley Lenz,North Dakota Democratic–nonpartisan League,34501,99.33,True,False
2020,North Dakota,ND,governor,North Dakota Democratic–Nonpartisan League Party primary results,Candidate,Write-In,North Dakota Democratic–nonpartisan League,231,0.67,False,False
2020,North Dakota,ND,governor,North Dakota Democratic–Nonpartisan League Party primary results,Total,,,34732,100.0,False,False
2020,Oregon,OR,attorney general,Democratic primary results,Winning,Ellen Rosenblum,Democratic,483273,99.04,True,True
2020,Oregon,OR,attorney general,Democratic primary results,Write-in,,,4661,0.96,False,False
2020,Oregon,OR,attorney general,Democratic primary results,Total,,,487934,100.0,False,False
2020,Oregon,OR,attorney general,Republican primary results,Winning,Michael Cross,Republican,279909,96.71,True,False
2020,Oregon,OR,attorney general,Republican primary results,Write-in,,,9537,3.29,False,False
2020,Oregon,OR,attorney general,Republican primary results,Total,,,289446,100.0,False,False
2020,Oregon,OR,secretary of state,Republican primary results,Winning,Kim Thatcher,Republican,312296,85.62,True,False
2020,Oregon,OR,secretary of state,Republican primary results,Candidate,Dave Stauffer,Republican,48839,13.39,False,False
2020,Oregon,OR,secretary of state,Republican primary results,Write-in,,,3625,0.99,False,False
2020,Oregon,OR,secretary of state,Republican primary results,Total,,,364760,100.0,False,False
2020,Oregon,OR,secretary of state,Democratic primary results,Winning,Shemia Fagan,Democratic,209682,36.23,True,False
2020,Oregon,OR,secretary of state,Democratic primary results,Candidate,Mark Hass,Democratic,205230,35.46,False,False
2020,Oregon,OR,secretary of state,Democratic primary results,Candidate,Jamie McLeod-Skinner,Democratic,159430,27.55,False,False
2020,Oregon,OR,secretary of state,Democratic primary results,Write-in,,,4395,0.76,False,False
2020,Oregon,OR,secretary of state,Democratic primary results,Total,,,578737,100.0,False,False
2020,Oregon,OR,state treasurer,Democratic primary results,Write-in,,,5956,1.27,False,False
2020,Oregon,OR,state treasurer,Democratic primary results,Total,,,470385,100.0,False,False
2020,Oregon,OR,state treasurer,Republican primary results,Write-in,,,3223,1.04,False,False
2020,Oregon,OR,state treasurer,Republican primary results,Total,,,308812,100.0,False,False
2020,Pennsylvania,PA,attorney general,Democratic primary results,Total,,,1429414,100.0,False,False
2020,Pennsylvania,PA,attorney general,Republican primary results,Candidate,Heather Heidelbaugh,Republican,1055168,100.0,False,False
2020,Pennsylvania,PA,attorney general,Republican primary results,Total,,,1055168,100.0,False,False
2020,Pennsylvania,PA,state treasurer,Democratic primary results,Winning,Joe Torsella,Democratic,1381763,100.0,True,True
2020,Pennsylvania,PA,state treasurer,Democratic primary results,Total,,,1381763,100.0,False,False
2020,Pennsylvania,PA,state treasurer,Republican primary results,Winning,Stacy Garrity,Republican,1047510,100.0,True,False
2020,Pennsylvania,PA,state treasurer,Republican primary results,Total,,,1047510,100.0,False,False
2020,Utah,UT,attorney general,Republican primary results,Winning,Sean Reyes,Republican,275212,54.04,True,True
2020,Utah,UT,attorney general,Republican primary results,Candidate,David O. Leavitt,Republican,234036,45.96,False,False
2020,Utah,UT,attorney general,Republican primary results,Total,,,509248,100.0,False,False
2020,Utah,UT,governor,Republican primary results,Winning,Spencer Cox,Republican,190565,36.15,True,False
2020,Utah,UT,governor,Republican primary results,Total,,,527178,100.0,False,False
2020,Vermont,VT,governor,Republican primary results,Winning,Phil Scott,Republican,42275,72.67,True,True
2020,Vermont,VT,governor,Republican primary results,Candidate,John Klar,Republican,12762,21.94,False,False
2020,Vermont,VT,governor,Republican primary results,Candidate,Emily Peyton,Republican,970,1.67,False,False
2020,Vermont,VT,governor,Republican primary results,Candidate,Douglas Cavett,Republican,966,1.66,False,False
2020,Vermont,VT,governor,Republican primary results,Candidate,Bernard Peters,Republican,772,1.33,False,False
2020,Vermont,VT,governor,Republican primary results,Candidate,Write-ins,Republican,426,0.73,False,False
2020,Vermont,VT,governor,Republican primary results,Total,,,58171,100.0,False,False
2020,Vermont,VT,governor,Democratic primary results,Winning,David Zuckerman,Democratic,48150,47.56,True,False
2020,Vermont,VT,governor,Democratic primary results,Candidate,Rebecca Holcombe,Democratic,37599,37.14,False,False
2020,Vermont,VT,governor,Democratic primary results,Candidate,Patrick Winburn,Democratic,7662,7.57,False,False
2020,Vermont,VT,governor,Democratic primary results,Candidate,Ralph Corbo,Democratic,1288,1.27,False,False
2020,Vermont,VT,governor,Democratic primary results,Candidate,Write-ins,Democratic,6533,6.45,False,False
2020,Vermont,VT,governor,Democratic primary results,Total,,,101232,100.0,False,False
2020,Washington,WA,attorney general,Blanket primary election results,Winning,Bob Ferguson,Democratic,1356225,55.79,True,True
2020,Washington,WA,attorney general,Blanket primary election results,Winning,Matt Larkin,Republican,575470,23.67,True,False
2020,Washington,WA,attorney general,Blanket primary election results,Candidate,Brett Rogers,Republican,296843,12.21,False,False
2020,Washington,WA,attorney general,Blanket primary election results,Candidate,Mike Vaska,Republican,199826,8.22,False,False
2020,Washington,WA,attorney general,Blanket primary election results,Write-in,,,2372,0.1,False,False
2020,Washington,WA,attorney general,Blanket primary election results,Total,,,2430736,100.0,False,False
2020,Washington,WA,secretary of state,Top-two primary results,Winning,Kim Wyman,Republican,1238455,50.89,True,True
2020,Washington,WA,secretary of state,Top-two primary results,Winning,Gael Tarleton,Democratic,1053584,43.29,True,False
2020,Washington,WA,secretary of state,Top-two primary results,Candidate,Ed Minger,Independent,87982,3.62,False,False
2020,Washington,WA,secretary of state,Top-two primary results,Candidate,Gentry Lange,Progressive,51826,2.13,False,False
2020,Washington,WA,secretary of state,Top-two primary results,Write-in,,,1919,0.08,False,False
2020,Washington,WA,secretary of state,Top-two primary results,Total,,,2433766,100.0,False,False
2020,Washington,WA,state treasurer,Blanket primary results,Winning,Mike Pellicciotti,Democratic,1279452,53.22,True,False
2020,Washington,WA,state treasurer,Blanket primary results,Winning,Duane Davidson,Republican,1121885,46.67,True,True
2020,Washington,WA,state treasurer,Blanket primary results,Write-in,,,2604,0.11,False,False
2020,Washington,WA,state treasurer,Blanket primary results,Total,,,2403941,100.0,False,False
2020,Washington,WA,governor,Top-two primary election results,Winning,Jay Inslee,Democratic,1247916,50.14,True,True
2020,Washington,WA,governor,Top-two primary election results,Winning,Loren Culp,Republican,433238,17.41,True,False
2020,Washington,WA,governor,Top-two primary election results,Candidate,Joshua Freed,Republican,222553,8.94,False,False
2020,Washington,WA,governor,Top-two primary election results,Candidate,Tim Eyman,Republican,159495,6.41,False,False
2020,Washington,WA,governor,Top-two primary election results,Candidate,Raul Garcia,Republican,135045,5.43,False,False
2020,Washington,WA,governor,Top-two primary election results,Candidate,Phil Fortunato,Republican,99265,3.99,False,False
2020,Washington,WA,governor,Top-two primary election results,Candidate,Don L. Rivers,Democratic,25601,1.03,False,False
2020,Washington,WA,governor,Top-two primary election results,Candidate,Leon Lawson,Republican,23073,0.93,False,False
2020,Washington,WA,governor,Top-two primary election results,Candidate,Liz Hallock,Green,21537,0.87,False,False
2020,Washington,WA,governor,Top-two primary election results,Candidate,Cairo D'Almeida,Democratic,14657,0.59,False,False
2020,Washington,WA,governor,Top-two primary election results,Candidate,Anton Sakharov,Republican,13935,0.56,False,False
2020,Washington,WA,governor,Top-two primary election results,Candidate,Nate Herzog,Pre2016 Republican,11303,0.45,False,False
2020,Washington,WA,governor,Top-two primary election results,Candidate,Gene Hart,Democratic,10605,0.43,False,False
2020,Washington,WA,governor,Top-two primary election results,Candidate,Omari Tahir Garrett,Democratic,8751,0.35,False,False
2020,Washington,WA,governor,Top-two primary election results,Candidate,Ryan Ryals,Unaffiliated,6264,0.25,False,False
2020,Washington,WA,governor,Top-two primary election results,Candidate,Henry Clay Dennison,Workers,5970,0.24,False,False
2020,Washington,WA,governor,Top-two primary election results,Candidate,Goodspaceguy,Republican,5646,0.23,False,False
2020,Washington,WA,governor,Top-two primary election results,Candidate,Richard L. Carpenter,Republican,4962,0.2,False,False
2020,Washington,WA,governor,Top-two primary election results,Candidate,Elaina J. Gonzales,Independent,4772,0.19,False,False
2020,Washington,WA,governor,Top-two primary election results,Candidate,Matthew Murray,Republican,4489,0.18,False,False
2020,Washington,WA,governor,Top-two primary election results,Candidate,Thor Amundson,Independent,3638,0.15,False,False
2020,Washington,WA,governor,Top-two primary election results,Candidate,Bill Hirt,Republican,2854,0.11,False,False
2020,Washington,WA,governor,Top-two primary election results,Candidate,Martin L. Wheeler,Republican,2686,0.11,False,False
2020,Washington,WA,governor,Top-two primary election results,Candidate,Ian Gonzales,Republican,2537,0.1,False,False
2020,Washington,WA,governor,Top-two primary election results,Candidate,Joshua Wolf,New-liberty,2315,0.09,False,False
2020,Washington,WA,governor,Top-two primary election results,Candidate,Cregan M. Newhouse,No party preference,2291,0.09,False,False
2020,Washington,WA,governor,Top-two primary election results,Candidate,Brian R. Weed,No party preference,2178,0.09,False,False
2020,Washington,WA,governor,Top-two primary election results,Candidate,Alex Tsimerman,Standupamerica,1721,0.07,False,False
2020,Washington,WA,governor,Top-two primary election results,Candidate,Tylor Grow,Republican,1509,0.06,False,False
2020,Washington,WA,governor,Top-two primary election results,Candidate,Dylan B. Nails,Independent,1470,0.06,False,False
2020,Washington,WA,governor,Top-two primary election results,Candidate,Craig Campbell,Independent,1178,0.05,False,False
2020,Washington,WA,governor,Top-two primary election results,Candidate,William Miller,Patriot,1148,0.05,False,False
2020,Washington,WA,governor,Top-two primary election results,Candidate,Cameron M. Vessey,No party preference,718,0.03,False,False
2020,Washington,WA,governor,Top-two primary election results,Candidate,Winston Wilkes,Propertarianist,702,0.03,False,False
2020,Washington,WA,governor,Top-two primary election results,Candidate,David W. Blomstrom,Republic,519,0.02,False,False
2020,Washington,WA,governor,Top-two primary election results,Candidate,David Voltz,Labour,480,0.02,False,False
2020,Washington,WA,governor,Top-two primary election results,Write-in,,,1938,0.08,False,False
2020,Washington,WA,governor,Top-two primary election results,Total,,,2488959,100.0,False,False
2020,West Virginia,WV,secretary of state,Republican primary results,Winning,Mac Warner,Republican,176915,100.0,True,True
2020,West Virginia,WV,secretary of state,Republican primary results,Total,,,176915,100.0,False,False
2020,West Virginia,WV,secretary of state,Democratic primary results,Winning,Natalie Tennant,Democratic,175600,100.0,True,False
2020,West Virginia,WV,secretary of state,Democratic primary results,Total,,,175600,100.0,False,False
2020,West Virginia,WV,state treasurer,Democratic primary results,Winning,John Perdue,Democratic,170519,100.0,True,True
2020,West Virginia,WV,state treasurer,Democratic primary results,Total,,,170519,100.0,False,False
2020,West Virginia,WV,state treasurer,Republican primary results,Winning,Riley Moore,Republican,166977,100.0,True,False
2020,West Virginia,WV,state treasurer,Republican primary results,Total,,,166977,100.0,False,False
2020,West Virginia,WV,governor,Republican primary results,Winning,Jim Justice,Republican,133258,62.7,True,True
2020,West Virginia,WV,governor,Republican primary results,Candidate,Woody Thrasher,Republican,38898,18.3,False,False
2020,West Virginia,WV,governor,Republican primary results,Candidate,Michael Folk,Republican,26735,12.58,False,False
2020,West Virginia,WV,governor,Republican primary results,Candidate,Doug Six,Republican,4429,2.08,False,False
2020,West Virginia,WV,governor,Republican primary results,Candidate,Brooke Lunsford,Republican,3849,1.81,False,False
2020,West Virginia,WV,governor,Republican primary results,Candidate,Shelly Jean Fitzhugh,Republican,2799,1.32,False,False
2020,West Virginia,WV,governor,Republican primary results,Candidate,Chuck Sheedy,Republican,2552,1.2,False,False
2020,West Virginia,WV,governor,Republican primary results,Total,,,212520,100.0,False,False
2020,West Virginia,WV,governor,Democratic primary results,Winning,Ben Salango,Democratic,74805,38.68,True,False
2020,West Virginia,WV,governor,Democratic primary results,Candidate,Stephen Smith,Democratic,65544,33.89,False,False
2020,West Virginia,WV,governor,Democratic primary results,Candidate,Ron Stollings,Democratic,25782,13.33,False,False
2020,West Virginia,WV,governor,Democratic primary results,Total,,,193401,100.0,False,False
2021,New Jersey,NJ,governor,Democratic primary results,Winning,Phil Murphy,Democratic,382984,100.0,True,True
2021,New Jersey,NJ,governor,Democratic primary results,Total,,,382984,100.0,False,False
2021,New Jersey,NJ,governor,Republican primary results,Winning,Jack Ciattarelli,Republican,167690,49.46,True,False
2021,New Jersey,NJ,governor,Republican primary results,Candidate,Philip Rizzo,Republican,87007,25.66,False,False
2021,New Jersey,NJ,governor,Republican primary results,Candidate,Hirsh V. Singh,Republican,73155,21.58,False,False
2021,New Jersey,NJ,governor,Republican primary results,Candidate,Brian D. Levine,Republican,11181,3.3,False,False
2021,New Jersey,NJ,governor,Republican primary results,Total,,,339033,100.0,False,False
2021,Virginia,VA,governor,Democratic primary results,Winning,Terry McAuliffe,Democratic,307367,62.1,True,False
2021,Virginia,VA,governor,Democratic primary results,Candidate,Jennifer Carroll Foy,Democratic,98052,19.81,False,False
2021,Virginia,VA,governor,Democratic primary results,Candidate,Jennifer McClellan,Democratic,58213,11.76,False,False
2021,Virginia,VA,governor,Democratic primary results,Candidate,Justin Fairfax,Democratic,17606,3.56,False,False
2021,Virginia,VA,governor,Democratic primary results,Candidate,Lee J. Carter,Democratic,13694,2.77,False,False
2021,Virginia,VA,governor,Democratic primary results,Total,,,494932,100.0,False,False
2022,Alabama,AL,attorney general,Republican primary results,Winning,Steve Marshall,Republican,519092,89.9,True,True
2022,Alabama,AL,attorney general,Republican primary results,Candidate,Harry Bartlett Still III,Republican,58499,10.1,False,False
2022,Alabama,AL,attorney general,Republican primary results,Total,,,577591,100.0,False,False
2022,Alabama,AL,secretary of state,Republican primary results,Winning,Jim Zeigler,Republican,237482,42.7,True,False
2022,Alabama,AL,secretary of state,Republican primary results,Winning,Wes Allen,Republican,220880,39.7,True,False
2022,Alabama,AL,secretary of state,Republican primary results,Candidate,Christian Horn,Republican,54572,9.8,False,False
2022,Alabama,AL,secretary of state,Republican primary results,Candidate,Ed Packard,Republican,43486,7.8,False,False
2022,Alabama,AL,secretary of state,Republican primary results,Total,,,556420,100.0,False,False
2022,Alabama,AL,secretary of state,Republican primary runoff results,Winning,Wes Allen,Republican,248132,65.4,True,False
2022,Alabama,AL,secretary of state,Republican primary runoff results,Candidate,Jim Zeigler,Republican,131413,34.6,False,False
2022,Alabama,AL,secretary of state,Republican primary runoff results,Total,,,379545,100.0,False,False
2022,Alabama,AL,governor,Republican primary results,Winning,Kay Ivey,Republican,357069,54.45,True,True
2022,Alabama,AL,governor,Republican primary results,Candidate,Lynda Blanchard,Republican,126202,19.25,False,False
2022,Alabama,AL,governor,Republican primary results,Candidate,Tim James,Republican,106181,16.19,False,False
2022,Alabama,AL,governor,Republican primary results,Candidate,Lew Burdette,Republican,42924,6.55,False,False
2022,Alabama,AL,governor,Republican primary results,Candidate,Dean Odle,Republican,11767,1.79,False,False
2022,Alabama,AL,governor,Republican primary results,Candidate,Donald Trent Jones,Republican,3821,0.58,False,False
2022,Alabama,AL,governor,Republican primary results,Candidate,Dave Thomas,Republican,2886,0.44,False,False
2022,Alabama,AL,governor,Republican primary results,Candidate,Stacy Lee George,Republican,2546,0.39,False,False
2022,Alabama,AL,governor,Republican primary results,Candidate,Dean Young,Republican,2356,0.36,False,False
2022,Alabama,AL,governor,Republican primary results,Total,,,655752,100.0,False,False
2022,Alabama,AL,governor,Democratic primary results,Winning,Yolanda Rochelle Flowers,Democratic,56991,33.88,True,False
2022,Alabama,AL,governor,Democratic primary results,Winning,Malika Sanders-Fortier,Democratic,54699,32.52,True,False
2022,Alabama,AL,governor,Democratic primary results,Candidate,Patricia Jamieson Salter,Democratic,19691,11.71,False,False
2022,Alabama,AL,governor,Democratic primary results,Candidate,Arthur Kennedy,Democratic,15630,9.29,False,False
2022,Alabama,AL,governor,Democratic primary results,Candidate,Doug Smith,Democratic,11861,7.05,False,False
2022,Alabama,AL,governor,Democratic primary results,Candidate,Chad Martin,Democratic,9352,5.56,False,False
2022,Alabama,AL,governor,Democratic primary results,Total,,,168224,100.0,False,False
2022,Alabama,AL,governor,Democratic primary runoff results,Winning,Yolanda Rochelle Flowers,Democratic,32529,55.14,True,False
2022,Alabama,AL,governor,Democratic primary runoff results,Candidate,Malika Sanders-Fortier,Democratic,26469,44.86,False,False
2022,Alabama,AL,governor,Democratic primary runoff results,Total,,,58998,100.0,False,False
2022,Alaska,AK,governor,Primary election results,Winning,Mike Dunleavy,Republican,76534,40.43,True,True
2022,Alaska,AK,governor,Primary election results,Winning,Les Gara,Democratic,43660,23.06,True,False
2022,Alaska,AK,governor,Primary election results,Winning,Bill Walker,Independent,43111,22.77,True,False
2022,Alaska,AK,governor,Primary election results,Winning,Charlie Pierce,Republican,12458,6.58,True,False
2022,Alaska,AK,governor,Primary election results,Candidate,Christopher Kurka,Republican,7307,3.86,False,False
2022,Alaska,AK,governor,Primary election results,Candidate,John Howe,Independence,1702,0.9,False,False
2022,Alaska,AK,governor,Primary election results,Candidate,Bruce Walden,Republican,1661,0.88,False,False
2022,Alaska,AK,governor,Primary election results,Candidate,William S. Toien,Libertarian,1381,0.73,False,False
2022,Alaska,AK,governor,Primary election results,Candidate,David Haeg,Republican,1139,0.6,False,False
2022,Alaska,AK,governor,Primary election results,Candidate,William Nemec,Independent,347,0.18,False,False
2022,Alaska,AK,governor,Primary election results,Total,,,188626,100.0,False,False
2022,Arizona,AZ,attorney general,Republican primary results,Winning,Abraham Hamadeh,Republican,265636,33.56,True,False
2022,Arizona,AZ,attorney general,Republican primary results,Candidate,Rodney Glassman,Republican,186863,23.6,False,False
2022,Arizona,AZ,attorney general,Republican primary results,Candidate,Andrew Gould,Republican,132253,16.71,False,False
2022,Arizona,AZ,attorney general,Republican primary results,Candidate,Dawn Grove,Republican,94670,11.96,False,False
2022,Arizona,AZ,attorney general,Republican primary results,Candidate,Lacy Cooper,Republican,67742,8.56,False,False
2022,Arizona,AZ,attorney general,Republican primary results,Candidate,Tiffany Shedd,Republican,44453,5.61,False,False
2022,Arizona,AZ,attorney general,Republican primary results,Total,,,791617,100.0,False,False
2022,Arizona,AZ,attorney general,Democratic primary results,Winning,Kris Mayes,Democratic,556351,100.0,True,False
2022,Arizona,AZ,attorney general,Democratic primary results,Total,,,556351,100.0,False,False
2022,Arizona,AZ,attorney general,Libertarian primary results,Candidate,Michael Kielsky (write-in),Libertarian,571,100.0,False,False
2022,Arizona,AZ,attorney general,Libertarian primary results,Total,,,571,100.0,False,False
2022,Arizona,AZ,secretary of state,Democratic primary results,Winning,Adrian Fontes,Democratic,302681,52.5,True,False
2022,Arizona,AZ,secretary of state,Democratic primary results,Candidate,Reginald Bolding,Democratic,273815,47.5,False,False
2022,Arizona,AZ,secretary of state,Democratic primary results,Total,,,576496,100.0,False,False
2022,Arizona,AZ,secretary of state,Republican primary results,Winning,Mark Finchem,Republican,329884,42.56,True,False
2022,Arizona,AZ,secretary of state,Republican primary results,Candidate,Beau Lane,Republican,181058,23.36,False,False
2022,Arizona,AZ,secretary of state,Republican primary results,Candidate,Shawnna Bolick,Republican,149779,19.32,False,False
2022,Arizona,AZ,secretary of state,Republican primary results,Candidate,Michelle Ugenti-Rita,Republican,114391,14.76,False,False
2022,Arizona,AZ,secretary of state,Republican primary results,Total,,,775101,100.0,False,False
2022,Arizona,AZ,state treasurer,Republican primary results,Winning,Kimberly Yee,Republican,423456,56.4,True,True
2022,Arizona,AZ,state treasurer,Republican primary results,Candidate,Jeff Weninger,Republican,203751,27.14,False,False
2022,Arizona,AZ,state treasurer,Republican primary results,Candidate,Bob Lettieri,Republican,123574,16.46,False,False
2022,Arizona,AZ,state treasurer,Republican primary results,Total,,,750781,100.0,False,False
2022,Arizona,AZ,state treasurer,Democratic primary results,Winning,Martín Quezada,Democratic,554186,100.0,True,False
2022,Arizona,AZ,state treasurer,Democratic primary results,Total,,,554186,100.0,False,False
2022,Arizona,AZ,governor,Republican primary results,Winning,Kari Lake,Republican,398860,47.97,True,False
2022,Arizona,AZ,governor,Republican primary results,Candidate,Karrin Taylor Robson,Republican,358662,43.13,False,False
2022,Arizona,AZ,governor,Republican primary results,Candidate,Matt Salmon (withdrawn),Republican,30704,3.69,False,False
2022,Arizona,AZ,governor,Republican primary results,Candidate,Scott Neely,Republican,25876,3.11,False,False
2022,Arizona,AZ,governor,Republican primary results,Candidate,Paola Tulliani-Zen,Republican,17281,2.08,False,False
2022,Arizona,AZ,governor,Republican primary results,Write-in,,,105,0.01,False,False
2022,Arizona,AZ,governor,Republican primary results,Total,,,831508,100.0,False,False
2022,Arizona,AZ,governor,Democratic primary results,Winning,Katie Hobbs,Democratic,431059,72.32,True,False
2022,Arizona,AZ,governor,Democratic primary results,Candidate,Marco A. López Jr.,Democratic,136090,22.83,False,False
2022,Arizona,AZ,governor,Democratic primary results,Candidate,Aaron Lieberman (withdrawn),Democratic,28878,4.85,False,False
2022,Arizona,AZ,governor,Democratic primary results,Total,,,596027,100.0,False,False
2022,Arizona,AZ,governor,Libertarian primary results,Candidate,Barry Hess (write-in),Libertarian,550,100.0,False,False
2022,Arizona,AZ,governor,Libertarian primary results,Total,,,550,100.0,False,False
2022,Arkansas,AR,attorney general,Republican primary results,Winning,Tim Griffin,Republican,286211,85.38,True,False
2022,Arkansas,AR,attorney general,Republican primary results,Candidate,Leon Jones Jr.,Republican,49021,14.62,False,False
2022,Arkansas,AR,attorney general,Republican primary results,Total,,,355232,100.0,False,False
2022,Arkansas,AR,secretary of state,Republican primary results,Winning,John Thurston,Republican,236974,72.1,True,True
2022,Arkansas,AR,secretary of state,Republican primary results,Candidate,Eddie Joe Williams,Republican,91721,27.9,False,False
2022,Arkansas,AR,secretary of state,Republican primary results,Total,,,328695,100.0,False,False
2022,Arkansas,AR,secretary of state,Democratic primary results,Winning,Anna Beth Gorman,Democratic,52762,58.6,True,False
2022,Arkansas,AR,secretary of state,Democratic primary results,Candidate,Josh Price,Democratic,37280,41.4,False,False
2022,Arkansas,AR,secretary of state,Democratic primary results,Total,,,90042,100.0,False,False
2022,Arkansas,AR,state treasurer,Republican primary results,Winning,Mark Lowery,Republican,239360,74.82,True,False
2022,Arkansas,AR,state treasurer,Republican primary results,Candidate,Mathew Pitsch,Republican,80565,25.18,False,False
2022,Arkansas,AR,state treasurer,Republican primary results,Total,,,319925,100.0,False,False
2022,Arkansas,AR,governor,Republican primary results,Winning,Sarah Huckabee Sanders,Republican,289249,83.14,True,False
2022,Arkansas,AR,governor,Republican primary results,Candidate,"Francis ""Doc"" Washburn",Republican,58638,16.86,False,False
2022,Arkansas,AR,governor,Republican primary results,Total,,,347887,100.0,False,False
2022,Arkansas,AR,governor,Democratic primary results,Winning,Chris Jones,Democratic,66540,70.43,True,False
2022,Arkansas,AR,governor,Democratic primary results,Candidate,Anthony Bland,Democratic,9055,9.58,False,False
2022,Arkansas,AR,governor,Democratic primary results,Candidate,Jay Martin,Democratic,7731,8.18,False,False
2022,Arkansas,AR,governor,Democratic primary results,Candidate,"James ""Rus"" Russell",Democratic,6421,6.8,False,False
2022,Arkansas,AR,governor,Democratic primary results,Candidate,Supha Xayprasith-Mays,Democratic,4725,5.0,False,False
2022,Arkansas,AR,governor,Democratic primary results,Total,,,94472,100.0,False,False
2022,California,CA,attorney general,Primary election results,Winning,Rob Bonta,Democratic,3756486,54.32,True,True
2022,California,CA,attorney general,Primary election results,Winning,Nathan Hochman,Republican,1256465,18.17,True,False
2022,California,CA,attorney general,Primary election results,Candidate,Eric Early,Republican,1142747,16.52,False,False
2022,California,CA,attorney general,Primary election results,Candidate,Anne Marie Schubert,No party preference,539746,7.81,False,False
2022,California,CA,attorney general,Primary election results,Candidate,Dan Kapelovitz,Green,219912,3.18,False,False
2022,California,CA,attorney general,Primary election results,Total,,,6915356,100.0,False,False
2022,California,CA,secretary of state,Primary election results,Winning,Shirley Weber,Democratic,4016798,58.92,True,True
2022,California,CA,secretary of state,Primary election results,Winning,Rob Bernosky,Republican,1281587,18.8,True,False
2022,California,CA,secretary of state,Primary election results,Candidate,Rachel Hamm,Republican,822978,12.07,False,False
2022,California,CA,secretary of state,Primary election results,Candidate,"James ""JW"" Paine",Republican,254222,3.73,False,False
2022,California,CA,secretary of state,Primary election results,Candidate,Gary N. Blenner,Green,205630,3.02,False,False
2022,California,CA,secretary of state,Primary election results,Candidate,Raul Rodriguez Jr.,Republican,176059,2.58,False,False
2022,California,CA,secretary of state,Primary election results,Candidate,Matthew D. Cinquanta,No party preference,59481,0.87,False,False
2022,California,CA,secretary of state,Primary election results,Candidate,Desmond A. Silveira (write-in),No party preference,235,0.0,False,False
2022,California,CA,secretary of state,Primary election results,Total,,,6816990,100.0,False,False
2022,California,CA,state treasurer,Primary election results,Winning,Fiona Ma,Democratic,3903967,57.44,True,True
2022,California,CA,state treasurer,Primary election results,Winning,Jack M. Guerrero,Republican,1489533,21.92,True,False
2022,California,CA,state treasurer,Primary election results,Candidate,Andrew Do,Republican,1157620,17.03,False,False
2022,California,CA,state treasurer,Primary election results,Candidate,Meghann Adams,Freedom,245369,3.61,False,False
2022,California,CA,state treasurer,Primary election results,Total,,,6796489,100.0,False,False
2022,California,CA,governor,Primary results,Winning,Gavin Newsom,Democratic,3945728,55.9,True,True
2022,California,CA,governor,Primary results,Winning,Brian Dahle,Republican,1252800,17.7,True,False
2022,California,CA,governor,Primary results,Candidate,Michael Shellenberger,No party preference,290286,4.1,False,False
2022,California,CA,governor,Primary results,Candidate,Jenny Rae Le Roux,Republican,246665,3.5,False,False
2022,California,CA,governor,Primary results,Candidate,Anthony Trimino,Republican,246322,3.5,False,False
2022,California,CA,governor,Primary results,Candidate,Shawn Collins,Republican,173083,2.5,False,False
2022,California,CA,governor,Primary results,Candidate,Luis J. Rodriguez,Green,124672,1.8,False,False
2022,California,CA,governor,Primary results,Candidate,Leo S. Zacky,Republican,94521,1.3,False,False
2022,California,CA,governor,Primary results,Candidate,Major Williams,Republican,92580,1.3,False,False
2022,California,CA,governor,Primary results,Candidate,Robert C. Newman II,Republican,82849,1.2,False,False
2022,California,CA,governor,Primary results,Candidate,Joel Ventresca,Democratic,66885,0.9,False,False
2022,California,CA,governor,Primary results,Candidate,David Lozano,Republican,66542,0.9,False,False
2022,California,CA,governor,Primary results,Candidate,Ronald A. Anderson,Republican,53554,0.8,False,False
2022,California,CA,governor,Primary results,Candidate,Reinette Senum,No party preference,53015,0.8,False,False
2022,California,CA,governor,Primary results,Candidate,Armando Perez-Serrato,Democratic,45474,0.6,False,False
2022,California,CA,governor,Primary results,Candidate,Ron Jones,Republican,38337,0.5,False,False
2022,California,CA,governor,Primary results,Candidate,Daniel R. Mercuri,Republican,36396,0.5,False,False
2022,California,CA,governor,Primary results,Candidate,Heather Collins,Green,29690,0.4,False,False
2022,California,CA,governor,Primary results,Candidate,Anthony Fanara,Democratic,25086,0.4,False,False
2022,California,CA,governor,Primary results,Candidate,Cristian Raul Morales,Republican,22304,0.3,False,False
2022,California,CA,governor,Primary results,Candidate,Lonnie Sortor,Republican,21044,0.3,False,False
2022,California,CA,governor,Primary results,Candidate,Frederic C. Schultz,No party preference,17502,0.2,False,False
2022,California,CA,governor,Primary results,Candidate,Woodrow Sanders III,No party preference,16204,0.2,False,False
2022,California,CA,governor,Primary results,Candidate,James G. Hanink,No party preference,10110,0.1,False,False
2022,California,CA,governor,Primary results,Candidate,Serge Fiankan,No party preference,6201,0.1,False,False
2022,California,CA,governor,Primary results,Candidate,Bradley Zink,No party preference,5997,0.1,False,False
2022,California,CA,governor,Primary results,Candidate,Jeff Scott (write-in),Independent,13,0.0,False,False
2022,California,CA,governor,Primary results,Candidate,Gurinder Bhangoo (write-in),Republican,8,0.0,False,False
2022,California,CA,governor,Primary results,Total,,,7063868,100.0,False,False
2022,Colorado,CO,attorney general,Democratic primary results,Winning,Phil Weiser,Democratic,504071,100.0,True,True
2022,Colorado,CO,attorney general,Democratic primary results,Total,,,504071,100.0,False,False
2022,Colorado,CO,attorney general,Republican primary results,Winning,John Kellner,Republican,504631,100.0,True,False
2022,Colorado,CO,attorney general,Republican primary results,Total,,,504631,100.0,False,False
2022,Colorado,CO,secretary of state,Democratic primary results,Winning,Jena Griswold,Democratic,510462,100.0,True,True
2022,Colorado,CO,secretary of state,Democratic primary results,Total,,,510462,100.0,False,False
2022,Colorado,CO,secretary of state,Republican primary results,Winning,Pam Anderson,Republican,268638,43.06,True,False
2022,Colorado,CO,secretary of state,Republican primary results,Candidate,Tina Peters,Republican,180059,28.86,False,False
2022,Colorado,CO,secretary of state,Republican primary results,Candidate,Mike O'Donnell,Republican,175158,28.08,False,False
2022,Colorado,CO,secretary of state,Republican primary results,Total,,,623855,100.0,False,False
2022,Colorado,CO,state treasurer,Democratic primary results,Winning,Dave Young,Democratic,499229,100.0,True,True
2022,Colorado,CO,state treasurer,Democratic primary results,Total,,,499229,100.0,False,False
2022,Colorado,CO,state treasurer,Republican primary results,Winning,Lang Sias,Republican,502175,100.0,True,False
2022,Colorado,CO,state treasurer,Republican primary results,Total,,,502175,100.0,False,False
2022,Colorado,CO,governor,Republican primary results,Winning,Heidi Ganahl,Republican,341157,53.87,True,False
2022,Colorado,CO,governor,Republican primary results,Candidate,Greg Lopez,Republican,292187,46.13,False,False
2022,Colorado,CO,governor,Republican primary results,Total,,,633344,100.0,False,False
2022,Connecticut,CT,state treasurer,Democratic primary results,Winning,Erick Russell,Democratic,63726,57.52,True,False
2022,Connecticut,CT,state treasurer,Democratic primary results,Candidate,Dita Bhargava,Democratic,25253,22.79,False,False
2022,Connecticut,CT,state treasurer,Democratic primary results,Candidate,Karen DuBois-Walton,Democratic,21814,19.69,False,False
2022,Connecticut,CT,state treasurer,Democratic primary results,Total,,,110793,100.0,False,False
2022,Florida,FL,attorney general,Democratic primary results,Winning,Aramis Ayala,Democratic,637856,44.95,True,False
2022,Florida,FL,attorney general,Democratic primary results,Candidate,Daniel Uhlfelder,Democratic,399620,28.16,False,False
2022,Florida,FL,attorney general,Democratic primary results,Candidate,Jim Lewis,Democratic,381575,26.89,False,False
2022,Florida,FL,attorney general,Democratic primary results,Total,,,1419051,100.0,False,False
2022,Florida,FL,governor,Democratic primary results,Winning,Charlie Crist,Democratic,904524,59.71,True,False
2022,Florida,FL,governor,Democratic primary results,Candidate,"Nicole ""Nikki"" Fried",Democratic,535480,35.35,False,False
2022,Florida,FL,governor,Democratic primary results,Candidate,Cadance Daniel,Democratic,38198,2.52,False,False
2022,Florida,FL,governor,Democratic primary results,Candidate,Robert L. Willis,Democratic,36786,2.43,False,False
2022,Florida,FL,governor,Democratic primary results,Total,,,1513180,100.0,False,False
2022,Georgia,GA,attorney general,Republican primary results,Winning,Chris Carr,Republican,834383,73.75,True,True
2022,Georgia,GA,attorney general,Republican primary results,Candidate,John Gordon,Republican,297037,26.25,False,False
2022,Georgia,GA,attorney general,Republican primary results,Total,,,1131420,100.0,False,False
2022,Georgia,GA,attorney general,Democratic primary results,Winning,Jen Jordan,Democratic,533266,77.6,True,False
2022,Georgia,GA,attorney general,Democratic primary results,Candidate,Christian Wise Smith,Democratic,153928,22.4,False,False
2022,Georgia,GA,attorney general,Democratic primary results,Total,,,687194,100.0,False,False
2022,Georgia,GA,secretary of state,Republican primary results,Winning,Brad Raffensperger,Republican,611616,52.37,True,True
2022,Georgia,GA,secretary of state,Republican primary results,Candidate,Jody Hice,Republican,389447,33.34,False,False
2022,Georgia,GA,secretary of state,Republican primary results,Candidate,David Belle Isle,Republican,103272,8.84,False,False
2022,Georgia,GA,secretary of state,Republican primary results,Candidate,TJ Hudson,Republican,63646,5.45,False,False
2022,Georgia,GA,secretary of state,Republican primary results,Total,,,1167981,100.0,False,False
2022,Georgia,GA,secretary of state,Democratic primary results,Winning,Bee Nguyen,Democratic,309437,44.33,True,False
2022,Georgia,GA,secretary of state,Democratic primary results,Winning,Dee Dawkins-Haigler,Democratic,130278,18.67,True,False
2022,Georgia,GA,secretary of state,Democratic primary results,Candidate,Michael Owens,Democratic,114621,16.42,False,False
2022,Georgia,GA,secretary of state,Democratic primary results,Candidate,Floyd Griffin,Democratic,75423,10.81,False,False
2022,Georgia,GA,secretary of state,Democratic primary results,Candidate,John Eaves,Democratic,68233,9.78,False,False
2022,Georgia,GA,secretary of state,Democratic primary results,Total,,,697992,100.0,False,False
2022,Georgia,GA,secretary of state,Democratic primary runoff results,Winning,Bee Nguyen,Democratic,198511,77.0,True,False
2022,Georgia,GA,secretary of state,Democratic primary runoff results,Candidate,Dee Dawkins-Haigler,Democratic,59310,23.0,False,False
2022,Georgia,GA,secretary of state,Democratic primary runoff results,Total,,,257821,100.0,False,False
2022,Georgia,GA,governor,Republican primary results,Winning,Brian Kemp,Republican,888078,73.72,True,True
2022,Georgia,GA,governor,Republican primary results,Candidate,David Perdue,Republican,262389,21.78,False,False
2022,Georgia,GA,governor,Republican primary results,Candidate,Kandiss Taylor,Republican,41232,3.42,False,False
2022,Georgia,GA,governor,Republican primary results,Candidate,Catherine Davis,Republican,9778,0.81,False,False
2022,Georgia,GA,governor,Republican primary results,Candidate,Tom Williams,Republican,3255,0.27,False,False
2022,Georgia,GA,governor,Republican primary results,Total,,,1204742,100.0,False,False
2022,Georgia,GA,governor,Democratic primary results,Winning,Stacey Abrams,Democratic,727168,100.0,True,False
2022,Georgia,GA,governor,Democratic primary results,Total,,,727168,100.0,False,False
2022,Guamanian,GU,governor,Democratic primary results,Winning,Lou Leon Guerrero,Democratic,12224,62.49,True,True
2022,Guamanian,GU,governor,Democratic primary results,Candidate,Michael San Nicolas,Democratic,7309,37.37,False,False
2022,Guamanian,GU,governor,Democratic primary results,Write-in,,,27,0.14,False,False
2022,Guamanian,GU,governor,Democratic primary results,Total,,,19560,100.0,False,False
2022,Guamanian,GU,governor,Republican primary results,Winning,Felix Camacho,Republican,3008,99.41,True,False
2022,Guamanian,GU,governor,Republican primary results,Write-in,,,18,0.59,False,False
2022,Guamanian,GU,governor,Republican primary results,Total,,,3026,100.0,False,False
2022,Hawaii,HI,governor,Democratic primary results,Winning,Josh Green,Democratic,158161,62.91,True,False
2022,Hawaii,HI,governor,Democratic primary results,Candidate,Vicky Cayetano,Democratic,52447,20.86,False,False
2022,Hawaii,HI,governor,Democratic primary results,Candidate,Kai Kahele,Democratic,37738,15.01,False,False
2022,Hawaii,HI,governor,Democratic primary results,Candidate,Van Tanabe,Democratic,1236,0.49,False,False
2022,Hawaii,HI,governor,Democratic primary results,Candidate,Richard Kim,Democratic,991,0.39,False,False
2022,Hawaii,HI,governor,Democratic primary results,Candidate,David Bourgoin,Democratic,590,0.23,False,False
2022,Hawaii,HI,governor,Democratic primary results,Candidate,Clyde Lewman,Democratic,249,0.1,False,False
2022,Hawaii,HI,governor,Democratic primary results,Total,,,251412,100.0,False,False
2022,Hawaii,HI,governor,Democratic primary results,Winning,Sylvia Luke,Democratic,87797,36.23,True,False
2022,Hawaii,HI,governor,Democratic primary results,Candidate,Ikaika Anderson,Democratic,67462,27.84,False,False
2022,Hawaii,HI,governor,Democratic primary results,Candidate,Keith Amemiya,Democratic,57199,23.6,False,False
2022,Hawaii,HI,governor,Democratic primary results,Candidate,Sherry Menor-McNamara,Democratic,25349,10.46,False,False
2022,Hawaii,HI,governor,Democratic primary results,Candidate,Sam Puletasi,Democratic,2328,0.96,False,False
2022,Hawaii,HI,governor,Democratic primary results,Candidate,Daniel Cunningham,Democratic,2215,0.91,False,False
2022,Hawaii,HI,governor,Republican primary results,Winning,Duke Aiona,Republican,37608,49.57,True,False
2022,Hawaii,HI,governor,Republican primary results,Candidate,B.J. Penn,Republican,19817,26.12,False,False
2022,Hawaii,HI,governor,Republican primary results,Candidate,Gary Cordery,Republican,8258,10.88,False,False
2022,Hawaii,HI,governor,Republican primary results,Candidate,Heidi Haunani Tsuneyoshi,Republican,7255,9.56,False,False
2022,Hawaii,HI,governor,Republican primary results,Candidate,Lynn Barry Mariano,Republican,903,1.19,False,False
2022,Hawaii,HI,governor,Republican primary results,Candidate,Paul Morgan,Republican,796,1.05,False,False
2022,Hawaii,HI,governor,Republican primary results,Candidate,Keline Kahau,Republican,469,0.62,False,False
2022,Hawaii,HI,governor,Republican primary results,Candidate,Walter Woods,Republican,438,0.58,False,False
2022,Hawaii,HI,governor,Republican primary results,Candidate,Moses Paskowitz,Republican,189,0.25,False,False
2022,Hawaii,HI,governor,Republican primary results,Candidate,George Hawat,Republican,140,0.18,False,False
2022,Hawaii,HI,governor,Republican primary results,Total,,,75873,100.0,False,False
2022,Hawaii,HI,governor,Republican primary results,Winning,Seaula Tupai Jr.,Republican,35798,53.56,True,False
2022,Hawaii,HI,governor,Republican primary results,Candidate,Rob Burns,Republican,23121,34.6,False,False
2022,Hawaii,HI,governor,Republican primary results,Candidate,Tae Kim,Republican,7911,11.84,False,False
2022,Hawaii,HI,governor,Nonpartisan primary results,Candidate,Keleionalani Taylor,Nonpartisan Politician,755,61.94,False,False
2022,Hawaii,HI,governor,Nonpartisan primary results,Candidate,Caleb Nazara,Nonpartisan Politician,464,38.06,False,False
2022,Hawaii,HI,governor,Nonpartisan primary results,Total,,,1219,100.0,False,False
2022,Idaho,ID,attorney general,Republican primary results,Winning,Raúl Labrador,Republican,140576,51.6,True,False
2022,Idaho,ID,attorney general,Republican primary results,Candidate,Lawrence Wasden,Republican,103390,37.9,False,True
2022,Idaho,ID,attorney general,Republican primary results,Candidate,Arthur Macomber,Republican,28757,10.5,False,False
2022,Idaho,ID,attorney general,Republican primary results,Total,,,272723,100.0,False,False
2022,Idaho,ID,attorney general,Democratic primary results,Winning,Steven Scanlin,Democratic,31620,100.0,True,False
2022,Idaho,ID,attorney general,Democratic primary results,Total,,,31620,100.0,False,False
2022,Idaho,ID,secretary of state,Democratic primary results,Winning,Shawn Keenan,Democratic,31804,100.0,True,False
2022,Idaho,ID,secretary of state,Democratic primary results,Total,,,31804,100.0,False,False
2022,Idaho,ID,governor,Republican primary,Winning,Brad Little,Republican,148831,52.8,True,True
2022,Idaho,ID,governor,Republican primary,Candidate,Janice McGeachin,Republican,90854,32.2,False,False
2022,Idaho,ID,governor,Republican primary,Candidate,Ed Humphreys,Republican,30877,11.0,False,False
2022,Idaho,ID,governor,Republican primary,Candidate,Steve Bradshaw,Republican,5470,1.9,False,False
2022,Idaho,ID,governor,Republican primary,Candidate,Ashley Jackson,Republican,3172,1.1,False,False
2022,Idaho,ID,governor,Republican primary,Candidate,Lisa Marie,Republican,1119,0.4,False,False
2022,Idaho,ID,governor,Republican primary,Candidate,Ben Cannady,Republican,804,0.3,False,False
2022,Idaho,ID,governor,Republican primary,Candidate,Cody Usabel,Republican,680,0.2,False,False
2022,Idaho,ID,governor,Republican primary,Total,,,281807,100.0,False,False
2022,Idaho,ID,governor,Democratic primary,Winning,Stephen Heidt,Democratic,25088,78.8,True,False
2022,Idaho,ID,governor,Democratic primary,Candidate,Write-ins,Democratic,6757,21.2,False,False
2022,Idaho,ID,governor,Democratic primary,Total,,,31845,100.0,False,False
2022,Idaho,ID,governor,Libertarian primary,Winning,Paul Sand,Libertarian,426,60.2,True,False
2022,Idaho,ID,governor,Libertarian primary,Candidate,John Dionne,Libertarian,281,39.8,False,False
2022,Idaho,ID,governor,Libertarian primary,Total,,,707,100.0,False,False
2022,Idaho,ID,governor,Constitution primary,Winning,Chantyrose Davison,Constitution,345,64.4,True,False
2022,Idaho,ID,governor,Constitution primary,Candidate,Write-ins,Constitution,191,35.6,False,False
2022,Idaho,ID,governor,Constitution primary,Total,,,536,100.0,False,False
2022,Illinois,IL,attorney general,Democratic primary results,Winning,Kwame Raoul,Democratic,830578,100.0,True,True
2022,Illinois,IL,attorney general,Democratic primary results,Total,,,830578,100.0,False,False
2022,Illinois,IL,attorney general,Republican primary results,Winning,Thomas G. DeVore,Republican,316726,44.21,True,False
2022,Illinois,IL,attorney general,Republican primary results,Candidate,Steve Kim,Republican,248652,34.71,False,False
2022,Illinois,IL,attorney general,Republican primary results,Candidate,David Shestokas,Republican,151045,21.08,False,False
2022,Illinois,IL,attorney general,Republican primary results,Total,,,716423,100.0,False,False
2022,Illinois,IL,secretary of state,Democratic primary results,Winning,Alexi Giannoulias,Democratic,452221,52.12,True,False
2022,Illinois,IL,secretary of state,Democratic primary results,Candidate,Anna M. Valencia,Democratic,303671,35.0,False,False
2022,Illinois,IL,secretary of state,Democratic primary results,Candidate,David H. Moore,Democratic,77983,8.99,False,False
2022,Illinois,IL,secretary of state,Democratic primary results,Candidate,Sidney Moore,Democratic,33762,3.89,False,False
2022,Illinois,IL,secretary of state,Democratic primary results,Total,,,867637,100.0,False,False
2022,Illinois,IL,secretary of state,Republican primary results,Winning,Dan Brady,Republican,550700,76.36,True,False
2022,Illinois,IL,secretary of state,Republican primary results,Candidate,John C. Milhiser,Republican,170496,23.64,False,False
2022,Illinois,IL,secretary of state,Republican primary results,Total,,,721196,100.0,False,False
2022,Illinois,IL,state treasurer,Democratic primary results,Winning,Mike Frerichs,Democratic,811732,100.0,True,True
2022,Illinois,IL,state treasurer,Democratic primary results,Total,,,811732,100.0,False,False
2022,Illinois,IL,state treasurer,Republican primary results,Winning,Tom Demmer,Republican,670758,100.0,True,False
2022,Illinois,IL,state treasurer,Republican primary results,Total,,,670758,100.0,False,False
2022,Illinois,IL,governor,Democratic primary results,Winning,JB Pritzker,Democratic,810989,91.88,True,True
2022,Illinois,IL,governor,Democratic primary results,Candidate,Beverly Miles,Democratic,71704,8.12,False,False
2022,Illinois,IL,governor,Democratic primary results,Total,,,882693,100.0,False,False
2022,Illinois,IL,governor,Republican primary results,Winning,Darren Bailey,Republican,458102,57.48,True,False
2022,Illinois,IL,governor,Republican primary results,Candidate,Jesse Sullivan,Republican,125094,15.7,False,False
2022,Illinois,IL,governor,Republican primary results,Candidate,Richard Irvin,Republican,119592,15.0,False,False
2022,Illinois,IL,governor,Republican primary results,Candidate,Gary Rabine,Republican,52194,6.55,False,False
2022,Illinois,IL,governor,Republican primary results,Candidate,Paul Schimpf,Republican,34676,4.35,False,False
2022,Illinois,IL,governor,Republican primary results,Candidate,Max Solomon,Republican,7371,0.92,False,False
2022,Illinois,IL,governor,Republican primary results,Total,,,797029,100.0,False,False
2022,Iowa,IA,attorney general,Democratic primary results,Winning,Tom Miller,Democratic,146284,99.73,True,True
2022,Iowa,IA,attorney general,Democratic primary results,Write-in,,,399,0.27,False,False
2022,Iowa,IA,attorney general,Democratic primary results,Total,,,146683,100.0,False,False
2022,Iowa,IA,attorney general,Republican primary results,Winning,Brenna Bird,Republican,163114,99.59,True,False
2022,Iowa,IA,attorney general,Republican primary results,Write-in,,,670,0.41,False,False
2022,Iowa,IA,attorney general,Republican primary results,Total,,,163784,100.0,False,False
2022,Iowa,IA,secretary of state,Republican primary results,Winning,Paul D. Pate,Republican,174513,99.68,True,True
2022,Iowa,IA,secretary of state,Republican primary results,Write-in,,,567,0.32,False,False
2022,Iowa,IA,secretary of state,Republican primary results,Total,,,175080,100.0,False,False
2022,Iowa,IA,secretary of state,Democratic primary results,Winning,Joel Miller,Democratic,98049,71.57,True,False
2022,Iowa,IA,secretary of state,Democratic primary results,Candidate,Eric Van Lancker,Democratic,38646,28.21,False,False
2022,Iowa,IA,secretary of state,Democratic primary results,Write-in,,,294,0.21,False,False
2022,Iowa,IA,secretary of state,Democratic primary results,Total,,,136989,100.0,False,False
2022,Iowa,IA,state treasurer,Democratic primary results,Winning,Michael Fitzgerald,Democratic,145929,99.84,True,True
2022,Iowa,IA,state treasurer,Democratic primary results,Write-in,,,235,0.16,False,False
2022,Iowa,IA,state treasurer,Democratic primary results,Total,,,146164,100.0,False,False
2022,Iowa,IA,state treasurer,Republican primary results,Winning,Roby Smith,Republican,164191,99.63,True,False
2022,Iowa,IA,state treasurer,Republican primary results,Write-in,,,603,0.37,False,False
2022,Iowa,IA,state treasurer,Republican primary results,Total,,,164794,100.0,False,False
2022,Iowa,IA,governor,Republican primary results,Winning,Kim Reynolds,Republican,185293,99.03,True,True
2022,Iowa,IA,governor,Republican primary results,Write-in,,,1808,0.97,False,False
2022,Iowa,IA,governor,Republican primary results,Total,,,187101,100.0,False,False
2022,Iowa,IA,governor,Democratic primary results,Winning,Deidre DeJear,Democratic,145555,99.45,True,False
2022,Iowa,IA,governor,Democratic primary results,Write-in,,,801,0.55,False,False
2022,Iowa,IA,governor,Democratic primary results,Total,,,146356,100.0,False,False
2022,Kansas,KS,attorney general,Republican primary results,Winning,Kris Kobach,Republican,200904,42.26,True,False
2022,Kansas,KS,attorney general,Republican primary results,Candidate,Kellie Warren,Republican,180367,37.94,False,False
2022,Kansas,KS,attorney general,Republican primary results,Candidate,Tony Mattivi,Republican,94155,19.8,False,False
2022,Kansas,KS,attorney general,Republican primary results,Total,,,475426,100.0,False,False
2022,Kansas,KS,attorney general,Democratic primary results,Winning,Chris Mann,Democratic,248846,100.0,True,False
2022,Kansas,KS,attorney general,Democratic primary results,Total,,,248846,100.0,False,False
2022,Kansas,KS,secretary of state,Republican primary results,Winning,Scott Schwab,Republican,245998,55.24,True,True
2022,Kansas,KS,secretary of state,Republican primary results,Candidate,Mike Brown,Republican,199316,44.76,False,False
2022,Kansas,KS,secretary of state,Republican primary results,Total,,,445314,100.0,False,False
2022,Kansas,KS,secretary of state,Democratic primary results,Winning,Jeanna Repass,Democratic,246870,100.0,True,False
2022,Kansas,KS,secretary of state,Democratic primary results,Total,,,246870,100.0,False,False
2022,Kansas,KS,state treasurer,Democratic primary,Winning,Lynn Rogers,Democratic,249919,100.0,True,True
2022,Kansas,KS,state treasurer,Democratic primary,Total,,,249919,100.0,False,False
2022,Kansas,KS,state treasurer,Republican primary,Winning,Steven Johnson,Republican,219449,50.05,True,False
2022,Kansas,KS,state treasurer,Republican primary,Total,,,438424,100.0,False,False
2022,Kansas,KS,governor,Democratic primary results,Winning,Laura Kelly,Democratic,270968,93.84,True,True
2022,Kansas,KS,governor,Democratic primary results,Candidate,Richard Karnowski,Democratic,17802,6.16,False,False
2022,Kansas,KS,governor,Democratic primary results,Total,,,288770,100.0,False,False
2022,Kansas,KS,governor,Republican primary results,Winning,Derek Schmidt,Republican,373524,80.6,True,False
2022,Kansas,KS,governor,Republican primary results,Candidate,Arlyn Briggs,Republican,89898,19.4,False,False
2022,Kansas,KS,governor,Republican primary results,Total,,,463422,100.0,False,False
2022,Maine,ME,governor,Democratic primary results,Winning,Janet Mills,Democratic,69422,93.42,True,True
2022,Maine,ME,governor,Democratic primary results,Candidate,Blank ballots,Democratic,4889,6.58,False,False
2022,Maine,ME,governor,Democratic primary results,Total,,,74311,100.0,False,False
2022,Maine,ME,governor,Republican primary results,Winning,Paul LePage,Republican,59713,90.91,True,False
2022,Maine,ME,governor,Republican primary results,Candidate,Blank ballots,Republican,5971,9.09,False,False
2022,Maine,ME,governor,Republican primary results,Total,,,65684,100.0,False,False
2022,Maryland,MD,attorney general,Democratic primary results,Winning,Anthony Brown,Democratic,362882,55.06,True,False
2022,Maryland,MD,attorney general,Democratic primary results,Candidate,Katie O'Malley,Democratic,296183,44.94,False,False
2022,Maryland,MD,attorney general,Democratic primary results,Total,,,659065,100.0,False,False
2022,Maryland,MD,attorney general,Republican primary results,Winning,Michael Peroutka,Republican,135915,54.98,True,False
2022,Maryland,MD,attorney general,Republican primary results,Candidate,Jim Shalleck,Republican,111276,45.02,False,False
2022,Maryland,MD,attorney general,Republican primary results,Total,,,247191,100.0,False,False
2022,Maryland,MD,governor,Republican primary results,Winning,Dan Cox,Republican,153423,52.0,True,False
2022,Maryland,MD,governor,Republican primary results,Candidate,Kelly Schulz,Republican,128302,43.48,False,False
2022,Maryland,MD,governor,Republican primary results,Candidate,Robin Ficker,Republican,8268,2.8,False,False
2022,Maryland,MD,governor,Republican primary results,Candidate,Joe Werner,Republican,5075,1.72,False,False
2022,Maryland,MD,governor,Republican primary results,Total,,,295068,100.0,False,False
2022,Maryland,MD,governor,Democratic primary results,Winning,Wes Moore,Democratic,217524,32.41,True,False
2022,Maryland,MD,governor,Democratic primary results,Candidate,Tom Perez,Democratic,202175,30.12,False,False
2022,Maryland,MD,governor,Democratic primary results,Candidate,Peter Franchot,Democratic,141586,21.1,False,False
2022,Maryland,MD,governor,Democratic primary results,Candidate,Rushern Baker (withdrawn),Democratic,26594,3.96,False,False
2022,Maryland,MD,governor,Democratic primary results,Candidate,Doug Gansler,Democratic,25481,3.8,False,False
2022,Maryland,MD,governor,Democratic primary results,Candidate,John King Jr.,Democratic,24882,3.71,False,False
2022,Maryland,MD,governor,Democratic primary results,Candidate,Ashwani Jain,Democratic,13784,2.05,False,False
2022,Maryland,MD,governor,Democratic primary results,Candidate,Jon Baron,Democratic,11880,1.77,False,False
2022,Maryland,MD,governor,Democratic primary results,Candidate,Jerome Segal,Democratic,4276,0.64,False,False
2022,Maryland,MD,governor,Democratic primary results,Candidate,Ralph Jaffe,Democratic,2978,0.44,False,False
2022,Maryland,MD,governor,Democratic primary results,Total,,,671160,100.0,False,False
2022,Massachusetts,MA,attorney general,"Democratic convention vote first round, June 4",Winning,Andrea Campbell,Democratic,1622,39.2,True,False
2022,Massachusetts,MA,attorney general,"Democratic convention vote first round, June 4",Candidate,Quentin Palfrey,Democratic,1605,38.8,False,False
2022,Massachusetts,MA,attorney general,"Democratic convention vote first round, June 4",Candidate,Shannon Liss-Riordan,Democratic,906,21.9,False,False
2022,Massachusetts,MA,attorney general,"Democratic convention vote first round, June 4",Total,,,4133,100.0,False,False
2022,Massachusetts,MA,attorney general,"Democratic convention vote second round, June 4",Winning,Quentin Palfrey,Democratic,1920,54.0,True,False
2022,Massachusetts,MA,attorney general,"Democratic convention vote second round, June 4",Candidate,Andrea Campbell,Democratic,1631,46.0,False,False
2022,Massachusetts,MA,attorney general,"Democratic convention vote second round, June 4",Total,,,3551,100.0,False,False
2022,Massachusetts,MA,attorney general,Democratic primary results,Winning,Andrea Campbell,Democratic,365362,50.1,True,False
2022,Massachusetts,MA,attorney general,Democratic primary results,Candidate,Shannon Liss-Riordan,Democratic,248648,34.1,False,False
2022,Massachusetts,MA,attorney general,Democratic primary results,Candidate,Quentin Palfrey (withdrawn),Democratic,115200,15.8,False,False
2022,Massachusetts,MA,attorney general,Democratic primary results,Total,,,729210,100.0,False,False
2022,Massachusetts,MA,attorney general,Republican primary results,Winning,"James R. McMahon, III",Republican,215283,100.0,True,False
2022,Massachusetts,MA,attorney general,Republican primary results,Total,,,215283,100.0,False,False
2022,Massachusetts,MA,governor,Republican primary results,Winning,Geoff Diehl,Republican,149800,55.44,True,False
2022,Massachusetts,MA,governor,Republican primary results,Candidate,Chris Doughty,Republican,120418,44.56,False,False
2022,Massachusetts,MA,governor,Republican primary results,Total,,,270218,100.0,False,False
2022,Massachusetts,MA,governor,Republican primary results,Winning,Leah Cole Allen,Republican,130962,52.28,True,False
2022,Massachusetts,MA,governor,Republican primary results,Candidate,Kate Campanale,Republican,119516,47.72,False,False
2022,Massachusetts,MA,governor,"Democratic convention vote, June 4",Winning,Maura Healey,Democratic,2858,71.2,True,False
2022,Massachusetts,MA,governor,"Democratic convention vote, June 4",Candidate,Sonia Chang-Díaz,Democratic,1155,28.8,False,False
2022,Massachusetts,MA,governor,"Democratic convention vote, June 4",Total,,,4013,100.0,False,False
2022,Massachusetts,MA,governor,"Democratic primary, September 6",Winning,Maura Healey,Democratic,642092,85.54,True,False
2022,Massachusetts,MA,governor,"Democratic primary, September 6",Candidate,Sonia Chang-Díaz (withdrawn),Democratic,108574,14.46,False,False
2022,Massachusetts,MA,governor,"Democratic primary, September 6",Total,,,750666,100.0,False,False
2022,Massachusetts,MA,governor,"Democratic convention vote, June 4",Winning,Kim Driscoll,Democratic,1641,41.4,True,False
2022,Massachusetts,MA,governor,"Democratic convention vote, June 4",Candidate,Tami Gouveia,Democratic,911,23.0,False,False
2022,Massachusetts,MA,governor,"Democratic convention vote, June 4",Candidate,Eric Lesser,Democratic,839,21.2,False,False
2022,Massachusetts,MA,governor,"Democratic convention vote, June 4",Candidate,Adam Hinds,Democratic,493,12.2,False,False
2022,Massachusetts,MA,governor,"Democratic convention vote, June 4",Candidate,Bret Bero,Democratic,81,2.0,False,False
2022,Massachusetts,MA,governor,"Democratic primary, September 6",Winning,Kim Driscoll,Democratic,332712,46.65,True,False
2022,Massachusetts,MA,governor,"Democratic primary, September 6",Candidate,Eric Lesser,Democratic,233241,32.71,False,False
2022,Massachusetts,MA,governor,"Democratic primary, September 6",Candidate,Tami Gouveia,Democratic,147224,20.64,False,False
2022,Michigan,MI,governor,Democratic primary results,Winning,Gretchen Whitmer,Democratic,938382,100.0,True,True
2022,Michigan,MI,governor,Democratic primary results,Total,,,938382,100.0,False,False
2022,Michigan,MI,governor,Republican primary results,Winning,Tudor Dixon,Republican,436350,39.69,True,False
2022,Michigan,MI,governor,Republican primary results,Candidate,Kevin Rinke,Republican,236306,21.5,False,False
2022,Michigan,MI,governor,Republican primary results,Candidate,Garrett Soldano,Republican,192442,17.51,False,False
2022,Michigan,MI,governor,Republican primary results,Candidate,Ryan Kelley,Republican,165587,15.06,False,False
2022,Michigan,MI,governor,Republican primary results,Candidate,Ralph Rebandt,Republican,45046,4.1,False,False
2022,Michigan,MI,governor,Republican primary results,Write-in,,,23542,2.14,False,False
2022,Michigan,MI,governor,Republican primary results,Total,,,1099273,100.0,False,False
2022,Minnesota,MN,attorney general,Democratic (DFL) primary results,Winning,Keith Ellison,Minnesota Democratic–farmer–labor,378367,89.35,True,True
2022,Minnesota,MN,attorney general,Democratic (DFL) primary results,Candidate,Bill Dahn,Minnesota Democratic–farmer–labor,45110,10.65,False,False
2022,Minnesota,MN,attorney general,Democratic (DFL) primary results,Total,,,423477,100.0,False,False
2022,Minnesota,MN,attorney general,Republican primary results,Winning,Jim Schultz,Republican,163944,52.51,True,False
2022,Minnesota,MN,attorney general,Republican primary results,Candidate,Doug Wardlow,Republican,108537,34.76,False,False
2022,Minnesota,MN,attorney general,Republican primary results,Candidate,Sharon Anderson,Republican,39723,12.72,False,False
2022,Minnesota,MN,attorney general,Republican primary results,Total,,,312204,100.0,False,False
2022,Minnesota,MN,secretary of state,Democratic primary results,Winning,Steve Simon,Minnesota Democratic-farmer-labor,285314,72.51,True,True
2022,Minnesota,MN,secretary of state,Democratic primary results,Candidate,Steve Carlson,Minnesota Democratic-farmer-labor,108144,27.49,False,False
2022,Minnesota,MN,secretary of state,Democratic primary results,Total,,,393458,100.0,False,False
2022,Minnesota,MN,secretary of state,Republican primary results,Winning,Kim Crockett,Republican,190156,63.15,True,False
2022,Minnesota,MN,secretary of state,Republican primary results,Candidate,Eric van Mechelen,Republican,110940,36.85,False,False
2022,Minnesota,MN,secretary of state,Republican primary results,Total,,,301096,100.0,False,False
2022,Minnesota,MN,governor,Democratic–Farmer–Labor primary results,Winning,Tim Walz,Minnesota Democratic–farmer–labor,416973,96.54,True,True
2022,Minnesota,MN,governor,Democratic–Farmer–Labor primary results,Candidate,Ole Savior,Minnesota Democratic–farmer–labor,14950,3.46,False,False
2022,Minnesota,MN,governor,Democratic–Farmer–Labor primary results,Total,,,431923,100.0,False,False
2022,Minnesota,MN,governor,Republican primary results,Winning,Scott Jensen,Republican,288499,89.31,True,False
2022,Minnesota,MN,governor,Republican primary results,Candidate,Joyce Lynne Lacey,Republican,21308,6.6,False,False
2022,Minnesota,MN,governor,Republican primary results,Candidate,"Bob ""Again"" Carney Jr.",Republican,13213,4.09,False,False
2022,Minnesota,MN,governor,Republican primary results,Total,,,323020,100.0,False,False
2022,Nebraska,NE,attorney general,Republican primary results,Winning,Mike Hilgers,Republican,151709,67.24,True,False
2022,Nebraska,NE,attorney general,Republican primary results,Candidate,Jennifer Hicks,Republican,73906,32.76,False,False
2022,Nebraska,NE,attorney general,Republican primary results,Total,,,225615,100.0,False,False
2022,Nebraska,NE,attorney general,Legal Marijuana Now primary results,Winning,Larry Bolinger,Now,912,100.0,True,False
2022,Nebraska,NE,attorney general,Legal Marijuana Now primary results,Total,,,912,100.0,False,False
2022,Nebraska,NE,secretary of state,Republican primary results,Winning,Bob Evnen (inc.),Republican,98263,40.89,True,False
2022,Nebraska,NE,secretary of state,Republican primary results,Candidate,Robert J. Borer,Republican,72150,30.02,False,False
2022,Nebraska,NE,secretary of state,Republican primary results,Candidate,Rex Schroder,Republican,53628,22.29,False,False
2022,Nebraska,NE,secretary of state,Republican primary results,Total,,,224041,100.0,False,False
2022,Nebraska,NE,state treasurer,Republican primary results,Winning,John Murante (inc.),Republican,121808,56.98,True,False
2022,Nebraska,NE,state treasurer,Republican primary results,Candidate,Paul Anderson,Republican,92522,43.02,False,False
2022,Nebraska,NE,state treasurer,Republican primary results,Total,,,214330,100.0,False,False
2022,Nebraska,NE,governor,Republican primary results,Winning,Jim Pillen,Republican,91555,33.88,True,False
2022,Nebraska,NE,governor,Republican primary results,Candidate,Charles Herbster,Republican,80771,29.91,False,False
2022,Nebraska,NE,governor,Republican primary results,Candidate,Brett Lindstrom,Republican,70554,26.14,False,False
2022,Nebraska,NE,governor,Republican primary results,Candidate,Theresa Thibodeau,Republican,16432,6.07,False,False
2022,Nebraska,NE,governor,Republican primary results,Candidate,Breland Ridenour,Republican,4685,1.73,False,False
2022,Nebraska,NE,governor,Republican primary results,Candidate,Michael Connely,Republican,2838,1.05,False,False
2022,Nebraska,NE,governor,Republican primary results,Candidate,Donna Nicole Carpenter,Republican,1536,0.57,False,False
2022,Nebraska,NE,governor,Republican primary results,Candidate,Lela McNinch,Republican,1192,0.44,False,False
2022,Nebraska,NE,governor,Republican primary results,Candidate,Troy Wentz,Republican,708,0.26,False,False
2022,Nebraska,NE,governor,Republican primary results,Total,,,270271,100.0,False,False
2022,Nebraska,NE,governor,Democratic primary results,Winning,Carol Blood,Democratic,88859,88.75,True,False
2022,Nebraska,NE,governor,Democratic primary results,Candidate,Roy A. Harris,Democratic,11267,11.25,False,False
2022,Nebraska,NE,governor,Democratic primary results,Total,,,100126,100.0,False,False
2022,Nebraska,NE,governor,Libertarian primary results,Winning,Scott Zimmerman,Libertarian,1595,100.0,True,False
2022,Nebraska,NE,governor,Libertarian primary results,Total,,,1595,100.0,False,False
2022,Nevada,NV,attorney general,Republican primary results,Winning,Sigal Chattah,Republican,112941,50.99,True,False
2022,Nevada,NV,attorney general,Republican primary results,Candidate,Tisha Black,Republican,88019,39.74,False,False
2022,Nevada,NV,attorney general,Republican primary results,Total,,,221505,100.0,False,False
2022,Nevada,NV,secretary of state,Republican primary results,Winning,Jim Marchant,Republican,82843,37.62,True,False
2022,Nevada,NV,secretary of state,Republican primary results,Candidate,Jesse Haw,Republican,44778,20.33,False,False
2022,Nevada,NV,secretary of state,Republican primary results,Candidate,Richard Scotti,Republican,34984,15.89,False,False
2022,Nevada,NV,secretary of state,Republican primary results,Candidate,Kristopher Dahir,Republican,15204,6.9,False,False
2022,Nevada,NV,secretary of state,Republican primary results,Candidate,John Gerhardt,Republican,10815,4.91,False,False
2022,Nevada,NV,secretary of state,Republican primary results,Candidate,Gerard Ramalho,Republican,9325,4.23,False,False
2022,Nevada,NV,secretary of state,Republican primary results,Candidate,Socorro Keenan,Republican,4025,1.83,False,False
2022,Nevada,NV,secretary of state,Republican primary results,Total,,,220219,100.0,False,False
2022,Nevada,NV,state treasurer,Republican primary results,Winning,Michele Fiore,Republican,134184,61.1,True,False
2022,Nevada,NV,state treasurer,Republican primary results,Candidate,Manny Kess,Republican,65048,29.62,False,False
2022,Nevada,NV,state treasurer,Republican primary results,Total,,,219602,100.0,False,False
2022,New Hampshire,NH,governor,Republican primary results,Winning,Chris Sununu,Republican,113443,78.66,True,True
2022,New Hampshire,NH,governor,Republican primary results,Candidate,Karen Testerman,Republican,14473,10.04,False,False
2022,New Hampshire,NH,governor,Republican primary results,Candidate,Thaddeus Riley,Republican,11107,7.7,False,False
2022,New Hampshire,NH,governor,Republican primary results,Candidate,Julian Acciard,Republican,2906,2.01,False,False
2022,New Hampshire,NH,governor,Republican primary results,Candidate,Jay Lewis,Republican,1318,0.91,False,False
2022,New Hampshire,NH,governor,Republican primary results,Candidate,Richard McMenamon II,Republican,817,0.57,False,False
2022,New Hampshire,NH,governor,Republican primary results,Write-in,,,160,0.11,False,False
2022,New Hampshire,NH,governor,Republican primary results,Total,,,144224,100.0,False,False
2022,New Hampshire,NH,governor,Democratic primary results,Winning,Tom Sherman,Democratic,82607,97.57,True,False
2022,New Hampshire,NH,governor,Democratic primary results,Candidate,Chris Sununu (incumbent) (write-in),Republican,1963,2.32,False,False
2022,New Hampshire,NH,governor,Democratic primary results,Write-in,,,95,0.11,False,False
2022,New Hampshire,NH,governor,Democratic primary results,Total,,,84665,100.0,False,False
2022,New Mexico,NM,attorney general,Democratic primary results,Winning,Raúl Torrez,Democratic,73299,53.49,True,False
2022,New Mexico,NM,attorney general,Democratic primary results,Candidate,Brian Colón,Democratic,63723,46.51,False,False
2022,New Mexico,NM,attorney general,Democratic primary results,Total,,,137022,100.0,False,False
2022,New Mexico,NM,attorney general,Republican primary results,Winning,Jeremy Gay,Republican,92688,100.0,True,False
2022,New Mexico,NM,attorney general,Republican primary results,Total,,,92688,100.0,False,False
2022,New Mexico,NM,secretary of state,Democratic primary results,Winning,Maggie Toulouse Oliver,Democratic,120492,100.0,True,True
2022,New Mexico,NM,secretary of state,Democratic primary results,Total,,,120492,100.0,False,False
2022,New Mexico,NM,secretary of state,Republican primary results,Winning,Audrey Trujillo,Republican,93172,100.0,True,False
2022,New Mexico,NM,secretary of state,Republican primary results,Total,,,93172,100.0,False,False
2022,New Mexico,NM,secretary of state,Libertarian primary results,Winning,Mayna Erika Myers,Libertarian,1142,100.0,True,False
2022,New Mexico,NM,secretary of state,Libertarian primary results,Total,,,1142,100.0,False,False
2022,New Mexico,NM,state treasurer,Democratic primary results,Winning,Laura Montoya,Democratic,75538,58.7,True,False
2022,New Mexico,NM,state treasurer,Democratic primary results,Candidate,Heather Benavidez,Democratic,53148,41.3,False,False
2022,New Mexico,NM,state treasurer,Democratic primary results,Total,,,128686,100.0,False,False
2022,New Mexico,NM,state treasurer,Republican primary results,Winning,Harry Montoya,Republican,91766,100.0,True,False
2022,New Mexico,NM,state treasurer,Republican primary results,Total,,,91766,100.0,False,False
2022,New Mexico,NM,governor,Gubernatorial Democratic primary results,Winning,Michelle Lujan Grisham,Democratic,125238,100.0,True,True
2022,New Mexico,NM,governor,Gubernatorial Democratic primary results,Total,,,125238,100.0,False,False
2022,New Mexico,NM,governor,Lieutenant gubernatorial Democratic primary results,Winning,Howie Morales,Democratic,117293,100.0,True,True
2022,New Mexico,NM,governor,Lieutenant gubernatorial Democratic primary results,Total,,,117293,100.0,False,False
2022,New Mexico,NM,governor,Gubernatorial Republican primary results,Winning,Mark Ronchetti,Republican,68658,58.41,True,False
2022,New Mexico,NM,governor,Gubernatorial Republican primary results,Candidate,Rebecca Dow,Republican,18185,15.47,False,False
2022,New Mexico,NM,governor,Gubernatorial Republican primary results,Candidate,Gregory Zanetti,Republican,16394,13.95,False,False
2022,New Mexico,NM,governor,Gubernatorial Republican primary results,Candidate,Jay Block,Republican,12469,10.61,False,False
2022,New Mexico,NM,governor,Gubernatorial Republican primary results,Candidate,Ethel Maharg,Republican,1845,1.57,False,False
2022,New Mexico,NM,governor,Gubernatorial Republican primary results,Total,,,117551,100.0,False,False
2022,New Mexico,NM,governor,Lieutenant gubernatorial Republican primary results,Winning,Ant Thornton,Republican,64386,59.71,True,False
2022,New Mexico,NM,governor,Lieutenant gubernatorial Republican primary results,Candidate,Peggy Muller-Aragon,Republican,43438,40.29,False,False
2022,New Mexico,NM,governor,Lieutenant gubernatorial Republican primary results,Total,,,107824,100.0,False,False
2022,New Mexico,NM,governor,Gubernatorial Libertarian primary results,Winning,Karen Bedonie,Libertarian,980,86.12,True,False
2022,New Mexico,NM,governor,Gubernatorial Libertarian primary results,Candidate,Ginger G. Grider (write-in),Libertarian,158,13.88,False,False
2022,New Mexico,NM,governor,Gubernatorial Libertarian primary results,Total,,,1138,100.0,False,False
2022,New Mexico,NM,governor,Lieutenant gubernatorial Libertarian primary results,Winning,Travis Sanchez,Libertarian,1175,100.0,True,False
2022,New Mexico,NM,governor,Lieutenant gubernatorial Libertarian primary results,Total,,,1175,100.0,False,False
2022,New York,NY,governor,Democratic gubernatorial primary results,Winning,Kathy Hochul,New York State Democratic Committee,607928,67.64,True,True
2022,New York,NY,governor,Democratic gubernatorial primary results,Candidate,Jumaane Williams,New York State Democratic Committee,173872,19.35,False,False
2022,New York,NY,governor,Democratic gubernatorial primary results,Candidate,Tom Suozzi,New York State Democratic Committee,116972,13.01,False,False
2022,New York,NY,governor,Democratic gubernatorial primary results,Total,,,898772,100.0,False,False
2022,New York,NY,governor,Democratic lieutenant gubernatorial primary results,Winning,Antonio Delgado,New York State Democratic Committee,522069,60.93,True,True
2022,New York,NY,governor,Democratic lieutenant gubernatorial primary results,Candidate,Ana Maria Archila,New York State Democratic Committee,213210,24.88,False,False
2022,New York,NY,governor,Democratic lieutenant gubernatorial primary results,Candidate,Diana Reyna,New York State Democratic Committee,121589,14.19,False,False
2022,New York,NY,governor,Democratic lieutenant gubernatorial primary results,Total,,,856868,100.0,False,False
2022,New York,NY,governor,Republican gubernatorial primary results,Winning,Lee Zeldin,New York Republican State Committee,196874,43.62,True,False
2022,New York,NY,governor,Republican gubernatorial primary results,Candidate,Andrew Giuliani,New York Republican State Committee,103267,22.88,False,False
2022,New York,NY,governor,Republican gubernatorial primary results,Candidate,Rob Astorino,New York Republican State Committee,84464,18.71,False,False
2022,New York,NY,governor,Republican gubernatorial primary results,Candidate,Harry Wilson,New York Republican State Committee,66736,14.79,False,False
2022,New York,NY,governor,Republican gubernatorial primary results,Total,,,451341,100.0,False,False
2022,Ohio,OH,attorney general,Republican primary results,Winning,Dave Yost,Republican,870124,100.0,True,True
2022,Ohio,OH,attorney general,Republican primary results,Total,,,870124,100.0,False,False
2022,Ohio,OH,attorney general,Democratic primary results,Winning,Jeffrey Crossman,Democratic,433014,100.0,True,False
2022,Ohio,OH,attorney general,Democratic primary results,Total,,,433014,100.0,False,False
2022,Ohio,OH,secretary of state,Republican primary results,Winning,Frank LaRose,Republican,613378,64.7,True,True
2022,Ohio,OH,secretary of state,Republican primary results,Candidate,John Adams,Republican,335457,35.3,False,False
2022,Ohio,OH,secretary of state,Republican primary results,Total,,,948835,100.0,False,False
2022,Ohio,OH,secretary of state,Democratic primary results,Winning,Chelsea Clark,Democratic,434038,100.0,True,False
2022,Ohio,OH,secretary of state,Democratic primary results,Total,,,434038,100.0,False,False
2022,Ohio,OH,state treasurer,Republican primary results,Winning,Robert Sprague,Republican,810487,100.0,True,True
2022,Ohio,OH,state treasurer,Republican primary results,Total,,,810487,100.0,False,False
2022,Ohio,OH,state treasurer,Democratic primary results,Winning,Scott Schertzer,Democratic,421827,100.0,True,False
2022,Ohio,OH,state treasurer,Democratic primary results,Total,,,421827,100.0,False,False
2022,Ohio,OH,governor,Republican primary results,Winning,Mike DeWine,Republican,519594,48.11,True,True
2022,Ohio,OH,governor,Republican primary results,Candidate,Jim Renacci,Republican,302494,28.01,False,False
2022,Ohio,OH,governor,Republican primary results,Candidate,Joe Blystone,Republican,235584,21.81,False,False
2022,Ohio,OH,governor,Republican primary results,Candidate,Ron Hood,Republican,22411,2.07,False,False
2022,Ohio,OH,governor,Republican primary results,Total,,,1080083,100.0,False,False
2022,Ohio,OH,governor,Democratic primary results,Winning,Nan Whaley,Democratic,331014,65.01,True,False
2022,Ohio,OH,governor,Democratic primary results,Candidate,John Cranley,Democratic,178132,34.99,False,False
2022,Ohio,OH,governor,Democratic primary results,Total,,,509146,100.0,False,False
2022,Oklahoma,OK,attorney general,Republican primary results,Winning,Gentner Drummond,Republican,180338,50.9,True,False
2022,Oklahoma,OK,attorney general,Republican primary results,Candidate,John O'Connor,Republican,174125,49.1,False,True
2022,Oklahoma,OK,attorney general,Republican primary results,Total,,,354463,100.0,False,False
2022,Oklahoma,OK,state treasurer,Republican primary results,Winning,Todd Russ,Republican,164376,48.5,True,False
2022,Oklahoma,OK,state treasurer,Republican primary results,Winning,Clark Jolley,Republican,114776,33.9,True,False
2022,Oklahoma,OK,state treasurer,Republican primary results,Candidate,David Hooten,Republican,59721,17.6,False,False
2022,Oklahoma,OK,state treasurer,Republican primary results,Total,,,338873,100.0,False,False
2022,Oklahoma,OK,state treasurer,Republican primary results,Candidate,Clark Jolley,Republican,120561,44.5,False,False
2022,Oklahoma,OK,governor,Republican primary results,Winning,Kevin Stitt,Republican,248525,69.06,True,True
2022,Oklahoma,OK,governor,Republican primary results,Candidate,Joel Kintsel,Republican,51587,14.33,False,False
2022,Oklahoma,OK,governor,Republican primary results,Candidate,Mark Sherwood,Republican,47713,13.26,False,False
2022,Oklahoma,OK,governor,Republican primary results,Candidate,Moira McCabe,Republican,12046,3.35,False,False
2022,Oklahoma,OK,governor,Republican primary results,Total,,,359871,100.0,False,False
2022,Oklahoma,OK,governor,Democratic primary results,Winning,Joy Hofmeister,Democratic,101913,60.73,True,False
2022,Oklahoma,OK,governor,Democratic primary results,Candidate,Connie Johnson,Democratic,65894,39.27,False,False
2022,Oklahoma,OK,governor,Democratic primary results,Total,,,167807,100.0,False,False
2022,Oregon,OR,governor,Democratic primary results,Winning,Tina Kotek,Democratic,275301,57.63,True,False
2022,Oregon,OR,governor,Democratic primary results,Candidate,Tobias Read,Democratic,156017,32.66,False,False
2022,Oregon,OR,governor,Democratic primary results,Candidate,Patrick Starnes,Democratic,10524,2.2,False,False
2022,Oregon,OR,governor,Democratic primary results,Candidate,George Carrillo,Democratic,9365,1.96,False,False
2022,Oregon,OR,governor,Democratic primary results,Candidate,Michael Trimble,Democratic,5000,1.05,False,False
2022,Oregon,OR,governor,Democratic primary results,Candidate,John Sweeney,Democratic,4193,0.88,False,False
2022,Oregon,OR,governor,Democratic primary results,Candidate,Julian Bell,Democratic,3926,0.82,False,False
2022,Oregon,OR,governor,Democratic primary results,Candidate,Wilson Bright,Democratic,2316,0.48,False,False
2022,Oregon,OR,governor,Democratic primary results,Candidate,Dave Stauffer,Democratic,2302,0.48,False,False
2022,Oregon,OR,governor,Democratic primary results,Candidate,Ifeanyichukwu Diru,Democratic,1780,0.37,False,False
2022,Oregon,OR,governor,Democratic primary results,Candidate,Keisha Marchant,Democratic,1755,0.37,False,False
2022,Oregon,OR,governor,Democratic primary results,Candidate,Genevieve Wilson,Democratic,1588,0.33,False,False
2022,Oregon,OR,governor,Democratic primary results,Candidate,Michael Cross,Democratic,1342,0.28,False,False
2022,Oregon,OR,governor,Democratic primary results,Candidate,David Beem,Democratic,1308,0.27,False,False
2022,Oregon,OR,governor,Democratic primary results,Candidate,Peter Hall,Democratic,982,0.21,False,False
2022,Oregon,OR,governor,Democratic primary results,Total,,,477699,100.0,False,False
2022,Oregon,OR,governor,Republican primary results,Winning,Christine Drazan,Republican,85255,22.99,True,False
2022,Oregon,OR,governor,Republican primary results,Candidate,Bob Tiernan,Republican,66089,17.82,False,False
2022,Oregon,OR,governor,Republican primary results,Candidate,Stan Pulliam,Republican,41123,11.09,False,False
2022,Oregon,OR,governor,Republican primary results,Candidate,Bridget Barton,Republican,40886,11.02,False,False
2022,Oregon,OR,governor,Republican primary results,Candidate,Bud Pierce,Republican,32965,8.89,False,False
2022,Oregon,OR,governor,Republican primary results,Candidate,Marc Thielman,Republican,30076,8.12,False,False
2022,Oregon,OR,governor,Republican primary results,Candidate,Kerry McQuisten,Republican,28727,7.74,False,False
2022,Oregon,OR,governor,Republican primary results,Candidate,Bill Sizemore,Republican,13261,3.57,False,False
2022,Oregon,OR,governor,Republican primary results,Candidate,Jessica Gomez,Republican,9970,2.69,False,False
2022,Oregon,OR,governor,Republican primary results,Candidate,Tim McCloud,Republican,4400,1.19,False,False
2022,Oregon,OR,governor,Republican primary results,Candidate,Nick Hess,Republican,4287,1.15,False,False
2022,Oregon,OR,governor,Republican primary results,Candidate,Court Boice,Republican,4040,1.09,False,False
2022,Oregon,OR,governor,Republican primary results,Candidate,Brandon Merritt,Republican,3615,0.97,False,False
2022,Oregon,OR,governor,Republican primary results,Candidate,Reed Christensen,Republican,3042,0.82,False,False
2022,Oregon,OR,governor,Republican primary results,Candidate,Amber Richardson,Republican,1924,0.52,False,False
2022,Oregon,OR,governor,Republican primary results,Candidate,Raymond Baldwin,Republican,459,0.12,False,False
2022,Oregon,OR,governor,Republican primary results,Candidate,David Burch,Republican,406,0.11,False,False
2022,Oregon,OR,governor,Republican primary results,Candidate,John Presco,Republican,174,0.05,False,False
2022,Oregon,OR,governor,Republican primary results,Candidate,Stefan Strek,Republican,171,0.05,False,False
2022,Oregon,OR,governor,Republican primary results,Total,,,370910,100.0,False,False
2022,Rhode Island,RI,attorney general,Democratic primary results,Winning,Peter Neronha,Democratic,94665,100.0,True,False
2022,Rhode Island,RI,attorney general,Democratic primary results,Total,,,94665,100.0,False,False
2022,Rhode Island,RI,attorney general,Republican primary results,Winning,"Charles ""Chas"" Calenda",Republican,18557,100.0,True,False
2022,Rhode Island,RI,attorney general,Republican primary results,Total,,,18557,100.0,False,False
2022,Rhode Island,RI,state treasurer,Democratic primary results,Winning,James Diossa,Democratic,58335,55.55,True,False
2022,Rhode Island,RI,state treasurer,Democratic primary results,Candidate,Stefan Pryor,Democratic,46675,44.45,False,False
2022,Rhode Island,RI,state treasurer,Democratic primary results,Total,,,105010,100.0,False,False
2022,Rhode Island,RI,state treasurer,Republican primary results,Winning,James Lathrop,Republican,18477,100.0,True,False
2022,Rhode Island,RI,state treasurer,Republican primary results,Total,,,18477,100.0,False,False
2022,Rhode Island,RI,secretary of state,Democratic primary results,Winning,Gregg Amore,Democratic,65276,64.27,True,False
2022,Rhode Island,RI,secretary of state,Democratic primary results,Candidate,Stephanie Beauté,Democratic,36283,35.73,False,False
2022,Rhode Island,RI,secretary of state,Democratic primary results,Total,,,101559,100.0,False,False
2022,Rhode Island,RI,secretary of state,Republican primary results,Winning,Pat Cortellessa,Republican,18306,100.0,True,False
2022,Rhode Island,RI,secretary of state,Republican primary results,Total,,,18306,100.0,False,False
2022,Rhode Island,RI,governor,Democratic primary results,Winning,Dan McKee,Democratic,37288,32.82,True,True
2022,Rhode Island,RI,governor,Democratic primary results,Candidate,Helena Foulkes,Democratic,33931,29.87,False,False
2022,Rhode Island,RI,governor,Democratic primary results,Candidate,Nellie Gorbea,Democratic,29811,26.24,False,False
2022,Rhode Island,RI,governor,Democratic primary results,Candidate,Matt Brown,Democratic,9021,7.94,False,False
2022,Rhode Island,RI,governor,Democratic primary results,Candidate,Luis Daniel Muñoz,Democratic,3547,3.12,False,False
2022,Rhode Island,RI,governor,Democratic primary results,Total,,,113598,100.0,False,False
2022,Rhode Island,RI,governor,Republican primary results,Winning,Ashley Kalus,Republican,17188,83.68,True,False
2022,Rhode Island,RI,governor,Republican primary results,Candidate,Jonathan Riccitelli,Republican,3351,16.32,False,False
2022,Rhode Island,RI,governor,Republican primary results,Total,,,20539,100.0,False,False
2022,South Carolina,SC,attorney general,Republican primary results,Winning,Alan Wilson,Republican,228538,65.71,True,True
2022,South Carolina,SC,attorney general,Republican primary results,Candidate,Lauren Martel,Republican,119247,34.29,False,False
2022,South Carolina,SC,attorney general,Republican primary results,Total,,,347785,100.0,False,False
2022,South Dakota,SD,governor,Republican primary results,Winning,Kristi Noem,Republican,91661,76.4,True,True
2022,South Dakota,SD,governor,Republican primary results,Candidate,Steven Haugaard,Republican,28315,23.6,False,False
2022,South Dakota,SD,governor,Republican primary results,Total,,,119976,100.0,False,False
2022,Tennessee,TN,governor,Republican primary results,Winning,Bill Lee,Republican,494362,100.0,True,True
2022,Tennessee,TN,governor,Republican primary results,Total,,,494362,100.0,False,False
2022,Tennessee,TN,governor,Democratic primary results,Winning,Jason Martin,Democratic,101552,39.39,True,False
2022,Tennessee,TN,governor,Democratic primary results,Candidate,J.B. Smiley Jr.,Democratic,100062,38.81,False,False
2022,Tennessee,TN,governor,Democratic primary results,Candidate,Carnita Atwater,Democratic,56227,21.81,False,False
2022,Tennessee,TN,governor,Democratic primary results,Total,,,257841,100.0,False,False
2022,Texas,TX,attorney general,Republican primary results,Winning,Ken Paxton,Republican,823199,42.71,True,True
2022,Texas,TX,attorney general,Republican primary results,Winning,George P. Bush,Republican,439240,22.79,True,False
2022,Texas,TX,attorney general,Republican primary results,Candidate,Eva Guzman,Republican,337761,17.52,False,False
2022,Texas,TX,attorney general,Republican primary results,Candidate,Louie Gohmert,Republican,327257,16.98,False,False
2022,Texas,TX,attorney general,Republican primary results,Total,,,1927457,100.0,False,False
2022,Texas,TX,attorney general,Republican primary runoff results,Winning,Ken Paxton,Republican,633223,67.96,True,True
2022,Texas,TX,attorney general,Republican primary runoff results,Candidate,George P. Bush,Republican,298577,32.04,False,False
2022,Texas,TX,attorney general,Republican primary runoff results,Total,,,931800,100.0,False,False
2022,Texas,TX,attorney general,Democratic primary results,Winning,Rochelle Mercedes Garza,Democratic,438134,42.97,True,False
2022,Texas,TX,attorney general,Democratic primary results,Winning,Joe Jaworski,Democratic,202140,19.82,True,False
2022,Texas,TX,attorney general,Democratic primary results,Candidate,Lee Merritt,Democratic,198108,19.43,False,False
2022,Texas,TX,attorney general,Democratic primary results,Candidate,Mike Fields,Democratic,125373,12.3,False,False
2022,Texas,TX,attorney general,Democratic primary results,Candidate,S. T-Bone Raynor,Democratic,55944,5.49,False,False
2022,Texas,TX,attorney general,Democratic primary results,Total,,,1019699,100.0,False,False
2022,Texas,TX,attorney general,Democratic primary runoff results,Winning,Rochelle Mercedes Garza,Democratic,305168,62.67,True,False
2022,Texas,TX,attorney general,Democratic primary runoff results,Candidate,Joe Jaworski,Democratic,181744,37.33,False,False
2022,Texas,TX,attorney general,Democratic primary runoff results,Total,,,486912,100.0,False,False
2022,Texas,TX,governor,Republican primary results,Winning,Greg Abbott,Republican,1299059,66.48,True,True
2022,Texas,TX,governor,Republican primary results,Candidate,Allen West,Republican,239557,12.26,False,False
2022,Texas,TX,governor,Republican primary results,Candidate,Don Huffines,Republican,234138,11.98,False,False
2022,Texas,TX,governor,Republican primary results,Candidate,Chad Prather,Republican,74173,3.8,False,False
2022,Texas,TX,governor,Republican primary results,Candidate,Ricky Lynn Perry,Republican,61424,3.14,False,False
2022,Texas,TX,governor,Republican primary results,Candidate,Kandy Kaye Horn,Republican,23605,1.21,False,False
2022,Texas,TX,governor,Republican primary results,Candidate,Paul Belew,Republican,11387,0.58,False,False
2022,Texas,TX,governor,Republican primary results,Candidate,Danny Harrison,Republican,10829,0.55,False,False
2022,Texas,TX,governor,Republican primary results,Total,,,1954172,100.0,False,False
2022,Texas,TX,governor,Democratic primary results,Winning,Beto O'Rourke,Democratic,983182,91.41,True,False
2022,Texas,TX,governor,Democratic primary results,Total,,,1075601,100.0,False,False
2022,Vermont,VT,attorney general,Republican primary results,Winning,H. Brooke Paige,Republican,20668,95.7,True,False
2022,Vermont,VT,attorney general,Republican primary results,Write-in,,,919,4.3,False,False
2022,Vermont,VT,attorney general,Republican primary results,Total,,,21587,100.0,False,False
2022,Vermont,VT,attorney general,Democratic primary results,Winning,Charity Clark,Democratic,58589,67.1,True,False
2022,Vermont,VT,attorney general,Democratic primary results,Candidate,Rory Thibault,Democratic,28383,32.5,False,False
2022,Vermont,VT,attorney general,Democratic primary results,Write-in,,,376,0.4,False,False
2022,Vermont,VT,attorney general,Democratic primary results,Total,,,87348,100.0,False,False
2022,Vermont,VT,attorney general,Progressive primary results,Winning,Elijah Bergman,Progressive,477,92.6,True,False
2022,Vermont,VT,attorney general,Progressive primary results,Write-in,,,38,7.4,False,False
2022,Vermont,VT,attorney general,Progressive primary results,Total,,,515,100.0,False,False
2022,Vermont,VT,secretary of state,Democratic primary results,Winning,Sarah Copeland Hanzas,Democratic,35968,35.12,True,False
2022,Vermont,VT,secretary of state,Democratic primary results,Candidate,Chris Winters,Democratic,34138,33.34,False,False
2022,Vermont,VT,secretary of state,Democratic primary results,Candidate,John Odum,Democratic,13707,13.39,False,False
2022,Vermont,VT,secretary of state,Democratic primary results,Write-in,,,414,0.4,False,False
2022,Vermont,VT,secretary of state,Democratic primary results,Total,,,102408,100.0,False,False
2022,Vermont,VT,secretary of state,Republican primary results,Winning,H. Brooke Paige,Republican,21591,70.65,True,False
2022,Vermont,VT,secretary of state,Republican primary results,Write-in,,,752,2.46,False,False
2022,Vermont,VT,secretary of state,Republican primary results,Total,,,30560,100.0,False,False
2022,Vermont,VT,secretary of state,Progressive primary results,Winning,Robert Millar,Progressive,480,78.69,True,False
2022,Vermont,VT,secretary of state,Progressive primary results,Write-in,,,44,7.21,False,False
2022,Vermont,VT,secretary of state,Progressive primary results,Total,,,610,100.0,False,False
2022,Vermont,VT,governor,Republican primary results,Winning,Phil Scott,Republican,20319,68.56,True,True
2022,Vermont,VT,governor,Republican primary results,Candidate,Stephen C. Bellows,Republican,5402,18.22,False,False
2022,Vermont,VT,governor,Republican primary results,Candidate,Peter Duval,Republican,3627,12.24,False,False
2022,Vermont,VT,governor,Republican primary results,Write-in,,,290,0.98,False,False
2022,Vermont,VT,governor,Republican primary results,Total,,,29638,100.0,False,False
2022,Vermont,VT,governor,Progressive primary results,Winning,Susan Hatch Davis,Progressive,470,87.36,True,False
2022,Vermont,VT,governor,Progressive primary results,Write-in,,,68,12.64,False,False
2022,Vermont,VT,governor,Progressive primary results,Total,,,538,100.0,False,False
2022,Vermont,VT,governor,Democratic primary results,Winning,Brenda Siegel,Democratic,56287,85.92,True,False
2022,Vermont,VT,governor,Democratic primary results,Write-in,,,9227,14.08,False,False
2022,Vermont,VT,governor,Democratic primary results,Total,,,65514,100.0,False,False
2022,Wisconsin,WI,attorney general,Democratic primary results,Winning,Josh Kaul,Democratic,461024,100.0,True,True
2022,Wisconsin,WI,attorney general,Democratic primary results,Total,,,461024,100.0,False,False
2022,Wisconsin,WI,attorney general,Republican primary results,Winning,Eric Toney,Republican,222902,37.43,True,False
2022,Wisconsin,WI,attorney general,Republican primary results,Candidate,Adam Jarchow,Republican,220045,36.95,False,False
2022,Wisconsin,WI,attorney general,Republican primary results,Candidate,Karen Mueller,Republican,152581,25.62,False,False
2022,Wisconsin,WI,attorney general,Republican primary results,Total,,,595528,100.0,False,False
2022,Wisconsin,WI,secretary of state,Democratic primary results,Winning,Doug La Follette,Democratic,300773,63.63,True,True
2022,Wisconsin,WI,secretary of state,Democratic primary results,Candidate,Alexia Sabor,Democratic,171954,36.37,False,False
2022,Wisconsin,WI,secretary of state,Democratic primary results,Total,,,472727,100.0,False,False
2022,Wisconsin,WI,secretary of state,Republican primary results,Winning,Amy Loudenbeck,Republican,264940,46.32,True,False
2022,Wisconsin,WI,secretary of state,Republican primary results,Candidate,Jay Schroeder,Republican,228191,39.9,False,False
2022,Wisconsin,WI,secretary of state,Republican primary results,Candidate,Justin Daniel Schmidtka,Republican,78846,13.78,False,False
2022,Wisconsin,WI,secretary of state,Republican primary results,Total,,,571977,100.0,False,False
2022,Wisconsin,WI,secretary of state,Libertarian primary results,Winning,Neil Harmon,Libertarian,769,100.0,True,False
2022,Wisconsin,WI,secretary of state,Libertarian primary results,Total,,,769,100.0,False,False
2022,Wisconsin,WI,state treasurer,Democratic primary results,Winning,Aaron Richardson,Democratic,168905,38.4,True,False
2022,Wisconsin,WI,state treasurer,Democratic primary results,Candidate,Gillian Battino,Democratic,159902,36.36,False,False
2022,Wisconsin,WI,state treasurer,Democratic primary results,Candidate,Angelito Tenorio,Democratic,111012,25.24,False,False
2022,Wisconsin,WI,state treasurer,Democratic primary results,Total,,,439819,100.0,False,False
2022,Wisconsin,WI,state treasurer,Republican primary results,Winning,John Leiber,Republican,357384,65.76,True,False
2022,Wisconsin,WI,state treasurer,Republican primary results,Candidate,Orlando Owens,Republican,186084,34.24,False,False
2022,Wisconsin,WI,state treasurer,Republican primary results,Total,,,543468,100.0,False,False
2022,Wisconsin,WI,state treasurer,Constitution Party primary results,Winning,Andrew Zuelke,Constitution,230,100.0,True,False
2022,Wisconsin,WI,state treasurer,Constitution Party primary results,Total,,,230,100.0,False,False
2022,Wisconsin,WI,governor,Democratic primary results,Winning,Tony Evers,Democratic,491656,100.0,True,True
2022,Wisconsin,WI,governor,Democratic primary results,Total,,,491656,100.0,False,False
2022,Wisconsin,WI,governor,Lieutenant gubernatorial Democratic primary results,Winning,Sara Rodriguez,Democratic,354260,76.5,True,False
2022,Wisconsin,WI,governor,Lieutenant gubernatorial Democratic primary results,Candidate,Peng Her,Democratic,108766,23.49,False,False
2022,Wisconsin,WI,governor,Lieutenant gubernatorial Democratic primary results,Candidate,Angela Kennedy (write-in),Democratic,39,0.01,False,False
2022,Wisconsin,WI,governor,Lieutenant gubernatorial Democratic primary results,Total,,,463065,100.0,False,False
2022,Wisconsin,WI,governor,Republican primary results,Winning,Tim Michels,Republican,326969,47.18,True,False
2022,Wisconsin,WI,governor,Republican primary results,Candidate,Rebecca Kleefisch,Republican,291384,42.05,False,False
2022,Wisconsin,WI,governor,Republican primary results,Candidate,Timothy Ramthun,Republican,41639,6.01,False,False
2022,Wisconsin,WI,governor,Republican primary results,Candidate,Kevin Nicholson (withdrawn),Republican,24884,3.59,False,False
2022,Wisconsin,WI,governor,Republican primary results,Candidate,Adam Fischer,Republican,8139,1.17,False,False
2022,Wisconsin,WI,governor,Republican primary results,Total,,,693015,100.0,False,False
2022,Wisconsin,WI,governor,Lieutenant gubernatorial Republican primary results,Winning,Roger Roth,Republican,178972,30.16,True,False
2022,Wisconsin,WI,governor,Lieutenant gubernatorial Republican primary results,Candidate,Patrick Testin,Republican,109374,18.43,False,False
2022,Wisconsin,WI,governor,Lieutenant gubernatorial Republican primary results,Candidate,Cindy Werner,Republican,80953,13.64,False,False
2022,Wisconsin,WI,governor,Lieutenant gubernatorial Republican primary results,Candidate,Jonathan Wichmann,Republican,79166,13.34,False,False
2022,Wisconsin,WI,governor,Lieutenant gubernatorial Republican primary results,Candidate,Will Martin,Republican,54790,9.23,False,False
2022,Wisconsin,WI,governor,Lieutenant gubernatorial Republican primary results,Candidate,Kyle Yudes,Republican,32051,5.4,False,False
2022,Wisconsin,WI,governor,Lieutenant gubernatorial Republican primary results,Candidate,David C. Varnam,Republican,30640,5.16,False,False
2022,Wisconsin,WI,governor,Lieutenant gubernatorial Republican primary results,Candidate,David D. King,Republican,27443,4.63,False,False
2022,Wisconsin,WI,governor,Lieutenant gubernatorial Republican primary results,Total,,,593389,100.0,False,False
2022,Wyoming,WY,governor,Republican primary results,Winning,Mark Gordon,Republican,101092,61.7,True,True
2022,Wyoming,WY,governor,Republican primary results,Candidate,Brent Bien,Republican,48549,29.7,False,False
2022,Wyoming,WY,governor,Republican primary results,Candidate,Rex Rammell,Republican,9373,5.7,False,False
2022,Wyoming,WY,governor,Republican primary results,Candidate,James Scott Quick,Republican,4725,2.9,False,False
2022,Wyoming,WY,governor,Republican primary results,Total,,,163739,100.0,False,False
2022,Wyoming,WY,governor,Democratic primary results,Winning,Theresa Livingston,Democratic,4989,71.2,True,False
2022,Wyoming,WY,governor,Democratic primary results,Candidate,Rex Wilde,Democratic,2016,28.8,False,False
2022,Wyoming,WY,governor,Democratic primary results,Total,,,7005,100.0,False,False
2023,Kentucky,KY,secretary of state,Republican primary results,Winning,Michael Adams,Republican,171288,63.9,True,False
2023,Kentucky,KY,secretary of state,Republican primary results,Candidate,Stephen Knipper,Republican,70993,26.5,False,False
2023,Kentucky,KY,secretary of state,Republican primary results,Candidate,Allen Maricle,Republican,25772,9.6,False,False
2023,Kentucky,KY,secretary of state,Republican primary results,Total,,,268053,100.0,False,False
2023,Kentucky,KY,governor,Democratic primary results,Winning,Andy Beshear,Democratic,176589,91.3,True,True
2023,Kentucky,KY,governor,Democratic primary results,Candidate,Geoff Young,Democratic,9865,5.1,False,False
2023,Kentucky,KY,governor,Democratic primary results,Candidate,Peppy Martin,Democratic,6913,3.6,False,False
2023,Kentucky,KY,governor,Democratic primary results,Total,,,193367,100.0,False,False
2023,Kentucky,KY,governor,Republican primary results,Winning,Daniel Cameron,Republican,144576,47.7,True,False
2023,Kentucky,KY,governor,Republican primary results,Candidate,Ryan Quarles,Republican,65718,21.7,False,False
2023,Kentucky,KY,governor,Republican primary results,Candidate,Kelly Craft,Republican,52170,17.2,False,False
2023,Kentucky,KY,governor,Republican primary results,Candidate,Eric Deters,Republican,17464,5.8,False,False
2023,Kentucky,KY,governor,Republican primary results,Candidate,Mike Harmon,Republican,7797,2.6,False,False
2023,Kentucky,KY,governor,Republican primary results,Candidate,Alan Keck,Republican,7317,2.4,False,False
2023,Kentucky,KY,governor,Republican primary results,Candidate,David Cooper,Republican,2282,0.8,False,False
2023,Kentucky,KY,governor,Republican primary results,Candidate,Jacob Clark,Republican,1900,0.6,False,False
2023,Kentucky,KY,governor,Republican primary results,Candidate,Robbie Smith,Republican,1388,0.5,False,False
2023,Kentucky,KY,governor,Republican primary results,Candidate,Bob DeVore,Republican,931,0.3,False,False
2023,Kentucky,KY,governor,Republican primary results,Candidate,Johnny Rice,Republican,726,0.2,False,False
2023,Kentucky,KY,governor,Republican primary results,Candidate,Dennis Ormerod,Republican,696,0.2,False,False
2023,Kentucky,KY,governor,Republican primary results,Total,,,302965,100.0,False,False
2023,Louisiana,LA,attorney general,2023 Louisiana Attorney General election jungle primary,Winning,Liz Murrill,Republican,463103,45.24,True,False
2023,Louisiana,LA,attorney general,2023 Louisiana Attorney General election jungle primary,Winning,Lindsey Cheek,Democratic,239652,23.41,True,False
2023,Louisiana,LA,attorney general,2023 Louisiana Attorney General election jungle primary,Candidate,John Stefanski,Republican,172300,16.83,False,False
2023,Louisiana,LA,attorney general,2023 Louisiana Attorney General election jungle primary,Candidate,Perry Walker Terrebonne,Democratic,74479,7.28,False,False
2023,Louisiana,LA,attorney general,2023 Louisiana Attorney General election jungle primary,Candidate,Marty Maley,Republican,74176,7.25,False,False
2023,Louisiana,LA,attorney general,2023 Louisiana Attorney General election jungle primary,Total,,,1023710,100.0,False,False
2023,Louisiana,LA,governor,2023 Louisiana gubernatorial election,Winning,Jeff Landry,Republican,547827,51.56,True,False
2023,Louisiana,LA,governor,2023 Louisiana gubernatorial election,Candidate,Shawn Wilson,Democratic,275525,25.93,False,False
2023,Louisiana,LA,governor,2023 Louisiana gubernatorial election,Candidate,Stephen Waguespack,Republican,62287,5.86,False,False
2023,Louisiana,LA,governor,2023 Louisiana gubernatorial election,Candidate,John Schroder,Republican,56654,5.33,False,False
2023,Louisiana,LA,governor,2023 Louisiana gubernatorial election,Candidate,Hunter Lundy,Independent,52165,4.91,False,False
2023,Louisiana,LA,governor,2023 Louisiana gubernatorial election,Candidate,Danny Cole,Democratic,27662,2.6,False,False
2023,Louisiana,LA,governor,2023 Louisiana gubernatorial election,Candidate,Sharon Hewitt,Republican,18468,1.74,False,False
2023,Louisiana,LA,governor,2023 Louisiana gubernatorial election,Candidate,Benjamin Barnes,Independent,5190,0.49,False,False
2023,Louisiana,LA,governor,2023 Louisiana gubernatorial election,Candidate,Dat Barthel,Republican,4426,0.42,False,False
2023,Louisiana,LA,governor,2023 Louisiana gubernatorial election,Candidate,Richard Nelson (withdrawn),Republican,3605,0.34,False,False
2023,Louisiana,LA,governor,2023 Louisiana gubernatorial election,Candidate,Jeffery Istre,Independent,3400,0.32,False,False
2023,Louisiana,LA,governor,2023 Louisiana gubernatorial election,Candidate,Xavier Ellis,Republican,1734,0.16,False,False
2023,Louisiana,LA,governor,2023 Louisiana gubernatorial election,Candidate,Keitron Gagnon,No party preference,1260,0.12,False,False
2023,Louisiana,LA,governor,2023 Louisiana gubernatorial election,Candidate,Xan John,Republican,1164,0.11,False,False
2023,Louisiana,LA,governor,2023 Louisiana gubernatorial election,Candidate,Frank Scurlock,Independent,1131,0.11,False,False
2023,Louisiana,LA,governor,2023 Louisiana gubernatorial election,Total,,,1062498,100.0,False,False
2023,Mississippi,MS,attorney general,Republican primary results,Winning,Lynn Fitch,Republican,350670,100.0,True,True
2023,Mississippi,MS,attorney general,Republican primary results,Total,,,350670,100.0,False,False
2023,Mississippi,MS,attorney general,Democratic primary results,Winning,Greta Kemp Martin,Democratic,152682,100.0,True,False
2023,Mississippi,MS,attorney general,Democratic primary results,Total,,,152682,100.0,False,False
2023,Mississippi,MS,governor,Republican primary results,Winning,Tate Reeves,Republican,281213,74.7,True,True
2023,Mississippi,MS,governor,Republican primary results,Candidate,John Witcher,Republican,66698,17.7,False,False
2023,Mississippi,MS,governor,Republican primary results,Candidate,David Grady Hardigree,Republican,28561,7.6,False,False
2023,Mississippi,MS,governor,Republican primary results,Total,,,376472,100.0,False,False
2023,Mississippi,MS,governor,Democratic primary results,Winning,Brandon Presley,Democratic,196307,100.0,True,False
2023,Mississippi,MS,governor,Democratic primary results,Total,,,196307,100.0,False,False
2024,Delaware,DE,governor,Democratic primary results,Winning,Matt Meyer,Democratic,40518.0,46.98,True,False
2024,Delaware,DE,governor,Democratic primary results,Candidate,Bethany Hall-Long,Democratic,31588.0,36.62,False,False
2024,Delaware,DE,governor,Democratic primary results,Candidate,Collin O'Mara,Democratic,14142.0,16.4,False,False
2024,Delaware,DE,governor,Democratic primary results,Total,,,86248.0,100.0,False,False
2024,Delaware,DE,governor,Republican primary results,Winning,Mike Ramone,Republican,26414.0,72.29,True,False
2024,Delaware,DE,governor,Republican primary results,Candidate,Jerry Price,Republican,5971.0,16.34,False,False
2024,Delaware,DE,governor,Republican primary results,Candidate,Bobby Williamson,Republican,4153.0,11.37,False,False
2024,Delaware,DE,governor,Republican primary results,Total,,,36538.0,100.0,False,False
2024,Indiana,IN,governor,Republican primary results,Winning,Mike Braun,Republican,236641.0,39.6,True,False
2024,Indiana,IN,governor,Republican primary results,Candidate,Suzanne Crouch,Republican,130146.0,21.8,False,False
2024,Indiana,IN,governor,Republican primary results,Candidate,Brad Chambers,Republican,104653.0,17.5,False,False
2024,Indiana,IN,governor,Republican primary results,Candidate,Eric Doden,Republican,71135.0,11.9,False,False
2024,Indiana,IN,governor,Republican primary results,Candidate,Jamie Reitenour,Republican,28757.0,4.8,False,False
2024,Indiana,IN,governor,Republican primary results,Candidate,Curtis Hill,Republican,26837.0,4.5,False,False
2024,Indiana,IN,governor,Republican primary results,Total,,,598169.0,100.0,False,False
2024,Indiana,IN,governor,Democratic primary results,Winning,Jennifer McCormick,Democratic,180404.0,100.0,True,False
2024,Indiana,IN,governor,Democratic primary results,Total,,,180404.0,100.0,False,False
2024,Missouri,MO,attorney general,Republican primary results,Winning,Andrew Bailey,Republican,413465.0,63.0,True,True
2024,Missouri,MO,attorney general,Republican primary results,Candidate,Will Scharf,Republican,242680.0,37.0,False,False
2024,Missouri,MO,attorney general,Republican primary results,Total,,,656145.0,100.0,False,False
2024,Missouri,MO,attorney general,Democratic primary results,Winning,Elad Gross,Democratic,343934.0,100.0,True,False
2024,Missouri,MO,attorney general,Democratic primary results,Total,,,343934.0,100.0,False,False
2024,Missouri,MO,attorney general,Libertarian primary results,Winning,Ryan Munro,Libertarian,2401.0,100.0,True,False
2024,Missouri,MO,attorney general,Libertarian primary results,Total,,,2401.0,100.0,False,False
2024,Missouri,MO,secretary of state,Republican primary results,Winning,Denny Hoskins,Republican,157116.0,24.42,True,False
2024,Missouri,MO,secretary of state,Republican primary results,Candidate,Shane Schoeller,Republican,108289.0,16.83,False,False
2024,Missouri,MO,secretary of state,Republican primary results,Candidate,Mike Carter,Republican,91866.0,14.28,False,False
2024,Missouri,MO,secretary of state,Republican primary results,Candidate,Dean Plocher,Republican,86659.0,13.47,False,False
2024,Missouri,MO,secretary of state,Republican primary results,Candidate,Mary Elizabeth Coleman,Republican,72938.0,11.34,False,False
2024,Missouri,MO,secretary of state,Republican primary results,Candidate,Valentina Gomez,Republican,47931.0,7.45,False,False
2024,Missouri,MO,secretary of state,Republican primary results,Candidate,Jamie Corley,Republican,46314.0,7.2,False,False
2024,Missouri,MO,secretary of state,Republican primary results,Candidate,Adam Schwadron,Republican,32335.0,5.03,False,False
2024,Missouri,MO,secretary of state,Republican primary results,Total,,,643448.0,100.0,False,False
2024,Missouri,MO,secretary of state,Democratic primary results,Winning,Barbara Phifer,Democratic,146284.0,40.86,True,False
2024,Missouri,MO,secretary of state,Democratic primary results,Candidate,Monique Williams,Democratic,123270.0,34.43,False,False
2024,Missouri,MO,secretary of state,Democratic primary results,Candidate,Haley Jacobsen,Democratic,88491.0,24.72,False,False
2024,Missouri,MO,secretary of state,Democratic primary results,Total,,,358045.0,100.0,False,False
2024,Missouri,MO,state treasurer,Republican primary results,Winning,Vivek Malek,Republican,273930.0,41.51,True,True
2024,Missouri,MO,state treasurer,Republican primary results,Candidate,Andrew Koenig,Republican,135828.0,20.58,False,False
2024,Missouri,MO,state treasurer,Republican primary results,Candidate,Lori Rook,Republican,127970.0,19.39,False,False
2024,Missouri,MO,state treasurer,Republican primary results,Candidate,Cody Smith,Republican,97029.0,14.7,False,False
2024,Missouri,MO,state treasurer,Republican primary results,Candidate,Tina Goodrick,Republican,19115.0,2.9,False,False
2024,Missouri,MO,state treasurer,Republican primary results,Candidate,Karan Pujji,Republican,6124.0,0.93,False,False
2024,Missouri,MO,state treasurer,Republican primary results,Total,,,659996.0,100.0,False,False
2024,Missouri,MO,state treasurer,Democratic primary results,Winning,Mark Osmack,Democratic,344166.0,100.0,True,False
2024,Missouri,MO,state treasurer,Democratic primary results,Total,,,344166.0,100.0,False,False
2024,Missouri,MO,state treasurer,Libertarian primary results,Winning,John Hartwig,Libertarian,2423.0,100.0,True,False
2024,Missouri,MO,state treasurer,Libertarian primary results,Total,,,2423.0,100.0,False,False
2024,Missouri,MO,governor,Republican primary results,Winning,Mike Kehoe,Republican,274840.0,39.4,True,False
2024,Missouri,MO,governor,Republican primary results,Candidate,Bill Eigel,Republican,227012.0,32.6,False,False
2024,Missouri,MO,governor,Republican primary results,Candidate,Jay Ashcroft,Republican,162086.0,23.2,False,False
2024,Missouri,MO,governor,Republican primary results,Candidate,Amber Thomsen,Republican,10627.0,1.5,False,False
2024,Missouri,MO,governor,Republican primary results,Candidate,Chris Wright,Republican,9358.0,1.3,False,False
2024,Missouri,MO,governor,Republican primary results,Candidate,Darrell McClanahan,Republican,5637.0,0.8,False,False
2024,Missouri,MO,governor,Republican primary results,Candidate,Robert Olson,Republican,2975.0,0.4,False,False
2024,Missouri,MO,governor,Republican primary results,Candidate,Jeremy Gundel,Republican,2946.0,0.4,False,False
2024,Missouri,MO,governor,Republican primary results,Candidate,Darren Grant,Republican,1866.0,0.3,False,False
2024,Missouri,MO,governor,Republican primary results,Total,,,697347.0,100.0,False,False
2024,Missouri,MO,governor,Democratic primary results,Winning,Crystal Quade,Democratic,189822.0,50.2,True,False
2024,Missouri,MO,governor,Democratic primary results,Candidate,Mike Hamra,Democratic,119702.0,31.7,False,False
2024,Missouri,MO,governor,Democratic primary results,Candidate,Eric Morrison,Democratic,36985.0,9.8,False,False
2024,Missouri,MO,governor,Democratic primary results,Candidate,Sheryl Gladney,Democratic,25287.0,6.7,False,False
2024,Missouri,MO,governor,Democratic primary results,Candidate,Hollis Laster,Democratic,5973.0,1.6,False,False
2024,Missouri,MO,governor,Democratic primary results,Total,,,377769.0,100.0,False,False
2024,Montana,MT,attorney general,Republican primary results,Winning,Austin Knudsen,Republican,148458.0,82.2,True,True
2024,Montana,MT,attorney general,Republican primary results,Candidate,Logan Olson,Republican,32141.0,17.8,False,False
2024,Montana,MT,attorney general,Republican primary results,Total,,,180599.0,100.0,False,False
2024,Montana,MT,attorney general,Democratic primary results,Winning,Ben Alke,Democratic,93295.0,100.0,True,False
2024,Montana,MT,attorney general,Democratic primary results,Total,,,93295.0,100.0,False,False
2024,Montana,MT,secretary of state,Republican primary results,Winning,Christi Jacobsen,Republican,163359.0,100.0,True,True
2024,Montana,MT,secretary of state,Republican primary results,Total,,,163359.0,100.0,False,False
2024,Montana,MT,secretary of state,Democratic primary results,Winning,Jesse Mullen,Democratic,92149.0,100.0,True,False
2024,Montana,MT,secretary of state,Democratic primary results,Total,,,92149.0,100.0,False,False
2024,Montana,MT,governor,Republican primary results,Winning,Greg Gianforte (incumbent) Kristen Juras,Republican,144752.0,75.2,True,True
2024,Montana,MT,governor,Republican primary results,Candidate,Tanner Smith Randy Pinocci,Republican,47747.0,24.8,False,False
2024,Montana,MT,governor,Republican primary results,Total,,,192499.0,100.0,False,False
2024,Montana,MT,governor,Democratic primary results,Winning,Ryan Busse Raph Graybill,Democratic,69184.0,70.9,True,False
2024,Montana,MT,governor,Democratic primary results,Candidate,Jim Hunt Jerry Driscoll,Democratic,28354.0,29.1,False,False
2024,Montana,MT,governor,Democratic primary results,Total,,,97538.0,100.0,False,False
2024,New Hampshire,NH,governor,Republican primary results,Winning,Kelly Ayotte,Republican,88117.0,63.12,True,False
2024,New Hampshire,NH,governor,Republican primary results,Candidate,Chuck Morse,Republican,47567.0,34.07,False,False
2024,New Hampshire,NH,governor,Republican primary results,Candidate,Shaun Fife,Republican,876.0,0.63,False,False
2024,New Hampshire,NH,governor,Republican primary results,Candidate,Robert McClory,Republican,839.0,0.6,False,False
2024,New Hampshire,NH,governor,Republican primary results,Candidate,Frank Staples,Republican,809.0,0.58,False,False
2024,New Hampshire,NH,governor,Republican primary results,Candidate,Richard McMenamon,Republican,527.0,0.38,False,False
2024,New Hampshire,NH,governor,Republican primary results,Write-in,,,867.0,0.62,False,False
2024,New Hampshire,NH,governor,Republican primary results,Total,,,139602.0,100.0,False,False
2024,New Hampshire,NH,governor,Democratic primary results,Winning,Joyce Craig,Democratic,59976.0,47.88,True,False
2024,New Hampshire,NH,governor,Democratic primary results,Candidate,Cinde Warmington,Democratic,52420.0,41.85,False,False
2024,New Hampshire,NH,governor,Democratic primary results,Candidate,Jon Kiper,Democratic,11789.0,9.41,False,False
2024,New Hampshire,NH,governor,Democratic primary results,Write-in,,,1076.0,0.86,False,False
2024,New Hampshire,NH,governor,Democratic primary results,Total,,,125261.0,100.0,False,False
2024,North Carolina,NC,attorney general,Democratic primary results,Winning,Jeff Jackson,Democratic,370666.0,54.83,True,False
2024,North Carolina,NC,attorney general,Democratic primary results,Candidate,Satana Deberry,Democratic,223835.0,33.11,False,False
2024,North Carolina,NC,attorney general,Democratic primary results,Candidate,Tim Dunn,Democratic,81492.0,12.06,False,False
2024,North Carolina,NC,attorney general,Democratic primary results,Total,,,675993.0,100.0,False,False
2024,North Carolina,NC,secretary of state,Republican primary results,Winning,Chad Brown,Republican,373166.0,43.26,True,False
2024,North Carolina,NC,secretary of state,Republican primary results,Candidate,Christine Villaverde,Republican,258569.0,29.98,False,False
2024,North Carolina,NC,secretary of state,Republican primary results,Candidate,Jesse Thomas,Republican,230829.0,26.76,False,False
2024,North Carolina,NC,secretary of state,Republican primary results,Total,,,862564.0,100.0,False,False
2024,North Carolina,NC,state treasurer,Republican primary results,Winning,Brad Briner,Republican,346160.0,39.94,True,False
2024,North Carolina,NC,state treasurer,Republican primary results,Candidate,Rachel Johnson,Republican,299158.0,34.51,False,False
2024,North Carolina,NC,state treasurer,Republican primary results,Candidate,A. J. Daoud,Republican,221442.0,25.55,False,False
2024,North Carolina,NC,state treasurer,Republican primary results,Total,,,866760.0,100.0,False,False
2024,North Carolina,NC,state treasurer,Democratic primary results,Winning,Wesley Harris,Democratic,433791.0,66.59,True,False
2024,North Carolina,NC,state treasurer,Democratic primary results,Candidate,Gabe Esparza,Democratic,217689.0,33.41,False,False
2024,North Carolina,NC,state treasurer,Democratic primary results,Total,,,651480.0,100.0,False,False
2024,North Carolina,NC,governor,Democratic primary results,Winning,Josh Stein,Democratic,479026.0,69.6,True,False
2024,North Carolina,NC,governor,Democratic primary results,Candidate,Michael R. Morgan,Democratic,98627.0,14.33,False,False
2024,North Carolina,NC,governor,Democratic primary results,Candidate,Chrelle Booker,Democratic,46045.0,6.69,False,False
2024,North Carolina,NC,governor,Democratic primary results,Candidate,Marcus Williams,Democratic,39257.0,5.7,False,False
2024,North Carolina,NC,governor,Democratic primary results,Candidate,Gary Foxx,Democratic,25283.0,3.67,False,False
2024,North Carolina,NC,governor,Democratic primary results,Total,,,688238.0,100.0,False,False
2024,North Carolina,NC,governor,Republican primary results,Winning,Mark Robinson,Republican,666504.0,64.83,True,False
2024,North Carolina,NC,governor,Republican primary results,Candidate,Dale Folwell,Republican,196955.0,19.16,False,False
2024,North Carolina,NC,governor,Republican primary results,Candidate,Bill Graham,Republican,164572.0,16.01,False,False
2024,North Carolina,NC,governor,Republican primary results,Total,,,1028031.0,100.0,False,False
2024,North Dakota,ND,state treasurer,Republican primary results,Winning,Thomas Beadle,Republican,81014.0,99.51,True,True
2024,North Dakota,ND,state treasurer,Republican primary results,Write-in,,,403.0,0.49,False,False
2024,North Dakota,ND,state treasurer,Republican primary results,Total,,,81417.0,100.0,False,False
2024,North Dakota,ND,governor,Republican primary results,Winning,Kelly Armstrong Michelle Strinden,Republican,67704.0,73.2,True,False
2024,North Dakota,ND,governor,Republican primary results,Candidate,Tammy Miller Josh Teigen,Republican,24784.0,26.8,False,False
2024,North Dakota,ND,governor,Republican primary results,Total,,,92488.0,100.0,False,False
2024,North Dakota,ND,governor,Democratic–NPL primary results,Winning,Merrill Piepkorn Patrick Hart,North Dakota Democratic–nonpartisan League,19609.0,100.0,True,False
2024,North Dakota,ND,governor,Democratic–NPL primary results,Total,,,19609.0,100.0,False,False
2024,Oregon,OR,attorney general,Democratic primary results,Candidate,Dan Rayfield,Democratic,318313.0,75.71,False,False
2024,Oregon,OR,attorney general,Democratic primary results,Candidate,Shaina Pomerantz,Democratic,102146.0,24.29,False,False
2024,Oregon,OR,attorney general,Democratic primary results,Total,,,420459.0,100.0,False,False
2024,Oregon,OR,attorney general,Republican primary results,Candidate,Will Lathrop,Republican,190995.0,64.57,False,False
2024,Oregon,OR,attorney general,Republican primary results,Candidate,Michael Cross,Republican,104813.0,35.43,False,False
2024,Oregon,OR,attorney general,Republican primary results,Total,,,295808.0,100.0,False,False
2024,Oregon,OR,secretary of state,Democratic primary results,Winning,Tobias Read,Democratic,303089.0,69.4,True,False
2024,Oregon,OR,secretary of state,Democratic primary results,Candidate,James Manning Jr.,Democratic,97427.0,22.31,False,False
2024,Oregon,OR,secretary of state,Democratic primary results,Candidate,Jim Crary,Democratic,16340.0,3.74,False,False
2024,Oregon,OR,secretary of state,Democratic primary results,Candidate,Paul Damian Wells,Democratic,9425.0,2.16,False,False
2024,Oregon,OR,secretary of state,Democratic primary results,Candidate,Dave Stauffer,Democratic,7921.0,1.81,False,False
2024,Oregon,OR,secretary of state,Democratic primary results,Write-in,,,2515.0,0.58,False,False
2024,Oregon,OR,secretary of state,Democratic primary results,Total,,,436717.0,100.0,False,False
2024,Oregon,OR,secretary of state,Republican primary results,Winning,Dennis Linthicum,Republican,199243.0,65.99,True,False
2024,Oregon,OR,secretary of state,Republican primary results,Candidate,Brent Barker,Republican,61011.0,20.21,False,False
2024,Oregon,OR,secretary of state,Republican primary results,Candidate,Tim McCloud,Republican,39109.0,12.95,False,False
2024,Oregon,OR,secretary of state,Republican primary results,Write-in,,,2560.0,0.85,False,False
2024,Oregon,OR,secretary of state,Republican primary results,Total,,,301923.0,100.0,False,False
2024,Oregon,OR,state treasurer,Democratic primary results,Winning,Elizabeth Steiner,Democratic,335079.0,78.48,True,False
2024,Oregon,OR,state treasurer,Democratic primary results,Candidate,Jeff Gudman,Democratic,89459.0,20.95,False,False
2024,Oregon,OR,state treasurer,Democratic primary results,Candidate,Miscellaneous,Democratic,2418.0,0.57,False,False
2024,Oregon,OR,state treasurer,Democratic primary results,Total,,,426956.0,100.0,False,False
2024,Oregon,OR,state treasurer,Republican primary results,Winning,Brian Boquist,Republican,251064.0,98.85,True,False
2024,Oregon,OR,state treasurer,Republican primary results,Candidate,Miscellaneous,Republican,2914.0,1.15,False,False
2024,Oregon,OR,state treasurer,Republican primary results,Total,,,253978.0,100.0,False,False
2024,Pennsylvania,PA,attorney general,Democratic primary results,Winning,Eugene DePasquale,Democratic,371911.0,35.4,True,False
2024,Pennsylvania,PA,attorney general,Democratic primary results,Candidate,Jack Stollsteimer,Democratic,212413.0,20.22,False,False
2024,Pennsylvania,PA,attorney general,Democratic primary results,Candidate,Joe Khan,Democratic,167895.0,15.98,False,False
2024,Pennsylvania,PA,attorney general,Democratic primary results,Candidate,Keir Bradford-Grey,Democratic,160369.0,15.27,False,False
2024,Pennsylvania,PA,attorney general,Democratic primary results,Candidate,Jared Solomon,Democratic,137920.0,13.13,False,False
2024,Pennsylvania,PA,attorney general,Democratic primary results,Total,,,1050508.0,100.0,False,False
2024,Pennsylvania,PA,attorney general,Republican primary results,Winning,Dave Sunday,Republican,620515.0,70.36,True,False
2024,Pennsylvania,PA,attorney general,Republican primary results,Candidate,Craig Williams,Republican,261419.0,29.64,False,False
2024,Pennsylvania,PA,attorney general,Republican primary results,Total,,,881934.0,100.0,False,False
2024,Pennsylvania,PA,state treasurer,Republican primary results,Candidate,Stacy Garrity,Republican,,,False,True
2024,Pennsylvania,PA,state treasurer,Republican primary results,Total,,,853284.0,100.0,False,False
2024,Pennsylvania,PA,state treasurer,Democratic primary results,Winning,Erin McClelland,Democratic,547345.0,54.23,True,False
2024,Pennsylvania,PA,state treasurer,Democratic primary results,Candidate,Ryan Bizzarro,Democratic,461905.0,45.77,False,False
2024,Pennsylvania,PA,state treasurer,Democratic primary results,Total,,,1009250.0,100.0,False,False
2024,Utah,UT,attorney general,Republican primary results,Winning,Derek Brown,Republican,178164.0,43.59,True,False
2024,Utah,UT,attorney general,Republican primary results,Candidate,Rachel Terry,Republican,133019.0,32.55,False,False
2024,Utah,UT,attorney general,Republican primary results,Candidate,Frank Mylar,Republican,97522.0,23.86,False,False
2024,Utah,UT,attorney general,Republican primary results,Total,,,408705.0,100.0,False,False
2024,Utah,UT,governor,Republican primary results,Winning,Spencer Cox (incumbent) Deidre Henderson,Republican,232164.0,54.4,True,True
2024,Utah,UT,governor,Republican primary results,Candidate,Phil Lyman Natalie Clawson,Republican,194639.0,45.6,False,False
2024,Utah,UT,governor,Republican primary results,Total,,,426803.0,100.0,False,False
2024,Vermont,VT,attorney general,Democratic primary results,Winning,Charity Clark,Democratic,43275.0,99.05,True,True
2024,Vermont,VT,attorney general,Democratic primary results,Write-in,,,416.0,0.95,False,False
2024,Vermont,VT,attorney general,Democratic primary results,Total,,,43691.0,100.0,False,False
2024,Vermont,VT,attorney general,Republican primary results,Winning,H. Brooke Paige,Republican,18081.0,97.06,True,False
2024,Vermont,VT,attorney general,Republican primary results,Write-in,,,548.0,2.94,False,False
2024,Vermont,VT,attorney general,Republican primary results,Total,,,18629.0,100.0,False,False
2024,Vermont,VT,attorney general,Progressive primary results,Winning,Elijah Bergman,Progressive,270.0,87.95,True,False
2024,Vermont,VT,attorney general,Progressive primary results,Write-in,,,37.0,12.05,False,False
2024,Vermont,VT,attorney general,Progressive primary results,Total,,,307.0,100.0,False,False
2024,Vermont,VT,secretary of state,Democratic primary results,Winning,Sarah Copeland Hanzas,Democratic,43182.0,99.32,True,True
2024,Vermont,VT,secretary of state,Democratic primary results,Write-in,,,294.0,0.68,False,False
2024,Vermont,VT,secretary of state,Democratic primary results,Total,,,43476.0,100.0,False,False
2024,Vermont,VT,secretary of state,Republican primary results,Winning,H. Brooke Paige,Republican,18989.0,98.1,True,False
2024,Vermont,VT,secretary of state,Republican primary results,Write-in,,,368.0,1.9,False,False
2024,Vermont,VT,secretary of state,Republican primary results,Total,,,19357.0,100.0,False,False
2024,Vermont,VT,state treasurer,Democratic primary results,Winning,Mike Pieciak,Democratic,45358.0,99.52,True,True
2024,Vermont,VT,state treasurer,Democratic primary results,Write-in,,,221.0,0.48,False,False
2024,Vermont,VT,state treasurer,Democratic primary results,Total,,,45579.0,100.0,False,False
2024,Vermont,VT,state treasurer,Republican primary results,Winning,Joshua Bechhoefer,Republican,19286.0,97.27,True,False
2024,Vermont,VT,state treasurer,Republican primary results,Write-in,,,542.0,2.73,False,False
2024,Vermont,VT,state treasurer,Republican primary results,Total,,,19828.0,100.0,False,False
2024,Vermont,VT,governor,Republican primary results,Winning,Phil Scott,Republican,23173.0,92.75,True,True
2024,Vermont,VT,governor,Republican primary results,Candidate,Undervotes,Republican,1357.0,5.43,False,False
2024,Vermont,VT,governor,Republican primary results,Candidate,Overvotes,Republican,7.0,0.03,False,False
2024,Vermont,VT,governor,Republican primary results,Write-in,,,448.0,1.79,False,False
2024,Vermont,VT,governor,Republican primary results,Total,,,23565.0,100.0,False,False
2024,Vermont,VT,governor,Democratic primary results,Winning,Esther Charlestin,Democratic,24007.0,46.19,True,False
2024,Vermont,VT,governor,Democratic primary results,Candidate,Undervotes,Democratic,13404.0,25.79,False,False
2024,Vermont,VT,governor,Democratic primary results,Candidate,Peter Duval,Democratic,9377.0,18.04,False,False
2024,Vermont,VT,governor,Democratic primary results,Candidate,Phil Scott (write-in),Republican,4558.0,8.77,False,False
2024,Vermont,VT,governor,Democratic primary results,Candidate,Misc. Write-ins,Write-in,601.0,1.56,False,False
2024,Vermont,VT,governor,Democratic primary results,Candidate,Overvotes,Democratic,22.0,0.04,False,False
2024,Vermont,VT,governor,Democratic primary results,Total,,,51969.0,100.0,False,False
2024,Vermont,VT,governor,Progressive primary results,Winning,Marielle Blais,Progressive,268.0,64.73,True,False
2024,Vermont,VT,governor,Progressive primary results,Candidate,Undervotes,Progressive,71.0,17.11,False,False
2024,Vermont,VT,governor,Progressive primary results,Candidate,Phil Scott (write-in),Republican,35.0,8.45,False,False
2024,Vermont,VT,governor,Progressive primary results,Candidate,Esther Charlestin (write-in),Democratic,21.0,5.07,False,False
2024,Vermont,VT,governor,Progressive primary results,Candidate,Misc. Write-ins,Write-in,19.0,4.59,False,False
2024,Vermont,VT,governor,Progressive primary results,Total,,,414.0,100.0,False,False
2024,Washington,WA,attorney general,Blanket primary election results,Winning,Pete Serrano,Republican,814372.0,42.11,True,False
2024,Washington,WA,attorney general,Blanket primary election results,Winning,Nick Brown,Democratic,682360.0,35.28,True,False
2024,Washington,WA,attorney general,Blanket primary election results,Candidate,Manka Dhingra,Democratic,435919.0,22.54,False,False
2024,Washington,WA,attorney general,Blanket primary election results,Write-in,,,1284.0,0.07,False,False
2024,Washington,WA,attorney general,Blanket primary election results,Total,,,1933935.0,100.0,False,False
2024,Washington,WA,secretary of state,Blanket primary election results,Winning,Steve Hobbs,Democratic,930533.0,48.38,True,True
2024,Washington,WA,secretary of state,Blanket primary election results,Winning,Dale Whitaker,Republican,709046.0,36.87,True,False
2024,Washington,WA,secretary of state,Blanket primary election results,Candidate,Marquez Tiggs,Democratic,185628.0,9.65,False,False
2024,Washington,WA,secretary of state,Blanket primary election results,Candidate,Damon Townsend,No Labels,96586.0,5.02,False,False
2024,Washington,WA,secretary of state,Blanket primary election results,Write-in,,,1534.0,0.08,False,False
2024,Washington,WA,secretary of state,Blanket primary election results,Total,,,1923327.0,100.0,False,False
2024,Washington,WA,state treasurer,Blanket primary results,Winning,Mike Pellicciotti,Democratic,1118500.0,58.32,True,True
2024,Washington,WA,state treasurer,Blanket primary results,Winning,Sharon Hanek,Republican,797824.0,41.6,True,False
2024,Washington,WA,state treasurer,Blanket primary results,Write-in,,,1684.0,0.09,False,False
2024,Washington,WA,state treasurer,Blanket primary results,Total,,,1918008.0,100.0,False,False
2024,Washington,WA,governor,Blanket primary results,Winning,Bob Ferguson,Democratic,884268.0,44.88,True,False
2024,Washington,WA,governor,Blanket primary results,Winning,Dave Reichert,Republican,541533.0,27.48,True,False
2024,Washington,WA,governor,Blanket primary results,Candidate,Semi Bird,Republican,212692.0,10.79,False,False
2024,Washington,WA,governor,Blanket primary results,Candidate,Mark Mullet,Democratic,119048.0,6.04,False,False
2024,Washington,WA,governor,Blanket primary results,Candidate,Leon Lawson,Trump Republican,35971.0,1.83,False,False
2024,Washington,WA,governor,Blanket primary results,Candidate,Jim Daniel,Republican,29907.0,1.52,False,False
2024,Washington,WA,governor,Blanket primary results,Candidate,Cassondra Hanson,Democratic,24512.0,1.24,False,False
2024,Washington,WA,governor,Blanket primary results,Candidate,EL'ona Kearney,Democratic,24374.0,1.24,False,False
2024,Washington,WA,governor,Blanket primary results,Candidate,Jennifer Hoover,Republican,15692.0,0.8,False,False
2024,Washington,WA,governor,Blanket primary results,Candidate,Andre Stackhouse,Green,11962.0,0.61,False,False
2024,Washington,WA,governor,Blanket primary results,Candidate,Don Rivers,Democratic,9453.0,0.48,False,False
2024,Washington,WA,governor,Blanket primary results,Candidate,Martin Wheeler,Republican,7676.0,0.39,False,False
2024,Washington,WA,governor,Blanket primary results,Candidate,Chaytan Inman,Democratic,6427.0,0.33,False,False
2024,Washington,WA,governor,Blanket primary results,Candidate,Ricky Anthony,Democratic,6226.0,0.32,False,False
2024,Washington,WA,governor,Blanket primary results,Candidate,Jeff Curry,Independent,6068.0,0.31,False,False
2024,Washington,WA,governor,Blanket primary results,Candidate,Fred Grant,Democratic,5503.0,0.28,False,False
2024,Washington,WA,governor,Blanket primary results,Candidate,Brian Bogen,Independent,4530.0,0.23,False,False
2024,Washington,WA,governor,Blanket primary results,Candidate,A.L. Brown,Republican,4232.0,0.21,False,False
2024,Washington,WA,governor,Blanket primary results,Candidate,Michael DePaula,Libertarian,3957.0,0.2,False,False
2024,Washington,WA,governor,Blanket primary results,Candidate,Rosetta Marshall-Williams,Independence,2960.0,0.15,False,False
2024,Washington,WA,governor,Blanket primary results,Candidate,Jim Clark,Independent,2355.0,0.12,False,False
2024,Washington,WA,governor,Blanket primary results,Candidate,Edward Cale,Democratic,1975.0,0.1,False,False
2024,Washington,WA,governor,Blanket primary results,Candidate,Alex Tsimerman,Standup-america,1721.0,0.09,False,False
2024,Washington,WA,governor,Blanket primary results,Candidate,Bill Hirt,Republican,1720.0,0.09,False,False
2024,Washington,WA,governor,Blanket primary results,Candidate,Frank Dare,Independent,1115.0,0.06,False,False
2024,Washington,WA,governor,Blanket primary results,Candidate,Alan Makayev,Nonsense Busters,1106.0,0.06,False,False
2024,Washington,WA,governor,Blanket primary results,Candidate,William Combs,Independent,1042.0,0.05,False,False
2024,Washington,WA,governor,Blanket primary results,Candidate,Brad Mjelde,Independent,991.0,0.05,False,False
2024,Washington,WA,governor,Blanket primary results,Write-in,,,1347.0,0.07,False,False
2024,Washington,WA,governor,Blanket primary results,Total,,,1970363.0,100.0,False,False
2024,West Virginia,WV,attorney general,Republican primary results,Winning,JB McCuskey,Republican,117263.0,59.83,True,False
2024,West Virginia,WV,attorney general,Republican primary results,Candidate,Michael Stuart,Republican,78745.0,40.17,False,False
2024,West Virginia,WV,attorney general,Republican primary results,Total,,,196008.0,100.0,False,False
2024,West Virginia,WV,attorney general,Democratic primary results,Winning,Teresa Toriseva,Democratic,50480.0,52.67,True,False
2024,West Virginia,WV,attorney general,Democratic primary results,Candidate,Richie Robb,Democratic,45356.0,47.33,False,False
2024,West Virginia,WV,attorney general,Democratic primary results,Total,,,95836.0,100.0,False,False
2024,West Virginia,WV,secretary of state,Republican primary results,Winning,Kris Warner,Republican,92488.0,45.89,True,False
2024,West Virginia,WV,secretary of state,Republican primary results,Candidate,Doug Skaff,Republican,42291.0,20.98,False,False
2024,West Virginia,WV,secretary of state,Republican primary results,Candidate,Ken Reed,Republican,33891.0,16.81,False,False
2024,West Virginia,WV,secretary of state,Republican primary results,Candidate,Brian Wood,Republican,32892.0,16.32,False,False
2024,West Virginia,WV,secretary of state,Republican primary results,Total,,,201562.0,100.0,False,False
2024,West Virginia,WV,secretary of state,Democratic primary results,Winning,Thornton Cooper,Democratic,81773.0,100.0,True,False
2024,West Virginia,WV,secretary of state,Democratic primary results,Total,,,81773.0,100.0,False,False
2024,West Virginia,WV,state treasurer,Republican primary results,Winning,Larry Pack,Republican,166648.0,100.0,True,False
2024,West Virginia,WV,state treasurer,Republican primary results,Total,,,166648.0,100.0,False,False
2024,West Virginia,WV,governor,Republican primary results,Winning,Patrick Morrisey,Republican,75111.0,33.28,True,False
2024,West Virginia,WV,governor,Republican primary results,Candidate,Moore Capito,Republican,62181.0,27.55,False,False
2024,West Virginia,WV,governor,Republican primary results,Candidate,Chris Miller,Republican,46010.0,20.39,False,False
2024,West Virginia,WV,governor,Republican primary results,Candidate,Mac Warner,Republican,36170.0,16.03,False,False
2024,West Virginia,WV,governor,Republican primary results,Candidate,Mitch Roberts,Republican,3138.0,1.39,False,False
2024,West Virginia,WV,governor,Republican primary results,Candidate,Kevin Christian,Republican,3088.0,1.37,False,False
2024,West Virginia,WV,governor,Republican primary results,Total,,,225698.0,100.0,False,False
2024,West Virginia,WV,governor,Democratic primary results,Winning,Steve Williams,Democratic,89545.0,100.0,True,False
2024,West Virginia,WV,governor,Democratic primary results,Total,,,89545.0,100.0,False,False
2025,New Jersey,NJ,governor,Democratic primary results,Winning,Mikie Sherrill,Democratic,286244.0,34.02,True,False
2025,New Jersey,NJ,governor,Democratic primary results,Candidate,Ras Baraka,Democratic,173951.0,20.67,False,False
2025,New Jersey,NJ,governor,Democratic primary results,Candidate,Steven Fulop,Democratic,134573.0,15.99,False,False
2025,New Jersey,NJ,governor,Democratic primary results,Candidate,Josh Gottheimer,Democratic,97384.0,11.57,False,False
2025,New Jersey,NJ,governor,Democratic primary results,Candidate,Sean Spiller,Democratic,89472.0,10.63,False,False
2025,New Jersey,NJ,governor,Democratic primary results,Candidate,Stephen Sweeney,Democratic,59811.0,7.11,False,False
2025,New Jersey,NJ,governor,Democratic primary results,Total,,,841435.0,100.0,False,False
2025,New Jersey,NJ,governor,"Cape May County Republican convention, February 5, 2025",Total,,,,100.0,False,False
2025,New Jersey,NJ,governor,"Monmouth County Republican convention, February 20, 2025",Total,,,,100.0,False,False
2025,New Jersey,NJ,governor,"Atlantic County Republican convention, February 22, 2025",Total,,,,100.0,False,False
2025,New Jersey,NJ,governor,"Passaic County Republican convention, February 25, 2025",Total,,,,100.0,False,False
2025,New Jersey,NJ,governor,"Ocean County Republican convention, February 25, 2025",Winning,Bill Spadea,Republican,129.0,60.85,True,False
2025,New Jersey,NJ,governor,"Ocean County Republican convention, February 25, 2025",Candidate,Jack Ciattarelli,Republican,83.0,39.15,False,False
2025,New Jersey,NJ,governor,"Ocean County Republican convention, February 25, 2025",Total,,,212.0,100.0,False,False
2025,New Jersey,NJ,governor,"Cumberland County Republican convention, March 1, 2025",Total,,,,100.0,False,False
2025,New Jersey,NJ,governor,"Salem County Republican convention, March 1, 2025",Total,,,,100.0,False,False
2025,New Jersey,NJ,governor,"Warren County Republican convention, March 2, 2025",Total,,,,100.0,False,False
2025,New Jersey,NJ,governor,"Mercer County Republican convention, March 3, 2025",Winning,Bill Spadea,Republican,69.0,42.86,True,False
2025,New Jersey,NJ,governor,"Mercer County Republican convention, March 3, 2025",Winning,Jack Ciattarelli,Republican,59.0,36.65,True,False
2025,New Jersey,NJ,governor,"Mercer County Republican convention, March 3, 2025",Winning,Jon Bramnick,Republican,33.0,20.5,True,False
2025,New Jersey,NJ,governor,"Mercer County Republican convention, March 3, 2025",Total,,,161.0,100.0,False,False
2025,New Jersey,NJ,governor,"Somerset County Republican convention, March 4, 2025",Total,,,,100.0,False,False
2025,New Jersey,NJ,governor,"Hunterdon County Republican convention, March 5, 2025",Total,,,,100.0,False,False
2025,New Jersey,NJ,governor,"Union County Republican convention, March 6, 2025",Winning,Jack Ciattarelli,Republican,258.0,100.0,True,False
2025,New Jersey,NJ,governor,"Union County Republican convention, March 6, 2025",Total,,,258.0,100.0,False,False
2025,New Jersey,NJ,governor,"Burlington County Republican convention, March 8, 2025",Total,,,,100.0,False,False
2025,New Jersey,NJ,governor,"Middlesex County Republican convention, March 8, 2025",Total,,,,100.0,False,False
2025,New Jersey,NJ,governor,"Bergen County Republican convention, March 11, 2025",Winning,Jack Ciattarelli,Republican,492.0,86.31,True,False
2025,New Jersey,NJ,governor,"Bergen County Republican convention, March 11, 2025",Candidate,Mario Kranjac,Republican,66.0,11.58,False,False
2025,New Jersey,NJ,governor,"Bergen County Republican convention, March 11, 2025",Candidate,Monica Brinson,Republican,12.0,2.11,False,False
2025,New Jersey,NJ,governor,"Bergen County Republican convention, March 11, 2025",Total,,,570.0,100.0,False,False
2025,New Jersey,NJ,governor,"Essex County Republican convention, March 18, 2025",Winning,Jack Ciattarelli,Republican,15.0,88.24,True,False
2025,New Jersey,NJ,governor,"Essex County Republican convention, March 18, 2025",Candidate,Jon Bramnick,Republican,2.0,11.76,False,False
2025,New Jersey,NJ,governor,"Essex County Republican convention, March 18, 2025",Total,,,17.0,100.0,False,False
2025,New Jersey,NJ,governor,"Gloucester County Republican convention, March 18, 2025",Total,,,,100.0,False,False
2025,New Jersey,NJ,governor,Republican primary results,Winning,Jack Ciattarelli,Republican,316283.0,67.82,True,False
2025,New Jersey,NJ,governor,Republican primary results,Candidate,Bill Spadea,Republican,101408.0,21.75,False,False
2025,New Jersey,NJ,governor,Republican primary results,Candidate,Jon Bramnick,Republican,29130.0,6.25,False,False
2025,New Jersey,NJ,governor,Republican primary results,Candidate,Mario Kranjac,Republican,12782.0,2.74,False,False
2025,New Jersey,NJ,governor,Republican primary results,Candidate,Justin Barbera,Republican,6743.0,1.45,False,False
2025,New Jersey,NJ,governor,Republican primary results,Total,,,466346.0,100.0,False,False
2026,Alabama,AL,attorney general,Republican primary,Winning,Katherine Robertson,Republican,189183,40.53,True,False
2026,Alabama,AL,attorney general,Republican primary,Winning,Jay Mitchell,Republican,160616,34.41,True,False
2026,Alabama,AL,attorney general,Republican primary,Total,,,466730,100.0,False,False
2026,Alabama,AL,attorney general,Republican primary runoff,Winning,Katherine Robertson,Republican,168424,55.07,True,False
2026,Alabama,AL,attorney general,Republican primary runoff,Candidate,Jay Mitchell,Republican,137412,44.93,False,False
2026,Alabama,AL,attorney general,Republican primary runoff,Total,,,305836,100.0,False,False
2026,Alabama,AL,secretary of state,Republican primary,Winning,Caroleene Dobson,Republican,286914,65.48,True,False
2026,Alabama,AL,secretary of state,Republican primary,Candidate,Christopher Christian Horn,Republican,99108,22.62,False,False
2026,Alabama,AL,secretary of state,Republican primary,Candidate,Glenda S. Jackson,Republican,52173,11.91,False,False
2026,Alabama,AL,secretary of state,Republican primary,Total,,,438195,100.0,False,False
2026,Alabama,AL,state treasurer,Republican primary,Winning,Young Boozer,Republican,306295,68.04,True,True
2026,Alabama,AL,state treasurer,Republican primary,Candidate,Steve Lolley,Republican,143864,31.96,False,False
2026,Alabama,AL,state treasurer,Republican primary,Total,,,450159,100.0,False,False
2026,Alabama,AL,governor,Republican primary,Winning,Tommy Tuberville,Republican,421754,85.4,True,False
2026,Alabama,AL,governor,Republican primary,Candidate,Ken McFeeters,Republican,47166,9.6,False,False
2026,Alabama,AL,governor,Republican primary,Candidate,"""Alabama"" Will Santivasci",Republican,24456,5.0,False,False
2026,Alabama,AL,governor,Republican primary,Total,,,493376,100.0,False,False
2026,Alabama,AL,governor,Democratic primary,Winning,Doug Jones,Democratic,286612,78.6,True,False
2026,Alabama,AL,governor,Democratic primary,Candidate,Yolanda Rochelle Flowers,Democratic,18230,5.0,False,False
2026,Alabama,AL,governor,Democratic primary,Candidate,Jamel J. Brown,Democratic,15808,4.3,False,False
2026,Alabama,AL,governor,Democratic primary,Candidate,"Chad ""Chig"" Martin",Democratic,5765,1.6,False,False
2026,Alabama,AL,governor,Democratic primary,Candidate,"Nathan ""Nate"" Mathis",Democratic,2953,0.8,False,False
2026,Alabama,AL,governor,Democratic primary,Total,,,364635,100.0,False,False
2026,Alaska,AK,governor,Top-four primary results,Winning,Jonathan Kreiss-Tomkins Zac Johnson,Democratic,37006,22.5,True,False
2026,Alaska,AK,governor,Top-four primary results,Winning,Bernadette Wilson Mike Shower,Republican,16468,10.0,True,False
2026,Alaska,AK,governor,Top-four primary results,Winning,Dave Bronson Josh Church,Republican,13364,8.1,True,False
2026,Alaska,AK,governor,Top-four primary results,Winning,Treg Taylor Candice English,Republican,11928,7.3,True,False
2026,Alaska,AK,governor,Top-four primary results,Candidate,Tom Begich (withdrew) Julia Hnilicka (withdrew),Democratic,34172,20.8,False,False
2026,Alaska,AK,governor,Top-four primary results,Candidate,Click Bishop (withdrew) Greta Schuerch (withdrew),Republican,11527,7.0,False,False
2026,Alaska,AK,governor,Top-four primary results,Candidate,Adam Crum Robert Craig,Republican,8922,5.4,False,False
2026,Alaska,AK,governor,Top-four primary results,Candidate,Shelley Hughes Blake Gettys,Republican,8776,5.4,False,False
2026,Alaska,AK,governor,Top-four primary results,Candidate,Bill Walker Randy Hoffbeck,Independent,7341,4.5,False,False
2026,Alaska,AK,governor,Top-four primary results,Candidate,Matt Heilala Jesse Sumner (withdrew),Republican,4330,2.6,False,False
2026,Alaska,AK,governor,Top-four primary results,Candidate,Meda DeWitt Christopher Steere,Independent,4184,2.5,False,False
2026,Alaska,AK,governor,Top-four primary results,Candidate,Edna DeVries George Hightower,Republican,2167,1.3,False,False
2026,Alaska,AK,governor,Top-four primary results,Candidate,Lesil McGuire Elizabeth Rexford,Republican,2098,1.3,False,False
2026,Alaska,AK,governor,Top-four primary results,Candidate,Michael Loren Gilbert Timothy Hickel,Republican,675,0.4,False,False
2026,Alaska,AK,governor,Top-four primary results,Candidate,"James W. ""JP4"" Parkin Ramadhani ""Ram"" Greer",Republican,638,0.4,False,False
2026,Alaska,AK,governor,Top-four primary results,Candidate,Destry J. Payne Sr. Cliff Silvers,Independent,372,0.2,False,False
2026,Alaska,AK,governor,Top-four primary results,Candidate,"Henry R. ""Hank"" Kroll Tommy R. Nicholson III",Republican,335,0.2,False,False
2026,Alaska,AK,governor,Top-four primary results,Total,,,164303,100.0,False,False
2026,Arizona,AZ,attorney general,Democratic primary results,Winning,Kris Mayes,Democratic,502510,100.0,True,True
2026,Arizona,AZ,attorney general,Democratic primary results,Total,,,502510,100.0,False,False
2026,Arizona,AZ,attorney general,Republican primary results,Winning,Warren Petersen,Republican,333955,56.4,True,False
2026,Arizona,AZ,attorney general,Republican primary results,Candidate,Rodney Glassman,Republican,258173,43.6,False,False
2026,Arizona,AZ,attorney general,Republican primary results,Total,,,592128,100.0,False,False
2026,Arizona,AZ,secretary of state,Democratic primary results,Winning,Adrian Fontes,Democratic,496732,100.0,True,True
2026,Arizona,AZ,secretary of state,Democratic primary results,Total,,,496732,100.0,False,False
2026,Arizona,AZ,secretary of state,Republican primary results,Winning,Alexander Kolodin,Republican,345675,59.8,True,False
2026,Arizona,AZ,secretary of state,Republican primary results,Candidate,Gina Swoboda,Republican,231986,40.2,False,False
2026,Arizona,AZ,secretary of state,Republican primary results,Total,,,577661,100.0,False,False
2026,Arizona,AZ,secretary of state,Green primary results,Winning,Duwayne Collier,Green,421,66.0,True,False
2026,Arizona,AZ,secretary of state,Green primary results,Candidate,Jon Robert Ralston (write-in),Green,217,34.0,False,False
2026,Arizona,AZ,secretary of state,Green primary results,Total,,,638,100.0,False,False
2026,Arizona,AZ,state treasurer,Republican primary results,Winning,Elijah Norton,Republican,326944,56.4,True,False
2026,Arizona,AZ,state treasurer,Republican primary results,Candidate,Katherine Haley,Republican,252792,43.6,False,False
2026,Arizona,AZ,state treasurer,Republican primary results,Total,,,579736,100.0,False,False
2026,Arizona,AZ,state treasurer,Democratic primary results,Winning,Nick Mansour,Democratic,485793,100.0,True,False
2026,Arizona,AZ,state treasurer,Democratic primary results,Total,,,485793,100.0,False,False
2026,Arizona,AZ,governor,Democratic primary results,Winning,Katie Hobbs,Democratic,512550,100.0,True,True
2026,Arizona,AZ,governor,Democratic primary results,Total,,,512550,100.0,False,False
2026,Arizona,AZ,governor,Republican primary results,Winning,Andy Biggs,Republican,453819,74.0,True,False
2026,Arizona,AZ,governor,Republican primary results,Candidate,David Schweikert,Republican,88284,14.4,False,False
2026,Arizona,AZ,governor,Republican primary results,Candidate,Scott Neely,Republican,42871,7.0,False,False
2026,Arizona,AZ,governor,Republican primary results,Candidate,Ken Miceli,Republican,28026,4.6,False,False
2026,Arizona,AZ,governor,Republican primary results,Total,,,613000,100.0,False,False
2026,Arizona,AZ,governor,No Labels primary results,Winning,Teri Hourihan,Labels,5596,56.1,True,False
2026,Arizona,AZ,governor,No Labels primary results,Candidate,Hugh Lytle,Labels,4384,43.9,False,False
2026,Arizona,AZ,governor,No Labels primary results,Total,,,9980,100.0,False,False
2026,Arizona,AZ,governor,Green primary results,Winning,Risa Lombardo,Green,430,67.2,True,False
2026,Arizona,AZ,governor,Green primary results,Candidate,Carlos Melendez (write-in),Green,202,31.6,False,False
2026,Arizona,AZ,governor,Green primary results,Candidate,Athena Eastwood (write-in),Green,4,0.6,False,False
2026,Arizona,AZ,governor,Green primary results,Candidate,William Pounds (write-in),Green,4,0.6,False,False
2026,Arizona,AZ,governor,Green primary results,Total,,,640,100.0,False,False
2026,Arkansas,AR,secretary of state,Republican primary,Winning,Bryan Norris,Republican,91933,34.3,True,False
2026,Arkansas,AR,secretary of state,Republican primary,Winning,Kim Hammer,Republican,90003,33.6,True,False
2026,Arkansas,AR,secretary of state,Republican primary,Candidate,Cathy Hardin Harrison,Republican,85854,32.1,False,False
2026,Arkansas,AR,secretary of state,Republican primary,Total,,,267790,100.0,False,False
2026,Arkansas,AR,secretary of state,Republican primary runoff,Winning,Kim Hammer,Republican,40945,50.6,True,False
2026,Arkansas,AR,secretary of state,Republican primary runoff,Candidate,Bryan Norris,Republican,40032,49.4,False,False
2026,Arkansas,AR,secretary of state,Republican primary runoff,Total,,,80977,100.0,False,False
2026,Arkansas,AR,governor,Democratic primary results,Winning,Fredrick Love,Democratic,104725,81.0,True,False
2026,Arkansas,AR,governor,Democratic primary results,Candidate,Supha Xayprasith-Mays,Democratic,24520,19.0,False,False
2026,Arkansas,AR,governor,Democratic primary results,Total,,,129245,100.0,False,False
2026,California,CA,attorney general,Blanket primary results,Winning,Rob Bonta,Democratic,4979967,56.62,True,True
2026,California,CA,attorney general,Blanket primary results,Winning,Michael Gates,Republican,3337433,37.94,True,False
2026,California,CA,attorney general,Blanket primary results,Candidate,Marjorie Mikels,Green,478450,5.44,False,False
2026,California,CA,attorney general,Blanket primary results,Total,,,8795850,100.0,False,False
2026,California,CA,secretary of state,Blanket primary results,Winning,Shirley Weber,Democratic,5092491,58.7,True,True
2026,California,CA,secretary of state,Blanket primary results,Winning,Donald P. Wagner,Republican,3187180,36.74,True,False
2026,California,CA,secretary of state,Blanket primary results,Candidate,Michael Feinstein,Green,207602,2.39,False,False
2026,California,CA,secretary of state,Blanket primary results,Candidate,Gary Blenner,Green,187925,2.17,False,False
2026,California,CA,secretary of state,Blanket primary results,Total,,,8675198,100.0,False,False
2026,California,CA,governor,Primary election results,Winning,Xavier Becerra,Democratic,2591857,27.98,True,False
2026,California,CA,governor,Primary election results,Candidate,Tom Steyer,Democratic,2110707,22.79,False,False
2026,California,CA,governor,Primary election results,Candidate,Chad Bianco,Republican,941708,10.17,False,False
2026,California,CA,governor,Primary election results,Candidate,Katie Porter,Democratic,403908,4.36,False,False
2026,California,CA,governor,Primary election results,Candidate,Matt Mahan,Democratic,327537,3.54,False,False
2026,California,CA,governor,Primary election results,Candidate,Antonio Villaraigosa,Democratic,104107,1.12,False,False
2026,California,CA,governor,Primary election results,Candidate,Tony Thurmond,Democratic,63762,0.69,False,False
2026,California,CA,governor,Primary election results,Candidate,Ramsey Robinson,Freedom,51803,0.56,False,False
2026,California,CA,governor,Primary election results,Candidate,Betty Yee (withdrawn),Democratic,40873,0.44,False,False
2026,California,CA,governor,Primary election results,Candidate,Eric Swalwell (withdrawn),Democratic,28164,0.3,False,False
2026,California,CA,governor,Primary election results,Candidate,Tim Nelson,Republican,23712,0.26,False,False
2026,California,CA,governor,Primary election results,Candidate,Butch Ware (write-in),Green,22493,0.24,False,False
2026,California,CA,governor,Primary election results,Candidate,Randeep S. Dhillon,Republican,21937,0.24,False,False
2026,California,CA,governor,Primary election results,Candidate,Barack D. Obama Shaw,Democratic,16716,0.18,False,False
2026,California,CA,governor,Primary election results,Candidate,Carolina Buhler,Democratic,15013,0.16,False,False
2026,California,CA,governor,Primary election results,Candidate,Leo Samuel Zacky,Republican,14708,0.16,False,False
2026,California,CA,governor,Primary election results,Candidate,Gretha Solórzano,Republican,12563,0.14,False,False
2026,California,CA,governor,Primary election results,Candidate,Matthew Chase Levy,Democratic,11059,0.12,False,False
2026,California,CA,governor,Primary election results,Candidate,Tom Woodard (withdrawn),Libertarian,9328,0.1,False,False
2026,California,CA,governor,Primary election results,Candidate,"Erin ""Zez"" Zezulak",Democratic,9251,0.1,False,False
2026,California,CA,governor,Primary election results,Candidate,Louis A. De Barraicua,Democratic,8851,0.1,False,False
2026,California,CA,governor,Primary election results,Candidate,Mohammad Arif,Democratic,8458,0.09,False,False
2026,California,CA,governor,Primary election results,Candidate,Leo Naranjo IV,Republican,8099,0.09,False,False
2026,California,CA,governor,Primary election results,Candidate,Nancy D. Young,No party preference,7012,0.08,False,False
2026,California,CA,governor,Primary election results,Candidate,James Athans Jr.,Republican,6633,0.07,False,False
2026,California,CA,governor,Primary election results,Candidate,Joseph Cabrera,No party preference,6196,0.07,False,False
2026,California,CA,governor,Primary election results,Candidate,David Zickefoose,Republican,5882,0.06,False,False
2026,California,CA,governor,Primary election results,Candidate,Satish Rao,Democratic,5668,0.06,False,False
2026,California,CA,governor,Primary election results,Candidate,Christine R. Sarmiento,No party preference,5643,0.06,False,False
2026,California,CA,governor,Primary election results,Candidate,Jon Henderson,No party preference,5589,0.06,False,False
2026,California,CA,governor,Primary election results,Candidate,Alicia Olivia Lapp,Republican,5370,0.06,False,False
2026,California,CA,governor,Primary election results,Candidate,Amanda Martin,No party preference,5234,0.06,False,False
2026,California,CA,governor,Primary election results,Candidate,Frederic C. Schultz,No party preference,5230,0.06,False,False
2026,California,CA,governor,Primary election results,Candidate,Rafael M. Hernandez,Republican,5223,0.06,False,False
2026,California,CA,governor,Primary election results,Candidate,Scott P. Shields,Democratic,5043,0.05,False,False
2026,California,CA,governor,Primary election results,Candidate,Derek Grasty,Democratic,4994,0.05,False,False
2026,California,CA,governor,Primary election results,Candidate,Larry Azevedo,Democratic,4675,0.05,False,False
2026,California,CA,governor,Primary election results,Candidate,Elaine Culotti,No party preference,4483,0.05,False,False
2026,California,CA,governor,Primary election results,Candidate,Patricia De Luca Basualdo,Republican,4064,0.04,False,False
2026,California,CA,governor,Primary election results,Candidate,Mauro Alberto Orozco,No party preference,4052,0.04,False,False
2026,California,CA,governor,Primary election results,Candidate,Raji Rab,Democratic,3606,0.04,False,False
2026,California,CA,governor,Primary election results,Candidate,Sophia Edum-a-Sam,Democratic,3550,0.04,False,False
2026,California,CA,governor,Primary election results,Candidate,Brent Maupin,No party preference,3132,0.03,False,False
2026,California,CA,governor,Primary election results,Candidate,Akinyemi Agbede,Democratic,3037,0.03,False,False
2026,California,CA,governor,Primary election results,Candidate,Lewis Herms,No party preference,2995,0.03,False,False
2026,California,CA,governor,Primary election results,Candidate,Naomi Bar-Lev,No party preference,2744,0.03,False,False
2026,California,CA,governor,Primary election results,Candidate,Daniel Mercuri,No party preference,2667,0.03,False,False
2026,California,CA,governor,Primary election results,Candidate,Ché Ahn (write-in),Republican,2419,0.03,False,False
2026,California,CA,governor,Primary election results,Candidate,Gary Howard Kidgell,Democratic,2415,0.03,False,False
2026,California,CA,governor,Primary election results,Candidate,Joel E. Jacob,Democratic,2350,0.03,False,False
2026,California,CA,governor,Primary election results,Candidate,Thunder Parley,Democratic,2320,0.03,False,False
2026,California,CA,governor,Primary election results,Candidate,Margaret Trowe,No party preference,2286,0.02,False,False
2026,California,CA,governor,Primary election results,Candidate,LivingForGod AndCountry DeMott,No party preference,2206,0.02,False,False
2026,California,CA,governor,Primary election results,Candidate,Reza Safarnejad,No party preference,1990,0.02,False,False
2026,California,CA,governor,Primary election results,Candidate,Duane Terrence Loynes Jr.,No party preference,1905,0.02,False,False
2026,California,CA,governor,Primary election results,Candidate,Don J. Grundmann,No party preference,1903,0.02,False,False
2026,California,CA,governor,Primary election results,Candidate,Anne Komarovsk,No party preference,1535,0.02,False,False
2026,California,CA,governor,Primary election results,Candidate,Dawit Kellel,No party preference,1360,0.01,False,False
2026,California,CA,governor,Primary election results,Candidate,Sam Sandak,No party preference,1222,0.01,False,False
2026,California,CA,governor,Primary election results,Candidate,Max Fomin,No party preference,842,0.01,False,False
2026,California,CA,governor,Primary election results,Candidate,Lukasz Adam Filinski,No party preference,527,0.01,False,False
2026,California,CA,governor,Primary election results,Candidate,Serge Fiankan,No party preference,488,0.01,False,False
2026,California,CA,governor,Primary election results,Candidate,Sean Forbes (write-in),No party preference,22,0.0,False,False
2026,California,CA,governor,Primary election results,Candidate,Jibri J. Peavy (write-in),Democratic,10,0.0,False,False
2026,California,CA,governor,Primary election results,Candidate,Dirk Langer (write-in),No party preference,8,0.0,False,False
2026,California,CA,governor,Primary election results,Candidate,Kalid Meky (write-in),Democratic,5,0.0,False,False
2026,California,CA,governor,Primary election results,Candidate,Michael J. Dilger (write-in),No party preference,1,0.0,False,False
2026,California,CA,governor,Primary election results,Total,,,9262468,100.0,False,False
2026,Colorado,CO,attorney general,Democratic primary results,Winning,Jena Griswold,Democratic,385788,44.2,True,False
2026,Colorado,CO,attorney general,Democratic primary results,Candidate,David Seligman,Democratic,172829,19.8,False,False
2026,Colorado,CO,attorney general,Democratic primary results,Candidate,Michael Dougherty,Democratic,170269,19.5,False,False
2026,Colorado,CO,attorney general,Democratic primary results,Candidate,Hetal Doshi,Democratic,143662,16.5,False,False
2026,Colorado,CO,attorney general,Democratic primary results,Total,,,872548,100.0,False,False
2026,Colorado,CO,attorney general,Republican primary results,Winning,Michael Allen,Republican,287516,59.9,True,False
2026,Colorado,CO,attorney general,Republican primary results,Candidate,David Willson,Republican,192529,40.1,False,False
2026,Colorado,CO,attorney general,Republican primary results,Total,,,480045,100.0,False,False
2026,Colorado,CO,secretary of state,Democratic primary results,Winning,Amanda Gonzalez,Democratic,530299,64.4,True,False
2026,Colorado,CO,secretary of state,Democratic primary results,Candidate,Jessie Danielson,Democratic,293351,35.6,False,False
2026,Colorado,CO,secretary of state,Democratic primary results,Total,,,823650,100.0,False,False
2026,Colorado,CO,secretary of state,Republican primary results,Winning,James Wiley,Republican,445626,100.0,True,False
2026,Colorado,CO,secretary of state,Republican primary results,Total,,,445626,100.0,False,False
2026,Colorado,CO,secretary of state,Libertarian primary results,Winning,Alex Astley,Libertarian,2204,61.9,True,False
2026,Colorado,CO,secretary of state,Libertarian primary results,Candidate,Sean Vadney,Libertarian,1357,38.1,False,False
2026,Colorado,CO,secretary of state,Libertarian primary results,Total,,,3561,100.0,False,False
2026,Colorado,CO,state treasurer,Democratic primary results,Winning,Jeff Bridges,Democratic,713618,100.0,True,False
2026,Colorado,CO,state treasurer,Democratic primary results,Total,,,713618,100.0,False,False
2026,Colorado,CO,state treasurer,Republican primary results,Winning,Kevin Grantham,Republican,447606,100.0,True,False
2026,Colorado,CO,state treasurer,Republican primary results,Total,,,447606,100.0,False,False
2026,Colorado,CO,governor,Democratic primary results,Winning,Phil Weiser,Democratic,505444,56.9,True,False
2026,Colorado,CO,governor,Democratic primary results,Candidate,Michael Bennet,Democratic,383131,43.1,False,False
2026,Colorado,CO,governor,Democratic primary results,Total,,,888575,100.0,False,False
2026,Colorado,CO,governor,Republican primary results,Winning,Victor Marx,Republican,208455,39.9,True,False
2026,Colorado,CO,governor,Republican primary results,Candidate,Barbara Kirkmeyer,Republican,205990,39.4,False,False
2026,Colorado,CO,governor,Republican primary results,Candidate,Scott Bottoms,Republican,108529,20.8,False,False
2026,Colorado,CO,governor,Republican primary results,Total,,,522974,100.0,False,False
2026,Colorado,CO,governor,Unity primary results,Winning,Jeff Peckman,Unity,146,53.7,True,False
2026,Colorado,CO,governor,Unity primary results,Candidate,Paul Noel Fiorino,Unity,126,46.3,False,False
2026,Colorado,CO,governor,Unity primary results,Total,,,272,100.0,False,False
2026,Connecticut,CT,governor,"May 16, 2026 Democratic convention results",Winning,Ned Lamont,Democratic,1468,74.6,True,True
2026,Connecticut,CT,governor,"May 16, 2026 Democratic convention results",Candidate,Josh Elliott,Democratic,501,25.4,False,False
2026,Connecticut,CT,governor,"May 16, 2026 Democratic convention results",Total,,,1969,100.0,False,False
2026,Connecticut,CT,governor,Democratic primary results,Winning,Ned Lamont,Democratic,126497,67.9,True,True
2026,Connecticut,CT,governor,Democratic primary results,Candidate,Josh Elliott,Democratic,59849,32.1,False,False
2026,Connecticut,CT,governor,Democratic primary results,Total,,,186346,100.0,False,False
2026,Delaware,DE,attorney general,Democratic primary results,Candidate,Kathy Jennings,Democratic,,,False,True
2026,Delaware,DE,attorney general,Democratic primary results,Candidate,Dwayne Bensing,Democratic,,,False,False
2026,Delaware,DE,attorney general,Democratic primary results,Candidate,Patty Rickman,Democratic,,,False,False
2026,Delaware,DE,attorney general,Democratic primary results,Total,,,,100.0,False,False
2026,Delaware,DE,state treasurer,Democratic primary results,Candidate,Ted Lauzen,Democratic,,,False,False
2026,Delaware,DE,state treasurer,Democratic primary results,Candidate,Mike Miller,Democratic,,,False,False
2026,Delaware,DE,state treasurer,Democratic primary results,Candidate,Michael Smith,Democratic,,,False,False
2026,Delaware,DE,state treasurer,Democratic primary results,Total,,,,100.0,False,False
2026,District of Columbia,DC,attorney general,Democratic primary,Winning,Brian Schwalb,District,115909,90.63,True,True
2026,District of Columbia,DC,attorney general,Democratic primary,Candidate,J.P. Szymkowicz,District,11381,8.9,False,False
2026,District of Columbia,DC,attorney general,Democratic primary,Write-in,,,605,0.47,False,False
2026,District of Columbia,DC,attorney general,Democratic primary,Total,,,127895,100.0,False,False
2026,District of Columbia,DC,attorney general,Republican primary,Winning,Manuel Rivera,District,2530,92.17,True,False
2026,District of Columbia,DC,attorney general,Republican primary,Write-in,,,215,7.83,False,False
2026,District of Columbia,DC,attorney general,Republican primary,Total,,,2745,100.0,False,False
2026,District of Columbia,DC,attorney general,Statehood Green primary,Write-in,,,290,100.0,False,False
2026,District of Columbia,DC,attorney general,Statehood Green primary,Total,,,290,100.0,False,False
2026,Georgia,GA,attorney general,Republican primary,Winning,Brian Strickland,Republican,608583,71.6,True,False
2026,Georgia,GA,attorney general,Republican primary,Candidate,Bill Cowsert,Republican,241382,28.4,False,False
2026,Georgia,GA,attorney general,Republican primary,Total,,,849965,100.0,False,False
2026,Georgia,GA,attorney general,Democratic primary,Winning,Tanya Miller,Democratic,880160,84.6,True,False
2026,Georgia,GA,attorney general,Democratic primary,Candidate,Bob Trammell,Democratic,160852,15.5,False,False
2026,Georgia,GA,attorney general,Democratic primary,Total,,,1041012,100.0,False,False
2026,Georgia,GA,secretary of state,Republican primary,Winning,Tim Fleming,Republican,334055,39.2,True,False
2026,Georgia,GA,secretary of state,Republican primary,Winning,Vernon Jones,Republican,232448,27.3,True,False
2026,Georgia,GA,secretary of state,Republican primary,Candidate,Kelvin King,Republican,135795,15.9,False,False
2026,Georgia,GA,secretary of state,Republican primary,Candidate,Gabriel Sterling,Republican,101746,12.0,False,False
2026,Georgia,GA,secretary of state,Republican primary,Candidate,Ted Metz,Republican,47724,5.6,False,False
2026,Georgia,GA,secretary of state,Republican primary,Total,,,851768,100.0,False,False
2026,Georgia,GA,secretary of state,Republican primary runoff,Winning,Tim Fleming,Republican,430455,64.5,True,False
2026,Georgia,GA,secretary of state,Republican primary runoff,Candidate,Vernon Jones,Republican,236920,35.5,False,False
2026,Georgia,GA,secretary of state,Republican primary runoff,Total,,,667375,100.0,False,False
2026,Georgia,GA,secretary of state,Democratic primary,Winning,Penny Brown Reynolds,Democratic,435185,42.34,True,False
2026,Georgia,GA,secretary of state,Democratic primary,Winning,Dana Barrett,Democratic,361997,35.22,True,False
2026,Georgia,GA,secretary of state,Democratic primary,Candidate,Cam Ashling,Democratic,126515,12.31,False,False
2026,Georgia,GA,secretary of state,Democratic primary,Candidate,Adrian Consonery Jr.,Democratic,104140,10.13,False,False
2026,Georgia,GA,secretary of state,Democratic primary,Total,,,1027837,100.0,False,False
2026,Georgia,GA,secretary of state,Democratic primary runoff,Winning,Penny Brown Reynolds,Democratic,242439,63.1,True,False
2026,Georgia,GA,secretary of state,Democratic primary runoff,Candidate,Dana Barrett,Democratic,141759,36.9,False,False
2026,Georgia,GA,secretary of state,Democratic primary runoff,Total,,,384198,100.0,False,False
2026,Georgia,GA,governor,Republican primary results,Winning,Burt Jones,Republican,358184,38.4,True,False
2026,Georgia,GA,governor,Republican primary results,Winning,Rick Jackson,Republican,303621,32.5,True,False
2026,Georgia,GA,governor,Republican primary results,Candidate,Brad Raffensperger,Republican,140085,15.0,False,False
2026,Georgia,GA,governor,Republican primary results,Candidate,Chris Carr,Republican,110720,11.9,False,False
2026,Georgia,GA,governor,Republican primary results,Candidate,Clark Dean,Republican,7051,0.8,False,False
2026,Georgia,GA,governor,Republican primary results,Candidate,Gregg Kirkpatrick,Republican,5537,0.6,False,False
2026,Georgia,GA,governor,Republican primary results,Candidate,Ken Yasger,Republican,4770,0.5,False,False
2026,Georgia,GA,governor,Republican primary results,Candidate,Thomas Williams,Republican,3849,0.4,False,False
2026,Georgia,GA,governor,Republican primary results,Total,,,933817,100.0,False,False
2026,Georgia,GA,governor,Republican primary runoff results,Winning,Rick Jackson,Republican,373543,52.6,True,False
2026,Georgia,GA,governor,Republican primary runoff results,Candidate,Burt Jones,Republican,336011,47.4,False,False
2026,Georgia,GA,governor,Republican primary runoff results,Total,,,709554,100.0,False,False
2026,Georgia,GA,governor,Democratic primary results,Winning,Keisha Lance Bottoms,Democratic,608264,56.2,True,False
2026,Georgia,GA,governor,Democratic primary results,Candidate,Jason Esteves,Democratic,201852,18.7,False,False
2026,Georgia,GA,governor,Democratic primary results,Candidate,Mike Thurmond,Democratic,139787,12.9,False,False
2026,Georgia,GA,governor,Democratic primary results,Candidate,Geoff Duncan,Democratic,75721,7.0,False,False
2026,Georgia,GA,governor,Democratic primary results,Candidate,Derrick Jackson,Democratic,25050,2.3,False,False
2026,Georgia,GA,governor,Democratic primary results,Candidate,Amanda Duffy,Democratic,18808,1.7,False,False
2026,Georgia,GA,governor,Democratic primary results,Candidate,Olujimi Brown,Democratic,12329,1.1,False,False
2026,Georgia,GA,governor,Democratic primary results,Total,,,1081811,100.0,False,False
2026,Guam,GU,governor,Democratic primary results,Winning,Therese Terlaje,Democratic,6446,47.75,True,False
2026,Guam,GU,governor,Democratic primary results,Candidate,Josh Tenorio,Democratic,5994,44.4,False,False
2026,Guam,GU,governor,Democratic primary results,Candidate,Joe S. San Agustin,Democratic,1050,7.78,False,False
2026,Guam,GU,governor,Democratic primary results,Write-in,,,9,0.07,False,False
2026,Guam,GU,governor,Democratic primary results,Total,,,13499,100.0,False,False
2026,Guam,GU,governor,Republican primary results,Winning,Vicente Ada,Republican,5179,60.51,True,False
2026,Guam,GU,governor,Republican primary results,Candidate,Frank F. Blas Jr.,Republican,3367,39.34,False,False
2026,Guam,GU,governor,Republican primary results,Write-in,,,13,0.15,False,False
2026,Guam,GU,governor,Republican primary results,Total,,,8559,100.0,False,False
2026,Hawaii,HI,governor,Democratic primary results,Winning,Josh Green,Democratic,184289,81.7,True,True
2026,Hawaii,HI,governor,Democratic primary results,Candidate,Lauren Kapoliahi’iaka Shim,Democratic,11199,5.0,False,False
2026,Hawaii,HI,governor,Democratic primary results,Candidate,George Lucas-Tadeo,Democratic,8134,3.6,False,False
2026,Hawaii,HI,governor,Democratic primary results,Candidate,Duke Bourgoin,Democratic,4595,2.0,False,False
2026,Hawaii,HI,governor,Democratic primary results,Total,,,208217,100.0,False,False
2026,Hawaii,HI,governor,Democratic primary results,Winning,Derek Kawakami,Democratic,140247,62.2,True,False
2026,Hawaii,HI,governor,Democratic primary results,Candidate,Della Au Belatti,Democratic,55245,24.5,False,False
2026,Hawaii,HI,governor,Democratic primary results,Candidate,John Choi,Democratic,13009,5.8,False,False
2026,Hawaii,HI,governor,Democratic primary results,Candidate,Sam Puletasi,Democratic,2152,1.0,False,False
2026,Hawaii,HI,governor,Democratic primary results,Candidate,Ku L. Cuadra,Democratic,1417,0.6,False,False
2026,Hawaii,HI,governor,Republican primary results,Winning,Gary Cordery,Republican,36428,66.6,True,False
2026,Hawaii,HI,governor,Republican primary results,Candidate,Ken Fujiyama,Republican,11599,21.2,False,False
2026,Hawaii,HI,governor,Republican primary results,Total,,,48027,100.0,False,False
2026,Hawaii,HI,governor,Republican primary results,Winning,Daniel Anthony,Republican,16982,31.1,True,False
2026,Hawaii,HI,governor,Republican primary results,Candidate,Margaret Rose Mejia,Republican,10833,19.8,False,False
2026,Hawaii,HI,governor,Republican primary results,Candidate,Robert E. Peters,Republican,8899,16.3,False,False
2026,Hawaii,HI,governor,Republican primary results,Candidate,Hopelin Cresencia,Republican,8070,14.8,False,False
2026,Idaho,ID,attorney general,Republican primary results,Winning,Raúl Labrador,Republican,186106,100.0,True,True
2026,Idaho,ID,attorney general,Republican primary results,Total,,,186106,100.0,False,False
2026,Idaho,ID,attorney general,Democratic primary results,Winning,Lori Hickman,Democratic,43348,100.0,True,False
2026,Idaho,ID,attorney general,Democratic primary results,Total,,,43348,100.0,False,False
2026,Idaho,ID,secretary of state,Republican primary results,Winning,Phil McGrane,Republican,188149,100.0,True,True
2026,Idaho,ID,secretary of state,Republican primary results,Total,,,188149,100.0,False,False
2026,Idaho,ID,secretary of state,Democratic primary results,Winning,Shawn Keenan,Democratic,43139,100.0,True,False
2026,Idaho,ID,secretary of state,Democratic primary results,Total,,,43139,100.0,False,False
2026,Idaho,ID,state treasurer,Republican primary results,Winning,Julie Ellsworth,Republican,186498,100.0,True,True
2026,Idaho,ID,state treasurer,Republican primary results,Total,,,186498,100.0,False,False
2026,Idaho,ID,state treasurer,Democratic primary results,Winning,Kevin Jones,Democratic,42780,100.0,True,False
2026,Idaho,ID,state treasurer,Democratic primary results,Total,,,42780,100.0,False,False
2026,Idaho,ID,governor,Republican primary,Winning,Brad Little,Republican,140778,58.96,True,True
2026,Idaho,ID,governor,Republican primary,Candidate,Mark Fitzpatrick,Republican,68546,28.67,False,False
2026,Idaho,ID,governor,Republican primary,Candidate,Lisa Marie,Republican,7215,3.02,False,False
2026,Idaho,ID,governor,Republican primary,Candidate,Justin Plante,Republican,5286,2.21,False,False
2026,Idaho,ID,governor,Republican primary,Candidate,Sean Crystal,Republican,4558,1.91,False,False
2026,Idaho,ID,governor,Republican primary,Candidate,Ron James,Republican,4510,1.89,False,False
2026,Idaho,ID,governor,Republican primary,Candidate,Daniel Fowler,Republican,4197,1.75,False,False
2026,Idaho,ID,governor,Republican primary,Candidate,Ethan Giles,Republican,3672,1.54,False,False
2026,Idaho,ID,governor,Republican primary,Total,,,238762,100.0,False,False
2026,Idaho,ID,governor,Democratic primary,Winning,Terri Pickens,Democratic,30331,61.42,True,False
2026,Idaho,ID,governor,Democratic primary,Candidate,Jill Kirkham,Democratic,8377,16.96,False,False
2026,Idaho,ID,governor,Democratic primary,Candidate,Maxine Durand,Democratic,7178,14.53,False,False
2026,Idaho,ID,governor,Democratic primary,Candidate,Chanelle Torrez,Democratic,3500,7.09,False,False
2026,Idaho,ID,governor,Democratic primary,Total,,,49386,100.0,False,False
2026,Illinois,IL,attorney general,Democratic primary results,Winning,Kwame Raoul,Democratic,1155998,100.0,True,True
2026,Illinois,IL,attorney general,Democratic primary results,Total,,,1155998,100.0,False,False
2026,Illinois,IL,attorney general,Republican primary results,Winning,Bob Fioretti,Republican,495600,100.0,True,False
2026,Illinois,IL,attorney general,Republican primary results,Total,,,495600,100.0,False,False
2026,Illinois,IL,secretary of state,Democratic primary results,Winning,Alexi Giannoulias,Democratic,1171435,100.0,True,True
2026,Illinois,IL,secretary of state,Democratic primary results,Total,,,1171435,100.0,False,False
2026,Illinois,IL,secretary of state,Republican primary results,Winning,Diane Harris,Republican,279727,53.0,True,False
2026,Illinois,IL,secretary of state,Republican primary results,Candidate,Walter Adamczyk,Republican,248198,47.0,False,False
2026,Illinois,IL,secretary of state,Republican primary results,Total,,,527925,100.0,False,False
2026,Illinois,IL,state treasurer,Democratic primary results,Winning,Mike Frerichs,Democratic,1119356,100.0,True,False
2026,Illinois,IL,state treasurer,Democratic primary results,Total,,,1119356,100.0,False,False
2026,Illinois,IL,state treasurer,Republican primary results,Winning,Max Solomon (write-in),Republican,22990,100.0,True,False
2026,Illinois,IL,state treasurer,Republican primary results,Total,,,22990,100.0,False,False
2026,Illinois,IL,governor,Democratic primary results,Winning,JB Pritzker,Democratic,1197587,100.0,True,True
2026,Illinois,IL,governor,Democratic primary results,Total,,,1197587,100.0,False,False
2026,Illinois,IL,governor,Republican primary results,Winning,Darren Bailey,Republican,304162,53.3,True,False
2026,Illinois,IL,governor,Republican primary results,Candidate,Ted Dabrowski,Republican,165229,28.9,False,False
2026,Illinois,IL,governor,Republican primary results,Candidate,James Mendrick,Republican,54599,9.6,False,False
2026,Illinois,IL,governor,Republican primary results,Candidate,Rick Heidner,Republican,46374,8.1,False,False
2026,Illinois,IL,governor,Republican primary results,Total,,,570364,100.0,False,False
2026,Iowa,IA,attorney general,Republican primary results,Winning,Brenna Bird,Republican,181254,99.1,True,True
2026,Iowa,IA,attorney general,Republican primary results,Write-in,,,1581,0.9,False,False
2026,Iowa,IA,attorney general,Republican primary results,Total,,,182835,100.0,False,False
2026,Iowa,IA,attorney general,Democratic primary results,Winning,Nathan Willems,Democratic,175646,99.8,True,False
2026,Iowa,IA,attorney general,Democratic primary results,Write-in,,,380,0.2,False,False
2026,Iowa,IA,attorney general,Democratic primary results,Total,,,176026,100.0,False,False
2026,Iowa,IA,secretary of state,Republican primary results,Winning,Paul Pate,Republican,183807,99.6,True,True
2026,Iowa,IA,secretary of state,Republican primary results,Write-in,,,827,0.5,False,False
2026,Iowa,IA,secretary of state,Republican primary results,Total,,,184634,100.0,False,False
2026,Iowa,IA,secretary of state,Democratic primary results,Winning,Ryan Peterman,Democratic,176658,99.8,True,False
2026,Iowa,IA,secretary of state,Democratic primary results,Write-in,,,438,0.3,False,False
2026,Iowa,IA,secretary of state,Democratic primary results,Total,,,177096,100.0,False,False
2026,Iowa,IA,state treasurer,Republican primary results,Winning,Roby Smith,Republican,175007,99.5,True,True
2026,Iowa,IA,state treasurer,Republican primary results,Write-in,,,849,0.5,False,False
2026,Iowa,IA,state treasurer,Republican primary results,Total,,,175856,100.0,False,False
2026,Iowa,IA,state treasurer,Democratic primary results,Winning,John Norwood,Democratic,176032,99.8,True,False
2026,Iowa,IA,state treasurer,Democratic primary results,Write-in,,,340,0.2,False,False
2026,Iowa,IA,state treasurer,Democratic primary results,Total,,,176372,100.0,False,False
2026,Iowa,IA,governor,Republican primary results,Winning,Zach Lahn,Republican,80765,37.7,True,False
2026,Iowa,IA,governor,Republican primary results,Candidate,Randy Feenstra,Republican,79113,36.9,False,False
2026,Iowa,IA,governor,Republican primary results,Candidate,Adam Steen,Republican,31087,14.5,False,False
2026,Iowa,IA,governor,Republican primary results,Candidate,Brad Sherman,Republican,15076,7.0,False,False
2026,Iowa,IA,governor,Republican primary results,Candidate,Eddie Andrews,Republican,7694,3.6,False,False
2026,Iowa,IA,governor,Republican primary results,Write-in,,,794,0.4,False,False
2026,Iowa,IA,governor,Republican primary results,Total,,,214529,100.0,False,False
2026,Iowa,IA,governor,Democratic primary results,Winning,Rob Sand,Democratic,189442,99.6,True,False
2026,Iowa,IA,governor,Democratic primary results,Write-in,,,751,0.4,False,False
2026,Iowa,IA,governor,Democratic primary results,Total,,,190193,100.0,False,False
2026,Kansas,KS,attorney general,Republican primary results,Winning,Kris Kobach,Republican,278204,100.0,True,True
2026,Kansas,KS,attorney general,Republican primary results,Total,,,278204,100.0,False,False
2026,Kansas,KS,attorney general,Democratic primary results,Winning,Chris Mann,Democratic,199541,100.0,True,False
2026,Kansas,KS,attorney general,Democratic primary results,Total,,,199541,100.0,False,False
2026,Kansas,KS,secretary of state,Republican primary results,Winning,Pat Proctor,Republican,266853,100.0,True,False
2026,Kansas,KS,secretary of state,Republican primary results,Total,,,266853,100.0,False,False
2026,Kansas,KS,secretary of state,Democratic primary results,Winning,Jennifer Day,Democratic,176899,85.3,True,False
2026,Kansas,KS,secretary of state,Democratic primary results,Candidate,Samuel Lane,Democratic,30467,14.7,False,False
2026,Kansas,KS,secretary of state,Democratic primary results,Total,,,207366,100.0,False,False
2026,Kansas,KS,state treasurer,Republican primary results,Winning,Steven Johnson,Republican,275638,100.0,True,True
2026,Kansas,KS,state treasurer,Republican primary results,Total,,,275638,100.0,False,False
2026,Kansas,KS,state treasurer,Democratic primary results,Winning,Juan Luengo,Democratic,193763,100.0,True,False
2026,Kansas,KS,state treasurer,Democratic primary results,Total,,,193763,100.0,False,False
2026,Kansas,KS,governor,Democratic primary results,Winning,Cindy Holscher KC Ohaebosim,Democratic,108478,48.6,True,False
2026,Kansas,KS,governor,Democratic primary results,Candidate,Ethan Corson Renee Duxler,Democratic,86623,38.8,False,False
2026,Kansas,KS,governor,Democratic primary results,Candidate,Curt Skoog Jennifer Bacani McKenny,Democratic,28024,12.6,False,False
2026,Kansas,KS,governor,Democratic primary results,Total,,,223125,100.0,False,False
2026,Kansas,KS,governor,Republican primary results,Winning,Ty Masterson Jeff Klemp,Republican,147213,43.2,True,False
2026,Kansas,KS,governor,Republican primary results,Candidate,Philip Sarnecki Joy Eakins,Republican,76292,22.4,False,False
2026,Kansas,KS,governor,Republican primary results,Candidate,Vicki Schmidt Joe Newland,Republican,46693,13.7,False,False
2026,Kansas,KS,governor,Republican primary results,Candidate,Scott Schwab Ken Rahjes,Republican,37318,10.9,False,False
2026,Kansas,KS,governor,Republican primary results,Candidate,Charlotte O'Hara Michelle Dombrosky,Republican,14493,4.3,False,False
2026,Kansas,KS,governor,Republican primary results,Candidate,Stacy Rogers Michael Smith,Republican,11789,3.5,False,False
2026,Kansas,KS,governor,Republican primary results,Candidate,Nick Reinecker Katy Reinecker,Republican,7122,2.1,False,False
2026,Kansas,KS,governor,Republican primary results,Total,,,340920,100.0,False,False
2026,Maine,ME,governor,Republican convention straw poll results,Winning,Robert Charles,Republican,269,31.87,True,False
2026,Maine,ME,governor,Republican convention straw poll results,Candidate,Ben Midgley,Republican,230,27.25,False,False
2026,Maine,ME,governor,Republican convention straw poll results,Candidate,Jonathan Bush,Republican,96,11.37,False,False
2026,Maine,ME,governor,Republican convention straw poll results,Candidate,Garrett Mason,Republican,76,9.0,False,False
2026,Maine,ME,governor,Republican convention straw poll results,Candidate,Owen McCarthy,Republican,74,8.77,False,False
2026,Maine,ME,governor,Republican convention straw poll results,Candidate,Robert Wessels,Republican,54,6.34,False,False
2026,Maine,ME,governor,Republican convention straw poll results,Candidate,David Jones,Republican,45,5.33,False,False
2026,Maine,ME,governor,Republican convention straw poll results,Total,,,844,100.0,False,False
2026,Maryland,MD,attorney general,Democratic primary results,Winning,Anthony Brown,Democratic,568685,100.0,True,True
2026,Maryland,MD,attorney general,Democratic primary results,Total,,,568685,100.0,False,False
2026,Maryland,MD,attorney general,Republican primary results,Winning,James B. Rutledge III,Republican,161800,100.0,True,False
2026,Maryland,MD,attorney general,Republican primary results,Total,,,161800,100.0,False,False
2026,Maryland,MD,governor,Democratic primary results,Winning,Wes Moore,Democratic,558768,88.3,True,True
2026,Maryland,MD,governor,Democratic primary results,Candidate,Eric Felber,Democratic,74312,11.7,False,False
2026,Maryland,MD,governor,Democratic primary results,Total,,,633080,100.0,False,False
2026,Maryland,MD,governor,Republican primary results,Winning,Dan Cox,Republican,89982,43.3,True,False
2026,Maryland,MD,governor,Republican primary results,Candidate,Ed Hale,Republican,74877,36.0,False,False
2026,Maryland,MD,governor,Republican primary results,Candidate,John Myrick,Republican,13200,6.4,False,False
2026,Maryland,MD,governor,Republican primary results,Candidate,Carl Brunner,Republican,12700,6.1,False,False
2026,Maryland,MD,governor,Republican primary results,Candidate,Shannon Wright,Republican,4907,2.4,False,False
2026,Maryland,MD,governor,Republican primary results,Candidate,L. D. Burkindine,Republican,3746,1.8,False,False
2026,Maryland,MD,governor,Republican primary results,Candidate,Nancy Taylor†,Republican,3690,1.8,False,False
2026,Maryland,MD,governor,Republican primary results,Candidate,Michael Oakes,Republican,2583,1.2,False,False
2026,Maryland,MD,governor,Republican primary results,Candidate,Douglas Larcomb,Republican,2132,1.0,False,False
2026,Maryland,MD,governor,Republican primary results,Total,,,207817,100.0,False,False
2026,Massachusetts,MA,attorney general,Democratic primary results,Winning,Andrea Campbell,Democratic,742871,99.3,True,True
2026,Massachusetts,MA,attorney general,Democratic primary results,Write-in,,,5222,0.7,False,False
2026,Massachusetts,MA,attorney general,Democratic primary results,Total,,,748093,100.0,False,False
2026,Massachusetts,MA,attorney general,Republican primary results,Winning,Michael Walsh,Republican,214932,99.4,True,False
2026,Massachusetts,MA,attorney general,Republican primary results,Write-in,,,1317,0.6,False,False
2026,Massachusetts,MA,attorney general,Republican primary results,Total,,,216249,100.0,False,False
2026,Massachusetts,MA,governor,Democratic primary results,Winning,Maura Healey,Democratic,767711,98.3,True,True
2026,Massachusetts,MA,governor,Democratic primary results,Write-in,,,12897,1.7,False,False
2026,Massachusetts,MA,governor,Democratic primary results,Total,,,780608,100.0,False,False
2026,Massachusetts,MA,governor,Democratic primary results,Winning,Kim Driscoll,Democratic,745562,99.2,True,True
2026,Massachusetts,MA,governor,"Republican convention vote, April 25",Winning,Michael Minogue,Republican,1262,70.4,True,False
2026,Massachusetts,MA,governor,"Republican convention vote, April 25",Candidate,Brian Shortsleeve,Republican,278,15.5,False,False
2026,Massachusetts,MA,governor,"Republican convention vote, April 25",Candidate,Mike Kennealy,Republican,253,14.1,False,False
2026,Massachusetts,MA,governor,"Republican convention vote, April 25",Total,,,1793,100.0,False,False
2026,Massachusetts,MA,governor,Republican primary results,Winning,Michael Minogue,Republican,194758,75.6,True,False
2026,Massachusetts,MA,governor,Republican primary results,Candidate,Brian Shortsleeve,Republican,62161,24.1,False,False
2026,Massachusetts,MA,governor,Republican primary results,Write-in,,,612,0.3,False,False
2026,Massachusetts,MA,governor,Republican primary results,Total,,,257531,100.0,False,False
2026,Massachusetts,MA,governor,"Republican convention vote, April 25",Winning,Anne Brensley,Republican,1100,56.1,True,False
2026,Massachusetts,MA,governor,"Republican convention vote, April 25",Candidate,Anne Manning-Martin,Republican,536,27.3,False,False
2026,Massachusetts,MA,governor,"Republican convention vote, April 25",Candidate,Shawn Oliver,Republican,325,16.6,False,False
2026,Massachusetts,MA,governor,Republican primary results,Winning,Shawn Oliver,Republican,195352,91.6,True,False
2026,Massachusetts,MA,governor,Republican primary results,Candidate,Anne Manning Martin (write-in),Republican,14611,6.9,False,False
2026,Michigan,MI,governor,Democratic primary results,Winning,Jocelyn Benson,Democratic,1251160,83.22,True,False
2026,Michigan,MI,governor,Democratic primary results,Candidate,Chris Swanson,Democratic,252236,16.78,False,False
2026,Michigan,MI,governor,Democratic primary results,Write-in,,,10,0.0,False,False
2026,Michigan,MI,governor,Democratic primary results,Total,,,1503406,100.0,False,False
2026,Michigan,MI,governor,Republican primary results,Winning,John James,Republican,466714,50.05,True,False
2026,Michigan,MI,governor,Republican primary results,Candidate,Perry Johnson,Republican,328194,35.2,False,False
2026,Michigan,MI,governor,Republican primary results,Candidate,Mike Cox (withdrawn),Republican,121261,13.0,False,False
2026,Michigan,MI,governor,Republican primary results,Candidate,Aric Nesbitt (withdrawn),Republican,16295,1.75,False,False
2026,Michigan,MI,governor,Republican primary results,Total,,,932464,100.0,False,False
2026,Minnesota,MN,attorney general,Democratic primary results,Winning,Keith Ellison,Democratic,573187,84.7,True,True
2026,Minnesota,MN,attorney general,Democratic primary results,Candidate,David J.S. Madgett,Democratic,103743,15.3,False,False
2026,Minnesota,MN,attorney general,Democratic primary results,Total,,,676930,100.0,False,False
2026,Minnesota,MN,attorney general,Republican primary results,Winning,Ron Schutz,Republican,369353,100.0,True,False
2026,Minnesota,MN,attorney general,Republican primary results,Total,,,369353,100.0,False,False
2026,Minnesota,MN,secretary of state,Democratic primary results,Winning,Steve Simon,Minnesota Democratic–farmer–labor,615129,100.0,True,False
2026,Minnesota,MN,secretary of state,Democratic primary results,Total,,,615129,100.0,False,False
2026,Minnesota,MN,secretary of state,Republican primary results,Winning,Tad Jude,Republican,229804,60.3,True,False
2026,Minnesota,MN,secretary of state,Republican primary results,Candidate,Wendy Phillips,Republican,151599,39.7,False,False
2026,Minnesota,MN,secretary of state,Republican primary results,Total,,,381403,100.0,False,False
2026,Minnesota,MN,governor,DFL caucus straw poll results,Winning,Amy Klobuchar,Minnesota Democratic–farmer–labor,22484,71.71,True,False
2026,Minnesota,MN,governor,DFL caucus straw poll results,Candidate,Christopher Seymore,Minnesota Democratic–farmer–labor,397,1.27,False,False
2026,Minnesota,MN,governor,DFL caucus straw poll results,Write-in,,,1097,3.5,False,False
2026,Minnesota,MN,governor,DFL caucus straw poll results,Total,,,31355,100.0,False,False
2026,Minnesota,MN,governor,Democratic primary results,Winning,Amy Klobuchar,Minnesota Democratic–farmer–labor,615041,89.7,True,False
2026,Minnesota,MN,governor,Democratic primary results,Candidate,Kobey Layne,Minnesota Democratic–farmer–labor,39528,5.8,False,False
2026,Minnesota,MN,governor,Democratic primary results,Candidate,Mohammad Wazwaz,Minnesota Democratic–farmer–labor,9633,1.4,False,False
2026,Minnesota,MN,governor,Democratic primary results,Candidate,Po Vang,Minnesota Democratic–farmer–labor,8834,1.3,False,False
2026,Minnesota,MN,governor,Democratic primary results,Candidate,"Ole ""Viking"" Savior",Minnesota Democratic–farmer–labor,5491,0.8,False,False
2026,Minnesota,MN,governor,Democratic primary results,Candidate,Tom Evenstad,Minnesota Democratic–farmer–labor,3843,0.6,False,False
2026,Minnesota,MN,governor,Democratic primary results,Candidate,Bill Gates Jr.,Minnesota Democratic–farmer–labor,3380,0.5,False,False
2026,Minnesota,MN,governor,Democratic primary results,Total,,,685750,100.0,False,False
2026,Minnesota,MN,governor,Republican caucus straw poll results,Winning,Lisa Demuth,Republican,5827,31.86,True,False
2026,Minnesota,MN,governor,Republican caucus straw poll results,Candidate,Kendall Qualls,Republican,4624,25.28,False,False
2026,Minnesota,MN,governor,Republican caucus straw poll results,Candidate,Mike Lindell,Republican,3235,17.69,False,False
2026,Minnesota,MN,governor,Republican caucus straw poll results,Candidate,Scott Jensen,Republican,1185,6.48,False,False
2026,Minnesota,MN,governor,Republican caucus straw poll results,Candidate,Kristin Robbins,Republican,776,4.24,False,False
2026,Minnesota,MN,governor,Republican caucus straw poll results,Candidate,Phil Parrish,Republican,728,3.98,False,False
2026,Minnesota,MN,governor,Republican caucus straw poll results,Candidate,Patrick Knight,Republican,362,1.98,False,False
2026,Minnesota,MN,governor,Republican caucus straw poll results,Candidate,Jeff Johnson,Republican,139,0.76,False,False
2026,Minnesota,MN,governor,Republican caucus straw poll results,Candidate,Peggy Bennett,Republican,112,0.61,False,False
2026,Minnesota,MN,governor,Republican caucus straw poll results,Candidate,Brad Kohler,Republican,78,0.43,False,False
2026,Minnesota,MN,governor,Republican caucus straw poll results,Candidate,Raul Estrada,Republican,62,0.34,False,False
2026,Minnesota,MN,governor,Republican caucus straw poll results,Candidate,John Krhin,Republican,59,0.32,False,False
2026,Minnesota,MN,governor,Republican caucus straw poll results,Write-in,,,56,0.31,False,False
2026,Minnesota,MN,governor,Republican caucus straw poll results,Total,,,18289,100.0,False,False
2026,Minnesota,MN,governor,Republican primary results,Winning,Lisa Demuth,Republican,179683,43.4,True,False
2026,Minnesota,MN,governor,Republican primary results,Candidate,Mike Lindell,Republican,134282,32.5,False,False
2026,Minnesota,MN,governor,Republican primary results,Candidate,Kendall Qualls,Republican,88416,21.4,False,False
2026,Minnesota,MN,governor,Republican primary results,Candidate,John Krhin,Republican,4663,1.1,False,False
2026,Minnesota,MN,governor,Republican primary results,Candidate,Ross Nova,Republican,2760,0.7,False,False
2026,Minnesota,MN,governor,Republican primary results,Candidate,Raul Estrada,Republican,2408,0.6,False,False
2026,Minnesota,MN,governor,Republican primary results,Candidate,Loner Blue,Republican,1393,0.3,False,False
2026,Minnesota,MN,governor,Republican primary results,Total,,,413605,100.0,False,False
2026,Nebraska,NE,attorney general,Republican primary,Winning,Mike Hilgers,Republican,161220,100.0,True,True
2026,Nebraska,NE,attorney general,Republican primary,Total,,,161220,100.0,False,False
2026,Nebraska,NE,attorney general,Democratic primary,Winning,Jocelyn Brasher,Democratic,111939,100.0,True,False
2026,Nebraska,NE,attorney general,Democratic primary,Total,,,111939,100.0,False,False
2026,Nebraska,NE,secretary of state,Republican primary,Winning,Scott Petersen,Republican,97430,54.64,True,False
2026,Nebraska,NE,secretary of state,Republican primary,Candidate,Bob Evnen,Republican,80850,45.36,False,True
2026,Nebraska,NE,secretary of state,Republican primary,Total,,,178280,100.0,False,False
2026,Nebraska,NE,secretary of state,Democratic primary,Winning,Sarah Slattery,Democratic,109344,91.16,True,False
2026,Nebraska,NE,secretary of state,Democratic primary,Candidate,Lee Cimfel,Democratic,10608,8.84,False,False
2026,Nebraska,NE,secretary of state,Democratic primary,Total,,,119952,100.0,False,False
2026,Nebraska,NE,state treasurer,Republican primary,Winning,Joey Spellerberg,Republican,156208,100.0,True,True
2026,Nebraska,NE,state treasurer,Republican primary,Total,,,156208,100.0,False,False
2026,Nebraska,NE,state treasurer,Democratic primary,Winning,Daniel Ebers,Democratic,107214,100.0,True,False
2026,Nebraska,NE,state treasurer,Democratic primary,Total,,,107214,100.0,False,False
2026,Nebraska,NE,governor,Republican primary,Winning,Jim Pillen,Republican,142301,75.4,True,True
2026,Nebraska,NE,governor,Republican primary,Candidate,John Walz,Republican,18066,9.6,False,False
2026,Nebraska,NE,governor,Republican primary,Candidate,Sheila Korth-Focken,Republican,14621,7.8,False,False
2026,Nebraska,NE,governor,Republican primary,Candidate,Gary Rogge,Republican,6986,3.7,False,False
2026,Nebraska,NE,governor,Republican primary,Candidate,Jacy Todd,Republican,5125,2.7,False,False
2026,Nebraska,NE,governor,Republican primary,Candidate,Sal Holguin,Republican,1612,0.9,False,False
2026,Nebraska,NE,governor,Republican primary,Total,,,188711,100.0,False,False
2026,Nebraska,NE,governor,Democratic primary,Winning,Lynne Walz,Democratic,116458,91.5,True,False
2026,Nebraska,NE,governor,Democratic primary,Candidate,Larry Marvin,Democratic,10847,8.5,False,False
2026,Nebraska,NE,governor,Democratic primary,Total,,,127305,100.0,False,False
2026,Nebraska,NE,governor,Legal Marijuana Now primary,Winning,Rick Beard,Now,349,69.1,True,False
2026,Nebraska,NE,governor,Legal Marijuana Now primary,Candidate,James Charvat,Now,156,30.9,False,False
2026,Nebraska,NE,governor,Legal Marijuana Now primary,Total,,,505,100.0,False,False
2026,Nevada,NV,attorney general,Democratic primary results,Winning,Nicole Cannizzaro,Democratic,112561,60.7,True,False
2026,Nevada,NV,attorney general,Democratic primary results,Candidate,Zach Conine,Democratic,65256,35.2,False,False
2026,Nevada,NV,attorney general,Democratic primary results,Total,,,185587,100.0,False,False
2026,Nevada,NV,attorney general,Republican primary results,Winning,Adriana Guzmán Fralick,Republican,111922,60.1,True,False
2026,Nevada,NV,attorney general,Republican primary results,Candidate,Danny Tarkanian,Republican,64402,34.6,False,False
2026,Nevada,NV,attorney general,Republican primary results,Total,,,186188,100.0,False,False
2026,Nevada,NV,secretary of state,Republican primary results,Winning,Jim Marchant,Republican,58863,32.6,True,False
2026,Nevada,NV,secretary of state,Republican primary results,Candidate,Shirley Folkins-Roberts,Republican,55228,30.6,False,False
2026,Nevada,NV,secretary of state,Republican primary results,Candidate,Sharron Angle,Republican,47392,26.2,False,False
2026,Nevada,NV,secretary of state,Republican primary results,Candidate,Socorro Keenan,Republican,6104,3.4,False,False
2026,Nevada,NV,secretary of state,Republican primary results,Total,,,180722,100.0,False,False
2026,Nevada,NV,state treasurer,Democratic primary results,Winning,Tya Mathis-Coleman,Democratic,101211,55.2,True,False
2026,Nevada,NV,state treasurer,Democratic primary results,Candidate,Joe Dalia,Democratic,56168,30.6,False,False
2026,Nevada,NV,state treasurer,Democratic primary results,Candidate,Jay Maharjan,Democratic,14964,8.2,False,False
2026,Nevada,NV,state treasurer,Democratic primary results,Total,,,183340,100.0,False,False
2026,Nevada,NV,state treasurer,Republican primary results,Winning,Drew Johnson,Republican,80831,45.5,True,False
2026,Nevada,NV,state treasurer,Republican primary results,Candidate,Jeff Carter,Republican,78105,43.9,False,False
2026,Nevada,NV,state treasurer,Republican primary results,Total,,,177765,100.0,False,False
2026,Nevada,NV,governor,Republican primary results,Winning,Joe Lombardo,Republican,172150,90.8,True,True
2026,Nevada,NV,governor,Republican primary results,Candidate,Irina Hansen,Republican,4114,2.2,False,False
2026,Nevada,NV,governor,Republican primary results,Candidate,Matthew Winterhawk,Republican,3452,1.8,False,False
2026,Nevada,NV,governor,Republican primary results,Candidate,Donald J. Beaudry Jr.,Republican,2482,1.3,False,False
2026,Nevada,NV,governor,Republican primary results,Candidate,M. Kameron Hawkins,Republican,1230,0.7,False,False
2026,Nevada,NV,governor,Republican primary results,Candidate,Jose M. Zalaya,Republican,1095,0.6,False,False
2026,Nevada,NV,governor,Republican primary results,Candidate,Barak Zilberberg,Republican,744,0.4,False,False
2026,Nevada,NV,governor,Republican primary results,Total,,,189638,100.0,False,False
2026,Nevada,NV,governor,Democratic primary results,Winning,Aaron Ford,Democratic,118831,63.3,True,False
2026,Nevada,NV,governor,Democratic primary results,Candidate,Alexis Hill,Democratic,44849,23.9,False,False
2026,Nevada,NV,governor,Democratic primary results,Candidate,James Cooper,Democratic,6657,3.5,False,False
2026,Nevada,NV,governor,Democratic primary results,Candidate,Sunshine Arterburn,Democratic,5012,2.7,False,False
2026,Nevada,NV,governor,Democratic primary results,Candidate,Emile Bouari,Democratic,2795,1.5,False,False
2026,Nevada,NV,governor,Democratic primary results,Candidate,Miqehl Bayfield,Democratic,2172,1.2,False,False
2026,Nevada,NV,governor,Democratic primary results,Total,,,187818,100.0,False,False
2026,New Hampshire,NH,governor,Republican primary results,Winning,Kelly Ayotte,Republican,100920,91.9,True,True
2026,New Hampshire,NH,governor,Republican primary results,Candidate,Shaun Fife,Republican,4418,4.0,False,False
2026,New Hampshire,NH,governor,Republican primary results,Candidate,Bob Wayne McClory,Republican,3890,3.5,False,False
2026,New Hampshire,NH,governor,Republican primary results,Write-in,,,644,0.6,False,False
2026,New Hampshire,NH,governor,Republican primary results,Total,,,109872,100.0,False,False
2026,New Hampshire,NH,governor,Democratic primary results,Winning,Cinde Warmington,Democratic,126223,96.4,True,False
2026,New Hampshire,NH,governor,Democratic primary results,Write-in,,,4788,3.6,False,False
2026,New Hampshire,NH,governor,Democratic primary results,Total,,,131011,100.0,False,False
2026,New Mexico,NM,attorney general,Democratic primary results,Winning,Raúl Torrez,Democratic,189828,100.0,True,True
2026,New Mexico,NM,attorney general,Democratic primary results,Total,,,189828,100.0,False,False
2026,New Mexico,NM,attorney general,Republican primary results,Winning,Samuel Kane,Republican,96092,100.0,True,False
2026,New Mexico,NM,attorney general,Republican primary results,Total,,,96092,100.0,False,False
2026,New Mexico,NM,secretary of state,Democratic primary results,Winning,Amanda López Askin,Democratic,108159,53.2,True,False
2026,New Mexico,NM,secretary of state,Democratic primary results,Candidate,Katharine Clark,Democratic,95372,46.8,False,False
2026,New Mexico,NM,secretary of state,Democratic primary results,Total,,,203531,100.0,False,False
2026,New Mexico,NM,secretary of state,Republican primary results,Winning,Ramona Goolsby,Republican,96620,100.0,True,False
2026,New Mexico,NM,secretary of state,Republican primary results,Total,,,96620,100.0,False,False
2026,New Mexico,NM,state treasurer,Democratic primary results,Winning,Laura Montoya,Democratic,181212,100.0,True,True
2026,New Mexico,NM,state treasurer,Democratic primary results,Total,,,181212,100.0,False,False
2026,New Mexico,NM,state treasurer,Republican primary results,Winning,Jim Ellison (write-in),Republican,29614,100.0,True,False
2026,New Mexico,NM,state treasurer,Republican primary results,Total,,,29614,100.0,False,False
2026,New Mexico,NM,governor,Democratic primary results,Winning,Deb Haaland,Democratic,158713,72.3,True,False
2026,New Mexico,NM,governor,Democratic primary results,Candidate,Sam Bregman,Democratic,60619,27.7,False,False
2026,New Mexico,NM,governor,Democratic primary results,Total,,,219332,100.0,False,False
2026,New Mexico,NM,governor,Democratic primary results,Winning,Maggie Toulouse Oliver,Democratic,169930,80.0,True,False
2026,New Mexico,NM,governor,Democratic primary results,Candidate,Harold Pope Jr.,Democratic,42515,20.0,False,False
2026,New Mexico,NM,governor,Republican primary results,Winning,Gregg Hull,Republican,56708,47.0,True,False
2026,New Mexico,NM,governor,Republican primary results,Candidate,Doug Turner,Republican,44480,36.9,False,False
2026,New Mexico,NM,governor,Republican primary results,Candidate,Duke Rodriguez,Republican,19393,16.1,False,False
2026,New Mexico,NM,governor,Republican primary results,Total,,,120581,100.0,False,False
2026,New Mexico,NM,governor,Republican primary results,Winning,David Gallegos,Republican,56640,49.7,True,False
2026,New Mexico,NM,governor,Republican primary results,Candidate,Aubrey Blair Dunn,Republican,42954,37.8,False,False
2026,New Mexico,NM,governor,Republican primary results,Candidate,Manuel Lardizabal,Republican,14183,12.5,False,False
2026,North Dakota,ND,attorney general,Republican primary results,Winning,Drew Wrigley,Republican,74486,99.2,True,True
2026,North Dakota,ND,attorney general,Republican primary results,Write-in,,,579,0.8,False,False
2026,North Dakota,ND,attorney general,Republican primary results,Total,,,75065,100.0,False,False
2026,North Dakota,ND,attorney general,Democratic–NPL primary results,Winning,Tim Lamb,North Dakota Democratic–nonpartisan League,33913,99.7,True,False
2026,North Dakota,ND,attorney general,Democratic–NPL primary results,Write-in,,,108,0.3,False,False
2026,North Dakota,ND,attorney general,Democratic–NPL primary results,Total,,,34021,100.0,False,False
2026,North Dakota,ND,secretary of state,Republican primary results,Winning,Michael Howe,Republican,74102,99.6,True,True
2026,North Dakota,ND,secretary of state,Republican primary results,Write-in,,,329,0.4,False,False
2026,North Dakota,ND,secretary of state,Republican primary results,Total,,,74431,100.0,False,False
2026,North Dakota,ND,secretary of state,Democratic–NPL primary results,Winning,Ryan Braunberger,North Dakota Democratic–nonpartisan League,34180,99.8,True,False
2026,North Dakota,ND,secretary of state,Democratic–NPL primary results,Write-in,,,62,0.2,False,False
2026,North Dakota,ND,secretary of state,Democratic–NPL primary results,Total,,,34242,100.0,False,False
2026,Ohio,OH,attorney general,Republican primary,Winning,Keith Faber,Republican,698856,100.0,True,False
2026,Ohio,OH,attorney general,Republican primary,Total,,,698856,100.0,False,False
2026,Ohio,OH,attorney general,Democratic primary,Winning,John Kulewicz,Democratic,445336,63.1,True,False
2026,Ohio,OH,attorney general,Democratic primary,Candidate,Elliot Forhan,Democratic,260407,36.9,False,False
2026,Ohio,OH,attorney general,Democratic primary,Total,,,705743,100.0,False,False
2026,Ohio,OH,secretary of state,Republican primary,Winning,Robert Sprague,Republican,543551,70.21,True,False
2026,Ohio,OH,secretary of state,Republican primary,Candidate,Marcell Strbich,Republican,230584,29.79,False,False
2026,Ohio,OH,secretary of state,Republican primary,Total,,,774135,100.0,False,False
2026,Ohio,OH,secretary of state,Democratic primary,Winning,Allison Russo,Democratic,487313,67.4,True,False
2026,Ohio,OH,secretary of state,Democratic primary,Candidate,Bryan Hambley,Democratic,235668,32.6,False,False
2026,Ohio,OH,secretary of state,Democratic primary,Total,,,722981,100.0,False,False
2026,Ohio,OH,secretary of state,Libertarian primary,Winning,Tom Pruss,Libertarian,8633,100.0,True,False
2026,Ohio,OH,secretary of state,Libertarian primary,Total,,,8633,100.0,False,False
2026,Ohio,OH,state treasurer,Republican primary,Winning,Jay Edwards,Republican,412114,53.06,True,False
2026,Ohio,OH,state treasurer,Republican primary,Candidate,Kristina Roegner,Republican,364556,46.94,False,False
2026,Ohio,OH,state treasurer,Republican primary,Total,,,776670,100.0,False,False
2026,Ohio,OH,state treasurer,Democratic primary,Winning,Seth Walsh,Democratic,677424,100.0,True,False
2026,Ohio,OH,state treasurer,Democratic primary,Total,,,677424,100.0,False,False
2026,Ohio,OH,governor,Republican primary,Winning,Vivek Ramaswamy,Republican,676562,82.43,True,False
2026,Ohio,OH,governor,Republican primary,Candidate,Casey Putsch,Republican,144184,17.57,False,False
2026,Ohio,OH,governor,Republican primary,Total,,,820746,100.0,False,False
2026,Ohio,OH,governor,Democratic primary,Winning,Amy Acton,Democratic,767360,100.0,True,False
2026,Ohio,OH,governor,Democratic primary,Total,,,767360,100.0,False,False
2026,Ohio,OH,governor,Libertarian primary,Winning,Don Kissick,Libertarian,8705,97.97,True,False
2026,Ohio,OH,governor,Libertarian primary,Candidate,Travis Jon Vought,Libertarian,180,2.03,False,False
2026,Ohio,OH,governor,Libertarian primary,Total,,,8885,100.0,False,False
2026,Oklahoma,OK,attorney general,Republican primary results,Winning,Jon Echols,Republican,207832,55.0,True,False
2026,Oklahoma,OK,attorney general,Republican primary results,Candidate,Jeff Starling,Republican,170061,45.0,False,False
2026,Oklahoma,OK,attorney general,Republican primary results,Total,,,377893,100.0,False,False
2026,Oklahoma,OK,state treasurer,Republican primary results,Winning,Cindy Byrd,Republican,232773,61.7,True,False
2026,Oklahoma,OK,state treasurer,Republican primary results,Candidate,Todd Russ,Republican,144780,38.3,False,True
2026,Oklahoma,OK,state treasurer,Republican primary results,Total,,,377553,100.0,False,False
2026,Oklahoma,OK,governor,Republican primary results,Winning,Gentner Drummond,Republican,105832,26.3,True,False
2026,Oklahoma,OK,governor,Republican primary results,Winning,Mike Mazzei,Republican,104691,26.0,True,False
2026,Oklahoma,OK,governor,Republican primary results,Candidate,Chip Keating,Republican,74379,18.5,False,False
2026,Oklahoma,OK,governor,Republican primary results,Candidate,Jake A. Merrick,Republican,58341,14.5,False,False
2026,Oklahoma,OK,governor,Republican primary results,Candidate,Charles McCall,Republican,47519,11.8,False,False
2026,Oklahoma,OK,governor,Republican primary results,Candidate,Leisa Mitchell Haynes,Republican,4121,1.0,False,False
2026,Oklahoma,OK,governor,Republican primary results,Candidate,Jennifer Domenico,Republican,3796,0.9,False,False
2026,Oklahoma,OK,governor,Republican primary results,Candidate,Kenneth Sturgell,Republican,2935,0.7,False,False
2026,Oklahoma,OK,governor,Republican primary results,Candidate,Calup Anthony Taylor,Republican,1485,0.4,False,False
2026,Oklahoma,OK,governor,Republican primary results,Total,,,403099,100.0,False,False
2026,Oklahoma,OK,governor,Republican primary runoff results,Winning,Mike Mazzei,Republican,186678,50.3,True,False
2026,Oklahoma,OK,governor,Republican primary runoff results,Candidate,Gentner Drummond,Republican,184631,49.7,False,False
2026,Oklahoma,OK,governor,Republican primary runoff results,Total,,,371309,100.0,False,False
2026,Oklahoma,OK,governor,Democratic primary results,Winning,Cyndi Munson,Democratic,129225,74.9,True,False
2026,Oklahoma,OK,governor,Democratic primary results,Candidate,Constance Johnson,Democratic,38414,22.3,False,False
2026,Oklahoma,OK,governor,Democratic primary results,Candidate,Arya Azma,Democratic,4824,2.8,False,False
2026,Oklahoma,OK,governor,Democratic primary results,Total,,,172463,100.0,False,False
2026,Oregon,OR,governor,Democratic primary results,Winning,Tina Kotek,Democratic,385999,83.6,True,True
2026,Oregon,OR,governor,Democratic primary results,Candidate,Brittany N. Jones,Democratic,13939,3.0,False,False
2026,Oregon,OR,governor,Democratic primary results,Candidate,"Forest ""Fora"" Alexander",Democratic,12684,2.8,False,False
2026,Oregon,OR,governor,Democratic primary results,Candidate,Miranda Weigler,Democratic,10161,2.2,False,False
2026,Oregon,OR,governor,Democratic primary results,Candidate,Tristan Sheppard,Democratic,6006,1.3,False,False
2026,Oregon,OR,governor,Democratic primary results,Candidate,James Atkinson IV,Democratic,5902,1.3,False,False
2026,Oregon,OR,governor,Democratic primary results,Candidate,David Beem,Democratic,4863,1.1,False,False
2026,Oregon,OR,governor,Democratic primary results,Candidate,Steve Laible,Democratic,3692,0.8,False,False
2026,Oregon,OR,governor,Democratic primary results,Candidate,Cal Kishawi,Democratic,2422,0.5,False,False
2026,Oregon,OR,governor,Democratic primary results,Candidate,Donnie Beckwith,Democratic,1799,0.4,False,False
2026,Oregon,OR,governor,Democratic primary results,Candidate,Write-in,Democratic,14228,3.1,False,False
2026,Oregon,OR,governor,Democratic primary results,Total,,,461695,100.0,False,False
2026,Oregon,OR,governor,Republican primary results,Winning,Christine Drazan,Republican,172474,40.5,True,False
2026,Oregon,OR,governor,Republican primary results,Candidate,Ed Diehl,Republican,140458,33.0,False,False
2026,Oregon,OR,governor,Republican primary results,Candidate,Chris Dudley,Republican,71929,16.9,False,False
2026,Oregon,OR,governor,Republican primary results,Candidate,David Medina,Republican,21742,5.1,False,False
2026,Oregon,OR,governor,Republican primary results,Candidate,Danielle Bethell,Republican,9629,2.3,False,False
2026,Oregon,OR,governor,Republican primary results,Candidate,Brad Peters,Republican,1827,0.4,False,False
2026,Oregon,OR,governor,Republican primary results,Candidate,Paul Romero,Republican,1615,0.4,False,False
2026,Oregon,OR,governor,Republican primary results,Candidate,Kyle Duyck,Republican,1562,0.4,False,False
2026,Oregon,OR,governor,Republican primary results,Candidate,Robert Neuman,Republican,680,0.2,False,False
2026,Oregon,OR,governor,Republican primary results,Candidate,Martin Ward,Republican,539,0.1,False,False
2026,Oregon,OR,governor,Republican primary results,Candidate,Hope Dalrymple,Republican,534,0.1,False,False
2026,Oregon,OR,governor,Republican primary results,Candidate,DeAngelo Turner,Republican,377,0.1,False,False
2026,Oregon,OR,governor,Republican primary results,Candidate,Wen Waddell,Republican,321,0.1,False,False
2026,Oregon,OR,governor,Republican primary results,Candidate,Tim Youker,Republican,248,0.1,False,False
2026,Oregon,OR,governor,Republican primary results,Candidate,Write-in,Republican,1622,0.4,False,False
2026,Oregon,OR,governor,Republican primary results,Total,,,425557,100.0,False,False
2026,Pennsylvania,PA,governor,Democratic primary results,Winning,Josh Shapiro,Democratic,1116960,100.0,True,True
2026,Pennsylvania,PA,governor,Democratic primary results,Total,,,1116960,100.0,False,False
2026,Pennsylvania,PA,governor,Democratic primary results,Winning,Austin Davis,Democratic,1072694,100.0,True,True
2026,Pennsylvania,PA,governor,Republican primary results,Winning,Stacy Garrity,Republican,641534,100.0,True,False
2026,Pennsylvania,PA,governor,Republican primary results,Total,,,641534,100.0,False,False
2026,Pennsylvania,PA,governor,Republican primary results,Winning,Jason Richey,Republican,428740,65.6,True,False
2026,Pennsylvania,PA,governor,Republican primary results,Candidate,John Ventre,Republican,225238,34.4,False,False
2026,Rhode Island,RI,state treasurer,Democratic primary results,Winning,James Diossa,Democratic,105966,100.0,True,True
2026,Rhode Island,RI,state treasurer,Democratic primary results,Total,,,105966,100.0,False,False
2026,Rhode Island,RI,state treasurer,Republican primary results,Winning,Micholas Credle,Republican,20296,100.0,True,False
2026,Rhode Island,RI,state treasurer,Republican primary results,Total,,,20296,100.0,False,False
2026,Rhode Island,RI,secretary of state,Democratic primary results,Winning,Gregg Amore,Democratic,108803,100.0,True,True
2026,Rhode Island,RI,secretary of state,Democratic primary results,Total,,,108803,100.0,False,False
2026,Rhode Island,RI,governor,Democratic primary results,Winning,Helena Buonanno Foulkes,Democratic,81009,62.5,True,False
2026,Rhode Island,RI,governor,Democratic primary results,Candidate,Dan McKee,Democratic,48687,37.5,False,True
2026,Rhode Island,RI,governor,Democratic primary results,Total,,,129696,100.0,False,False
2026,Rhode Island,RI,governor,Republican primary results,Candidate,Aaron Guckian,Republican,11671,50.6,False,False
2026,Rhode Island,RI,governor,Republican primary results,Candidate,Elaine Pelino,Republican,11400,49.4,False,False
2026,Rhode Island,RI,governor,Republican primary results,Total,,,23071,100.0,False,False
2026,South Carolina,SC,attorney general,Republican primary results,Winning,Stephen Goldfinch,Republican,175921,40.0,True,False
2026,South Carolina,SC,attorney general,Republican primary results,Winning,David Stumbo,Republican,156876,35.7,True,False
2026,South Carolina,SC,attorney general,Republican primary results,Candidate,David Pascoe,Republican,107086,24.3,False,False
2026,South Carolina,SC,attorney general,Republican primary results,Total,,,439883,100.0,False,False
2026,South Carolina,SC,attorney general,Republican primary runoff results,Winning,David Stumbo,Republican,172944,55.7,True,False
2026,South Carolina,SC,attorney general,Republican primary runoff results,Candidate,Stephen Goldfinch,Republican,137270,44.3,False,False
2026,South Carolina,SC,attorney general,Republican primary runoff results,Total,,,310214,100.0,False,False
2026,South Carolina,SC,secretary of state,Democratic primary results,Winning,Jason Belton,Democratic,179659,50.6,True,False
2026,South Carolina,SC,secretary of state,Democratic primary results,Candidate,Edwina Winter,Democratic,175628,49.4,False,False
2026,South Carolina,SC,secretary of state,Democratic primary results,Total,,,355287,100.0,False,False
2026,South Carolina,SC,state treasurer,Democratic primary results,Winning,Vincent Coe,Democratic,195339,55.8,True,False
2026,South Carolina,SC,state treasurer,Democratic primary results,Candidate,Trav Robertson,Democratic,154989,44.2,False,False
2026,South Carolina,SC,state treasurer,Democratic primary results,Total,,,350328,100.0,False,False
2026,South Carolina,SC,governor,Republican primary results,Winning,Pamela Evette,Republican,136480,28.9,True,False
2026,South Carolina,SC,governor,Republican primary results,Winning,Alan Wilson,Republican,123643,26.2,True,False
2026,South Carolina,SC,governor,Republican primary results,Candidate,Ralph Norman,Republican,80790,17.1,False,False
2026,South Carolina,SC,governor,Republican primary results,Candidate,Rom Reddy,Republican,66992,14.2,False,False
2026,South Carolina,SC,governor,Republican primary results,Candidate,Nancy Mace,Republican,57380,12.1,False,False
2026,South Carolina,SC,governor,Republican primary results,Candidate,Josh Kimbrell (withdrawn),Republican,3957,0.8,False,False
2026,South Carolina,SC,governor,Republican primary results,Candidate,Jacqueline DuBose (decertified),Republican,3714,0.8,False,False
2026,South Carolina,SC,governor,Republican primary results,Total,,,472956,100.0,False,False
2026,South Carolina,SC,governor,Republican primary runoff results,Winning,Alan Wilson,Republican,218569,68.6,True,False
2026,South Carolina,SC,governor,Republican primary runoff results,Candidate,Pamela Evette,Republican,100227,31.4,False,False
2026,South Carolina,SC,governor,Republican primary runoff results,Total,,,318796,100.0,False,False
2026,South Carolina,SC,governor,Democratic primary results,Winning,Jermaine Johnson,Democratic,221951,59.7,True,False
2026,South Carolina,SC,governor,Democratic primary results,Candidate,Billy Webster,Democratic,110303,29.7,False,False
2026,South Carolina,SC,governor,Democratic primary results,Candidate,William Mullins McLeod Jr.,Democratic,39739,10.7,False,False
2026,South Carolina,SC,governor,Democratic primary results,Total,,,371993,100.0,False,False
2026,South Dakota,SD,governor,Republican primary results,Winning,Toby Doeden,Republican,41712,30.6,True,False
2026,South Dakota,SD,governor,Republican primary results,Winning,Larry Rhoden,Republican,34321,25.2,True,True
2026,South Dakota,SD,governor,Republican primary results,Candidate,Dusty Johnson,Republican,31856,23.4,False,False
2026,South Dakota,SD,governor,Republican primary results,Candidate,Jon Hansen,Republican,28341,20.8,False,False
2026,South Dakota,SD,governor,Republican primary results,Total,,,136230,100.0,False,False
2026,South Dakota,SD,governor,Republican primary runoff results,Winning,Larry Rhoden,Republican,83582,70.8,True,True
2026,South Dakota,SD,governor,Republican primary runoff results,Candidate,Toby Doeden,Republican,34430,29.2,False,False
2026,South Dakota,SD,governor,Republican primary runoff results,Total,,,118012,100.0,False,False
2026,Tennessee,TN,governor,Republican primary results,Winning,Marsha Blackburn,Republican,311329,43.4,True,False
2026,Tennessee,TN,governor,Republican primary results,Candidate,John Rose,Republican,235512,32.9,False,False
2026,Tennessee,TN,governor,Republican primary results,Candidate,Monty Fritts,Republican,167971,23.4,False,False
2026,Tennessee,TN,governor,Republican primary results,Write-in,,,1862,0.3,False,False
2026,Tennessee,TN,governor,Republican primary results,Total,,,716674,100.0,False,False
2026,Tennessee,TN,governor,Democratic primary results,Winning,Jerri Green,Democratic,244194,69.0,True,False
2026,Tennessee,TN,governor,Democratic primary results,Candidate,Carnita Atwater,Democratic,63254,17.9,False,False
2026,Tennessee,TN,governor,Democratic primary results,Candidate,Kevin Lee McCants,Democratic,18961,5.4,False,False
2026,Tennessee,TN,governor,Democratic primary results,Candidate,Tim Cyr,Democratic,14796,4.2,False,False
2026,Tennessee,TN,governor,Democratic primary results,Candidate,Adam Kurtz,Democratic,12456,3.5,False,False
2026,Tennessee,TN,governor,Democratic primary results,Total,,,353661,100.0,False,False
2026,Texas,TX,attorney general,Republican primary,Winning,Mayes Middleton,Republican,811171,39.1,True,False
2026,Texas,TX,attorney general,Republican primary,Winning,Chip Roy,Republican,655064,31.6,True,False
2026,Texas,TX,attorney general,Republican primary,Candidate,Joan Huffman,Republican,312998,15.1,False,False
2026,Texas,TX,attorney general,Republican primary,Candidate,Aaron Reitz,Republican,293698,14.2,False,False
2026,Texas,TX,attorney general,Republican primary,Total,,,2072931,100.0,False,False
2026,Texas,TX,attorney general,Republican primary runoff results,Winning,Mayes Middleton,Republican,757625,55.2,True,False
2026,Texas,TX,attorney general,Republican primary runoff results,Candidate,Chip Roy,Republican,614009,44.8,False,False
2026,Texas,TX,attorney general,Republican primary runoff results,Total,,,1371634,100.0,False,False
2026,Texas,TX,attorney general,Democratic primary,Winning,Nathan Johnson,Democratic,1003967,48.1,True,False
2026,Texas,TX,attorney general,Democratic primary,Winning,Joe Jaworski,Democratic,551898,26.4,True,False
2026,Texas,TX,attorney general,Democratic primary,Candidate,"Anthony ""Tony"" Box",Democratic,531177,25.5,False,False
2026,Texas,TX,attorney general,Democratic primary,Total,,,2087042,100.0,False,False
2026,Texas,TX,attorney general,Democratic primary runoff results,Winning,Nathan Johnson,Democratic,334199,60.5,True,False
2026,Texas,TX,attorney general,Democratic primary runoff results,Candidate,Joe Jaworski,Democratic,218224,39.5,False,False
2026,Texas,TX,attorney general,Democratic primary runoff results,Total,,,552423,100.0,False,False
2026,Texas,TX,governor,Republican primary,Winning,Greg Abbott,Republican,1764924,81.8,True,True
2026,Texas,TX,governor,Republican primary,Candidate,"Pete ""Doc"" Chambers",Republican,240640,11.2,False,False
2026,Texas,TX,governor,Republican primary,Candidate,Evelyn Brooks,Republican,44142,2.0,False,False
2026,Texas,TX,governor,Republican primary,Candidate,Arturo Espinosa,Republican,23444,1.1,False,False
2026,Texas,TX,governor,Republican primary,Candidate,Charles Andrew Crouch,Republican,15405,0.7,False,False
2026,Texas,TX,governor,Republican primary,Candidate,Kenneth Hyde,Republican,14941,0.7,False,False
2026,Texas,TX,governor,Republican primary,Candidate,Nathaniel Welch,Republican,12057,0.6,False,False
2026,Texas,TX,governor,Republican primary,Candidate,Mark V. Goloby,Republican,10991,0.5,False,False
2026,Texas,TX,governor,Republican primary,Candidate,Stephen Samuelson,Republican,10864,0.5,False,False
2026,Texas,TX,governor,Republican primary,Candidate,Ronnie Tullos,Republican,10352,0.5,False,False
2026,Texas,TX,governor,Republican primary,Candidate,"R.F. ""Bob"" Achgill",Republican,9119,0.4,False,False
2026,Texas,TX,governor,Republican primary,Total,,,2156879,100.0,False,False
2026,Texas,TX,governor,Democratic primary,Winning,Gina Hinojosa,Democratic,1289576,58.5,True,False
2026,Texas,TX,governor,Democratic primary,Candidate,Chris Bell,Democratic,216787,9.8,False,False
2026,Texas,TX,governor,Democratic primary,Candidate,"Angela ""Tia Angie"" Villescaz",Democratic,150752,6.8,False,False
2026,Texas,TX,governor,Democratic primary,Candidate,Patricia Abrego,Democratic,128632,5.8,False,False
2026,Texas,TX,governor,Democratic primary,Candidate,Andrew White (withdrawn),Democratic,117392,5.3,False,False
2026,Texas,TX,governor,Democratic primary,Candidate,Bobby Cole,Democratic,112675,5.1,False,False
2026,Texas,TX,governor,Democratic primary,Candidate,Jose Navarro Balbuena,Democratic,65826,3.0,False,False
2026,Texas,TX,governor,Democratic primary,Candidate,Carlton W. Hart,Democratic,63278,2.9,False,False
2026,Texas,TX,governor,Democratic primary,Candidate,Zach Vance,Democratic,58753,2.7,False,False
2026,Texas,TX,governor,Democratic primary,Total,,,2203671,100.0,False,False
2026,United States Virgin Islands,VI,governor,2026 Democratic gubernatorial primary results,Winning,Stacey Plaskett Milton E. Potter,Democratic,4727,46.99,True,False
2026,United States Virgin Islands,VI,governor,2026 Democratic gubernatorial primary results,Candidate,Tregenza Roach Novelle Francis,Democratic,3197,31.78,False,False
2026,United States Virgin Islands,VI,governor,2026 Democratic gubernatorial primary results,Candidate,Donna Frett-Gregory Rodney Moorehead,Democratic,2091,20.79,False,False
2026,United States Virgin Islands,VI,governor,2026 Democratic gubernatorial primary results,Write-in,,,45,0.45,False,False
2026,United States Virgin Islands,VI,governor,2026 Democratic gubernatorial primary results,Total,,,10060,100.0,False,False
2026,United States Virgin Islands,VI,governor,2026 Democratic gubernatorial primary results in Saint Croix,Winning,Stacey Plaskett Milton E. Potter,Democratic,2720,57.0,True,False
2026,United States Virgin Islands,VI,governor,2026 Democratic gubernatorial primary results in Saint Croix,Candidate,Tregenza Roach Novelle Francis,Democratic,1237,25.92,False,False
2026,United States Virgin Islands,VI,governor,2026 Democratic gubernatorial primary results in Saint Croix,Candidate,Donna Frett-Gregory Rodney Moorehead,Democratic,796,16.68,False,False
2026,United States Virgin Islands,VI,governor,2026 Democratic gubernatorial primary results in Saint Croix,Write-in,,,19,0.4,False,False
2026,United States Virgin Islands,VI,governor,2026 Democratic gubernatorial primary results in Saint Croix,Total,,,4772,100.0,False,False
2026,United States Virgin Islands,VI,governor,2026 Democratic gubernatorial primary results in Saint Thomas and Saint John,Winning,Tregenza Roach Novelle Francis,Democratic,1817,37.94,True,False
2026,United States Virgin Islands,VI,governor,2026 Democratic gubernatorial primary results in Saint Thomas and Saint John,Candidate,Stacey Plaskett Milton E. Potter,Democratic,1773,37.02,False,False
2026,United States Virgin Islands,VI,governor,2026 Democratic gubernatorial primary results in Saint Thomas and Saint John,Candidate,Donna Frett-Gregory Rodney Moorehead,Democratic,1179,24.61,False,False
2026,United States Virgin Islands,VI,governor,2026 Democratic gubernatorial primary results in Saint Thomas and Saint John,Write-in,,,20,0.43,False,False
2026,United States Virgin Islands,VI,governor,2026 Democratic gubernatorial primary results in Saint Thomas and Saint John,Total,,,4789,100.0,False,False
2026,Vermont,VT,attorney general,Democratic primary results,Winning,Charity Clark,Democratic,72943,99.1,True,True
2026,Vermont,VT,attorney general,Democratic primary results,Write-in,,,651,0.9,False,False
2026,Vermont,VT,attorney general,Democratic primary results,Total,,,73594,100.0,False,False
2026,Vermont,VT,attorney general,Republican primary results,Winning,H. Brooke Paige,Republican,16687,96.6,True,False
2026,Vermont,VT,attorney general,Republican primary results,Write-in,,,581,3.4,False,False
2026,Vermont,VT,attorney general,Republican primary results,Total,,,17268,100.0,False,False
2026,Vermont,VT,secretary of state,Democratic primary results,Winning,Sarah Copeland Hanzas,Democratic,72355,98.7,True,True
2026,Vermont,VT,secretary of state,Democratic primary results,Write-in,,,972,1.3,False,False
2026,Vermont,VT,secretary of state,Democratic primary results,Total,,,73327,100.0,False,False
2026,Vermont,VT,secretary of state,Republican primary results,Winning,H. Brooke Paige,Republican,17542,97.4,True,False
2026,Vermont,VT,secretary of state,Republican primary results,Write-in,,,467,2.6,False,False
2026,Vermont,VT,secretary of state,Republican primary results,Total,,,18009,100.0,False,False
2026,Vermont,VT,secretary of state,Progressive primary results,Winning,Rachel Shaw,Progressive,320,86.0,True,False
2026,Vermont,VT,secretary of state,Progressive primary results,Write-in,,,52,14.0,False,False
2026,Vermont,VT,secretary of state,Progressive primary results,Total,,,372,100.0,False,False
2026,Vermont,VT,state treasurer,Democratic primary results,Winning,Mike Pieciak,Democratic,75777,99.0,True,True
2026,Vermont,VT,state treasurer,Democratic primary results,Write-in,,,740,1.0,False,False
2026,Vermont,VT,state treasurer,Democratic primary results,Total,,,76517,100.0,False,False
2026,Vermont,VT,state treasurer,Republican primary results,Winning,H. Brooke Paige,Republican,17968,96.5,True,False
2026,Vermont,VT,state treasurer,Republican primary results,Write-in,,,660,3.5,False,False
2026,Vermont,VT,state treasurer,Republican primary results,Total,,,18628,100.0,False,False
2026,Vermont,VT,state treasurer,Progressive primary results,Winning,Zachary Hampl,Progressive,289,79.2,True,False
2026,Vermont,VT,state treasurer,Progressive primary results,Write-in,,,76,20.8,False,False
2026,Vermont,VT,state treasurer,Progressive primary results,Total,,,365,100.0,False,False
2026,Vermont,VT,governor,Republican primary results,Winning,Phil Scott,Republican,21466,98.5,True,True
2026,Vermont,VT,governor,Republican primary results,Write-in,,,333,1.5,False,False
2026,Vermont,VT,governor,Republican primary results,Total,,,21799,100.0,False,False
2026,Vermont,VT,governor,Democratic primary results,Winning,Amanda Janoo,Democratic,39614,49.1,True,False
2026,Vermont,VT,governor,Democratic primary results,Candidate,Aly Richards,Democratic,37570,46.6,False,False
2026,Vermont,VT,governor,Democratic primary results,Write-in,,,3509,4.3,False,False
2026,Vermont,VT,governor,Democratic primary results,Total,,,80693,100.0,False,False
2026,Wisconsin,WI,attorney general,Democratic primary results,Winning,Josh Kaul,Democratic,673582,99.7,True,True
2026,Wisconsin,WI,attorney general,Democratic primary results,Write-in,,,2280,0.3,False,False
2026,Wisconsin,WI,attorney general,Democratic primary results,Total,,,675862,100.0,False,False
2026,Wisconsin,WI,attorney general,Republican primary results,Winning,Eric Toney,Republican,423342,99.7,True,False
2026,Wisconsin,WI,attorney general,Republican primary results,Write-in,,,1164,0.3,False,False
2026,Wisconsin,WI,attorney general,Republican primary results,Total,,,424506,100.0,False,False
2026,Wisconsin,WI,secretary of state,Democratic primary results,Winning,JoCasta Zamarripa,Democratic,641609,99.6,True,False
2026,Wisconsin,WI,secretary of state,Democratic primary results,Write-in,,,2344,0.4,False,False
2026,Wisconsin,WI,secretary of state,Democratic primary results,Total,,,643753,100.0,False,False
2026,Wisconsin,WI,secretary of state,Republican primary results,Winning,Jay Schroeder,Republican,201187,47.2,True,False
2026,Wisconsin,WI,secretary of state,Republican primary results,Candidate,Nate Pollnow,Republican,108792,25.5,False,False
2026,Wisconsin,WI,secretary of state,Republican primary results,Candidate,Cindy Werner,Republican,61619,14.4,False,False
2026,Wisconsin,WI,secretary of state,Republican primary results,Candidate,Brayden Myer,Republican,54112,12.7,False,False
2026,Wisconsin,WI,secretary of state,Republican primary results,Write-in,,,1002,0.2,False,False
2026,Wisconsin,WI,secretary of state,Republican primary results,Total,,,426712,100.0,False,False
2026,Wisconsin,WI,state treasurer,Republican primary results,Winning,John Leiber,Republican,414940,99.8,True,True
2026,Wisconsin,WI,state treasurer,Republican primary results,Write-in,,,1055,0.2,False,False
2026,Wisconsin,WI,state treasurer,Republican primary results,Total,,,415995,100.0,False,False
2026,Wisconsin,WI,state treasurer,Democratic primary results,Winning,Yee Leng Xiong,Democratic,381375,57.1,True,False
2026,Wisconsin,WI,state treasurer,Democratic primary results,Candidate,Dylan Helmenstine,Democratic,284960,42.7,False,False
2026,Wisconsin,WI,state treasurer,Democratic primary results,Write-in,,,1638,0.2,False,False
2026,Wisconsin,WI,state treasurer,Democratic primary results,Total,,,667973,100.0,False,False
2026,Wisconsin,WI,governor,Democratic primary results,Winning,David Crowley,Democratic,315413,39.81,True,False
2026,Wisconsin,WI,governor,Democratic primary results,Candidate,Francesca Hong,Democratic,311740,39.35,False,False
2026,Wisconsin,WI,governor,Democratic primary results,Candidate,Kelda Roys,Democratic,59394,7.5,False,False
2026,Wisconsin,WI,governor,Democratic primary results,Candidate,Joel Brennan,Democratic,37084,4.68,False,False
2026,Wisconsin,WI,governor,Democratic primary results,Candidate,Sara Rodriguez (withdrawn),Democratic,32674,4.12,False,False
2026,Wisconsin,WI,governor,Democratic primary results,Candidate,Mandela Barnes (withdrawn),Democratic,32435,4.09,False,False
2026,Wisconsin,WI,governor,Democratic primary results,Candidate,Missy Hughes (withdrawn),Democratic,3230,0.41,False,False
2026,Wisconsin,WI,governor,Democratic primary results,Candidate,Brett Hulsey (write-in; withdrawn),Democratic,13,0.0,False,False
2026,Wisconsin,WI,governor,Democratic primary results,Candidate,Tim Reppen (write-in),Democratic,10,0.0,False,False
2026,Wisconsin,WI,governor,Democratic primary results,Write-in,,,297,0.04,False,False
2026,Wisconsin,WI,governor,Democratic primary results,Total,,,792290,100.0,False,False
2026,Wisconsin,WI,governor,Democratic primary results,Winning,Sarah Godlewski,Democratic,661675,99.57,True,False
2026,Wisconsin,WI,governor,Republican primary results,Winning,Tom Tiffany,Republican,468019,95.32,True,False
2026,Wisconsin,WI,governor,Republican primary results,Candidate,Andy Manske,Republican,22573,4.6,False,False
2026,Wisconsin,WI,governor,Republican primary results,Candidate,Dennis Williams (write-in),Republican,17,0.0,False,False
2026,Wisconsin,WI,governor,Republican primary results,Write-in,,,404,0.08,False,False
2026,Wisconsin,WI,governor,Republican primary results,Total,,,491013,100.0,False,False
2026,Wisconsin,WI,governor,Republican primary results,Winning,David Varnam,Republican,239042,55.48,True,False
2026,Wisconsin,WI,governor,Republican primary results,Candidate,Will Martin,Republican,190811,44.28,False,False
2026,Wyoming,WY,secretary of state,Republican primary results,Winning,Robert Short,Republican,53314,45.6,True,False
2026,Wyoming,WY,secretary of state,Republican primary results,Candidate,Rachel Rodriguez-Williams,Republican,38567,33.0,False,False
2026,Wyoming,WY,secretary of state,Republican primary results,Candidate,Charles Young,Republican,17846,15.3,False,False
2026,Wyoming,WY,secretary of state,Republican primary results,Candidate,Qwenton Eagle Oviatt,Republican,7087,6.1,False,False
2026,Wyoming,WY,secretary of state,Republican primary results,Total,,,116814,100.0,False,False
2026,Wyoming,WY,secretary of state,Democratic primary results,Winning,Bryan McCarty,Democratic,11207,100.0,True,False
2026,Wyoming,WY,secretary of state,Democratic primary results,Total,,,11207,100.0,False,False
2026,Wyoming,WY,state treasurer,Republican primary results,Winning,Curt Meier,Republican,78702,68.2,True,True
2026,Wyoming,WY,state treasurer,Republican primary results,Candidate,Scott Smith,Republican,36613,31.8,False,False
2026,Wyoming,WY,state treasurer,Republican primary results,Total,,,115315,100.0,False,False
2026,Wyoming,WY,governor,Republican primary results,Winning,Eric Barlow,Republican,58820,45.1,True,False
2026,Wyoming,WY,governor,Republican primary results,Candidate,Megan Degenfelder,Republican,38739,29.7,False,False
2026,Wyoming,WY,governor,Republican primary results,Candidate,Brent Bien,Republican,30843,23.6,False,False
2026,Wyoming,WY,governor,Republican primary results,Candidate,Curt Blake,Republican,2161,1.7,False,False
2026,Wyoming,WY,governor,Republican primary results,Total,,,130563,100.0,False,False
2026,Wyoming,WY,governor,Democratic primary results,Winning,Kenneth Casner,Democratic,10706,100.0,True,False
2026,Wyoming,WY,governor,Democratic primary results,Total,,,10706,100.0,False,False
