year,state,state_code,office,election,row_type,candidate,party,votes,percentage,winner,incumbent
2018,Alabama,AL,attorney general,2018 Alabama Attorney General election,Winning,Steve Marshall,Republican,1004438,58.79,True,True
2018,Alabama,AL,attorney general,2018 Alabama Attorney General election,Candidate,Joseph Siegelman,Democratic,702858,41.14,False,False
2018,Alabama,AL,attorney general,2018 Alabama Attorney General election,Write-in,,,1141,0.07,False,False
2018,Alabama,AL,attorney general,2018 Alabama Attorney General election,Total,,,1708437,100.0,False,False
2018,Alabama,AL,governor,2018 Alabama gubernatorial election,Winning,Kay Ivey,Republican,1022457,59.46,True,True
2018,Alabama,AL,governor,2018 Alabama gubernatorial election,Candidate,Walt Maddox,Democratic,694495,40.39,False,False
2018,Alabama,AL,governor,2018 Alabama gubernatorial election,Write-in,,,2637,0.15,False,False
2018,Alabama,AL,governor,2018 Alabama gubernatorial election,Total,,,1719589,100.0,False,False
2018,Alaska,AK,governor,2018 Alaska gubernatorial election,Winning,Mike Dunleavy,Republican,145631,51.44,True,False
2018,Alaska,AK,governor,2018 Alaska gubernatorial election,Candidate,Mark Begich,Democratic,125739,44.41,False,False
2018,Alaska,AK,governor,2018 Alaska gubernatorial election,Candidate,Bill Walker (incumbent; withdrawn),Independent,5757,2.03,False,False
2018,Alaska,AK,governor,2018 Alaska gubernatorial election,Candidate,William Toien,Libertarian,5402,1.91,False,False
2018,Alaska,AK,governor,2018 Alaska gubernatorial election,Write-in,,,605,0.21,False,False
2018,Alaska,AK,governor,2018 Alaska gubernatorial election,Total,,,283134,100.0,False,False
2018,Arizona,AZ,attorney general,General election results,Winning,Mark Brnovich,Republican,1201398,51.73,True,True
2018,Arizona,AZ,attorney general,General election results,Candidate,January Contreras,Democratic,1120726,48.26,False,False
2018,Arizona,AZ,attorney general,General election results,Write-in,,,346,0.01,False,False
2018,Arizona,AZ,attorney general,General election results,Total,,,2322470,100.0,False,False
2018,Arizona,AZ,governor,"Arizona gubernatorial election, 2018",Winning,Doug Ducey,Republican,1330863,56.0,True,True
2018,Arizona,AZ,governor,"Arizona gubernatorial election, 2018",Candidate,David Garcia,Democratic,994341,41.84,False,False
2018,Arizona,AZ,governor,"Arizona gubernatorial election, 2018",Candidate,Angel Torres,Green,50962,2.14,False,False
2018,Arizona,AZ,governor,"Arizona gubernatorial election, 2018",Write-in,,,275,0.01,False,False
2018,Arizona,AZ,governor,"Arizona gubernatorial election, 2018",Total,,,2376441,100.0,False,False
2018,Arkansas,AR,attorney general,2018 Arkansas Attorney General election,Winning,Leslie Rutledge,Republican,549668,61.8,True,True
2018,Arkansas,AR,attorney general,2018 Arkansas Attorney General election,Candidate,Mike Lee,Democratic,315099,35.43,False,False
2018,Arkansas,AR,attorney general,2018 Arkansas Attorney General election,Candidate,Kerry Hicks,Libertarian,24652,2.77,False,False
2018,Arkansas,AR,attorney general,2018 Arkansas Attorney General election,Total,,,889419,100.0,False,False
2018,Arkansas,AR,governor,2018 Arkansas gubernatorial election,Winning,Asa Hutchinson,Republican,582406,65.33,True,True
2018,Arkansas,AR,governor,2018 Arkansas gubernatorial election,Candidate,Jared Henderson,Democratic,283218,31.77,False,False
2018,Arkansas,AR,governor,2018 Arkansas gubernatorial election,Candidate,Mark West,Libertarian,25885,2.9,False,False
2018,Arkansas,AR,governor,2018 Arkansas gubernatorial election,Total,,,891509,100.0,False,False
2018,California,CA,attorney general,2018 California Attorney General election,Winning,Xavier Becerra,Democratic,7790743,63.57,True,True
2018,California,CA,attorney general,2018 California Attorney General election,Candidate,Steven Bailey,Republican,4465587,36.43,False,False
2018,California,CA,attorney general,2018 California Attorney General election,Total,,,12256330,100.0,False,False
2018,California,CA,governor,2018 California gubernatorial election,Winning,Gavin Newsom,Democratic,7721410,61.95,True,False
2018,California,CA,governor,2018 California gubernatorial election,Candidate,John H. Cox,Republican,4742825,38.05,False,False
2018,California,CA,governor,2018 California gubernatorial election,Total,,,12464235,100.0,False,False
2018,Colorado,CO,attorney general,"Colorado Attorney General election, 2018",Winning,Phil Weiser,Democratic,1285464,51.6,True,False
2018,Colorado,CO,attorney general,"Colorado Attorney General election, 2018",Candidate,George Brauchler,Republican,1124757,45.1,False,False
2018,Colorado,CO,attorney general,"Colorado Attorney General election, 2018",Candidate,"William F. Robinson, III",Libertarian,81733,3.3,False,False
2018,Colorado,CO,attorney general,"Colorado Attorney General election, 2018",Total,,,2491954,100.0,False,False
2018,Colorado,CO,governor,2018 Colorado gubernatorial election,Winning,Jared Polis,Democratic,1348888,53.42,True,False
2018,Colorado,CO,governor,2018 Colorado gubernatorial election,Candidate,Walker Stapleton,Republican,1080801,42.8,False,False
2018,Colorado,CO,governor,2018 Colorado gubernatorial election,Candidate,Scott Helker,Libertarian,69519,2.75,False,False
2018,Colorado,CO,governor,2018 Colorado gubernatorial election,Candidate,Bill Hammons,Unity,25854,1.02,False,False
2018,Connecticut,CT,attorney general,2018 Connecticut Attorney General election,Winning,William Tong,Total,715340,52.48,True,False
2018,Connecticut,CT,attorney general,2018 Connecticut Attorney General election,Candidate,William Tong,Democratic,691496,50.73,False,False
2018,Connecticut,CT,attorney general,2018 Connecticut Attorney General election,Candidate,Susan Hatfield,Republican,605504,44.42,False,False
2018,Connecticut,CT,attorney general,2018 Connecticut Attorney General election,Candidate,Peter Goselin,Green,14358,1.05,False,False
2018,Connecticut,CT,attorney general,2018 Connecticut Attorney General election,Total,,,1363058,100.0,False,False
2018,Connecticut,CT,governor,"Connecticut's gubernatorial election, 2018",Winning,Ned Lamont,Total,694510,49.37,True,False
2018,Connecticut,CT,governor,"Connecticut's gubernatorial election, 2018",Candidate,Ned Lamont,Democratic,676649,48.1,False,False
2018,Connecticut,CT,governor,"Connecticut's gubernatorial election, 2018",Candidate,Bob Stefanowski,Republican,624750,44.41,False,False
2018,Connecticut,CT,governor,"Connecticut's gubernatorial election, 2018",Candidate,Oz Griebel,Griebel-frank For Ct,54741,3.89,False,False
2018,Connecticut,CT,governor,"Connecticut's gubernatorial election, 2018",Candidate,Rod Hanscomb,Libertarian,6086,0.43,False,False
2018,Connecticut,CT,governor,"Connecticut's gubernatorial election, 2018",Candidate,Mark Greenstein,Amigo Constitution Liberty,1254,0.09,False,False
2018,Connecticut,CT,governor,"Connecticut's gubernatorial election, 2018",Candidate,Lee Whitnum,Write-in,74,0.01,False,False
2018,Connecticut,CT,governor,"Connecticut's gubernatorial election, 2018",Total,,,1406803,100.0,False,False
2018,Delaware,DE,attorney general,"Delaware Attorney General election, 2018",Winning,Kathy Jennings,Democratic,218351,61.31,True,False
2018,Delaware,DE,attorney general,"Delaware Attorney General election, 2018",Candidate,Bernard Pepukayi,Republican,137730,38.68,False,False
2018,Delaware,DE,attorney general,"Delaware Attorney General election, 2018",Total,,,356081,100.0,False,False
2018,Florida,FL,attorney general,2018 Florida Attorney General election,Winning,Ashley Moody,Republican,4232532,52.11,True,False
2018,Florida,FL,attorney general,2018 Florida Attorney General election,Candidate,Sean Shaw,Democratic,3744912,46.1,False,False
2018,Florida,FL,attorney general,2018 Florida Attorney General election,Candidate,Jeffrey Siskind,Independent,145296,1.79,False,False
2018,Florida,FL,attorney general,2018 Florida Attorney General election,Total,,,8122740,100.0,False,False
2018,Florida,FL,governor,2018 Florida gubernatorial election,Winning,Ron DeSantis,Republican,4076186,49.59,True,False
2018,Florida,FL,governor,2018 Florida gubernatorial election,Candidate,Andrew Gillum,Democratic,4043723,49.19,False,False
2018,Florida,FL,governor,2018 Florida gubernatorial election,Candidate,Darcy Richardson,Reform,47140,0.57,False,False
2018,Florida,FL,governor,2018 Florida gubernatorial election,Candidate,"Kyle ""KC"" Gibson",Independent,24310,0.3,False,False
2018,Florida,FL,governor,2018 Florida gubernatorial election,Candidate,Ryan Christopher Foley,Independent,14630,0.18,False,False
2018,Florida,FL,governor,2018 Florida gubernatorial election,Candidate,Bruce Stanley,Independent,14505,0.18,False,False
2018,Florida,FL,governor,2018 Florida gubernatorial election,Write-in,,,67,0.0,False,False
2018,Florida,FL,governor,2018 Florida gubernatorial election,Total,,,8220561,100.0,False,False
2018,Georgia,GA,attorney general,2018 Georgia attorney general election,Winning,Chris Carr,Republican,1981563,51.3,True,True
2018,Georgia,GA,attorney general,2018 Georgia attorney general election,Candidate,Charlie Bailey,Democratic,1880807,48.7,False,False
2018,Georgia,GA,attorney general,2018 Georgia attorney general election,Total,,,3862370,100.0,False,False
2018,Georgia,GA,governor,2018 Georgia gubernatorial election,Winning,Brian Kemp,Republican,1978408,50.22,True,False
2018,Georgia,GA,governor,2018 Georgia gubernatorial election,Candidate,Stacey Abrams,Democratic,1923685,48.83,False,False
2018,Georgia,GA,governor,2018 Georgia gubernatorial election,Candidate,Ted Metz,Libertarian,37235,0.95,False,False
2018,Georgia,GA,governor,2018 Georgia gubernatorial election,Write-in,,,81,0.0,False,False
2018,Georgia,GA,governor,2018 Georgia gubernatorial election,Total,,,3939409,100.0,False,False
2018,Guamanian,GU,governor,2018 Guam gubernatorial election,Winning,Lou Leon Guerrero,Democratic,18258,50.79,True,False
2018,Guamanian,GU,governor,2018 Guam gubernatorial election,Candidate,Ray Tenorio,Republican,9487,26.39,False,False
2018,Guamanian,GU,governor,2018 Guam gubernatorial election,Candidate,Frank B. Aguon Jr. (write-in),Democratic,8205,22.82,False,False
2018,Guamanian,GU,governor,2018 Guam gubernatorial election,Total,,,35950,100.0,False,False
2018,Hawaii,HI,governor,2018 Hawaii gubernatorial election,Winning,David Ige,Democratic,244934,62.67,True,True
2018,Hawaii,HI,governor,2018 Hawaii gubernatorial election,Candidate,Andria Tupola,Republican,131719,33.7,False,False
2018,Hawaii,HI,governor,2018 Hawaii gubernatorial election,Candidate,Jim Brewer,Green,10123,2.59,False,False
2018,Hawaii,HI,governor,2018 Hawaii gubernatorial election,Candidate,Terrence Teruya,Nonpartisan Politician,4067,1.04,False,False
2018,Hawaii,HI,governor,2018 Hawaii gubernatorial election,Total,,,390843,100.0,False,False
2018,Idaho,ID,governor,"Idaho gubernatorial election, 2018",Winning,Brad Little,Republican,361661,59.77,True,False
2018,Idaho,ID,governor,"Idaho gubernatorial election, 2018",Candidate,Paulette Jordan,Democratic,231081,38.19,False,False
2018,Idaho,ID,governor,"Idaho gubernatorial election, 2018",Candidate,"Bev ""Angel"" Boeck",Libertarian,6551,1.08,False,False
2018,Idaho,ID,governor,"Idaho gubernatorial election, 2018",Candidate,Walter L. Bayes,Constitution,5787,0.96,False,False
2018,Idaho,ID,governor,"Idaho gubernatorial election, 2018",Candidate,Lisa Marie (write-in),Independent,51,0.01,False,False
2018,Idaho,ID,governor,"Idaho gubernatorial election, 2018",Total,,,605131,100.0,False,False
2018,Illinois,IL,attorney general,2018 Illinois attorney general election,Winning,Kwame Raoul,Democratic,2488326,54.71,True,False
2018,Illinois,IL,attorney general,2018 Illinois attorney general election,Candidate,Erika Harold,Republican,1944142,42.74,False,False
2018,Illinois,IL,attorney general,2018 Illinois attorney general election,Candidate,Bubba Harsy,Libertarian,115941,2.55,False,False
2018,Illinois,IL,attorney general,2018 Illinois attorney general election,Total,,,4548409,100.0,False,False
2018,Illinois,IL,governor,2018 Illinois gubernatorial election,Winning,JB Pritzker,Democratic,2479746,54.53,True,False
2018,Illinois,IL,governor,2018 Illinois gubernatorial election,Candidate,Bruce Rauner,Republican,1765751,38.83,False,True
2018,Illinois,IL,governor,2018 Illinois gubernatorial election,Candidate,Sam McCann,Conservative,192527,4.23,False,False
2018,Illinois,IL,governor,2018 Illinois gubernatorial election,Candidate,Kash Jackson,Libertarian,109518,2.4,False,False
2018,Illinois,IL,governor,2018 Illinois gubernatorial election,Write-in,,,115,0.01,False,False
2018,Illinois,IL,governor,2018 Illinois gubernatorial election,Total,,,4547657,100.0,False,False
2018,Iowa,IA,attorney general,2018 Iowa Attorney General election,Winning,Tom Miller,Democratic,880531,76.51,True,True
2018,Iowa,IA,attorney general,2018 Iowa Attorney General election,Candidate,Marco Battaglia,Libertarian,262131,22.78,False,False
2018,Iowa,IA,attorney general,2018 Iowa Attorney General election,Write-in,,,8237,0.72,False,False
2018,Iowa,IA,attorney general,2018 Iowa Attorney General election,Total,,,1150899,100.0,False,False
2018,Iowa,IA,governor,"Iowa gubernatorial election, 2018",Winning,Kim Reynolds,Republican,667275,50.26,True,True
2018,Iowa,IA,governor,"Iowa gubernatorial election, 2018",Candidate,Fred Hubbell,Democratic,630986,47.53,False,False
2018,Iowa,IA,governor,"Iowa gubernatorial election, 2018",Candidate,Jake Porter,Libertarian,21426,1.61,False,False
2018,Iowa,IA,governor,"Iowa gubernatorial election, 2018",Candidate,Gary Siegwarth,Independent,7463,0.56,False,False
2018,Iowa,IA,governor,"Iowa gubernatorial election, 2018",Write-in,,,488,0.04,False,False
2018,Iowa,IA,governor,"Iowa gubernatorial election, 2018",Total,,,1327638,100.0,False,False
2018,Kansas,KS,governor,"Kansas gubernatorial election, 2018",Winning,Laura Kelly,Democratic,506727,48.01,True,False
2018,Kansas,KS,governor,"Kansas gubernatorial election, 2018",Candidate,Kris Kobach,Republican,453645,42.98,False,False
2018,Kansas,KS,governor,"Kansas gubernatorial election, 2018",Candidate,Greg Orman,Independent,68590,6.5,False,False
2018,Kansas,KS,governor,"Kansas gubernatorial election, 2018",Candidate,Jeff Caldwell,Libertarian,20020,1.9,False,False
2018,Kansas,KS,governor,"Kansas gubernatorial election, 2018",Candidate,Rick Kloos,Independent,6584,0.62,False,False
2018,Kansas,KS,governor,"Kansas gubernatorial election, 2018",Total,,,1055566,100.0,False,False
2018,Maine,ME,governor,"Maine gubernatorial election, 2018",Winning,Janet Mills,Democratic,320962,50.89,True,False
2018,Maine,ME,governor,"Maine gubernatorial election, 2018",Candidate,Shawn Moody,Republican,272311,43.18,False,False
2018,Maine,ME,governor,"Maine gubernatorial election, 2018",Candidate,Terry Hayes,Independent,37268,5.91,False,False
2018,Maine,ME,governor,"Maine gubernatorial election, 2018",Write-in,,,126,0.02,False,False
2018,Maine,ME,governor,"Maine gubernatorial election, 2018",Total,,,630667,100.0,False,False
2018,Maryland,MD,attorney general,"Maryland Attorney General election, 2018",Winning,Brian Frosh,Democratic,1474833,64.81,True,True
2018,Maryland,MD,attorney general,"Maryland Attorney General election, 2018",Candidate,Craig Wolf,Republican,799035,35.11,False,False
2018,Maryland,MD,attorney general,"Maryland Attorney General election, 2018",Write-in,,,1920,0.08,False,False
2018,Maryland,MD,attorney general,"Maryland Attorney General election, 2018",Total,,,2275788,100.0,False,False
2018,Maryland,MD,governor,"Maryland gubernatorial election, 2018",Winning,Larry Hogan,Republican,1275644,55.35,True,True
2018,Maryland,MD,governor,"Maryland gubernatorial election, 2018",Candidate,Ben Jealous,Democratic,1002639,43.51,False,False
2018,Maryland,MD,governor,"Maryland gubernatorial election, 2018",Candidate,Shawn Quinn,Libertarian,13241,0.57,False,False
2018,Maryland,MD,governor,"Maryland gubernatorial election, 2018",Candidate,Ian Schlakman,Green,11175,0.48,False,False
2018,Maryland,MD,governor,"Maryland gubernatorial election, 2018",Write-in,,,1813,0.08,False,False
2018,Maryland,MD,governor,"Maryland gubernatorial election, 2018",Total,,,2304512,100.0,False,False
2018,Massachusetts,MA,governor,"Massachusetts gubernatorial election, 2018",Winning,Charlie Baker,Republican,1781341,66.6,True,True
2018,Massachusetts,MA,governor,"Massachusetts gubernatorial election, 2018",Candidate,Jay Gonzalez,Democratic,885770,33.12,False,False
2018,Massachusetts,MA,governor,"Massachusetts gubernatorial election, 2018",Write-in,,,7504,0.28,False,False
2018,Massachusetts,MA,governor,"Massachusetts gubernatorial election, 2018",Total,,,2674615,100.0,False,False
2018,Michigan,MI,attorney general,"Michigan Attorney General election, 2018",Winning,Dana Nessel,Democratic,2031117,49.04,True,False
2018,Michigan,MI,attorney general,"Michigan Attorney General election, 2018",Candidate,Tom Leonard,Republican,1916117,46.26,False,False
2018,Michigan,MI,attorney general,"Michigan Attorney General election, 2018",Candidate,Lisa Lane Giola,Libertarian,86807,2.1,False,False
2018,Michigan,MI,attorney general,"Michigan Attorney General election, 2018",Candidate,Chris Graveline,Independent,69889,1.69,False,False
2018,Michigan,MI,attorney general,"Michigan Attorney General election, 2018",Candidate,Gerald Van Sickle,Taxpayers,38114,0.92,False,False
2018,Michigan,MI,attorney general,"Michigan Attorney General election, 2018",Total,,,4142044,100.0,False,False
2018,Michigan,MI,governor,2018 Michigan gubernatorial election,Winning,Gretchen Whitmer,Democratic,2266193,53.31,True,False
2018,Michigan,MI,governor,2018 Michigan gubernatorial election,Candidate,Bill Schuette,Republican,1859534,43.75,False,False
2018,Michigan,MI,governor,2018 Michigan gubernatorial election,Candidate,Bill Gelineau,Libertarian,56606,1.33,False,False
2018,Michigan,MI,governor,2018 Michigan gubernatorial election,Candidate,Todd Schleiger,Taxpayers,29219,0.69,False,False
2018,Michigan,MI,governor,2018 Michigan gubernatorial election,Candidate,Jennifer Kurland,Green,28799,0.68,False,False
2018,Michigan,MI,governor,2018 Michigan gubernatorial election,Candidate,Keith Butkovich,Law,10202,0.24,False,False
2018,Michigan,MI,governor,2018 Michigan gubernatorial election,Write-in,,,32,0.0,False,False
2018,Michigan,MI,governor,2018 Michigan gubernatorial election,Total,,,4250585,100.0,False,False
2018,Minnesota,MN,attorney general,2018 Minnesota Attorney General election,Winning,Keith Ellison,Minnesota Democratic–farmer–labor,1249407,48.96,True,False
2018,Minnesota,MN,attorney general,2018 Minnesota Attorney General election,Candidate,Doug Wardlow,Republican,1150459,45.08,False,False
2018,Minnesota,MN,attorney general,2018 Minnesota Attorney General election,Candidate,Noah Johnson (withdrawn),Grassroots–legalize Cannabis,145748,5.71,False,False
2018,Minnesota,MN,attorney general,2018 Minnesota Attorney General election,Write-in,,,6158,0.24,False,False
2018,Minnesota,MN,attorney general,2018 Minnesota Attorney General election,Total,,,2551772,100.0,False,False
2018,Minnesota,MN,governor,2018 Minnesota gubernatorial election,Winning,Tim Walz,Minnesota Democratic–farmer–labor,1393096,53.84,True,False
2018,Minnesota,MN,governor,2018 Minnesota gubernatorial election,Candidate,Jeff Johnson,Republican,1097705,42.43,False,False
2018,Minnesota,MN,governor,2018 Minnesota gubernatorial election,Candidate,Chris Wright,Grassroots–legalize Cannabis,68667,2.65,False,False
2018,Minnesota,MN,governor,2018 Minnesota gubernatorial election,Candidate,Josh Welter,Libertarian,26735,1.03,False,False
2018,Minnesota,MN,governor,2018 Minnesota gubernatorial election,Write-in,,,1084,0.04,False,False
2018,Minnesota,MN,governor,2018 Minnesota gubernatorial election,Total,,,2587287,100.0,False,False
2018,Nebraska,NE,governor,2018 Nebraska gubernatorial election,Winning,Pete Ricketts (inc.),Republican,411812,59.0,True,False
2018,Nebraska,NE,governor,2018 Nebraska gubernatorial election,Candidate,Bob Krist,Democratic,286169,41.0,False,False
2018,Nebraska,NE,governor,2018 Nebraska gubernatorial election,Total,,,697981,100.0,False,False
2018,Nevada,NV,attorney general,General election results,Winning,Aaron Ford,Democratic,456225,47.24,True,False
2018,Nevada,NV,attorney general,General election results,Candidate,Wesley Duncan,Republican,451692,46.77,False,False
2018,Nevada,NV,attorney general,General election results,Candidate,Joel Hansen,American,32259,3.34,False,False
2018,Nevada,NV,attorney general,General election results,Total,,,965753,100.0,False,False
2018,Nevada,NV,governor,2018 Nevada gubernatorial election,Winning,Steve Sisolak,Democratic,480007,49.39,True,False
2018,Nevada,NV,governor,2018 Nevada gubernatorial election,Candidate,Adam Laxalt,Republican,440320,45.31,False,False
2018,Nevada,NV,governor,2018 Nevada gubernatorial election,Candidate,None of These Candidates,,18865,1.94,False,False
2018,Nevada,NV,governor,2018 Nevada gubernatorial election,Candidate,Ryan Bundy,Independent,13891,1.43,False,False
2018,Nevada,NV,governor,2018 Nevada gubernatorial election,Candidate,Russell Best,American,10076,1.04,False,False
2018,Nevada,NV,governor,2018 Nevada gubernatorial election,Candidate,Jared Lord,Libertarian,8640,0.89,False,False
2018,Nevada,NV,governor,2018 Nevada gubernatorial election,Total,,,971799,100.0,False,False
2018,New Hampshire,NH,governor,2018 New Hampshire gubernatorial election,Winning,Chris Sununu,Republican,302764,52.78,True,True
2018,New Hampshire,NH,governor,2018 New Hampshire gubernatorial election,Candidate,Molly Kelly,Democratic,262359,45.74,False,False
2018,New Hampshire,NH,governor,2018 New Hampshire gubernatorial election,Candidate,Jilletta Jarvis,Libertarian,8197,1.43,False,False
2018,New Hampshire,NH,governor,2018 New Hampshire gubernatorial election,Write-in,,,282,0.05,False,False
2018,New Hampshire,NH,governor,2018 New Hampshire gubernatorial election,Total,,,573602,100.0,False,False
2018,New Mexico,NM,governor,2018 New Mexico gubernatorial election,Winning,Michelle Lujan Grisham,Democratic,398368,57.2,True,False
2018,New Mexico,NM,governor,2018 New Mexico gubernatorial election,Candidate,Steve Pearce,Republican,298091,42.8,False,False
2018,New Mexico,NM,governor,2018 New Mexico gubernatorial election,Total,,,696459,100.0,False,False
2018,New York,NY,attorney general,"New York Attorney General election, 2018",Candidate,Letitia James,Democratic,3497213,58.35,False,False
2018,New York,NY,attorney general,"New York Attorney General election, 2018",Candidate,Keith Wofford,Republican,1851510,30.89,False,False
2018,New York,NY,attorney general,"New York Attorney General election, 2018",Candidate,Michael Sussman,Green,72512,1.21,False,False
2018,New York,NY,attorney general,"New York Attorney General election, 2018",Candidate,Christopher Garvey,Libertarian,43767,0.73,False,False
2018,New York,NY,attorney general,"New York Attorney General election, 2018",Candidate,Nancy Sliwa,Reform,26441,0.44,False,False
2018,New York,NY,attorney general,"New York Attorney General election, 2018",Write-in,Write-ins,Write-ins,2958,0.05,False,False
2018,New York,NY,attorney general,"New York Attorney General election, 2018",Total,,,5993517,100.0,False,False
2018,New York,NY,governor,2018 New York gubernatorial election,Winning,Andrew Cuomo,Total,3635340,59.55,True,True
2018,New York,NY,governor,2018 New York gubernatorial election,Candidate,Andrew Cuomo,Democratic,3424416,56.09,False,False
2018,New York,NY,governor,2018 New York gubernatorial election,Candidate,Marc Molinaro,Republican,1926485,31.56,False,False
2018,New York,NY,governor,2018 New York gubernatorial election,Candidate,Howie Hawkins,Green,103946,1.7,False,False
2018,New York,NY,governor,2018 New York gubernatorial election,Candidate,Larry Sharpe,Libertarian,95033,1.56,False,False
2018,New York,NY,governor,2018 New York gubernatorial election,Candidate,Stephanie Miner,Serve America Movement,55441,0.91,False,False
2018,New York,NY,governor,2018 New York gubernatorial election,Candidate,Write-Ins,N/a,7115,0.12,False,False
2018,New York,NY,governor,2018 New York gubernatorial election,Total,,,6104447,100.0,False,False
2018,Northern Mariana Islands,MP,governor,"Northern Mariana Islands gubernatorial election, 2018",Candidate,Ralph Torres and Arnold Palacios,Republican Party (northern Mariana Islands),8922,62.2,False,False
2018,Northern Mariana Islands,MP,governor,"Northern Mariana Islands gubernatorial election, 2018",Candidate,Juan Babauta and Rita Sablan,Independent,5420,37.8,False,False
2018,Northern Mariana Islands,MP,governor,"Northern Mariana Islands gubernatorial election, 2018",Total,,,14342,100.0,False,False
2018,Ohio,OH,attorney general,General election results,Winning,Dave Yost,Republican,2276414,52.17,True,False
2018,Ohio,OH,attorney general,General election results,Candidate,Steve Dettelbach,Democratic,2086715,47.83,False,False
2018,Ohio,OH,attorney general,General election results,Total,,,4363129,100.0,False,False
2018,Ohio,OH,governor,"Ohio gubernatorial election, 2018",Winning,Mike DeWine,Republican,2235825,50.4,True,False
2018,Ohio,OH,governor,"Ohio gubernatorial election, 2018",Candidate,Richard Cordray,Democratic,2070046,46.67,False,False
2018,Ohio,OH,governor,"Ohio gubernatorial election, 2018",Candidate,Travis Irvine,Libertarian,80055,1.8,False,False
2018,Ohio,OH,governor,"Ohio gubernatorial election, 2018",Candidate,Constance Gadell-Newton,Green,49536,1.12,False,False
2018,Ohio,OH,governor,"Ohio gubernatorial election, 2018",Write-in,,,358,0.0,False,False
2018,Ohio,OH,governor,"Ohio gubernatorial election, 2018",Total,,,4435820,100.0,False,False
2018,Oklahoma,OK,governor,"Oklahoma gubernatorial election, 2018",Winning,Kevin Stitt,Republican,644579,54.33,True,False
2018,Oklahoma,OK,governor,"Oklahoma gubernatorial election, 2018",Candidate,Drew Edmondson,Democratic,500973,42.23,False,False
2018,Oklahoma,OK,governor,"Oklahoma gubernatorial election, 2018",Candidate,Chris Powell,Libertarian,40833,3.44,False,False
2018,Oklahoma,OK,governor,"Oklahoma gubernatorial election, 2018",Total,,,1186385,100.0,False,False
2018,Oregon,OR,governor,"Oregon gubernatorial election, 2018",Winning,Kate Brown,Democratic,934498,50.05,True,True
2018,Oregon,OR,governor,"Oregon gubernatorial election, 2018",Candidate,Knute Buehler,Republican,814988,43.65,False,False
2018,Oregon,OR,governor,"Oregon gubernatorial election, 2018",Candidate,Patrick Starnes,Independent,53392,2.86,False,False
2018,Oregon,OR,governor,"Oregon gubernatorial election, 2018",Candidate,Nick Chen,Libertarian,28927,1.55,False,False
2018,Oregon,OR,governor,"Oregon gubernatorial election, 2018",Candidate,Aaron Auer,Constitution,21145,1.13,False,False
2018,Oregon,OR,governor,"Oregon gubernatorial election, 2018",Candidate,Chris Henry,Progressive,11013,0.59,False,False
2018,Oregon,OR,governor,"Oregon gubernatorial election, 2018",Write-in,,,3034,0.16,False,False
2018,Oregon,OR,governor,"Oregon gubernatorial election, 2018",Total,,,1866997,100.0,False,False
2018,Pennsylvania,PA,governor,2018 Pennsylvania gubernatorial election,Winning,Tom Wolf (incumbent) John Fetterman,Democratic,2895652,57.77,True,False
2018,Pennsylvania,PA,governor,2018 Pennsylvania gubernatorial election,Candidate,Scott Wagner Jeff Bartos,Republican,2039882,40.7,False,False
2018,Pennsylvania,PA,governor,2018 Pennsylvania gubernatorial election,Candidate,Ken Krawchuk Kathleen Smith,Libertarian,49229,0.98,False,False
2018,Pennsylvania,PA,governor,2018 Pennsylvania gubernatorial election,Candidate,Paul Glover Jocolyn Bowser-Bostick,Green,27792,0.55,False,False
2018,Pennsylvania,PA,governor,2018 Pennsylvania gubernatorial election,Total,,,5012555,100.0,False,False
2018,Rhode Island,RI,governor,"Rhode Island gubernatorial election, 2018",Winning,Gina Raimondo,Democratic,198122,52.64,True,True
2018,Rhode Island,RI,governor,"Rhode Island gubernatorial election, 2018",Candidate,Allan Fung,Republican,139932,37.18,False,False
2018,Rhode Island,RI,governor,"Rhode Island gubernatorial election, 2018",Candidate,Joe Trillo,Independent,16532,4.39,False,False
2018,Rhode Island,RI,governor,"Rhode Island gubernatorial election, 2018",Candidate,Bill Gilbert,Moderate,10155,2.7,False,False
2018,Rhode Island,RI,governor,"Rhode Island gubernatorial election, 2018",Candidate,Luis Daniel Muñoz,Independent,6223,1.65,False,False
2018,Rhode Island,RI,governor,"Rhode Island gubernatorial election, 2018",Candidate,Anne Armstrong,Compassion,4191,1.11,False,False
2018,Rhode Island,RI,governor,"Rhode Island gubernatorial election, 2018",Write-in,,,1246,0.33,False,False
2018,Rhode Island,RI,governor,"Rhode Island gubernatorial election, 2018",Total,,,376401,100.0,False,False
2018,South Carolina,SC,governor,"South Carolina gubernatorial election, 2018",Winning,Henry McMaster,Republican,921342,53.96,True,True
2018,South Carolina,SC,governor,"South Carolina gubernatorial election, 2018",Candidate,James Smith,Democratic,784182,45.92,False,False
2018,South Carolina,SC,governor,"South Carolina gubernatorial election, 2018",Write-in,,,2045,0.12,False,False
2018,South Carolina,SC,governor,"South Carolina gubernatorial election, 2018",Total,,,1707569,100.0,False,False
2018,South Dakota,SD,attorney general,2018 South Dakota Attorney General election,Winning,Jason Ravnsborg,Republican,179071,55.16,True,False
2018,South Dakota,SD,attorney general,2018 South Dakota Attorney General election,Candidate,Randy Seiler,Democratic,145558,44.84,False,False
2018,South Dakota,SD,attorney general,2018 South Dakota Attorney General election,Total,,,324629,100.0,False,False
2018,South Dakota,SD,governor,2018 South Dakota gubernatorial election,Winning,Kristi Noem,Republican,172912,50.97,True,False
2018,South Dakota,SD,governor,2018 South Dakota gubernatorial election,Candidate,Billie Sutton,Democratic,161454,47.6,False,False
2018,South Dakota,SD,governor,2018 South Dakota gubernatorial election,Candidate,Kurt Evans,Libertarian,4848,1.43,False,False
2018,South Dakota,SD,governor,2018 South Dakota gubernatorial election,Total,,,339214,100.0,False,False
2018,Tennessee,TN,governor,2018 Tennessee gubernatorial election,Winning,Bill Lee,Republican,1336106,59.56,True,False
2018,Tennessee,TN,governor,2018 Tennessee gubernatorial election,Candidate,Karl Dean,Democratic,864863,38.55,False,False
2018,Tennessee,TN,governor,2018 Tennessee gubernatorial election,Candidate,Sherry L. Clark,Independent,5198,0.23,False,False
2018,Tennessee,TN,governor,2018 Tennessee gubernatorial election,Candidate,Mark Wright,Independent,4687,0.21,False,False
2018,Tennessee,TN,governor,2018 Tennessee gubernatorial election,Candidate,Patrick Whitlock,Independent,3631,0.16,False,False
2018,Tennessee,TN,governor,2018 Tennessee gubernatorial election,Candidate,Yvonne Neubert,Independent,3070,0.14,False,False
2018,Tennessee,TN,governor,2018 Tennessee gubernatorial election,Candidate,Heather Scott,Independent,2969,0.13,False,False
2018,Tennessee,TN,governor,2018 Tennessee gubernatorial election,Candidate,Mark CoonRippy Brown,Independent,2841,0.13,False,False
2018,Tennessee,TN,governor,2018 Tennessee gubernatorial election,Candidate,Joe B. Wilmoth,Independent,2444,0.11,False,False
2018,Tennessee,TN,governor,2018 Tennessee gubernatorial election,Candidate,George Blackwell Smith IV,Independent,1550,0.07,False,False
2018,Tennessee,TN,governor,2018 Tennessee gubernatorial election,Candidate,Cory King,Independent,1502,0.07,False,False
2018,Tennessee,TN,governor,2018 Tennessee gubernatorial election,Candidate,Tracy C. Yaste Tisdale,Independent,1396,0.06,False,False
2018,Tennessee,TN,governor,2018 Tennessee gubernatorial election,Candidate,Justin Cornett,Independent,1217,0.05,False,False
2018,Tennessee,TN,governor,2018 Tennessee gubernatorial election,Candidate,Chad Riden,Independent,1096,0.05,False,False
2018,Tennessee,TN,governor,2018 Tennessee gubernatorial election,Candidate,Robert Sawyers Sr.,Independent,1059,0.05,False,False
2018,Tennessee,TN,governor,2018 Tennessee gubernatorial election,Candidate,Vinnie Vineyard,Independent,1012,0.05,False,False
2018,Tennessee,TN,governor,2018 Tennessee gubernatorial election,Candidate,Rick Tyler,Independent,981,0.04,False,False
2018,Tennessee,TN,governor,2018 Tennessee gubernatorial election,Candidate,Gabriel Fancher,Independent,869,0.04,False,False
2018,Tennessee,TN,governor,2018 Tennessee gubernatorial election,Candidate,Sean Bruce Fleming,Independent,814,0.04,False,False
2018,Tennessee,TN,governor,2018 Tennessee gubernatorial election,Candidate,Alfred Shawm Rapoza,Independent,800,0.04,False,False
2018,Tennessee,TN,governor,2018 Tennessee gubernatorial election,Candidate,Jessie D. McDonald,Independent,755,0.03,False,False
2018,Tennessee,TN,governor,2018 Tennessee gubernatorial election,Candidate,Toney Randall Mitchell,Independent,739,0.03,False,False
2018,Tennessee,TN,governor,2018 Tennessee gubernatorial election,Candidate,Mike Toews,Independent,726,0.03,False,False
2018,Tennessee,TN,governor,2018 Tennessee gubernatorial election,Candidate,Matthew Koch,Independent,652,0.03,False,False
2018,Tennessee,TN,governor,2018 Tennessee gubernatorial election,Candidate,Jeremy Allen Stephenson,Independent,613,0.03,False,False
2018,Tennessee,TN,governor,2018 Tennessee gubernatorial election,Candidate,Tommy Ray McAnally,Independent,609,0.03,False,False
2018,Tennessee,TN,governor,2018 Tennessee gubernatorial election,Candidate,Jaron D. Weidner,Independent,588,0.03,False,False
2018,Tennessee,TN,governor,2018 Tennessee gubernatorial election,Candidate,William Andrew Helmstetter,Independent,496,0.02,False,False
2018,Tennessee,TN,governor,2018 Tennessee gubernatorial election,Write-in,,,11,0.0,False,False
2018,Tennessee,TN,governor,2018 Tennessee gubernatorial election,Total,,,2243294,100.0,False,False
2018,Texas,TX,attorney general,General election results,Winning,Ken Paxton,Republican,4193207,50.57,True,True
2018,Texas,TX,attorney general,General election results,Candidate,Justin Nelson,Democratic,3898098,47.01,False,False
2018,Texas,TX,attorney general,General election results,Candidate,Michael Ray Harris,Libertarian,201310,2.43,False,False
2018,Texas,TX,attorney general,General election results,Total,,,8292615,100.0,False,False
2018,Texas,TX,governor,2018 Texas gubernatorial election,Winning,Greg Abbott,Republican,4656196,55.81,True,True
2018,Texas,TX,governor,2018 Texas gubernatorial election,Candidate,Lupe Valdez,Democratic,3546615,42.51,False,False
2018,Texas,TX,governor,2018 Texas gubernatorial election,Candidate,Mark Tippetts,Libertarian,140632,1.69,False,False
2018,Texas,TX,governor,2018 Texas gubernatorial election,Total,,,8343443,100.0,False,False
2018,Vermont,VT,governor,2018 Vermont gubernatorial election,Winning,Phil Scott,Republican,151261,55.19,True,True
2018,Vermont,VT,governor,2018 Vermont gubernatorial election,Candidate,Christine Hallquist,Democratic,110335,40.25,False,False
2018,Vermont,VT,governor,2018 Vermont gubernatorial election,Candidate,Trevor Barlow,Independent,3266,1.19,False,False
2018,Vermont,VT,governor,2018 Vermont gubernatorial election,Candidate,Charles Laramie,Independent,2287,0.83,False,False
2018,Vermont,VT,governor,2018 Vermont gubernatorial election,Candidate,Cris Ericson,Marijuana,2129,0.78,False,False
2018,Vermont,VT,governor,2018 Vermont gubernatorial election,Candidate,Stephen Marx,Earth Rights,1855,0.68,False,False
2018,Vermont,VT,governor,2018 Vermont gubernatorial election,Candidate,Emily Peyton,Union,1839,0.66,False,False
2018,Vermont,VT,governor,2018 Vermont gubernatorial election,Write-in,,,1115,0.41,False,False
2018,Vermont,VT,governor,2018 Vermont gubernatorial election,Total,,,274087,100.0,False,False
2018,Wisconsin,WI,attorney general,"Wisconsin Attorney General election, 2018",Winning,Josh Kaul,Democratic,1305902,49.41,True,False
2018,Wisconsin,WI,attorney general,"Wisconsin Attorney General election, 2018",Candidate,Brad Schimel,Republican,1288712,48.76,False,True
2018,Wisconsin,WI,attorney general,"Wisconsin Attorney General election, 2018",Candidate,Terry Larson,Constitution,47038,1.78,False,False
2018,Wisconsin,WI,attorney general,"Wisconsin Attorney General election, 2018",Write-in,,,1199,0.05,False,False
2018,Wisconsin,WI,attorney general,"Wisconsin Attorney General election, 2018",Total,,,2642851,100.0,False,False
2018,Wisconsin,WI,governor,2018 Wisconsin gubernatorial election,Winning,Tony Evers,Democratic,1324307,49.54,True,False
2018,Wisconsin,WI,governor,2018 Wisconsin gubernatorial election,Candidate,Scott Walker,Republican,1295080,48.44,False,True
2018,Wisconsin,WI,governor,2018 Wisconsin gubernatorial election,Candidate,Phil Anderson,Libertarian,20225,0.76,False,False
2018,Wisconsin,WI,governor,2018 Wisconsin gubernatorial election,Candidate,Margaret Turnbull,Independent,18884,0.71,False,False
2018,Wisconsin,WI,governor,2018 Wisconsin gubernatorial election,Candidate,Michael J. White,Green,11087,0.41,False,False
2018,Wisconsin,WI,governor,2018 Wisconsin gubernatorial election,Candidate,Arnie Enz,Independent,2745,0.1,False,False
2018,Wisconsin,WI,governor,2018 Wisconsin gubernatorial election,Write-in,,,980,0.04,False,False
2018,Wisconsin,WI,governor,2018 Wisconsin gubernatorial election,Total,,,2673308,100.0,False,False
2018,Wyoming,WY,governor,2018 Wyoming gubernatorial election,Winning,Mark Gordon,Republican,136412,67.12,True,False
2018,Wyoming,WY,governor,2018 Wyoming gubernatorial election,Candidate,Mary Throne,Democratic,55965,27.54,False,False
2018,Wyoming,WY,governor,2018 Wyoming gubernatorial election,Candidate,Rex Rammell,Constitution,6751,3.32,False,False
2018,Wyoming,WY,governor,2018 Wyoming gubernatorial election,Candidate,Lawrence Struempf,Libertarian,3010,1.48,False,False
2018,Wyoming,WY,governor,2018 Wyoming gubernatorial election,Write-in,,,1100,0.54,False,False
2018,Wyoming,WY,governor,2018 Wyoming gubernatorial election,Total,,,203238,100.0,False,False
2019,Kentucky,KY,attorney general,"Kentucky Attorney General election, 2019",Winning,Daniel Cameron,Republican,823343,57.8,True,False
2019,Kentucky,KY,attorney general,"Kentucky Attorney General election, 2019",Candidate,Greg Stumbo,Democratic,602218,42.2,False,False
2019,Kentucky,KY,attorney general,"Kentucky Attorney General election, 2019",Total,,,1425561,100.0,False,False
2019,Kentucky,KY,governor,2019 Kentucky gubernatorial election,Winning,Andy Beshear,Democratic,709890,49.19,True,False
2019,Kentucky,KY,governor,2019 Kentucky gubernatorial election,Candidate,Matthew G. Bevin,Republican,704754,48.84,False,True
2019,Kentucky,KY,governor,2019 Kentucky gubernatorial election,Candidate,John Hicks,Libertarian,28433,1.97,False,False
2019,Kentucky,KY,governor,2019 Kentucky gubernatorial election,Candidate,Blackii Effing Whyte,Write-in,46,0.0,False,False
2019,Kentucky,KY,governor,2019 Kentucky gubernatorial election,Total,,,1443123,100.0,False,False
2019,Louisiana,LA,attorney general,"Louisiana Attorney General election, 2019",Winning,Jeff Landry,Republican,855338,66.21,True,True
2019,Louisiana,LA,attorney general,"Louisiana Attorney General election, 2019",Candidate,Ike Jackson,Democratic,436531,33.79,False,False
2019,Louisiana,LA,attorney general,"Louisiana Attorney General election, 2019",Total,,,1291869,100.0,False,False
2019,Louisiana,LA,governor,2019 Louisiana gubernatorial election runoff,Winning,John Bel Edwards,Democratic,774498,51.33,True,True
2019,Louisiana,LA,governor,2019 Louisiana gubernatorial election runoff,Candidate,Eddie Rispone,Republican,734286,48.67,False,False
2019,Louisiana,LA,governor,2019 Louisiana gubernatorial election runoff,Total,,,1508784,100.0,False,False
2019,Mississippi,MS,attorney general,2019 Mississippi Attorney General election,Winning,Lynn Fitch,Republican,507468,57.83,True,False
2019,Mississippi,MS,attorney general,2019 Mississippi Attorney General election,Candidate,Jennifer Riley Collins,Democratic,370068,42.17,False,False
2019,Mississippi,MS,attorney general,2019 Mississippi Attorney General election,Total,,,877536,100.0,False,False
2020,Delaware,DE,governor,"Delaware gubernatorial election, 2020",Winning,John Carney,Democratic,292903,59.46,True,True
2020,Delaware,DE,governor,"Delaware gubernatorial election, 2020",Candidate,Julianne Murray,Republican,190312,38.63,False,False
2020,Delaware,DE,governor,"Delaware gubernatorial election, 2020",Candidate,Kathy DeMatteis,Independent,6150,1.25,False,False
2020,Delaware,DE,governor,"Delaware gubernatorial election, 2020",Candidate,John Machurek,Libertarian,3270,0.66,False,False
2020,Delaware,DE,governor,"Delaware gubernatorial election, 2020",Total,,,492635,100.0,False,False
2020,Indiana,IN,attorney general,2020 Indiana attorney general election,Winning,Todd Rokita,Republican,1722007,58.34,True,False
2020,Indiana,IN,attorney general,2020 Indiana attorney general election,Candidate,Jonathan Weinzapfel,Democratic,1229644,41.66,False,False
2020,Indiana,IN,attorney general,2020 Indiana attorney general election,Total,,,2951651,100.0,False,False
2020,Indiana,IN,governor,"Indiana gubernatorial election, 2020",Winning,Eric Holcomb,Republican,1706727,56.51,True,True
2020,Indiana,IN,governor,"Indiana gubernatorial election, 2020",Candidate,Woody Myers,Democratic,968094,32.05,False,False
2020,Indiana,IN,governor,"Indiana gubernatorial election, 2020",Candidate,Donald Rainwater,Libertarian,345567,11.44,False,False
2020,Indiana,IN,governor,"Indiana gubernatorial election, 2020",Total,,,3020388,100.0,False,False
2020,Missouri,MO,attorney general,"Missouri Attorney General election, 2020",Winning,Eric Schmitt,Republican,1752792,59.38,True,True
2020,Missouri,MO,attorney general,"Missouri Attorney General election, 2020",Candidate,Rich Finneran,Democratic,1117713,37.87,False,False
2020,Missouri,MO,attorney general,"Missouri Attorney General election, 2020",Candidate,Kevin C. Babock,Libertarian,81100,2.75,False,False
2020,Missouri,MO,attorney general,"Missouri Attorney General election, 2020",Total,,,2951605,100.0,False,False
2020,Missouri,MO,secretary of state,"Missouri Secretary of State election, 2020",Winning,Jay Ashcroft,Republican,1790873,60.59,True,True
2020,Missouri,MO,secretary of state,"Missouri Secretary of State election, 2020",Candidate,Yinka Faleti,Democratic,1072415,36.28,False,False
2020,Missouri,MO,secretary of state,"Missouri Secretary of State election, 2020",Candidate,Carl Herman Freese,Libertarian,55320,1.87,False,False
2020,Missouri,MO,secretary of state,"Missouri Secretary of State election, 2020",Candidate,Paul Lehmann,Green,23981,0.81,False,False
2020,Missouri,MO,secretary of state,"Missouri Secretary of State election, 2020",Candidate,Paul Venable,Constitution,13066,0.44,False,False
2020,Missouri,MO,secretary of state,"Missouri Secretary of State election, 2020",Total,,,2955655,100.0,False,False
2020,Missouri,MO,state treasurer,2020 Missouri State Treasurer election,Winning,Scott Fitzpatrick,Republican,1742943,59.1,True,True
2020,Missouri,MO,state treasurer,2020 Missouri State Treasurer election,Candidate,Vicki Englund,Democratic,1122547,38.06,False,False
2020,Missouri,MO,state treasurer,2020 Missouri State Treasurer election,Candidate,Nick Kasoff,Libertarian,64615,2.19,False,False
2020,Missouri,MO,state treasurer,2020 Missouri State Treasurer election,Candidate,Joseph Civettini,Green,19107,0.65,False,False
2020,Missouri,MO,state treasurer,2020 Missouri State Treasurer election,Total,,,2949212,100.0,False,False
2020,Missouri,MO,governor,"Missouri gubernatorial election, 2020",Winning,Mike Parson,Republican,1720202,57.11,True,True
2020,Missouri,MO,governor,"Missouri gubernatorial election, 2020",Candidate,Nicole Galloway,Democratic,1225771,40.69,False,False
2020,Missouri,MO,governor,"Missouri gubernatorial election, 2020",Candidate,Rik Combs,Libertarian,49067,1.63,False,False
2020,Missouri,MO,governor,"Missouri gubernatorial election, 2020",Candidate,Jerome Bauer,Green,17234,0.57,False,False
2020,Missouri,MO,governor,"Missouri gubernatorial election, 2020",Write-in,,,13,0.0,False,False
2020,Missouri,MO,governor,"Missouri gubernatorial election, 2020",Total,,,3012287,100.0,False,False
2020,Montana,MT,attorney general,2020 Montana Attorney General election,Winning,Austin Knudsen,Republican,348322,58.51,True,False
2020,Montana,MT,attorney general,2020 Montana Attorney General election,Candidate,Raph Graybill,Democratic,247025,41.49,False,False
2020,Montana,MT,attorney general,2020 Montana Attorney General election,Total,,,595347,100.0,False,False
2020,Montana,MT,secretary of state,2020 Montana Secretary of State election,Winning,Christi Jacobsen,Republican,352939,59.56,True,False
2020,Montana,MT,secretary of state,2020 Montana Secretary of State election,Candidate,Bryce Bennett,Democratic,239617,40.44,False,False
2020,Montana,MT,secretary of state,2020 Montana Secretary of State election,Total,,,592556,100.0,False,False
2020,Montana,MT,governor,2020 Montana gubernatorial election,Winning,Greg Gianforte,Republican,328548,54.43,True,False
2020,Montana,MT,governor,2020 Montana gubernatorial election,Candidate,Mike Cooney,Democratic,250860,41.56,False,False
2020,Montana,MT,governor,2020 Montana gubernatorial election,Candidate,Lyman Bishop,Libertarian,24179,4.01,False,False
2020,Montana,MT,governor,2020 Montana gubernatorial election,Write-in,,,21,0.0,False,False
2020,Montana,MT,governor,2020 Montana gubernatorial election,Total,,,603608,100.0,False,False
2020,New Hampshire,NH,governor,2020 New Hampshire gubernatorial election,Winning,Chris Sununu,Republican,516609,65.12,True,True
2020,New Hampshire,NH,governor,2020 New Hampshire gubernatorial election,Candidate,Dan Feltes,Democratic,264639,33.36,False,False
2020,New Hampshire,NH,governor,2020 New Hampshire gubernatorial election,Candidate,Darryl W. Perry,Libertarian,11329,1.43,False,False
2020,New Hampshire,NH,governor,2020 New Hampshire gubernatorial election,Write-in,,,683,0.09,False,False
2020,New Hampshire,NH,governor,2020 New Hampshire gubernatorial election,Total,,,793260,100.0,False,False
2020,North Carolina,NC,attorney general,"North Carolina Attorney General election, 2020",Winning,Josh Stein,Democratic,2713400,50.13,True,True
2020,North Carolina,NC,attorney general,"North Carolina Attorney General election, 2020",Candidate,Jim O'Neill,Republican,2699778,49.87,False,False
2020,North Carolina,NC,attorney general,"North Carolina Attorney General election, 2020",Total,,,5413178,100.0,False,False
2020,North Carolina,NC,secretary of state,2020 North Carolina Secretary of State election,Winning,Elaine Marshall,Democratic,2755571,51.16,True,True
2020,North Carolina,NC,secretary of state,2020 North Carolina Secretary of State election,Candidate,E.C. Sykes,Republican,2630559,48.84,False,False
2020,North Carolina,NC,secretary of state,2020 North Carolina Secretary of State election,Total,,,5386130,100.0,False,False
2020,North Carolina,NC,governor,2020 North Carolina gubernatorial election,Winning,Roy Cooper,Democratic,2834790,51.52,True,True
2020,North Carolina,NC,governor,2020 North Carolina gubernatorial election,Candidate,Dan Forest,Republican,2586605,47.01,False,False
2020,North Carolina,NC,governor,2020 North Carolina gubernatorial election,Candidate,Steven J. DiFiore,Libertarian,60449,1.1,False,False
2020,North Carolina,NC,governor,2020 North Carolina gubernatorial election,Candidate,Al Pisano,Constitution,20934,0.38,False,False
2020,North Carolina,NC,governor,2020 North Carolina gubernatorial election,Total,,,5502778,100.0,False,False
2020,North Dakota,ND,governor,"North Dakota gubernatorial election, 2020",Winning,Doug Burgum,Republican,235479,65.84,True,True
2020,North Dakota,ND,governor,"North Dakota gubernatorial election, 2020",Candidate,Shelley Lenz,North Dakota Democratic–nonpartisan League,90789,25.38,False,False
2020,North Dakota,ND,governor,"North Dakota gubernatorial election, 2020",Candidate,DuWayne Hendrickson,Libertarian,13853,3.87,False,False
2020,North Dakota,ND,governor,"North Dakota gubernatorial election, 2020",Write-in,,,17538,4.9,False,False
2020,North Dakota,ND,governor,"North Dakota gubernatorial election, 2020",Total,,,357659,100.0,False,False
2020,Oregon,OR,attorney general,2020 Oregon Attorney General election,Winning,Ellen Rosenblum,Democratic,1264716,55.97,True,True
2020,Oregon,OR,attorney general,2020 Oregon Attorney General election,Candidate,Michael Cross,Republican,934357,41.35,False,False
2020,Oregon,OR,attorney general,2020 Oregon Attorney General election,Candidate,Lars Hedbor,Libertarian,52087,2.31,False,False
2020,Oregon,OR,attorney general,2020 Oregon Attorney General election,Write-in,,,8490,0.38,False,False
2020,Oregon,OR,attorney general,2020 Oregon Attorney General election,Total,,,2259650,100.0,False,False
2020,Oregon,OR,secretary of state,2020 Oregon Secretary of State election,Winning,Shemia Fagan,Democratic,1146370,50.31,True,False
2020,Oregon,OR,secretary of state,2020 Oregon Secretary of State election,Candidate,Kim Thatcher,Republican,984597,43.21,False,False
2020,Oregon,OR,secretary of state,2020 Oregon Secretary of State election,Candidate,Nathalie Paravicini,Green,82211,3.61,False,False
2020,Oregon,OR,secretary of state,2020 Oregon Secretary of State election,Candidate,Kyle Markley,Libertarian,62985,2.76,False,False
2020,Oregon,OR,secretary of state,2020 Oregon Secretary of State election,Write-in,,,2340,0.1,False,False
2020,Oregon,OR,secretary of state,2020 Oregon Secretary of State election,Total,,,2278503,100.0,False,False
2020,Oregon,OR,state treasurer,2020 Oregon State Treasurer election,Winning,Tobias Read,Democratic,1166703,51.68,True,True
2020,Oregon,OR,state treasurer,2020 Oregon State Treasurer election,Candidate,Jeff Gudman,Republican,936916,41.5,False,False
2020,Oregon,OR,state treasurer,2020 Oregon State Treasurer election,Candidate,Chris Henry,Independent,99870,4.42,False,False
2020,Oregon,OR,state treasurer,2020 Oregon State Treasurer election,Candidate,Michael Marsh,Constitution,51894,2.3,False,False
2020,Oregon,OR,state treasurer,2020 Oregon State Treasurer election,Write-in,,,2072,0.09,False,False
2020,Oregon,OR,state treasurer,2020 Oregon State Treasurer election,Total,,,2257455,100.0,False,False
2020,Pennsylvania,PA,attorney general,"Pennsylvania Attorney General election, 2020",Winning,Josh Shapiro,Democratic,3461472,50.85,True,True
2020,Pennsylvania,PA,attorney general,"Pennsylvania Attorney General election, 2020",Candidate,Heather Heidelbaugh,Republican,3153831,46.33,False,False
2020,Pennsylvania,PA,attorney general,"Pennsylvania Attorney General election, 2020",Candidate,Daniel Wassmer,Libertarian,120489,1.77,False,False
2020,Pennsylvania,PA,attorney general,"Pennsylvania Attorney General election, 2020",Candidate,Richard L. Weiss,Green,70804,1.04,False,False
2020,Pennsylvania,PA,attorney general,"Pennsylvania Attorney General election, 2020",Total,,,6806596,100.0,False,False
2020,Pennsylvania,PA,state treasurer,"Pennsylvania State Treasurer election, 2020",Winning,Stacy Garrity,Republican,3291877,48.68,True,False
2020,Pennsylvania,PA,state treasurer,"Pennsylvania State Treasurer election, 2020",Candidate,Joe Torsella,Democratic,3239331,47.91,False,True
2020,Pennsylvania,PA,state treasurer,"Pennsylvania State Treasurer election, 2020",Candidate,Joseph Soloski,Libertarian,148614,2.2,False,False
2020,Pennsylvania,PA,state treasurer,"Pennsylvania State Treasurer election, 2020",Candidate,Timothy Runkle,Green,81984,1.21,False,False
2020,Pennsylvania,PA,state treasurer,"Pennsylvania State Treasurer election, 2020",Total,,,6761806,100.0,False,False
2020,Utah,UT,attorney general,2020 Utah Attorney General election,Winning,Sean Reyes,Republican,878853,60.58,True,True
2020,Utah,UT,attorney general,2020 Utah Attorney General election,Candidate,Greg Skordas,Democratic,489499,33.74,False,False
2020,Utah,UT,attorney general,2020 Utah Attorney General election,Candidate,Rudy Bautista,Libertarian,82444,5.68,False,False
2020,Utah,UT,attorney general,2020 Utah Attorney General election,Total,,,1450797,100.0,False,False
2020,Utah,UT,governor,2020 Utah gubernatorial election,Winning,Spencer Cox,Republican,918754,62.98,True,False
2020,Utah,UT,governor,2020 Utah gubernatorial election,Candidate,Christopher Peterson,Democratic,442754,30.35,False,False
2020,Utah,UT,governor,2020 Utah gubernatorial election,Candidate,Daniel Cottam,Libertarian,51393,3.52,False,False
2020,Utah,UT,governor,2020 Utah gubernatorial election,Candidate,Gregory Duerden,Independent American,25810,1.77,False,False
2020,Utah,UT,governor,2020 Utah gubernatorial election,Write-in,,,20167,1.38,False,False
2020,Utah,UT,governor,2020 Utah gubernatorial election,Total,,,1458878,100.0,False,False
2020,Vermont,VT,governor,2020 Vermont gubernatorial election,Winning,Phil Scott,Republican,248412,68.49,True,True
2020,Vermont,VT,governor,2020 Vermont gubernatorial election,Candidate,David Zuckerman,Progressive,99214,27.35,False,False
2020,Vermont,VT,governor,2020 Vermont gubernatorial election,Candidate,Kevin Hoyt,Independent,4576,1.26,False,False
2020,Vermont,VT,governor,2020 Vermont gubernatorial election,Candidate,Emily Peyton,Independent,3505,0.97,False,False
2020,Vermont,VT,governor,2020 Vermont gubernatorial election,Candidate,Erynn Hazlett Whitney,Independent,1777,0.49,False,False
2020,Vermont,VT,governor,2020 Vermont gubernatorial election,Candidate,Wayne Billado III,Independent,1431,0.39,False,False
2020,Vermont,VT,governor,2020 Vermont gubernatorial election,Candidate,Michael A. Devost,Independent,1160,0.32,False,False
2020,Vermont,VT,governor,2020 Vermont gubernatorial election,Candidate,Charly Dickerson,Independent,1037,0.29,False,False
2020,Vermont,VT,governor,2020 Vermont gubernatorial election,Write-in,,,1599,0.44,False,False
2020,Vermont,VT,governor,2020 Vermont gubernatorial election,Total,,,362711,100.0,False,False
2020,Washington,WA,attorney general,2020 Washington Attorney General election,Winning,Bob Ferguson,Democratic,2226418,56.43,True,True
2020,Washington,WA,attorney general,2020 Washington Attorney General election,Candidate,Matt Larkin,Republican,1714927,43.47,False,False
2020,Washington,WA,attorney general,2020 Washington Attorney General election,Write-in,,,3968,0.1,False,False
2020,Washington,WA,attorney general,2020 Washington Attorney General election,Total,,,3945313,100.0,False,False
2020,Washington,WA,secretary of state,2020 Washington Secretary of State election,Winning,Kim Wyman,Republican,2116141,53.61,True,True
2020,Washington,WA,secretary of state,2020 Washington Secretary of State election,Candidate,Gael Tarleton,Democratic,1826710,46.27,False,False
2020,Washington,WA,secretary of state,2020 Washington Secretary of State election,Write-in,,,4666,0.12,False,False
2020,Washington,WA,secretary of state,2020 Washington Secretary of State election,Total,,,3947517,100.0,False,False
2020,Washington,WA,state treasurer,2020 Washington State Treasurer election,Winning,Mike Pellicciotti,Democratic,2089159,53.41,True,False
2020,Washington,WA,state treasurer,2020 Washington State Treasurer election,Candidate,Duane Davidson,Republican,1818895,46.5,False,True
2020,Washington,WA,state treasurer,2020 Washington State Treasurer election,Write-in,,,3339,0.09,False,False
2020,Washington,WA,state treasurer,2020 Washington State Treasurer election,Total,,,3911393,100.0,False,False
2020,Washington,WA,governor,2020 Washington gubernatorial election,Winning,Jay Inslee,Democratic,2294243,56.56,True,True
2020,Washington,WA,governor,2020 Washington gubernatorial election,Candidate,Loren Culp,Republican,1749066,43.12,False,False
2020,Washington,WA,governor,2020 Washington gubernatorial election,Write-in,,,13145,0.32,False,False
2020,Washington,WA,governor,2020 Washington gubernatorial election,Total,,,4056454,100.0,False,False
2020,West Virginia,WV,secretary of state,2020 West Virginia Secretary of State election,Winning,Mac Warner,Republican,447537,58.26,True,True
2020,West Virginia,WV,secretary of state,2020 West Virginia Secretary of State election,Candidate,Natalie Tennant,Democratic,320650,41.74,False,False
2020,West Virginia,WV,secretary of state,2020 West Virginia Secretary of State election,Total,,,768187,100.0,False,False
2020,West Virginia,WV,state treasurer,2020 West Virginia State Treasurer election,Winning,Riley Moore,Republican,425745,56.31,True,False
2020,West Virginia,WV,state treasurer,2020 West Virginia State Treasurer election,Candidate,John Perdue,Democratic,330316,43.69,False,True
2020,West Virginia,WV,state treasurer,2020 West Virginia State Treasurer election,Total,,,756061,100.0,False,False
2020,West Virginia,WV,governor,"West Virginia gubernatorial election, 2020",Winning,Jim Justice,Republican,497944,63.49,True,True
2020,West Virginia,WV,governor,"West Virginia gubernatorial election, 2020",Candidate,Ben Salango,Democratic,237024,30.22,False,False
2020,West Virginia,WV,governor,"West Virginia gubernatorial election, 2020",Candidate,Erika Kolenich,Libertarian,22527,2.87,False,False
2020,West Virginia,WV,governor,"West Virginia gubernatorial election, 2020",Candidate,S. Marshall Wilson (write-in),Together,15120,1.93,False,False
2020,West Virginia,WV,governor,"West Virginia gubernatorial election, 2020",Candidate,Daniel Lutz,Mountain,11309,1.44,False,False
2020,West Virginia,WV,governor,"West Virginia gubernatorial election, 2020",Write-in,,,363,0.05,False,False
2020,West Virginia,WV,governor,"West Virginia gubernatorial election, 2020",Total,,,784287,100.0,False,False
2021,California,CA,governor,2021 California gubernatorial recall election (question 2),Candidate,Larry Elder,Republican,3563867,48.4,False,False
2021,California,CA,governor,2021 California gubernatorial recall election (question 2),Candidate,Kevin Paffrath,Democratic,706778,9.6,False,False
2021,California,CA,governor,2021 California gubernatorial recall election (question 2),Candidate,Kevin Faulconer,Republican,590346,8.0,False,False
2021,California,CA,governor,2021 California gubernatorial recall election (question 2),Candidate,Brandon M. Ross,Democratic,392029,5.3,False,False
2021,California,CA,governor,2021 California gubernatorial recall election (question 2),Candidate,John Cox,Republican,305095,4.1,False,False
2021,California,CA,governor,2021 California gubernatorial recall election (question 2),Candidate,Kevin Kiley,Republican,255490,3.5,False,False
2021,California,CA,governor,2021 California gubernatorial recall election (question 2),Candidate,Jacqueline McGowan,Democratic,214242,2.9,False,False
2021,California,CA,governor,2021 California gubernatorial recall election (question 2),Candidate,Joel Ventresca,Democratic,186345,2.5,False,False
2021,California,CA,governor,2021 California gubernatorial recall election (question 2),Candidate,Daniel Watts,Democratic,167355,2.3,False,False
2021,California,CA,governor,2021 California gubernatorial recall election (question 2),Candidate,Holly L. Baade,Democratic,92218,1.3,False,False
2021,California,CA,governor,2021 California gubernatorial recall election (question 2),Candidate,Patrick Kilpatrick,Democratic,86617,1.2,False,False
2021,California,CA,governor,2021 California gubernatorial recall election (question 2),Candidate,"Armando ""Mando"" Perez-Serrato",Democratic,85061,1.2,False,False
2021,California,CA,governor,2021 California gubernatorial recall election (question 2),Candidate,Caitlyn Jenner,Republican,75215,1.0,False,False
2021,California,CA,governor,2021 California gubernatorial recall election (question 2),Candidate,John R. Drake,Democratic,68545,0.9,False,False
2021,California,CA,governor,2021 California gubernatorial recall election (question 2),Candidate,Dan Kapelovitz,Green,64375,0.9,False,False
2021,California,CA,governor,2021 California gubernatorial recall election (question 2),Candidate,Jeff Hewitt,Libertarian,50378,0.7,False,False
2021,California,CA,governor,2021 California gubernatorial recall election (question 2),Candidate,Ted Gaines,Republican,47937,0.7,False,False
2021,California,CA,governor,2021 California gubernatorial recall election (question 2),Candidate,Angelyne,No party preference,35900,0.5,False,False
2021,California,CA,governor,2021 California gubernatorial recall election (question 2),Candidate,David Moore,No party preference,31224,0.4,False,False
2021,California,CA,governor,2021 California gubernatorial recall election (question 2),Candidate,Anthony Trimino,Republican,28101,0.4,False,False
2021,California,CA,governor,2021 California gubernatorial recall election (question 2),Candidate,Doug Ose,Republican,26204,0.4,False,False
2021,California,CA,governor,2021 California gubernatorial recall election (question 2),Candidate,Michael Loebs,No party preference,25468,0.3,False,False
2021,California,CA,governor,2021 California gubernatorial recall election (question 2),Candidate,Heather Collins,Green,24260,0.3,False,False
2021,California,CA,governor,2021 California gubernatorial recall election (question 2),Candidate,Major Singh,No party preference,21394,0.3,False,False
2021,California,CA,governor,2021 California gubernatorial recall election (question 2),Candidate,David Lozano,Republican,19945,0.3,False,False
2021,California,CA,governor,2021 California gubernatorial recall election (question 2),Candidate,Denver Stoner,Republican,19588,0.3,False,False
2021,California,CA,governor,2021 California gubernatorial recall election (question 2),Candidate,Sam Gallucci,Republican,18134,0.2,False,False
2021,California,CA,governor,2021 California gubernatorial recall election (question 2),Candidate,Steve Chavez Lodge,Republican,17435,0.2,False,False
2021,California,CA,governor,2021 California gubernatorial recall election (question 2),Candidate,Jenny Rae Le Roux,Republican,16032,0.2,False,False
2021,California,CA,governor,2021 California gubernatorial recall election (question 2),Candidate,David Alexander Bramante,Republican,11501,0.2,False,False
2021,California,CA,governor,2021 California gubernatorial recall election (question 2),Candidate,Diego Martinez,Republican,10860,0.1,False,False
2021,California,CA,governor,2021 California gubernatorial recall election (question 2),Candidate,Robert C. Newman II,Republican,10602,0.1,False,False
2021,California,CA,governor,2021 California gubernatorial recall election (question 2),Candidate,Sarah Stephens,Republican,10583,0.1,False,False
2021,California,CA,governor,2021 California gubernatorial recall election (question 2),Candidate,Dennis Richter,No party preference,10468,0.1,False,False
2021,California,CA,governor,2021 California gubernatorial recall election (question 2),Candidate,Major Williams (write-in),Republican,8965,0.1,False,False
2021,California,CA,governor,2021 California gubernatorial recall election (question 2),Candidate,Denis Lucey,No party preference,8182,0.1,False,False
2021,California,CA,governor,2021 California gubernatorial recall election (question 2),Candidate,James G. Hanink,No party preference,7193,0.1,False,False
2021,California,CA,governor,2021 California gubernatorial recall election (question 2),Candidate,Daniel Mercuri,Republican,7110,0.1,False,False
2021,California,CA,governor,2021 California gubernatorial recall election (question 2),Candidate,"Chauncey ""Slim"" Killens",Republican,6879,0.1,False,False
2021,California,CA,governor,2021 California gubernatorial recall election (question 2),Candidate,Leo S. Zacky,Republican,6099,0.1,False,False
2021,California,CA,governor,2021 California gubernatorial recall election (question 2),Candidate,Kevin Kaul,No party preference,5600,0.1,False,False
2021,California,CA,governor,2021 California gubernatorial recall election (question 2),Candidate,David Hillberg,Republican,4435,0.1,False,False
2021,California,CA,governor,2021 California gubernatorial recall election (question 2),Candidate,Adam Papagan,No party preference,4021,0.1,False,False
2021,California,CA,governor,2021 California gubernatorial recall election (question 2),Candidate,Rhonda Furin,Republican,3964,0.1,False,False
2021,California,CA,governor,2021 California gubernatorial recall election (question 2),Candidate,Nickolas Wildstar,Republican,3811,0.1,False,False
2021,California,CA,governor,2021 California gubernatorial recall election (question 2),Candidate,"Jeremiah ""Jeremy"" Marciniak",No party preference,2894,0.0,False,False
2021,California,CA,governor,2021 California gubernatorial recall election (question 2),Candidate,Joe M. Symmon,Republican,2397,0.0,False,False
2021,California,CA,governor,2021 California gubernatorial recall election (question 2),Candidate,Miki Habryn (write-in),No party preference,137,0.0,False,False
2021,California,CA,governor,2021 California gubernatorial recall election (question 2),Candidate,Roxanne (write-in),Democratic,116,0.0,False,False
2021,California,CA,governor,2021 California gubernatorial recall election (question 2),Candidate,Stacy Smith (write-in),Democratic,81,0.0,False,False
2021,California,CA,governor,2021 California gubernatorial recall election (question 2),Candidate,Vivek B. Mohan (write-in),No party preference,68,0.0,False,False
2021,California,CA,governor,2021 California gubernatorial recall election (question 2),Candidate,Thuy E. Hugens (write-in),Independent,19,0.0,False,False
2021,California,CA,governor,2021 California gubernatorial recall election (question 2),Candidate,Vince Lundgren (write-in),No party preference,5,0.0,False,False
2021,California,CA,governor,2021 California gubernatorial recall election (question 2),Total,,,7361568,100.0,False,False
2021,New Jersey,NJ,governor,2021 New Jersey gubernatorial election,Winning,Phil Murphy,Democratic,1339471,51.22,True,True
2021,New Jersey,NJ,governor,2021 New Jersey gubernatorial election,Candidate,Jack Ciattarelli,Republican,1255185,48.0,False,False
2021,New Jersey,NJ,governor,2021 New Jersey gubernatorial election,Candidate,Madelyn R. Hoffman,Green,8450,0.32,False,False
2021,New Jersey,NJ,governor,2021 New Jersey gubernatorial election,Candidate,Gregg Mele,Libertarian,7768,0.3,False,False
2021,New Jersey,NJ,governor,2021 New Jersey gubernatorial election,Candidate,Joanne Kuniansky,Workers,4012,0.15,False,False
2021,New Jersey,NJ,governor,2021 New Jersey gubernatorial election,Total,,,2614886,100.0,False,False
2021,Virginia,VA,governor,2021 Virginia gubernatorial election,Winning,Glenn Youngkin,Republican,1663158,50.58,True,False
2021,Virginia,VA,governor,2021 Virginia gubernatorial election,Candidate,Terry McAuliffe,Democratic,1599470,48.64,False,False
2021,Virginia,VA,governor,2021 Virginia gubernatorial election,Candidate,Princess Blanding,Liberation,23107,0.7,False,False
2021,Virginia,VA,governor,2021 Virginia gubernatorial election,Write-in,,,2592,0.08,False,False
2021,Virginia,VA,governor,2021 Virginia gubernatorial election,Total,,,3288327,100.0,False,False
2022,Alabama,AL,attorney general,2022 Alabama Attorney General election,Winning,Steve Marshall,Republican,955425,67.9,True,True
2022,Alabama,AL,attorney general,2022 Alabama Attorney General election,Candidate,Wendell Major,Democratic,450543,32.02,False,False
2022,Alabama,AL,attorney general,2022 Alabama Attorney General election,Write-in,,,1220,0.09,False,False
2022,Alabama,AL,attorney general,2022 Alabama Attorney General election,Total,,,1407188,100.0,False,False
2022,Alabama,AL,secretary of state,2022 Alabama Secretary of State election,Winning,Wes Allen,Republican,925267,65.88,True,False
2022,Alabama,AL,secretary of state,2022 Alabama Secretary of State election,Candidate,Pamela Laffitte,Democratic,436862,31.11,False,False
2022,Alabama,AL,secretary of state,2022 Alabama Secretary of State election,Candidate,"Jason ""Matt"" Shelby",Libertarian,41611,2.96,False,False
2022,Alabama,AL,secretary of state,2022 Alabama Secretary of State election,Write-in,,,663,0.05,False,False
2022,Alabama,AL,secretary of state,2022 Alabama Secretary of State election,Total,,,1404403,100.0,False,False
2022,Alabama,AL,state treasurer,2022 Alabama State Treasurer election,Candidate,Young Boozer,Republican,946936,83.74,False,True
2022,Alabama,AL,state treasurer,2022 Alabama State Treasurer election,Candidate,Scott Hammond,Libertarian,175034,15.48,False,False
2022,Alabama,AL,state treasurer,2022 Alabama State Treasurer election,Write-in,,,8855,0.78,False,False
2022,Alabama,AL,state treasurer,2022 Alabama State Treasurer election,Total,,,1130825,100.0,False,False
2022,Alabama,AL,governor,2022 Alabama gubernatorial election,Winning,Kay Ivey,Republican,946932,66.91,True,True
2022,Alabama,AL,governor,2022 Alabama gubernatorial election,Candidate,Yolanda Rochelle Flowers,Democratic,412961,29.18,False,False
2022,Alabama,AL,governor,2022 Alabama gubernatorial election,Candidate,"James D. ""Jimmy"" Blake",Libertarian,45958,3.25,False,False
2022,Alabama,AL,governor,2022 Alabama gubernatorial election,Write-in,,,9432,0.67,False,False
2022,Alabama,AL,governor,2022 Alabama gubernatorial election,Total,,,1415283,100.0,False,False
2022,Alaska,AK,governor,2022 Alaska gubernatorial election,Winning,Mike Dunleavy,Republican,132632,50.29,True,True
2022,Alaska,AK,governor,2022 Alaska gubernatorial election,Candidate,Les Gara,Democratic,63851,24.21,False,False
2022,Alaska,AK,governor,2022 Alaska gubernatorial election,Candidate,Bill Walker,Independent,54668,20.73,False,False
2022,Alaska,AK,governor,2022 Alaska gubernatorial election,Candidate,Charlie Pierce,Republican,11817,4.48,False,False
2022,Alaska,AK,governor,2022 Alaska gubernatorial election,Write-in,,,784,0.3,False,False
2022,Alaska,AK,governor,2022 Alaska gubernatorial election,Total,,,263752,100.0,False,False
2022,Arizona,AZ,attorney general,2022 Arizona Attorney General election,Candidate,Kris Mayes,Democratic,1254613,50.0,False,False
2022,Arizona,AZ,attorney general,2022 Arizona Attorney General election,Candidate,Abraham Hamadeh,Republican,1254102,49.98,False,False
2022,Arizona,AZ,attorney general,2022 Arizona Attorney General election,Candidate,Samantha Severson (write-in),Libertarian,418,0.02,False,False
2022,Arizona,AZ,attorney general,2022 Arizona Attorney General election,Total,,,2509133,100.0,False,False
2022,Arizona,AZ,attorney general,2022 Arizona Attorney General election,Winning,Kris Mayes,Democratic,1254809,49.94,True,False
2022,Arizona,AZ,attorney general,2022 Arizona Attorney General election,Write-in,,,3052,0.12,False,False
2022,Arizona,AZ,secretary of state,2022 Arizona Secretary of State election,Winning,Adrian Fontes,Democratic,1320619,52.38,True,False
2022,Arizona,AZ,secretary of state,2022 Arizona Secretary of State election,Candidate,Mark Finchem,Republican,1200411,47.62,False,False
2022,Arizona,AZ,secretary of state,2022 Arizona Secretary of State election,Total,,,2521030,100.0,False,False
2022,Arizona,AZ,state treasurer,2022 Arizona State Treasurer election,Winning,Kimberly Yee,Republican,1390135,55.67,True,True
2022,Arizona,AZ,state treasurer,2022 Arizona State Treasurer election,Candidate,Martín Quezada,Democratic,1107037,44.33,False,False
2022,Arizona,AZ,state treasurer,2022 Arizona State Treasurer election,Total,,,2497172,100.0,False,False
2022,Arizona,AZ,governor,2022 Arizona gubernatorial election,Winning,Katie Hobbs,Democratic,1287891,50.32,True,False
2022,Arizona,AZ,governor,2022 Arizona gubernatorial election,Candidate,Kari Lake,Republican,1270774,49.65,False,False
2022,Arizona,AZ,governor,2022 Arizona gubernatorial election,Write-in,,,820,0.03,False,False
2022,Arizona,AZ,governor,2022 Arizona gubernatorial election,Total,,,2559485,100.0,False,False
2022,Arkansas,AR,attorney general,2022 Arkansas Attorney General election,Winning,Tim Griffin,Republican,605785,67.61,True,False
2022,Arkansas,AR,attorney general,2022 Arkansas Attorney General election,Candidate,Jesse Gibson,Democratic,290183,32.39,False,False
2022,Arkansas,AR,attorney general,2022 Arkansas Attorney General election,Total,,,895968,100.0,False,False
2022,Arkansas,AR,secretary of state,2022 Arkansas secretary of state election,Winning,John Thurston,Republican,600194,67.05,True,True
2022,Arkansas,AR,secretary of state,2022 Arkansas secretary of state election,Candidate,Anna Beth Gorman,Democratic,294970,32.95,False,False
2022,Arkansas,AR,secretary of state,2022 Arkansas secretary of state election,Total,,,895164,100.0,False,False
2022,Arkansas,AR,state treasurer,2022 Arkansas state treasurer election,Winning,Mark Lowery,Republican,592634,66.27,True,False
2022,Arkansas,AR,state treasurer,2022 Arkansas state treasurer election,Candidate,Pam Whitaker,Democratic,301600,33.73,False,False
2022,Arkansas,AR,state treasurer,2022 Arkansas state treasurer election,Total,,,894234,100.0,False,False
2022,Arkansas,AR,governor,2022 Arkansas gubernatorial election,Winning,Sarah Huckabee Sanders,Republican,571105,62.96,True,False
2022,Arkansas,AR,governor,2022 Arkansas gubernatorial election,Candidate,Chris Jones,Democratic,319242,35.2,False,False
2022,Arkansas,AR,governor,2022 Arkansas gubernatorial election,Candidate,Ricky Dale Harrington Jr.,Libertarian,16690,1.84,False,False
2022,Arkansas,AR,governor,2022 Arkansas gubernatorial election,Total,,,907037,100.0,False,False
2022,California,CA,attorney general,2022 California Attorney General election,Winning,Rob Bonta,Democratic,6339441,59.08,True,True
2022,California,CA,attorney general,2022 California Attorney General election,Candidate,Nathan Hochman,Republican,4390428,40.92,False,False
2022,California,CA,attorney general,2022 California Attorney General election,Total,,,10729869,100.0,False,False
2022,California,CA,secretary of state,2022 California Secretary of State election,Winning,Shirley Weber,Democratic,6462164,60.05,True,True
2022,California,CA,secretary of state,2022 California Secretary of State election,Candidate,Rob Bernosky,Republican,4298530,39.95,False,False
2022,California,CA,secretary of state,2022 California Secretary of State election,Total,,,10760694,100.0,False,False
2022,California,CA,state treasurer,2022 California State Treasurer election,Winning,Fiona Ma,Democratic,6287076,58.8,True,True
2022,California,CA,state treasurer,2022 California State Treasurer election,Candidate,Jack M. Guerrero,Republican,4405781,41.2,False,False
2022,California,CA,state treasurer,2022 California State Treasurer election,Total,,,10692857,100.0,False,False
2022,California,CA,governor,2022 California gubernatorial election,Winning,Gavin Newsom,Democratic,6470104,59.18,True,True
2022,California,CA,governor,2022 California gubernatorial election,Candidate,Brian Dahle,Republican,4462914,40.82,False,False
2022,California,CA,governor,2022 California gubernatorial election,Total,,,10933018,100.0,False,False
2022,Colorado,CO,attorney general,2022 Colorado Attorney General election,Winning,Phil Weiser,Democratic,1349133,54.74,True,True
2022,Colorado,CO,attorney general,2022 Colorado Attorney General election,Candidate,John Kellner,Republican,1060866,43.04,False,False
2022,Colorado,CO,attorney general,2022 Colorado Attorney General election,Candidate,William F. Robinson III,Libertarian,54557,2.21,False,False
2022,Colorado,CO,attorney general,2022 Colorado Attorney General election,Total,,,2464556,100.0,False,False
2022,Colorado,CO,secretary of state,2022 Colorado Secretary of State election,Winning,Jena Griswold,Democratic,1369040,55.1,True,True
2022,Colorado,CO,secretary of state,2022 Colorado Secretary of State election,Candidate,Pam Anderson,Republican,1045582,42.08,False,False
2022,Colorado,CO,secretary of state,2022 Colorado Secretary of State election,Candidate,Bennett Rutledge,Libertarian,36485,1.47,False,False
2022,Colorado,CO,secretary of state,2022 Colorado Secretary of State election,Candidate,Amanda Campbell,American Constitution Party (colorado),17602,0.71,False,False
2022,Colorado,CO,secretary of state,2022 Colorado Secretary of State election,Candidate,Gary Swing,Unity,11458,0.46,False,False
2022,Colorado,CO,secretary of state,2022 Colorado Secretary of State election,Candidate,Jan Kok,Voting,4591,0.18,False,False
2022,Colorado,CO,secretary of state,2022 Colorado Secretary of State election,Total,,,2484758,100.0,False,False
2022,Colorado,CO,state treasurer,2022 Colorado State Treasurer election,Winning,Dave Young,Democratic,1312705,53.67,True,True
2022,Colorado,CO,state treasurer,2022 Colorado State Treasurer election,Candidate,Lang Sias,Republican,1052337,43.03,False,False
2022,Colorado,CO,state treasurer,2022 Colorado State Treasurer election,Candidate,Anthony J. Delgado,Libertarian,80770,3.3,False,False
2022,Colorado,CO,state treasurer,2022 Colorado State Treasurer election,Total,,,2445812,100.0,False,False
2022,Colorado,CO,governor,2022 Colorado gubernatorial election,Winning,Jared Polis,Democratic,1468481,58.53,True,True
2022,Colorado,CO,governor,2022 Colorado gubernatorial election,Candidate,Heidi Ganahl,Republican,983040,39.18,False,False
2022,Colorado,CO,governor,2022 Colorado gubernatorial election,Candidate,Kevin Ruskusky,Libertarian,28939,1.15,False,False
2022,Colorado,CO,governor,2022 Colorado gubernatorial election,Candidate,Danielle Neuschwanger,American Constitution Party (colorado),21623,0.86,False,False
2022,Colorado,CO,governor,2022 Colorado gubernatorial election,Candidate,Paul Noël Fiorino,Unity,6687,0.27,False,False
2022,Colorado,CO,governor,2022 Colorado gubernatorial election,Write-in,,,60,0.0,False,False
2022,Colorado,CO,governor,2022 Colorado gubernatorial election,Total,,,2540680,100.0,False,False
2022,Connecticut,CT,attorney general,2022 Connecticut Attorney General election,Winning,William Tong,Democratic,713894,57.07,True,True
2022,Connecticut,CT,attorney general,2022 Connecticut Attorney General election,Candidate,Jessica Kordas,Republican,518128,41.42,False,False
2022,Connecticut,CT,attorney general,2022 Connecticut Attorney General election,Candidate,A.P. Pascarella,Independent,11788,0.94,False,False
2022,Connecticut,CT,attorney general,2022 Connecticut Attorney General election,Candidate,Ken Krayeske,Green,7103,0.57,False,False
2022,Connecticut,CT,attorney general,2022 Connecticut Attorney General election,Total,,,1250913,100.0,False,False
2022,Connecticut,CT,state treasurer,2022 Connecticut State Treasurer election,Winning,Erick Russell,Total,652031,52.39,True,False
2022,Connecticut,CT,state treasurer,2022 Connecticut State Treasurer election,Candidate,Erick Russell,Democratic,631819,50.77,False,False
2022,Connecticut,CT,state treasurer,2022 Connecticut State Treasurer election,Candidate,Harry Arora,Republican,559123,44.93,False,False
2022,Connecticut,CT,state treasurer,2022 Connecticut State Treasurer election,Candidate,Jennifer Baldwin,Independent,24709,1.99,False,False
2022,Connecticut,CT,state treasurer,2022 Connecticut State Treasurer election,Candidate,JoAnna Laiscell,Libertarian,8564,0.69,False,False
2022,Connecticut,CT,state treasurer,2022 Connecticut State Treasurer election,Total,,,1244427,100.0,False,False
2022,Connecticut,CT,governor,2022 Connecticut gubernatorial election,Winning,Ned Lamont,Total,710186,55.97,True,True
2022,Connecticut,CT,governor,2022 Connecticut gubernatorial election,Candidate,Ned Lamont,Democratic,691146,54.47,False,False
2022,Connecticut,CT,governor,2022 Connecticut gubernatorial election,Candidate,Bob Stefanowski,Republican,546209,43.05,False,False
2022,Connecticut,CT,governor,2022 Connecticut gubernatorial election,Candidate,Robert Hotaling,Independent,12400,0.98,False,False
2022,Connecticut,CT,governor,2022 Connecticut gubernatorial election,Candidate,Michelle Louise Bicking (write-in),Green,98,0.0,False,False
2022,Connecticut,CT,governor,2022 Connecticut gubernatorial election,Total,,,1268893,100.0,False,False
2022,Delaware,DE,attorney general,2022 Delaware Attorney General election,Winning,Kathleen Jennings,Democratic,171837,53.83,True,True
2022,Delaware,DE,attorney general,2022 Delaware Attorney General election,Candidate,Julianne E. Murray,Republican,147369,46.17,False,False
2022,Delaware,DE,attorney general,2022 Delaware Attorney General election,Total,,,319206,100.0,False,False
2022,Delaware,DE,state treasurer,2022 Delaware State Treasurer election,Winning,Colleen Davis,Democratic,170438,53.64,True,True
2022,Delaware,DE,state treasurer,2022 Delaware State Treasurer election,Candidate,Greg Coverdale,Republican,147307,46.36,False,False
2022,Delaware,DE,state treasurer,2022 Delaware State Treasurer election,Total,,,317745,100.0,False,False
2022,Florida,FL,attorney general,2022 Florida attorney general election,Winning,Ashley Moody,Republican,4651279,60.59,True,True
2022,Florida,FL,attorney general,2022 Florida attorney general election,Candidate,Aramis Ayala,Democratic,3025943,39.41,False,False
2022,Florida,FL,attorney general,2022 Florida attorney general election,Total,,,7677222,100.0,False,False
2022,Florida,FL,governor,2022 Florida gubernatorial election,Winning,Ron DeSantis (incumbent) Jeanette Nuñez,Republican,4614210,59.37,True,True
2022,Florida,FL,governor,2022 Florida gubernatorial election,Candidate,Charlie Crist Karla Hernandez,Democratic,3106313,39.97,False,False
2022,Florida,FL,governor,2022 Florida gubernatorial election,Candidate,"Carmen Jackie Gimenez Kyle ""KC"" Gibson",Independent,31577,0.41,False,False
2022,Florida,FL,governor,2022 Florida gubernatorial election,Candidate,"Hector Roos Jerry ""Tub"" Rorabaugh",Libertarian,19299,0.25,False,False
2022,Florida,FL,governor,2022 Florida gubernatorial election,Total,,,7771399,100.0,False,False
2022,Georgia,GA,attorney general,2022 Georgia Attorney General election,Winning,Chris Carr,Republican,2032500,51.86,True,True
2022,Georgia,GA,attorney general,2022 Georgia Attorney General election,Candidate,Jen Jordan,Democratic,1826437,46.6,False,False
2022,Georgia,GA,attorney general,2022 Georgia Attorney General election,Candidate,Martin Cowen,Libertarian,60107,1.53,False,False
2022,Georgia,GA,attorney general,2022 Georgia Attorney General election,Total,,,3919044,100.0,False,False
2022,Georgia,GA,secretary of state,2022 Georgia Secretary of State election,Winning,Brad Raffensperger,Republican,2081241,53.23,True,True
2022,Georgia,GA,secretary of state,2022 Georgia Secretary of State election,Candidate,Bee Nguyen,Democratic,1719922,43.99,False,False
2022,Georgia,GA,secretary of state,2022 Georgia Secretary of State election,Candidate,Ted Metz,Libertarian,108884,2.78,False,False
2022,Georgia,GA,secretary of state,2022 Georgia Secretary of State election,Total,,,3910047,100.0,False,False
2022,Georgia,GA,governor,2022 Georgia gubernatorial election,Winning,Brian Kemp,Republican,2111572,53.41,True,True
2022,Georgia,GA,governor,2022 Georgia gubernatorial election,Candidate,Stacey Abrams,Democratic,1813673,45.88,False,False
2022,Georgia,GA,governor,2022 Georgia gubernatorial election,Candidate,Shane T. Hazel,Libertarian,28163,0.71,False,False
2022,Georgia,GA,governor,2022 Georgia gubernatorial election,Total,,,3953408,100.0,False,False
2022,Guamanian,GU,governor,2022 Guam gubernatorial election,Winning,Lou Leon Guerrero,Democratic,18623,55.49,True,True
2022,Guamanian,GU,governor,2022 Guam gubernatorial election,Candidate,Felix Camacho,Republican,14786,44.06,False,False
2022,Guamanian,GU,governor,2022 Guam gubernatorial election,Write-in,,,152,0.45,False,False
2022,Guamanian,GU,governor,2022 Guam gubernatorial election,Total,,,33561,100.0,False,False
2022,Hawaii,HI,governor,2022 Hawaii gubernatorial election,Winning,Josh Green,Democratic,261025,63.16,True,False
2022,Hawaii,HI,governor,2022 Hawaii gubernatorial election,Candidate,Duke Aiona,Republican,152237,36.84,False,False
2022,Hawaii,HI,governor,2022 Hawaii gubernatorial election,Total,,,413262,100.0,False,False
2022,Idaho,ID,attorney general,"Idaho Attorney General election, 2022",Winning,Raúl Labrador,Republican,367579,62.6,True,False
2022,Idaho,ID,attorney general,"Idaho Attorney General election, 2022",Candidate,Tom Arkoosh,Democratic,219405,37.4,False,False
2022,Idaho,ID,attorney general,"Idaho Attorney General election, 2022",Total,,,586984,100.0,False,False
2022,Idaho,ID,state treasurer,2022 Idaho State Treasurer election,Winning,Julie Ellsworth,Republican,412502,71.11,True,True
2022,Idaho,ID,state treasurer,2022 Idaho State Treasurer election,Candidate,Deborah Silver,Democratic,167596,28.89,False,False
2022,Idaho,ID,state treasurer,2022 Idaho State Treasurer election,Total,,,580098,100.0,False,False
2022,Idaho,ID,governor,2022 Idaho gubernatorial election,Winning,Brad Little,Republican,358598,60.51,True,True
2022,Idaho,ID,governor,2022 Idaho gubernatorial election,Candidate,Stephen Heidt,Democratic,120160,20.28,False,False
2022,Idaho,ID,governor,2022 Idaho gubernatorial election,Candidate,Ammon Bundy,Independent,101835,17.18,False,False
2022,Idaho,ID,governor,2022 Idaho gubernatorial election,Candidate,Paul Sand,Libertarian,6714,1.13,False,False
2022,Idaho,ID,governor,2022 Idaho gubernatorial election,Candidate,Chantyrose Davison,Constitution,5250,0.89,False,False
2022,Idaho,ID,governor,2022 Idaho gubernatorial election,Candidate,Lisa Marie (write-in),Independent,46,0.01,False,False
2022,Idaho,ID,governor,2022 Idaho gubernatorial election,Total,,,592603,100.0,False,False
2022,Illinois,IL,attorney general,2022 Illinois Attorney General election,Winning,Kwame Raoul,Democratic,2219420,54.35,True,True
2022,Illinois,IL,attorney general,2022 Illinois Attorney General election,Candidate,Thomas G. DeVore,Republican,1774468,43.45,False,False
2022,Illinois,IL,attorney general,2022 Illinois Attorney General election,Candidate,Daniel K. Robin,Libertarian,89664,2.2,False,False
2022,Illinois,IL,attorney general,2022 Illinois Attorney General election,Total,,,4083552,100.0,False,False
2022,Illinois,IL,secretary of state,2022 Illinois Secretary of State election,Winning,Alexi Giannoulias,Democratic,2220713,54.28,True,False
2022,Illinois,IL,secretary of state,2022 Illinois Secretary of State election,Candidate,Dan Brady,Republican,1783070,43.59,False,False
2022,Illinois,IL,secretary of state,2022 Illinois Secretary of State election,Candidate,Jon Stewart,Libertarian,87092,2.13,False,False
2022,Illinois,IL,secretary of state,2022 Illinois Secretary of State election,Write-in,,,73,0.0,False,False
2022,Illinois,IL,secretary of state,2022 Illinois Secretary of State election,Total,,,4090948,100.0,False,False
2022,Illinois,IL,state treasurer,2022 Illinois State Treasurer election,Winning,Mike Frerichs,Democratic,2206434,54.29,True,True
2022,Illinois,IL,state treasurer,2022 Illinois State Treasurer election,Candidate,Tom Demmer,Republican,1767242,43.48,False,False
2022,Illinois,IL,state treasurer,2022 Illinois State Treasurer election,Candidate,Preston Nelson,Libertarian,90647,2.23,False,False
2022,Illinois,IL,state treasurer,2022 Illinois State Treasurer election,Write-in,,,38,0.0,False,False
2022,Illinois,IL,state treasurer,2022 Illinois State Treasurer election,Total,,,4064361,100.0,False,False
2022,Illinois,IL,governor,2022 Illinois gubernatorial election,Winning,JB Pritzker,Democratic,2253748,54.91,True,True
2022,Illinois,IL,governor,2022 Illinois gubernatorial election,Candidate,Darren Bailey,Republican,1739095,42.37,False,False
2022,Illinois,IL,governor,2022 Illinois gubernatorial election,Candidate,Scott Schluter,Libertarian,111712,2.72,False,False
2022,Illinois,IL,governor,2022 Illinois gubernatorial election,Write-in,,,81,0.0,False,False
2022,Illinois,IL,governor,2022 Illinois gubernatorial election,Total,,,4104636,100.0,False,False
2022,Indiana,IN,secretary of state,2022 Indiana Secretary of State election,Winning,Diego Morales,Republican,999893,54.13,True,False
2022,Indiana,IN,secretary of state,2022 Indiana Secretary of State election,Candidate,Destiny Wells,Democratic,742624,40.21,False,False
2022,Indiana,IN,secretary of state,2022 Indiana Secretary of State election,Candidate,Jeff Maurer,Libertarian,104519,5.66,False,False
2022,Indiana,IN,secretary of state,2022 Indiana Secretary of State election,Candidate,David Wetterer (write-in),Green,107,0.0,False,False
2022,Indiana,IN,secretary of state,2022 Indiana Secretary of State election,Candidate,Andrew Straw (write-in),Disability,36,0.0,False,False
2022,Indiana,IN,secretary of state,2022 Indiana Secretary of State election,Total,,,1847179,100.0,False,False
2022,Indiana,IN,state treasurer,2022 Indiana State Treasurer election,Winning,Daniel Elliott,Republican,1121158,60.87,True,False
2022,Indiana,IN,state treasurer,2022 Indiana State Treasurer election,Candidate,Jessica McClellan,Democratic,720778,39.13,False,False
2022,Indiana,IN,state treasurer,2022 Indiana State Treasurer election,Total,,,1841936,100.0,False,False
2022,Iowa,IA,attorney general,2022 Iowa Attorney General election,Winning,Brenna Bird,Republican,611432,50.82,True,False
2022,Iowa,IA,attorney general,2022 Iowa Attorney General election,Candidate,Tom Miller,Democratic,590890,49.11,False,True
2022,Iowa,IA,attorney general,2022 Iowa Attorney General election,Write-in,,,801,0.07,False,False
2022,Iowa,IA,attorney general,2022 Iowa Attorney General election,Total,,,1202322,100.0,False,False
2022,Iowa,IA,secretary of state,2022 Iowa Secretary of State election,Winning,Paul D. Pate,Republican,723250,60.05,True,True
2022,Iowa,IA,secretary of state,2022 Iowa Secretary of State election,Candidate,Joel Miller,Democratic,480474,39.88,False,False
2022,Iowa,IA,secretary of state,2022 Iowa Secretary of State election,Write-in,,,708,0.06,False,False
2022,Iowa,IA,secretary of state,2022 Iowa Secretary of State election,Total,,,1204432,100.0,False,False
2022,Iowa,IA,state treasurer,2022 Iowa State Treasurer election,Winning,Roby Smith,Republican,614943,51.26,True,False
2022,Iowa,IA,state treasurer,2022 Iowa State Treasurer election,Candidate,Michael Fitzgerald,Democratic,584021,48.68,False,True
2022,Iowa,IA,state treasurer,2022 Iowa State Treasurer election,Write-in,,,667,0.06,False,False
2022,Iowa,IA,state treasurer,2022 Iowa State Treasurer election,Total,,,1199631,100.0,False,False
2022,Iowa,IA,governor,2022 Iowa gubernatorial election,Winning,Kim Reynolds,Republican,709198,58.04,True,True
2022,Iowa,IA,governor,2022 Iowa gubernatorial election,Candidate,Deidre DeJear,Democratic,482950,39.53,False,False
2022,Iowa,IA,governor,2022 Iowa gubernatorial election,Candidate,Rick Stewart,Libertarian,28998,2.37,False,False
2022,Iowa,IA,governor,2022 Iowa gubernatorial election,Write-in,,,718,0.06,False,False
2022,Iowa,IA,governor,2022 Iowa gubernatorial election,Total,,,1221864,100.0,False,False
2022,Kansas,KS,attorney general,2022 Kansas Attorney General election,Winning,Kris Kobach,Republican,506817,50.8,True,False
2022,Kansas,KS,attorney general,2022 Kansas Attorney General election,Candidate,Chris Mann,Democratic,490925,49.2,False,False
2022,Kansas,KS,attorney general,2022 Kansas Attorney General election,Total,,,997742,100.0,False,False
2022,Kansas,KS,secretary of state,2022 Kansas Secretary of State election,Winning,Scott Schwab,Republican,580908,58.36,True,True
2022,Kansas,KS,secretary of state,2022 Kansas Secretary of State election,Candidate,Jeanna Repass,Democratic,386661,38.84,False,False
2022,Kansas,KS,secretary of state,2022 Kansas Secretary of State election,Candidate,Cullene Lang,Libertarian,27844,2.8,False,False
2022,Kansas,KS,secretary of state,2022 Kansas Secretary of State election,Total,,,995413,100.0,False,False
2022,Kansas,KS,state treasurer,2022 Kansas State Treasurer election,Winning,Steven Johnson,Republican,537488,54.03,True,False
2022,Kansas,KS,state treasurer,2022 Kansas State Treasurer election,Candidate,Lynn Rogers,Democratic,411813,41.39,False,True
2022,Kansas,KS,state treasurer,2022 Kansas State Treasurer election,Candidate,Steve Roberts,Libertarian,45540,4.58,False,False
2022,Kansas,KS,state treasurer,2022 Kansas State Treasurer election,Total,,,994841,100.0,False,False
2022,Kansas,KS,governor,2022 Kansas gubernatorial election,Winning,Laura Kelly,Democratic,499849,49.54,True,True
2022,Kansas,KS,governor,2022 Kansas gubernatorial election,Candidate,Derek Schmidt,Republican,477591,47.33,False,False
2022,Kansas,KS,governor,2022 Kansas gubernatorial election,Candidate,Dennis Pyle,Independent,20452,2.03,False,False
2022,Kansas,KS,governor,2022 Kansas gubernatorial election,Candidate,Seth Cordell,Libertarian,11106,1.1,False,False
2022,Kansas,KS,governor,2022 Kansas gubernatorial election,Total,,,1008998,100.0,False,False
2022,Maine,ME,governor,2022 Maine gubernatorial election,Winning,Janet Mills,Democratic,376934,55.69,True,True
2022,Maine,ME,governor,2022 Maine gubernatorial election,Candidate,Paul LePage,Republican,287304,42.45,False,False
2022,Maine,ME,governor,2022 Maine gubernatorial election,Candidate,Sam Hunkler,Independent,12581,1.86,False,False
2022,Maine,ME,governor,2022 Maine gubernatorial election,Total,,,676819,100.0,False,False
2022,Maryland,MD,attorney general,2022 Maryland Attorney General election,Winning,Anthony Brown,Democratic,1287418,64.95,True,False
2022,Maryland,MD,attorney general,2022 Maryland Attorney General election,Candidate,Michael Peroutka,Republican,691910,34.9,False,False
2022,Maryland,MD,attorney general,2022 Maryland Attorney General election,Write-in,,,2962,0.15,False,False
2022,Maryland,MD,attorney general,2022 Maryland Attorney General election,Total,,,1982290,100.0,False,False
2022,Maryland,MD,governor,2022 Maryland gubernatorial election,Winning,Wes Moore,Democratic,1293944,64.53,True,False
2022,Maryland,MD,governor,2022 Maryland gubernatorial election,Candidate,Dan Cox,Republican,644000,32.12,False,False
2022,Maryland,MD,governor,2022 Maryland gubernatorial election,Candidate,David Lashar,Libertarian,30101,1.5,False,False
2022,Maryland,MD,governor,2022 Maryland gubernatorial election,Candidate,David Harding,Class,17154,0.86,False,False
2022,Maryland,MD,governor,2022 Maryland gubernatorial election,Candidate,Nancy Wallace,Green,14580,0.73,False,False
2022,Maryland,MD,governor,2022 Maryland gubernatorial election,Write-in,,,5444,0.27,False,False
2022,Maryland,MD,governor,2022 Maryland gubernatorial election,Total,,,2005223,100.0,False,False
2022,Massachusetts,MA,attorney general,2022 Massachusetts Attorney General election,Winning,Andrea Campbell,Democratic,1539624,62.85,True,False
2022,Massachusetts,MA,attorney general,2022 Massachusetts Attorney General election,Candidate,"James R. McMahon, III",Republican,908608,37.09,False,False
2022,Massachusetts,MA,attorney general,2022 Massachusetts Attorney General election,Write-in,,,1550,0.06,False,False
2022,Massachusetts,MA,attorney general,2022 Massachusetts Attorney General election,Total,,,2449782,100.0,False,False
2022,Massachusetts,MA,governor,2022 Massachusetts gubernatorial election,Winning,Maura Healey,Democratic,1584403,63.74,True,False
2022,Massachusetts,MA,governor,2022 Massachusetts gubernatorial election,Candidate,Geoff Diehl,Republican,859343,34.57,False,False
2022,Massachusetts,MA,governor,2022 Massachusetts gubernatorial election,Candidate,Kevin Reed,Libertarian,39244,1.58,False,False
2022,Massachusetts,MA,governor,2022 Massachusetts gubernatorial election,Write-in,,,2806,0.11,False,False
2022,Massachusetts,MA,governor,2022 Massachusetts gubernatorial election,Total,,,2485796,100.0,False,False
2022,Michigan,MI,attorney general,2022 Michigan Attorney General election,Winning,Dana Nessel,Democratic,2329195,53.16,True,True
2022,Michigan,MI,attorney general,2022 Michigan Attorney General election,Candidate,Matthew DePerno,Republican,1952408,44.56,False,False
2022,Michigan,MI,attorney general,2022 Michigan Attorney General election,Candidate,Joseph W. McHugh Jr.,Libertarian,67846,1.55,False,False
2022,Michigan,MI,attorney general,2022 Michigan Attorney General election,Candidate,Gerald T. Van Sickle,Constitution,32431,0.74,False,False
2022,Michigan,MI,attorney general,2022 Michigan Attorney General election,Total,,,4381880,100.0,False,False
2022,Michigan,MI,secretary of state,2022 Michigan Secretary of State election,Winning,Jocelyn Benson,Democratic,2467859,55.86,True,True
2022,Michigan,MI,secretary of state,2022 Michigan Secretary of State election,Candidate,Kristina Karamo,Republican,1852510,41.93,False,False
2022,Michigan,MI,secretary of state,2022 Michigan Secretary of State election,Candidate,Gregory Scott Stempfle,Libertarian,52982,1.2,False,False
2022,Michigan,MI,secretary of state,2022 Michigan Secretary of State election,Candidate,Christine Schwartz,Constitution,27937,0.63,False,False
2022,Michigan,MI,secretary of state,2022 Michigan Secretary of State election,Candidate,Larry James Hutchinson Jr.,Green,16615,0.38,False,False
2022,Michigan,MI,secretary of state,2022 Michigan Secretary of State election,Total,,,4417903,100.0,False,False
2022,Michigan,MI,governor,2022 Michigan gubernatorial election,Winning,Gretchen Whitmer,Democratic,2430505,54.47,True,True
2022,Michigan,MI,governor,2022 Michigan gubernatorial election,Candidate,Tudor Dixon,Republican,1960635,43.94,False,False
2022,Michigan,MI,governor,2022 Michigan gubernatorial election,Candidate,Mary Buzuma,Libertarian,38800,0.87,False,False
2022,Michigan,MI,governor,2022 Michigan gubernatorial election,Candidate,Donna Brandenburg,Constitution,16246,0.36,False,False
2022,Michigan,MI,governor,2022 Michigan gubernatorial election,Candidate,Kevin Hogan,Green,10766,0.24,False,False
2022,Michigan,MI,governor,2022 Michigan gubernatorial election,Candidate,Daryl M. Simpson,Law,4973,0.11,False,False
2022,Michigan,MI,governor,2022 Michigan gubernatorial election,Write-in,,,47,0.0,False,False
2022,Michigan,MI,governor,2022 Michigan gubernatorial election,Total,,,4461972,100.0,False,False
2022,Minnesota,MN,attorney general,2022 Minnesota Attorney General election,Winning,Keith Ellison,Minnesota Democratic–farmer–labor,1254371,50.37,True,True
2022,Minnesota,MN,attorney general,2022 Minnesota Attorney General election,Candidate,Jim Schultz,Republican,1233556,49.53,False,False
2022,Minnesota,MN,attorney general,2022 Minnesota Attorney General election,Write-in,,,2374,0.1,False,False
2022,Minnesota,MN,attorney general,2022 Minnesota Attorney General election,Total,,,2490301,100.0,False,False
2022,Minnesota,MN,secretary of state,2022 Minnesota Secretary of State election,Winning,Steve Simon,Minnesota Democratic–farmer–labor,1345685,54.53,True,True
2022,Minnesota,MN,secretary of state,2022 Minnesota Secretary of State election,Candidate,Kim Crockett,Republican,1119949,45.38,False,False
2022,Minnesota,MN,secretary of state,2022 Minnesota Secretary of State election,Write-in,,,2095,0.08,False,False
2022,Minnesota,MN,secretary of state,2022 Minnesota Secretary of State election,Total,,,2467729,100.0,False,False
2022,Minnesota,MN,governor,2022 Minnesota gubernatorial election,Winning,Tim Walz,Minnesota Democratic–farmer–labor,1312349,52.27,True,True
2022,Minnesota,MN,governor,2022 Minnesota gubernatorial election,Candidate,Scott Jensen,Republican,1119941,44.61,False,False
2022,Minnesota,MN,governor,2022 Minnesota gubernatorial election,Candidate,James McCaskel,Now,29346,1.17,False,False
2022,Minnesota,MN,governor,2022 Minnesota gubernatorial election,Candidate,Steve Patterson,Grassroots–legalize Cannabis,22599,0.9,False,False
2022,Minnesota,MN,governor,2022 Minnesota gubernatorial election,Candidate,Hugh McTavish,Independence,18156,0.72,False,False
2022,Minnesota,MN,governor,2022 Minnesota gubernatorial election,Candidate,Gabrielle Prosser,Workers,7241,0.29,False,False
2022,Minnesota,MN,governor,2022 Minnesota gubernatorial election,Write-in,,,1029,0.04,False,False
2022,Minnesota,MN,governor,2022 Minnesota gubernatorial election,Total,,,2510661,100.0,False,False
2022,Nebraska,NE,attorney general,2022 Nebraska Attorney General election,Winning,Mike Hilgers,Republican,434671,69.73,True,False
2022,Nebraska,NE,attorney general,2022 Nebraska Attorney General election,Candidate,Larry Bolinger,Now,188649,30.27,False,False
2022,Nebraska,NE,secretary of state,2022 Nebraska Secretary of State election,Winning,Bob Evnen (inc.),Republican,500342,100.0,True,False
2022,Nebraska,NE,secretary of state,2022 Nebraska Secretary of State election,Total,,,500342,100.0,False,False
2022,Nebraska,NE,state treasurer,2022 Nebraska State Treasurer election,Winning,John Murante (inc.),Republican,431193,72.21,True,False
2022,Nebraska,NE,state treasurer,2022 Nebraska State Treasurer election,Candidate,Katrina Tomsen,Libertarian,165951,27.79,False,False
2022,Nebraska,NE,governor,2022 Nebraska gubernatorial election,Winning,Jim Pillen,Republican,398334,59.22,True,False
2022,Nebraska,NE,governor,2022 Nebraska gubernatorial election,Candidate,Carol Blood,Democratic,242006,35.98,False,False
2022,Nebraska,NE,governor,2022 Nebraska gubernatorial election,Candidate,Scott Zimmerman,Libertarian,26455,3.93,False,False
2022,Nebraska,NE,governor,2022 Nebraska gubernatorial election,Write-in,,,5798,0.86,False,False
2022,Nebraska,NE,governor,2022 Nebraska gubernatorial election,Total,,,672593,100.0,False,False
2022,Nevada,NV,attorney general,2022 Nevada Attorney General election,Winning,Aaron Ford,Democratic,511263,52.25,True,True
2022,Nevada,NV,attorney general,2022 Nevada Attorney General election,Candidate,Sigal Chattah,Republican,434084,44.36,False,False
2022,Nevada,NV,attorney general,2022 Nevada Attorney General election,Total,,,978482,100.0,False,False
2022,Nevada,NV,secretary of state,2022 Nevada Secretary of State election,Winning,Cisco Aguilar,Democratic,496569,48.95,True,False
2022,Nevada,NV,secretary of state,2022 Nevada Secretary of State election,Candidate,Jim Marchant,Republican,473467,46.67,False,False
2022,Nevada,NV,secretary of state,2022 Nevada Secretary of State election,Candidate,Janine Hansen,American,17472,1.72,False,False
2022,Nevada,NV,secretary of state,2022 Nevada Secretary of State election,Candidate,Ross Crane,Libertarian,8821,0.87,False,False
2022,Nevada,NV,secretary of state,2022 Nevada Secretary of State election,Total,,,1014473,100.0,False,False
2022,Nevada,NV,state treasurer,2022 Nevada State Treasurer election,Winning,Zach Conine,Democratic,482762,47.7,True,True
2022,Nevada,NV,state treasurer,2022 Nevada State Treasurer election,Candidate,Michele Fiore,Republican,465570,46.0,False,False
2022,Nevada,NV,state treasurer,2022 Nevada State Treasurer election,Candidate,Margaret Hendrickson,American,19588,1.94,False,False
2022,Nevada,NV,state treasurer,2022 Nevada State Treasurer election,Candidate,Bryan Elliott,Libertarian,16051,1.59,False,False
2022,Nevada,NV,state treasurer,2022 Nevada State Treasurer election,Total,,,1012029,100.0,False,False
2022,New Hampshire,NH,governor,2022 New Hampshire gubernatorial election,Winning,Chris Sununu,Republican,352813,56.98,True,True
2022,New Hampshire,NH,governor,2022 New Hampshire gubernatorial election,Candidate,Tom Sherman,Democratic,256766,41.47,False,False
2022,New Hampshire,NH,governor,2022 New Hampshire gubernatorial election,Candidate,Kelly Halldorson,Libertarian,5071,0.82,False,False
2022,New Hampshire,NH,governor,2022 New Hampshire gubernatorial election,Candidate,Karlyn Borysenko,Libertarian,2772,0.45,False,False
2022,New Hampshire,NH,governor,2022 New Hampshire gubernatorial election,Write-in,,,1713,0.28,False,False
2022,New Hampshire,NH,governor,2022 New Hampshire gubernatorial election,Total,,,619135,100.0,False,False
2022,New Mexico,NM,attorney general,2022 New Mexico Attorney General election,Winning,Raúl Torrez,Democratic,388592,55.31,True,False
2022,New Mexico,NM,attorney general,2022 New Mexico Attorney General election,Candidate,Jeremy Gay,Republican,314023,44.69,False,False
2022,New Mexico,NM,attorney general,2022 New Mexico Attorney General election,Total,,,702615,100.0,False,False
2022,New Mexico,NM,secretary of state,2022 New Mexico Secretary of State election,Winning,Maggie Toulouse Oliver,Democratic,384526,54.52,True,True
2022,New Mexico,NM,secretary of state,2022 New Mexico Secretary of State election,Candidate,Audrey Trujillo,Republican,300763,42.64,False,False
2022,New Mexico,NM,secretary of state,2022 New Mexico Secretary of State election,Candidate,Mayna Myers,Libertarian,20050,2.84,False,False
2022,New Mexico,NM,secretary of state,2022 New Mexico Secretary of State election,Total,,,705339,100.0,False,False
2022,New Mexico,NM,state treasurer,2022 New Mexico State Treasurer election,Winning,Laura Montoya,Democratic,370089,53.15,True,False
2022,New Mexico,NM,state treasurer,2022 New Mexico State Treasurer election,Candidate,Harry Montoya,Republican,326224,46.85,False,False
2022,New Mexico,NM,state treasurer,2022 New Mexico State Treasurer election,Total,,,696313,100.0,False,False
2022,New Mexico,NM,governor,2022 New Mexico gubernatorial election,Winning,Michelle Lujan Grisham,Democratic,370168,51.97,True,True
2022,New Mexico,NM,governor,2022 New Mexico gubernatorial election,Candidate,Mark Ronchetti,Republican,324701,45.59,False,False
2022,New Mexico,NM,governor,2022 New Mexico gubernatorial election,Candidate,Karen Bedonie,Libertarian,17387,2.44,False,False
2022,New Mexico,NM,governor,2022 New Mexico gubernatorial election,Total,,,712256,100.0,False,False
2022,New York,NY,attorney general,2022 New York Attorney General election,Candidate,Letitia James,New York State Democratic Committee,2875687,49.58,False,False
2022,New York,NY,attorney general,2022 New York Attorney General election,Candidate,Michael Henry,New York Republican State Committee,2317573,39.96,False,False
2022,New York,NY,attorney general,2022 New York Attorney General election,Candidate,Write ins,Write Ins,3073,0.05,False,False
2022,New York,NY,attorney general,2022 New York Attorney General election,Total,,,5802630,100.0,False,False
2022,New York State,NY,state treasurer,2022 New York State Comptroller election,Candidate,Thomas DiNapoli,New York State Democratic Committee,2980833,51.67,False,False
2022,New York State,NY,state treasurer,2022 New York State Comptroller election,Candidate,Paul Rodriguez,New York Republican State Committee,2171067,37.64,False,False
2022,New York State,NY,state treasurer,2022 New York State Comptroller election,Candidate,Write ins,Write Ins,2880,0.05,False,False
2022,New York State,NY,state treasurer,2022 New York State Comptroller election,Total,,,5771396,100.0,False,False
2022,New York,NY,governor,2022 New York gubernatorial election,Candidate,Kathy Hochul,New York State Democratic Committee,2879092,48.7,False,False
2022,New York,NY,governor,2022 New York gubernatorial election,Candidate,Lee Zeldin,New York Republican State Committee,2449394,41.43,False,False
2022,New York,NY,governor,2022 New York gubernatorial election,Write-in,,,9290,0.16,False,False
2022,New York,NY,governor,2022 New York gubernatorial election,Total,,,5912286,100.0,False,False
2022,North Dakota,ND,attorney general,2022 North Dakota Attorney General election,Winning,Drew Wrigley,Republican,166517,70.95,True,True
2022,North Dakota,ND,attorney general,2022 North Dakota Attorney General election,Candidate,Tim Lamb,North Dakota Democratic-npl,67609,28.81,False,False
2022,North Dakota,ND,attorney general,2022 North Dakota Attorney General election,Write-in,,,576,0.24,False,False
2022,North Dakota,ND,attorney general,2022 North Dakota Attorney General election,Total,,,234702,100.0,False,False
2022,North Dakota,ND,secretary of state,2022 North Dakota Secretary of State election,Winning,Michael Howe,Republican,147816,63.2,True,True
2022,North Dakota,ND,secretary of state,2022 North Dakota Secretary of State election,Candidate,Jeffrey Powell,North Dakota Democratic-npl,64254,27.5,False,False
2022,North Dakota,ND,secretary of state,2022 North Dakota Secretary of State election,Candidate,Charles Tuttle,Independent,21517,9.2,False,False
2022,North Dakota,ND,secretary of state,2022 North Dakota Secretary of State election,Write-in,,,241,0.1,False,False
2022,North Dakota,ND,secretary of state,2022 North Dakota Secretary of State election,Total,,,233828,100.0,False,False
2022,Ohio,OH,attorney general,2022 Ohio Attorney General election,Winning,Dave Yost,Republican,2484753,60.13,True,True
2022,Ohio,OH,attorney general,2022 Ohio Attorney General election,Candidate,Jeffrey Crossman,Democratic,1647644,39.87,False,False
2022,Ohio,OH,attorney general,2022 Ohio Attorney General election,Total,,,4132397,100.0,False,False
2022,Ohio,OH,secretary of state,2022 Ohio secretary of state election,Winning,Frank LaRose,Republican,2444382,59.29,True,True
2022,Ohio,OH,secretary of state,2022 Ohio secretary of state election,Candidate,Chelsea Clark,Democratic,1635824,39.68,False,False
2022,Ohio,OH,secretary of state,2022 Ohio secretary of state election,Candidate,Terpsehore Tore Maras,Independent,42753,1.04,False,False
2022,Ohio,OH,secretary of state,2022 Ohio secretary of state election,Total,,,4122959,100.0,False,False
2022,Ohio,OH,state treasurer,2022 Ohio State Treasurer election,Winning,Robert Sprague,Republican,2390542,58.55,True,True
2022,Ohio,OH,state treasurer,2022 Ohio State Treasurer election,Candidate,Scott Schertzer,Democratic,1692160,41.45,False,False
2022,Ohio,OH,state treasurer,2022 Ohio State Treasurer election,Total,,,4082702,100.0,False,False
2022,Ohio,OH,governor,2022 Ohio gubernatorial election,Winning,Mike DeWine,Republican,2580424,62.41,True,True
2022,Ohio,OH,governor,2022 Ohio gubernatorial election,Candidate,Nan Whaley,Democratic,1545489,37.38,False,False
2022,Ohio,OH,governor,2022 Ohio gubernatorial election,Write-in,,,8964,0.22,False,False
2022,Ohio,OH,governor,2022 Ohio gubernatorial election,Total,,,4134877,100.0,False,False
2022,Oklahoma,OK,attorney general,2022 Oklahoma Attorney General election,Winning,Gentner Drummond,Republican,792466,73.76,True,False
2022,Oklahoma,OK,attorney general,2022 Oklahoma Attorney General election,Candidate,Lynda Steele,Libertarian,281923,26.24,False,False
2022,Oklahoma,OK,attorney general,2022 Oklahoma Attorney General election,Total,,,1074389,100.0,False,False
2022,Oklahoma,OK,state treasurer,2022 Oklahoma state treasurer election,Winning,Todd Russ,Republican,738545,64.77,True,False
2022,Oklahoma,OK,state treasurer,2022 Oklahoma state treasurer election,Candidate,Charles de Coune,Democratic,349876,30.68,False,False
2022,Oklahoma,OK,state treasurer,2022 Oklahoma state treasurer election,Candidate,Gregory Sadler,Libertarian,51858,4.55,False,False
2022,Oklahoma,OK,state treasurer,2022 Oklahoma state treasurer election,Total,,,1140279,100.0,False,False
2022,Oklahoma,OK,governor,2022 Oklahoma gubernatorial election,Winning,Kevin Stitt,Republican,639484,55.45,True,True
2022,Oklahoma,OK,governor,2022 Oklahoma gubernatorial election,Candidate,Joy Hofmeister,Democratic,481904,41.79,False,False
2022,Oklahoma,OK,governor,2022 Oklahoma gubernatorial election,Candidate,Natalie Bruno,Libertarian,16243,1.41,False,False
2022,Oklahoma,OK,governor,2022 Oklahoma gubernatorial election,Candidate,Ervin Yen,Independent,15653,1.36,False,False
2022,Oklahoma,OK,governor,2022 Oklahoma gubernatorial election,Total,,,1153284,100.0,False,False
2022,Oregon,OR,governor,2022 Oregon gubernatorial election,Winning,Tina Kotek,Democratic,917074,46.96,True,False
2022,Oregon,OR,governor,2022 Oregon gubernatorial election,Candidate,Christine Drazan,Republican,850347,43.54,False,False
2022,Oregon,OR,governor,2022 Oregon gubernatorial election,Candidate,Betsy Johnson,Independent,168431,8.62,False,False
2022,Oregon,OR,governor,2022 Oregon gubernatorial election,Candidate,Donice Noelle Smith,Constitution,8051,0.41,False,False
2022,Oregon,OR,governor,2022 Oregon gubernatorial election,Candidate,R. Leon Noble,Libertarian,6867,0.35,False,False
2022,Oregon,OR,governor,2022 Oregon gubernatorial election,Write-in,,,2113,0.11,False,False
2022,Oregon,OR,governor,2022 Oregon gubernatorial election,Total,,,1952883,100.0,False,False
2022,Pennsylvania,PA,governor,2022 Pennsylvania gubernatorial election,Winning,Josh Shapiro,Democratic,3031137,56.49,True,False
2022,Pennsylvania,PA,governor,2022 Pennsylvania gubernatorial election,Candidate,Doug Mastriano,Republican,2238477,41.71,False,False
2022,Pennsylvania,PA,governor,2022 Pennsylvania gubernatorial election,Candidate,Matt Hackenburg,Libertarian,51611,0.96,False,False
2022,Pennsylvania,PA,governor,2022 Pennsylvania gubernatorial election,Candidate,Christina DiGiulio,Green,24436,0.46,False,False
2022,Pennsylvania,PA,governor,2022 Pennsylvania gubernatorial election,Candidate,Joe Soloski,Keystone,20518,0.38,False,False
2022,Pennsylvania,PA,governor,2022 Pennsylvania gubernatorial election,Total,,,5366179,100.0,False,False
2022,Rhode Island,RI,attorney general,2022 Rhode Island Attorney General election,Winning,Peter Neronha,Democratic,217066,61.49,True,True
2022,Rhode Island,RI,attorney general,2022 Rhode Island Attorney General election,Candidate,Charles Calenda,Republican,135471,38.38,False,False
2022,Rhode Island,RI,attorney general,2022 Rhode Island Attorney General election,Write-in,,,460,0.13,False,False
2022,Rhode Island,RI,attorney general,2022 Rhode Island Attorney General election,Total,,,352997,100.0,False,False
2022,Rhode Island,RI,state treasurer,2022 Rhode Island General Treasurer election,Winning,James Diossa,Democratic,190775,54.33,True,False
2022,Rhode Island,RI,state treasurer,2022 Rhode Island General Treasurer election,Candidate,James Lathrop,Republican,159834,45.51,False,False
2022,Rhode Island,RI,state treasurer,2022 Rhode Island General Treasurer election,Write-in,,,555,0.16,False,False
2022,Rhode Island,RI,state treasurer,2022 Rhode Island General Treasurer election,Total,,,351164,100.0,False,False
2022,Rhode Island,RI,secretary of state,2022 Rhode Island Secretary of State election,Winning,Gregg Amore,Democratic,208981,59.54,True,False
2022,Rhode Island,RI,secretary of state,2022 Rhode Island Secretary of State election,Candidate,Pat Cortellessa,Republican,141457,40.31,False,False
2022,Rhode Island,RI,secretary of state,2022 Rhode Island Secretary of State election,Write-in,,,527,0.15,False,False
2022,Rhode Island,RI,secretary of state,2022 Rhode Island Secretary of State election,Total,,,350965,100.0,False,False
2022,Rhode Island,RI,governor,2022 Rhode Island gubernatorial election,Winning,Dan McKee,Democratic,207166,57.92,True,True
2022,Rhode Island,RI,governor,2022 Rhode Island gubernatorial election,Candidate,Ashley Kalus,Republican,139001,38.86,False,False
2022,Rhode Island,RI,governor,2022 Rhode Island gubernatorial election,Candidate,Zachary Hurwitz,Independent,4512,1.26,False,False
2022,Rhode Island,RI,governor,2022 Rhode Island gubernatorial election,Candidate,Paul Rianna Jr.,Independent,3123,0.87,False,False
2022,Rhode Island,RI,governor,2022 Rhode Island gubernatorial election,Candidate,Elijah Gizzarelli,Libertarian,2811,0.79,False,False
2022,Rhode Island,RI,governor,2022 Rhode Island gubernatorial election,Write-in,,,1057,0.3,False,False
2022,Rhode Island,RI,governor,2022 Rhode Island gubernatorial election,Total,,,357670,100.0,False,False
2022,South Carolina,SC,attorney general,2022 South Carolina Attorney General election,Winning,Alan Wilson,Republican,1223080,97.32,True,True
2022,South Carolina,SC,attorney general,2022 South Carolina Attorney General election,Candidate,Write-in,Write-ins,33709,2.68,False,False
2022,South Carolina,SC,attorney general,2022 South Carolina Attorney General election,Total,,,1256789,100.0,False,False
2022,South Carolina,SC,secretary of state,2022 South Carolina Secretary of State election,Winning,Mark Hammond,Republican,1071451,63.33,True,True
2022,South Carolina,SC,secretary of state,2022 South Carolina Secretary of State election,Candidate,Rosemounda Peggy Butler,Democratic,619341,36.61,False,False
2022,South Carolina,SC,secretary of state,2022 South Carolina Secretary of State election,Write-in,,,1109,0.07,False,False
2022,South Carolina,SC,secretary of state,2022 South Carolina Secretary of State election,Total,,,1691901,100.0,False,False
2022,South Carolina,SC,state treasurer,2022 South Carolina Treasurer election,Winning,Curtis Loftis,Republican,1129961,79.67,True,True
2022,South Carolina,SC,state treasurer,2022 South Carolina Treasurer election,Candidate,Sarah E. Work,Alliance,281,19.86,False,False
2022,South Carolina,SC,state treasurer,2022 South Carolina Treasurer election,Candidate,Write-in,,6630,0.47,False,False
2022,South Carolina,SC,state treasurer,2022 South Carolina Treasurer election,Total,,,1418286,100.0,False,False
2022,South Carolina,SC,governor,2022 South Carolina gubernatorial election,Winning,Henry McMaster,Republican,988501,58.04,True,True
2022,South Carolina,SC,governor,2022 South Carolina gubernatorial election,Candidate,Joe Cunningham,Democratic,692691,40.67,False,False
2022,South Carolina,SC,governor,2022 South Carolina gubernatorial election,Candidate,Morgan Bruce Reeves,Libertarian,20826,1.22,False,False
2022,South Carolina,SC,governor,2022 South Carolina gubernatorial election,Write-in,,,1174,0.07,False,False
2022,South Carolina,SC,governor,2022 South Carolina gubernatorial election,Total,,,1703192,100.0,False,False
2022,South Dakota,SD,attorney general,2022 South Dakota Attorney General election,Winning,Marty Jackley,Republican,257419,100.0,True,False
2022,South Dakota,SD,attorney general,2022 South Dakota Attorney General election,Total,,,257419,100.0,False,False
2022,South Dakota,SD,secretary of state,2022 South Dakota Secretary of State election,Winning,Monae Johnson,Republican,212348,63.9,True,False
2022,South Dakota,SD,secretary of state,2022 South Dakota Secretary of State election,Candidate,Thomas Cool,Democratic,119975,36.1,False,False
2022,South Dakota,SD,secretary of state,2022 South Dakota Secretary of State election,Total,,,332323,100.0,False,False
2022,South Dakota,SD,state treasurer,2022 South Dakota State Treasurer election,Winning,Josh Haeder,Republican,219334,67.02,True,True
2022,South Dakota,SD,state treasurer,2022 South Dakota State Treasurer election,Candidate,John Cunningham,Democratic,107916,32.98,False,False
2022,South Dakota,SD,state treasurer,2022 South Dakota State Treasurer election,Total,,,327250,100.0,False,False
2022,South Dakota,SD,governor,2022 South Dakota gubernatorial election,Winning,Kristi Noem,Republican,217035,61.98,True,True
2022,South Dakota,SD,governor,2022 South Dakota gubernatorial election,Candidate,Jamie Smith,Democratic,123148,35.17,False,False
2022,South Dakota,SD,governor,2022 South Dakota gubernatorial election,Candidate,Tracey Quint,Libertarian,9983,2.85,False,False
2022,South Dakota,SD,governor,2022 South Dakota gubernatorial election,Total,,,350166,100.0,False,False
2022,Tennessee,TN,governor,2022 Tennessee gubernatorial election,Winning,Bill Lee,Republican,1129390,64.91,True,True
2022,Tennessee,TN,governor,2022 Tennessee gubernatorial election,Candidate,Jason Martin,Democratic,572818,32.92,False,False
2022,Tennessee,TN,governor,2022 Tennessee gubernatorial election,Candidate,John Gentry,Independent,15395,0.89,False,False
2022,Tennessee,TN,governor,2022 Tennessee gubernatorial election,Candidate,Constance Every,Independent,10277,0.59,False,False
2022,Tennessee,TN,governor,2022 Tennessee gubernatorial election,Candidate,Deborah Rouse,Independent,3772,0.22,False,False
2022,Tennessee,TN,governor,2022 Tennessee gubernatorial election,Candidate,Rick Tyler,Independent,2380,0.14,False,False
2022,Tennessee,TN,governor,2022 Tennessee gubernatorial election,Candidate,Charles Van Morgan,Independent,1862,0.11,False,False
2022,Tennessee,TN,governor,2022 Tennessee gubernatorial election,Candidate,Basil Marceaux,Independent,1568,0.09,False,False
2022,Tennessee,TN,governor,2022 Tennessee gubernatorial election,Candidate,Alfred O'Neil,Independent,1216,0.07,False,False
2022,Tennessee,TN,governor,2022 Tennessee gubernatorial election,Candidate,Michael Scantland,Independent,815,0.05,False,False
2022,Tennessee,TN,governor,2022 Tennessee gubernatorial election,Candidate,Lemichael D. Wilson,Write-in Candidate,386,0.02,False,False
2022,Tennessee,TN,governor,2022 Tennessee gubernatorial election,Candidate,Charles Carney,Write-in Candidate,2,0.0,False,False
2022,Tennessee,TN,governor,2022 Tennessee gubernatorial election,Candidate,Stephen C. Maxwell,Write-in Candidate,1,0.0,False,False
2022,Tennessee,TN,governor,2022 Tennessee gubernatorial election,Candidate,Kameron Parker Scott,Write-in Candidate,0,0.0,False,False
2022,Tennessee,TN,governor,2022 Tennessee gubernatorial election,Total,,,1739882,100.0,False,False
2022,Texas,TX,attorney general,2022 Texas Attorney General election,Winning,Ken Paxton,Republican,4278986,53.42,True,True
2022,Texas,TX,attorney general,2022 Texas Attorney General election,Candidate,Rochelle Garza,Democratic,3497267,43.66,False,False
2022,Texas,TX,attorney general,2022 Texas Attorney General election,Candidate,Mark Ash,Libertarian,233750,2.92,False,False
2022,Texas,TX,attorney general,2022 Texas Attorney General election,Total,,,8010003,100.0,False,False
2022,Texas,TX,governor,2022 Texas gubernatorial election,Winning,Greg Abbott,Republican,4435558,54.75,True,True
2022,Texas,TX,governor,2022 Texas gubernatorial election,Candidate,Beto O'Rourke,Democratic,3553656,43.86,False,False
2022,Texas,TX,governor,2022 Texas gubernatorial election,Candidate,Mark Tippetts,Libertarian,81932,1.01,False,False
2022,Texas,TX,governor,2022 Texas gubernatorial election,Candidate,Delilah Barrios,Green,28584,0.35,False,False
2022,Texas,TX,governor,2022 Texas gubernatorial election,Candidate,Jacqueline Abernathy,Solidarity,1243,0.02,False,False
2022,Texas,TX,governor,2022 Texas gubernatorial election,Total,,,8101994,100.0,False,False
2022,Vermont,VT,attorney general,Republican primary results,Winning,Charity Clark,Democratic,179098,65.1,True,False
2022,Vermont,VT,attorney general,Republican primary results,Candidate,Mike Tagliavia,Republican,95661,34.8,False,False
2022,Vermont,VT,attorney general,Republican primary results,Write-in,,,467,0.2,False,False
2022,Vermont,VT,attorney general,Republican primary results,Total,,,275226,100.0,False,False
2022,Vermont,VT,secretary of state,2022 Vermont Secretary of State election,Winning,Sarah Copeland Hanzas,Democratic,179087,65.03,True,False
2022,Vermont,VT,secretary of state,2022 Vermont Secretary of State election,Candidate,H. Brooke Paige,Republican,95666,34.74,False,False
2022,Vermont,VT,secretary of state,2022 Vermont Secretary of State election,Write-in,,,626,0.23,False,False
2022,Vermont,VT,secretary of state,2022 Vermont Secretary of State election,Total,,,275379,100.0,False,False
2022,Vermont,VT,governor,2022 Vermont gubernatorial election,Winning,Phil Scott,Republican,202147,70.91,True,True
2022,Vermont,VT,governor,2022 Vermont gubernatorial election,Candidate,Brenda Siegel,Democratic/progressive,68248,23.94,False,False
2022,Vermont,VT,governor,2022 Vermont gubernatorial election,Candidate,Kevin Hoyt,Independent,6022,2.06,False,False
2022,Vermont,VT,governor,2022 Vermont gubernatorial election,Candidate,Peter Duval,Independent,4723,1.62,False,False
2022,Vermont,VT,governor,2022 Vermont gubernatorial election,Candidate,Bernard Peters,Independent,2315,0.79,False,False
2022,Vermont,VT,governor,2022 Vermont gubernatorial election,Write-in,,,1346,0.46,False,False
2022,Vermont,VT,governor,2022 Vermont gubernatorial election,Total,,,284801,100.0,False,False
2022,Wisconsin,WI,attorney general,2022 Wisconsin Attorney General election,Winning,Josh Kaul,Democratic,1333369,50.64,True,True
2022,Wisconsin,WI,attorney general,2022 Wisconsin Attorney General election,Candidate,Eric Toney,Republican,1298369,49.31,False,False
2022,Wisconsin,WI,attorney general,2022 Wisconsin Attorney General election,Write-in,,,1539,0.06,False,False
2022,Wisconsin,WI,attorney general,2022 Wisconsin Attorney General election,Total,,,2633277,100.0,False,False
2022,Wisconsin,WI,secretary of state,2022 Wisconsin Secretary of State election,Winning,Doug La Follette,Democratic,1268748,48.3,True,True
2022,Wisconsin,WI,secretary of state,2022 Wisconsin Secretary of State election,Candidate,Amy Loudenbeck,Republican,1261306,48.01,False,False
2022,Wisconsin,WI,secretary of state,2022 Wisconsin Secretary of State election,Candidate,Neil Harmon,Libertarian,54413,2.07,False,False
2022,Wisconsin,WI,secretary of state,2022 Wisconsin Secretary of State election,Candidate,Sharyl R. McFarland,Green,41532,1.58,False,False
2022,Wisconsin,WI,secretary of state,2022 Wisconsin Secretary of State election,Write-in,,,944,0.04,False,False
2022,Wisconsin,WI,secretary of state,2022 Wisconsin Secretary of State election,Total,,,2626943,100.0,False,False
2022,Wisconsin,WI,state treasurer,2022 Wisconsin State Treasurer election,Winning,John Leiber,Republican,1293553,49.62,True,False
2022,Wisconsin,WI,state treasurer,2022 Wisconsin State Treasurer election,Candidate,Aaron Richardson,Democratic,1254949,48.14,False,False
2022,Wisconsin,WI,state treasurer,2022 Wisconsin State Treasurer election,Candidate,Andrew Zuelke,Constitution,57333,2.2,False,False
2022,Wisconsin,WI,state treasurer,2022 Wisconsin State Treasurer election,Write-in,,,1268,0.05,False,False
2022,Wisconsin,WI,state treasurer,2022 Wisconsin State Treasurer election,Total,,,2607103,100.0,False,False
2022,Wisconsin,WI,governor,2022 Wisconsin gubernatorial election,Winning,Tony Evers,Democratic,1358774,51.15,True,True
2022,Wisconsin,WI,governor,2022 Wisconsin gubernatorial election,Candidate,Tim Michels,Republican,1268535,47.75,False,False
2022,Wisconsin,WI,governor,2022 Wisconsin gubernatorial election,Candidate,Joan Ellis Beglinger (withdrawn),Independent,27198,1.02,False,False
2022,Wisconsin,WI,governor,2022 Wisconsin gubernatorial election,Write-in,,,1983,0.07,False,False
2022,Wisconsin,WI,governor,2022 Wisconsin gubernatorial election,Total,,,2656490,100.0,False,False
2022,Wyoming,WY,governor,2022 Wyoming gubernatorial election,Winning,Mark Gordon,Republican,143696,74.07,True,True
2022,Wyoming,WY,governor,2022 Wyoming gubernatorial election,Candidate,Theresa Livingston,Democratic,30686,15.82,False,False
2022,Wyoming,WY,governor,2022 Wyoming gubernatorial election,Candidate,Jared Baldes,Libertarian,8157,4.2,False,False
2022,Wyoming,WY,governor,2022 Wyoming gubernatorial election,Write-in,,,11461,5.91,False,False
2022,Wyoming,WY,governor,2022 Wyoming gubernatorial election,Total,,,194000,100.0,False,False
2023,Kentucky,KY,attorney general,2023 Kentucky Attorney General election,Winning,Russell Coleman,Republican,752692,58.01,True,False
2023,Kentucky,KY,attorney general,2023 Kentucky Attorney General election,Candidate,Pamela Stevenson,Democratic,544748,41.99,False,False
2023,Kentucky,KY,attorney general,2023 Kentucky Attorney General election,Total,,,1297440,100.0,False,False
2023,Kentucky,KY,secretary of state,2023 Kentucky Secretary of State election,Winning,Michael Adams,Republican,785237,60.6,True,True
2023,Kentucky,KY,secretary of state,2023 Kentucky Secretary of State election,Candidate,Buddy Wheatley,Democratic,510090,39.36,False,False
2023,Kentucky,KY,secretary of state,2023 Kentucky Secretary of State election,Write-in,,,518,0.04,False,False
2023,Kentucky,KY,secretary of state,2023 Kentucky Secretary of State election,Total,,,1295845,100.0,False,False
2023,Kentucky,KY,governor,2023 Kentucky gubernatorial election,Winning,Andy Beshear,Democratic,694482,52.53,True,True
2023,Kentucky,KY,governor,2023 Kentucky gubernatorial election,Candidate,Daniel Cameron,Republican,627457,47.46,False,False
2023,Kentucky,KY,governor,2023 Kentucky gubernatorial election,Candidate,Brian Fishback,Write-in,83,0.01,False,False
2023,Kentucky,KY,governor,2023 Kentucky gubernatorial election,Total,,,1322022,100.0,False,False
2023,Louisiana,LA,attorney general,2023 Louisiana Attorney General runoff,Winning,Liz Murrill,Republican,444081,66.37,True,False
2023,Louisiana,LA,attorney general,2023 Louisiana Attorney General runoff,Candidate,Lindsey Cheek,Democratic,225011,33.63,False,False
2023,Louisiana,LA,attorney general,2023 Louisiana Attorney General runoff,Total,,,669092,100.0,False,False
2023,Mississippi,MS,attorney general,2023 Mississippi Attorney General election,Winning,Lynn Fitch,Republican,470870,58.07,True,True
2023,Mississippi,MS,attorney general,2023 Mississippi Attorney General election,Candidate,Greta Kemp Martin,Democratic,339948,41.93,False,False
2023,Mississippi,MS,attorney general,2023 Mississippi Attorney General election,Total,,,810818,100.0,False,False
2023,Mississippi,MS,governor,2023 Mississippi gubernatorial election,Winning,Tate Reeves,Republican,418233,50.94,True,True
2023,Mississippi,MS,governor,2023 Mississippi gubernatorial election,Candidate,Brandon Presley,Democratic,391614,47.7,False,False
2023,Mississippi,MS,governor,2023 Mississippi gubernatorial election,Candidate,Gwendolyn Gray (withdrawn),Independent,11153,1.36,False,False
2023,Mississippi,MS,governor,2023 Mississippi gubernatorial election,Total,,,821000,100.0,False,False
2024,Delaware,DE,governor,2024 Delaware gubernatorial election,Winning,Matt Meyer,Democratic,279585,56.07,True,False
2024,Delaware,DE,governor,2024 Delaware gubernatorial election,Candidate,Mike Ramone,Republican,219050,43.93,False,False
2024,Delaware,DE,governor,2024 Delaware gubernatorial election,Total,,,498635,100.0,False,False
2024,Indiana,IN,attorney general,2024 Indiana Attorney General election,Winning,Todd Rokita,Republican,1669586,58.83,True,True
2024,Indiana,IN,attorney general,2024 Indiana Attorney General election,Candidate,Destiny Wells,Democratic,1168512,41.17,False,False
2024,Indiana,IN,attorney general,2024 Indiana Attorney General election,Total,,,2838098,100.0,False,False
2024,Indiana,IN,governor,2024 Indiana gubernatorial election,Winning,Mike Braun Micah Beckwith,Republican,1566081,54.38,True,False
2024,Indiana,IN,governor,2024 Indiana gubernatorial election,Candidate,Jennifer McCormick Terry Goodin,Democratic,1183741,41.11,False,False
2024,Indiana,IN,governor,2024 Indiana gubernatorial election,Candidate,Donald Rainwater Tonya Hudson,Libertarian,129781,4.51,False,False
2024,Indiana,IN,governor,2024 Indiana gubernatorial election,Candidate,Write-ins,Write-ins,52,0.0,False,False
2024,Indiana,IN,governor,2024 Indiana gubernatorial election,Total,,,2879655,100.0,False,False
2024,Missouri,MO,attorney general,2024 Missouri Attorney General election,Winning,Andrew Bailey,Republican,1739626,59.78,True,True
2024,Missouri,MO,attorney general,2024 Missouri Attorney General election,Candidate,Elad Gross,Democratic,1103482,37.92,False,False
2024,Missouri,MO,attorney general,2024 Missouri Attorney General election,Candidate,Ryan Munro,Libertarian,66878,2.3,False,False
2024,Missouri,MO,attorney general,2024 Missouri Attorney General election,Total,,,2909986,100.0,False,False
2024,Missouri,MO,secretary of state,2024 Missouri Secretary of State election,Winning,Denny Hoskins,Republican,1677902,57.66,True,False
2024,Missouri,MO,secretary of state,2024 Missouri Secretary of State election,Candidate,Barbara Phifer,Democratic,1154090,39.66,False,False
2024,Missouri,MO,secretary of state,2024 Missouri Secretary of State election,Candidate,Carl Freese,Libertarian,49113,1.69,False,False
2024,Missouri,MO,secretary of state,2024 Missouri Secretary of State election,Candidate,Jerome Bauer,Green,29012,1.0,False,False
2024,Missouri,MO,secretary of state,2024 Missouri Secretary of State election,Total,,,2910117,100.0,False,False
2024,Missouri,MO,state treasurer,2024 Missouri State Treasurer election,Winning,Vivek Malek,Republican,1684714,57.93,True,True
2024,Missouri,MO,state treasurer,2024 Missouri State Treasurer election,Candidate,Mark Osmack,Democratic,1106236,38.04,False,False
2024,Missouri,MO,state treasurer,2024 Missouri State Treasurer election,Candidate,John Hartwig,Libertarian,81443,2.8,False,False
2024,Missouri,MO,state treasurer,2024 Missouri State Treasurer election,Candidate,Reagan Haas,Green,35745,1.23,False,False
2024,Missouri,MO,state treasurer,2024 Missouri State Treasurer election,Total,,,2908138,100.0,False,False
2024,Missouri,MO,governor,2024 Missouri gubernatorial election,Winning,Mike Kehoe,Republican,1750802,59.14,True,False
2024,Missouri,MO,governor,2024 Missouri gubernatorial election,Candidate,Crystal Quade,Democratic,1146173,38.72,False,False
2024,Missouri,MO,governor,2024 Missouri gubernatorial election,Candidate,Bill Slantz,Libertarian,40908,1.38,False,False
2024,Missouri,MO,governor,2024 Missouri gubernatorial election,Candidate,Paul Lehmann,Green,22359,0.76,False,False
2024,Missouri,MO,governor,2024 Missouri gubernatorial election,Write-in,,,24,0.0,False,False
2024,Missouri,MO,governor,2024 Missouri gubernatorial election,Total,,,2960266,100.0,False,False
2024,Montana,MT,attorney general,2024 Montana Attorney General election,Winning,Austin Knudsen,Republican,352682,59.71,True,True
2024,Montana,MT,attorney general,2024 Montana Attorney General election,Candidate,Ben Alke,Democratic,237928,40.29,False,False
2024,Montana,MT,attorney general,2024 Montana Attorney General election,Total,,,590610,100.0,False,False
2024,Montana,MT,secretary of state,2024 Montana Secretary of State election,Winning,Christi Jacobsen,Republican,364319,61.39,True,True
2024,Montana,MT,secretary of state,2024 Montana Secretary of State election,Candidate,Jesse Mullen,Democratic,210651,35.49,False,False
2024,Montana,MT,secretary of state,2024 Montana Secretary of State election,Candidate,John Lamb,Libertarian,18500,3.12,False,False
2024,Montana,MT,secretary of state,2024 Montana Secretary of State election,Total,,,593470,100.0,False,False
2024,Montana,MT,governor,2024 Montana gubernatorial election,Winning,Greg Gianforte,Republican,354569,58.86,True,True
2024,Montana,MT,governor,2024 Montana gubernatorial election,Candidate,Ryan Busse,Democratic,232644,38.62,False,False
2024,Montana,MT,governor,2024 Montana gubernatorial election,Candidate,Kaiser Leib,Libertarian,15191,2.52,False,False
2024,Montana,MT,governor,2024 Montana gubernatorial election,Total,,,602404,100.0,False,False
2024,New Hampshire,NH,governor,2024 New Hampshire gubernatorial election,Winning,Kelly Ayotte,Republican,436122,53.61,True,False
2024,New Hampshire,NH,governor,2024 New Hampshire gubernatorial election,Candidate,Joyce Craig,Democratic,360149,44.27,False,False
2024,New Hampshire,NH,governor,2024 New Hampshire gubernatorial election,Candidate,Stephen Villee,Libertarian,16202,1.99,False,False
2024,New Hampshire,NH,governor,2024 New Hampshire gubernatorial election,Write-in,,,1024,0.13,False,False
2024,New Hampshire,NH,governor,2024 New Hampshire gubernatorial election,Total,,,813497,100.0,False,False
2024,North Carolina,NC,attorney general,2024 North Carolina Attorney General election,Winning,Jeff Jackson,Democratic,2874960,51.43,True,False
2024,North Carolina,NC,attorney general,2024 North Carolina Attorney General election,Candidate,Dan Bishop,Republican,2715411,48.57,False,False
2024,North Carolina,NC,attorney general,2024 North Carolina Attorney General election,Total,,,5590371,100.0,False,False
2024,North Carolina,NC,secretary of state,2024 North Carolina Secretary of State election,Winning,Elaine Marshall,Democratic,2837994,51.04,True,True
2024,North Carolina,NC,secretary of state,2024 North Carolina Secretary of State election,Candidate,Chad Brown,Republican,2722794,48.96,False,False
2024,North Carolina,NC,secretary of state,2024 North Carolina Secretary of State election,Total,,,5560788,100.0,False,False
2024,North Carolina,NC,state treasurer,2024 North Carolina State Treasurer election,Winning,Brad Briner,Republican,2900059,52.45,True,False
2024,North Carolina,NC,state treasurer,2024 North Carolina State Treasurer election,Candidate,Wesley Harris,Democratic,2629444,47.55,False,False
2024,North Carolina,NC,state treasurer,2024 North Carolina State Treasurer election,Total,,,5529503,100.0,False,False
2024,North Carolina,NC,governor,2024 North Carolina gubernatorial election,Winning,Josh Stein,Democratic,3069496,54.9,True,False
2024,North Carolina,NC,governor,2024 North Carolina gubernatorial election,Candidate,Mark Robinson,Republican,2241309,40.08,False,False
2024,North Carolina,NC,governor,2024 North Carolina gubernatorial election,Candidate,Mike Ross,Libertarian,176392,3.15,False,False
2024,North Carolina,NC,governor,2024 North Carolina gubernatorial election,Candidate,Vinny Smith,Constitution,54738,0.98,False,False
2024,North Carolina,NC,governor,2024 North Carolina gubernatorial election,Candidate,Wayne Turner,Green,49612,0.89,False,False
2024,North Carolina,NC,governor,2024 North Carolina gubernatorial election,Total,,,5591547,100.0,False,False
2024,North Dakota,ND,state treasurer,2024 North Dakota State Treasurer election,Winning,Thomas Beadle,Republican,303730,98.08,True,True
2024,North Dakota,ND,state treasurer,2024 North Dakota State Treasurer election,Write-in,,,5952,1.92,False,False
2024,North Dakota,ND,state treasurer,2024 North Dakota State Treasurer election,Total,,,309682,100.0,False,False
2024,North Dakota,ND,governor,2024 North Dakota gubernatorial election,Winning,Kelly Armstrong Michelle Strinden,Republican,247056,68.26,True,False
2024,North Dakota,ND,governor,2024 North Dakota gubernatorial election,Candidate,Merrill Piepkorn Patrick Hart,North Dakota Democratic–nonpartisan League,94043,25.98,False,False
2024,North Dakota,ND,governor,2024 North Dakota gubernatorial election,Candidate,Michael Coachman Lydia Gessele,Independent,20322,5.61,False,False
2024,North Dakota,ND,governor,2024 North Dakota gubernatorial election,Write-in,,,530,0.15,False,False
2024,North Dakota,ND,governor,2024 North Dakota gubernatorial election,Total,,,361951,100.0,False,False
2024,Oregon,OR,attorney general,2024 Oregon Attorney General election,Winning,Dan Rayfield,Democratic,1156489,54.37,True,False
2024,Oregon,OR,attorney general,2024 Oregon Attorney General election,Candidate,Will Lathrop,Republican,967964,45.51,False,False
2024,Oregon,OR,attorney general,2024 Oregon Attorney General election,Write-in,,,2612,0.12,False,False
2024,Oregon,OR,attorney general,2024 Oregon Attorney General election,Total,,,2127065,100.0,False,False
2024,Oregon,OR,secretary of state,2024 Oregon Secretary of State election,Winning,Tobias Read,Democratic,1166447,54.45,True,False
2024,Oregon,OR,secretary of state,2024 Oregon Secretary of State election,Candidate,Dennis Linthicum,Republican,897704,41.9,False,False
2024,Oregon,OR,secretary of state,2024 Oregon Secretary of State election,Candidate,Nathalie Paravicini,Green,76170,3.56,False,False
2024,Oregon,OR,secretary of state,2024 Oregon Secretary of State election,Write-in,,,2011,0.09,False,False
2024,Oregon,OR,secretary of state,2024 Oregon Secretary of State election,Total,,,2142332,100.0,False,False
2024,Oregon,OR,state treasurer,2024 Oregon State Treasurer election,Winning,Elizabeth Steiner,Democratic,1050119,49.36,True,False
2024,Oregon,OR,state treasurer,2024 Oregon State Treasurer election,Candidate,Brian Boquist,Republican,919794,43.24,False,False
2024,Oregon,OR,state treasurer,2024 Oregon State Treasurer election,Candidate,Mary King,Families,155473,7.31,False,False
2024,Oregon,OR,state treasurer,2024 Oregon State Treasurer election,Write-in,,,1882,0.09,False,False
2024,Oregon,OR,state treasurer,2024 Oregon State Treasurer election,Total,,,2127268,100.0,False,False
2024,Pennsylvania,PA,attorney general,2024 Pennsylvania Attorney General election,Winning,Dave Sunday,Republican,3496679,50.81,True,False
2024,Pennsylvania,PA,attorney general,2024 Pennsylvania Attorney General election,Candidate,Eugene DePasquale,Democratic,3179376,46.2,False,False
2024,Pennsylvania,PA,attorney general,2024 Pennsylvania Attorney General election,Candidate,Rob Cowburn,Libertarian,88835,1.29,False,False
2024,Pennsylvania,PA,attorney general,2024 Pennsylvania Attorney General election,Candidate,Richard Weiss,Green,68046,0.99,False,False
2024,Pennsylvania,PA,attorney general,2024 Pennsylvania Attorney General election,Candidate,Justin Magill,Constitution,31282,0.45,False,False
2024,Pennsylvania,PA,attorney general,2024 Pennsylvania Attorney General election,Candidate,Eric Settle,Forward,18151,0.26,False,False
2024,Pennsylvania,PA,attorney general,2024 Pennsylvania Attorney General election,Total,,,6882369,100.0,False,False
2024,Pennsylvania,PA,state treasurer,2024 Pennsylvania State Treasurer election,Winning,Stacy Garrity,Republican,3542336,51.91,True,True
2024,Pennsylvania,PA,state treasurer,2024 Pennsylvania State Treasurer election,Candidate,Erin McClelland,Democratic,3115393,45.65,False,False
2024,Pennsylvania,PA,state treasurer,2024 Pennsylvania State Treasurer election,Candidate,Nick Ciesielski,Libertarian,99228,1.45,False,False
2024,Pennsylvania,PA,state treasurer,2024 Pennsylvania State Treasurer election,Candidate,Troy Bowman,Constitution,40886,0.6,False,False
2024,Pennsylvania,PA,state treasurer,2024 Pennsylvania State Treasurer election,Candidate,Chris Foster,Forward,26753,0.39,False,False
2024,Pennsylvania,PA,state treasurer,2024 Pennsylvania State Treasurer election,Total,,,6824596,100.0,False,False
2024,Utah,UT,attorney general,2024 Utah Attorney General election,Winning,Derek Brown,Republican,838445,57.84,True,False
2024,Utah,UT,attorney general,2024 Utah Attorney General election,Candidate,Rudy Bautista,Democratic,401234,27.68,False,False
2024,Utah,UT,attorney general,2024 Utah Attorney General election,Candidate,Michelle Quist,Utah,103831,7.16,False,False
2024,Utah,UT,attorney general,2024 Utah Attorney General election,Candidate,Andrew McCullough,Libertarian,55932,3.86,False,False
2024,Utah,UT,attorney general,2024 Utah Attorney General election,Candidate,Austin Hepworth,Independent,50053,3.45,False,False
2024,Utah,UT,attorney general,2024 Utah Attorney General election,Total,,,1449495,100.0,False,False
2024,Utah,UT,state treasurer,2024 Utah State Treasurer election,Winning,Marlo Oaks,Republican,920760,64.94,True,True
2024,Utah,UT,state treasurer,2024 Utah State Treasurer election,Candidate,Neil Hansen,Democratic,420883,29.68,False,False
2024,Utah,UT,state treasurer,2024 Utah State Treasurer election,Candidate,Miles Pomeroy,Forward,76212,5.38,False,False
2024,Utah,UT,state treasurer,2024 Utah State Treasurer election,Total,,,1417855,100.0,False,False
2024,Utah,UT,governor,2024 Utah gubernatorial election,Winning,Spencer Cox,Republican,781431,52.89,True,True
2024,Utah,UT,governor,2024 Utah gubernatorial election,Candidate,Brian King,Democratic,420514,28.46,False,False
2024,Utah,UT,governor,2024 Utah gubernatorial election,Candidate,Phil Lyman,Write-in Candidate,200551,13.57,False,False
2024,Utah,UT,governor,2024 Utah gubernatorial election,Candidate,J. Robert Latham,Libertarian,41164,2.79,False,False
2024,Utah,UT,governor,2024 Utah gubernatorial election,Candidate,Tommy Williams,Independent American,27480,1.86,False,False
2024,Utah,UT,governor,2024 Utah gubernatorial election,Candidate,Tom Tomeny,Independent,5792,0.39,False,False
2024,Utah,UT,governor,2024 Utah gubernatorial election,Candidate,Charlie Tautuaa,Write-in Candidate,525,0.04,False,False
2024,Utah,UT,governor,2024 Utah gubernatorial election,Total,,,1477457,100.0,False,False
2024,Vermont,VT,attorney general,2024 Vermont Attorney General election,Winning,Charity Clark,Democratic,200711,57.82,True,True
2024,Vermont,VT,attorney general,2024 Vermont Attorney General election,Candidate,Ture Nelson,Republican,128798,37.1,False,False
2024,Vermont,VT,attorney general,2024 Vermont Attorney General election,Candidate,Kevin Gustafson,Justice,17159,4.94,False,False
2024,Vermont,VT,attorney general,2024 Vermont Attorney General election,Write-in,,,490,0.13,False,False
2024,Vermont,VT,attorney general,2024 Vermont Attorney General election,Total,,,347158,100.0,False,False
2024,Vermont,VT,secretary of state,2024 Vermont Secretary of State Election,Winning,Sarah Copeland Hanzas,Democratic,205378,59.61,True,True
2024,Vermont,VT,secretary of state,2024 Vermont Secretary of State Election,Candidate,H. Brooke Paige,Republican,138673,40.25,False,False
2024,Vermont,VT,secretary of state,2024 Vermont Secretary of State Election,Write-in,,,473,0.14,False,False
2024,Vermont,VT,secretary of state,2024 Vermont Secretary of State Election,Total,,,344524,100.0,False,False
2024,Vermont,VT,state treasurer,2024 Vermont State Treasurer election,Winning,Mike Pieciak,Democratic,211134,60.79,True,True
2024,Vermont,VT,state treasurer,2024 Vermont State Treasurer election,Candidate,Joshua Bechhoefer,Republican,135763,39.09,False,False
2024,Vermont,VT,state treasurer,2024 Vermont State Treasurer election,Write-in,,,415,0.12,False,False
2024,Vermont,VT,state treasurer,2024 Vermont State Treasurer election,Total,,,347312,100.0,False,False
2024,Vermont,VT,governor,2024 Vermont gubernatorial election,Winning,Phil Scott,Republican,266439,73.43,True,True
2024,Vermont,VT,governor,2024 Vermont gubernatorial election,Candidate,Esther Charlestin,Democratic/progressive,79217,21.83,False,False
2024,Vermont,VT,governor,2024 Vermont gubernatorial election,Candidate,Kevin Hoyt,Independent,9368,2.58,False,False
2024,Vermont,VT,governor,2024 Vermont gubernatorial election,Candidate,June Goodband,Justice,4512,1.24,False,False
2024,Vermont,VT,governor,2024 Vermont gubernatorial election,Candidate,"Eli ""Poa"" Mutino",Independent,2414,0.67,False,False
2024,Vermont,VT,governor,2024 Vermont gubernatorial election,Write-in,,,891,0.25,False,False
2024,Vermont,VT,governor,2024 Vermont gubernatorial election,Total,,,362841,100.0,False,False
2024,Washington,WA,attorney general,2024 Washington Attorney General election,Winning,Nick Brown,Democratic,2093570,55.58,True,False
2024,Washington,WA,attorney general,2024 Washington Attorney General election,Candidate,Pete Serrano,Republican,1669884,44.33,False,False
2024,Washington,WA,attorney general,2024 Washington Attorney General election,Write-in,,,3616,0.1,False,False
2024,Washington,WA,attorney general,2024 Washington Attorney General election,Total,,,3767070,100.0,False,False
2024,Washington,WA,secretary of state,2024 Washington Secretary of State election,Winning,Steve Hobbs,Democratic,2234420,59.2,True,True
2024,Washington,WA,secretary of state,2024 Washington Secretary of State election,Candidate,Dale Whitaker,Republican,1535977,40.7,False,False
2024,Washington,WA,secretary of state,2024 Washington Secretary of State election,Write-in,,,3958,0.1,False,False
2024,Washington,WA,secretary of state,2024 Washington Secretary of State election,Total,,,3774355,100.0,False,False
2024,Washington,WA,state treasurer,2024 Washington State Treasurer election,Winning,Mike Pellicciotti,Democratic,2148764,57.26,True,True
2024,Washington,WA,state treasurer,2024 Washington State Treasurer election,Candidate,Sharon Hanek,Republican,1600370,42.65,False,False
2024,Washington,WA,state treasurer,2024 Washington State Treasurer election,Write-in,,,3261,0.09,False,False
2024,Washington,WA,state treasurer,2024 Washington State Treasurer election,Total,,,3752395,100.0,False,False
2024,Washington,WA,governor,2024 Washington gubernatorial election,Winning,Bob Ferguson,Democratic,2143368,55.51,True,False
2024,Washington,WA,governor,2024 Washington gubernatorial election,Candidate,Dave Reichert,Republican,1709818,44.28,False,False
2024,Washington,WA,governor,2024 Washington gubernatorial election,Write-in,,,8202,0.21,False,False
2024,Washington,WA,governor,2024 Washington gubernatorial election,Total,,,3861388,100.0,False,False
2024,West Virginia,WV,attorney general,2024 West Virginia Attorney General election,Winning,JB McCuskey,Republican,501452,70.02,True,False
2024,West Virginia,WV,attorney general,2024 West Virginia Attorney General election,Candidate,Teresa Toriseva,Democratic,214654,29.98,False,False
2024,West Virginia,WV,attorney general,2024 West Virginia Attorney General election,Total,,,716106,100.0,False,False
2024,West Virginia,WV,secretary of state,2024 West Virginia Secretary of State election,Winning,Kris Warner,Republican,510992,71.15,True,False
2024,West Virginia,WV,secretary of state,2024 West Virginia Secretary of State election,Candidate,Thornton Cooper,Democratic,207238,28.85,False,False
2024,West Virginia,WV,secretary of state,2024 West Virginia Secretary of State election,Total,,,718230,100.0,False,False
2024,West Virginia,WV,state treasurer,2024 West Virginia State Treasurer election,Winning,Larry Pack,Republican,602718,99.93,True,False
2024,West Virginia,WV,state treasurer,2024 West Virginia State Treasurer election,Write-in,,,444,0.07,False,False
2024,West Virginia,WV,state treasurer,2024 West Virginia State Treasurer election,Total,,,603162,100.0,False,False
2024,West Virginia,WV,governor,2024 West Virginia gubernatorial election,Winning,Patrick Morrisey,Republican,459300,61.99,True,False
2024,West Virginia,WV,governor,2024 West Virginia gubernatorial election,Candidate,Steve Williams,Democratic,233976,31.58,False,False
2024,West Virginia,WV,governor,2024 West Virginia gubernatorial election,Candidate,Erika Kolenich,Libertarian,21228,2.87,False,False
2024,West Virginia,WV,governor,2024 West Virginia gubernatorial election,Candidate,S. Marshall Wilson,Constitution,16828,2.27,False,False
2024,West Virginia,WV,governor,2024 West Virginia gubernatorial election,Candidate,Chase Linko-Looper,Mountain,9596,1.3,False,False
2024,West Virginia,WV,governor,2024 West Virginia gubernatorial election,Write-in,,,10,0.0,False,False
2024,West Virginia,WV,governor,2024 West Virginia gubernatorial election,Total,,,740938,100.0,False,False
2025,New Jersey,NJ,governor,2025 New Jersey gubernatorial election,Winning,Mikie Sherrill Dale Caldwell,Democratic,1896610,56.88,True,False
2025,New Jersey,NJ,governor,2025 New Jersey gubernatorial election,Candidate,Jack Ciattarelli Jim Gannon,Republican,1417705,42.52,False,False
2025,New Jersey,NJ,governor,2025 New Jersey gubernatorial election,Candidate,Vic Kaplan Bruno Pereira,Libertarian,11880,0.36,False,False
2025,New Jersey,NJ,governor,2025 New Jersey gubernatorial election,Candidate,Joanne Kuniansky Craig Honts,Workers,8164,0.24,False,False
2025,New Jersey,NJ,governor,2025 New Jersey gubernatorial election,Total,,,3334359,100.0,False,False
2025,Virginia,VA,governor,2025 Virginia gubernatorial election,Winning,Abigail Spanberger,Democratic,1976857,57.58,True,False
2025,Virginia,VA,governor,2025 Virginia gubernatorial election,Candidate,Winsome Earle-Sears,Republican,1449586,42.22,False,False
2025,Virginia,VA,governor,2025 Virginia gubernatorial election,Write-in,,,6897,0.2,False,False
2025,Virginia,VA,governor,2025 Virginia gubernatorial election,Total,,,3433340,100.0,False,False
2026,Alaska,AK,governor,2026 Alaska's at-large congressional district election,Candidate,Dan S. Sullivan,Republican,,,False,True
2026,Alaska,AK,governor,2026 Alaska's at-large congressional district election,Candidate,Mary Peltola,Democratic,,,False,False
2026,Alaska,AK,governor,2026 Alaska's at-large congressional district election,Candidate,TBD,Republican,,,False,False
2026,Alaska,AK,governor,2026 Alaska's at-large congressional district election,Total,,,,,False,False
2026,Arizona,AZ,attorney general,2026 Arizona Attorney General election,Candidate,Kris Mayes,Democratic,,,False,True
2026,Arizona,AZ,attorney general,2026 Arizona Attorney General election,Candidate,Warren Petersen,Republican,,,False,False
2026,Arizona,AZ,attorney general,2026 Arizona Attorney General election,Total,,,,100.0,False,False
2026,Arizona,AZ,secretary of state,2026 Arizona Secretary of State election,Candidate,Adrian Fontes,Democratic,,,False,True
2026,Arizona,AZ,secretary of state,2026 Arizona Secretary of State election,Candidate,Alexander Kolodin,Republican,,,False,False
2026,Arizona,AZ,secretary of state,2026 Arizona Secretary of State election,Candidate,Duwayne Collier,Green,,,False,False
2026,Arizona,AZ,secretary of state,2026 Arizona Secretary of State election,Total,,,,100.0,False,False
2026,Arizona,AZ,state treasurer,2026 Arizona State Treasurer election,Candidate,Elijah Norton,Republican,,,False,False
2026,Arizona,AZ,state treasurer,2026 Arizona State Treasurer election,Candidate,Nick Mansour,Democratic,,,False,False
2026,Arizona,AZ,state treasurer,2026 Arizona State Treasurer election,Total,,,,100.0,False,False
2026,Arizona,AZ,governor,2026 Arizona gubernatorial election,Candidate,Katie Hobbs,Democratic,,,False,True
2026,Arizona,AZ,governor,2026 Arizona gubernatorial election,Candidate,Andy Biggs,Republican,,,False,False
2026,Arizona,AZ,governor,2026 Arizona gubernatorial election,Candidate,Risa Lombardo,Green,,,False,False
2026,Arizona,AZ,governor,2026 Arizona gubernatorial election,Candidate,Teri Ann Hourihan,Labels,,,False,False
2026,Arizona,AZ,governor,2026 Arizona gubernatorial election,Total,,,,100.0,False,False
2026,California,CA,attorney general,2026 California Attorney General election,Candidate,Rob Bonta,Democratic,,,False,True
2026,California,CA,attorney general,2026 California Attorney General election,Candidate,Michael Gates,Republican,,,False,False
2026,California,CA,attorney general,2026 California Attorney General election,Total,,,,,False,False
2026,California,CA,secretary of state,2026 California Secretary of State election,Candidate,Shirley Weber,Democratic,,,False,True
2026,California,CA,secretary of state,2026 California Secretary of State election,Candidate,Donald P. Wagner,Republican,,,False,False
2026,California,CA,secretary of state,2026 California Secretary of State election,Total,,,,,False,False
2026,California,CA,governor,2026 California gubernatorial election,Candidate,Xavier Becerra,Democratic,,,False,False
2026,California,CA,governor,2026 California gubernatorial election,Candidate,Steve Hilton,Republican,,,False,False
2026,California,CA,governor,2026 California gubernatorial election,Total,,,,,False,False
2026,Florida,FL,attorney general,2026 Florida Attorney General election,Candidate,James Uthmeier,Republican,,,False,True
2026,Florida,FL,attorney general,2026 Florida Attorney General election,Candidate,Jose Javier Rodriguez,Democratic,,,False,False
2026,Florida,FL,attorney general,2026 Florida Attorney General election,Total,,,,100.0,False,False
2026,Florida,FL,governor,2026 Florida gubernatorial election,Candidate,Byron Donalds Bryan Avila,Republican,,,False,False
2026,Florida,FL,governor,2026 Florida gubernatorial election,Candidate,David Jolly Gwen Graham,Democratic,,,False,False
2026,Florida,FL,governor,2026 Florida gubernatorial election,Candidate,Scott Eckhard Jewett Nicole Skelly,Libertarian,,,False,False
2026,Florida,FL,governor,2026 Florida gubernatorial election,Candidate,Charles Burkett Ruben A. Coto,Independent,,,False,False
2026,Florida,FL,governor,2026 Florida gubernatorial election,Candidate,Frank J. Russo Rachel Rodriguez,Independent,,,False,False
2026,Florida,FL,governor,2026 Florida gubernatorial election,Candidate,Moliere Dimanche Benjiman Rojas,Independent,,,False,False
2026,Florida,FL,governor,2026 Florida gubernatorial election,Candidate,Dean Ocean Abrams Joe Van Victor,Independent,,,False,False
2026,Florida,FL,governor,2026 Florida gubernatorial election,Candidate,Jeffrey Peter Datto Juan Santana,Independent,,,False,False
2026,Florida,FL,governor,2026 Florida gubernatorial election,Total,,,,100.0,False,False
2026,Guam,GU,governor,2026 Guam gubernatorial election,Candidate,Therese Terlaje,Democratic,,,False,False
2026,Guam,GU,governor,2026 Guam gubernatorial election,Candidate,Vicente Ada,Republican,,,False,False
2026,Guam,GU,governor,2026 Guam gubernatorial election,Total,,,,,False,False
2026,Iowa,IA,governor,2026 Iowa gubernatorial election,Candidate,Zach Lahn,Republican,,,False,False
2026,Iowa,IA,governor,2026 Iowa gubernatorial election,Candidate,Rob Sand,Democratic,,,False,False
2026,Iowa,IA,governor,2026 Iowa gubernatorial election,Candidate,Sondra Wilson,Independent,,,False,False
2026,Iowa,IA,governor,2026 Iowa gubernatorial election,Total,,,,,False,False
2026,Maryland,MD,attorney general,2026 Maryland Attorney General election,Candidate,Anthony Brown,Democratic,,,False,True
2026,Maryland,MD,attorney general,2026 Maryland Attorney General election,Candidate,James B. Rutledge III,Republican,,,False,False
2026,Maryland,MD,attorney general,2026 Maryland Attorney General election,Total,,,,,False,False
2026,Maryland,MD,governor,2026 Maryland gubernatorial election,Candidate,Wes Moore,Democratic,,,False,True
2026,Maryland,MD,governor,2026 Maryland gubernatorial election,Candidate,Dan Cox,Republican,,,False,False
2026,Maryland,MD,governor,2026 Maryland gubernatorial election,Candidate,Cathy White,Class,,,False,False
2026,Maryland,MD,governor,2026 Maryland gubernatorial election,Candidate,Andy Ellis,Green,,,False,False
2026,Maryland,MD,governor,2026 Maryland gubernatorial election,Total,,,,,False,False
2026,Nebraska,NE,secretary of state,2026 Nebraska Secretary of State election,Candidate,Scott Petersen,Republican,,,False,False
2026,Nebraska,NE,secretary of state,2026 Nebraska Secretary of State election,Candidate,Sarah Slattery,Democratic,,,False,False
2026,Nebraska,NE,secretary of state,2026 Nebraska Secretary of State election,Candidate,Bob Krist,America First,,,False,False
2026,Nebraska,NE,secretary of state,2026 Nebraska Secretary of State election,Candidate,Paul Rumbaugh,Working People,,,False,False
2026,Nebraska,NE,secretary of state,2026 Nebraska Secretary of State election,Total,,,,,False,False
2026,Texas,TX,attorney general,2026 Texas Attorney General election,Candidate,Mayes Middleton,Republican,,,False,False
2026,Texas,TX,attorney general,2026 Texas Attorney General election,Candidate,Nathan Johnson,Democratic,,,False,False
2026,Texas,TX,attorney general,2026 Texas Attorney General election,Candidate,Tom Oxford,Libertarian,,,False,False
2026,Texas,TX,attorney general,2026 Texas Attorney General election,Total,,,,100.0,False,False
2026,Texas,TX,governor,2026 Texas gubernatorial election,Candidate,Greg Abbott,Republican,,,False,True
2026,Texas,TX,governor,2026 Texas gubernatorial election,Candidate,Gina Hinojosa,Democratic,,,False,False
2026,Texas,TX,governor,2026 Texas gubernatorial election,Candidate,Pat Dixon,Libertarian,,,False,False
2026,Texas,TX,governor,2026 Texas gubernatorial election,Total,,,,100.0,False,False
2026,Wisconsin,WI,attorney general,2026 Wisconsin Attorney General election,Candidate,Josh Kaul,Democratic,,,False,True
2026,Wisconsin,WI,attorney general,2026 Wisconsin Attorney General election,Candidate,Eric Toney,Republican,,,False,False
2026,Wisconsin,WI,attorney general,2026 Wisconsin Attorney General election,Total,,,,100.0,False,False
2026,Wisconsin,WI,secretary of state,2026 Wisconsin Secretary of State election,Candidate,JoCasta Zamarripa,Democratic,,,False,False
2026,Wisconsin,WI,secretary of state,2026 Wisconsin Secretary of State election,Candidate,Jay Schroeder,Republican,,,False,False
2026,Wisconsin,WI,secretary of state,2026 Wisconsin Secretary of State election,Candidate,Pete Karas,Green,,,False,False
2026,Wisconsin,WI,secretary of state,2026 Wisconsin Secretary of State election,Total,,,,100.0,False,False
2026,Wisconsin,WI,state treasurer,2026 Wisconsin State Treasurer election,Candidate,John Leiber,Republican,,,False,True
2026,Wisconsin,WI,state treasurer,2026 Wisconsin State Treasurer election,Candidate,Yee Leng Xiong,Democratic,,,False,False
2026,Wisconsin,WI,state treasurer,2026 Wisconsin State Treasurer election,Total,,,,100.0,False,False
2026,Wisconsin,WI,governor,2026 Wisconsin gubernatorial election,Candidate,David Crowley,Democratic,,,False,False
2026,Wisconsin,WI,governor,2026 Wisconsin gubernatorial election,Candidate,Tom Tiffany,Republican,,,False,False
2026,Wisconsin,WI,governor,2026 Wisconsin gubernatorial election,Total,,,,100.0,False,False
