year,state,state_code,chamber,district,race,candidate,party,votes,percentage,winner,incumbent
2024,Arizona,AZ,State Senate,1,general,Mark Finchem,Republican,94947,65.9,True,False
2024,Arizona,AZ,State Senate,1,general,Mike S. Fogel,Democratic,49108,34.1,False,False
2024,Arizona,AZ,State Senate,2,general,Shawnna Bolick,Republican,52100,50.82,True,True
2024,Arizona,AZ,State Senate,2,general,Judy Schwiebert,Democratic,48333,47.15,False,False
2024,Arizona,AZ,State Senate,2,general,Dennis Pugsley,Green,2076,2.03,False,False
2024,Arizona,AZ,State Senate,3,general,John Kavanagh,Republican,110048,100.0,True,True
2024,Arizona,AZ,State Senate,4,general,Carine Werner,Republican,76079,51.9,True,False
2024,Arizona,AZ,State Senate,4,general,Christine Marsh,Democratic,70614,48.1,False,True
2024,Arizona,AZ,State Senate,5,general,Lela Alston,Democratic,67425,68.3,True,True
2024,Arizona,AZ,State Senate,5,general,Joshua Ortega,Republican,31296,31.7,False,False
2024,Arizona,AZ,State Senate,6,general,Theresa Hatathlie,Democratic,72721,100.0,True,True
2024,Arizona,AZ,State Senate,7,general,Wendy Rogers,Republican,80750,65.0,True,True
2024,Arizona,AZ,State Senate,7,general,Haley Creighton,Democratic,43406,35.0,False,False
2024,Arizona,AZ,State Senate,8,general,Lauren Kuby,Democratic,53111,60.6,True,False
2024,Arizona,AZ,State Senate,8,general,Roxana Holzapfel,Republican,34528,39.4,False,False
2024,Arizona,AZ,State Senate,9,general,Eva Burch,Democratic,42072,51.7,True,True
2024,Arizona,AZ,State Senate,9,general,Robert Scantlebury,Republican,39261,48.3,False,False
2024,Arizona,AZ,State Senate,10,general,Dave Farnsworth,Republican,70561,61.5,True,True
2024,Arizona,AZ,State Senate,10,general,Robert Doyle,Democratic,44170,38.5,False,False
2024,Arizona,AZ,State Senate,11,general,Catherine Miranda,Democratic,52106,72.2,True,True
2024,Arizona,AZ,State Senate,11,general,Joshua Ayala,Republican,20095,27.8,False,False
2024,Arizona,AZ,State Senate,12,general,Mitzi Epstein,Democratic,70499,58.1,True,True
2024,Arizona,AZ,State Senate,12,general,Cara Vicini,Republican,50796,41.9,False,False
2024,Arizona,AZ,State Senate,13,general,J. D. Mesnard,Republican,62670,53.1,True,True
2024,Arizona,AZ,State Senate,13,general,Sharon Lee Winters,Democratic,55287,46.9,False,False
2024,Arizona,AZ,State Senate,14,general,Warren Petersen,Republican,76251,60.1,True,True
2024,Arizona,AZ,State Senate,14,general,Elizabeth Brown,Democratic,50554,39.9,False,False
2024,Arizona,AZ,State Senate,15,general,Jake Hoffman,Republican,87580,63.7,True,True
2024,Arizona,AZ,State Senate,15,general,Alan Smith,Democratic,43769,31.9,False,False
2024,Arizona,AZ,State Senate,15,general,Evan Olson,Independent,6061,4.41,False,False
2024,Arizona,AZ,State Senate,16,general,T. J. Shope,Republican,58386,56.0,True,True
2024,Arizona,AZ,State Senate,16,general,Stacey Seaman,Democratic,45888,44.0,False,False
2024,Arizona,AZ,State Senate,17,general,Vince Leach,Republican,77714,51.0,True,False
2024,Arizona,AZ,State Senate,17,general,John McLean,Democratic,74669,49.0,False,False
2024,Arizona,AZ,State Senate,18,general,Priya Sundareshan,Democratic,89003,100.0,True,True
2024,Arizona,AZ,State Senate,19,general,David Gowan,Republican,71192,62.6,True,True
2024,Arizona,AZ,State Senate,19,general,Bob Karp,Democratic,42555,37.4,False,False
2024,Arizona,AZ,State Senate,20,general,Sally Ann Gonzales,Democratic,65214,100.0,True,True
2024,Arizona,AZ,State Senate,21,general,Rosanna Gabaldón,Democratic,64282,100.0,True,True
2024,Arizona,AZ,State Senate,22,general,Eva Diaz,Democratic,45253,64.6,True,True
2024,Arizona,AZ,State Senate,22,general,Steve Robinson,Republican,24812,35.4,False,False
2024,Arizona,AZ,State Senate,23,general,Brian Fernandez,Democratic,42658,53.8,True,True
2024,Arizona,AZ,State Senate,23,general,Michelle Altherr,Republican,36602,46.2,False,False
2024,Arizona,AZ,State Senate,24,general,Analise Ortiz,Democratic,38436,100.0,True,False
2024,Arizona,AZ,State Senate,25,general,Tim Dunn,Republican,88531,100.0,True,False
2024,Arizona,AZ,State Senate,26,general,Flavio Bravo,Democratic,31198,66.3,True,True
2024,Arizona,AZ,State Senate,26,general,"Victor ""Vic"" Harris",Republican,15826,33.7,False,False
2024,Arizona,AZ,State Senate,27,general,Kevin Payne,Republican,67274,100.0,True,False
2024,Arizona,AZ,State Senate,28,general,Frank Carroll,Republican,97174,98.9,True,True
2024,Arizona,AZ,State Senate,28,general,Shauna Dempsey (write-in),Democratic,1112,1.1,False,False
2024,Arizona,AZ,State Senate,29,general,Janae Shamp,Republican,70924,59.3,True,True
2024,Arizona,AZ,State Senate,29,general,Eric Stafford,Democratic,48608,40.7,False,False
2024,Arizona,AZ,State Senate,30,general,Hildy Angius,Republican,92213,78.5,True,False
2024,Arizona,AZ,State Senate,30,general,J'aime MorgAine,Democratic,25295,21.5,False,False
2024,Arkansas,AR,State Senate,1,general,Ben Gilmore,Republican,22933,77.36,True,True
2024,Arkansas,AR,State Senate,1,general,Asher Williams,Libertarian,6713,22.64,False,False
2024,Arkansas,AR,State Senate,3,general,Steve Crowell,Republican,24517,100.0,True,True
2024,Arkansas,AR,State Senate,4,general,Jimmy Hickey Jr.,Republican,23721,80.74,True,True
2024,Arkansas,AR,State Senate,4,general,Lonny Mack Goodwin,Libertarian,5658,19.26,False,False
2024,Arkansas,AR,State Senate,5,general,Terry Rice,Republican,31755,100.0,True,True
2024,Arkansas,AR,State Senate,6,general,Matt McKee,Republican,29217,100.0,True,True
2024,Arkansas,AR,State Senate,8,general,Stephanie Flowers,Democratic,20178,100.0,True,True
2024,Arkansas,AR,State Senate,12,general,Jamie Scott,Democratic,20091,100.0,True,False
2024,Arkansas,AR,State Senate,17,general,Mark Johnson,Republican,22030,58.23,True,True
2024,Arkansas,AR,State Senate,17,general,Maureen Skinner,Democratic,15800,41.77,False,False
2024,Arkansas,AR,State Senate,18,general,Jonathan Dismang,Republican,30907,100.0,True,True
2024,Arkansas,AR,State Senate,19,general,David Wallace,Republican,22948,100.0,True,True
2024,Arkansas,AR,State Senate,20,general,Dan Sullivan,Republican,16901,60.9,True,True
2024,Arkansas,AR,State Senate,20,general,Erika Askeland,Democratic,10851,39.1,False,False
2024,Arkansas,AR,State Senate,22,general,John Payton,Republican,28100,82.23,True,True
2024,Arkansas,AR,State Senate,22,general,Sandy Maier,Democratic,6071,17.77,False,False
2024,Arkansas,AR,State Senate,23,general,Scott Flippo,Republican,34646,100.0,True,True
2024,Arkansas,AR,State Senate,25,general,Breanne Davis,Republican,24168,74.21,True,True
2024,Arkansas,AR,State Senate,25,general,Michelle Justice,Democratic,8397,25.79,False,False
2024,Arkansas,AR,State Senate,26,general,Gary Stubblefield,Republican,30500,100.0,True,True
2024,Arkansas,AR,State Senate,29,general,Jim Petty,Republican,29289,100.0,True,True
2024,Arkansas,AR,State Senate,33,general,Bart Hester,Republican,30530,100.0,True,True
2024,Arkansas,AR,State Senate,34,general,Jim Dotson,Republican,28119,63.88,True,True
2024,Arkansas,AR,State Senate,34,general,Kaylee Wedgeworth,Democratic,15897,36.12,False,False
2024,Colorado,CO,State Senate,2,general,Lisa Frizell,Republican Party (colorado),63181,60.68,True,False
2024,Colorado,CO,State Senate,2,general,Jennifer Brady,Democratic Party (colorado),38261,36.75,False,False
2024,Colorado,CO,State Senate,2,general,Caryn Ann Harlos,Libertarian Party (colorado),2672,2.57,False,False
2024,Colorado,CO,State Senate,5,general,Marc Catlin,Republican Party (colorado),46310,52.23,True,False
2024,Colorado,CO,State Senate,5,general,Cole Buerger,Democratic Party (colorado),42357,47.77,False,False
2024,Colorado,CO,State Senate,6,general,Cleave Simpson,Republican Party (colorado),52131,55.91,True,True
2024,Colorado,CO,State Senate,6,general,Vivian Smotherman,Democratic Party (colorado),41108,44.09,False,False
2024,Colorado,CO,State Senate,10,general,Larry Liston,Republican Party (colorado),49886,57.05,True,True
2024,Colorado,CO,State Senate,10,general,Ryan Howard Lucas,Democratic Party (colorado),34352,39.29,False,False
2024,Colorado,CO,State Senate,10,general,John Hjersman,Libertarian Party (colorado),3198,3.66,False,False
2024,Colorado,CO,State Senate,12,general,Marc Snyder,Democratic Party (colorado),36971,48.9,True,False
2024,Colorado,CO,State Senate,12,general,Stan VanderWerf,Republican Party (colorado),35872,47.45,False,False
2024,Colorado,CO,State Senate,12,general,John Michael Angle,Libertarian Party (colorado),2755,3.64,False,False
2024,Colorado,CO,State Senate,13,general,Scott Bright,Republican Party (colorado),34045,56.64,True,False
2024,Colorado,CO,State Senate,13,general,Matt Johnston,Democratic Party (colorado),26060,43.36,False,False
2024,Colorado,CO,State Senate,14,general,Cathy Kipp,Democratic Party (colorado),58742,68.24,True,False
2024,Colorado,CO,State Senate,14,general,Phoebe McWilliams,Republican Party (colorado),24085,27.98,False,False
2024,Colorado,CO,State Senate,14,general,Jeffrey Brosius,Libertarian Party (colorado),3259,3.79,False,False
2024,Colorado,CO,State Senate,16,general,Chris Kolker,Democratic Party (colorado),53740,52.15,True,True
2024,Colorado,CO,State Senate,16,general,Robyn Carnes,Republican Party (colorado),49302,47.84,False,False
2024,Colorado,CO,State Senate,16,general,Bennett Rutledge (write-in),Libertarian Party (colorado),12,0.01,False,False
2024,Colorado,CO,State Senate,17,general,Sonya Jaquez Lewis,Democratic Party (colorado),63308,66.77,True,True
2024,Colorado,CO,State Senate,17,general,Tom Van Lone,Republican Party (colorado),31509,33.23,False,False
2024,Colorado,CO,State Senate,18,general,Judy Amabile,Democratic Party (colorado),73150,90.47,True,False
2024,Colorado,CO,State Senate,18,general,Gary Swing,Unity,7704,9.53,False,False
2024,Colorado,CO,State Senate,19,general,Lindsey Daugherty,Democratic Party (colorado),54900,56.13,True,False
2024,Colorado,CO,State Senate,19,general,Sam Bandimere,Republican Party (colorado),40596,41.51,False,False
2024,Colorado,CO,State Senate,19,general,Ryan VanGundy,Libertarian Party (colorado),2305,2.36,False,False
2024,Colorado,CO,State Senate,21,general,Dafna Michaelson Jenet,Democratic Party (colorado),33438,51.11,True,True
2024,Colorado,CO,State Senate,21,general,Frederick Alfred Jr,Republican Party (colorado),31982,48.89,False,False
2024,Colorado,CO,State Senate,23,general,Barbara Kirkmeyer,Republican Party (colorado),75608,97.76,True,True
2024,Colorado,CO,State Senate,23,general,Joseph Bobko (write-in),Democratic Party (colorado),1731,2.24,False,False
2024,Colorado,CO,State Senate,26,general,Jeff Bridges,Democratic Party (colorado),48296,62.03,True,True
2024,Colorado,CO,State Senate,26,general,Bob Lane,Republican Party (colorado),27756,35.65,False,False
2024,Colorado,CO,State Senate,26,general,Meredith Ryan,Unity,1806,2.32,False,False
2024,Colorado,CO,State Senate,28,general,Mike Weissman,Democratic Party (colorado),35064,63.51,True,False
2024,Colorado,CO,State Senate,28,general,Pedro Espinoza,Republican Party (colorado),20143,36.49,False,False
2024,Colorado,CO,State Senate,29,general,Janet Buckner,Democratic Party (colorado),45658,100.0,True,True
2024,Colorado,CO,State Senate,31,general,Chris Hansen,Democratic Party (colorado),75769,83.92,True,True
2024,Colorado,CO,State Senate,31,general,David Aitken,Libertarian Party (colorado),14515,16.08,False,False
2024,Colorado,CO,State Senate,33,general,James Coleman,Democratic Party (colorado),56129,81.84,True,True
2024,Colorado,CO,State Senate,33,general,Max Minnig,Republican Party (colorado),12452,18.16,False,False
2024,Connecticut,CT,State Senate,1,general,John Fonfara,Democratic,18512,87.29,True,True
2024,Connecticut,CT,State Senate,1,general,Luis R. Delgado,Green,2696,12.71,False,False
2024,Connecticut,CT,State Senate,2,general,Douglas McCrory,Democratic,30086,82.43,True,True
2024,Connecticut,CT,State Senate,2,general,Kristin Hoffman,Republican,6411,17.57,False,False
2024,Connecticut,CT,State Senate,3,general,Saud Anwar,Democratic,27359,63.73,True,True
2024,Connecticut,CT,State Senate,3,general,Matt Siracusa,Republican,15570,36.27,False,False
2024,Connecticut,CT,State Senate,4,general,MD Rahman,Democratic,33099,64.24,True,True
2024,Connecticut,CT,State Senate,4,general,Stephen King,Republican,18422,35.76,False,False
2024,Connecticut,CT,State Senate,5,general,Derek Slap,Democratic,36671,68.16,True,True
2024,Connecticut,CT,State Senate,5,general,Kyla Zimmermann,Republican,17132,31.84,False,False
2024,Connecticut,CT,State Senate,6,general,Rick Lopes,Democratic,20167,58.44,True,True
2024,Connecticut,CT,State Senate,6,general,Tremell J. Collins,Republican,14340,41.56,False,False
2024,Connecticut,CT,State Senate,7,general,John Kissel,Republican,28277,54.42,True,True
2024,Connecticut,CT,State Senate,7,general,Cynthia Mangini,Democratic,23679,45.58,False,False
2024,Connecticut,CT,State Senate,8,general,Paul Honig,Democratic,28940,50.28,True,False
2024,Connecticut,CT,State Senate,8,general,Lisa Seminara,Republican,28621,49.72,False,True
2024,Connecticut,CT,State Senate,9,general,Matt Lesser,Democratic,35500,100.0,True,True
2024,Connecticut,CT,State Senate,10,general,Gary Winfield,Democratic,20748,82.56,True,True
2024,Connecticut,CT,State Senate,10,general,Nyrell Moore,Republican,4384,17.44,False,False
2024,Connecticut,CT,State Senate,11,general,Martin Looney,Democratic,24283,77.77,True,True
2024,Connecticut,CT,State Senate,11,general,Steve Orosco,Republican,6943,22.23,False,False
2024,Connecticut,CT,State Senate,12,general,Christine Cohen,Democratic,34447,56.33,True,True
2024,Connecticut,CT,State Senate,12,general,Paul Crisci,Republican,26709,43.67,False,False
2024,Connecticut,CT,State Senate,13,general,Jan Hochadel,Democratic,23821,53.66,True,True
2024,Connecticut,CT,State Senate,13,general,Elain Cariati,Republican,19507,43.94,False,False
2024,Connecticut,CT,State Senate,13,general,Gwen Samuel,Independent,1063,2.39,False,False
2024,Connecticut,CT,State Senate,14,general,James Maroney,Democratic,28501,56.0,True,True
2024,Connecticut,CT,State Senate,14,general,Steven Johnstone,Republican,22396,44.0,False,False
2024,Connecticut,CT,State Senate,15,general,Joan Hartley,Democratic,20972,100.0,True,True
2024,Connecticut,CT,State Senate,16,general,Rob Sampson,Republican,29813,56.58,True,True
2024,Connecticut,CT,State Senate,16,general,Christopher R. Robertson,Democratic,22877,43.42,False,False
2024,Connecticut,CT,State Senate,17,general,Jorge Cabrera,Democratic,27243,100.0,True,True
2024,Connecticut,CT,State Senate,18,general,Heather Somers,Republican,29124,59.03,True,True
2024,Connecticut,CT,State Senate,18,general,Andrew Parrella,Democratic,20217,40.97,False,False
2024,Connecticut,CT,State Senate,19,general,Cathy Osten,Democratic,26902,56.92,True,True
2024,Connecticut,CT,State Senate,19,general,Jason Guidone,Republican,20360,43.08,False,False
2024,Connecticut,CT,State Senate,20,general,Martha Marx,Democratic,27864,56.15,True,True
2024,Connecticut,CT,State Senate,20,general,Shaun Mastroianni,Republican,21757,43.85,False,False
2024,Connecticut,CT,State Senate,21,general,Kevin C. Kelly,Republican,36236,100.0,True,True
2024,Connecticut,CT,State Senate,22,general,Sujata Gadkar-Wilcox,Democratic,23712,57.69,True,False
2024,Connecticut,CT,State Senate,22,general,Christopher Carrena,Republican,16577,40.33,False,False
2024,Connecticut,CT,State Senate,22,general,Robert Halstead,Independent,813,1.98,False,False
2024,Connecticut,CT,State Senate,23,general,Herron Gaston,Democratic,15848,77.07,True,True
2024,Connecticut,CT,State Senate,23,general,Brian Banacowski,Republican,3969,19.3,False,False
2024,Connecticut,CT,State Senate,23,general,Ernie Newton,Independent,746,3.63,False,False
2024,Connecticut,CT,State Senate,24,general,Julie Kushner,Democratic,21450,53.48,True,True
2024,Connecticut,CT,State Senate,24,general,Michelle Coelho,Republican,18656,46.52,False,False
2024,Connecticut,CT,State Senate,25,general,Bob Duff,Democratic,29929,64.61,True,True
2024,Connecticut,CT,State Senate,25,general,Martin Tagliaferro,Republican,16396,35.39,False,False
2024,Connecticut,CT,State Senate,26,general,Ceci Maher,Democratic,35713,61.13,True,True
2024,Connecticut,CT,State Senate,26,general,Kami Evans,Republican,22708,38.87,False,False
2024,Connecticut,CT,State Senate,27,general,Patricia Billie Miller,Democratic,23980,62.31,True,True
2024,Connecticut,CT,State Senate,27,general,Nicola Tarzia,Republican,14506,37.69,False,False
2024,Connecticut,CT,State Senate,28,general,Tony Hwang,Republican,33172,54.61,True,True
2024,Connecticut,CT,State Senate,28,general,Robert Blanchard,Democratic,27572,45.39,False,False
2024,Connecticut,CT,State Senate,29,general,Mae Flexer,Democratic,21385,49.78,True,True
2024,Connecticut,CT,State Senate,29,general,Christopher Reddy,Republican,20796,48.41,False,False
2024,Connecticut,CT,State Senate,29,general,Alice Leibowitz,Green,778,1.81,False,False
2024,Connecticut,CT,State Senate,30,general,Stephen Harding,Republican,31127,53.61,True,True
2024,Connecticut,CT,State Senate,30,general,Justin Potter,Democratic,26931,46.39,False,False
2024,Connecticut,CT,State Senate,31,general,Henri Martin,Republican,33304,100.0,True,True
2024,Connecticut,CT,State Senate,32,general,Eric Berthel,Republican,35122,57.22,True,True
2024,Connecticut,CT,State Senate,32,general,Jeffrey Desmarais,Democratic,26256,42.78,False,False
2024,Connecticut,CT,State Senate,33,general,Norman Needleman,Democratic,34825,56.86,True,True
2024,Connecticut,CT,State Senate,33,general,Jeffrey Duigou,Republican,26427,43.14,False,False
2024,Connecticut,CT,State Senate,34,general,Paul Cicarella,Republican,29023,56.21,True,True
2024,Connecticut,CT,State Senate,34,general,Brandi Mandato,Democratic,22126,42.85,False,False
2024,Connecticut,CT,State Senate,34,general,David Bedell,Green,483,0.94,False,False
2024,Connecticut,CT,State Senate,35,general,Jeff Gordon,Republican,28613,52.92,True,True
2024,Connecticut,CT,State Senate,35,general,Merry C. Garrett,Democratic,25453,47.08,False,False
2024,Connecticut,CT,State Senate,36,general,Ryan Fazio,Republican,29293,51.73,True,True
2024,Connecticut,CT,State Senate,36,general,Nick Simmons,Democratic,27334,46.94,False,False
2024,Delaware,DE,State Senate,2,general,Darius J. Brown,Democratic,14273,92.97,True,True
2024,Delaware,DE,State Senate,2,general,Jon Roe,Republican,1080,7.03,False,False
2024,Delaware,DE,State Senate,3,general,Elizabeth Lockman,Democratic,11831,100.0,True,True
2024,Delaware,DE,State Senate,4,general,Laura Sturgeon,Democratic,18984,100.0,True,True
2024,Delaware,DE,State Senate,6,general,Russ Huxtable,Democratic,20212,54.35,True,True
2024,Delaware,DE,State Senate,6,general,Kim Stevenson,Republican,16976,45.65,False,False
2024,Delaware,DE,State Senate,10,general,Stephanie Hansen,Democratic,19510,100.0,True,True
2024,Delaware,DE,State Senate,11,general,Bryan Townsend,Democratic,15898,100.0,True,True
2024,Delaware,DE,State Senate,16,general,Eric Buckson,Republican,16094,98.89,True,True
2024,Delaware,DE,State Senate,16,general,Will McVay,Non-partisan Delaware,181,1.11,False,False
2024,Delaware,DE,State Senate,17,general,W. Charles Paradee,Democratic,14630,100.0,True,True
2024,Delaware,DE,State Senate,10,general,David L. Wilson,Republican,18563,100.0,True,True
2024,Delaware,DE,State Senate,10,general,Bryant Richardson,Republican,17105,100.0,True,True
2024,Florida,FL,State Senate,1,general,Don Gaetz,Republican,187431.0,64.56,True,False
2024,Florida,FL,State Senate,1,general,Lisa Newell,Democratic,102905.0,35.44,False,False
2024,Florida,FL,State Senate,3,general,Corey Simon,Republican,154515.0,55.67,True,True
2024,Florida,FL,State Senate,3,general,Daryl Parks,Democratic,123025.0,44.33,False,False
2024,Florida,FL,State Senate,5,general,Tracie Davis,Democratic,156112.0,99.55,True,True
2024,Florida,FL,State Senate,5,general,Vernon Lee Jordan (write-in),Independent,703.0,0.45,False,False
2024,Florida,FL,State Senate,7,general,Tom Leek,Republican,237377.0,68.26,True,False
2024,Florida,FL,State Senate,7,general,George Hill II,Democratic,110364.0,31.74,False,False
2024,Florida,FL,State Senate,9,general,Stan McClain,Republican,177937.0,63.28,True,False
2024,Florida,FL,State Senate,9,general,Sylvain Dore,Democratic,103275.0,36.72,False,False
2024,Florida,FL,State Senate,11,general,Blaise Ingoglia,Republican,229609.0,69.29,True,False
2024,Florida,FL,State Senate,11,general,Marilyn Holleran,Democratic,101775.0,30.71,False,False
2024,Florida,FL,State Senate,13,general,Keith Truenow,Republican,181074.0,60.3,True,False
2024,Florida,FL,State Senate,13,general,Stephanie Dukes,Democratic,119212.0,39.7,False,False
2024,Florida,FL,State Senate,15,general,Geraldine Thompson,Democratic,,,True,True
2024,Florida,FL,State Senate,17,general,Carlos Guillermo Smith,Democratic,,,True,False
2024,Florida,FL,State Senate,19,general,Randy Fine,Republican,184731.0,59.36,True,False
2024,Florida,FL,State Senate,19,general,Vance Ahrens,Democratic,126487.0,40.64,False,False
2024,Florida,FL,State Senate,21,general,Ed Hooper,Republican,175862.0,61.72,True,True
2024,Florida,FL,State Senate,21,general,Doris Carroll,Democratic,109078.0,38.28,False,False
2024,Florida,FL,State Senate,23,general,Danny Burgess,Republican,163859.0,58.75,True,False
2024,Florida,FL,State Senate,23,general,Benjamin Braver,Democratic,105038.0,37.65,False,False
2024,Florida,FL,State Senate,23,general,John Houman,Independent,10022.0,3.59,False,False
2024,Florida,FL,State Senate,25,general,Kristen Arrington,Democratic,113095.0,51.48,True,False
2024,Florida,FL,State Senate,25,general,Jose Martinez,Republican,106596.0,48.52,False,False
2024,Florida,FL,State Senate,27,general,Ben Albritton,Republican,189809.0,68.81,True,True
2024,Florida,FL,State Senate,27,general,Phillip Carter,Democratic,86045.0,31.19,False,False
2024,Florida,FL,State Senate,29,general,Erin Grall,Republican,177633.0,64.66,True,True
2024,Florida,FL,State Senate,29,general,Randy Aldieri,Democratic,97094.0,35.34,False,False
2024,Florida,FL,State Senate,31,general,Gayle Harrell,Republican,199888.0,61.47,True,True
2024,Florida,FL,State Senate,31,general,Aaron Hawkins,Democratic,125280.0,38.53,False,False
2024,Florida,FL,State Senate,33,general,Jonathan Martin,Republican,175411.0,66.03,True,True
2024,Florida,FL,State Senate,33,general,Christopher Proia,Democratic,90247.0,33.97,False,False
2024,Florida,FL,State Senate,35,general,Barbara Sharief,Democratic,140564.0,56.33,True,False
2024,Florida,FL,State Senate,35,general,Vinny Parlatore,Republican,108777.0,43.63,False,False
2024,Florida,FL,State Senate,37,general,Jason Pizzo,Democratic,130931.0,58.23,True,True
2024,Florida,FL,State Senate,37,general,Imtiaz Mohammad,Republican,93918.0,41.77,False,False
2024,Florida,FL,State Senate,39,general,Bryan Avila,Republican,133270.0,69.81,True,True
2024,Florida,FL,State Senate,39,general,Charles Lewis,Democratic,57635.0,30.19,False,False
2024,Georgia,GA,State Senate,11,special general,Sam Watson,Republican,10099,76.04,True,False
2024,Georgia,GA,State Senate,11,special general,Mary Weaver-Anderson,Democratic,3048,22.95,False,False
2024,Georgia,GA,State Senate,11,special general,John H. Monds,Libertarian,135,1.01,False,False
2024,Georgia,GA,State Senate,30,special general,Tim Bearden,Republican,4548,58.87,True,False
2024,Georgia,GA,State Senate,30,special general,Ashley Kecskes Godwin,Democratic,1327,17.18,False,False
2024,Georgia,GA,State Senate,30,special general,Robert Bob Smith,Republican,989,12.8,False,False
2024,Georgia,GA,State Senate,30,special general,Renae Bell,Republican,862,11.16,False,False
2024,Georgia,GA,State Senate,1,general,Ben Watson,Republican,76992,100.0,True,True
2024,Georgia,GA,State Senate,2,general,Derek Mallow,Democratic,65049,100.0,True,True
2024,Georgia,GA,State Senate,3,general,Mike Hodges,Republican,77114,100.0,True,True
2024,Georgia,GA,State Senate,4,general,Billy Hickman,Republican,74309,100.0,True,True
2024,Georgia,GA,State Senate,5,general,Sheikh Rahman,Democratic,32283,67.61,True,True
2024,Georgia,GA,State Senate,5,general,Lisa Babbage,Republican,15511,32.39,False,False
2024,Georgia,GA,State Senate,6,general,Matt Brass,Republican,77875,72.31,True,True
2024,Georgia,GA,State Senate,6,general,Jenny Enderlin,Democratic,29819,27.69,False,False
2024,Georgia,GA,State Senate,7,general,Nabilah Islam Parkes,Democratic,46748,55.02,True,True
2024,Georgia,GA,State Senate,7,general,J. Gregory Howard,Republican,38222,44.98,False,False
2024,Georgia,GA,State Senate,8,general,Russ Goodman,Republican,64698,100.0,True,True
2024,Georgia,GA,State Senate,9,general,Nikki Merritt,Democratic,52451,59.95,True,True
2024,Georgia,GA,State Senate,9,general,Michael Gargiulo,Republican,35036,40.05,False,False
2024,Georgia,GA,State Senate,10,general,Emanuel D. Jones,Democratic,85131,85.31,True,True
2024,Georgia,GA,State Senate,10,general,Furquan Stafford,Republican,14658,14.69,False,False
2024,Georgia,GA,State Senate,11,general,Sam Watson,Republican,65156,100.0,True,True
2024,Georgia,GA,State Senate,12,general,Freddie Powell Sims,Democratic,62128,100.0,True,True
2024,Georgia,GA,State Senate,13,general,Carden H. Summers,Republican,69318,100.0,True,True
2024,Georgia,GA,State Senate,14,general,Josh McLaurin,Democratic,72408,100.0,True,True
2024,Georgia,GA,State Senate,15,general,Ed Harbison,Democratic,54421,100.0,True,True
2024,Georgia,GA,State Senate,16,general,Marty Harbin,Republican,71842,65.77,True,True
2024,Georgia,GA,State Senate,16,general,Amili Blake,Democratic,37388,34.23,False,False
2024,Georgia,GA,State Senate,17,general,Gail Davenport,Democratic,80988,100.0,True,True
2024,Georgia,GA,State Senate,18,general,John F. Kennedy,Republican,80984,100.0,True,True
2024,Georgia,GA,State Senate,19,general,Blake Tillery,Republican,65328,100.0,True,True
2024,Georgia,GA,State Senate,20,general,Larry Walker,Republican,79290,100.0,True,True
2024,Georgia,GA,State Senate,21,general,Brandon Beach,Republican,81481,70.35,True,True
2024,Georgia,GA,State Senate,21,general,Lillia Michelle Lionel,Democratic,34349,29.65,False,False
2024,Georgia,GA,State Senate,22,general,"Harold V. Jones, III",Democratic,63914,100.0,True,True
2024,Georgia,GA,State Senate,23,general,Max Burns,Republican,54455,61.84,True,True
2024,Georgia,GA,State Senate,23,general,Shanya Boston,Democratic,33603,38.16,False,False
2024,Georgia,GA,State Senate,24,general,Lee Anderson,Republican,93176,100.0,True,True
2024,Georgia,GA,State Senate,25,general,Ricky “Rick” Williams,Republican,80234,100.0,True,True
2024,Georgia,GA,State Senate,26,general,"David E. Lucas, Sr.",Democratic,60536,100.0,True,True
2024,Georgia,GA,State Senate,27,general,Greg Dolezal,Republican,76783,73.27,True,True
2024,Georgia,GA,State Senate,27,general,Hamza Nazir,Democratic,28008,26.73,False,False
2024,Georgia,GA,State Senate,28,general,Donzella James,Democratic,79712,100.0,True,True
2024,Georgia,GA,State Senate,29,general,Randy Robertson,Republican,62859,65.23,True,True
2024,Georgia,GA,State Senate,29,general,Ellen T. Wright,Democratic,33500,34.77,False,False
2024,Georgia,GA,State Senate,30,general,Timothy J. Bearden,Republican,63158,65.05,True,True
2024,Georgia,GA,State Senate,30,general,Wanda Cooper,Democratic,33937,34.95,False,False
2024,Georgia,GA,State Senate,31,general,Jason Anavitarte,Republican,81415,100.0,True,True
2024,Georgia,GA,State Senate,32,general,Kay Kirkpatrick,Republican,82399,100.0,True,True
2024,Georgia,GA,State Senate,33,general,Michael Doc Rhett,Democratic,65983,100.0,True,True
2024,Georgia,GA,State Senate,34,general,Kenya Wicks,Democratic,56911,81.95,True,False
2024,Georgia,GA,State Senate,34,general,Andrew E. Honeycutt,Republican,12537,18.05,False,False
2024,Georgia,GA,State Senate,35,general,Jason Esteves,Democratic,82713,100.0,True,True
2024,Georgia,GA,State Senate,36,general,Nan Orrock,Democratic,82021,100.0,True,True
2024,Georgia,GA,State Senate,37,general,Ed Setzler,Republican,65243,57.48,True,True
2024,Georgia,GA,State Senate,37,general,Vanessa Ella Parker,Democratic,48270,42.52,False,False
2024,Georgia,GA,State Senate,38,general,RaShaun Kemp,Democratic,81270,100.0,True,False
2024,Georgia,GA,State Senate,39,general,Sonya Halpern,Democratic,77219,100.0,True,True
2024,Georgia,GA,State Senate,40,general,Sally Harrell,Democratic,50196,62.64,True,True
2024,Georgia,GA,State Senate,40,general,Amelia K. Siamomua,Republican,29937,37.36,False,False
2024,Georgia,GA,State Senate,41,general,Kim Jackson,Democratic,62311,81.82,True,True
2024,Georgia,GA,State Senate,41,general,Jeff Newlin,Republican,13846,18.18,False,False
2024,Georgia,GA,State Senate,42,general,Brian Strickland,Republican,62551,58.24,True,True
2024,Georgia,GA,State Senate,42,general,Kacy D. Morgan,Democratic,44854,41.76,False,False
2024,Georgia,GA,State Senate,43,general,Tonya P. Anderson,Democratic,80092,100.0,True,True
2024,Georgia,GA,State Senate,44,general,Elena Parent,Democratic,89952,100.0,True,True
2024,Georgia,GA,State Senate,45,general,Clint Dixon,Republican,76563,100.0,True,True
2024,Georgia,GA,State Senate,46,general,Bill Cowsert,Republican,64614,63.67,True,True
2024,Georgia,GA,State Senate,46,general,Gareth Fenley,Democratic,36870,36.33,False,False
2024,Georgia,GA,State Senate,47,general,Frank Ginn,Republican,62063,62.61,True,True
2024,Georgia,GA,State Senate,47,general,Conolus Scott,Democratic,37064,37.39,False,False
2024,Georgia,GA,State Senate,48,general,Shawn Still,Republican,51773,53.58,True,True
2024,Georgia,GA,State Senate,48,general,Ashwin Ramaswami,Democratic,44863,46.42,False,False
2024,Georgia,GA,State Senate,49,general,Drew Echols,Republican,83710,100.0,True,False
2024,Georgia,GA,State Senate,50,general,Bo Hatchett,Republican,82870,83.98,True,True
2024,Georgia,GA,State Senate,50,general,June Krise,Democratic,15811,16.02,False,False
2024,Georgia,GA,State Senate,51,general,Steve Gooch,Republican,105290,100.0,True,True
2024,Georgia,GA,State Senate,52,general,Chuck Hufstetler,Republican,80598,100.0,True,True
2024,Georgia,GA,State Senate,53,general,Colton Moore,Republican,70397,78.77,True,True
2024,Georgia,GA,State Senate,53,general,Bart Alexander Bryant,Democratic,18970,21.23,False,False
2024,Georgia,GA,State Senate,54,general,Chuck Payne,Republican,69447,100.0,True,True
2024,Georgia,GA,State Senate,55,general,Randal Mangham,Democratic,69259,75.97,True,False
2024,Georgia,GA,State Senate,55,general,Mary Williams Benefield,Republican,21907,24.03,False,False
2024,Georgia,GA,State Senate,56,general,John Albers,Republican,72392,61.23,True,True
2024,Georgia,GA,State Senate,56,general,JD Jordan,Democratic,45836,38.77,False,False
2024,Hawaii,HI,State Senate,3,general,Dru Kanuha,Democratic,13099,63.1,True,True
2024,Hawaii,HI,State Senate,3,general,Kurt Sullivan,Republican,6259,30.2,False,False
2024,Hawaii,HI,State Senate,3,general,Blank votes,,1384,6.7,False,False
2024,Hawaii,HI,State Senate,3,general,Over votes,,15,0.1,False,False
2024,Hawaii,HI,State Senate,6,general,Angus McKelvey,Democratic,11473,57.3,True,True
2024,Hawaii,HI,State Senate,6,general,Sheila Walker,Republican,6864,34.3,False,False
2024,Hawaii,HI,State Senate,6,general,Blank votes,,1558,7.8,False,False
2024,Hawaii,HI,State Senate,6,general,Over votes,,145,0.7,False,False
2024,Hawaii,HI,State Senate,7,general,Lynn DeCoite,Democratic,15833,66.5,True,True
2024,Hawaii,HI,State Senate,7,general,Gabby Macaraeg,Republican,5904,24.8,False,False
2024,Hawaii,HI,State Senate,7,general,Blank votes,,2041,8.6,False,False
2024,Hawaii,HI,State Senate,7,general,Over votes,,37,0.2,False,False
2024,Hawaii,HI,State Senate,12,general,Sharon Moriwaki,Democratic,12758,64.6,True,True
2024,Hawaii,HI,State Senate,12,general,Shotaro Dabbs,Republican,5366,27.2,False,False
2024,Hawaii,HI,State Senate,12,general,Blank votes,,1591,8.1,False,False
2024,Hawaii,HI,State Senate,12,general,Over votes,,24,0.1,False,False
2024,Hawaii,HI,State Senate,16,general,Brandon Elefante,Democratic,16425,69.6,True,True
2024,Hawaii,HI,State Senate,16,general,Patricia Beekman,Republican,5891,25.0,False,False
2024,Hawaii,HI,State Senate,16,general,Blank votes,,1259,5.3,False,False
2024,Hawaii,HI,State Senate,16,general,Over votes,,17,0.1,False,False
2024,Hawaii,HI,State Senate,18,general,Michelle Kidani,Democratic,13670,61.7,True,True
2024,Hawaii,HI,State Senate,18,general,Emil Svrcina,Republican,6978,31.5,False,False
2024,Hawaii,HI,State Senate,18,general,Blank votes,,1508,6.8,False,False
2024,Hawaii,HI,State Senate,18,general,Over votes,,9,0.0,False,False
2024,Hawaii,HI,State Senate,22,general,Samantha DeCorte,Republican,6849,53.1,True,False
2024,Hawaii,HI,State Senate,22,general,Cedric Gates,Democratic,5711,44.3,False,False
2024,Hawaii,HI,State Senate,22,general,Blank votes,,318,2.5,False,False
2024,Hawaii,HI,State Senate,22,general,Over votes,,14,0.1,False,False
2024,Hawaii,HI,State Senate,23,general,Brenton Awa,Republican,10567,50.3,True,True
2024,Hawaii,HI,State Senate,23,general,Ben Shafer,Democratic,9477,45.1,False,False
2024,Hawaii,HI,State Senate,23,general,Blank votes,,946,4.5,False,False
2024,Hawaii,HI,State Senate,23,general,Over votes,,21,0.1,False,False
2024,Idaho,ID,State Senate,1,general,Jim Woodward,Republican,23545.0,76.3,True,False
2024,Idaho,ID,State Senate,1,general,Dan Rose,Independent,7314.0,23.7,False,False
2024,Idaho,ID,State Senate,2,general,Phil Hart,Republican,23221.0,80.3,True,True
2024,Idaho,ID,State Senate,2,general,Tom Hearn,Democratic,5680.0,19.7,False,False
2024,Idaho,ID,State Senate,3,general,Doug Okuniewicz,Republican,25272.0,80.6,True,True
2024,Idaho,ID,State Senate,3,general,Brian Seguin,Democratic,6095.0,19.4,False,False
2024,Idaho,ID,State Senate,4,general,Ben Toews,Republican,15844.0,66.3,True,True
2024,Idaho,ID,State Senate,4,general,Carissa Hober,Democratic,8049.0,33.7,False,False
2024,Idaho,ID,State Senate,5,general,Carl Bjerke,Republican,21404.0,79.4,True,True
2024,Idaho,ID,State Senate,5,general,Adam Chapman,Democratic,5557.0,20.6,False,False
2024,Idaho,ID,State Senate,6,general,Dan Foreman,Republican,14837.0,53.3,True,True
2024,Idaho,ID,State Senate,6,general,Julia Parker,Democratic,12986.0,46.7,False,False
2024,Idaho,ID,State Senate,7,general,Cindy Carlson,Republican,19918.0,75.3,True,True
2024,Idaho,ID,State Senate,7,general,Bill Farmer,Democratic,6522.0,24.7,False,False
2024,Idaho,ID,State Senate,8,general,Christy Zito,Republican,17750.0,72.1,True,False
2024,Idaho,ID,State Senate,8,general,David Hoag,Democratic,6859.0,27.9,False,False
2024,Idaho,ID,State Senate,9,general,Brandon Shippy,Republican,20745.0,82.9,True,True
2024,Idaho,ID,State Senate,9,general,Rachel Buck,Democratic,4292.0,17.1,False,False
2024,Idaho,ID,State Senate,10,general,Tammy Nichols,Republican,26443.0,80.7,True,True
2024,Idaho,ID,State Senate,10,general,Letishia Silva,Democratic,6342.0,19.3,False,False
2024,Idaho,ID,State Senate,11,general,Camille Blaylock,Republican,11148.0,65.9,True,False
2024,Idaho,ID,State Senate,11,general,Toni Fero,Democratic,5762.0,34.1,False,False
2024,Idaho,ID,State Senate,12,general,Ben Adams,Republican,17241.0,100.0,True,False
2024,Idaho,ID,State Senate,13,general,Brian Lenney,Republican,14986.0,70.0,True,True
2024,Idaho,ID,State Senate,13,general,Sarah Butler,Democratic,6427.0,30.0,False,False
2024,Idaho,ID,State Senate,14,general,C. Scott Grow,Republican,26212.0,84.9,True,True
2024,Idaho,ID,State Senate,14,general,Kirsten Faith Richardson,Constitution,4677.0,15.1,False,False
2024,Idaho,ID,State Senate,15,general,Codi Galloway,Republican,12846.0,51.8,True,False
2024,Idaho,ID,State Senate,15,general,Rick Just,Democratic,11934.0,48.2,False,True
2024,Idaho,ID,State Senate,16,general,Alison Rabe,Democratic,13840.0,58.7,True,True
2024,Idaho,ID,State Senate,16,general,Doug Rich,Republican,9723.0,41.3,False,False
2024,Idaho,ID,State Senate,17,general,Carrie Semmelroth,Democratic,13250.0,57.3,True,True
2024,Idaho,ID,State Senate,17,general,Benjamin D. Chafetz,Republican,9879.0,42.7,False,False
2024,Idaho,ID,State Senate,18,general,Janie Ward-Engelking,Democratic,15226.0,62.6,True,True
2024,Idaho,ID,State Senate,18,general,Dan Bridges,Republican,9080.0,37.4,False,False
2024,Idaho,ID,State Senate,19,general,Melissa Wintrow,Democratic,23153.0,100.0,True,True
2024,Idaho,ID,State Senate,20,general,Josh Keyser,Republican,18971.0,69.6,True,False
2024,Idaho,ID,State Senate,20,general,Andy Arriaga,Democratic,8281.0,30.4,False,False
2024,Idaho,ID,State Senate,21,general,Treg Bernt,Republican,18233.0,74.3,True,True
2024,Idaho,ID,State Senate,21,general,Mike Long,Libertarian,6322.0,25.7,False,False
2024,Idaho,ID,State Senate,22,general,Lori Den Hartog,Republican,19635.0,66.6,True,True
2024,Idaho,ID,State Senate,22,general,Dawn Pierce,Democratic,9827.0,33.4,False,False
2024,Idaho,ID,State Senate,23,general,Todd Lakey,Republican,19455.0,77.8,True,True
2024,Idaho,ID,State Senate,23,general,Paul Morgan,Democratic,4519.0,18.1,False,False
2024,Idaho,ID,State Senate,23,general,Paul Smith,Constitution,1030.0,4.1,False,False
2024,Idaho,ID,State Senate,24,general,Glenneda Zuiderveld,Republican,17834.0,78.8,True,True
2024,Idaho,ID,State Senate,24,general,Edward Easterling,Democratic,4795.0,21.2,False,False
2024,Idaho,ID,State Senate,25,general,Josh Kohl,Republican,13887.0,100.0,True,False
2024,Idaho,ID,State Senate,25,general,W. Lane Startin,Democratic,,,False,False
2024,Idaho,ID,State Senate,26,general,Laurie Lickley,Republican,9952.0,43.9,False,False
2024,Idaho,ID,State Senate,26,general,Ron Taylor,Democratic,10319.0,45.6,True,True
2024,Idaho,ID,State Senate,26,general,Kala Tate,Independent,2380.0,10.5,False,False
2024,Idaho,ID,State Senate,27,general,Kelly Anthon,Republican,17628.0,100.0,True,True
2024,Idaho,ID,State Senate,27,general,Damian Rodriguez,Democratic,,,False,False
2024,Idaho,ID,State Senate,28,general,Jim Guthrie,Republican,19027.0,78.7,True,True
2024,Idaho,ID,State Senate,28,general,"Russell ""Russ"" Matter",Democratic,5139.0,21.3,False,False
2024,Idaho,ID,State Senate,29,general,James Ruchti,Democratic,16155.0,100.0,True,True
2024,Idaho,ID,State Senate,30,general,Julie VanOrden,Republican,17996.0,84.0,True,True
2024,Idaho,ID,State Senate,30,general,Karen Keith,Democratic,3432.0,16.0,False,False
2024,Idaho,ID,State Senate,31,general,Van Burtenshaw,Republican,23525.0,87.5,True,True
2024,Idaho,ID,State Senate,31,general,Dean Martonen,Democratic,3351.0,12.5,False,False
2024,Idaho,ID,State Senate,32,general,Kevin Cook,Republican,16750.0,100.0,True,True
2024,Idaho,ID,State Senate,33,general,Dave Lent,Republican,13118.0,100.0,True,True
2024,Idaho,ID,State Senate,34,general,Doug Ricks,Republican,14618.0,86.0,True,True
2024,Idaho,ID,State Senate,34,general,Marsha Craner,Democratic,2375.0,14.0,False,False
2024,Idaho,ID,State Senate,35,general,Mark Harris,Republican,20907.0,77.5,True,False
2024,Idaho,ID,State Senate,35,general,Chris Riley,Democratic,6062.0,22.5,False,False
2024,Illinois,IL,State Senate,1,general,Javier Cervantes,Democratic,43813.0,100.0,True,True
2024,Illinois,IL,State Senate,4,general,Kimberly Lightford,Democratic,,,False,True
2024,Illinois,IL,State Senate,4,general,Robert Sumrell Jr.,Republican,20177.0,23.6,False,False
2024,Illinois,IL,State Senate,4,general,Kimberley A. Lightford,Democratic,65312.0,76.4,True,True
2024,Illinois,IL,State Senate,5,general,Lakesia Collins,Democratic,63423.0,100.0,True,True
2024,Illinois,IL,State Senate,7,general,Mike Simmons,Democratic,84513.0,100.0,True,True
2024,Illinois,IL,State Senate,10,general,Robert Martwick,Democratic,54001.0,60.92,True,True
2024,Illinois,IL,State Senate,10,general,Jon Luers,Republican,34635.0,39.08,False,False
2024,Illinois,IL,State Senate,13,general,Robert Peters,Democratic,64018.0,100.0,True,True
2024,Illinois,IL,State Senate,16,general,Willie Preston,Democratic,53401.0,100.0,True,True
2024,Illinois,IL,State Senate,19,general,Michael Hastings,Democratic,62942.0,56.35,True,True
2024,Illinois,IL,State Senate,19,general,Samantha Jean Gasca,Republican,48755.0,43.65,False,False
2024,Illinois,IL,State Senate,20,general,Graciela Guzmán,Democratic,61803.0,81.23,True,False
2024,Illinois,IL,State Senate,20,general,Jason Proctor,Republican,14281.0,18.77,False,False
2024,Illinois,IL,State Senate,22,general,Cristina Castro,Democratic,47763.0,100.0,True,True
2024,Illinois,IL,State Senate,25,general,Karina Villa,Democratic,46205.0,58.94,True,True
2024,Illinois,IL,State Senate,25,general,Heather Brown,Republican,32183.0,41.06,False,False
2024,Illinois,IL,State Senate,27,general,Mark L. Walker,Democratic,53917.0,57.55,True,False
2024,Illinois,IL,State Senate,27,general,Tom Schlenhardt,Republican,39769.0,42.45,False,False
2024,Illinois,IL,State Senate,28,general,Laura Murphy,Democratic,57919.0,100.0,True,True
2024,Illinois,IL,State Senate,31,general,Mary Edly-Allen,Democratic,52654.0,58.16,True,True
2024,Illinois,IL,State Senate,31,general,Ashley Jensen,Republican,37880.0,41.84,False,False
2024,Illinois,IL,State Senate,34,general,Steve Stadelman,Democratic,49576.0,62.11,True,True
2024,Illinois,IL,State Senate,34,general,Crystal Villarreal Soltow,Republican,30238.0,37.89,False,False
2024,Illinois,IL,State Senate,37,general,Li Arellano Jr.,Republican,86286.0,100.0,True,False
2024,Illinois,IL,State Senate,40,general,Patrick Joyce,Democratic,51942.0,56.4,True,True
2024,Illinois,IL,State Senate,40,general,Philip Nagel,Republican,40153.0,43.6,False,False
2024,Illinois,IL,State Senate,43,general,Rachel Ventura,Democratic,49057.0,58.18,True,True
2024,Illinois,IL,State Senate,43,general,Jennifer “Jen” Monson,Republican,35266.0,41.82,False,False
2024,Illinois,IL,State Senate,46,general,Dave Koehler,Democratic,53156.0,57.58,True,True
2024,Illinois,IL,State Senate,46,general,Sally Owens,Republican,39168.0,42.42,False,False
2024,Illinois,IL,State Senate,49,general,Meg Loughran Cappel,Democratic,55505.0,56.04,True,True
2024,Illinois,IL,State Senate,49,general,Katie Deane-Schlottman,Republican,43537.0,43.96,False,False
2024,Illinois,IL,State Senate,52,general,Paul Faraci,Democratic,53909.0,63.19,True,True
2024,Illinois,IL,State Senate,52,general,Jeff Brownfield,Republican,31405.0,36.81,False,False
2024,Illinois,IL,State Senate,53,general,Chris Balkema,Republican,90825.0,100.0,True,False
2024,Illinois,IL,State Senate,55,general,Jason Plummer,Republican,95805.0,100.0,True,True
2024,Illinois,IL,State Senate,58,general,Terri Bryant,Republican,93113.0,100.0,True,True
2024,Indiana,IN,State Senate,2,general,Lonnie Randolph,Democratic,27981,65.7,True,True
2024,Indiana,IN,State Senate,2,general,Humberto Prado,Republican,14635,34.3,False,False
2024,Indiana,IN,State Senate,3,general,Mark Spencer,Democratic,33401,73.1,True,False
2024,Indiana,IN,State Senate,3,general,Will Miller,Republican,12279,26.9,False,False
2024,Indiana,IN,State Senate,5,general,Ed Charbonneau,Republican,43489,66.0,True,True
2024,Indiana,IN,State Senate,5,general,Leslie Bamesberger,Democratic,22419,34.0,False,False
2024,Indiana,IN,State Senate,7,general,Brian Buchanan,Republican,49168,100.0,True,True
2024,Indiana,IN,State Senate,8,general,Mike Bohacek,Republican,42545,71.7,True,True
2024,Indiana,IN,State Senate,8,general,Leon Smith,Democratic,16782,28.3,False,False
2024,Indiana,IN,State Senate,9,general,Ryan Mishler,Republican,42276,100.0,True,True
2024,Indiana,IN,State Senate,10,general,David L. Niezgodski,Democratic,30420,77.8,True,True
2024,Indiana,IN,State Senate,10,general,Tim Cotton,Libertarian,8686,22.2,False,False
2024,Indiana,IN,State Senate,12,general,Blake Doriot,Republican,33582,100.0,True,True
2024,Indiana,IN,State Senate,13,general,Sue Glick,Republican,41096,100.0,True,True
2024,Indiana,IN,State Senate,16,general,Justin Busch,Republican,45442,100.0,True,True
2024,Indiana,IN,State Senate,18,general,Stacey Donato,Republican,45901,100.0,True,True
2024,Indiana,IN,State Senate,20,general,Scott Baldwin,Republican,43886,59.9,True,True
2024,Indiana,IN,State Senate,20,general,Joel Levi,Democratic,29380,40.1,False,False
2024,Indiana,IN,State Senate,24,general,Brett Clark,Republican,40337,65.6,True,False
2024,Indiana,IN,State Senate,24,general,Veronica Pejril,Democratic,21185,34.4,False,False
2024,Indiana,IN,State Senate,28,general,Michael Crider,Republican,44687,78.0,True,True
2024,Indiana,IN,State Senate,28,general,Travis Chittum,Libertarian,12638,22.0,False,False
2024,Indiana,IN,State Senate,30,general,Fady Qaddoura,Democratic,47526,100.0,True,True
2024,Indiana,IN,State Senate,32,general,Aaron Freeman,Republican,34243,60.5,True,True
2024,Indiana,IN,State Senate,32,general,Katrina Owens,Democratic,22368,39.5,False,False
2024,Indiana,IN,State Senate,33,general,Greg Taylor,Democratic,42134,100.0,True,True
2024,Indiana,IN,State Senate,34,general,La Keisha Jackson,Democratic,36165,100.0,True,False
2024,Indiana,IN,State Senate,35,general,R. Michael Young,Republican,24689,56.9,True,True
2024,Indiana,IN,State Senate,35,general,Jessica McCormick,Democratic,18707,43.1,False,False
2024,Indiana,IN,State Senate,36,general,Cyndi Carrasco,Republican,30274,62.5,True,True
2024,Indiana,IN,State Senate,36,general,Suzanne Fortenberry,Democratic,18203,37.5,False,False
2024,Indiana,IN,State Senate,37,general,Rodric Bray,Republican,50188,75.9,True,True
2024,Indiana,IN,State Senate,37,general,Kimberly Schofield,Democratic,15938,24.1,False,False
2024,Indiana,IN,State Senate,40,general,Shelli Yoder,Democratic,38424,100.0,True,True
2024,Indiana,IN,State Senate,42,general,Jean Leising,Republican,52778,100.0,True,True
2024,Indiana,IN,State Senate,44,general,Eric Koch,Republican,48749,100.0,True,True
2024,Indiana,IN,State Senate,50,general,Vaneta Becker,Republican,43371,80.7,True,True
2024,Indiana,IN,State Senate,50,general,John Woodard,Independent,10367,19.3,False,False
2024,Iowa,IA,State Senate,2,general,Jeff Taylor,Republican,27438,99.11,True,True
2024,Iowa,IA,State Senate,4,general,Tim Kraayenbrink,Republican,23727,97.81,True,True
2024,Iowa,IA,State Senate,6,general,Jason Schultz,Republican,23108,80.98,True,True
2024,Iowa,IA,State Senate,6,general,David M. Davis,Libertarian,5337,18.7,False,False
2024,Iowa,IA,State Senate,8,general,Mark Costello,Republican,25069,70.47,True,True
2024,Iowa,IA,State Senate,8,general,Ryan Lee Roenfeld,Democratic,10432,29.32,False,False
2024,Iowa,IA,State Senate,10,general,Dan Dawson,Republican,13840,56.01,True,True
2024,Iowa,IA,State Senate,10,general,Steve Gorman,Democratic,10842,43.88,False,False
2024,Iowa,IA,State Senate,12,general,Amy Sinclair,Republican,23075,70.35,True,True
2024,Iowa,IA,State Senate,12,general,Nicole Loew,Democratic,9682,29.52,False,False
2024,Iowa,IA,State Senate,14,general,Sarah Trone Garriott,Democratic,20467,49.96,True,True
2024,Iowa,IA,State Senate,14,general,Mark A. Hanson,Republican,20438,49.89,False,False
2024,Iowa,IA,State Senate,16,general,Claire Celsi,Democratic,21557,69.46,True,True
2024,Iowa,IA,State Senate,16,general,Joshua Smith,Libertarian,9184,29.59,False,False
2024,Iowa,IA,State Senate,18,general,Janet Petersen,Democratic,25564,97.09,True,True
2024,Iowa,IA,State Senate,20,general,Mike Pike,Republican,15644,49.96,True,False
2024,Iowa,IA,State Senate,20,general,Nate Boulton,Democratic,15600,49.82,False,True
2024,Iowa,IA,State Senate,22,general,Matt Blake,Democratic,19128,52.37,True,False
2024,Iowa,IA,State Senate,22,general,Brad Zaun,Republican,17336,47.46,False,True
2024,Iowa,IA,State Senate,24,general,Jesse Green,Republican,21004,62.45,True,True
2024,Iowa,IA,State Senate,24,general,Margaret Liston,Democratic,12580,37.4,False,False
2024,Iowa,IA,State Senate,26,general,Kara Warme,Republican,17967,59.62,True,False
2024,Iowa,IA,State Senate,26,general,Mike Wolfe,Democratic,12121,40.22,False,False
2024,Iowa,IA,State Senate,28,general,Dennis Guth,Republican,21185,69.36,True,True
2024,Iowa,IA,State Senate,28,general,Cynthia Oppedal Paschen,Democratic,9302,30.45,False,False
2024,Iowa,IA,State Senate,30,general,Doug Campbell,Republican,20272,61.26,True,False
2024,Iowa,IA,State Senate,30,general,Richard Lorence,Democratic,12762,38.57,False,False
2024,Iowa,IA,State Senate,32,general,Mike Klimesh,Republican,22097,64.6,True,True
2024,Iowa,IA,State Senate,32,general,Brian Bruening,Democratic,12080,35.32,False,False
2024,Iowa,IA,State Senate,34,general,Dan Zumbach,Republican,21962,66.68,True,True
2024,Iowa,IA,State Senate,34,general,Joe Hegland,Democratic,10937,33.21,False,False
2024,Iowa,IA,State Senate,36,general,Thomas Townsend,Democratic,15274,50.45,True,False
2024,Iowa,IA,State Senate,36,general,Nicholas Molo,Republican,14958,49.41,False,False
2024,Iowa,IA,State Senate,38,general,Dave Sires,Republican,17232,50.51,True,False
2024,Iowa,IA,State Senate,38,general,Eric Giddens,Democratic,16846,49.38,False,True
2024,Iowa,IA,State Senate,40,general,Art Staed,Democratic,18157,55.1,True,False
2024,Iowa,IA,State Senate,40,general,Kris G Gulick,Republican,14763,44.8,False,False
2024,Iowa,IA,State Senate,42,general,Charlie McClintock,Republican,27726,97.22,True,True
2024,Iowa,IA,State Senate,44,general,Adrian Dickey,Republican,19207,68.32,True,True
2024,Iowa,IA,State Senate,44,general,Lisa Ossian,Independent (politician),8826,31.39,False,False
2024,Iowa,IA,State Senate,46,general,Dawn Driscoll,Republican,21399,60.67,True,True
2024,Iowa,IA,State Senate,46,general,Ed Chabal,Democratic,13769,39.22,False,False
2024,Iowa,IA,State Senate,48,general,Mark Lofgren,Republican,19755,65.67,True,True
2024,Iowa,IA,State Senate,48,general,John Dabeet,Democratic,10281,34.18,False,False
2024,Iowa,IA,State Senate,50,general,Jeff Reichman,Republican,16735,58.4,True,True
2024,Iowa,IA,State Senate,50,general,Nannette Griffin,Democratic,11869,41.42,False,False
2024,Kansas,KS,State Senate,1,general,Craig Bowser,Republican,29530,100.0,True,False
2024,Kansas,KS,State Senate,2,general,Marci Francisco (incumbent,Democratic,24004,78.3,True,False
2024,Kansas,KS,State Senate,2,general,David Miller,Republican,6651,21.7,False,False
2024,Kansas,KS,State Senate,3,general,Rick Kloos,Republican,21942,57.4,True,True
2024,Kansas,KS,State Senate,3,general,Dena Sattler,Democratic,16285,42.6,False,False
2024,Kansas,KS,State Senate,4,general,David Haley,Democratic,13941,100.0,True,True
2024,Kansas,KS,State Senate,5,general,Jeff Klemp,Republican,15732,50.05,True,False
2024,Kansas,KS,State Senate,5,general,Jeff Pittman,Democratic,15701,49.95,False,True
2024,Kansas,KS,State Senate,6,general,Pat Pettey,Democratic,12882,62.79,True,True
2024,Kansas,KS,State Senate,6,general,Tabitha Burt,Republican,7634,37.21,False,False
2024,Kansas,KS,State Senate,7,general,Ethan Corson,Democratic,29014,64.33,True,True
2024,Kansas,KS,State Senate,7,general,Dave Dannov,Republican,16085,35.67,False,False
2024,Kansas,KS,State Senate,8,general,Cindy Holscher,Democratic,24795,61.14,True,True
2024,Kansas,KS,State Senate,8,general,Beneé Hudson,Republican,15758,38.86,False,False
2024,Kansas,KS,State Senate,9,general,Beverly Gossage,Republican,24242,61.17,True,True
2024,Kansas,KS,State Senate,9,general,Norman Mallicoat,Democratic,15389,38.83,False,False
2024,Kansas,KS,State Senate,10,general,Mike Thompson,Republican,23884,52.39,True,True
2024,Kansas,KS,State Senate,10,general,Andrew Mall,Democratic,21703,47.61,False,False
2024,Kansas,KS,State Senate,11,general,Kellie Warren,Republican,22905,52.17,True,True
2024,Kansas,KS,State Senate,11,general,Karen Thurlow,Democratic,21000,47.83,False,False
2024,Kansas,KS,State Senate,12,general,Caryn Tyson,Republican,27480,81.4,True,True
2024,Kansas,KS,State Senate,12,general,Cullene Lang,Libertarian,6278,18.6,False,False
2024,Kansas,KS,State Senate,13,general,Tim Shallenburger,Republican,21366,68.62,True,True
2024,Kansas,KS,State Senate,13,general,Austin Stapleton,Democratic,9771,31.38,False,False
2024,Kansas,KS,State Senate,14,general,Michael Fagg,Republican,29264,100.0,True,True
2024,Kansas,KS,State Senate,15,general,Virgil Peck,Republican,21354,72.58,True,True
2024,Kansas,KS,State Senate,15,general,Jerry Reeves,Democratic,8069,27.42,False,False
2024,Kansas,KS,State Senate,16,general,Ty Masterson,Republican,25347,65.59,True,True
2024,Kansas,KS,State Senate,16,general,Sasha Islam,Democratic,13300,34.41,False,False
2024,Kansas,KS,State Senate,17,general,Mike Argabright,Republican,14689,59.86,True,True
2024,Kansas,KS,State Senate,17,general,Lillian Lingenfelter,Democratic,9851,40.14,False,False
2024,Kansas,KS,State Senate,18,general,Kenny Titus,Republican,25445,59.86,True,True
2024,Kansas,KS,State Senate,18,general,Matthew Robin,Democratic,12657,33.22,False,False
2024,Kansas,KS,State Senate,19,general,Patrick Schmidt,Democratic,16784,64.55,True,False
2024,Kansas,KS,State Senate,19,general,Tyler Wible,Republican,9216,35.45,False,False
2024,Kansas,KS,State Senate,20,general,Brenda Dietrich,Republican,23270,61.84,True,True
2024,Kansas,KS,State Senate,20,general,Candace Ayars,Democratic,14357,38.16,False,False
2024,Kansas,KS,State Senate,21,general,Dinah Sykes,Democratic,25979,100.0,True,True
2024,Kansas,KS,State Senate,22,general,Brad Starnes,Republican,12262,50.91,True,False
2024,Kansas,KS,State Senate,22,general,Usha Reddi,Democratic,11825,49.09,False,True
2024,Kansas,KS,State Senate,23,general,Adam Thomas,Republican,18362,52.39,True,True
2024,Kansas,KS,State Senate,23,general,Stacey Knoell,Democratic,16686,47.61,False,False
2024,Kansas,KS,State Senate,24,general,J.R. Claeys,Republican,21548,67.85,True,True
2024,Kansas,KS,State Senate,24,general,John Baker,Democratic,10210,32.15,False,False
2024,Kansas,KS,State Senate,25,general,Mary Ware,Democratic,11638,57.09,True,True
2024,Kansas,KS,State Senate,25,general,Keenen Smith,Republican,8746,42.91,False,False
2024,Kansas,KS,State Senate,26,general,Chase Blasi,Republican,24824,71.24,True,True
2024,Kansas,KS,State Senate,26,general,Raymond Shore JR.,Democratic,8014,23.0,False,False
2024,Kansas,KS,State Senate,26,general,J.C. Moore,United Kansas,2006,5.76,False,False
2024,Kansas,KS,State Senate,27,general,Joe Claeys,Republican,20833,60.27,True,False
2024,Kansas,KS,State Senate,27,general,Jennifer Herington,Democratic,13733,39.73,False,False
2024,Kansas,KS,State Senate,28,general,Mike Petersen,Republican,15406,100.0,True,True
2024,Kansas,KS,State Senate,29,general,Oletha Faust-Goudeau,Democratic,14158,100.0,True,True
2024,Kansas,KS,State Senate,30,general,Renee Erickson,Republican,18085,57.14,True,True
2024,Kansas,KS,State Senate,30,general,Richard Smith,Democratic,11180,35.32,False,False
2024,Kansas,KS,State Senate,30,general,Olivia Hayse,Libertarian,2385,7.54,False,False
2024,Kansas,KS,State Senate,31,general,Stephen Owens,Republican,22422,64.26,True,False
2024,Kansas,KS,State Senate,31,general,Jason Miller,Democratic,12472,35.74,False,False
2024,Kansas,KS,State Senate,32,general,Larry Alley,Republican,23603,73.38,True,True
2024,Kansas,KS,State Senate,32,general,Lawrence Moreno,Democratic,8562,26.62,False,False
2024,Kansas,KS,State Senate,33,general,Tory Marie Blew,Republican,24998,80.43,True,False
2024,Kansas,KS,State Senate,33,general,Matthew Westenfeld,Democratic,6082,19.57,False,False
2024,Kansas,KS,State Senate,34,general,Michael Murphy,Republican,22757,70.82,True,False
2024,Kansas,KS,State Senate,34,general,Shanna Henry,Democratic,9375,29.18,False,False
2024,Kansas,KS,State Senate,35,general,TJ Rose,Republican,23088,52.77,True,False
2024,Kansas,KS,State Senate,35,general,Jason Anderson,Democratic,20664,47.23,False,False
2024,Kansas,KS,State Senate,36,general,Elaine Bowers,Republican,33162,100.0,True,True
2024,Kansas,KS,State Senate,37,general,Douglas Shane,Republican,21460,59.34,True,False
2024,Kansas,KS,State Senate,37,general,Sherry Giebler,Democratic,14705,40.66,False,False
2024,Kansas,KS,State Senate,38,general,Ron Ryckman Sr.,Republican,14112,73.75,True,True
2024,Kansas,KS,State Senate,38,general,Jose Lara,Democratic,5023,26.25,False,False
2024,Kansas,KS,State Senate,39,general,William Clifford,Republican,18095,80.22,True,False
2024,Kansas,KS,State Senate,39,general,Isidro Marino,Democratic,4463,19.78,False,False
2024,Kansas,KS,State Senate,40,general,Rick Billinger,Republican,30795,100.0,True,True
2024,Kentucky,KY,State Senate,19,special general,Cassie Chambers Armstrong,Democratic,8139.0,77.1,True,False
2024,Kentucky,KY,State Senate,19,special general,Misty Glin,Republican,2418.0,22.9,False,False
2024,Kentucky,KY,State Senate,28,special general,Greg Elkins,Republican,7899.0,49.8,True,False
2024,Kentucky,KY,State Senate,28,special general,Robert Sainte,Democratic,4968.0,31.3,False,False
2024,Kentucky,KY,State Senate,28,special general,Richard Henderson,Independent,3001.0,18.9,False,False
2024,Kentucky,KY,State Senate,1,general,Jason G. Howell,Republican,,,True,True
2024,Kentucky,KY,State Senate,3,general,Craig B. Richardson,Republican,,,True,False
2024,Kentucky,KY,State Senate,5,general,Stephen Meredith,Republican,41431.0,79.9,True,True
2024,Kentucky,KY,State Senate,5,general,Jamie Skudlarek,Democratic,10404.0,20.1,False,False
2024,Kentucky,KY,State Senate,7,general,Aaron Reed,Republican,40538.0,68.0,True,False
2024,Kentucky,KY,State Senate,7,general,Rhonda Davis,Democratic,19112.0,32.0,False,False
2024,Kentucky,KY,State Senate,9,general,David P. Givens,Republican,37580.0,75.3,True,True
2024,Kentucky,KY,State Senate,9,general,Karen M. Pennington,Democratic,12303.0,24.7,False,False
2024,Kentucky,KY,State Senate,11,general,Steve Rawlings,Republican,,,True,False
2024,Kentucky,KY,State Senate,13,general,Reggie Thomas,Democratic,,,True,True
2024,Kentucky,KY,State Senate,15,general,Rick Girdler,Republican,,,True,True
2024,Kentucky,KY,State Senate,17,general,Matt Nunn,Republican,42430.0,69.1,True,False
2024,Kentucky,KY,State Senate,17,general,Kiana Fields,Democratic,19015.0,30.9,False,False
2024,Kentucky,KY,State Senate,19,general,Cassie Chambers Armstrong,Democratic,,,True,True
2024,Kentucky,KY,State Senate,21,general,Brandon J. Storm,Republican,,,True,True
2024,Kentucky,KY,State Senate,23,general,Chris McDaniel,Republican,34101.0,60.0,True,True
2024,Kentucky,KY,State Senate,23,general,Jennifer Sierra,Democratic,22731.0,40.0,False,False
2024,Kentucky,KY,State Senate,25,general,Robert Stivers,Republican,,,True,True
2024,Kentucky,KY,State Senate,27,general,Steve West,Republican,34870.0,62.8,True,True
2024,Kentucky,KY,State Senate,27,general,Molly Gene Crain,Democratic,20682.0,37.2,False,False
2024,Kentucky,KY,State Senate,29,general,Scott Madon,Write-in,6825.0,35.2,True,False
2024,Kentucky,KY,State Senate,29,general,Willie Crase,Write-in,2892.0,14.9,False,False
2024,Kentucky,KY,State Senate,29,general,James Tyler Ward II,Write-in,2006.0,10.3,False,False
2024,Kentucky,KY,State Senate,29,general,James Richard Tanner Hesterberg,Write-in,1908.0,9.8,False,False
2024,Kentucky,KY,State Senate,29,general,Justin Wade Noble,Write-in,1844.0,9.5,False,False
2024,Kentucky,KY,State Senate,29,general,Leonard Hendrickson,Write-in,1266.0,6.5,False,False
2024,Kentucky,KY,State Senate,29,general,Valerie Ison Horn,Write-in,1238.0,6.4,False,False
2024,Kentucky,KY,State Senate,29,general,Craig E. Blackburn,Write-in,722.0,3.7,False,False
2024,Kentucky,KY,State Senate,29,general,John Clem,Write-in,443.0,2.3,False,False
2024,Kentucky,KY,State Senate,29,general,Paul Williams,Write-in,152.0,0.8,False,False
2024,Kentucky,KY,State Senate,29,general,Andrew Thomas Saylor,Write-in,106.0,0.5,False,False
2024,Kentucky,KY,State Senate,31,general,C. Phillip Wheeler Jr.,Republican,,,True,True
2024,Kentucky,KY,State Senate,33,general,Gerald A. Neal,Democratic,,,True,True
2024,Kentucky,KY,State Senate,35,general,Keturah J. Herron,Democratic,,,True,False
2024,Kentucky,KY,State Senate,37,general,David Yates,Democratic,25124.0,60.4,True,True
2024,Kentucky,KY,State Senate,37,general,Calvin Leach,Republican,16460.0,39.6,False,False
2024,Maine,ME,State Senate,1,general,Susan Y. Bernard,Republican,13248.0,65.78,True,False
2024,Maine,ME,State Senate,1,general,Vaughn James McLaughlin,Democratic,6892.0,34.22,False,False
2024,Maine,ME,State Senate,2,general,"Harold L. ""Trey"" Stewart III",Republican,13695.0,65.78,True,True
2024,Maine,ME,State Senate,2,general,Matthew J. Rush,Democratic,6999.0,34.22,False,False
2024,Maine,ME,State Senate,3,general,"Bradlee Thomas ""Brad"" Farrin",Republican,14088.0,67.6,True,True
2024,Maine,ME,State Senate,3,general,Vaughn James McLaughlin,Democratic,6750.0,32.4,False,False
2024,Maine,ME,State Senate,4,general,Stacey Guerin,Republican,15741.0,67.37,True,True
2024,Maine,ME,State Senate,4,general,Richard A. Evans,Democratic,7624.0,32.63,False,False
2024,Maine,ME,State Senate,5,general,Russell Black,Republican,15267.0,65.83,True,True
2024,Maine,ME,State Senate,5,general,Kathleen B. O’Donnell,Democratic,7926.0,34.17,False,False
2024,Maine,ME,State Senate,6,general,Marianne Moore,Republican,15597.0,67.64,True,True
2024,Maine,ME,State Senate,6,general,Jonathan C. Goble,Democratic,7461.0,32.36,False,False
2024,Maine,ME,State Senate,7,general,Nicole Grohoski,Democratic,15692.0,62.09,True,True
2024,Maine,ME,State Senate,7,general,Sherman Hutchins,Republican,9606.0,37.91,False,False
2024,Maine,ME,State Senate,8,general,Mike Tipping,Democratic,10240.0,50.32,True,True
2024,Maine,ME,State Senate,8,general,Leo C. Kenney,Republican,10108.0,49.68,False,False
2024,Maine,ME,State Senate,9,general,Joe Baldacci,Democratic,11601.0,58.6,True,True
2024,Maine,ME,State Senate,9,general,Sean Paul Hinkley,Republican,8196.0,41.4,False,False
2024,Maine,ME,State Senate,10,general,David Haggan,Republican,14095.0,56.9,True,False
2024,Maine,ME,State Senate,10,general,Michele Labree Daniels,Democratic,10676.0,43.1,False,False
2024,Maine,ME,State Senate,11,general,Chip Curry,Democratic,13761.0,56.08,True,True
2024,Maine,ME,State Senate,11,general,Sean Paul Hinkley,Republican,10775.0,43.92,False,False
2024,Maine,ME,State Senate,12,general,Pinny Beebe-Center,Democratic,14344.0,58.97,True,True
2024,Maine,ME,State Senate,12,general,William Scott Rocknak,Republican,9979.0,41.03,False,False
2024,Maine,ME,State Senate,13,general,Cameron Reny,Democratic,13896.0,55.5,True,True
2024,Maine,ME,State Senate,13,general,Dale C. Harmon,Republican,11143.0,44.5,False,False
2024,Maine,ME,State Senate,14,general,Craig Hickman,Democratic,12763.0,52.62,True,True
2024,Maine,ME,State Senate,14,general,Shannon McDonnell,Republican,11491.0,47.38,False,False
2024,Maine,ME,State Senate,15,general,Richard Bradstreet,Republican,10820.0,50.46,True,False
2024,Maine,ME,State Senate,15,general,Raegen French LaRochelle,Democratic,10621.0,49.54,False,False
2024,Maine,ME,State Senate,16,general,Scott Cyrway,Republican,10806.0,53.73,True,False
2024,Maine,ME,State Senate,16,general,Nate White,Democratic,9305.0,46.27,False,False
2024,Maine,ME,State Senate,17,general,Jeff Timberlake,Republican,14751.0,67.8,True,True
2024,Maine,ME,State Senate,17,general,Thomas Riley Watson,Democratic,7005.0,32.2,False,False
2024,Maine,ME,State Senate,18,general,Richard Bennett,Republican,15206.0,64.66,True,True
2024,Maine,ME,State Senate,18,general,Linda Kay Miller,Democratic,8310.0,35.34,False,False
2024,Maine,ME,State Senate,19,general,Joseph E. Martin,Republican,12901.0,56.85,True,False
2024,Maine,ME,State Senate,19,general,Bruce S. Bryant,Democratic,9793.0,43.15,False,False
2024,Maine,ME,State Senate,20,general,Bruce Bickford,Republican,11174.0,52.31,True,False
2024,Maine,ME,State Senate,20,general,Bettyann W. Sheats,Democratic,10187.0,47.69,False,False
2024,Maine,ME,State Senate,21,general,Peggy Rotundo,Democratic,,,True,True
2024,Maine,ME,State Senate,22,general,James Libby,Republican,14838.0,63.58,True,True
2024,Maine,ME,State Senate,22,general,Anne Marie McMahon,Democratic,8501.0,36.42,False,False
2024,Maine,ME,State Senate,23,general,Mattie Daughtry,Democratic,18898.0,69.0,True,True
2024,Maine,ME,State Senate,23,general,Michael J. Lawler,Republican,8489.0,31.0,False,False
2024,Maine,ME,State Senate,24,general,Denise Tepler,Democratic,13406.0,53.09,True,True
2024,Maine,ME,State Senate,24,general,Jeffrey K. Pierce,Republican,10320.0,40.87,False,False
2024,Maine,ME,State Senate,24,general,Suzanne Andresen,Independent (politician),1525.0,6.04,False,False
2024,Maine,ME,State Senate,25,general,Teresa Pierce,Democratic,17896.0,64.53,True,True
2024,Maine,ME,State Senate,25,general,James Read,Republican,9835.0,35.47,False,False
2024,Maine,ME,State Senate,26,general,Tim Nangle,Democratic,12124.0,52.03,True,True
2024,Maine,ME,State Senate,26,general,Kenneth J. Cianchette,Republican,11177.0,47.97,False,False
2024,Maine,ME,State Senate,27,general,Jill Duson,Democratic,16500.0,73.19,True,True
2024,Maine,ME,State Senate,27,general,Dale Jay Holman,Republican,4876.0,22.81,False,False
2024,Maine,ME,State Senate,28,general,Rachel Talbot Ross,Democratic,18254.0,83.41,True,True
2024,Maine,ME,State Senate,28,general,Susan M. Abercrombie,Republican,3631.0,16.59,False,False
2024,Maine,ME,State Senate,29,general,Anne Carney,Democratic,17518.0,74.86,True,True
2024,Maine,ME,State Senate,29,general,Christopher M. Howell,Republican,5884.0,25.14,False,False
2024,Maine,ME,State Senate,30,general,Stacy Brenner,Democratic,15021.0,60.33,True,True
2024,Maine,ME,State Senate,30,general,Donald R. Hamill,Republican,9875.0,39.67,False,False
2024,Maine,ME,State Senate,31,general,Donna Bailey,Democratic,13107.0,57.66,True,True
2024,Maine,ME,State Senate,31,general,James A. McCarthy,Republican,9624.0,42.34,False,False
2024,Maine,ME,State Senate,32,general,Henry Ingwersen,Democratic,12262.0,58.42,True,True
2024,Maine,ME,State Senate,32,general,James A. McCarthy,Republican,8729.0,41.58,False,False
2024,Maine,ME,State Senate,33,general,Matthew Harrington (politician),Republican,12432.0,60.62,True,True
2024,Maine,ME,State Senate,33,general,Daniel J. Lauzon,Democratic,8076.0,39.38,False,False
2024,Maine,ME,State Senate,34,general,Joe Rafferty,Democratic,15064.0,55.78,True,True
2024,Maine,ME,State Senate,34,general,Bradley Scott Ducharme,Republican,11941.0,44.22,False,False
2024,Maine,ME,State Senate,35,general,Mark Lawrence,Democratic,16491.0,63.56,True,True
2024,Maine,ME,State Senate,35,general,Julie N. Rakic,Republican,9453.0,36.44,False,False
2024,Missouri,MO,State Senate,1,general,Doug Beck,Democratic,53264.0,56.15,True,True
2024,Missouri,MO,State Senate,1,general,Robert J. Crump,Republican,41598.0,43.85,False,False
2024,Missouri,MO,State Senate,3,general,Mike Henderson,Republican,60548.0,75.86,True,False
2024,Missouri,MO,State Senate,3,general,Doug Halbert,Democratic,19273.0,24.14,False,False
2024,Missouri,MO,State Senate,5,general,Steve Roberts,Democratic,47670.0,88.57,True,True
2024,Missouri,MO,State Senate,5,general,Robert Vroman,Republican,6151.0,11.43,False,False
2024,Missouri,MO,State Senate,7,general,Patty Lewis,Democratic,58148.0,74.47,True,False
2024,Missouri,MO,State Senate,7,general,Joey LaSalle,Republican,19939.0,25.53,False,False
2024,Missouri,MO,State Senate,9,general,Barbara Washington,Democratic,50220.0,79.31,True,True
2024,Missouri,MO,State Senate,9,general,Derron Black,Republican,13103.0,20.69,False,False
2024,Missouri,MO,State Senate,11,general,Joe Nicola,Republican,37008.0,52.35,True,False
2024,Missouri,MO,State Senate,11,general,Robert Sauls,Democratic,33680.0,47.65,False,False
2024,Missouri,MO,State Senate,13,general,Angela Mosley,Democratic,,,True,True
2024,Missouri,MO,State Senate,15,general,David Gregory,Republican,56093.0,51.62,True,False
2024,Missouri,MO,State Senate,15,general,Joe Pereles,Democratic,50841.0,46.79,False,False
2024,Missouri,MO,State Senate,15,general,Jeff Coleman,Libertarian,1733.0,1.59,False,False
2024,Missouri,MO,State Senate,17,general,Maggie Nurrenbern,Democratic,44709.0,53.0,True,True
2024,Missouri,MO,State Senate,17,general,Jerry Nolte,Republican,39650.0,47.0,False,False
2024,Missouri,MO,State Senate,19,general,Stephen Webber,Democratic,48998.0,56.97,True,False
2024,Missouri,MO,State Senate,19,general,James Coyne,Republican,37010.0,43.03,False,False
2024,Missouri,MO,State Senate,21,general,Kurtis Gregory,Republican,64446.0,69.32,True,False
2024,Missouri,MO,State Senate,21,general,Jim Bates,Democratic,28521.0,30.68,False,False
2024,Missouri,MO,State Senate,23,general,Adam Schnelting,Republican,51308.0,55.09,True,False
2024,Missouri,MO,State Senate,23,general,Matt Williams,Democratic,41822.0,44.91,False,False
2024,Missouri,MO,State Senate,25,general,Jason Bean,Republican,62593.0,83.67,True,True
2024,Missouri,MO,State Senate,25,general,Chuck Banks,Democratic,12215.0,16.33,False,False
2024,Missouri,MO,State Senate,27,general,Jamie Burger,Republican,,,True,False
2024,Missouri,MO,State Senate,29,general,Mike Moon,Republican,73685.0,80.08,True,True
2024,Missouri,MO,State Senate,29,general,Ron Monnig,Democratic,18326.0,19.92,False,False
2024,Missouri,MO,State Senate,31,general,Rick Brattin,Republican,60541.0,68.51,True,True
2024,Missouri,MO,State Senate,31,general,Raymond L. James,Democratic,27825.0,31.49,False,False
2024,Missouri,MO,State Senate,33,general,Brad Hudson,Republican,,,True,False
2024,Montana,MT,State Senate,2,general,Dave Fern,Democratic,6860,52.0,True,False
2024,Montana,MT,State Senate,2,general,Doug Adams,Republican,6227,48.0,False,False
2024,Montana,MT,State Senate,3,general,Carl Glimm,Republican,9590,70.0,True,False
2024,Montana,MT,State Senate,3,general,Angela Kennedy,Democratic,4100,30.0,False,False
2024,Montana,MT,State Senate,5,general,Matt Regier,Republican,9157,74.0,True,False
2024,Montana,MT,State Senate,5,general,Link Neimark,Democratic,3162,26.0,False,False
2024,Montana,MT,State Senate,7,general,Greg Hertz,Republican,9271,73.0,True,False
2024,Montana,MT,State Senate,7,general,Craig Pablo,Democratic,3472,27.0,False,False
2024,Montana,MT,State Senate,13,general,Josh Kassmier,Republican,9676,98.0,True,False
2024,Montana,MT,State Senate,15,general,Gregg Hunter,Republican,9311,100.0,True,False
2024,Montana,MT,State Senate,16,general,Jonathan Windy Boy,Democratic,4554,61.0,True,False
2024,Montana,MT,State Senate,16,general,Perri Jacobs,Republican,2902,39.0,False,False
2024,Montana,MT,State Senate,17,general,Bob Phalen,Republican,10096,100.0,True,False
2024,Montana,MT,State Senate,20,general,Sue Vinton,Republican,6820,70.0,True,False
2024,Montana,MT,State Senate,20,general,Linda Auch,Democratic,2841,29.0,False,False
2024,Montana,MT,State Senate,21,general,Gayle Lammers,Republican,3796,57.0,True,False
2024,Montana,MT,State Senate,21,general,Sharon Peregoy,Democratic,2885,43.0,False,False
2024,Montana,MT,State Senate,24,general,Mike Yakawich,Republican,4283,54.0,True,False
2024,Montana,MT,State Senate,24,general,Mark Nicholson,Democratic,3675,46.0,False,False
2024,Montana,MT,State Senate,26,general,Tom McGillvray,Republican,7696,64.0,True,False
2024,Montana,MT,State Senate,26,general,Karen Lyncoln,Democratic,4347,36.0,False,False
2024,Montana,MT,State Senate,27,general,Vince Ricci,Republican,8446,74.0,True,False
2024,Montana,MT,State Senate,27,general,Kathleen Gilluly,Democratic,2942,26.0,False,False
2024,Montana,MT,State Senate,30,general,Cora Neumann,Democratic,8221,58.0,True,False
2024,Montana,MT,State Senate,30,general,Tyler Rogers,Republican,5853,42.0,False,False
2024,Montana,MT,State Senate,33,general,Christopher Pope,Democratic,7534,57.0,True,False
2024,Montana,MT,State Senate,33,general,Neal Ganser,Republican,5772,43.0,False,False
2024,Montana,MT,State Senate,35,general,Tony Tezak,Republican,11666,100.0,True,False
2024,Montana,MT,State Senate,36,general,Sara Novak,Democratic,6549,62.0,True,False
2024,Montana,MT,State Senate,36,general,Darlean Newman,Republican,3948,38.0,False,False
2024,Montana,MT,State Senate,37,general,Derek J. Harvey,Democratic,6291,60.0,True,False
2024,Montana,MT,State Senate,37,general,Jim Kephart,Republican,4226,40.0,False,False
2024,Montana,MT,State Senate,38,general,Becky Beard,Republican,10056,72.0,True,False
2024,Montana,MT,State Senate,38,general,Jeffrey Benson,Democratic,3819,28.0,False,False
2024,Montana,MT,State Senate,39,general,Wylie Galt,Republican,10302,78.0,True,False
2024,Montana,MT,State Senate,39,general,Bruce Shultz,Democratic,2896,22.0,False,False
2024,Montana,MT,State Senate,40,general,Laura Smith,Democratic,6633,54.0,True,False
2024,Montana,MT,State Senate,40,general,Greg Guthrie,Republican,5713,46.0,False,False
2024,Montana,MT,State Senate,44,general,Theresa Manzella,Republican,10349,71.0,True,False
2024,Montana,MT,State Senate,44,general,Cade Scatolini,Democratic,4054,28.0,False,False
2024,Montana,MT,State Senate,45,general,Denley Loge,Republican,7714,59.0,True,False
2024,Montana,MT,State Senate,45,general,Devin Jackson,Democratic,4321,33.0,False,False
2024,Montana,MT,State Senate,45,general,Kelley Durbin-Williams,Independent,1029,8.0,False,False
2024,Montana,MT,State Senate,46,general,Jacinda Morigeau,Democratic,7328,58.0,True,False
2024,Montana,MT,State Senate,46,general,Charles Headley,Republican,5252,42.0,False,False
2024,Montana,MT,State Senate,47,general,Ellie Boldman,Democratic,7858,59.0,True,False
2024,Montana,MT,State Senate,47,general,Abigail Maki,Republican,5486,41.0,False,False
2024,Nevada,NV,State Senate,1,general,Michelee Crawford,Democratic,40066,58.97,True,False
2024,Nevada,NV,State Senate,1,general,Patricia Brinkley,Republican,27880,41.03,False,False
2024,Nevada,NV,State Senate,3,general,Rochelle Nguyen,Democratic,28254,54.81,True,True
2024,Nevada,NV,State Senate,3,general,Brent Howard,Republican,21215,41.16,False,False
2024,Nevada,NV,State Senate,3,general,Keya Jones,Independent,2078,4.03,False,False
2024,Nevada,NV,State Senate,4,general,Dina Neal,Democratic,37149,100.0,True,True
2024,Nevada,NV,State Senate,5,general,Carrie Buck,Republican,42275,53.46,True,True
2024,Nevada,NV,State Senate,5,general,Jennifer Atlas,Democratic,36802,46.54,False,False
2024,Nevada,NV,State Senate,6,general,Nicole Cannizzaro,Democratic,37171,51.69,True,True
2024,Nevada,NV,State Senate,6,general,Jill Douglass,Republican,32730,45.51,False,False
2024,Nevada,NV,State Senate,6,general,Brad Lee Barnhill,Independent American,2017,2.8,False,False
2024,Nevada,NV,State Senate,7,general,Roberta Lange,Democratic,29581,58.38,True,True
2024,Nevada,NV,State Senate,7,general,Leonel Henderson Jr,Republican,21093,41.62,False,False
2024,Nevada,NV,State Senate,11,general,Lori Rogich,Republican,37668,50.71,True,False
2024,Nevada,NV,State Senate,11,general,Dallas Harris,Democratic,36615,49.29,False,True
2024,Nevada,NV,State Senate,15,general,Angie Taylor,Democratic,39755,54.94,True,False
2024,Nevada,NV,State Senate,15,general,Mike Ginsburg,Republican,32607,45.06,False,False
2024,Nevada,NV,State Senate,18,general,John Steinbeck,Republican,46354,56.91,True,False
2024,Nevada,NV,State Senate,18,general,Ronald Bioldeau,Democratic,35092,43.09,False,False
2024,Nevada,NV,State Senate,19,general,John Ellison,Republican,64727,100.0,True,False
2024,New Hampshire,NH,State Senate,1,general,David Rochefort,Republican,17613,56.82,True,False
2024,New Hampshire,NH,State Senate,1,general,Rusty Talbot,Democratic,13371,43.14,False,False
2024,New Hampshire,NH,State Senate,2,general,Timothy Lang Sr.,Republican,20117,58.28,True,True
2024,New Hampshire,NH,State Senate,2,general,Carlos Cardona,Democratic,14372,41.64,False,False
2024,New Hampshire,NH,State Senate,3,general,Mark McConkey,Republican,21058,56.7,True,False
2024,New Hampshire,NH,State Senate,3,general,Bill Marsh,Democratic,16066,43.25,False,False
2024,New Hampshire,NH,State Senate,4,general,David H. Watters,Democratic,19666,60.45,True,True
2024,New Hampshire,NH,State Senate,4,general,Shawn Mickelonis,Republican,12847,39.5,False,False
2024,New Hampshire,NH,State Senate,5,general,Suzanne Prentiss,Democratic,23028,66.21,True,True
2024,New Hampshire,NH,State Senate,5,general,John J. McIntyre,Republican,11709,33.67,False,False
2024,New Hampshire,NH,State Senate,6,general,James P. Gray,Republican,18561,59.77,True,True
2024,New Hampshire,NH,State Senate,6,general,John Ceskavich,Democratic,12483,40.19,False,False
2024,New Hampshire,NH,State Senate,7,general,Daniel Innis,Republican,17888,55.48,True,True
2024,New Hampshire,NH,State Senate,7,general,Stu Green,Democratic,14337,44.47,False,False
2024,New Hampshire,NH,State Senate,8,general,Ruth Ward,Republican,18463,58.25,True,True
2024,New Hampshire,NH,State Senate,8,general,David Trumble,Democratic,13178,41.63,False,False
2024,New Hampshire,NH,State Senate,9,general,Denise Ricciardi,Republican,17235,51.49,True,True
2024,New Hampshire,NH,State Senate,9,general,Matthew McLaughlin,Democratic,16211,48.43,False,False
2024,New Hampshire,NH,State Senate,10,general,Donovan Fenton,Democratic,20841,63.12,True,True
2024,New Hampshire,NH,State Senate,10,general,Rick Merkt,Republican,12166,36.85,False,False
2024,New Hampshire,NH,State Senate,11,general,Tim McGough,Republican,18440,50.9,True,False
2024,New Hampshire,NH,State Senate,11,general,Shannon Chandley,Democratic,17767,49.05,False,True
2024,New Hampshire,NH,State Senate,12,general,Kevin Avard,Republican,19841,55.88,True,True
2024,New Hampshire,NH,State Senate,12,general,Ben Ming,Democratic,15643,44.06,False,False
2024,New Hampshire,NH,State Senate,13,general,Cindy Rosenwald,Democratic,14334,56.72,True,True
2024,New Hampshire,NH,State Senate,13,general,Stephen Scaer,Republican,10913,43.19,False,False
2024,New Hampshire,NH,State Senate,14,general,Sharon Carson,Republican,19429,58.76,True,True
2024,New Hampshire,NH,State Senate,14,general,Kara Roy,Democratic,13611,41.17,False,False
2024,New Hampshire,NH,State Senate,15,general,Tara Reardon,Democratic,20272,62.89,True,False
2024,New Hampshire,NH,State Senate,15,general,Pamela Ean,Republican,11912,36.95,False,False
2024,New Hampshire,NH,State Senate,16,general,Keith Murphy,Republican,18435,56.63,True,True
2024,New Hampshire,NH,State Senate,16,general,Michael York,Democratic,14080,43.25,False,False
2024,New Hampshire,NH,State Senate,17,general,Howard Pearl,Republican,19762,57.72,True,True
2024,New Hampshire,NH,State Senate,17,general,Kelly Roberts,Democratic,14456,42.23,False,False
2024,New Hampshire,NH,State Senate,18,general,Victoria Sullivan,Republican,13289,51.42,True,False
2024,New Hampshire,NH,State Senate,18,general,Donna Soucy,Democratic,12541,48.52,False,True
2024,New Hampshire,NH,State Senate,19,general,Regina Birdsell,Republican,19505,60.76,True,True
2024,New Hampshire,NH,State Senate,19,general,Michelle Moge,Democratic,12556,39.11,False,False
2024,New Hampshire,NH,State Senate,20,general,Pat Long,Democratic,13159,56.05,True,False
2024,New Hampshire,NH,State Senate,20,general,Brittany Ping,Republican,10290,43.83,False,False
2024,New Hampshire,NH,State Senate,21,general,Rebecca Perkins Kwoka,Democratic,22700,66.98,True,True
2024,New Hampshire,NH,State Senate,21,general,Don Cardinale,Republican,11155,32.91,False,False
2024,New Hampshire,NH,State Senate,22,general,Daryl Abbas,Republican,22892,63.94,True,True
2024,New Hampshire,NH,State Senate,22,general,Wayne Haubner,Democratic,12899,36.03,False,False
2024,New Hampshire,NH,State Senate,23,general,Bill Gannon,Republican,22670,62.36,True,True
2024,New Hampshire,NH,State Senate,23,general,Brenda Oldak,Democratic,13648,37.54,False,False
2024,New Hampshire,NH,State Senate,24,general,Debra Altschiller,Democratic,20497,54.74,True,True
2024,New Hampshire,NH,State Senate,24,general,Patrick Abrami,Republican,16926,45.22,False,False
2024,New Mexico,NM,State Senate,1,general,William Sharer,Republican,14505,100.0,True,True
2024,New Mexico,NM,State Senate,2,general,Steve Lanier,Republican,16832,78.47,True,False
2024,New Mexico,NM,State Senate,2,general,Songtree Pioche,Democratic,4617,21.53,False,False
2024,New Mexico,NM,State Senate,3,general,Shannon Pinto,Democratic,13968,100.0,True,True
2024,New Mexico,NM,State Senate,4,general,George Muñoz,Democratic,13091,100.0,True,True
2024,New Mexico,NM,State Senate,5,general,Leo Jaramillo,Democratic,16183,100.0,True,True
2024,New Mexico,NM,State Senate,6,general,Roberto Gonzales,Democratic,18958,100.0,True,True
2024,New Mexico,NM,State Senate,7,general,Pat Woods,Republican,13722,100.0,True,True
2024,New Mexico,NM,State Senate,8,general,Pete Campos,Democratic,15016,100.0,True,True
2024,New Mexico,NM,State Senate,9,general,Cindy Nava,Democratic,15588,55.85,True,False
2024,New Mexico,NM,State Senate,9,general,Audrey Trujillo,Republican,12320,44.15,False,False
2024,New Mexico,NM,State Senate,10,general,Katy Duhigg,Democratic,15846,57.57,True,True
2024,New Mexico,NM,State Senate,10,general,Rudy Mora,Republican,11678,42.43,False,False
2024,New Mexico,NM,State Senate,11,general,Linda Lopez,Democratic,9665,100.0,True,True
2024,New Mexico,NM,State Senate,12,general,Jay Block,Republican,13643,52.42,True,False
2024,New Mexico,NM,State Senate,12,general,Phillip Ramirez,Democratic,12382,47.58,False,False
2024,New Mexico,NM,State Senate,13,general,Debbie O'Malley,Democratic,14921,100.0,True,False
2024,New Mexico,NM,State Senate,14,general,Michael Padilla,Democratic,11349,100.0,True,True
2024,New Mexico,NM,State Senate,15,general,Heather Berghmans,Democratic,12920,60.68,True,False
2024,New Mexico,NM,State Senate,15,general,Craig Degenhardt,Republican,8371,39.32,False,False
2024,New Mexico,NM,State Senate,16,general,Antoinette Sedillo Lopez,Democratic,18219,100.0,True,True
2024,New Mexico,NM,State Senate,17,general,Mimi Stewart,Democratic,9117,100.0,True,True
2024,New Mexico,NM,State Senate,18,general,Natalie Figueroa,Democratic,15131,58.04,True,False
2024,New Mexico,NM,State Senate,18,general,Kurstin Johnson,Republican,10938,41.96,False,False
2024,New Mexico,NM,State Senate,19,general,Ant Thornton,Republican,17400,57.02,True,False
2024,New Mexico,NM,State Senate,19,general,William Burton Scott,Democratic,13115,42.98,False,False
2024,New Mexico,NM,State Senate,20,general,Martin Hickey,Democratic,14222,57.53,True,True
2024,New Mexico,NM,State Senate,20,general,Wayne Yevoli,Republican,10497,42.47,False,False
2024,New Mexico,NM,State Senate,21,general,Nicole Tobiassen,Republican,15719,52.81,True,False
2024,New Mexico,NM,State Senate,21,general,Athena Ann Christodoulou,Democratic,14048,47.19,False,False
2024,New Mexico,NM,State Senate,22,general,Benny Shendo,Democratic,13989,100.0,True,True
2024,New Mexico,NM,State Senate,23,general,Harold Pope Jr.,Democratic,13267,53.38,True,True
2024,New Mexico,NM,State Senate,23,general,Terry Lynne Aragon,Republican,11586,46.62,False,False
2024,New Mexico,NM,State Senate,24,general,Linda Trujillo,Democratic,18058,100.0,True,False
2024,New Mexico,NM,State Senate,25,general,Peter Wirth,Democratic,28249,100.0,True,True
2024,New Mexico,NM,State Senate,26,general,Moe Maestas,Democratic,13716,100.0,True,True
2024,New Mexico,NM,State Senate,27,general,Pat Boone,Republican,16093,100.0,True,False
2024,New Mexico,NM,State Senate,28,general,Gabriel Ramos,Republican,11386,55.42,True,False
2024,New Mexico,NM,State Senate,28,general,Chris Ponce,Democratic,9159,44.58,False,False
2024,New Mexico,NM,State Senate,29,general,Joshua Sanchez,Republican,13605,59.3,True,True
2024,New Mexico,NM,State Senate,29,general,Tina Garcia,Democratic,9337,40.7,False,False
2024,New Mexico,NM,State Senate,30,general,Angel Charley,Democratic,11756,100.0,True,False
2024,New Mexico,NM,State Senate,31,general,Joe Cervantes,Democratic,8853,100.0,True,True
2024,New Mexico,NM,State Senate,32,general,Candy Ezzell,Republican,12484,100.0,True,False
2024,New Mexico,NM,State Senate,33,general,Nick Paul,Republican,16258,100.0,True,False
2024,New Mexico,NM,State Senate,34,general,Jim Townsend,Republican,14062,100.0,True,False
2024,New Mexico,NM,State Senate,35,general,Crystal Brantley,Republican,17820,100.0,True,True
2024,New Mexico,NM,State Senate,36,general,Jeff Steinborn,Democratic,11154,55.92,True,True
2024,New Mexico,NM,State Senate,36,general,David Tofsted,Republican,8792,44.08,False,False
2024,New Mexico,NM,State Senate,37,general,William Soules,Democratic,15693,100.0,True,True
2024,New Mexico,NM,State Senate,38,general,Carrie Hamblen,Democratic,8643,50.88,True,True
2024,New Mexico,NM,State Senate,38,general,Samantha Barncastle Salopek,Republican,8345,49.12,False,False
2024,New Mexico,NM,State Senate,39,general,Liz Stefanics,Democratic,16371,100.0,True,True
2024,New Mexico,NM,State Senate,40,general,Craig Brandt,Republican,14345,54.01,True,True
2024,New Mexico,NM,State Senate,40,general,Amina Everett,Democratic,12217,45.99,False,False
2024,New Mexico,NM,State Senate,41,general,David Gallegos,Republican,11157,100.0,True,True
2024,New Mexico,NM,State Senate,42,general,Larry Scott,Republican,15583,100.0,True,False
2024,New York,NY,State Senate,1,general,Anthony Palumbo,Republican,87591,46.81,True,True
2024,New York,NY,State Senate,1,general,Sarah Anker,Democratic,77853,46.45,False,False
2024,New York,NY,State Senate,2,general,Mario Mattera,Republican,103865,51.75,True,True
2024,New York,NY,State Senate,2,general,Craig Herskowitz,Democratic,74307,41.68,False,False
2024,New York,NY,State Senate,3,general,Dean Murray,Republican,89268,54.36,True,True
2024,New York,NY,State Senate,3,general,Michael Conroy,Democratic,55904,38.49,False,False
2024,New York,NY,State Senate,4,general,Monica Martinez,Democratic,62016,53.43,True,True
2024,New York,NY,State Senate,4,general,Teresa Bryant,Republican,47745,38.73,False,False
2024,New York,NY,State Senate,5,general,Steven Rhoads,Republican,106245,56.5,True,True
2024,New York,NY,State Senate,5,general,Lisa Lin,Democratic,66977,38.62,False,False
2024,New York,NY,State Senate,6,general,Siela Bynoe,Democratic,78937,60.83,True,False
2024,New York,NY,State Senate,6,general,Thomas Montefinise,Republican,50713,35.66,False,False
2024,New York,NY,State Senate,7,general,Jack Martins,Republican,88253,51.28,True,True
2024,New York,NY,State Senate,7,general,Kim Keiserman,Democratic,71700,44.76,False,False
2024,New York,NY,State Senate,8,general,Alexis Weik,Republican,118603,60.02,True,False
2024,New York,NY,State Senate,8,general,Francis Dolan,Democratic,57826,32.77,False,False
2024,New York,NY,State Senate,9,general,Patricia Canzoneri-Fitzpatrick,Republican,83898,50.2,True,False
2024,New York,NY,State Senate,9,general,James Lynch,Democratic,70405,45.53,False,False
2024,New York,NY,State Senate,10,general,James Sanders Jr.,Democratic,68074,68.19,True,False
2024,New York,NY,State Senate,10,general,Michael O'Reilly,Republican,27673,26.21,False,False
2024,New York,NY,State Senate,11,general,Toby Ann Stavisky,Democratic,56263,51.0,True,False
2024,New York,NY,State Senate,11,general,Yiatin Chu,Republican,47208,41.89,False,False
2024,New York,NY,State Senate,12,general,Michael Gianaris,Democratic,58869,55.89,True,False
2024,New York,NY,State Senate,12,general,Han-Khon To,Republican,28192,32.28,False,False
2024,New York,NY,State Senate,13,general,Jessica Ramos,Democratic,48367,82.5,True,False
2024,New York,NY,State Senate,14,general,Leroy Comrie,Democratic,89194,98.99,True,True
2024,New York,NY,State Senate,15,general,Joseph Addabbo Jr.,Democratic,53113,76.5,True,True
2024,New York,NY,State Senate,15,general,Danniel Maio,Conservative,15972,23.0,False,False
2024,New York,NY,State Senate,16,general,John Liu,Democratic,48470,71.81,True,False
2024,New York,NY,State Senate,16,general,Juan Pagan,Conservative,12299,20.14,False,False
2024,New York,NY,State Senate,17,general,Steve Chan,Republican,30868,49.47,True,False
2024,New York,NY,State Senate,17,general,Iwen Chu,Democratic,25364,40.16,False,False
2024,New York,NY,State Senate,18,general,Julia Salazar,Democratic,67889,80.03,True,False
2024,New York,NY,State Senate,19,general,Roxanne Persaud,Democratic,74011,99.58,True,True
2024,New York,NY,State Senate,20,general,Zellnor Myrie,Democratic,107498,99.34,True,True
2024,New York,NY,State Senate,21,general,Kevin Parker,Democratic,82275,98.44,True,True
2024,New York,NY,State Senate,22,general,Simcha Felder,Republican,74999,61.4,True,False
2024,New York,NY,State Senate,23,general,Jessica Scarcella-Spanton,Democratic,47737,54.98,True,True
2024,New York,NY,State Senate,23,general,Marko Kepi,Republican,38701,44.57,False,False
2024,New York,NY,State Senate,24,general,Andrew Lanza,Republican,120644,88.92,True,False
2024,New York,NY,State Senate,25,general,Jabari Brisport,Democratic,90484,99.42,True,True
2024,New York,NY,State Senate,26,general,Andrew Gounardes,Democratic,91407,67.16,True,False
2024,New York,NY,State Senate,26,general,Vito Labella,Republican,24639,18.42,False,False
2024,New York,NY,State Senate,27,general,Brian Kavanagh,Democratic,88217,88.79,True,False
2024,New York,NY,State Senate,28,general,Liz Krueger,Democratic,97851,75.88,True,True
2024,New York,NY,State Senate,28,general,Louis Puliafito,Republican,30881,23.94,False,False
2024,New York,NY,State Senate,29,general,José M. Serrano,Democratic,65717,75.82,True,False
2024,New York,NY,State Senate,29,general,Tanya Carmichael,Republican,14556,16.46,False,False
2024,New York,NY,State Senate,30,general,Cordell Cleare,Democratic,90523,88.48,True,False
2024,New York,NY,State Senate,31,general,Robert Jackson,Democratic,70294,86.32,True,False
2024,New York,NY,State Senate,32,general,Luis R. Sepúlveda,Democratic,45549,79.0,True,True
2024,New York,NY,State Senate,32,general,Bernadette Stroud,Republican,11982,18.64,False,False
2024,New York,NY,State Senate,33,general,Gustavo Rivera,Democratic,51635,69.13,True,False
2024,New York,NY,State Senate,33,general,Dion Powell,Republican,17303,22.95,False,False
2024,New York,NY,State Senate,34,general,Nathalia Fernandez,Democratic,58327,67.47,True,True
2024,New York,NY,State Senate,34,general,Edwinna Herrera,Republican,27908,29.38,False,False
2024,New York,NY,State Senate,35,general,Andrea Stewart-Cousins,Democratic,81254,62.76,True,False
2024,New York,NY,State Senate,35,general,Khristen Kerr,Republican,41541,33.81,False,False
2024,New York,NY,State Senate,36,general,Jamaal Bailey,Democratic,77594,91.49,True,True
2024,New York,NY,State Senate,36,general,Irene Estrada,Conservative,7086,8.35,False,False
2024,New York,NY,State Senate,37,general,Shelley Mayer,Democratic,90881,59.1,True,False
2024,New York,NY,State Senate,37,general,Tricia Lindsay,Republican,56284,35.37,False,False
2024,New York,NY,State Senate,38,general,Bill Weber,Republican,69278,47.95,True,False
2024,New York,NY,State Senate,38,general,Elijah Reichlin-Melnick,Democratic,59750,45.17,False,False
2024,New York,NY,State Senate,38,general,Barbara Francis,Working Families,3099,2.34,False,False
2024,New York,NY,State Senate,39,general,Robert Rolison,Republican,75594,45.12,True,False
2024,New York,NY,State Senate,39,general,Yvette Valdés Smith,Democratic,73520,45.42,False,False
2024,New York,NY,State Senate,40,general,Peter Harckham,Democratic,88582,50.87,True,False
2024,New York,NY,State Senate,40,general,Gina Arena,Republican,76660,42.2,False,False
2024,New York,NY,State Senate,41,general,Michelle Hinchey,Democratic,102154,50.85,True,False
2024,New York,NY,State Senate,41,general,Patrick Sheehan,Republican,72022,36.0,False,False
2024,New York,NY,State Senate,42,general,James Skoufis,Democratic,73420,51.01,True,False
2024,New York,NY,State Senate,42,general,Dorey F. Houle,Republican,54614,40.51,False,False
2024,New York,NY,State Senate,42,general,Timothy Mitts,Conservative,6694,4.97,False,False
2024,New York,NY,State Senate,43,general,Jake Ashby,Republican,81727,46.65,True,False
2024,New York,NY,State Senate,43,general,Alvin Gamble,Democratic,67824,45.32,False,False
2024,New York,NY,State Senate,44,general,James Tedisco,Republican,92445,50.75,True,False
2024,New York,NY,State Senate,44,general,Minita Sanghvi,Democratic,67284,38.95,False,False
2024,New York,NY,State Senate,45,general,Dan Stec,Republican,106073,84.49,True,False
2024,New York,NY,State Senate,46,general,Patricia Fahy,Democratic,81976,50.16,True,False
2024,New York,NY,State Senate,46,general,Ted J. Danz Jr.,Republican,64599,37.67,False,False
2024,New York,NY,State Senate,47,general,Brad Hoylman-Sigal,Democratic,112711,77.2,True,False
2024,New York,NY,State Senate,47,general,Emily Yuexin Miller,Republican,21537,16.01,False,False
2024,New York,NY,State Senate,48,general,Rachel May,Democratic,78782,52.8,True,False
2024,New York,NY,State Senate,48,general,Caleb Slater,Republican,55980,41.5,False,False
2024,New York,NY,State Senate,49,general,Mark Walczyk,Republican,108119,86.81,True,False
2024,New York,NY,State Senate,50,general,Chris Ryan,Democratic,81673,46.5,True,False
2024,New York,NY,State Senate,50,general,Nick Paro,Republican,80163,43.4,False,False
2024,New York,NY,State Senate,51,general,Peter Oberacker,Republican,91282,53.16,True,False
2024,New York,NY,State Senate,51,general,Michele Frazier,Democratic,62485,36.15,False,False
2024,New York,NY,State Senate,52,general,Lea Webb,Democratic,79175,50.56,True,False
2024,New York,NY,State Senate,52,general,Michael Sigler,Republican,58429,40.92,False,False
2024,New York,NY,State Senate,53,general,Joseph Griffo,Republican,99459,62.81,True,False
2024,New York,NY,State Senate,53,general,James Meyers,Democratic,42206,27.01,False,False
2024,New York,NY,State Senate,54,general,Pamela Helming,Republican,103437,55.49,True,False
2024,New York,NY,State Senate,54,general,Scott Comegys,Democratic,56888,35.47,False,False
2024,New York,NY,State Senate,55,general,Samra Brouk,Democratic,97740,56.36,True,False
2024,New York,NY,State Senate,55,general,Luis Martinez,Republican,60980,33.09,False,False
2024,New York,NY,State Senate,56,general,Jeremy Cooney,Democratic,76341,54.04,True,False
2024,New York,NY,State Senate,56,general,Jim VanBrederode,Republican,53292,35.34,False,False
2024,New York,NY,State Senate,57,general,George Borrello,Republican,114704,84.93,True,False
2024,New York,NY,State Senate,58,general,Tom O'Mara,Republican,114814,85.99,True,False
2024,New York,NY,State Senate,59,general,Kristen Gonzalez,Democratic,100073,83.37,True,False
2024,New York,NY,State Senate,60,general,Patrick Gallivan,Republican,136892,79.09,True,False
2024,New York,NY,State Senate,61,general,Sean Ryan,Democratic,88420,56.04,True,False
2024,New York,NY,State Senate,61,general,Christine Czarnik,Republican,54666,32.35,False,False
2024,New York,NY,State Senate,62,general,Robert Ortt,Republican,113744,81.97,True,False
2024,New York,NY,State Senate,63,general,April Baskin,Democratic,69966,61.01,True,False
2024,New York,NY,State Senate,63,general,John Moretti Jr.,Republican,35384,28.47,False,False
2024,North Carolina,NC,State Senate,1,general,Bobby Hanig,Republican,62805,57.21,True,True
2024,North Carolina,NC,State Senate,1,general,Susan Harman-Scott,Democratic,46979,42.79,False,False
2024,North Carolina,NC,State Senate,2,general,Norman Sanderson,Republican,63006,56.05,True,True
2024,North Carolina,NC,State Senate,2,general,Tare Davis,Democratic,47001,41.81,False,False
2024,North Carolina,NC,State Senate,2,general,Maria Cormos,Libertarian,2406,2.14,False,False
2024,North Carolina,NC,State Senate,3,general,Bob Brinson,Republican,64025,59.99,True,True
2024,North Carolina,NC,State Senate,3,general,Charles Dudley,Democratic,42704,40.01,False,False
2024,North Carolina,NC,State Senate,4,general,Buck Newton,Republican,55389,55.12,True,True
2024,North Carolina,NC,State Senate,4,general,Raymond Smith Jr.,Democratic,45096,44.88,False,False
2024,North Carolina,NC,State Senate,5,general,Kandie Smith,Democratic,59440,55.08,True,True
2024,North Carolina,NC,State Senate,5,general,Alexander Paschall,Republican,48469,44.92,False,False
2024,North Carolina,NC,State Senate,6,general,Michael Lazzara,Republican,53923,69.63,True,True
2024,North Carolina,NC,State Senate,6,general,Andi Morrow,Democratic,23519,30.37,False,False
2024,North Carolina,NC,State Senate,7,general,Michael Lee,Republican,63217,52.21,True,True
2024,North Carolina,NC,State Senate,7,general,David Hill,Democratic,52953,43.74,False,False
2024,North Carolina,NC,State Senate,7,general,John Evans,Libertarian,4903,4.05,False,False
2024,North Carolina,NC,State Senate,8,general,Bill Rabon,Republican,87026,59.9,True,True
2024,North Carolina,NC,State Senate,8,general,Katherine Randall,Democratic,58259,40.1,False,False
2024,North Carolina,NC,State Senate,9,general,Brent Jackson,Republican,68632,65.03,True,True
2024,North Carolina,NC,State Senate,9,general,Jamie Campbell Bowles,Democratic,36900,34.97,False,False
2024,North Carolina,NC,State Senate,10,general,Benton Sawrey,Republican,70773,58.75,True,True
2024,North Carolina,NC,State Senate,10,general,Felicia Baxter,Democratic,45346,37.64,False,False
2024,North Carolina,NC,State Senate,10,general,Christopher Sessions,Libertarian,4351,3.61,False,False
2024,North Carolina,NC,State Senate,11,general,Lisa Stone Barnes,Republican,57713,51.29,True,True
2024,North Carolina,NC,State Senate,11,general,James Mercer,Democratic,54806,48.71,False,False
2024,North Carolina,NC,State Senate,12,general,Jim Burgin,Republican,57151,61.61,True,True
2024,North Carolina,NC,State Senate,12,general,Tanya White Anderson,Democratic,35611,38.39,False,False
2024,North Carolina,NC,State Senate,13,general,Lisa Grafstein,Democratic,64074,50.21,True,True
2024,North Carolina,NC,State Senate,13,general,Scott Lassiter,Republican,59829,46.89,False,False
2024,North Carolina,NC,State Senate,13,general,Susan Hogarth,Libertarian,3700,2.9,False,False
2024,North Carolina,NC,State Senate,14,general,Dan Blue,Democratic,74519,73.46,True,True
2024,North Carolina,NC,State Senate,14,general,Angela McCarty,Republican,23978,23.64,False,False
2024,North Carolina,NC,State Senate,14,general,Sammie Brooks,Libertarian,2945,2.9,False,False
2024,North Carolina,NC,State Senate,15,general,Jay Chaudhuri,Democratic,67355,65.95,True,True
2024,North Carolina,NC,State Senate,15,general,David Bankert,Republican,30867,30.22,False,False
2024,North Carolina,NC,State Senate,15,general,Kat McDonald,Libertarian,3915,3.83,False,False
2024,North Carolina,NC,State Senate,16,general,Gale Adcock,Democratic,84424,100.0,True,True
2024,North Carolina,NC,State Senate,17,general,Sydney Batch,Democratic,71610,74.38,True,True
2024,North Carolina,NC,State Senate,17,general,Patrick Bowersox,Libertarian,24661,25.62,False,False
2024,North Carolina,NC,State Senate,18,general,Terence Everitt,Democratic,59667,48.47,True,False
2024,North Carolina,NC,State Senate,18,general,Ashlee Bryan Adams,Republican,59539,48.36,False,False
2024,North Carolina,NC,State Senate,18,general,Brad Hessel,Libertarian,3906,3.17,False,False
2024,North Carolina,NC,State Senate,19,general,Val Applewhite,Democratic,55697,62.87,True,True
2024,North Carolina,NC,State Senate,19,general,Semone Pemberton,Republican,30005,33.87,False,False
2024,North Carolina,NC,State Senate,19,general,Steven Swinton,Libertarian,2884,3.26,False,False
2024,North Carolina,NC,State Senate,20,general,Natalie Murdock,Democratic,90128,72.28,True,True
2024,North Carolina,NC,State Senate,20,general,Christopher Partain,Republican,34570,27.72,False,False
2024,North Carolina,NC,State Senate,21,general,Tom McInnis,Republican,67494,62.76,True,True
2024,North Carolina,NC,State Senate,21,general,Maurice (Butch) Holland Jr.,Democratic,40052,37.24,False,False
2024,North Carolina,NC,State Senate,22,general,Sophia Chitlik,Democratic,83844,85.98,True,False
2024,North Carolina,NC,State Senate,22,general,Ray Ubinger,Libertarian,13674,14.02,False,False
2024,North Carolina,NC,State Senate,23,general,Graig Meyer,Democratic,77146,65.85,True,True
2024,North Carolina,NC,State Senate,23,general,Laura Pichardo,Republican,40011,34.15,False,False
2024,North Carolina,NC,State Senate,24,general,Danny Britt,Republican,47538,58.74,True,True
2024,North Carolina,NC,State Senate,24,general,Kathy Batt,Democratic,33387,41.26,False,False
2024,North Carolina,NC,State Senate,25,general,Amy Galey,Republican,67762,60.25,True,True
2024,North Carolina,NC,State Senate,25,general,Donna Vanhook,Democratic,44711,39.75,False,False
2024,North Carolina,NC,State Senate,26,general,Phil Berger,Republican,67081,54.06,True,True
2024,North Carolina,NC,State Senate,26,general,Steve Luking,Democratic,51007,41.1,False,False
2024,North Carolina,NC,State Senate,26,general,Alvin Robinson,Constitution,6007,4.84,False,False
2024,North Carolina,NC,State Senate,27,general,Michael Garrett,Democratic,65146,60.79,True,True
2024,North Carolina,NC,State Senate,27,general,Paul Schumacher,Republican,42011,39.21,False,False
2024,North Carolina,NC,State Senate,28,general,Gladys Robinson,Democratic,78876,100.0,True,True
2024,North Carolina,NC,State Senate,29,general,Dave Craven,Republican,70881,68.55,True,True
2024,North Carolina,NC,State Senate,29,general,Kevin Clark,Democratic,32519,31.45,False,False
2024,North Carolina,NC,State Senate,30,general,Steve Jarvis,Republican,86181,72.64,True,True
2024,North Carolina,NC,State Senate,30,general,Tina Royal,Democratic,29294,24.69,False,False
2024,North Carolina,NC,State Senate,30,general,Daniel Cavender,Libertarian,3161,2.66,False,False
2024,North Carolina,NC,State Senate,31,general,Dana Caudill Jones,Republican,78429,62.42,True,False
2024,North Carolina,NC,State Senate,31,general,Ronda Mays,Democratic,47035,37.43,False,False
2024,North Carolina,NC,State Senate,31,general,Teresa Hopper Prizer (write-in),Independent (politician),7,0.01,False,False
2024,North Carolina,NC,State Senate,32,general,Paul Lowe Jr.,Democratic,67131,68.97,True,True
2024,North Carolina,NC,State Senate,32,general,George Ware,Republican,27442,28.19,False,False
2024,North Carolina,NC,State Senate,32,general,Zac Lentz,Libertarian,2758,2.83,False,False
2024,North Carolina,NC,State Senate,33,general,Carl Ford,Republican,77115,70.99,True,True
2024,North Carolina,NC,State Senate,33,general,Tangela (Lucy Horne) Morgan,Democratic,31509,29.01,False,False
2024,North Carolina,NC,State Senate,34,general,Paul Newton,Republican,58166,52.93,True,True
2024,North Carolina,NC,State Senate,34,general,Kim Sexton-Lewter,Democratic,48558,44.19,False,False
2024,North Carolina,NC,State Senate,34,general,Thomas Hill,Libertarian,3171,2.89,False,False
2024,North Carolina,NC,State Senate,35,general,Todd Johnson,Republican,82030,63.34,True,True
2024,North Carolina,NC,State Senate,35,general,Robin Mann,Democratic,47486,36.66,False,False
2024,North Carolina,NC,State Senate,36,general,Eddie Settle,Republican,88102,78.98,True,True
2024,North Carolina,NC,State Senate,36,general,Darren Staley,Democratic,23444,21.02,False,False
2024,North Carolina,NC,State Senate,37,general,Vickie Sawyer,Republican,82832,64.73,True,True
2024,North Carolina,NC,State Senate,37,general,Kate Compton Barr,Democratic,45129,35.27,False,False
2024,North Carolina,NC,State Senate,38,general,Mujtaba Mohammed,Democratic,94162,100.0,True,True
2024,North Carolina,NC,State Senate,39,general,DeAndrea Salvador,Democratic,88183,100.0,True,True
2024,North Carolina,NC,State Senate,40,general,Joyce Waddell,Democratic,67654,79.38,True,True
2024,North Carolina,NC,State Senate,40,general,Jeff Scott,People,17569,20.62,False,False
2024,North Carolina,NC,State Senate,41,general,Caleb Theodros,Democratic,95805,100.0,True,False
2024,North Carolina,NC,State Senate,42,general,Woodson Bradley,Democratic,62260,50.08,True,False
2024,North Carolina,NC,State Senate,42,general,Stacie McGinn,Republican,62051,49.92,False,False
2024,North Carolina,NC,State Senate,43,general,Brad Overcash,Republican,66112,61.78,True,True
2024,North Carolina,NC,State Senate,43,general,Corey Creech,Democratic,40893,38.22,False,False
2024,North Carolina,NC,State Senate,44,general,Ted Alexander,Republican,81809,72.5,True,True
2024,North Carolina,NC,State Senate,44,general,Henry Herzberg,Democratic,31033,27.5,False,False
2024,North Carolina,NC,State Senate,45,general,Mark Hollo,Republican,80033,70.28,True,False
2024,North Carolina,NC,State Senate,45,general,Kim Bost,Democratic,33840,29.72,False,False
2024,North Carolina,NC,State Senate,46,general,Warren Daniel,Republican,68675,65.23,True,True
2024,North Carolina,NC,State Senate,46,general,John Ager,Democratic,36604,34.77,False,False
2024,North Carolina,NC,State Senate,47,general,Ralph Hise,Republican,75607,64.15,True,True
2024,North Carolina,NC,State Senate,47,general,Frank Patton Hughes III,Democratic,42247,35.85,False,False
2024,North Carolina,NC,State Senate,48,general,Tim Moffitt,Republican,73373,63.93,True,True
2024,North Carolina,NC,State Senate,48,general,Chris Walters,Democratic,41399,36.07,False,False
2024,North Carolina,NC,State Senate,49,general,Julie Mayfield,Democratic,81037,69.07,True,True
2024,North Carolina,NC,State Senate,49,general,Kristie Tincher Sluder,Republican,36288,30.93,False,False
2024,North Carolina,NC,State Senate,50,general,Kevin Corbin,Republican,83381,66.53,True,True
2024,North Carolina,NC,State Senate,50,general,Adam Tebrugge,Democratic,41939,33.47,False,False
2024,North Dakota,ND,State Senate,2,general,Mark Enget,Republican,6615,84.86,True,False
2024,North Dakota,ND,State Senate,2,general,Rosemary Tanberg,North Dakota Democratic-nonpartisan League,1154,14.8,False,False
2024,North Dakota,ND,State Senate,4,general,Chuck Walen,Republican,5599,96.57,True,False
2024,North Dakota,ND,State Senate,6,general,Paul Thomas,Republican,7331,82.1,True,False
2024,North Dakota,ND,State Senate,6,general,Robert Tolar,Independent,1533,17.17,False,False
2024,North Dakota,ND,State Senate,8,general,Jeffery Magrum,Republican,8907,97.66,True,False
2024,North Dakota,ND,State Senate,9,general,Judy Estenson,Republican,2134,38.56,False,False
2024,North Dakota,ND,State Senate,9,general,Richard Marcellais,North Dakota Democratic-nonpartisan League,3395,61.35,True,False
2024,North Dakota,ND,State Senate,10,general,George Roughead,Republican,2955,49.0,False,False
2024,North Dakota,ND,State Senate,10,general,Ryan Braunberger,North Dakota Democratic-nonpartisan League,3064,50.81,True,False
2024,North Dakota,ND,State Senate,12,general,Cole Conley,Republican,4417,66.79,True,False
2024,North Dakota,ND,State Senate,12,general,Olivia Schloegel,North Dakota Democratic-nonpartisan League,2183,33.01,False,False
2024,North Dakota,ND,State Senate,14,general,Jerry Klein,Republican,6813,78.7,True,False
2024,North Dakota,ND,State Senate,14,general,Mark Nelson,North Dakota Democratic-nonpartisan League,1784,20.61,False,False
2024,North Dakota,ND,State Senate,15,general,Kent Weston,Republican,6777,98.49,True,False
2024,North Dakota,ND,State Senate,16,general,David Clemens,Republican,4898,61.55,True,False
2024,North Dakota,ND,State Senate,16,general,Heather Tyulyandin,North Dakota Democratic-nonpartisan League,3044,38.25,False,False
2024,North Dakota,ND,State Senate,18,general,Scott Meyer,Republican,3492,53.95,True,False
2024,North Dakota,ND,State Senate,18,general,Kyle Thorson,North Dakota Democratic-nonpartisan League,2971,45.9,False,False
2024,North Dakota,ND,State Senate,20,general,Randy Lemm,Republican,6151,70.92,True,False
2024,North Dakota,ND,State Senate,20,general,John Pederson,North Dakota Democratic-nonpartisan League,2505,28.88,False,False
2024,North Dakota,ND,State Senate,22,general,Mark F. Weber,Republican,8547,97.57,True,False
2024,North Dakota,ND,State Senate,24,general,Michael Wobbema,Republican,5047,64.86,True,False
2024,North Dakota,ND,State Senate,24,general,Knut Gjovik,North Dakota Democratic-nonpartisan League,2722,34.98,False,False
2024,North Dakota,ND,State Senate,26,general,Dale Patten,Republican,6168,98.91,True,False
2024,North Dakota,ND,State Senate,28,general,Robert Erbele,Republican,6528,74.49,True,False
2024,North Dakota,ND,State Senate,28,general,Richard F. Schlosser,North Dakota Democratic-nonpartisan League,2217,25.3,False,False
2024,North Dakota,ND,State Senate,30,general,Diane Larson,Republican,5454,73.49,True,False
2024,North Dakota,ND,State Senate,30,general,Matthew Zimny,North Dakota Democratic-nonpartisan League,1921,25.89,False,False
2024,North Dakota,ND,State Senate,32,general,Dick Dever,Republican,6141,96.62,True,False
2024,North Dakota,ND,State Senate,34,general,Justin Gerhardt,Republican,5918,73.64,True,False
2024,North Dakota,ND,State Senate,34,general,Joshua Johnson,North Dakota Democratic-nonpartisan League,2101,26.14,False,False
2024,North Dakota,ND,State Senate,36,general,Desiree Van Oosting,Republican,6314,99.12,True,False
2024,North Dakota,ND,State Senate,38,general,David Hogue,Republican,6183,97.83,True,False
2024,North Dakota,ND,State Senate,40,general,Jose L. Castaneda,Republican,4057,97.31,True,False
2024,North Dakota,ND,State Senate,42,general,Claire Cory,Republican,2890,60.57,True,False
2024,North Dakota,ND,State Senate,42,general,Rodney John Gigstad,North Dakota Democratic-nonpartisan League,1867,39.13,False,False
2024,North Dakota,ND,State Senate,44,general,Joshua Boschee,North Dakota Democratic-nonpartisan League,5362,94.58,True,False
2024,North Dakota,ND,State Senate,46,general,Michelle Powers,Republican,5102,54.49,True,False
2024,North Dakota,ND,State Senate,46,general,Jess Arneson,North Dakota Democratic-nonpartisan League,4242,45.31,False,False
2024,Ohio,OH,State Senate,2,general,Theresa Gavarone,Republican,111096,61.7,True,True
2024,Ohio,OH,State Senate,2,general,Paloma De La Fuente,Democratic,68948,38.3,False,False
2024,Ohio,OH,State Senate,4,general,George Lang,Republican,104251,62.94,True,True
2024,Ohio,OH,State Senate,4,general,Tom Cooke,Democratic,61381,37.06,False,False
2024,Ohio,OH,State Senate,6,general,Charlotte McGuire,Republican,78100,48.01,False,False
2024,Ohio,OH,State Senate,6,general,Willis Blackshear Jr.,Democratic,84565,51.99,True,False
2024,Ohio,OH,State Senate,8,general,Louis Blessing,Republican,108346,56.69,True,True
2024,Ohio,OH,State Senate,8,general,Ty Hogan,Democratic,82775,43.31,False,False
2024,Ohio,OH,State Senate,10,general,Kyle Koehler,Republican,110150,65.23,True,False
2024,Ohio,OH,State Senate,10,general,Daniel McGregor,Democratic,58721,34.77,False,False
2024,Ohio,OH,State Senate,12,general,Susan Manchester,Republican,140219,100.0,True,False
2024,Ohio,OH,State Senate,14,general,Terry Johnson,Republican,125073,72.88,True,True
2024,Ohio,OH,State Senate,14,general,Shane Marcum,Democratic,46551,27.12,False,False
2024,Ohio,OH,State Senate,16,general,Besa Sharrah,Republican,74856,39.66,False,False
2024,Ohio,OH,State Senate,16,general,Beth Liston,Democratic,113896,60.34,True,False
2024,Ohio,OH,State Senate,18,general,Jerry Cirino,Republican,106470,54.06,True,True
2024,Ohio,OH,State Senate,18,general,Katie O'Neill,Democratic,90464,45.94,False,False
2024,Ohio,OH,State Senate,20,general,Tim Schaffer,Republican,124414,67.4,True,True
2024,Ohio,OH,State Senate,20,general,Nick Hubbel,Democratic,60184,32.6,False,False
2024,Ohio,OH,State Senate,22,general,Mark Romanchuk,Republican,123906,68.23,True,True
2024,Ohio,OH,State Senate,22,general,Kathy Salem,Democratic,57702,31.77,False,False
2024,Ohio,OH,State Senate,24,general,Tom Patton,Republican,86812,53.52,True,False
2024,Ohio,OH,State Senate,24,general,Sue Durichko,Democratic,75378,46.48,False,False
2024,Ohio,OH,State Senate,26,general,Bill Reineke,Republican,124213,76.15,True,True
2024,Ohio,OH,State Senate,26,general,Mohamud Jama,Democratic,38908,23.85,False,False
2024,Ohio,OH,State Senate,28,general,Casey Weinstein,Democratic,90414,55.94,True,False
2024,Ohio,OH,State Senate,28,general,Jon Leissler,Republican,71224,44.06,False,False
2024,Ohio,OH,State Senate,30,general,Brian Chavez,Republican,106583,69.31,True,True
2024,Ohio,OH,State Senate,30,general,Iva Faber,Democratic,47187,30.69,False,False
2024,Ohio,OH,State Senate,32,general,Sandra O'Brien,Republican,108695,62.94,True,True
2024,Ohio,OH,State Senate,32,general,Michael Shrodek,Democratic,63995,37.06,False,False
2024,Ohio,OH,State Senate,33,general,Alessandro Cutrona,Republican,102711,60.91,True,True
2024,Ohio,OH,State Senate,33,general,Marty Hume,Democratic,65914,39.09,False,False
2024,Oklahoma,OK,State Senate,46,general,Mark Mann,Democratic,,60.0,True,False
2024,Oklahoma,OK,State Senate,46,general,Charles Barton,Republican,,34.0,False,False
2024,Oklahoma,OK,State Senate,46,general,David Pilchman,Independent,,5.0,False,False
2024,Oklahoma,OK,State Senate,48,general,Nikki Nice,Democratic,,73.0,True,False
2024,Oklahoma,OK,State Senate,48,general,Connie Johnson,Democratic,,27.0,False,False
2024,Oklahoma,OK,State Senate,1,general,Micheal Bergstrom,Republican,,53.0,True,False
2024,Oklahoma,OK,State Senate,1,general,Houston Brittain,Republican,,47.0,False,False
2024,Oklahoma,OK,State Senate,3,general,Julie McIntosh,Republican,,78.7,True,False
2024,Oklahoma,OK,State Senate,3,general,Margaret Cook,Independent,,21.3,False,False
2024,Oklahoma,OK,State Senate,5,general,George Burns,Republican,,,True,False
2024,Oklahoma,OK,State Senate,7,general,Warren Hamilton,Republican,,76.9,True,False
2024,Oklahoma,OK,State Senate,7,general,Jerry L. Donathan,Democratic,,23.1,False,False
2024,Oklahoma,OK,State Senate,9,general,Avery Frix,Republican,,,True,False
2024,Oklahoma,OK,State Senate,11,general,Regina Goodwin,Democratic,,84.0,True,False
2024,Oklahoma,OK,State Senate,11,general,Joe Williams,Democratic,,16.0,False,False
2024,Oklahoma,OK,State Senate,13,general,Jonathan Wingard,Republican,,52.0,True,False
2024,Oklahoma,OK,State Senate,13,general,Greg McCortney,Republican,,48.0,False,False
2024,Oklahoma,OK,State Senate,15,general,Lisa Standridge,Republican,,61.7,True,False
2024,Oklahoma,OK,State Senate,15,general,Elizabeth Forman,Democratic,,38.3,False,False
2024,Oklahoma,OK,State Senate,17,general,Shane Jett,Republican,,50.0,True,False
2024,Oklahoma,OK,State Senate,17,general,Ron Sharp,Republican,,27.0,False,False
2024,Oklahoma,OK,State Senate,17,general,Rachael Melot,Republican,,19.0,False,False
2024,Oklahoma,OK,State Senate,17,general,Cody Swearingen,Republican,,4.0,False,False
2024,Oklahoma,OK,State Senate,19,general,Roland Pederson,Republican,,,True,False
2024,Oklahoma,OK,State Senate,21,general,Randy Grellner,Republican,,64.6,True,False
2024,Oklahoma,OK,State Senate,21,general,Robin Fuxa,Democratic,,35.4,False,False
2024,Oklahoma,OK,State Senate,23,general,Lonnie Paxton,Republican,,,True,False
2024,Oklahoma,OK,State Senate,25,general,Brian Guthrie,Republican,,,True,False
2024,Oklahoma,OK,State Senate,27,general,Casey Murdock,Republican,,52.0,True,False
2024,Oklahoma,OK,State Senate,27,general,Cody Anderson,Republican,,48.0,False,False
2024,Oklahoma,OK,State Senate,29,general,Julie Daniels,Republican,,55.0,True,False
2024,Oklahoma,OK,State Senate,29,general,Wendi Stearman,Republican,,45.0,False,False
2024,Oklahoma,OK,State Senate,31,general,Spencer Kern,Republican,,51.0,True,False
2024,Oklahoma,OK,State Senate,31,general,Rick Wolfe,Republican,,32.0,False,False
2024,Oklahoma,OK,State Senate,31,general,Pamala McNall,Republican,,17.0,False,False
2024,Oklahoma,OK,State Senate,33,general,Christi Gillespie,Republican,,67.2,True,False
2024,Oklahoma,OK,State Senate,33,general,Bob Willis,Democratic,,32.8,False,False
2024,Oklahoma,OK,State Senate,35,general,Jo Anna Dossett,Democratic,,59.2,True,False
2024,Oklahoma,OK,State Senate,35,general,Dean Martin,Republican,,40.8,False,False
2024,Oklahoma,OK,State Senate,37,general,Aaron Reinhardt,Republican,,69.6,True,False
2024,Oklahoma,OK,State Senate,37,general,Andrew Nutter,Independent,,30.4,False,False
2024,Oklahoma,OK,State Senate,39,general,David Rader,Republican,,56.3,True,False
2024,Oklahoma,OK,State Senate,39,general,Melissa Bryce,Democratic,,43.7,False,False
2024,Oklahoma,OK,State Senate,41,general,Adam Pugh,Republican,,,True,False
2024,Oklahoma,OK,State Senate,43,general,Kendal Sacchieri,Republican,,80.5,True,False
2024,Oklahoma,OK,State Senate,43,general,Sam Graefe,Independent,,19.5,False,False
2024,Oklahoma,OK,State Senate,45,general,Paul Rosino,Republican,,,True,False
2024,Oklahoma,OK,State Senate,47,general,Kelly E. Hines,Republican,,52.9,True,False
2024,Oklahoma,OK,State Senate,47,general,Erin Brewer,Democratic,,47.1,False,False
2024,Oregon,OR,State Senate,1,general,David Brock Smith,Republican,54925,70.8,True,True
2024,Oregon,OR,State Senate,1,general,Lupe Preciado-McAlister,Democratic,22417,28.9,False,False
2024,Oregon,OR,State Senate,2,general,Noah Robinson,Republican,50872,66.9,True,False
2024,Oregon,OR,State Senate,2,general,Tracy Thompson,Democratic,25040,32.9,False,False
2024,Oregon,OR,State Senate,5,general,Dick Anderson,Republican,42336,53.8,True,True
2024,Oregon,OR,State Senate,5,general,Jo Beaudreau,Democratic,36281,46.1,False,False
2024,Oregon,OR,State Senate,9,general,Fred Girod,Republican,49458,68.9,True,True
2024,Oregon,OR,State Senate,9,general,Mike Ashland,Democratic,22237,31.0,False,False
2024,Oregon,OR,State Senate,12,general,Bruce Starr,Republican,41459,55.6,True,False
2024,Oregon,OR,State Senate,12,general,Scott Hooper,Democratic,25077,33.6,False,False
2024,Oregon,OR,State Senate,12,general,Andrea Kennedy-Smith,Independent,7984,10.7,False,False
2024,Oregon,OR,State Senate,14,general,Kate Lieber,Democratic,60002,85.0,True,True
2024,Oregon,OR,State Senate,14,general,Katy Brumbelow,Libertarian,10149,14.4,False,False
2024,Oregon,OR,State Senate,18,general,Wlnsvey Campos,Democratic,38956,62.7,True,True
2024,Oregon,OR,State Senate,18,general,Brian Pierson,Republican,23114,37.2,False,False
2024,Oregon,OR,State Senate,21,general,Kathleen Taylor,Democratic,58422,98.0,True,True
2024,Oregon,OR,State Senate,22,general,Lew Frederick,Democratic,66859,90.5,True,True
2024,Oregon,OR,State Senate,22,general,Michael Saperstein,Republican,6838,9.3,False,False
2024,Oregon,OR,State Senate,23,general,Khanh Pham,Democratic,54001,97.5,True,False
2024,Oregon,OR,State Senate,25,general,Chris Gorsek,Democratic,29253,55.9,True,True
2024,Oregon,OR,State Senate,25,general,Raymond Love,Republican,22936,43.8,False,False
2024,Oregon,OR,State Senate,27,general,Anthony Broadman,Democratic,50402,59.3,True,False
2024,Oregon,OR,State Senate,27,general,Matthew Summers,Republican,34617,40.7,False,False
2024,Oregon,OR,State Senate,28,general,Diane Linthicum,Republican,50907,69.3,True,False
2024,Oregon,OR,State Senate,28,general,Dylan Gutridge,Democratic,22430,30.5,False,False
2024,Oregon,OR,State Senate,29,general,Todd Nash,Republican,45473,81.5,True,False
2024,Oregon,OR,State Senate,29,general,Tania Wildbill,Independent,10099,18.1,False,False
2024,Oregon,OR,State Senate,30,general,Mike McLane,Republican,56886,98.4,True,False
2024,Rhode Island,RI,State Senate,1,general,Jake Bissaillon,Democratic,5773,95.4,True,True
2024,Rhode Island,RI,State Senate,2,general,Ana Quezada,Democratic,5096,95.8,True,True
2024,Rhode Island,RI,State Senate,3,general,Sam Zurier,Democratic,9141,97.9,True,True
2024,Rhode Island,RI,State Senate,4,general,Dominick J. Ruggerio,Democratic,10736,94.9,True,True
2024,Rhode Island,RI,State Senate,5,general,Sam Bell,Democratic,7937,78.6,True,True
2024,Rhode Island,RI,State Senate,5,general,William Connell Jr.,Republican,2105,20.8,False,False
2024,Rhode Island,RI,State Senate,6,general,Tiara Mack,Democratic,6469,96.5,True,True
2024,Rhode Island,RI,State Senate,7,general,Frank Ciccone,Democratic,5340,95.3,True,True
2024,Rhode Island,RI,State Senate,8,general,Lori Urso,Democratic,5447,64.9,True,False
2024,Rhode Island,RI,State Senate,8,general,Cathyann Palocsik,Independent,2870,34.2,False,False
2024,Rhode Island,RI,State Senate,9,general,John Burke,Democratic,9337,93.0,True,True
2024,Rhode Island,RI,State Senate,10,general,Walter Felag,Democratic,8641,57.9,True,True
2024,Rhode Island,RI,State Senate,10,general,Allyn Meyers,Republican,6250,41.9,False,False
2024,Rhode Island,RI,State Senate,11,general,Linda Ujifusa,Democratic,10250,95.8,True,True
2024,Rhode Island,RI,State Senate,12,general,Louis DiPalma,Democratic,11140,96.5,True,True
2024,Rhode Island,RI,State Senate,13,general,Dawn Euer,Democratic,8380,70.3,True,True
2024,Rhode Island,RI,State Senate,13,general,David Quiroa,Republican,3519,29.5,False,False
2024,Rhode Island,RI,State Senate,14,general,Valarie Lawson,Democratic,8936,94.2,True,True
2024,Rhode Island,RI,State Senate,15,general,Meghan Kallman,Democratic,8456,97.2,True,True
2024,Rhode Island,RI,State Senate,16,general,Jonathon Acosta,Democratic,3846,96.5,True,True
2024,Rhode Island,RI,State Senate,17,general,Thomas Paolino,Republican,8726,57.9,True,True
2024,Rhode Island,RI,State Senate,17,general,Cameron Deutsch,Democratic,6291,41.8,False,False
2024,Rhode Island,RI,State Senate,18,general,Robert Britto,Democratic,9186,95.0,True,True
2024,Rhode Island,RI,State Senate,19,general,Ryan W. Pearson,Democratic,8083,56.9,True,True
2024,Rhode Island,RI,State Senate,19,general,Amanda Blais,Independent,6070,42.7,False,False
2024,Rhode Island,RI,State Senate,20,general,Brian Thompson,Democratic,8351,95.5,True,False
2024,Rhode Island,RI,State Senate,21,general,Gordon Rogers,Republican,12732,95.5,True,True
2024,Rhode Island,RI,State Senate,22,general,David Tikoian,Democratic,11523,95.3,True,True
2024,Rhode Island,RI,State Senate,23,general,Jessica de la Cruz,Republican,11054,68.1,True,True
2024,Rhode Island,RI,State Senate,23,general,Lewis Pryeor,Democratic,5170,31.8,False,False
2024,Rhode Island,RI,State Senate,24,general,Melissa Murray,Democratic,4476,57.7,True,True
2024,Rhode Island,RI,State Senate,24,general,Craig Lacouture,Republican,3259,42.0,False,False
2024,Rhode Island,RI,State Senate,25,general,Andrew Dimitri,Democratic,8145,58.1,True,False
2024,Rhode Island,RI,State Senate,25,general,Karin Gorman,Republican,5833,41.6,False,False
2024,Rhode Island,RI,State Senate,26,general,Todd Patalano,Democratic,7853,57.6,True,False
2024,Rhode Island,RI,State Senate,26,general,Jennifer Caputi,Republican,5744,42.1,False,False
2024,Rhode Island,RI,State Senate,27,general,Hanna Gallo,Democratic,11554,94.2,True,True
2024,Rhode Island,RI,State Senate,28,general,Lammis Vargas,Democratic,9242,95.3,True,False
2024,Rhode Island,RI,State Senate,29,general,Peter Appollonio Jr.,Democratic,6849,50.1,True,False
2024,Rhode Island,RI,State Senate,29,general,Anthony DeLuca II,Republican,6784,49.6,False,True
2024,Rhode Island,RI,State Senate,30,general,Mark McKenney,Democratic,12347,94.1,True,True
2024,Rhode Island,RI,State Senate,31,general,Matthew LaMountain,Democratic,8871,60.3,True,True
2024,Rhode Island,RI,State Senate,31,general,Lisa Morse,Republican,5794,39.4,False,False
2024,Rhode Island,RI,State Senate,32,general,Pamela J. Lauria,Democratic,13072,95.3,True,True
2024,Rhode Island,RI,State Senate,33,general,Leonidas Raptakis,Democratic,8599,58.2,True,True
2024,Rhode Island,RI,State Senate,33,general,James Pierson,Republican,6133,41.5,False,False
2024,Rhode Island,RI,State Senate,34,general,Elaine J. Morgan,Republican,9040,53.5,True,True
2024,Rhode Island,RI,State Senate,34,general,Stephen Moffitt,Democratic,7838,46.4,False,False
2024,Rhode Island,RI,State Senate,35,general,Bridget Valverde,Democratic,12621,94.4,True,True
2024,Rhode Island,RI,State Senate,36,general,Alana DiMario,Democratic,12757,95.5,True,True
2024,Rhode Island,RI,State Senate,37,general,V. Susan Sosnowski,Democratic,8517,66.0,True,True
2024,Rhode Island,RI,State Senate,37,general,Raymond Gardner,Republican,4356,33.8,False,False
2024,Rhode Island,RI,State Senate,38,general,Victoria Gu,Democratic,9326,58.1,True,True
2024,Rhode Island,RI,State Senate,38,general,Westin Place,Republican,6702,41.8,False,False
2024,South Carolina,SC,State Senate,31,special general,Mike Reichenbach,Republican,7547,90.2,True,False
2024,South Carolina,SC,State Senate,31,special general,Rosa Kay,Democratic,811,9.7,False,False
2024,South Carolina,SC,State Senate,42,special general,Deon Tedder,Democratic,10565,81.69,True,False
2024,South Carolina,SC,State Senate,42,special general,Rosa Kay,Republican,2322,17.95,False,False
2024,South Carolina,SC,State Senate,19,special general,Tameika Isaac Devine,Democratic,4568,85.96,True,False
2024,South Carolina,SC,State Senate,19,special general,Kizzie Smalls,Republican,513,9.65,False,False
2024,South Carolina,SC,State Senate,19,special general,Michael Addison,Forward,144,2.71,False,False
2024,South Carolina,SC,State Senate,19,special general,Chris Nelums,Citizens,85,1.6,False,False
2024,South Carolina,SC,State Senate,1,general,Thomas C. Alexander,Republican,41348,98.91,True,True
2024,South Carolina,SC,State Senate,2,general,Rex Rice,Republican,47204,98.89,True,True
2024,South Carolina,SC,State Senate,3,general,Richard Cash,Republican,46333,75.41,True,True
2024,South Carolina,SC,State Senate,3,general,Jessicka Spearman,Democratic,15047,24.49,False,False
2024,South Carolina,SC,State Senate,4,general,Michael Gambrell,Republican,37010,99.25,True,True
2024,South Carolina,SC,State Senate,5,general,Tom Corbin,Republican,49132,98.89,True,True
2024,South Carolina,SC,State Senate,6,general,Jason Elliott,Republican,40759,97.55,True,False
2024,South Carolina,SC,State Senate,7,general,Karl B. Allen,Democratic,29967,97.07,True,True
2024,South Carolina,SC,State Senate,8,general,Ross Turner,Republican,39251,62.98,True,True
2024,South Carolina,SC,State Senate,8,general,Taylor Culliver,Democratic,23011,36.92,False,False
2024,South Carolina,SC,State Senate,9,general,Danny Verdin,Republican,38275,70.24,True,True
2024,South Carolina,SC,State Senate,9,general,Randy Driggers,Democratic,16151,29.64,False,False
2024,South Carolina,SC,State Senate,10,general,Billy Garrett,Republican,38994,69.09,True,True
2024,South Carolina,SC,State Senate,10,general,Francie Kleckley,Democratic,17349,30.74,False,False
2024,South Carolina,SC,State Senate,11,general,Josh Kimbrell,Republican,30362,65.25,True,True
2024,South Carolina,SC,State Senate,11,general,Angela Geter,Democratic,16118,34.64,False,False
2024,South Carolina,SC,State Senate,12,general,Roger Nutt,Republican,36715,64.04,True,False
2024,South Carolina,SC,State Senate,12,general,Octavia Amaechi,Democratic,20545,35.84,False,False
2024,South Carolina,SC,State Senate,13,general,Shane Martin,Republican,44583,98.42,True,True
2024,South Carolina,SC,State Senate,14,general,Harvey S. Peeler Jr.,Republican,43933,99.09,True,True
2024,South Carolina,SC,State Senate,15,general,Wes Climer,Republican,41008,76.05,True,True
2024,South Carolina,SC,State Senate,15,general,Sarah Work,Alliance,12669,23.49,False,False
2024,South Carolina,SC,State Senate,16,general,Michael Johnson,Republican,45672,78.78,True,True
2024,South Carolina,SC,State Senate,16,general,Kiral Mace,Workers,12007,20.71,False,False
2024,South Carolina,SC,State Senate,17,general,Everett Stubbs,Republican,27953,49.98,True,False
2024,South Carolina,SC,State Senate,17,general,Mike Fanning,Democratic,27924,49.93,False,True
2024,South Carolina,SC,State Senate,18,general,Ronnie Cromer,Republican,51289,98.6,True,True
2024,South Carolina,SC,State Senate,19,general,Tameika Isaac Devine,Democratic,33703,87.27,True,True
2024,South Carolina,SC,State Senate,19,general,Chris Nelums,Citizens,4779,12.38,False,False
2024,South Carolina,SC,State Senate,20,general,Ed Sutton,Democratic,31418,73.42,True,False
2024,South Carolina,SC,State Senate,20,general,Kendal Ludden,Libertarian,11165,26.09,False,False
2024,South Carolina,SC,State Senate,21,general,Darrell Jackson,Democratic,36370,98.54,True,True
2024,South Carolina,SC,State Senate,22,general,Overture Walker,Democratic,41207,98.54,True,False
2024,South Carolina,SC,State Senate,23,general,Carlisle Kennedy,Republican,41467,97.92,True,False
2024,South Carolina,SC,State Senate,24,general,Tom Young Jr.,Republican,38470,67.01,True,True
2024,South Carolina,SC,State Senate,24,general,Dee Elder,Democratic,18909,32.94,False,False
2024,South Carolina,SC,State Senate,25,general,A. Shane Massey,Republican,43300,98.99,True,True
2024,South Carolina,SC,State Senate,26,general,Russell Ott,Democratic,22049,54.83,True,False
2024,South Carolina,SC,State Senate,26,general,Jason Guerry,Republican,18104,45.02,False,False
2024,South Carolina,SC,State Senate,27,general,Allen Blackmon,Republican,37693,70.16,True,False
2024,South Carolina,SC,State Senate,27,general,Yokima Cureton,Democratic,15976,29.74,False,False
2024,South Carolina,SC,State Senate,28,general,Greg Hembree,Republican,56477,99.13,True,True
2024,South Carolina,SC,State Senate,29,general,JD Chaplin,Republican,24838,50.03,True,False
2024,South Carolina,SC,State Senate,29,general,Gerald Malloy,Democratic,24751,49.86,False,True
2024,South Carolina,SC,State Senate,30,general,Kent M. Williams,Democratic,25430,54.68,True,True
2024,South Carolina,SC,State Senate,30,general,Rodney Berry,Republican,21024,45.21,False,False
2024,South Carolina,SC,State Senate,31,general,Mike Reichenbach,Republican,32528,65.96,True,True
2024,South Carolina,SC,State Senate,31,general,Belinda Timmons,Democratic,16757,33.98,False,False
2024,South Carolina,SC,State Senate,32,general,Ronnie A. Sabb,Democratic,31477,98.22,True,True
2024,South Carolina,SC,State Senate,33,general,Luke A. Rankin,Republican,39618,68.46,True,True
2024,South Carolina,SC,State Senate,33,general,Pete John Bember,Democratic,18130,31.33,False,False
2024,South Carolina,SC,State Senate,34,general,Stephen Goldfinch,Republican,56987,98.99,True,True
2024,South Carolina,SC,State Senate,35,general,Jeffrey R. Graham,Democratic,25284,52.18,True,False
2024,South Carolina,SC,State Senate,35,general,Mike Jones,Republican,23095,47.66,False,False
2024,South Carolina,SC,State Senate,36,general,Jeff Zell,Republican,25609,50.6,True,False
2024,South Carolina,SC,State Senate,36,general,Kevin L. Johnson,Democratic,24943,49.28,False,True
2024,South Carolina,SC,State Senate,37,general,Larry Grooms,Republican,40361,98.22,True,True
2024,South Carolina,SC,State Senate,38,general,Sean Bennett,Republican,35738,98.2,True,True
2024,South Carolina,SC,State Senate,39,general,Tom Fernandez,Republican,26740,50.95,True,False
2024,South Carolina,SC,State Senate,39,general,Vernon Stephens,Democratic,25619,48.81,False,True
2024,South Carolina,SC,State Senate,40,general,Brad Hutto,Democratic,24667,52.54,True,True
2024,South Carolina,SC,State Senate,40,general,Sharon Carter,Republican,22243,47.38,False,False
2024,South Carolina,SC,State Senate,41,general,Matt Leber,Republican,32715,57.37,True,False
2024,South Carolina,SC,State Senate,41,general,Rita Adkins,Democratic,24195,42.43,False,False
2024,South Carolina,SC,State Senate,42,general,Deon Tedder,Democratic,26088,98.2,True,True
2024,South Carolina,SC,State Senate,43,general,Chip Campsen,Republican,41996,61.09,True,True
2024,South Carolina,SC,State Senate,43,general,Julie Cofer Hussey,Democratic,26697,38.84,False,False
2024,South Carolina,SC,State Senate,44,general,Brian Adams,Republican,30044,60.5,True,True
2024,South Carolina,SC,State Senate,44,general,Vicky Wynn,Democratic,19566,39.4,False,False
2024,South Carolina,SC,State Senate,46,general,Tom Davis,Republican,47989,67.3,True,True
2024,South Carolina,SC,State Senate,46,general,Gwyneth Saunders,Democratic,23280,32.65,False,False
2024,South Dakota,SD,State Senate,1,general,Michael H. Rohl,Republican,8449,100.0,True,True
2024,South Dakota,SD,State Senate,2,general,Steve Kolbeck,Republican,10337,100.0,True,True
2024,South Dakota,SD,State Senate,3,general,Carl E. Perry,Republican,6900,100.0,True,False
2024,South Dakota,SD,State Senate,4,general,Stephanie Sauder,Republican,10375,100.0,True,False
2024,South Dakota,SD,State Senate,5,general,Glen A. Vilhauer,Republican,7889,71.1,True,False
2024,South Dakota,SD,State Senate,5,general,Dennis Solberg,Democratic,3203,28.9,False,False
2024,South Dakota,SD,State Senate,6,general,Ernie Otten,Republican,8961,100.0,True,False
2024,South Dakota,SD,State Senate,7,general,Tim Reed,Republican,7597,100.0,True,True
2024,South Dakota,SD,State Senate,8,general,Casey Crabtree,Republican,10033,100.0,True,True
2024,South Dakota,SD,State Senate,9,general,Joy Hohn,Republican,8137,100.0,True,False
2024,South Dakota,SD,State Senate,10,general,Liz Larson,Democratic,5606,100.0,True,True
2024,South Dakota,SD,State Senate,11,general,Chris Karr,Republican,6796,58.9,True,False
2024,South Dakota,SD,State Senate,11,general,Steve Natz,Democratic,4747,41.1,False,False
2024,South Dakota,SD,State Senate,12,general,Arch Beal,Republican,6167,55.7,True,True
2024,South Dakota,SD,State Senate,12,general,Clay Hoffman,Democratic,4908,44.3,False,False
2024,South Dakota,SD,State Senate,13,general,Sue Peterson,Republican,8384,58.5,True,False
2024,South Dakota,SD,State Senate,13,general,Ali Rae Horsted,Democratic,5948,41.5,False,False
2024,South Dakota,SD,State Senate,14,general,Larry Zikmund,Republican,7127,54.6,True,True
2024,South Dakota,SD,State Senate,14,general,Sandra Henry,Democratic,5936,45.4,False,False
2024,South Dakota,SD,State Senate,15,general,Jamie Smith,Democratic,5052,52.4,True,False
2024,South Dakota,SD,State Senate,15,general,Brenda Lawrence,Republican,4582,47.6,False,False
2024,South Dakota,SD,State Senate,16,general,Kevin D. Jensen,Republican,9368,100.0,True,False
2024,South Dakota,SD,State Senate,17,general,Sydney Davis,Republican,7796,100.0,True,True
2024,South Dakota,SD,State Senate,18,general,Lauren Nelson,Republican,6189,57.2,True,False
2024,South Dakota,SD,State Senate,18,general,Sarah Carda,Democratic,4629,42.8,False,False
2024,South Dakota,SD,State Senate,19,general,Kyle Schoenfish,Republican,8738,77.2,True,True
2024,South Dakota,SD,State Senate,19,general,Michael J. Miller,Democratic,2583,22.8,False,False
2024,South Dakota,SD,State Senate,20,general,Paul Miskimins,Republican,8184,100.0,True,False
2024,South Dakota,SD,State Senate,21,general,Mykala Voita,Republican,8452,77.1,True,False
2024,South Dakota,SD,State Senate,21,general,Dan Andersson,Democratic,2518,22.9,False,False
2024,South Dakota,SD,State Senate,22,general,David Wheeler,Republican,7271,73.2,True,True
2024,South Dakota,SD,State Senate,22,general,Jim A. Schmidt,Democratic,2666,26.8,False,False
2024,South Dakota,SD,State Senate,23,general,Mark Lapka,Republican,9183,100.0,True,False
2024,South Dakota,SD,State Senate,24,general,Jim Mehlhaff,Republican,9555,100.0,True,True
2024,South Dakota,SD,State Senate,25,general,Tom Pischke,Republican,9667,72.7,True,True
2024,South Dakota,SD,State Senate,25,general,Brian Wirth,Democratic,3634,27.3,False,False
2024,South Dakota,SD,State Senate,26,general,Tamara Grove,Republican,4328,57.3,True,False
2024,South Dakota,SD,State Senate,26,general,Shawn Bordeaux,Democratic,3221,42.7,False,True
2024,South Dakota,SD,State Senate,27,general,Red Dawn Foster,Democratic,3807,52.0,True,True
2024,South Dakota,SD,State Senate,27,general,Anthony G. Kathol,Republican,3518,48.0,False,False
2024,South Dakota,SD,State Senate,28,general,Sam Marty,Republican,6969,64.1,True,False
2024,South Dakota,SD,State Senate,28,general,Dean Schrempp,Democratic,2475,22.7,False,False
2024,South Dakota,SD,State Senate,28,general,Shane C. Farlee,Independent,1436,13.2,False,False
2024,South Dakota,SD,State Senate,29,general,John Carley,Republican,8634,100.0,True,False
2024,South Dakota,SD,State Senate,30,general,Amber Hulse,Republican,11216,74.4,True,False
2024,South Dakota,SD,State Senate,30,general,Bret Swanson,Democratic,3868,25.6,False,False
2024,South Dakota,SD,State Senate,31,general,Randy Deibert,Republican,10294,100.0,True,True
2024,South Dakota,SD,State Senate,32,general,Helene Duhamel,Republican,5189,60.0,True,True
2024,South Dakota,SD,State Senate,32,general,Karen M. McNeal,Independent,3463,40.0,False,False
2024,South Dakota,SD,State Senate,33,general,Curt Voight,Republican,9247,100.0,True,False
2024,South Dakota,SD,State Senate,34,general,Taffy Howard,Republican,7586,60.2,True,False
2024,South Dakota,SD,State Senate,34,general,Kehala Two Bulls,Democratic,5016,39.8,False,False
2024,South Dakota,SD,State Senate,35,general,Greg Blanc,Republican,9851,100.0,True,False
2024,Tennessee,TN,State Senate,2,general,Tom Hatcher,Republican,78351,78.77,True,False
2024,Tennessee,TN,State Senate,2,general,Patti Young,Democratic,21111,21.23,False,False
2024,Tennessee,TN,State Senate,4,general,Bobby Harshbarger,Republican,72900,76.77,True,False
2024,Tennessee,TN,State Senate,4,general,Dalia M. Price,Independent,22059,23.23,False,False
2024,Tennessee,TN,State Senate,6,general,Becky Duncan Massey,Republican,63009,64.15,True,True
2024,Tennessee,TN,State Senate,6,general,Domonica Bryan,Democratic,35219,35.85,False,False
2024,Tennessee,TN,State Senate,8,general,Jessie Seal,Republican,74602,83.56,True,False
2024,Tennessee,TN,State Senate,8,general,R. E. Ellison,Democratic,14678,16.44,False,False
2024,Tennessee,TN,State Senate,10,general,Todd Gardenhire,Republican,54521,61.22,True,True
2024,Tennessee,TN,State Senate,10,general,Missy Crutchfield,Democratic,34536,38.78,False,False
2024,Tennessee,TN,State Senate,12,general,Ken Yager,Republican,77286,85.64,True,True
2024,Tennessee,TN,State Senate,12,general,Charles Hutson II,Independent,12954,14.36,False,False
2024,Tennessee,TN,State Senate,14,general,Shane Reeves,Republican,48964,67.99,True,True
2024,Tennessee,TN,State Senate,14,general,E. R. Smith,Democratic,23055,32.01,False,False
2024,Tennessee,TN,State Senate,16,general,Janice Bowling,Republican,66356,75.94,True,True
2024,Tennessee,TN,State Senate,16,general,Wayne Steele,Democratic,15916,18.22,False,False
2024,Tennessee,TN,State Senate,16,general,Scott Bean,Independent,5103,5.84,False,False
2024,Tennessee,TN,State Senate,18,general,Ferrell Haile,Republican,64367,67.6,True,True
2024,Tennessee,TN,State Senate,18,general,Walter S. Chandler,Democratic,23524,24.7,False,False
2024,Tennessee,TN,State Senate,18,general,John Gentry,Independent,3956,4.15,False,False
2024,Tennessee,TN,State Senate,18,general,Laura A. Black,Independent,3375,3.54,False,False
2024,Tennessee,TN,State Senate,20,general,Heidi Campbell,Democratic,63353,57.41,True,True
2024,Tennessee,TN,State Senate,20,general,Wyatt Rampy,Republican,46997,42.59,False,False
2024,Tennessee,TN,State Senate,22,general,Bill Powers,Republican,45571,60.96,True,True
2024,Tennessee,TN,State Senate,22,general,Karen Reynolds,Democratic,29180,39.04,False,False
2024,Tennessee,TN,State Senate,24,general,John Stevens,Republican,72507,100.0,True,True
2024,Tennessee,TN,State Senate,26,general,Page Walley,Republican,74214,99.99,True,True
2024,Tennessee,TN,State Senate,26,general,James Gray,Write-in,11,0.01,False,False
2024,Tennessee,TN,State Senate,28,general,Joey Hensley,Republican,74286,74.76,True,True
2024,Tennessee,TN,State Senate,28,general,James Dallas,Democratic,25086,25.24,False,False
2024,Tennessee,TN,State Senate,30,general,Sara Kyle,Democratic,40232,79.14,True,True
2024,Tennessee,TN,State Senate,30,general,Mitchell Morrison,Independent,10370,20.4,False,False
2024,Tennessee,TN,State Senate,32,general,Paul Rose,Republican,55896,97.7,True,True
2024,Texas,TX,State Senate,15,special general,Molly Cook,Democratic,9370,57.06,True,False
2024,Texas,TX,State Senate,15,special general,Jarvis Johnson,Democratic,7052,42.94,False,False
2024,Texas,TX,State Senate,6,general,Carol Alvarado,Democratic,119280,63.01,True,True
2024,Texas,TX,State Senate,6,general,Martha Fierro,Republican,70013,36.99,False,False
2024,Texas,TX,State Senate,7,general,Paul Bettencourt,Republican,251489,63.41,True,True
2024,Texas,TX,State Senate,7,general,Michelle Gwinn,Democratic,145100,36.59,False,False
2024,Texas,TX,State Senate,8,general,Angela Paxton,Republican,269743,59.36,True,True
2024,Texas,TX,State Senate,8,general,Rachel Mello,Democratic,184642,40.64,False,False
2024,Texas,TX,State Senate,10,general,Phil King,Republican,227475,61.71,True,True
2024,Texas,TX,State Senate,10,general,Andy Morris,Democratic,141163,38.29,False,False
2024,Texas,TX,State Senate,12,general,Tan Parker,Republican,277734,61.36,True,True
2024,Texas,TX,State Senate,12,general,Stephanie Draper,Democratic,174875,38.64,False,False
2024,Texas,TX,State Senate,14,general,Sarah Eckhardt,Democratic,321035,100.0,True,True
2024,Texas,TX,State Senate,15,general,Molly Cook,Democratic,200680,61.9,True,True
2024,Texas,TX,State Senate,15,general,Joseph L. Trahan,Republican,123515,38.1,False,False
2024,Texas,TX,State Senate,16,general,Nathan M. Johnson,Democratic,187557,100.0,True,True
2024,Texas,TX,State Senate,17,general,Joan Huffman,Republican,238328,64.16,True,True
2024,Texas,TX,State Senate,17,general,Kathy Cheng,Democratic,133127,35.84,False,False
2024,Texas,TX,State Senate,20,general,Juan Hinojosa,Democratic,178987,100.0,True,True
2024,Texas,TX,State Senate,23,general,Royce West,Democratic,253413,100.0,True,True
2024,Texas,TX,State Senate,25,general,Donna Campbell,Republican,321653,63.57,True,True
2024,Texas,TX,State Senate,25,general,Merrie Fox,Democratic,184312,36.43,False,False
2024,Texas,TX,State Senate,27,general,Adam Hinojosa,Republican,126073,49.38,True,False
2024,Texas,TX,State Senate,27,general,Morgan LaMantia,Democratic,123305,48.29,False,True
2024,Texas,TX,State Senate,27,general,Hunter Crow,Green,5956,2.33,False,False
2024,Texas,TX,State Senate,29,general,Cesar Blanco,Democratic,174731,100.0,True,True
2024,Texas,TX,State Senate,30,general,Brent Hagenbuch,Republican,289981,65.03,True,False
2024,Texas,TX,State Senate,30,general,Dale Frey,Democratic,155949,34.97,False,False
2024,Utah,UT,State Senate,SD 2,general,Nancy Huntly,Democratic,14262,30.18,False,False
2024,Utah,UT,State Senate,SD 2,general,Chris H. Wilson,Republican,32995,69.82,True,False
2024,Utah,UT,State Senate,SD 3,general,Stacy Bernal,Democratic,20824,42.47,False,False
2024,Utah,UT,State Senate,SD 3,general,John D. Johnson,Republican,28213,57.53,True,False
2024,Utah,UT,State Senate,SD 4,general,Cal Musselman,Republican,38687,100.0,True,False
2024,Utah,UT,State Senate,SD 8,general,Todd Weiler,Republican,24142,47.12,True,False
2024,Utah,UT,State Senate,SD 8,general,Aaron Wiley,Democratic,16555,32.31,False,False
2024,Utah,UT,State Senate,SD 8,general,Alisa Langeveld,Independent,8807,17.19,False,False
2024,Utah,UT,State Senate,SD 8,general,Laren Livingston,Constitution,1736,3.39,False,False
2024,Utah,UT,State Senate,SD 10,general,Luz Escamilla,Democratic,16504,56.54,True,False
2024,Utah,UT,State Senate,SD 10,general,Kyle Erb,Republican,12688,43.46,False,False
2024,Utah,UT,State Senate,SD 12,general,Karen Kwan,Democratic,18424,56.47,True,False
2024,Utah,UT,State Senate,SD 12,general,Judy Weeks-Rohner,Republican,14201,43.53,False,False
2024,Utah,UT,State Senate,SD 15,general,Kathleen Ann Riebe,Democratic,27103,57.04,True,False
2024,Utah,UT,State Senate,SD 15,general,Scott Cuthbertson,Republican,20414,42.96,False,False
2024,Utah,UT,State Senate,SD 16,general,Wayne Harper,Republican,24923,57.47,True,False
2024,Utah,UT,State Senate,SD 16,general,Monnica Manuel,Independent,18447,42.53,False,False
2024,Utah,UT,State Senate,SD 17,general,Lincoln Fillmore,Republican,34072,63.89,True,False
2024,Utah,UT,State Senate,SD 17,general,Pamela Bloom,Independent,19259,36.11,False,False
2024,Utah,UT,State Senate,SD 22,general,Heidi Balderree,Republican,43951,100.0,True,False
2024,Utah,UT,State Senate,SD 24,general,Keven Stratton,Republican,23807,66.14,True,False
2024,Utah,UT,State Senate,SD 24,general,Lori Andersen Spruance,Independent,12186,33.86,False,False
2024,Utah,UT,State Senate,SD 25,general,Mike McKell,Republican,38597,78.74,True,False
2024,Utah,UT,State Senate,SD 25,general,Alan Hansen,Democratic,10420,21.26,False,False
2024,Utah,UT,State Senate,SD 26,general,Corbin Frost,Democratic,12932,24.3,False,False
2024,Utah,UT,State Senate,SD 26,general,David Hinkins,Republican,37182,69.86,True,False
2024,Utah,UT,State Senate,SD 26,general,Oran Stainbrook,Independent,3112,5.85,False,False
2024,Utah,UT,State Senate,SD 27,general,Derrin Owens,Republican,51664,100.0,True,False
2024,Utah,UT,State Senate,SD 29,general,Deidra Ritchhart,Democratic,12989,23.56,False,False
2024,Utah,UT,State Senate,SD 29,general,Don Ipson,Republican,42143,76.44,True,False
2024,Vermont,VT,State Senate,ADDISON SENATE,general,Ruth Hardy,Democratic,11715,27.48,True,True
2024,Vermont,VT,State Senate,ADDISON SENATE,general,Steven Heffernan,Republican,11645,27.31,True,False
2024,Vermont,VT,State Senate,ADDISON SENATE,general,Christopher Bray,Democratic,10998,25.8,False,True
2024,Vermont,VT,State Senate,ADDISON SENATE,general,Landel Cochran,Republican,8211,19.26,False,False
2024,Vermont,VT,State Senate,BENNINGTON SENATE,general,Seth Bongartz,Democratic,10053,27.4,True,False
2024,Vermont,VT,State Senate,BENNINGTON SENATE,general,Rob Plunkett,Democratic,9158,24.9,True,False
2024,Vermont,VT,State Senate,BENNINGTON SENATE,general,Joe Gervais,Republican,8648,23.5,False,False
2024,Vermont,VT,State Senate,BENNINGTON SENATE,general,Lawrence Whitmire,Independent,3538,9.6,False,False
2024,Vermont,VT,State Senate,BENNINGTON SENATE,general,Cynthia Browning,Independent,2867,7.8,False,False
2024,Vermont,VT,State Senate,BENNINGTON SENATE,general,Steve Berry,Independent,2459,6.7,False,False
2024,Vermont,VT,State Senate,CALEDONIA SENATE,general,Scott Beck,Republican,7245,58.3,True,False
2024,Vermont,VT,State Senate,CALEDONIA SENATE,general,Amanda Cochrane,Democratic,5182,41.7,False,False
2024,Vermont,VT,State Senate,CHITTENDEN CENTRAL SENATE,general,Martine Gulick,Democratic,18191,34.3,True,True
2024,Vermont,VT,State Senate,CHITTENDEN CENTRAL SENATE,general,Philip Baruth,Democratic/progressive,17782,33.6,False,True
2024,Vermont,VT,State Senate,CHITTENDEN CENTRAL SENATE,general,Tanya Vyhovsky,Progressive/democratic,15936,30.1,False,True
2024,Vermont,VT,State Senate,CHITTENDEN NORTH SENATE,general,Chris Mattos,Republican,7383,56.0,True,False
2024,Vermont,VT,State Senate,CHITTENDEN NORTH SENATE,general,Irene Wrenner,Democratic,5768,43.7,False,True
2024,Vermont,VT,State Senate,CHITTENDEN SOUTHEAST SENATE,general,Thomas Chittenden,Democratic,28729,26.9,True,True
2024,Vermont,VT,State Senate,CHITTENDEN SOUTHEAST SENATE,general,Ginny Lyons,Democratic,24931,23.3,True,True
2024,Vermont,VT,State Senate,CHITTENDEN SOUTHEAST SENATE,general,Kesha Ram Hinsdale,Democratic,21498,20.1,True,True
2024,Vermont,VT,State Senate,CHITTENDEN SOUTHEAST SENATE,general,Bruce Roy,Republican,16080,15.0,False,False
2024,Vermont,VT,State Senate,CHITTENDEN SOUTHEAST SENATE,general,Rohan St. Marthe,Republican,8619,8.1,False,False
2024,Vermont,VT,State Senate,CHITTENDEN SOUTHEAST SENATE,general,Taylor Craven,Independent,7107,6.6,False,False
2024,Vermont,VT,State Senate,ESSEX SENATE,general,Russ Ingalls,Republican,9070,96.2,True,True
2024,Vermont,VT,State Senate,FRANKLIN SENATE,general,Randy Brock,Republican/democratic,16411,50.5,True,True
2024,Vermont,VT,State Senate,FRANKLIN SENATE,general,Robert Norris,Republican/democratic,15680,48.2,True,True
2024,Vermont,VT,State Senate,GRAND ISLE SENATE,general,Patrick Brennan,Republican,6744,52.8,True,False
2024,Vermont,VT,State Senate,GRAND ISLE SENATE,general,Andy Julow,Democratic,6019,47.1,False,True
2024,Vermont,VT,State Senate,LAMOILLE SENATE,general,Richard Westman,Republican/democratic,7801,64.0,True,True
2024,Vermont,VT,State Senate,LAMOILLE SENATE,general,Maureen Heck,Independent,3868,35.4,False,False
2024,Vermont,VT,State Senate,ORANGE SENATE,general,Larry Hart,Republican,7230,56.5,True,False
2024,Vermont,VT,State Senate,ORANGE SENATE,general,Mark MacDonald,Democratic,5523,43.1,False,True
2024,Vermont,VT,State Senate,ORLEANS SENATE,general,Sam Douglass,Republican,7168,59.2,True,False
2024,Vermont,VT,State Senate,ORLEANS SENATE,general,Katherine Sims,Democratic,4895,40.4,False,False
2024,Vermont,VT,State Senate,RUTLAND SENATE,general,Brian Collamore,Republican,18380,22.5,True,True
2024,Vermont,VT,State Senate,RUTLAND SENATE,general,Dave Weeks,Republican,16097,19.7,True,True
2024,Vermont,VT,State Senate,RUTLAND SENATE,general,Terry Williams,Republican,15998,19.6,True,True
2024,Vermont,VT,State Senate,RUTLAND SENATE,general,Marsha Cassel,Democratic,12040,14.8,False,False
2024,Vermont,VT,State Senate,RUTLAND SENATE,general,Dana Peterson,Democratic,9704,11.9,False,False
2024,Vermont,VT,State Senate,RUTLAND SENATE,general,Robert Richards,Democratic,9235,11.3,False,False
2024,Vermont,VT,State Senate,WASHINGTON SENATE,general,Ann Cummings,Democratic,21814,22.6,True,True
2024,Vermont,VT,State Senate,WASHINGTON SENATE,general,Anne Watson,Democratic/progressive,18555,19.2,True,True
2024,Vermont,VT,State Senate,WASHINGTON SENATE,general,Andrew Perchlik,Democratic/progressive,17176,17.8,True,True
2024,Vermont,VT,State Senate,WASHINGTON SENATE,general,Mike Doyle,Republican,13700,14.2,False,False
2024,Vermont,VT,State Senate,WASHINGTON SENATE,general,Donald Koch,Republican,13639,14.1,False,False
2024,Vermont,VT,State Senate,WASHINGTON SENATE,general,Michael Deering,Republican,11536,11.9,False,False
2024,Vermont,VT,State Senate,WINDHAM SENATE,general,Wendy Harrison,Democratic,13473,35.6,True,True
2024,Vermont,VT,State Senate,WINDHAM SENATE,general,Nader Hashim,Democratic,11735,31.0,True,True
2024,Vermont,VT,State Senate,WINDHAM SENATE,general,Richard Morton,Republican,5574,14.7,False,False
2024,Vermont,VT,State Senate,WINDHAM SENATE,general,Dale Gassett,Republican,5213,13.8,False,False
2024,Vermont,VT,State Senate,WINDHAM SENATE,general,Ken Fay,Independent,1742,4.6,False,False
2024,Vermont,VT,State Senate,WINDSOR SENATE,general,Rebecca White,Democratic,17930,20.0,True,True
2024,Vermont,VT,State Senate,WINDSOR SENATE,general,Alison Clarkson,Democratic,17864,20.0,True,True
2024,Vermont,VT,State Senate,WINDSOR SENATE,general,Joe Major,Democratic,16792,18.8,True,False
2024,Vermont,VT,State Senate,WINDSOR SENATE,general,Andrea Murray,Republican,12318,13.8,False,False
2024,Vermont,VT,State Senate,WINDSOR SENATE,general,Jack Williams,Republican,10844,12.1,False,False
2024,Vermont,VT,State Senate,WINDSOR SENATE,general,Jonathan Gleason,Republican,10720,12.0,False,False
2024,Vermont,VT,State Senate,WINDSOR SENATE,general,Marc Nemeth,Independent,2903,3.2,False,False
2024,West Virginia,WV,State Senate,1,general,Ryan Weld,Republican,37739,100.0,True,True
2024,West Virginia,WV,State Senate,2,general,Chris Rose,Republican,37022,100.0,True,False
2024,West Virginia,WV,State Senate,3,general,Donna Boley,Republican,37987,100.0,True,True
2024,West Virginia,WV,State Senate,4,general,Amy Grady,Republican,33655,74.79,True,True
2024,West Virginia,WV,State Senate,4,general,Dwayne Russell,Democratic,11343,25.21,False,False
2024,West Virginia,WV,State Senate,5,general,Scott Fuller,Republican,19951,51.09,True,False
2024,West Virginia,WV,State Senate,5,general,Ric Griffith,Democratic,19098,48.91,False,False
2024,West Virginia,WV,State Senate,6,general,Craig A. Hart,Republican,23014,61.04,True,False
2024,West Virginia,WV,State Senate,6,general,Jeff DiSibbio,Democratic,12924,34.28,False,False
2024,West Virginia,WV,State Senate,6,general,Dave Sartin,Independent,1765,4.68,False,False
2024,West Virginia,WV,State Senate,7,general,Rupie Phillips,Republican,28849,100.0,True,True
2024,West Virginia,WV,State Senate,8,general,Glenn Jeffries,Republican,30980,100.0,True,True
2024,West Virginia,WV,State Senate,9,general,Brian Helton,Republican,30734,75.01,True,False
2024,West Virginia,WV,State Senate,9,general,Christy Cardwell,Democratic,10240,24.99,False,False
2024,West Virginia,WV,State Senate,10,general,Jack Woodrum,Republican,37651,99.95,True,True
2024,West Virginia,WV,State Senate,11,general,Robbie Morris,Republican,31279,75.93,True,False
2024,West Virginia,WV,State Senate,11,general,Mandy Smith Weirich,Democratic,9913,24.07,False,False
2024,West Virginia,WV,State Senate,12,general,Patrick Martin,Republican,37167,100.0,True,True
2024,West Virginia,WV,State Senate,13,general,Joey Garcia,Democratic,21890,54.44,True,False
2024,West Virginia,WV,State Senate,13,general,Rebecca Polis,Republican,18321,45.56,False,False
2024,West Virginia,WV,State Senate,14,general,Randy Smith,Republican,36296,86.65,True,True
2024,West Virginia,WV,State Senate,14,general,Betsy Orndoff-Sayers,Mountain,5594,13.35,False,False
2024,West Virginia,WV,State Senate,15,general,Tom Willis,Republican,35979,72.98,True,False
2024,West Virginia,WV,State Senate,15,general,Anthony Murray,Democratic,13318,27.02,False,False
2024,West Virginia,WV,State Senate,16,general,Patricia Rucker,Republican,31003,60.03,True,True
2024,West Virginia,WV,State Senate,16,general,John Doyle,Democratic,20645,39.97,False,False
2024,West Virginia,WV,State Senate,17,general,Eric Nelson,Republican,26931,64.27,True,True
2024,West Virginia,WV,State Senate,17,general,Bil Lepp,Democratic,14972,35.73,False,False
2024,Wisconsin,WI,State Senate,4,general,Dora Drake,Democratic,72058,98.45,True,True
2024,Wisconsin,WI,State Senate,2,general,Eric Wimberger,Republican,67979,64.46,True,False
2024,Wisconsin,WI,State Senate,2,general,Kelly Peterson,Democratic,37430,35.49,False,False
2024,Wisconsin,WI,State Senate,6,general,La Tonya Johnson,Democratic,69190,98.51,True,True
2024,Wisconsin,WI,State Senate,8,general,Jodi Habush Sinykin,Democratic,60471,50.69,True,False
2024,Wisconsin,WI,State Senate,8,general,Duey Stroebel,Republican,58686,49.18,False,False
2024,Wisconsin,WI,State Senate,10,general,Rob Stafsholt,Republican,66652,62.35,True,True
2024,Wisconsin,WI,State Senate,10,general,Paul Hambleton,Democratic,40158,37.57,False,False
2024,Wisconsin,WI,State Senate,12,general,Mary Felzkowski,Republican,74162,67.46,True,True
2024,Wisconsin,WI,State Senate,12,general,Andi Rich,Democratic,35628,32.41,False,False
2024,Wisconsin,WI,State Senate,14,general,Sarah Keyeski,Democratic,52483,51.09,True,False
2024,Wisconsin,WI,State Senate,14,general,Joan Ballweg,Republican,50132,48.81,False,True
2024,Wisconsin,WI,State Senate,16,general,Melissa Ratcliff,Democratic,82828,97.23,True,False
2024,Wisconsin,WI,State Senate,18,general,Kristin Alfheim,Democratic,46878,53.25,True,False
2024,Wisconsin,WI,State Senate,18,general,Anthony Phillips,Republican,41079,46.66,False,False
2024,Wisconsin,WI,State Senate,20,general,Dan Feyen,Republican,73552,69.99,True,False
2024,Wisconsin,WI,State Senate,20,general,Michael Rapp,Democratic,31434,29.91,False,False
2024,Wisconsin,WI,State Senate,22,general,Robert Wirch,Democratic,62270,95.29,True,True
2024,Wisconsin,WI,State Senate,24,general,Patrick Testin,Republican,57695,58.67,True,True
2024,Wisconsin,WI,State Senate,24,general,Collin McNamara,Democratic,40599,41.28,False,False
2024,Wisconsin,WI,State Senate,26,general,Kelda Roys,Democratic,94495,98.41,True,True
2024,Wisconsin,WI,State Senate,28,general,Julian Bradley,Republican,70543,63.09,True,True
2024,Wisconsin,WI,State Senate,28,general,Megan Lach,Democratic,41170,36.82,False,False
2024,Wisconsin,WI,State Senate,30,general,Jamie Wall,Democratic,46247,52.49,True,False
2024,Wisconsin,WI,State Senate,30,general,Jim Rafter,Republican,41773,47.41,False,False
2024,Wisconsin,WI,State Senate,32,general,Brad Pfaff,Democratic,52776,52.33,True,True
2024,Wisconsin,WI,State Senate,32,general,Stacey Klein,Republican,48058,47.65,False,False
2024,Wyoming,WY,State Senate,2,general,Brian Boner (inc.),Republican,7712,98.24,True,False
2024,Wyoming,WY,State Senate,4,general,Tara Nethercott (inc.),Republican,8255,96.41,True,False
2024,Wyoming,WY,State Senate,6,general,Darin Smith,Republican,8484,95.48,True,False
2024,Wyoming,WY,State Senate,8,general,Jared Olsen,Republican,3444,57.91,True,False
2024,Wyoming,WY,State Senate,8,general,Marguerite Herman,Democratic,2464,41.43,False,False
2024,Wyoming,WY,State Senate,10,general,Gary Crum,Republican,6331,64.83,True,False
2024,Wyoming,WY,State Senate,10,general,Mike Selmer,Democratic,3405,34.87,False,False
2024,Wyoming,WY,State Senate,12,general,John Kolb (inc.),Republican,4359,69.47,True,False
2024,Wyoming,WY,State Senate,12,general,Kenilynn S. Zanetti,Democratic,1873,29.85,False,False
2024,Wyoming,WY,State Senate,14,general,Laura Taliaferro Pearson,Republican,8025,94.2,True,False
2024,Wyoming,WY,State Senate,16,general,Dan Dockstader (inc.),Republican,8830,97.0,True,False
2024,Wyoming,WY,State Senate,18,general,Tim French (inc.),Republican,8568,94.43,True,False
2024,Wyoming,WY,State Senate,20,general,Ed Cooper (inc.),Republican,8236,97.17,True,False
2024,Wyoming,WY,State Senate,22,general,Barry Crago,Republican,8599,93.95,True,False
2024,Wyoming,WY,State Senate,24,general,Troy McKeown (inc.),Republican,5305,92.15,True,False
2024,Wyoming,WY,State Senate,26,general,Tim Salazar (inc.),Republican,7266,97.01,True,False
2024,Wyoming,WY,State Senate,28,general,James Lee Anderson (inc.),Republican,5354,94.49,True,False
2024,Wyoming,WY,State Senate,30,general,Charles Scott (inc.),Republican,6404,96.78,True,False
