year,state,state_code,chamber,district,race,candidate,party,votes,percentage,winner,incumbent
2020,Arizona,AZ,State Senate,1,general,Karen Fann,Republican,105712.0,72.5,True,False
2020,Arizona,AZ,State Senate,1,general,Gilbert Carillo,Democratic,40063.0,27.5,False,False
2020,Arizona,AZ,State Senate,2,general,Rosanna Gabaldón,Democratic,52333.0,61.0,True,False
2020,Arizona,AZ,State Senate,2,general,Mark Workman,Republican,33463.0,39.0,False,False
2020,Arizona,AZ,State Senate,3,general,Sally Ann Gonzales,Democratic,62785.0,100.0,True,False
2020,Arizona,AZ,State Senate,4,general,Lisa Otondo,Democratic,41045.0,56.2,True,False
2020,Arizona,AZ,State Senate,4,general,Travis Angry,Republican,32045.0,43.8,False,False
2020,Arizona,AZ,State Senate,5,general,Sonny Borelli,Republican,87558.0,99.2,True,False
2020,Arizona,AZ,State Senate,6,general,Wendy Rogers,Republican,67379.0,54.7,True,False
2020,Arizona,AZ,State Senate,6,general,Felicia French,Democratic,55833.0,45.3,False,False
2020,Arizona,AZ,State Senate,7,general,Jamescity Peshlakai,Democratic,62824.0,100.0,True,False
2020,Arizona,AZ,State Senate,8,general,"Thomas ""T.J."" Shope",Republican,50639.0,58.5,True,False
2020,Arizona,AZ,State Senate,8,general,Barbara McGuire,Democratic,35963.0,41.5,False,False
2020,Arizona,AZ,State Senate,9,general,Victoria Steele,Democratic,83482.0,100.0,True,False
2020,Arizona,AZ,State Senate,10,general,Kirsten Engel,Democratic,67320.0,58.7,True,False
2020,Arizona,AZ,State Senate,10,general,Justine Wadsack,Republican,47394.0,41.3,False,False
2020,Arizona,AZ,State Senate,11,general,"Venden ""Vince"" Leach",Republican,72563.0,54.4,True,False
2020,Arizona,AZ,State Senate,11,general,JoAnna Mendoza,Democratic,60818.0,45.6,False,False
2020,Arizona,AZ,State Senate,12,general,Warren Peterson,Republican,96149.0,61.6,True,False
2020,Arizona,AZ,State Senate,12,general,Lynsey Robinson,Democratic,59852.0,38.4,False,False
2020,Arizona,AZ,State Senate,13,general,Sine Kerr,Republican,93388.0,99.8,True,False
2020,Arizona,AZ,State Senate,14,general,David Gowan,Republican,67229.0,63.4,True,False
2020,Arizona,AZ,State Senate,14,general,Bob Karb,Democratic,38829.0,36.6,False,False
2020,Arizona,AZ,State Senate,15,general,Nancy Barto,Republican,91249.0,98.6,True,False
2020,Arizona,AZ,State Senate,16,general,Kelly Townsend,Republican,94913.0,96.8,True,False
2020,Arizona,AZ,State Senate,17,general,J.D. Mesnard,Republican,67889.0,52.5,True,False
2020,Arizona,AZ,State Senate,17,general,"Ajlan ""A.J."" Kurdoglu",Democratic,61363.0,47.5,False,False
2020,Arizona,AZ,State Senate,18,general,Sean Bowie,Democratic,75013.0,58.1,True,False
2020,Arizona,AZ,State Senate,18,general,Suzanne Sharer,Republican,54066.0,41.9,False,False
2020,Arizona,AZ,State Senate,19,general,Lupe Contreras Chavira,Democratic,53794.0,100.0,True,False
2020,Arizona,AZ,State Senate,20,general,Paul Boyer,Republican,52734.0,52.3,True,False
2020,Arizona,AZ,State Senate,20,general,Douglas Ervin,Democratic,48059.0,47.7,False,False
2020,Arizona,AZ,State Senate,21,general,Rick Gray,Republican,75864.0,100.0,True,False
2020,Arizona,AZ,State Senate,22,general,David Livingston,Republican,97386.0,63.6,True,False
2020,Arizona,AZ,State Senate,22,general,Sarah Tyree,Democratic,55653.0,36.4,False,False
2020,Arizona,AZ,State Senate,23,general,Michelle Ugenti-Rita,Republican,89677.0,59.1,True,False
2020,Arizona,AZ,State Senate,23,general,Seth Blattman,Democratic,62115.0,40.9,False,False
2020,Arizona,AZ,State Senate,24,general,Lela Alston,Democratic,66719.0,70.9,True,False
2020,Arizona,AZ,State Senate,24,general,Ray Michaels,Republican,27402.0,29.1,False,False
2020,Arizona,AZ,State Senate,25,general,Tyler Pace,Republican,70046.0,61.2,True,False
2020,Arizona,AZ,State Senate,25,general,Paul Weigel,Democratic,44443.0,38.8,False,False
2020,Arizona,AZ,State Senate,26,general,Juan Mendez,Democratic,49806.0,67.1,True,False
2020,Arizona,AZ,State Senate,26,general,Jae Chin,Republican,24385.0,32.9,False,False
2020,Arizona,AZ,State Senate,27,general,Rebecca Rios,Democratic,57027.0,76.9,True,False
2020,Arizona,AZ,State Senate,27,general,Garland Shreves,Republican,17087.0,23.1,False,False
2020,Arizona,AZ,State Senate,28,general,Christine Marsh,Democratic,60339.0,50.2,True,False
2020,Arizona,AZ,State Senate,28,general,Kate McGee Brophy,Republican,59842.0,49.8,False,False
2020,Arizona,AZ,State Senate,29,general,Martín J. Quezada,Democratic,41272.0,70.4,True,False
2020,Arizona,AZ,State Senate,29,general,John Wilson,Republican,17305.0,29.5,False,False
2020,Arizona,AZ,State Senate,30,general,"Otoniel ""Tony"" Navarrete",Democratic,42344.0,100.0,True,False
2020,Arkansas,AR,State Senate,1,general,Bart Hester,Republican,36778.0,64.94,True,True
2020,Arkansas,AR,State Senate,1,general,Ronetta J. Francis,Democratic,19855.0,35.06,False,False
2020,Arkansas,AR,State Senate,2,general,Jim Hendren,Republican,32705.0,73.44,True,True
2020,Arkansas,AR,State Senate,2,general,Ryan Craig,Democratic,11825.0,26.56,False,False
2020,Arkansas,AR,State Senate,7,general,Lance Eads,Republican,24563.0,100.0,True,True
2020,Arkansas,AR,State Senate,11,general,Jimmy Hickey Jr.,Republican,21058.0,100.0,True,True
2020,Arkansas,AR,State Senate,12,general,Charles Beckham,Republican,17282.0,55.89,True,False
2020,Arkansas,AR,State Senate,12,general,Bruce Maloch,Democratic,13641.0,44.11,False,True
2020,Arkansas,AR,State Senate,13,general,Alan Clark,Republican,26069.0,75.19,True,True
2020,Arkansas,AR,State Senate,13,general,Brandon Overly,Democratic,8604.0,24.81,False,False
2020,Arkansas,AR,State Senate,16,general,Breanne Davis,Republican,27639.0,100.0,True,True
2020,Arkansas,AR,State Senate,21,general,Dan Sullivan,Republican,28542.0,100.0,True,False
2020,Arkansas,AR,State Senate,22,general,Dave Wallace,Republican,20406.0,100.0,True,True
2020,Arkansas,AR,State Senate,23,general,Ronald Caldwell,Republican,17538.0,100.0,True,True
2020,Arkansas,AR,State Senate,25,general,Stephanie Flowers,Democratic,19737.0,100.0,True,True
2020,Arkansas,AR,State Senate,26,general,Ben Gilmore,Republican,17732.0,60.06,True,False
2020,Arkansas,AR,State Senate,26,general,Eddie L. Cheatham,Democratic,11791.0,39.94,False,True
2020,Arkansas,AR,State Senate,27,general,Trent Garner,Republican,19892.0,61.08,True,True
2020,Arkansas,AR,State Senate,27,general,Keidra Burrell,Democratic,1267.0,38.92,False,False
2020,Arkansas,AR,State Senate,28,general,Jonathan Dismang,Republican,14169.0,100.0,True,True
2020,Arkansas,AR,State Senate,29,general,Ricky Hill,Republican,31111.0,100.0,True,True
2020,Arkansas,AR,State Senate,32,general,Clarke Tucker,Democratic,28481.0,64.92,True,False
2020,Arkansas,AR,State Senate,32,general,Bob Thomas,Republican,15392.0,35.08,False,False
2020,Arkansas,AR,State Senate,34,general,Jane English,Republican,21364.0,53.76,True,True
2020,Arkansas,AR,State Senate,34,general,Alisa Blaize Dixon,Democratic,18375.0,46.24,False,False
2020,Colorado,CO,State Senate,4,general,Jim Smallwood,Republican,73832.0,62.27,True,True
2020,Colorado,CO,State Senate,4,general,Elissa Flaumenhaft,Democratic,41526.0,35.02,False,False
2020,Colorado,CO,State Senate,4,general,Wayne Harlos,Libertarian,3208.0,2.71,False,False
2020,Colorado,CO,State Senate,8,general,Bob Rankin,Republican,42701.0,50.58,True,True
2020,Colorado,CO,State Senate,8,general,Karl Hanlon,Democratic,41717.0,49.42,False,False
2020,Colorado,CO,State Senate,10,general,Larry Liston,Republican,47463.0,56.37,True,False
2020,Colorado,CO,State Senate,10,general,Randi McCallian,Democratic,32114.0,38.14,False,False
2020,Colorado,CO,State Senate,10,general,Heather Johnson,Libertarian,4620.0,5.49,False,False
2020,Colorado,CO,State Senate,12,general,Bob Gardner,Republican,45808.0,58.35,True,True
2020,Colorado,CO,State Senate,12,general,Electra Johnson,Democratic,29656.0,37.77,False,False
2020,Colorado,CO,State Senate,12,general,Zechariah L. Harris,Libertarian,3048.0,3.88,False,False
2020,Colorado,CO,State Senate,14,general,Joann Ginal,Democratic,63409.0,66.65,True,True
2020,Colorado,CO,State Senate,14,general,Hans D. Hochheimer,Republican,31724.0,33.35,False,False
2020,Colorado,CO,State Senate,17,general,Sonya Jaquez Lewis,Democratic,65226.0,67.89,True,False
2020,Colorado,CO,State Senate,17,general,Matthew D. Menza,Republican,30848.0,32.11,False,False
2020,Colorado,CO,State Senate,18,general,Steve Fenberg,Democratic,75261.0,82.9,True,True
2020,Colorado,CO,State Senate,18,general,Peg Cage,Republican,15524.0,17.1,False,False
2020,Colorado,CO,State Senate,19,general,Rachel Zenzinger,Democratic,54694.0,59.17,True,True
2020,Colorado,CO,State Senate,19,general,Lynn Gerber,Republican,37740.0,40.83,False,False
2020,Colorado,CO,State Senate,21,general,Dominick Moreno,Democratic,41438.0,63.55,True,True
2020,Colorado,CO,State Senate,21,general,Martín Mendez,Republican,23769.0,36.45,False,False
2020,Colorado,CO,State Senate,23,general,Barbara Kirkmeyer,Republican,71570.0,55.14,True,False
2020,Colorado,CO,State Senate,23,general,Sally Boccella,Democratic,58227.0,44.86,False,False
2020,Colorado,CO,State Senate,25,general,Kevin Priola,Republican,37195.0,50.84,True,True
2020,Colorado,CO,State Senate,25,general,Paula Dickerson,Democratic,35968.0,49.16,False,False
2020,Colorado,CO,State Senate,26,general,Jeff Bridges,Democratic,54275.0,60.56,True,True
2020,Colorado,CO,State Senate,26,general,Bob Roth,Republican,32984.0,36.8,False,False
2020,Colorado,CO,State Senate,26,general,Marc Solomon,Libertarian,2366.0,2.64,False,False
2020,Colorado,CO,State Senate,27,general,Chris Kolker,Democratic,51005.0,55.3,True,False
2020,Colorado,CO,State Senate,27,general,Suzanne Staiert,Republican,41222.0,44.7,False,False
2020,Colorado,CO,State Senate,28,general,Janet Buckner,Democratic,51028.0,61.92,True,False
2020,Colorado,CO,State Senate,28,general,Karl Stecher,Republican,31387.0,38.08,False,False
2020,Colorado,CO,State Senate,29,general,Rhonda Fields,Democratic,45828.0,68.66,True,True
2020,Colorado,CO,State Senate,29,general,Michele Poague,Libertarian,20914.0,31.34,False,False
2020,Colorado,CO,State Senate,31,general,Chris Hansen,Democratic,74288.0,76.7,True,True
2020,Colorado,CO,State Senate,31,general,Doug Townsend,Republican,22562.0,23.3,False,False
2020,Colorado,CO,State Senate,33,general,James Coleman,Democratic,75702.0,91.01,True,False
2020,Colorado,CO,State Senate,33,general,Jerry Burton,Unity,7482.0,8.99,False,False
2020,Colorado,CO,State Senate,35,general,Cleave Simpson,Republican,43970.0,60.12,True,False
2020,Colorado,CO,State Senate,35,general,Carlos R. Lopez,Democratic,29163.0,39.88,False,False
2020,Connecticut,CT,State Senate,1,general,John Fonfara,Democratic,20584.0,71.78,True,True
2020,Connecticut,CT,State Senate,1,general,Barbara Ruhe,Republican,7141.0,24.9,False,False
2020,Connecticut,CT,State Senate,1,general,Mary L. Sanders,Green,952.0,3.32,False,False
2020,Connecticut,CT,State Senate,2,general,Douglas McCrory,Democratic,33839.0,100.0,True,True
2020,Connecticut,CT,State Senate,3,general,Saud Anwar,Democratic,35263.0,89.45,True,True
2020,Connecticut,CT,State Senate,4,general,Steve Cassano,Democratic,31714.0,56.34,True,True
2020,Connecticut,CT,State Senate,4,general,Matthew M. Corey,Republican,20737.0,38.33,False,False
2020,Connecticut,CT,State Senate,4,general,Harold S. Harris,Libertarian,830.0,1.53,False,False
2020,Connecticut,CT,State Senate,4,general,Kelly Green,Reclaim,823.0,1.52,False,False
2020,Connecticut,CT,State Senate,5,general,Derek Slap,Democratic,37360.0,65.43,True,True
2020,Connecticut,CT,State Senate,5,general,Phillip Chabot,Republican,17961.0,31.45,False,False
2020,Connecticut,CT,State Senate,5,general,Joelle Nawrocki,Independent,1780.0,3.12,False,False
2020,Connecticut,CT,State Senate,6,general,Rick Lopes,Democratic,20621.0,53.04,True,False
2020,Connecticut,CT,State Senate,6,general,Gennaro Bizzarro,Republican,16372.0,44.26,False,True
2020,Connecticut,CT,State Senate,7,general,Frederick A. Moffa,Democratic,24144.0,43.62,False,False
2020,Connecticut,CT,State Senate,7,general,John A. Kissel,Republican,28327.0,50.74,True,True
2020,Connecticut,CT,State Senate,8,general,Kevin Witkos,Republican,29694.0,51.54,True,True
2020,Connecticut,CT,State Senate,8,general,Melissa E. Osborne,Democratic,26811.0,46.53,False,False
2020,Connecticut,CT,State Senate,8,general,Keith James McConnell,Independent,1111.0,1.93,False,False
2020,Connecticut,CT,State Senate,9,general,Matt Lesser,Democratic,30982.0,54.85,True,True
2020,Connecticut,CT,State Senate,9,general,Richie Ruglio,Republican,22748.0,40.22,False,False
2020,Connecticut,CT,State Senate,10,general,Gary Winfield,Democratic,24746.0,78.14,True,True
2020,Connecticut,CT,State Senate,10,general,Carlos M. Alvarado,Republican,4081.0,13.72,False,False
2020,Connecticut,CT,State Senate,10,general,Jason W. Bartlett,Petitioning Candidate,1246.0,4.19,False,False
2020,Connecticut,CT,State Senate,11,general,Martin Looney,Democratic,27336.0,74.7,True,True
2020,Connecticut,CT,State Senate,11,general,Jameson White,Republican,8462.0,23.12,False,False
2020,Connecticut,CT,State Senate,11,general,Alexander Taubes,Petitioning Candidate,795.0,2.17,False,False
2020,Connecticut,CT,State Senate,12,general,Christine Cohen,Democratic,33200.0,53.69,True,True
2020,Connecticut,CT,State Senate,12,general,Joe LaPorta,Republican,25113.0,43.07,False,False
2020,Connecticut,CT,State Senate,13,general,Mary Abrams,Democratic,24933.0,50.42,True,True
2020,Connecticut,CT,State Senate,13,general,Len Suzio,Republican,22331.0,44.01,False,False
2020,Connecticut,CT,State Senate,14,general,James Maroney,Democratic,30670.0,53.06,True,True
2020,Connecticut,CT,State Senate,14,general,Michael Southworth,Republican,22830.0,42.67,False,False
2020,Connecticut,CT,State Senate,15,general,Joan V. Hartley,Democratic,24840.0,81.99,True,True
2020,Connecticut,CT,State Senate,16,general,Jack Perry,Democratic,25093.0,41.83,False,False
2020,Connecticut,CT,State Senate,16,general,Rob Sampson,Republican,29209.0,53.79,True,True
2020,Connecticut,CT,State Senate,16,general,Paul J. Small,Write-in Candidate,4.0,0.01,False,False
2020,Connecticut,CT,State Senate,17,general,Jorge Cabrera,Democratic,25034.0,49.61,True,False
2020,Connecticut,CT,State Senate,17,general,George Logan,Republican,22958.0,44.68,False,True
2020,Connecticut,CT,State Senate,18,general,Bob Statchen,Democratic,25502.0,47.6,False,False
2020,Connecticut,CT,State Senate,18,general,Heather Somers,Republican,26377.0,52.42,True,True
2020,Connecticut,CT,State Senate,19,general,Cathy Osten,Democratic,25848.0,50.51,True,True
2020,Connecticut,CT,State Senate,19,general,Steve Weir,Republican,21680.0,44.77,False,False
2020,Connecticut,CT,State Senate,19,general,William H. Russell,Libertarian,892.0,1.84,False,False
2020,Connecticut,CT,State Senate,20,general,Martha Marx,Democratic,24503.0,46.09,False,False
2020,Connecticut,CT,State Senate,20,general,Paul M. Formica,Republican,25680.0,50.58,True,True
2020,Connecticut,CT,State Senate,20,general,Joseph Taraya,Independent,586.0,1.15,False,False
2020,Connecticut,CT,State Senate,21,general,Kevin C. Kelly,Republican,37602.0,100.0,True,True
2020,Connecticut,CT,State Senate,22,general,Marilyn Moore,Democratic,28438.0,61.34,True,True
2020,Connecticut,CT,State Senate,22,general,Steven S. Choi,Republican,17070.0,36.82,False,False
2020,Connecticut,CT,State Senate,22,general,Stephen Dincher,Libertarian,845.0,1.82,False,False
2020,Connecticut,CT,State Senate,22,general,Devon Brown,Write-in Candidate,9.0,0.02,False,False
2020,Connecticut,CT,State Senate,23,general,Dennis Bradley,Democratic,20317.0,83.53,True,True
2020,Connecticut,CT,State Senate,23,general,Josiah Israel,Republican,4006.0,16.47,False,False
2020,Connecticut,CT,State Senate,24,general,Julie Kushner,Democratic,25030.0,53.63,True,True
2020,Connecticut,CT,State Senate,24,general,Susan Chapman,Republican,19605.0,42.07,False,False
2020,Connecticut,CT,State Senate,25,general,Bob Duff,Democratic,29788.0,60.3,True,True
2020,Connecticut,CT,State Senate,25,general,Ellie Kousidis,Republican,20278.0,37.17,False,False
2020,Connecticut,CT,State Senate,26,general,Will Haskell,Democratic,38227.0,58.4,True,True
2020,Connecticut,CT,State Senate,26,general,Kim Healy,Republican,27549.0,39.46,False,False
2020,Connecticut,CT,State Senate,27,general,Carlo Leone,Democratic,29279.0,63.83,True,True
2020,Connecticut,CT,State Senate,27,general,Eva Maldonado,Republican,16594.0,33.37,False,False
2020,Connecticut,CT,State Senate,28,general,Michelle Lapine McCabe,Democratic,29759.0,48.3,False,False
2020,Connecticut,CT,State Senate,28,general,Tony Hwang,Republican,31857.0,51.7,True,True
2020,Connecticut,CT,State Senate,29,general,Mae Flexer,Democratic,20878.0,49.07,True,True
2020,Connecticut,CT,State Senate,29,general,Jessica Alba,Republican,19103.0,44.68,False,False
2020,Connecticut,CT,State Senate,30,general,David Gronbach,Democratic,24158.0,44.9,False,False
2020,Connecticut,CT,State Senate,30,general,Craig Miner,Republican,28719.0,53.4,True,True
2020,Connecticut,CT,State Senate,30,general,Joseph Bongiorno,Independent,937.0,1.7,False,False
2020,Connecticut,CT,State Senate,31,general,Mary Fortier,Democratic,21589.0,41.9,False,False
2020,Connecticut,CT,State Senate,31,general,Henri Martin,Republican,29884.0,58.1,True,True
2020,Connecticut,CT,State Senate,32,general,Jeff Desmarais,Democratic,23696.0,41.8,False,False
2020,Connecticut,CT,State Senate,32,general,Eric Berthel,Republican,33005.0,58.2,True,True
2020,Connecticut,CT,State Senate,33,general,Norman Needleman,Democratic,33351.0,54.0,True,True
2020,Connecticut,CT,State Senate,33,general,Brendan Saunders,Republican,28432.0,46.0,False,False
2020,Connecticut,CT,State Senate,34,general,April Capone,Democratic,22468.0,44.8,False,False
2020,Connecticut,CT,State Senate,34,general,"Paul Cicarella, Jr",Republican,27691.0,55.2,True,False
2020,Connecticut,CT,State Senate,35,general,Lisa Thomas,Democratic,28138.0,45.47,False,False
2020,Connecticut,CT,State Senate,35,general,Dan Champagne,Republican,28763.0,50.55,True,True
2020,Connecticut,CT,State Senate,36,general,Alex Kasser,Democratic,29133.0,51.4,True,True
2020,Connecticut,CT,State Senate,36,general,Ryan Fazio,Republican,27570.0,48.6,False,False
2020,Delaware,DE,State Senate,1,general,Sarah McBride,Democratic,16865.0,73.3,True,False
2020,Delaware,DE,State Senate,1,general,Steve Washington,Republican,6144.0,26.7,False,False
2020,Delaware,DE,State Senate,5,general,Kyle Evans Gay,Democratic,13475.0,52.31,True,False
2020,Delaware,DE,State Senate,5,general,Catherine Cloutier,Republican,12283.0,47.69,False,True
2020,Delaware,DE,State Senate,7,general,Spiros Mantzavinos,Democratic,10399.0,51.35,True,False
2020,Delaware,DE,State Senate,7,general,Anthony Delcollo,Republican,9851.0,48.65,False,True
2020,Delaware,DE,State Senate,8,general,David Sokola,Democratic,13281.0,100.0,True,True
2020,Delaware,DE,State Senate,9,general,Jack Walsh,Democratic,12728.0,67.07,True,True
2020,Delaware,DE,State Senate,9,general,Todd Ruckle,Republican,6248.0,32.93,False,False
2020,Delaware,DE,State Senate,12,general,Nicole Poore,Democratic,21606.0,100.0,True,True
2020,Delaware,DE,State Senate,13,general,Marie Pinkney,Democratic,14044.0,75.84,True,False
2020,Delaware,DE,State Senate,13,general,Alexander M. Homich,Republican,4475.0,24.16,False,False
2020,Delaware,DE,State Senate,14,general,Bruce Ennis,Democratic,16492.0,59.49,True,True
2020,Delaware,DE,State Senate,14,general,Craig Pugh,Republican,11229.0,40.51,False,False
2020,Delaware,DE,State Senate,15,general,David G. Lawson,Republican,14587.0,55.34,True,True
2020,Delaware,DE,State Senate,15,general,Jacqueline Hugg,Democratic,11773.0,44.66,False,False
2020,Delaware,DE,State Senate,19,general,Brian G. Pettyjohn,Republican,16324.0,100.0,True,True
2020,Delaware,DE,State Senate,20,general,Gerald Hocker,Republican,24001.0,100.0,True,True
2020,Florida,FL,State Senate,1,general,Douglas V. Broxson,Republican,185380.0,65.3,True,False
2020,Florida,FL,State Senate,1,general,Karen M. Butler,Democratic,98407.0,34.7,False,False
2020,Florida,FL,State Senate,3,general,Loranne Ausley,Democratic,137609.0,53.4,True,False
2020,Florida,FL,State Senate,3,general,Marva Harris Preston,Republican,120176.0,46.6,False,False
2020,Florida,FL,State Senate,5,general,Jennifer Bradley,Republican,194198.0,74.8,True,False
2020,Florida,FL,State Senate,5,general,Stacey L. Peters,Democratic,65568.0,25.2,False,False
2020,Florida,FL,State Senate,7,general,Travis J. Hutson,Republican,212577.0,61.7,True,False
2020,Florida,FL,State Senate,7,general,Heather Hunter,Democratic,131763.0,38.3,False,False
2020,Florida,FL,State Senate,7,general,Richard Dembinsky (Write in),Independent,13.0,0.0,False,False
2020,Florida,FL,State Senate,9,general,Jason Brodeur,Republican,141544.0,50.3,True,False
2020,Florida,FL,State Senate,9,general,Patricia Sigman,Democratic,133900.0,47.6,False,False
2020,Florida,FL,State Senate,9,general,Jestine Iannotti,Independent,5787.0,2.1,False,False
2020,Florida,FL,State Senate,11,general,Randolph Bracy,Democratic,147244.0,65.0,True,False
2020,Florida,FL,State Senate,11,general,Joshua Eli Adams,Republican,79224.0,35.0,False,False
2020,Florida,FL,State Senate,13,general,Linda Stewart,Democratic,152769.0,60.6,True,False
2020,Florida,FL,State Senate,13,general,Josh Anderson,Republican,99134.0,39.4,False,False
2020,Florida,FL,State Senate,15,general,Victor M. Torres,Democratic,180185.0,57.1,True,False
2020,Florida,FL,State Senate,15,general,Louis T. Minnis,Republican,123153.0,39.0,False,False
2020,Florida,FL,State Senate,15,general,Mike James,Independent,12207.0,3.9,False,False
2020,Florida,FL,State Senate,17,general,Debbie Mayfield,Republican,193560.0,60.6,True,False
2020,Florida,FL,State Senate,17,general,Scot Fretwell,Democratic,114515.0,35.9,False,False
2020,Florida,FL,State Senate,17,general,Phillip Snyder,Independent,11323.0,3.5,False,False
2020,Florida,FL,State Senate,19,general,Darryl Ervin Rouson,Democratic,174343.0,68.7,True,False
2020,Florida,FL,State Senate,19,general,Christina Paylan,Independent,79463.0,31.3,False,False
2020,Florida,FL,State Senate,20,general,Danny Burgess,Republican,141607.0,54.8,True,False
2020,Florida,FL,State Senate,20,general,Kathy Lewis,Democratic,116685.0,45.2,False,False
2020,Florida,FL,State Senate,21,general,Jim Boyd,Republican,191673.0,61.0,True,False
2020,Florida,FL,State Senate,21,general,"Anthony ""Tony"" Eldon",Democratic,122480.0,39.0,False,False
2020,Florida,FL,State Senate,23,general,Joe Gruters,Republican,188126.0,57.7,True,False
2020,Florida,FL,State Senate,23,general,Katherine Norman,Democratic,131491.0,40.3,False,False
2020,Florida,FL,State Senate,23,general,Robert Kaplan,Independent,6696.0,2.1,False,False
2020,Florida,FL,State Senate,25,general,Gayle Harrell,Republican,168063.0,58.7,True,False
2020,Florida,FL,State Senate,25,general,Corinna Robinson,Democratic,118211.0,41.3,False,False
2020,Florida,FL,State Senate,27,general,Ray Rodrigues,Republican,176954.0,60.5,True,False
2020,Florida,FL,State Senate,27,general,Rachel Brown,Democratic,115537.0,39.5,False,False
2020,Florida,FL,State Senate,29,general,Tina Polsky,Democratic,156441.0,55.7,True,False
2020,Florida,FL,State Senate,29,general,Brian Norton,Republican,124502.0,44.3,False,False
2020,Florida,FL,State Senate,31,general,Lori Berman,Democratic,156495.0,62.2,True,False
2020,Florida,FL,State Senate,31,general,Tami Donnally,Republican,95019.0,37.8,False,False
2020,Florida,FL,State Senate,35,general,"Shevrin ""Shev"" Jones",Democratic,188942.0,99.7,True,False
2020,Florida,FL,State Senate,35,general,Darien Hill (Write in),Independent,590.0,0.3,False,False
2020,Florida,FL,State Senate,37,general,Ileana Garcia,Republican,104630.0,48.53,True,False
2020,Florida,FL,State Senate,37,general,José Javier Rodríguez,Democratic,104598.0,48.51,False,True
2020,Florida,FL,State Senate,37,general,Alex Rodriguez,Independent,6382.0,2.96,False,False
2020,Florida,FL,State Senate,39,general,Ana Maria Rodriguez,Republican,123556.0,55.6,True,False
2020,Florida,FL,State Senate,39,general,Javier E. Fernandez,Democratic,95135.0,42.8,False,False
2020,Florida,FL,State Senate,39,general,Celso D. Alfonso,Independent,3639.0,1.6,False,False
2020,Georgia,GA,State Senate,1,general,Ben Watson,Republican,72192.0,100.0,True,True
2020,Georgia,GA,State Senate,2,general,Lester Jackson,Democratic,62334.0,100.0,True,True
2020,Georgia,GA,State Senate,3,general,Sheila McNeill,Republican,63891.0,100.0,True,True
2020,Georgia,GA,State Senate,4,general,Billy Hickman,Republican,65492.0,100.0,True,True
2020,Georgia,GA,State Senate,5,general,Sheikh Rahman,Democratic,44991.0,100.0,True,True
2020,Georgia,GA,State Senate,6,general,Jen Jordan,Democratic,62148.0,61.51,True,True
2020,Georgia,GA,State Senate,6,general,Lance Harris,Republican,38891.0,38.49,False,False
2020,Georgia,GA,State Senate,7,general,Tyler Harper,Republican,56433.0,100.0,True,True
2020,Georgia,GA,State Senate,8,general,Russ Goodman,Republican,43324.0,61.77,True,True
2020,Georgia,GA,State Senate,8,general,Treva Gear,Democratic,26819.0,38.23,False,False
2020,Georgia,GA,State Senate,9,general,Nikki Merritt,Democratic,53941.0,51.96,True,False
2020,Georgia,GA,State Senate,9,general,P. K. Martin IV,Republican,49879.0,48.04,False,True
2020,Georgia,GA,State Senate,10,general,Emanuel Jones,Democratic,84994.0,100.0,True,True
2020,Georgia,GA,State Senate,11,general,Dean Burke,Republican,57018.0,100.0,True,True
2020,Georgia,GA,State Senate,12,general,Freddie Powell Sims,Democratic,40396.0,64.18,True,True
2020,Georgia,GA,State Senate,12,general,Tracy Taylor,Republican,22546.0,35.82,False,False
2020,Georgia,GA,State Senate,13,general,Carden Summers,Republican,48153.0,69.45,True,True
2020,Georgia,GA,State Senate,13,general,Mary Egler,Democratic,21178.0,30.55,False,False
2020,Georgia,GA,State Senate,14,general,Bruce Thompson,Republican,66534.0,70.01,True,True
2020,Georgia,GA,State Senate,14,general,Travis Johnson,Democratic,28505.0,29.99,False,False
2020,Georgia,GA,State Senate,15,general,Ed Harbison,Democratic,48998.0,100.0,True,True
2020,Georgia,GA,State Senate,16,general,Marty Harbin,Republican,65626.0,68.17,True,True
2020,Georgia,GA,State Senate,16,general,Cinquez Jester,Democratic,30643.0,31.83,False,False
2020,Georgia,GA,State Senate,17,general,Brian Strickland,Republican,52454.0,50.94,True,True
2020,Georgia,GA,State Senate,17,general,Kelly Rose,Democratic,50513.0,49.06,False,False
2020,Georgia,GA,State Senate,18,general,John F. Kennedy,Republican,71209.0,100.0,True,True
2020,Georgia,GA,State Senate,19,general,Blake Tillery,Republican,54197.0,100.0,True,True
2020,Georgia,GA,State Senate,20,general,Larry Walker III,Republican,57946.0,64.96,True,True
2020,Georgia,GA,State Senate,20,general,Julius Newberry Johnson,Democratic,31257.0,35.043,False,False
2020,Georgia,GA,State Senate,21,general,Brandon Beach,Republican,94143.0,100.0,True,True
2020,Georgia,GA,State Senate,22,general,Harold V. Jones II,Democratic,60966.0,100.0,True,True
2020,Georgia,GA,State Senate,23,general,Max Burns,Republican,46712.0,59.29,True,False
2020,Georgia,GA,State Senate,23,general,Ceretta Smith,Democratic,32069.0,40.71,False,False
2020,Georgia,GA,State Senate,24,general,Lee Anderson,Republican,83776.0,100.0,True,True
2020,Georgia,GA,State Senate,25,general,Burt Jones,Republican,61330.0,67.66,True,True
2020,Georgia,GA,State Senate,25,general,Veronica Brinson,Democratic,29315.0,32.34,False,False
2020,Georgia,GA,State Senate,26,general,David E. Lucas Sr.,Democratic,53421.0,100.0,True,True
2020,Georgia,GA,State Senate,27,general,Greg Dolezal,Republican,87192.0,70.02,True,True
2020,Georgia,GA,State Senate,27,general,Brooke Griffiths,Democratic,37340.0,29.98,False,False
2020,Georgia,GA,State Senate,28,general,Matt Brass,Republican,82691.0,100.0,True,True
2020,Georgia,GA,State Senate,29,general,Randy Robertson,Republican,70161.0,100.0,True,True
2020,Georgia,GA,State Senate,30,general,Mike Dugan,Republican,58303.0,67.54,True,True
2020,Georgia,GA,State Senate,30,general,Montenia Edwards,Democratic,28023.0,32.46,False,False
2020,Georgia,GA,State Senate,31,general,Jason Anavitarte,Republican,66020.0,70.86,True,False
2020,Georgia,GA,State Senate,31,general,Tianna Smith,Democratic,27146.0,29.14,False,False
2020,Georgia,GA,State Senate,32,general,Kay Kirkpatrick,Republican,63544.0,55.96,True,True
2020,Georgia,GA,State Senate,32,general,Christine Triebsch,Democratic,50005.0,44.04,False,False
2020,Georgia,GA,State Senate,33,general,Michael Rhett,Democratic,66207.0,100.0,True,True
2020,Georgia,GA,State Senate,34,general,Valencia Seay,Democratic,64110.0,100.0,True,True
2020,Georgia,GA,State Senate,35,general,Donzella James,Democratic,82600.0,100.0,True,True
2020,Georgia,GA,State Senate,36,general,Nan Orrock,Democratic,78536.0,100.0,True,True
2020,Georgia,GA,State Senate,37,general,Lindsey Tippins,Republican,60238.0,57.04,True,True
2020,Georgia,GA,State Senate,37,general,Vanessa Parker,Democratic,45370.0,42.96,False,False
2020,Georgia,GA,State Senate,38,general,Horacena Tate,Democratic,79748.0,100.0,True,True
2020,Georgia,GA,State Senate,39,special general,Sonya Halpern,Democratic,4435.0,80.78,True,False
2020,Georgia,GA,State Senate,39,special general,Linda Pritchett,Democratic,1055.0,19.22,False,False
2020,Georgia,GA,State Senate,40,general,Sally Harrell,Democratic,54359.0,60.5,True,True
2020,Georgia,GA,State Senate,40,general,Garry Guan,Republican,35494.0,39.5,False,False
2020,Georgia,GA,State Senate,41,general,Kim Jackson,Democratic,58154.0,79.68,True,True
2020,Georgia,GA,State Senate,41,general,William Park Freeman,Republican,14828.0,20.32,False,False
2020,Georgia,GA,State Senate,42,general,Elena Parent,Democratic,85202.0,100.0,True,True
2020,Georgia,GA,State Senate,43,general,Tonya Anderson,Democratic,67857.0,77.5,True,True
2020,Georgia,GA,State Senate,43,general,Melanie Williams,Republican,19703.0,22.5,False,False
2020,Georgia,GA,State Senate,44,general,Gail Davenport,Democratic,77593.0,88.18,True,True
2020,Georgia,GA,State Senate,44,general,Benjamin Brooks,Republican,10405.0,11.82,False,False
2020,Georgia,GA,State Senate,45,general,Clint Dixon,Republican,56965.0,55.6,True,True
2020,Georgia,GA,State Senate,45,general,Matielyn Jones,Democratic,45493.0,44.4,False,False
2020,Georgia,GA,State Senate,46,general,Bill Cowsert,Republican,59278.0,60.98,True,True
2020,Georgia,GA,State Senate,46,general,Zachary Perry,Democratic,37924.0,39.02,False,False
2020,Georgia,GA,State Senate,47,general,Frank Ginn,Republican,60282.0,65.86,True,True
2020,Georgia,GA,State Senate,47,general,Dawn Johnson,Democratic,31255.0,34.14,False,False
2020,Georgia,GA,State Senate,48,general,Michelle Au,Democratic,49184.0,56.18,True,False
2020,Georgia,GA,State Senate,48,general,Matt Reeves,Republican,38358.0,43.82,False,False
2020,Georgia,GA,State Senate,49,general,Butch Miller,Republican,74684.0,100.0,True,True
2020,Georgia,GA,State Senate,50,general,Bo Hatchett,Republican,71693.0,83.18,True,False
2020,Georgia,GA,State Senate,50,general,Dee Daley,Democratic,14493.0,16.82,False,False
2020,Georgia,GA,State Senate,51,general,Steve Gooch,Republican,84767.0,82.79,True,True
2020,Georgia,GA,State Senate,51,general,June Krise,Democratic,17625.0,17.21,False,False
2020,Georgia,GA,State Senate,52,general,Chuck Hufstetler,Republican,57621.0,76.44,True,True
2020,Georgia,GA,State Senate,52,general,Charles DeYoung,Democratic,17755.0,23.56,False,False
2020,Georgia,GA,State Senate,53,general,Jeff Mullis,Republican,66064.0,100.0,True,True
2020,Georgia,GA,State Senate,54,general,Chuck Payne,Republican,57768.0,100.0,True,True
2020,Georgia,GA,State Senate,55,general,Gloria S. Butler,Democratic,85654.0,100.0,True,True
2020,Georgia,GA,State Senate,56,general,John Albers,Republican,51476.0,51.09,True,True
2020,Georgia,GA,State Senate,56,general,Sarah Beeson,Democratic,49284.0,48.91,False,False
2020,Hawaii,HI,State Senate,2,general,Joy San Buenaventura,Democratic,14225.0,75.2,True,False
2020,Hawaii,HI,State Senate,2,general,Ron Ka-Ipo,Aloha ʻāina,4694.0,24.8,False,False
2020,Hawaii,HI,State Senate,5,general,Gilbert Keith-Agaran,Democratic,13891.0,64.3,True,True
2020,Hawaii,HI,State Senate,5,general,Christy Gusman,Republican,6683.0,31.9,False,False
2020,Hawaii,HI,State Senate,5,general,Rynette Keen,Aloha ʻāina,1028.0,4.8,False,False
2020,Hawaii,HI,State Senate,9,general,Stanley Chang,Democratic,19109.0,61.9,True,True
2020,Hawaii,HI,State Senate,9,general,Sam Slom,Republican,11762.0,38.1,False,False
2020,Hawaii,HI,State Senate,16,special general,Bennette Misalucha,Democratic,11508.0,52.7,True,True
2020,Hawaii,HI,State Senate,16,special general,Kelly Kitashima,Republican,10335.0,47.3,False,False
2020,Hawaii,HI,State Senate,19,general,Kurt Fevella,Republican,12345.0,58.3,True,True
2020,Hawaii,HI,State Senate,19,general,Rida Cabanilla,Democratic,8813.0,41.7,False,False
2020,Hawaii,HI,State Senate,20,general,Mike Gabbard,Democratic,13967.0,69.4,True,True
2020,Hawaii,HI,State Senate,20,general,Feena Bonoan,Libertarian,6172.0,30.6,False,False
2020,Hawaii,HI,State Senate,22,general,Donovan Dela Cruz,Democratic,13612.0,70.3,True,True
2020,Hawaii,HI,State Senate,22,general,John Miller,Republican,5755.0,29.7,False,False
2020,Hawaii,HI,State Senate,25,general,Chris Lee,Democratic,17733.0,65.0,True,False
2020,Hawaii,HI,State Senate,25,general,Kristina Kim-Marshall,Republican,9567.0,35.0,False,False
2020,Illinois,IL,State Senate,1,general,"Antonio ""Tony"" Munoz",Democratic,47959.0,100.0,True,True
2020,Illinois,IL,State Senate,4,general,Kimberly A. Lightford,Democratic,83559.0,100.0,True,True
2020,Illinois,IL,State Senate,6,general,Sara Feigenholtz,Democratic,106220.0,100.0,True,True
2020,Illinois,IL,State Senate,7,general,Heather A. Steans,Democratic,90009.0,100.0,True,True
2020,Illinois,IL,State Senate,10,general,Robert Martwick,Democratic,53351.0,53.79,True,True
2020,Illinois,IL,State Senate,10,general,Anthony Beckman,Republican,45841.0,46.21,False,False
2020,Illinois,IL,State Senate,11,general,Celina Villanueva,Democratic,46700.0,79.67,True,True
2020,Illinois,IL,State Senate,11,general,"Mary Ellen ""Mari"" Brown",Democracy In America,11916.0,20.33,False,False
2020,Illinois,IL,State Senate,13,general,Robert Peters,Democratic,79024.0,100.0,True,True
2020,Illinois,IL,State Senate,16,general,"Jacqueline ""Jacqui"" Collins",Democratic,64671.0,100.0,True,True
2020,Illinois,IL,State Senate,19,general,Michael E. Hastings,Democratic,90460.0,100.0,True,True
2020,Illinois,IL,State Senate,22,general,Cristina Castro,Democratic,54534.0,100.0,True,True
2020,Illinois,IL,State Senate,25,general,Karina Villa,Democratic,60238.0,50.96,True,False
2020,Illinois,IL,State Senate,25,general,Jeanette Ward,Republican,57976.0,49.04,False,False
2020,Illinois,IL,State Senate,28,general,Laura Murphy,Democratic,71974.0,100.0,True,True
2020,Illinois,IL,State Senate,31,general,Melinda Bush,Democratic,58274.0,58.48,True,True
2020,Illinois,IL,State Senate,31,general,Christopher Kasperski,Republican,41373.0,41.52,False,False
2020,Illinois,IL,State Senate,34,general,Steve Stadelman,Democratic,51382.0,61.69,True,True
2020,Illinois,IL,State Senate,34,general,Paul Hofmann,Republican,31910.0,38.31,False,False
2020,Illinois,IL,State Senate,37,general,Win Stoller,Republican,93569.0,99.71,True,False
2020,Illinois,IL,State Senate,40,general,Patrick J. Joyce,Democratic,57901.0,58.47,True,True
2020,Illinois,IL,State Senate,40,general,Eric M. Wallace,Republican,41128.0,41.53,False,False
2020,Illinois,IL,State Senate,43,general,John Connor,Democratic,54584.0,64.54,True,False
2020,Illinois,IL,State Senate,43,general,Ben Bierly,Republican,29996.0,35.46,False,False
2020,Illinois,IL,State Senate,46,general,Dave Koehler,Democratic,47492.0,53.89,True,True
2020,Illinois,IL,State Senate,46,general,Mary Burress,Republican,40634.0,46.11,False,False
2020,Illinois,IL,State Senate,49,general,Meg Loughran Cappel,Democratic,64276.0,56.22,True,False
2020,Illinois,IL,State Senate,49,general,Thomas McCullagh,Republican,50052.0,43.78,False,False
2020,Illinois,IL,State Senate,52,general,Scott Bennett,Democratic,55514.0,63.44,True,True
2020,Illinois,IL,State Senate,52,general,Alexander (AJ) Ruggieri,Republican,31988.0,36.56,False,False
2020,Illinois,IL,State Senate,55,general,Darren Bailey,Republican,78010.0,76.68,True,False
2020,Illinois,IL,State Senate,55,general,Cynthia Given,Democratic,23726.0,23.32,False,False
2020,Illinois,IL,State Senate,58,general,Terri Bryant,Republican,85257.0,100.0,True,False
2020,Indiana,IN,State Senate,2,general,Lonnie Randolph,Democratic,31810.0,100.0,True,True
2020,Indiana,IN,State Senate,3,general,Eddie Melton,Democratic,38445.0,100.0,True,True
2020,Indiana,IN,State Senate,5,general,Ed Charbonneau,Republican,43664.0,65.76,True,True
2020,Indiana,IN,State Senate,5,general,Luke Bohm,Democratic,22740.0,34.24,False,False
2020,Indiana,IN,State Senate,7,general,Brian Buchanan,Republican,39566.0,69.47,True,True
2020,Indiana,IN,State Senate,7,general,Tabitha N. Bartley,Democratic,17385.0,30.53,False,False
2020,Indiana,IN,State Senate,8,general,Mike Bohacek,Republican,35329.0,59.42,True,True
2020,Indiana,IN,State Senate,8,general,Gary Davis,Democratic,24132.0,40.58,False,False
2020,Indiana,IN,State Senate,9,general,Ryan Mishler,Republican,42414.0,74.9,True,True
2020,Indiana,IN,State Senate,9,general,Brandon M. Cavanaugh,Democratic,14216.0,25.1,False,False
2020,Indiana,IN,State Senate,10,general,David L. Niezgodski,Democratic,31706.0,100.0,True,True
2020,Indiana,IN,State Senate,12,general,Blake Doriot,Republican,32751.0,68.54,True,True
2020,Indiana,IN,State Senate,12,general,Charles Mumaw,Democratic,15030.0,31.46,False,False
2020,Indiana,IN,State Senate,13,general,Sue Glick,Republican,41701.0,100.0,True,True
2020,Indiana,IN,State Senate,16,general,Justin Busch,Republican,35382.0,57.86,True,True
2020,Indiana,IN,State Senate,16,general,Juli Dominguez,Democratic,25767.0,42.14,False,False
2020,Indiana,IN,State Senate,18,general,Stacey Donato,Republican,38223.0,73.25,True,True
2020,Indiana,IN,State Senate,18,general,Laura Fred-Smith,Democratic,13961.0,26.75,False,False
2020,Indiana,IN,State Senate,20,general,Scott Baldwin,Republican,56629.0,62.48,True,False
2020,Indiana,IN,State Senate,20,general,Ronnie Saunders,Democratic,34004.0,37.52,False,False
2020,Indiana,IN,State Senate,24,general,John Crane,Republican,50755.0,65.54,True,True
2020,Indiana,IN,State Senate,24,general,Stan Albaugh,Democratic,26681.0,34.46,False,False
2020,Indiana,IN,State Senate,28,general,Michael Crider,Republican,42582.0,62.61,True,True
2020,Indiana,IN,State Senate,28,general,Theresa Bruno,Democratic,25434.0,37.39,False,False
2020,Indiana,IN,State Senate,30,general,Fady Qaddoura,Democratic,42268.0,52.56,True,False
2020,Indiana,IN,State Senate,30,general,John Ruckelshaus,Republican,38145.0,47.44,False,True
2020,Indiana,IN,State Senate,32,general,Aaron Freeman,Republican,35517.0,58.99,True,True
2020,Indiana,IN,State Senate,32,general,Belinda Drake,Democratic,24688.0,41.01,False,False
2020,Indiana,IN,State Senate,33,general,Greg Taylor,Democratic,47027.0,100.0,True,True
2020,Indiana,IN,State Senate,34,general,Jean Breaux,Democratic,43340.0,100.0,True,True
2020,Indiana,IN,State Senate,35,general,R. Michael Young,Republican,29557.0,57.95,True,True
2020,Indiana,IN,State Senate,35,general,Pete Cowden,Democratic,21446.0,42.05,False,False
2020,Indiana,IN,State Senate,36,general,Jack Sandlin,Republican,27601.0,53.87,True,True
2020,Indiana,IN,State Senate,36,general,Ashley Eason,Democratic,23633.0,46.13,False,False
2020,Indiana,IN,State Senate,37,general,Rodric Bray,Republican,52044.0,77.14,True,True
2020,Indiana,IN,State Senate,37,general,Tom Wallace,Democratic,15423.0,22.86,False,False
2020,Indiana,IN,State Senate,40,general,Shelli Yoder,Democratic,41433.0,100.0,True,False
2020,Indiana,IN,State Senate,42,general,Jean Leising,Republican,47463.0,100.0,True,True
2020,Indiana,IN,State Senate,44,general,Eric Koch,Republican,43907.0,72.97,True,True
2020,Indiana,IN,State Senate,44,general,Cinde Wirth,Democratic,16267.0,27.03,False,False
2020,Indiana,IN,State Senate,50,general,Vaneta Becker,Republican,45062.0,100.0,True,True
2020,Iowa,IA,State Senate,2,general,Jeff Taylor,Republican,26395.0,100.0,True,False
2020,Iowa,IA,State Senate,4,general,Dennis Guth,Republican,25450.0,100.0,True,True
2020,Iowa,IA,State Senate,6,general,Craig Steven Williams,Republican,18919.0,69.2,True,False
2020,Iowa,IA,State Senate,6,general,C.J. Petersen,Democratic,8418.0,30.8,False,False
2020,Iowa,IA,State Senate,8,general,Dan Dawson,Republican,12391.0,52.2,True,True
2020,Iowa,IA,State Senate,8,general,Steve Gorman,Democratic,11344.0,47.8,False,False
2020,Iowa,IA,State Senate,10,general,Jake Chapman,Republican,24538.0,62.5,True,True
2020,Iowa,IA,State Senate,10,general,Warren Andrew Varley,Democratic,14704.0,37.5,False,False
2020,Iowa,IA,State Senate,12,general,Mark Costello,Republican,20165.0,69.1,True,True
2020,Iowa,IA,State Senate,12,general,"Joseph ""Joey"" Norris",Democratic,8999.0,30.9,False,False
2020,Iowa,IA,State Senate,14,general,Amy Sinclair,Republican,24623.0,100.0,True,True
2020,Iowa,IA,State Senate,16,general,Nate Boulton,Democratic,16868.0,76.8,True,True
2020,Iowa,IA,State Senate,16,general,ToyA S. Johnson,Libertarian,5097.0,23.2,False,False
2020,Iowa,IA,State Senate,18,general,Janet Petersen,Democratic,20696.0,100.0,True,True
2020,Iowa,IA,State Senate,20,general,Brad Zaun,Republican,21943.0,51.1,True,True
2020,Iowa,IA,State Senate,20,general,Rhonda Martin,Democratic,20968.0,48.9,False,False
2020,Iowa,IA,State Senate,22,general,Sarah Trone Garriott,Democratic,23110.0,50.2,True,False
2020,Iowa,IA,State Senate,22,general,Scott Cirksena,Republican,22946.0,49.8,False,False
2020,Iowa,IA,State Senate,24,general,Jesse Green,Republican,21732.0,65.7,True,False
2020,Iowa,IA,State Senate,24,general,Cynthia Oppedal Paschen,Democratic,11327.0,34.3,False,False
2020,Iowa,IA,State Senate,26,general,Waylon Brown,Republican,20655.0,65.5,True,True
2020,Iowa,IA,State Senate,26,general,Deb Scharper,Democratic,10858.0,34.5,False,False
2020,Iowa,IA,State Senate,28,general,Mike Klimesh,Republican,19630.0,62.5,True,False
2020,Iowa,IA,State Senate,28,general,Matt Tapscott,Democratic,11785.0,37.5,False,False
2020,Iowa,IA,State Senate,30,general,Eric Giddens,Democratic,17543.0,51.5,True,True
2020,Iowa,IA,State Senate,30,general,Harold Youngblut,Republican,16516.0,48.5,False,False
2020,Iowa,IA,State Senate,32,general,Craig Johnson,Republican,19990.0,61.2,True,True
2020,Iowa,IA,State Senate,32,general,Pam Egli,Democratic,12700.0,38.8,False,False
2020,Iowa,IA,State Senate,34,general,Liz Mathis,Democratic,29342.0,100.0,True,True
2020,Iowa,IA,State Senate,36,general,Jeff Edler,Republican,16841.0,60.6,True,True
2020,Iowa,IA,State Senate,36,general,David Degner,Democratic,10957.0,39.4,False,False
2020,Iowa,IA,State Senate,38,general,Dawn Driscoll,Republican,21238.0,64.0,True,False
2020,Iowa,IA,State Senate,38,general,Ivy Schuster,Democratic,11948.0,36.0,False,False
2020,Iowa,IA,State Senate,40,general,Ken Rozenboom,Republican,22022.0,71.5,True,True
2020,Iowa,IA,State Senate,40,general,Lance Roorda,Democratic,8760.0,28.5,False,False
2020,Iowa,IA,State Senate,42,general,Jeff Reichman,Republican,16766.0,59.9,True,False
2020,Iowa,IA,State Senate,42,general,Rich Taylor,Democratic,11228.0,40.1,False,True
2020,Iowa,IA,State Senate,44,general,Tim Goodwin,Republican,16447.0,56.8,True,False
2020,Iowa,IA,State Senate,44,general,Tom Courtney,Democratic,12493.0,43.2,False,False
2020,Iowa,IA,State Senate,46,general,Mark S. Lofgren,Republican,18479.0,59.4,True,True
2020,Iowa,IA,State Senate,46,general,Chris Brase,Democratic,12653.0,40.6,False,False
2020,Iowa,IA,State Senate,48,general,Dan Zumbach,Republican,22544.0,65.2,True,True
2020,Iowa,IA,State Senate,48,general,Eric Green,Democratic,12050.0,34.8,False,False
2020,Iowa,IA,State Senate,50,general,Pam Jochum,Democratic,18044.0,58.7,True,True
2020,Iowa,IA,State Senate,50,general,Jennifer Smith,Republican,12677.0,41.3,False,False
2020,Kentucky,KY,State Senate,31,special general,Phillip Wheeler,Republican,6188.0,52.3,True,False
2020,Kentucky,KY,State Senate,31,special general,Darrell Pugh,Democratic,5649.0,47.7,False,False
2020,Kentucky,KY,State Senate,38,special general,Michael J. Nemes,Republican,8637.0,63.6,True,False
2020,Kentucky,KY,State Senate,38,special general,Andrew Bailey,Democratic,4943.0,36.4,False,False
2020,Kentucky,KY,State Senate,26,special general,Karen Berg,Democratic,24771.0,57.0,True,False
2020,Kentucky,KY,State Senate,26,special general,Bill Ferko,Republican,18705.0,43.0,False,False
2020,Kentucky,KY,State Senate,1,general,Jason G. Howell,Republican,,,True,False
2020,Kentucky,KY,State Senate,3,general,Whitney H. Westerfield,Republican,29640.0,78.4,True,True
2020,Kentucky,KY,State Senate,3,general,Amanda Billings,Libertarian,8157.0,21.6,False,False
2020,Kentucky,KY,State Senate,5,general,Stephen L. Meredith,Republican,43385.0,82.0,True,True
2020,Kentucky,KY,State Senate,5,general,John Whipple,Independent,5724.0,10.8,False,False
2020,Kentucky,KY,State Senate,5,general,Guy M. Miller,Libertarian,3781.0,7.1,False,False
2020,Kentucky,KY,State Senate,7,general,Adrienne E. Southworth,Republican,33187.0,52.6,True,False
2020,Kentucky,KY,State Senate,7,general,Joe Graviss,Democratic,27205.0,43.1,False,False
2020,Kentucky,KY,State Senate,7,general,Ken Carroll,Independent,2699.0,4.3,False,False
2020,Kentucky,KY,State Senate,9,general,David P. Givens,Republican,41555.0,78.5,True,True
2020,Kentucky,KY,State Senate,9,general,Brian Pedigo,Democratic,11356.0,21.5,False,False
2020,Kentucky,KY,State Senate,11,general,John Schickel,Republican,46463.0,70.4,True,True
2020,Kentucky,KY,State Senate,11,general,James Fiorelli,Democratic,19496.0,29.6,False,False
2020,Kentucky,KY,State Senate,13,general,Reginald Thomas,Democratic,36345.0,99.8,True,True
2020,Kentucky,KY,State Senate,13,general,Matt E. Miniard,Write-in,55.0,0.2,False,False
2020,Kentucky,KY,State Senate,15,general,Rick Girdler,Republican,,,True,True
2020,Kentucky,KY,State Senate,17,general,Damon Thayer,Republican,44772.0,69.3,True,True
2020,Kentucky,KY,State Senate,17,general,Jason Stroude,Democratic,19852.0,30.7,False,False
2020,Kentucky,KY,State Senate,19,general,Morgan McGarvey,Democratic,,,True,True
2020,Kentucky,KY,State Senate,21,general,Brandon Jackson Storm,Republican,44099.0,82.4,True,False
2020,Kentucky,KY,State Senate,21,general,Walter Trebolo III,Democratic,9447.0,17.6,False,False
2020,Kentucky,KY,State Senate,23,general,Chris McDaniel,Republican,32188.0,57.7,True,True
2020,Kentucky,KY,State Senate,23,general,Ryan Olexia,Democratic,23623.0,42.3,False,False
2020,Kentucky,KY,State Senate,25,general,Robert Stivers,Republican,,,True,True
2020,Kentucky,KY,State Senate,27,general,Steve West,Republican,38370.0,80.7,True,True
2020,Kentucky,KY,State Senate,27,general,Bryan Shumate Short,Libertarian,8989.0,18.9,False,False
2020,Kentucky,KY,State Senate,27,general,Yvonne Baldwin,Write-in,166.0,0.3,False,False
2020,Kentucky,KY,State Senate,27,general,Gene Barry Detherage Jr.,Write-in,47.0,0.1,False,False
2020,Kentucky,KY,State Senate,29,general,Johnnie L. Turner,Republican,22475.0,53.4,True,False
2020,Kentucky,KY,State Senate,29,general,Johnny Ray Turner,Democratic,19612.0,46.6,False,True
2020,Kentucky,KY,State Senate,31,general,Phillip Wheeler,Republican,31704.0,72.2,True,True
2020,Kentucky,KY,State Senate,31,general,Glenn Martin Hammond,Democratic,12196.0,27.8,False,False
2020,Kentucky,KY,State Senate,33,general,Gerald A. Neal,Democratic,,,True,True
2020,Kentucky,KY,State Senate,35,general,Denise Harper Angel,Democratic,,,True,True
2020,Kentucky,KY,State Senate,37,general,David Yates,Democratic,,,True,False
2020,Maine,ME,State Senate,1,general,Troy Jackson,Democratic,10037.0,59.37,True,True
2020,Maine,ME,State Senate,1,general,Brian Schaefer,Republican,7485.0,40.63,False,False
2020,Maine,ME,State Senate,2,general,"Harold ""Trey"" Stewart",Republican,10838.0,56.9,True,False
2020,Maine,ME,State Senate,2,general,Michael Carpenter,Democratic,8208.0,43.1,False,True
2020,Maine,ME,State Senate,3,general,Brad Farrin,Republican,12920.0,68.44,True,True
2020,Maine,ME,State Senate,3,general,Katherine Wilder,Democratic,5957.0,31.56,False,False
2020,Maine,ME,State Senate,5,general,James Dill,Democratic,11571.0,57.99,True,True
2020,Maine,ME,State Senate,5,general,Christian Ireland,Republican,8381.0,42.01,False,False
2020,Maine,ME,State Senate,6,general,Marianne Moore,Republican,11853.0,62.82,True,True
2020,Maine,ME,State Senate,6,general,Jeffrey Lovit,Democratic,6793.0,37.18,False,False
2020,Maine,ME,State Senate,10,general,Stacey Guerin,Republican,14508.0,69.8,True,True
2020,Maine,ME,State Senate,10,general,Frederick Austin,Democratic,6278.0,30.2,False,False
2020,Maine,ME,State Senate,12,general,David Miramant,Democratic,14049.0,57.6,True,True
2020,Maine,ME,State Senate,12,general,Gordon Page,Republican,10342.0,42.4,False,False
2020,Maine,ME,State Senate,13,general,Chloe Maxmin,Democratic,12806.0,51.48,True,False
2020,Maine,ME,State Senate,13,general,Dana Dow,Republican,12072.0,48.52,False,True
2020,Maine,ME,State Senate,15,general,Matthew Pouliot,Republican,12167.0,57.38,True,True
2020,Maine,ME,State Senate,15,general,Kalie Hess,Democratic,9039.0,42.62,False,False
2020,Maine,ME,State Senate,16,general,Scott Cyrway,Republican,11456.0,56.22,True,True
2020,Maine,ME,State Senate,16,general,Hilary Koch,Democratic,8920.0,43.78,False,False
2020,Maine,ME,State Senate,17,general,Russell Black,Republican,12776.0,58.58,True,True
2020,Maine,ME,State Senate,17,general,Jan Collins,Democratic,9032.0,41.42,False,False
2020,Maine,ME,State Senate,18,general,Lisa Keim,Republican,14247.0,67.56,True,True
2020,Maine,ME,State Senate,18,general,Gabriel Perkins,Democratic,6840.0,32.44,False,False
2020,Maine,ME,State Senate,19,general,Rick Bennett,Republican,13581.0,59.61,True,False
2020,Maine,ME,State Senate,19,general,Katherine Branch,Democratic,9202.0,40.39,False,False
2020,Maine,ME,State Senate,20,general,Ned Claxton,Democratic,11884.0,53.42,True,True
2020,Maine,ME,State Senate,20,general,Matthew Leonard,Republican,10361.0,46.58,False,False
2020,Maine,ME,State Senate,21,general,Nathan Libby,Democratic,10171.0,59.64,True,True
2020,Maine,ME,State Senate,21,general,Timothy Gallant,Republican,6882.0,40.36,False,False
2020,Maine,ME,State Senate,22,general,Jeff Timberlake,Republican,13270.0,60.65,True,True
2020,Maine,ME,State Senate,22,general,Martha Poliquin,Democratic,8610.0,39.35,False,False
2020,Maine,ME,State Senate,23,general,Eloise Vitelli,Democratic,13810.0,55.84,True,True
2020,Maine,ME,State Senate,23,general,Holly Kopp,Republican,10922.0,44.16,False,False
2020,Maine,ME,State Senate,25,general,Catherine Breen,Democratic,18587.0,61.98,True,True
2020,Maine,ME,State Senate,25,general,Jennifer White,Republican,11404.0,38.02,False,False
2020,Maine,ME,State Senate,26,general,Bill Diamond,Democratic,14267.0,60.75,True,True
2020,Maine,ME,State Senate,26,general,Karen Lockwood,Republican,9219.0,39.25,False,False
2020,Maine,ME,State Senate,27,general,Benjamin Chipman,Democratic,21514.0,100.0,True,True
2020,Maine,ME,State Senate,28,general,Heather Sanborn,Democratic,20173.0,100.0,True,True
2020,Maine,ME,State Senate,30,general,Stacy Brenner,Democratic,14960.0,53.93,True,False
2020,Maine,ME,State Senate,30,general,Sara Rivard,Republican,12778.0,46.07,False,False
2020,Maine,ME,State Senate,31,general,Donna Bailey,Democratic,13266.0,54.65,True,False
2020,Maine,ME,State Senate,31,general,Craig Pendleton,Republican,11007.0,45.35,False,False
2020,Maine,ME,State Senate,32,general,Susan Deschambault,Democratic,12838.0,57.18,True,True
2020,Maine,ME,State Senate,32,general,Robert Daigle,Republican,9612.0,42.82,False,False
2020,Maine,ME,State Senate,33,general,David Woodsome,Republican,13408.0,62.79,True,True
2020,Maine,ME,State Senate,33,general,Michael McKinney,Democratic,7947.0,37.21,False,False
2020,Maine,ME,State Senate,34,general,Joseph Rafferty,Democratic,13949.0,51.86,True,False
2020,Maine,ME,State Senate,34,general,Michael Pardue,Republican,12947.0,48.14,False,False
2020,Maine,ME,State Senate,35,general,Mark Lawrence,Democratic,17099.0,62.63,True,True
2020,Maine,ME,State Senate,35,general,Bradley Moulton,Republican,10204.0,37.37,False,False
2020,Minnesota,MN,State Senate,1,general,Mark Johnson,Republican,27972.0,69.63,True,False
2020,Minnesota,MN,State Senate,1,general,Reed Perkins,Democratic-Farmer-Labor,12162.0,30.28,False,False
2020,Minnesota,MN,State Senate,2,general,Paul Utke,Republican,28951.0,65.11,True,False
2020,Minnesota,MN,State Senate,2,general,Alan Roy,Democratic-Farmer-Labor,15458.0,34.76,False,False
2020,Minnesota,MN,State Senate,3,general,Tom Bakk,Democratic-Farmer-Labor,26700.0,55.19,True,False
2020,Minnesota,MN,State Senate,3,general,Christopher Hogan,Republican,21613.0,44.68,False,False
2020,Minnesota,MN,State Senate,4,general,Kent Eken,Democratic-Farmer-Labor,23333.0,54.53,True,False
2020,Minnesota,MN,State Senate,4,general,Mark Larson,Republican,19415.0,45.37,False,False
2020,Minnesota,MN,State Senate,5,general,Justin Eichorn,Republican,25169.0,55.59,True,False
2020,Minnesota,MN,State Senate,5,general,Rita Albrecht,Democratic-Farmer-Labor,16706.0,36.89,False,False
2020,Minnesota,MN,State Senate,5,general,Robyn Smith,,2400.0,5.3,False,False
2020,Minnesota,MN,State Senate,5,general,Dennis Barsness,,967.0,2.14,False,False
2020,Minnesota,MN,State Senate,6,general,David Tomassoni,Democratic-Farmer-Labor,25557.0,57.04,True,False
2020,Minnesota,MN,State Senate,6,general,John Moren,Republican,19191.0,42.83,False,False
2020,Minnesota,MN,State Senate,7,general,Jen McEwen,Democratic-Farmer-Labor,30526.0,68.32,True,False
2020,Minnesota,MN,State Senate,7,general,Donna Bergstrom,Republican,14081.0,31.51,False,False
2020,Minnesota,MN,State Senate,8,general,Bill Ingebrigtsen,Republican,33625.0,67.69,True,False
2020,Minnesota,MN,State Senate,8,general,Michele Anderson,Democratic-Farmer-Labor,15997.0,32.2,False,False
2020,Minnesota,MN,State Senate,9,general,Paul Gazelka,Republican,33472.0,75.6,True,False
2020,Minnesota,MN,State Senate,9,general,A. John Peters,Democratic-Farmer-Labor,10765.0,24.31,False,False
2020,Minnesota,MN,State Senate,10,general,Carrie Ruud,Republican,33027.0,67.55,True,False
2020,Minnesota,MN,State Senate,10,general,Steve Samuelson,Democratic-Farmer-Labor,15828.0,32.37,False,False
2020,Minnesota,MN,State Senate,11,general,Jason Rarick,Republican,24498.0,56.58,True,False
2020,Minnesota,MN,State Senate,11,general,Michelle Lee,Democratic-Farmer-Labor,18761.0,43.33,False,False
2020,Minnesota,MN,State Senate,12,general,Torrey Westrom,Republican,33442.0,74.42,True,False
2020,Minnesota,MN,State Senate,12,general,Jill Abahsain,Democratic-Farmer-Labor,11467.0,25.52,False,False
2020,Minnesota,MN,State Senate,13,general,Jeff Howe,Republican,32623.0,69.43,True,False
2020,Minnesota,MN,State Senate,13,general,Michael Willemsen,Democratic-Farmer-Labor,14306.0,30.45,False,False
2020,Minnesota,MN,State Senate,14,general,Aric Putnam,Republican,18318.0,46.39,True,False
2020,Minnesota,MN,State Senate,14,general,Jerry Relph,Republican,18002.0,45.59,False,False
2020,Minnesota,MN,State Senate,14,general,Jaden Partlow,,3127.0,7.92,False,False
2020,Minnesota,MN,State Senate,15,general,Andrew Mathews,Republican,33886.0,72.25,True,False
2020,Minnesota,MN,State Senate,15,general,Brent Krist,Democratic-Farmer-Labor,12957.0,27.63,False,False
2020,Minnesota,MN,State Senate,16,general,Gary Dahms,Republican,29696.0,73.64,True,False
2020,Minnesota,MN,State Senate,16,general,Joshua Prine,,5654.0,14.02,False,False
2020,Minnesota,MN,State Senate,16,general,Steve Preslicka,,4880.0,12.1,False,False
2020,Minnesota,MN,State Senate,17,general,Andrew Lang,Republican,28337.0,67.86,True,False
2020,Minnesota,MN,State Senate,17,general,Fernando Alvarado,Democratic-Farmer-Labor,13383.0,32.05,False,False
2020,Minnesota,MN,State Senate,18,general,Scott Newman,Republican,31357.0,71.35,True,False
2020,Minnesota,MN,State Senate,18,general,Chad Tschimperle,Democratic-Farmer-Labor,12538.0,28.53,False,False
2020,Minnesota,MN,State Senate,19,general,Nick Frentz,Democratic-Farmer-Labor,26165.0,59.82,True,False
2020,Minnesota,MN,State Senate,19,general,Elizabeth Bangert,Republican,17504.0,40.02,False,False
2020,Minnesota,MN,State Senate,20,general,Rich Draheim,Republican,26523.0,54.24,True,False
2020,Minnesota,MN,State Senate,20,general,Jon Olson,Democratic-Farmer-Labor,19431.0,39.73,False,False
2020,Minnesota,MN,State Senate,20,general,Jason Hoschette,,2901.0,5.93,False,False
2020,Minnesota,MN,State Senate,21,general,Mike Goggin,Republican,27981.0,59.67,True,False
2020,Minnesota,MN,State Senate,21,general,Ralph Kaehler,Democratic-Farmer-Labor,18871.0,40.25,False,False
2020,Minnesota,MN,State Senate,22,general,Bill Weber,Republican,26697.0,69.17,True,False
2020,Minnesota,MN,State Senate,22,general,Shawna Marshall,Democratic-Farmer-Labor,9936.0,25.74,False,False
2020,Minnesota,MN,State Senate,22,general,Brian Abrahamson,,1947.0,5.04,False,False
2020,Minnesota,MN,State Senate,23,general,Julie Rosen,Republican,32533.0,78.66,True,False
2020,Minnesota,MN,State Senate,23,general,David Pulkrabek,,8730.0,21.11,False,False
2020,Minnesota,MN,State Senate,24,general,John Jasinski,Republican,25943.0,63.66,True,False
2020,Minnesota,MN,State Senate,24,general,Roger Steinkamp,Democratic-Farmer-Labor,14756.0,36.21,False,False
2020,Minnesota,MN,State Senate,25,general,Dave Senjem,Republican,25021.0,51.21,True,False
2020,Minnesota,MN,State Senate,25,general,Sara Flick,Democratic-Farmer-Labor,23783.0,48.68,False,False
2020,Minnesota,MN,State Senate,26,general,Carla Nelson,Republican,24740.0,50.86,True,False
2020,Minnesota,MN,State Senate,26,general,Aleta Borrud,Democratic-Farmer-Labor,23831.0,48.99,False,False
2020,Minnesota,MN,State Senate,27,general,Gene Dornink,Democratic-Farmer-Labor,19759.0,48.87,True,False
2020,Minnesota,MN,State Senate,27,general,Dan Sparks,Democratic-Farmer-Labor,17941.0,44.37,False,False
2020,Minnesota,MN,State Senate,27,general,Tyler Becvar,,2699.0,6.68,False,False
2020,Minnesota,MN,State Senate,28,general,Jeremy Miller,Republican,24811.0,57.66,True,False
2020,Minnesota,MN,State Senate,28,general,Sarah Kruger,Democratic-Farmer-Labor,18171.0,42.23,False,False
2020,Minnesota,MN,State Senate,29,general,Bruce Anderson,Republican,30405.0,63.23,True,False
2020,Minnesota,MN,State Senate,29,general,Chris Brazelton,Democratic-Farmer-Labor,13572.0,28.23,False,False
2020,Minnesota,MN,State Senate,29,general,Mary Murphy,,4066.0,8.46,False,False
2020,Minnesota,MN,State Senate,30,general,Mary Kiffmeyer,Republican,34714.0,67.25,True,False
2020,Minnesota,MN,State Senate,30,general,Diane Nguyen,Democratic-Farmer-Labor,16861.0,32.66,False,False
2020,Minnesota,MN,State Senate,31,general,Michelle Benson,Republican,35980.0,70.57,True,False
2020,Minnesota,MN,State Senate,31,general,Kate Luthner,Democratic-Farmer-Labor,14962.0,29.34,False,False
2020,Minnesota,MN,State Senate,32,general,Mark Koran,Republican,32493.0,66.35,True,False
2020,Minnesota,MN,State Senate,32,general,Joshua Fike,Democratic-Farmer-Labor,16412.0,33.51,False,False
2020,Minnesota,MN,State Senate,33,general,David Osmek,Republican,31614.0,53.97,True,False
2020,Minnesota,MN,State Senate,33,general,Gretchen Piper,Democratic-Farmer-Labor,26928.0,45.97,False,False
2020,Minnesota,MN,State Senate,34,general,Warren Limmer,Republican,29347.0,50.74,True,False
2020,Minnesota,MN,State Senate,34,general,Bonnie Westlin,Democratic-Farmer-Labor,28443.0,49.18,False,False
2020,Minnesota,MN,State Senate,35,general,Jim Abeler,Republican,31291.0,62.63,True,False
2020,Minnesota,MN,State Senate,35,general,David Nelson,Democratic-Farmer-Labor,18622.0,37.27,False,False
2020,Minnesota,MN,State Senate,36,general,John Hoffman,Democratic-Farmer-Labor,27580.0,56.33,True,False
2020,Minnesota,MN,State Senate,36,general,Karen Attia,Republican,21319.0,43.55,False,False
2020,Minnesota,MN,State Senate,37,general,Jerry Newton,Democratic-Farmer-Labor,26100.0,52.38,True,False
2020,Minnesota,MN,State Senate,37,general,Brad Sanford,Republican,23659.0,47.48,False,False
2020,Minnesota,MN,State Senate,38,general,Roger Chamberlain,Republican,28041.0,52.08,True,False
2020,Minnesota,MN,State Senate,38,general,Justin Stofferahn,Democratic-Farmer-Labor,25755.0,47.83,False,False
2020,Minnesota,MN,State Senate,39,general,Karin Housley,Republican,29246.0,52.97,True,False
2020,Minnesota,MN,State Senate,39,general,Josiah Hill,Democratic-Farmer-Labor,25921.0,46.95,False,False
2020,Minnesota,MN,State Senate,40,general,Chris Eaton,Democratic-Farmer-Labor,24291.0,71.46,True,False
2020,Minnesota,MN,State Senate,40,general,Robert Marvin,Republican,9647.0,28.38,False,False
2020,Minnesota,MN,State Senate,41,general,Mary Kunesh-Podein,Democratic-Farmer-Labor,29967.0,66.85,True,False
2020,Minnesota,MN,State Senate,41,general,Lucia Vogel,Republican,14791.0,32.99,False,False
2020,Minnesota,MN,State Senate,42,general,Jason Isaacson,Democratic-Farmer-Labor,29645.0,58.71,True,False
2020,Minnesota,MN,State Senate,42,general,Ben Schwanke,Republican,20771.0,41.14,False,False
2020,Minnesota,MN,State Senate,43,general,Chuck Wiger,Democratic-Farmer-Labor,26345.0,56.2,True,False
2020,Minnesota,MN,State Senate,43,general,Bob Zick,Republican,16520.0,35.24,False,False
2020,Minnesota,MN,State Senate,43,general,Doug Daubenspeck,,3950.0,8.43,False,False
2020,Minnesota,MN,State Senate,44,general,Ann Johnson Stewart,Republican,33855.0,58.74,True,False
2020,Minnesota,MN,State Senate,44,general,Greg Pulles,Republican,23756.0,41.22,False,False
2020,Minnesota,MN,State Senate,45,general,Ann Rest,Democratic-Farmer-Labor,29054.0,60.7,True,False
2020,Minnesota,MN,State Senate,45,general,Roxana Bruins,Republican,14040.0,29.33,False,False
2020,Minnesota,MN,State Senate,45,general,Andy Schuler,,4729.0,9.88,False,False
2020,Minnesota,MN,State Senate,46,general,Ron Latz,Democratic-Farmer-Labor,37972.0,72.72,True,False
2020,Minnesota,MN,State Senate,46,general,Bryan Björnson,Republican,14189.0,27.17,False,False
2020,Minnesota,MN,State Senate,47,general,Julia Coleman,Republican,32366.0,57.63,True,False
2020,Minnesota,MN,State Senate,47,general,Addie Miller,Democratic-Farmer-Labor,23728.0,42.25,False,False
2020,Minnesota,MN,State Senate,48,general,Steve Cwodzinski,Democratic-Farmer-Labor,29985.0,58.15,True,False
2020,Minnesota,MN,State Senate,48,general,Jeff Jiang,Republican,21558.0,41.81,False,False
2020,Minnesota,MN,State Senate,49,general,Melisa Franzen,Democratic-Farmer-Labor,36149.0,62.77,True,False
2020,Minnesota,MN,State Senate,49,general,Julie Dupré,Republican,21403.0,37.16,False,False
2020,Minnesota,MN,State Senate,50,general,Melissa Wiklund,Democratic-Farmer-Labor,30516.0,66.62,True,False
2020,Minnesota,MN,State Senate,50,general,Dean Mumbleau,Republican,15243.0,33.28,False,False
2020,Minnesota,MN,State Senate,51,general,Jim Carlson,Democratic-Farmer-Labor,30719.0,61.23,True,False
2020,Minnesota,MN,State Senate,51,general,Doug Willetts,Republican,19389.0,38.65,False,False
2020,Minnesota,MN,State Senate,52,general,Matt Klein,Democratic-Farmer-Labor,29730.0,60.58,True,False
2020,Minnesota,MN,State Senate,52,general,Tomas Settell,Republican,19291.0,39.31,False,False
2020,Minnesota,MN,State Senate,53,general,Susan Kent,Democratic-Farmer-Labor,29538.0,54.08,True,False
2020,Minnesota,MN,State Senate,53,general,Mary Giuliani Stephens,Republican,25024.0,45.82,False,False
2020,Minnesota,MN,State Senate,54,general,Karla Bigham,Democratic-Farmer-Labor,25530.0,52.85,True,False
2020,Minnesota,MN,State Senate,54,general,Leilani Holmstadt,Republican,22712.0,47.02,False,False
2020,Minnesota,MN,State Senate,55,general,Eric Pratt,Republican,31082.0,61.61,True,False
2020,Minnesota,MN,State Senate,55,general,Sahra Odowa,Democratic-Farmer-Labor,19322.0,38.3,False,False
2020,Minnesota,MN,State Senate,56,general,Lindsey Port,Republican,26071.0,53.01,True,False
2020,Minnesota,MN,State Senate,56,general,Dan Hall,Republican,23061.0,46.89,False,False
2020,Minnesota,MN,State Senate,57,general,Greg Clausen,Democratic-Farmer-Labor,30897.0,56.41,True,False
2020,Minnesota,MN,State Senate,57,general,Jose Jimenez,Republican,23825.0,43.5,False,False
2020,Minnesota,MN,State Senate,58,general,Zach Duckworth,Democratic-Farmer-Labor,29020.0,55.01,True,False
2020,Minnesota,MN,State Senate,58,general,Matt Little,Democratic-Farmer-Labor,23701.0,44.93,False,False
2020,Minnesota,MN,State Senate,59,general,Bobby Joe Champion,Democratic-Farmer-Labor,33810.0,82.06,True,False
2020,Minnesota,MN,State Senate,59,general,Paul Anderson,Republican,7300.0,17.72,False,False
2020,Minnesota,MN,State Senate,60,general,Kari Dziedzic,Democratic-Farmer-Labor,37488.0,85.73,True,False
2020,Minnesota,MN,State Senate,60,general,Mary Holmberg,Republican,6171.0,14.11,False,False
2020,Minnesota,MN,State Senate,61,general,Scott Dibble,Democratic-Farmer-Labor,49050.0,84.78,True,False
2020,Minnesota,MN,State Senate,61,general,Jennifer Zielinski,Republican,8727.0,15.08,False,False
2020,Minnesota,MN,State Senate,62,general,Omar Fateh,Democratic-Farmer-Labor,33103.0,88.99,True,False
2020,Minnesota,MN,State Senate,62,general,Bruce Lundeen,Republican,3947.0,10.61,False,False
2020,Minnesota,MN,State Senate,63,general,Patricia Torres Ray,Democratic-Farmer-Labor,40742.0,77.64,True,False
2020,Minnesota,MN,State Senate,63,general,Diane Napper,Republican,8231.0,15.69,False,False
2020,Minnesota,MN,State Senate,63,general,Chris Wright,,3460.0,6.59,False,False
2020,Minnesota,MN,State Senate,64,general,Erin Murphy,Democratic-Farmer-Labor,40174.0,78.68,True,False
2020,Minnesota,MN,State Senate,64,general,Sharon Anderson,Republican,7471.0,14.63,False,False
2020,Minnesota,MN,State Senate,64,general,Patti McArdell,,3276.0,6.42,False,False
2020,Minnesota,MN,State Senate,65,general,Sandy Pappas,Democratic-Farmer-Labor,31463.0,81.47,True,False
2020,Minnesota,MN,State Senate,65,general,Paul Holmgren,Republican,7044.0,18.24,False,False
2020,Minnesota,MN,State Senate,66,general,John Marty,Democratic-Farmer-Labor,31867.0,76.9,True,False
2020,Minnesota,MN,State Senate,66,general,Greg Copeland,Republican,9482.0,22.88,False,False
2020,Minnesota,MN,State Senate,67,general,Foung Hawj,Democratic-Farmer-Labor,24008.0,73.86,True,False
2020,Minnesota,MN,State Senate,67,general,Alexander Deputie,Republican,8407.0,25.86,False,False
2020,Missouri,MO,State Senate,1,general,Doug Beck,Democratic,54095.0,55.43,True,False
2020,Missouri,MO,State Senate,1,general,David Lenihan,Republican,43495.0,44.57,False,False
2020,Missouri,MO,State Senate,3,general,Elaine Freeman Gannon,Republican,65686.0,100.0,True,False
2020,Missouri,MO,State Senate,5,general,Steve Roberts,Democratic,56379.0,87.1,True,False
2020,Missouri,MO,State Senate,5,general,Michael Hebron,Republican,8349.0,12.9,False,False
2020,Missouri,MO,State Senate,7,general,Greg Razer,Democratic,70586.0,82.09,True,False
2020,Missouri,MO,State Senate,7,general,Nathan Kline,Green,15383.0,17.89,False,False
2020,Missouri,MO,State Senate,9,general,Barbara Anne Washington,Democratic,51463.0,82.36,True,False
2020,Missouri,MO,State Senate,9,general,David Martin,Republican,11026.0,17.64,False,False
2020,Missouri,MO,State Senate,11,general,John Joseph Rizzo,Democratic,50065.0,100.0,True,True
2020,Missouri,MO,State Senate,13,general,Angela Walton Mosley,Democratic,64191.0,87.56,True,False
2020,Missouri,MO,State Senate,13,general,Jeff Coleman,Libertarian,9122.0,12.44,False,False
2020,Missouri,MO,State Senate,15,general,Andrew Koenig,Republican,61172.0,53.99,True,True
2020,Missouri,MO,State Senate,15,general,Deb Lavender,Democratic,52132.0,46.01,False,False
2020,Missouri,MO,State Senate,17,general,Lauren Arthur,Democratic,51690.0,53.38,True,False
2020,Missouri,MO,State Senate,17,general,Mickey Younghanz,Republican,45141.0,46.62,False,False
2020,Missouri,MO,State Senate,19,general,Caleb Rowden,Republican,50570.0,51.6,True,True
2020,Missouri,MO,State Senate,19,general,Judy Baker,Democratic,47367.0,48.33,False,False
2020,Missouri,MO,State Senate,21,general,Denny Hoskins,Republican,61698.0,79.82,True,True
2020,Missouri,MO,State Senate,21,general,Mark Bliss,Libertarian,15595.0,20.18,False,False
2020,Missouri,MO,State Senate,23,general,Bill Eigel,Republican,57988.0,57.25,True,True
2020,Missouri,MO,State Senate,23,general,Richard Orr,Democratic,43306.0,42.75,False,False
2020,Missouri,MO,State Senate,25,general,Jason Bean,Republican,58215.0,100.0,True,False
2020,Missouri,MO,State Senate,27,general,Holly Thompson Rehder,Republican,63644.0,76.88,True,False
2020,Missouri,MO,State Senate,27,general,Donnie Owens,Democratic,19135.0,23.12,False,False
2020,Missouri,MO,State Senate,29,general,Mike Moon,Republican,75582.0,100.0,True,False
2020,Missouri,MO,State Senate,31,general,Rick Brattin,Republican,63929.0,71.42,True,False
2020,Missouri,MO,State Senate,31,general,Raymond Kinney,Democratic,25584.0,28.58,False,False
2020,Missouri,MO,State Senate,33,general,Karla Eslinger,Republican,64891.0,83.81,True,False
2020,Missouri,MO,State Senate,33,general,Tammy Harty,Democratic,12533.0,16.19,False,False
2020,Montana,MT,State Senate,2,general,Carl Glimm,Republican,8760.0,68.3,True,False
2020,Montana,MT,State Senate,2,general,Kyle Waterman,Democratic,4066.0,31.7,False,False
2020,Montana,MT,State Senate,3,general,Keith Regier,Republican,8334.0,55.85,True,True
2020,Montana,MT,State Senate,3,general,Guthrie Quist,Democratic,6588.0,44.15,False,False
2020,Montana,MT,State Senate,6,general,Greg Hertz,Republican,10305.0,100.0,True,False
2020,Montana,MT,State Senate,7,general,Bob Brown,Republican,9560.0,75.0,True,False
2020,Montana,MT,State Senate,7,general,Diane L. Magone,Democratic,3187.0,25.0,False,False
2020,Montana,MT,State Senate,10,general,Steve Fitzpatrick,Republican,10018.0,100.0,True,True
2020,Montana,MT,State Senate,15,general,Ryan Osmundson,Republican,9511.0,100.0,True,True
2020,Montana,MT,State Senate,16,general,Mike Fox,Democratic,5718.0,100.0,True,False
2020,Montana,MT,State Senate,17,general,Mike Lang,Republican,9385.0,100.0,True,True
2020,Montana,MT,State Senate,18,general,Steve Hinebauch,Republican,8618.0,78.37,True,True
2020,Montana,MT,State Senate,18,general,Pat Mischel,Democratic,2378.0,21.63,False,False
2020,Montana,MT,State Senate,21,general,Jason Small,Republican,4023.0,57.8,True,True
2020,Montana,MT,State Senate,21,general,Rae Peppers,Democratic,2937.0,42.2,False,False
2020,Montana,MT,State Senate,23,general,Tom McGillvray,Republican,9893.0,100.0,True,False
2020,Montana,MT,State Senate,25,general,Jen Gross,Democratic,4146.0,51.45,True,True
2020,Montana,MT,State Senate,25,general,Scott Price,Republican,3912.0,48.55,False,False
2020,Montana,MT,State Senate,26,general,Chris Friedel,Republican,4823.0,52.55,True,False
2020,Montana,MT,State Senate,26,general,Margaret MacDonald,Democratic,4355.0,47.45,False,True
2020,Montana,MT,State Senate,28,general,Brad Molnar,Republican,8659.0,100.0,True,False
2020,Montana,MT,State Senate,31,general,Christopher Pope,Democratic,11018.0,66.32,True,False
2020,Montana,MT,State Senate,31,general,Nicolas Allevato,Republican,5596.0,33.68,False,False
2020,Montana,MT,State Senate,35,general,Walt Sales,Republican,12191.0,100.0,True,False
2020,Montana,MT,State Senate,36,general,Jeffrey Welborn,Republican,10526.0,79.55,True,True
2020,Montana,MT,State Senate,36,general,John Lamb,Libertarian,2706.0,20.45,False,False
2020,Montana,MT,State Senate,37,general,Ryan Lynch,Democratic,6141.0,64.79,True,False
2020,Montana,MT,State Senate,37,general,Aaron Meaders,Republican,3337.0,35.21,False,False
2020,Montana,MT,State Senate,38,general,Edith McClafferty,Democratic,6643.0,50.22,True,True
2020,Montana,MT,State Senate,38,general,Jim Butterbaugh,Republican,6586.0,49.78,False,False
2020,Montana,MT,State Senate,39,general,Mark Sweeney,Democratic,4450.0,44.42,True,False
2020,Montana,MT,State Senate,39,general,Suzzann Nordwick,Republican,4306.0,42.99,False,False
2020,Montana,MT,State Senate,39,general,Gordon Pierson (write-in),Independent (politician),1261.0,12.59,False,False
2020,Montana,MT,State Senate,40,general,Terry Gauthier,Republican,8504.0,60.47,True,True
2020,Montana,MT,State Senate,40,general,Catherine Scott,Democratic,5560.0,39.53,False,False
2020,Montana,MT,State Senate,44,general,Theresa Manzella,Republican,9485.0,67.22,True,False
2020,Montana,MT,State Senate,44,general,Margaret Gorski,Democratic,4626.0,32.78,False,False
2020,Montana,MT,State Senate,45,general,Ellie Boldman,Democratic,7045.0,61.13,True,False
2020,Montana,MT,State Senate,45,general,Susan Campbell Reneau,Republican,4045.0,35.1,False,False
2020,Montana,MT,State Senate,45,general,Nolen W. Skime,Libertarian,435.0,3.77,False,False
2020,Montana,MT,State Senate,46,general,Shannon O'Brien,Democratic,8362.0,66.06,True,False
2020,Montana,MT,State Senate,46,general,Niki Sardot,Republican,4296.0,33.94,False,False
2020,Montana,MT,State Senate,47,general,Dan Salomon,Republican,5983.0,52.11,True,True
2020,Montana,MT,State Senate,47,general,Chase Porter Gray,Democratic,4918.0,42.83,False,False
2020,Montana,MT,State Senate,47,general,Devin Braaten,Libertarian,581.0,5.06,False,False
2020,Nevada,NV,State Senate,1,general,Patricia Spearman,Democratic,51648.0,100.0,True,True
2020,Nevada,NV,State Senate,3,general,Chris Brooks,Democratic,30944.0,100.0,True,True
2020,Nevada,NV,State Senate,4,general,Dina Neal,Democratic,31417.0,75.27,True,False
2020,Nevada,NV,State Senate,4,general,Esper M. Hickman,Republican,10322.0,24.73,False,False
2020,Nevada,NV,State Senate,5,general,Carrie A. Buck,Republican,32740.0,48.75,True,False
2020,Nevada,NV,State Senate,5,general,Kristee Watson,Democratic,32411.0,48.26,False,False
2020,Nevada,NV,State Senate,5,general,Tim Hagan,Libertarian,2007.0,2.99,False,False
2020,Nevada,NV,State Senate,6,general,Nicole Cannizzaro,Democratic,33895.0,50.47,True,True
2020,Nevada,NV,State Senate,6,general,April Becker,Republican,33264.0,49.53,False,False
2020,Nevada,NV,State Senate,7,general,Roberta Lange,Democratic,39036.0,100.0,True,False
2020,Nevada,NV,State Senate,11,general,Dallas Harris,Democratic,30485.0,58.55,True,True
2020,Nevada,NV,State Senate,11,general,Joshua Dowden,Republican,21578.0,41.45,False,False
2020,Nevada,NV,State Senate,15,general,Heidi Gansert,Republican,39325.0,51.79,True,True
2020,Nevada,NV,State Senate,15,general,Wendy Jauregui-Jackins,Democratic,36605.0,48.21,False,False
2020,Nevada,NV,State Senate,18,general,Scott Hammond,Republican,44547.0,56.11,True,True
2020,Nevada,NV,State Senate,18,general,Liz Becker,Democratic,34849.0,43.89,False,False
2020,Nevada,NV,State Senate,19,general,Pete Goicoechea,Republican,52591.0,78.52,True,True
2020,Nevada,NV,State Senate,19,general,Tiffany Seeback,Independent American,14387.0,21.48,False,False
2020,New Hampshire,NH,State Senate,1,general,Erin Hennessey,Republican,15756.0,57.3,True,False
2020,New Hampshire,NH,State Senate,1,general,Susan Ford,Democratic,11741.0,42.7,False,False
2020,New Hampshire,NH,State Senate,2,general,Bob Giuda,Republican,17661.0,55.83,True,True
2020,New Hampshire,NH,State Senate,2,general,Bill Bolton,Democratic,13974.0,44.17,False,False
2020,New Hampshire,NH,State Senate,3,general,Jeb Bradley,Republican,22086.0,61.5,True,True
2020,New Hampshire,NH,State Senate,3,general,Theresa Swanick,Democratic,13826.0,38.5,False,False
2020,New Hampshire,NH,State Senate,4,general,David H. Watters,Democratic,19228.0,61.36,True,True
2020,New Hampshire,NH,State Senate,4,general,Frank Bertone,Republican,12107.0,38.64,False,False
2020,New Hampshire,NH,State Senate,5,general,Suzanne Prentiss,Democratic,20418.0,66.46,True,False
2020,New Hampshire,NH,State Senate,5,general,Timothy O'Hearne,Republican,10295.0,33.54,False,False
2020,New Hampshire,NH,State Senate,6,general,James Gray,Republican,17290.0,57.77,True,True
2020,New Hampshire,NH,State Senate,6,general,Christopher Rice,Democratic,12638.0,42.23,False,False
2020,New Hampshire,NH,State Senate,7,general,Harold F. French,Republican,17801.0,57.97,True,True
2020,New Hampshire,NH,State Senate,7,general,Philip Spagnuolo Jr.,Democratic,12907.0,42.03,False,False
2020,New Hampshire,NH,State Senate,8,general,Ruth Ward,Republican,18903.0,55.57,True,True
2020,New Hampshire,NH,State Senate,8,general,Jenn Alford-Teaster,Democratic,15114.0,44.43,False,False
2020,New Hampshire,NH,State Senate,9,general,Denise Ricciardi,Republican,17920.0,50.58,True,False
2020,New Hampshire,NH,State Senate,9,general,Jeanne Dietsch,Democratic,17511.0,49.42,False,True
2020,New Hampshire,NH,State Senate,10,general,Jay Kahn,Democratic,18876.0,62.55,True,True
2020,New Hampshire,NH,State Senate,10,general,Dan LeClair,Republican,11303.0,37.45,False,False
2020,New Hampshire,NH,State Senate,11,general,Gary Daniels,Republican,17493.0,50.23,True,False
2020,New Hampshire,NH,State Senate,11,general,Shannon Chandley,Democratic,17334.0,49.77,False,True
2020,New Hampshire,NH,State Senate,12,general,Kevin Avard,Republican,17534.0,51.17,True,False
2020,New Hampshire,NH,State Senate,12,general,Melanie Levesque,Democratic,16729.0,48.83,False,True
2020,New Hampshire,NH,State Senate,13,general,Cindy Rosenwald,Democratic,15611.0,58.57,True,True
2020,New Hampshire,NH,State Senate,13,general,Mariellen MacKay,Republican,11042.0,41.42,False,False
2020,New Hampshire,NH,State Senate,14,general,Sharon Carson,Republican,19082.0,58.87,True,True
2020,New Hampshire,NH,State Senate,14,general,Nancy Hendricks,Democratic,13330.0,41.13,False,False
2020,New Hampshire,NH,State Senate,15,general,Becky Whitley,Democratic,19462.0,63.38,True,False
2020,New Hampshire,NH,State Senate,15,general,Linda Rae Banfill,Republican,11243.0,36.62,False,False
2020,New Hampshire,NH,State Senate,16,general,Kevin Cavanaugh,Democratic,17165.0,51.78,True,True
2020,New Hampshire,NH,State Senate,16,general,Jason Syversen,Republican,15986.0,48.22,False,False
2020,New Hampshire,NH,State Senate,17,general,John Reagan,Republican,20317.0,60.1,True,True
2020,New Hampshire,NH,State Senate,17,general,Nancy Fraher,Democratic,13488.0,39.9,False,False
2020,New Hampshire,NH,State Senate,18,general,Donna Soucy,Democratic,14105.0,55.4,True,True
2020,New Hampshire,NH,State Senate,18,general,George Lambert,Republican,11355.0,44.6,False,False
2020,New Hampshire,NH,State Senate,19,general,Regina Birdsell,Republican,18263.0,57.54,True,True
2020,New Hampshire,NH,State Senate,19,general,Joshua Bourdon,Democratic,13477.0,42.46,False,False
2020,New Hampshire,NH,State Senate,20,general,Lou D'Allesandro,Democratic,13548.0,56.39,True,True
2020,New Hampshire,NH,State Senate,20,general,Carla Gericke,Republican,10479.0,43.61,False,False
2020,New Hampshire,NH,State Senate,21,general,Rebecca Perkins Kwoka,Democratic,21827.0,67.07,True,False
2020,New Hampshire,NH,State Senate,21,general,Sue Polidura,Republican,10717.0,32.93,False,False
2020,New Hampshire,NH,State Senate,22,general,Chuck Morse,Republican,22191.0,64.76,True,True
2020,New Hampshire,NH,State Senate,22,general,Thomas Haynes,Democratic,12073.0,35.24,False,False
2020,New Hampshire,NH,State Senate,23,general,Bill Gannon,Republican,18627.0,53.31,True,False
2020,New Hampshire,NH,State Senate,23,general,Jon Morgan,Democratic,16314.0,46.69,False,True
2020,New Hampshire,NH,State Senate,24,general,Tom Sherman,Democratic,20527.0,52.35,True,True
2020,New Hampshire,NH,State Senate,24,general,Louis Gargiulo,Republican,18687.0,47.65,False,False
2020,New Mexico,NM,State Senate,1,general,William Sharer,Republican,14506.0,100.0,True,True
2020,New Mexico,NM,State Senate,2,general,Steven Neville,Republican,16631.0,100.0,True,True
2020,New Mexico,NM,State Senate,3,general,Shannon Pinto,Democratic,11932.0,67.4,True,True
2020,New Mexico,NM,State Senate,3,general,Arthur Allison,Republican,5767.0,32.6,False,False
2020,New Mexico,NM,State Senate,4,general,George Muñoz,Democratic,11931.0,67.8,True,True
2020,New Mexico,NM,State Senate,4,general,Angela Olive,Republican,5660.0,32.2,False,False
2020,New Mexico,NM,State Senate,5,general,Leo Jaramillo,Democratic,15649.0,68.5,True,False
2020,New Mexico,NM,State Senate,5,general,Diamantina Storment,Republican,6132.0,26.8,False,False
2020,New Mexico,NM,State Senate,5,general,Lee Weinland,Libertarian,1075.0,4.7,False,False
2020,New Mexico,NM,State Senate,6,general,Roberto Gonzales,Democratic,19328.0,100.0,True,True
2020,New Mexico,NM,State Senate,7,general,Pat Woods,Republican,14240.0,100.0,True,True
2020,New Mexico,NM,State Senate,8,general,Pete Campos,Democratic,13438.0,64.9,True,True
2020,New Mexico,NM,State Senate,8,general,Melissa Fryzel,Republican,7264.0,35.1,False,False
2020,New Mexico,NM,State Senate,9,general,Brenda McKenna,Democratic,16090.0,53.9,True,False
2020,New Mexico,NM,State Senate,9,general,John Clark,Republican,13743.0,46.1,False,False
2020,New Mexico,NM,State Senate,10,general,Katy Duhigg,Democratic,13417.0,52.4,True,False
2020,New Mexico,NM,State Senate,10,general,Candace Gould,Republican,12176.0,47.6,False,True
2020,New Mexico,NM,State Senate,11,general,Linda Lopez,Democratic,9162.0,69.4,True,True
2020,New Mexico,NM,State Senate,11,general,Marylinda Price,Republican,4041.0,30.6,False,False
2020,New Mexico,NM,State Senate,12,general,Jerry Ortiz y Pino,Democratic,13910.0,77.4,True,True
2020,New Mexico,NM,State Senate,12,general,Lisa Meyer-Hagen,Republican,4063.0,22.6,False,False
2020,New Mexico,NM,State Senate,13,general,Bill O'Neill,Democratic,15504.0,62.6,True,True
2020,New Mexico,NM,State Senate,13,general,Michaela Chavez,Republican,8436.0,34.1,False,False
2020,New Mexico,NM,State Senate,13,general,Frederick Snoy II,Libertarian,824.0,3.3,False,False
2020,New Mexico,NM,State Senate,14,general,Michael Padilla,Democratic,10083.0,65.8,True,True
2020,New Mexico,NM,State Senate,14,general,Mary Kay Ingham,Republican,5250.0,34.2,False,False
2020,New Mexico,NM,State Senate,15,general,Daniel Ivey-Soto,Democratic,13744.0,60.0,True,True
2020,New Mexico,NM,State Senate,15,general,Sandra Rausch,Republican,9167.0,40.0,False,False
2020,New Mexico,NM,State Senate,16,general,Antoinette Sedillo Lopez,Democratic,18303.0,78.1,True,True
2020,New Mexico,NM,State Senate,16,general,Chelsea Flanders,Republican,5147.0,21.9,False,False
2020,New Mexico,NM,State Senate,17,general,Mimi Stewart,Democratic,8686.0,65.7,True,True
2020,New Mexico,NM,State Senate,17,general,Rodney Deskin,Republican,4531.0,34.3,False,False
2020,New Mexico,NM,State Senate,18,general,Bill Tallman,Democratic,14598.0,55.0,True,True
2020,New Mexico,NM,State Senate,18,general,Ryan Alexandra Chavez,Republican,11955.0,45.0,False,False
2020,New Mexico,NM,State Senate,18,general,Michael Cordova,Libertarian,0.0,0.0,False,False
2020,New Mexico,NM,State Senate,19,general,Gregg Schmedes,Republican,15536.0,53.8,True,False
2020,New Mexico,NM,State Senate,19,general,Claudia Risner,Democratic,12108.0,41.9,False,False
2020,New Mexico,NM,State Senate,19,general,John McDivitt,Libertarian,1243.0,4.3,False,False
2020,New Mexico,NM,State Senate,20,general,Martin Hickey,Democratic,14931.0,53.9,True,False
2020,New Mexico,NM,State Senate,20,general,John Morton,Republican,12752.0,46.1,False,False
2020,New Mexico,NM,State Senate,21,general,Mark Moores,Republican,15425.0,53.3,True,True
2020,New Mexico,NM,State Senate,21,general,Athena Ann Christodoulou,Democratic,13509.0,46.7,False,False
2020,New Mexico,NM,State Senate,22,general,Benny Shendo,Democratic,13201.0,66.4,True,True
2020,New Mexico,NM,State Senate,22,general,Susan Aguayo,Republican,6666.0,33.6,False,False
2020,New Mexico,NM,State Senate,23,general,Harold Pope Jr.,Democratic,15345.0,52.1,True,False
2020,New Mexico,NM,State Senate,23,general,Sander Rue,Republican,14130.0,47.9,False,True
2020,New Mexico,NM,State Senate,24,general,Nancy Rodriguez,Democratic,18927.0,80.0,True,True
2020,New Mexico,NM,State Senate,24,general,Leighton Cornish,Republican,3977.0,16.8,False,False
2020,New Mexico,NM,State Senate,24,general,Scott Milenski,Libertarian,765.0,3.2,False,False
2020,New Mexico,NM,State Senate,25,general,Peter Wirth,Democratic,30305.0,82.4,True,True
2020,New Mexico,NM,State Senate,25,general,Ricardo Vargas,Republican,6477.0,17.6,False,False
2020,New Mexico,NM,State Senate,26,general,Jacob Candelaria,Democratic,12191.0,65.8,True,True
2020,New Mexico,NM,State Senate,26,general,Manuel Lardizabal,Republican,6344.0,34.2,False,False
2020,New Mexico,NM,State Senate,27,general,Stuart Ingle,Republican,13834.0,100.0,True,True
2020,New Mexico,NM,State Senate,28,general,Siah Correa Hemphill,Democratic,11599.0,50.8,True,False
2020,New Mexico,NM,State Senate,28,general,James Williams,Republican,11213.0,49.2,False,False
2020,New Mexico,NM,State Senate,29,general,Gregory Baca,Republican,9598.0,51.1,True,True
2020,New Mexico,NM,State Senate,29,general,Paul Baca,Democratic,9193.0,48.9,False,False
2020,New Mexico,NM,State Senate,30,general,Joshua Sanchez,Republican,10055.0,51.1,True,False
2020,New Mexico,NM,State Senate,30,general,Pamela Cordova,Democratic,9610.0,48.9,False,False
2020,New Mexico,NM,State Senate,31,general,Joe Cervantes,Democratic,9907.0,66.0,True,True
2020,New Mexico,NM,State Senate,31,general,John Roberts,Republican,5108.0,34.0,False,False
2020,New Mexico,NM,State Senate,32,general,Cliff Pirtle,Republican,9503.0,100.0,True,True
2020,New Mexico,NM,State Senate,33,general,William Burt,Republican,14697.0,69.0,True,True
2020,New Mexico,NM,State Senate,33,general,Denise Lang-Browne,Democratic,6601.0,31.0,False,False
2020,New Mexico,NM,State Senate,34,general,Ron Griggs,Republican,12351.0,70.0,True,True
2020,New Mexico,NM,State Senate,34,general,Darren Murray Kugler,Democratic,5286.0,30.0,False,False
2020,New Mexico,NM,State Senate,35,general,Crystal Diamond,Republican,11255.0,58.1,True,False
2020,New Mexico,NM,State Senate,35,general,Neomi Martinez-Parra,Democratic,8131.0,41.9,False,False
2020,New Mexico,NM,State Senate,36,general,Jeff Steinborn,Democratic,11263.0,56.3,True,True
2020,New Mexico,NM,State Senate,36,general,Kimberly Skaggs,Republican,8755.0,43.7,False,False
2020,New Mexico,NM,State Senate,37,general,William Soules,Democratic,14713.0,56.8,True,True
2020,New Mexico,NM,State Senate,37,general,David Gallus,Republican,11195.0,43.2,False,False
2020,New Mexico,NM,State Senate,38,general,Carrie Hamblen,Democratic,9640.0,62.5,True,False
2020,New Mexico,NM,State Senate,38,general,Charles Wendler,Republican,5788.0,37.5,False,False
2020,New Mexico,NM,State Senate,39,general,Liz Stefanics,Democratic,12283.0,55.5,True,True
2020,New Mexico,NM,State Senate,39,general,Joseph Tiano,Republican,9831.0,44.5,False,False
2020,New Mexico,NM,State Senate,40,general,Craig Brandt,Republican,20204.0,100.0,True,True
2020,New Mexico,NM,State Senate,41,general,David Gallegos,Republican,11333.0,100.0,True,False
2020,New Mexico,NM,State Senate,42,general,Gay Kernan,Republican,17848.0,100.0,True,True
2020,New York,NY,State Senate,1,general,Anthony Palumbo,New York Republican,87563.0,45.56,True,False
2020,New York,NY,State Senate,1,general,Laura Ahearn,Democratic,82900.0,47.84,False,False
2020,New York,NY,State Senate,2,general,Mario Mattera,New York Republican,93224.0,49.73,True,False
2020,New York,NY,State Senate,2,general,Michael Siderakis,Democratic,70833.0,43.18,False,False
2020,New York,NY,State Senate,3,general,Alexis Weik,New York Republican,68363.0,45.71,True,False
2020,New York,NY,State Senate,3,general,Monica Martinez,Democratic,63286.0,46.79,False,False
2020,New York,NY,State Senate,4,general,Phil Boyle,New York Republican,79576.0,48.49,True,False
2020,New York,NY,State Senate,4,general,Christine Pellegrino,Democratic,64056.0,41.91,False,False
2020,New York,NY,State Senate,5,general,Jim Gaughran,Democratic,84480.0,50.21,True,False
2020,New York,NY,State Senate,5,general,Edmund Smyth,New York Republican,81263.0,42.87,False,False
2020,New York,NY,State Senate,5,general,Barbara Wagner,Green,1831.0,1.09,False,False
2020,New York,NY,State Senate,6,general,Kevin Thomas,Democratic,76588.0,49.01,True,False
2020,New York,NY,State Senate,6,general,Dennis Dunne Sr.,New York Republican,73630.0,44.1,False,False
2020,New York,NY,State Senate,6,general,Jonathan Gunther,Libertarian,855.0,0.57,False,False
2020,New York,NY,State Senate,7,general,Anna Kaplan,Democratic,89287.0,54.44,True,False
2020,New York,NY,State Senate,7,general,David Franklin,New York Republican,66170.0,39.13,False,False
2020,New York,NY,State Senate,8,general,John Brooks,Democratic,92960.0,86.59,True,False
2020,New York,NY,State Senate,9,general,Todd Kaminsky,Democratic,94022.0,56.7,True,False
2020,New York,NY,State Senate,9,general,Victoria Johnson,New York Republican,68961.0,38.68,False,False
2020,New York,NY,State Senate,10,general,James Sanders Jr.,Democratic,94555.0,94.11,True,False
2020,New York,NY,State Senate,11,general,John Liu,Democratic,78818.0,58.5,True,False
2020,New York,NY,State Senate,11,general,Elisa Nahoum,New York Republican,45400.0,32.89,False,False
2020,New York,NY,State Senate,12,general,Michael Gianaris,Democratic,100671.0,81.25,True,False
2020,New York,NY,State Senate,13,general,Jessica Ramos,Democratic,62885.0,70.65,True,False
2020,New York,NY,State Senate,13,general,Jesus Gonzalez,New York Republican,17141.0,19.33,False,False
2020,New York,NY,State Senate,14,general,Leroy Comrie,Democratic,110626.0,100.0,True,True
2020,New York,NY,State Senate,15,general,Joseph Addabbo Jr.,Democratic,68829.0,58.26,True,True
2020,New York,NY,State Senate,15,general,Thomas Sullivan,New York Republican,49306.0,37.34,False,False
2020,New York,NY,State Senate,16,general,Toby Ann Stavisky,Democratic,65240.0,100.0,True,True
2020,New York,NY,State Senate,17,general,Simcha Felder,New York Republican,78650.0,53.82,True,False
2020,New York,NY,State Senate,18,general,Julia Salazar,Democratic,95939.0,79.24,True,False
2020,New York,NY,State Senate,18,general,Daniel Christmann,New Moderate,2235.0,2.28,False,False
2020,New York,NY,State Senate,19,general,Roxanne Persaud,Democratic,95755.0,100.0,True,True
2020,New York,NY,State Senate,20,general,Zellnor Myrie,Democratic,99491.0,81.4,True,False
2020,New York,NY,State Senate,20,general,Tucker Coburn,Libertarian,2570.0,2.52,False,False
2020,New York,NY,State Senate,21,general,Kevin Parker,Democratic,118738.0,100.0,True,True
2020,New York,NY,State Senate,22,general,Andrew Gounardes,Democratic,51565.0,46.28,True,False
2020,New York,NY,State Senate,22,general,Vito Bruno,New York Republican,47830.0,43.98,False,False
2020,New York,NY,State Senate,23,general,Diane Savino,Democratic,63548.0,75.83,True,False
2020,New York,NY,State Senate,23,general,Justin DeFilippo,Conservative,17336.0,21.16,False,False
2020,New York,NY,State Senate,23,general,John Jairo Rodriguez,Serve America Movement,1031.0,1.26,False,False
2020,New York,NY,State Senate,24,general,Andrew Lanza,New York Republican,129896.0,86.25,True,False
2020,New York,NY,State Senate,25,general,Jabari Brisport,Democratic,138261.0,78.16,True,False
2020,New York,NY,State Senate,26,general,Brian P. Kavanagh,Democratic,95552.0,79.06,True,True
2020,New York,NY,State Senate,26,general,Lester Chang,New York Republican,25301.0,18.66,False,False
2020,New York,NY,State Senate,27,general,Brad Hoylman,Democratic,127942.0,86.18,True,False
2020,New York,NY,State Senate,28,general,Liz Krueger,Democratic,113109.0,72.72,True,False
2020,New York,NY,State Senate,28,general,Michael Zumbluskas,New York Republican,31888.0,21.53,False,False
2020,New York,NY,State Senate,29,general,José M. Serrano,Democratic,88643.0,87.92,True,True
2020,New York,NY,State Senate,29,general,José Colón,New York Republican,12175.0,12.08,False,False
2020,New York,NY,State Senate,30,general,Brian Benjamin,Democratic,115397.0,93.16,True,True
2020,New York,NY,State Senate,30,general,Oz Sultan,New York Republican,8477.0,6.84,False,False
2020,New York,NY,State Senate,31,general,Robert Jackson,Democratic,107072.0,74.43,True,False
2020,New York,NY,State Senate,31,general,Melinda Crump,New York Republican,13961.0,11.53,False,False
2020,New York,NY,State Senate,32,general,Luis R. Sepúlveda,Democratic,84128.0,95.49,True,True
2020,New York,NY,State Senate,32,general,Jonathon Weiner,Conservative,3971.0,4.51,False,False
2020,New York,NY,State Senate,33,general,Gustavo Rivera,Democratic,67268.0,82.68,True,False
2020,New York,NY,State Senate,33,general,Dustin Martinez,New York Republican,8288.0,10.84,False,False
2020,New York,NY,State Senate,33,general,Steven M. Stern,Conservative,890.0,1.16,False,False
2020,New York,NY,State Senate,34,general,Alessandra Biaggi,Democratic,83731.0,67.26,True,False
2020,New York,NY,State Senate,34,general,James Gisondi,New York Republican,25634.0,22.65,False,False
2020,New York,NY,State Senate,34,general,Antonio Vitiello,Conservative,3829.0,3.38,False,False
2020,New York,NY,State Senate,35,general,Andrea Stewart-Cousins,Democratic,103839.0,90.36,True,False
2020,New York,NY,State Senate,36,general,Jamaal Bailey,Democratic,98098.0,95.48,True,False
2020,New York,NY,State Senate,36,general,Robert Diamond,Conservative,4649.0,4.52,False,False
2020,New York,NY,State Senate,37,general,Shelley Mayer,Democratic,90146.0,58.32,True,False
2020,New York,NY,State Senate,37,general,Liviu Saimovici,New York Republican,54036.0,33.22,False,False
2020,New York,NY,State Senate,38,general,Elijah Reichlin-Melnick,Democratic,70809.0,49.87,True,False
2020,New York,NY,State Senate,38,general,William Weber Jr.,New York Republican,60955.0,45.27,False,False
2020,New York,NY,State Senate,39,general,James Skoufis,Democratic,72556.0,52.53,True,False
2020,New York,NY,State Senate,39,general,Steve Brescia,New York Republican,54604.0,38.25,False,False
2020,New York,NY,State Senate,40,general,Peter Harckham,Democratic,83819.0,47.93,True,False
2020,New York,NY,State Senate,40,general,Rob Astorino,New York Republican,77688.0,43.26,False,False
2020,New York,NY,State Senate,41,general,Sue Serino,New York Republican,81080.0,45.0,True,False
2020,New York,NY,State Senate,41,general,Karen Smythe,Democratic,73288.0,43.35,False,False
2020,New York,NY,State Senate,42,general,Mike Martucci,New York Republican,67759.0,44.73,True,False
2020,New York,NY,State Senate,42,general,Jen Metzger,Democratic,66394.0,44.58,False,False
2020,New York,NY,State Senate,43,general,Daphne Jordan,New York Republican,86146.0,45.33,True,False
2020,New York,NY,State Senate,43,general,Patrick Nelson,Democratic,77425.0,42.28,False,False
2020,New York,NY,State Senate,44,general,Neil Breslin,Democratic,93015.0,63.05,True,False
2020,New York,NY,State Senate,44,general,David Yule,New York Republican,34269.0,26.92,False,False
2020,New York,NY,State Senate,45,general,Dan Stec,New York Republican,78136.0,51.53,True,False
2020,New York,NY,State Senate,45,general,Kimberly Davis,Democratic,56928.0,38.44,False,False
2020,New York,NY,State Senate,46,general,Michelle Hinchey,Democratic,78102.0,44.15,True,False
2020,New York,NY,State Senate,46,general,Richard Amedure Jr.,New York Republican,75034.0,41.59,False,False
2020,New York,NY,State Senate,46,general,Robert Alft Jr.,Green,1280.0,0.83,False,False
2020,New York,NY,State Senate,47,general,Joseph Griffo,New York Republican,100740.0,80.13,True,False
2020,New York,NY,State Senate,48,general,Patty Ritchie,New York Republican,98315.0,81.55,True,False
2020,New York,NY,State Senate,49,general,Jim Tedisco,New York Republican,91935.0,54.18,True,False
2020,New York,NY,State Senate,49,general,Thearse McCalmon,Democratic,52781.0,36.47,False,False
2020,New York,NY,State Senate,50,general,John Mannion,Democratic,83182.0,48.85,True,False
2020,New York,NY,State Senate,50,general,Angi Renna,New York Republican,75043.0,39.77,False,False
2020,New York,NY,State Senate,51,general,Peter Oberacker,New York Republican,73000.0,49.76,True,False
2020,New York,NY,State Senate,51,general,Jim Barber,Democratic,58691.0,44.57,False,False
2020,New York,NY,State Senate,52,general,Fred Akshar,New York Republican,96052.0,73.5,True,False
2020,New York,NY,State Senate,52,general,Thomas Daniel Quiter,Libertarian,13802.0,12.56,False,False
2020,New York,NY,State Senate,53,general,Rachel May,Democratic,66699.0,50.68,True,False
2020,New York,NY,State Senate,53,general,Sam Rodgers,New York Republican,53808.0,37.41,False,False
2020,New York,NY,State Senate,53,general,Russell Penner,Libertarian,1246.0,1.02,False,False
2020,New York,NY,State Senate,54,general,Pam Helming,New York Republican,90987.0,53.83,True,False
2020,New York,NY,State Senate,54,general,Shauna O'Toole,Democratic,51609.0,36.19,False,False
2020,New York,NY,State Senate,55,general,Samra Brouk,Democratic,90410.0,53.04,True,False
2020,New York,NY,State Senate,55,general,Christopher Missick,New York Republican,67083.0,35.59,False,False
2020,New York,NY,State Senate,56,general,Jeremy Cooney,Democratic,69951.0,51.47,True,False
2020,New York,NY,State Senate,56,general,Mike Barry,New York Republican,55355.0,36.82,False,False
2020,New York,NY,State Senate,57,general,George Borrello,New York Republican,87934.0,61.79,True,False
2020,New York,NY,State Senate,57,general,Frank Puglisi,Democratic,34714.0,26.06,False,False
2020,New York,NY,State Senate,58,general,Tom O'Mara,New York Republican,70848.0,50.72,True,False
2020,New York,NY,State Senate,58,general,Leslie Danks Burke,Democratic,54976.0,38.3,False,False
2020,New York,NY,State Senate,59,general,Patrick M. Gallivan,New York Republican,106058.0,54.85,True,False
2020,New York,NY,State Senate,59,general,Jason Klimek,Democratic,51176.0,32.55,False,False
2020,New York,NY,State Senate,60,general,Sean Ryan,Democratic,91030.0,52.98,True,False
2020,New York,NY,State Senate,60,general,Joshua Mertzlufft,New York Republican,58823.0,33.13,False,False
2020,New York,NY,State Senate,61,general,Edward Rath III,New York Republican,79457.0,44.75,True,False
2020,New York,NY,State Senate,61,general,Jacqualine Berger,Democratic,68230.0,46.2,False,False
2020,New York,NY,State Senate,62,general,Rob Ortt,New York Republican,101883.0,75.88,True,False
2020,New York,NY,State Senate,63,general,Timothy M. Kennedy,Democratic,95484.0,85.22,True,False
2020,North Carolina,NC,State Senate,1,general,Bob Steinburg,Republican,58319.0,55.24,True,True
2020,North Carolina,NC,State Senate,1,general,Tess Judge,Democratic,47248.0,44.76,False,False
2020,North Carolina,NC,State Senate,2,general,Norman Sanderson,Republican,63014.0,63.16,True,True
2020,North Carolina,NC,State Senate,2,general,Libbie Griffin,Democratic,32870.0,32.95,False,False
2020,North Carolina,NC,State Senate,2,general,Tim Harris,Libertarian,3884.0,3.89,False,False
2020,North Carolina,NC,State Senate,3,general,Ernestine Bazemore,Democratic,45507.0,52.03,True,False
2020,North Carolina,NC,State Senate,3,general,Thomas S. Hester Jr.,Republican,41959.0,47.97,False,False
2020,North Carolina,NC,State Senate,4,general,Toby Fitch,Democratic,51384.0,57.16,True,True
2020,North Carolina,NC,State Senate,4,general,Sammy Davis Webb,Republican,38514.0,42.84,False,False
2020,North Carolina,NC,State Senate,5,general,Don Davis,Democratic,51702.0,55.12,True,True
2020,North Carolina,NC,State Senate,5,general,Karen Kozel,Republican,42104.0,44.88,False,False
2020,North Carolina,NC,State Senate,6,general,Michael Lazzara,Republican,49007.0,65.48,True,False
2020,North Carolina,NC,State Senate,6,general,Isaiah (Ike) Johnson,Democratic,25831.0,34.52,False,False
2020,North Carolina,NC,State Senate,7,general,Jim Perry,Republican,45364.0,55.25,True,True
2020,North Carolina,NC,State Senate,7,general,Donna Lake,Democratic,36737.0,44.75,False,False
2020,North Carolina,NC,State Senate,8,general,Bill Rabon,Republican,85484.0,62.01,True,True
2020,North Carolina,NC,State Senate,8,general,David Sink,Democratic,48040.0,34.85,False,False
2020,North Carolina,NC,State Senate,8,general,Anthony Mascolo,Libertarian,4335.0,3.14,False,False
2020,North Carolina,NC,State Senate,9,general,Michael Lee,Republican,63255.0,50.51,True,False
2020,North Carolina,NC,State Senate,9,general,Harper Peterson,Democratic,61987.0,49.49,False,True
2020,North Carolina,NC,State Senate,10,general,Brent Jackson,Republican,56740.0,65.09,True,True
2020,North Carolina,NC,State Senate,10,general,Vernon R. Moore,Democratic,30425.0,34.91,False,False
2020,North Carolina,NC,State Senate,11,general,Lisa Stone Barnes,Republican,61287.0,54.98,True,False
2020,North Carolina,NC,State Senate,11,general,Allen Wellons,Democratic,50193.0,45.02,False,False
2020,North Carolina,NC,State Senate,12,general,Jim Burgin,Republican,57295.0,60.84,True,True
2020,North Carolina,NC,State Senate,12,general,John Kirkman,Democratic,36875.0,39.16,False,False
2020,North Carolina,NC,State Senate,13,general,Danny Britt,Republican,45264.0,63.56,True,True
2020,North Carolina,NC,State Senate,13,general,Barbara Yates-Lockamy,Democratic,25949.0,36.44,False,False
2020,North Carolina,NC,State Senate,14,general,Dan Blue,Democratic,78811.0,72.68,True,True
2020,North Carolina,NC,State Senate,14,general,Alan David Michael,Republican,24678.0,22.76,False,False
2020,North Carolina,NC,State Senate,14,general,Justin Walczak,Libertarian,4949.0,4.56,False,False
2020,North Carolina,NC,State Senate,15,general,Jay Chaudhuri,Democratic,71700.0,58.01,True,True
2020,North Carolina,NC,State Senate,15,general,Mario J. Lomuscio,Republican,45457.0,36.78,False,False
2020,North Carolina,NC,State Senate,15,general,Kat McDonald,Libertarian,6441.0,5.21,False,False
2020,North Carolina,NC,State Senate,16,general,Wiley Nickel,Democratic,80530.0,65.65,True,True
2020,North Carolina,NC,State Senate,16,general,Will Marsh,Republican,42144.0,34.35,False,False
2020,North Carolina,NC,State Senate,17,general,Sam Searcy,Democratic,83564.0,51.41,True,True
2020,North Carolina,NC,State Senate,17,general,Mark Cavaliero,Republican,72774.0,44.77,False,False
2020,North Carolina,NC,State Senate,17,general,Travis Groo,Libertarian,6204.0,3.82,False,False
2020,North Carolina,NC,State Senate,18,general,Sarah Crawford,Democratic,67912.0,52.08,True,False
2020,North Carolina,NC,State Senate,18,general,Larry E. Norman,Republican,57890.0,44.4,False,False
2020,North Carolina,NC,State Senate,18,general,Jason Loeback,Libertarian,4595.0,3.52,False,False
2020,North Carolina,NC,State Senate,19,general,Kirk deViere,Democratic,46740.0,51.53,True,True
2020,North Carolina,NC,State Senate,19,general,Wesley Meredith,Republican,43966.0,48.47,False,False
2020,North Carolina,NC,State Senate,20,general,Natalie Murdock,Democratic,102732.0,83.61,True,True
2020,North Carolina,NC,State Senate,20,general,John Tarantino,Republican,20143.0,16.39,False,False
2020,North Carolina,NC,State Senate,21,general,Ben Clark,Democratic,50105.0,68.02,True,True
2020,North Carolina,NC,State Senate,21,general,Sev Palacios,Republican,23557.0,31.98,False,False
2020,North Carolina,NC,State Senate,22,general,Mike Woodard,Democratic,60402.0,58.43,True,True
2020,North Carolina,NC,State Senate,22,general,Rick Padgett,Republican,39792.0,38.5,False,False
2020,North Carolina,NC,State Senate,22,general,Ray Ubinger,Libertarian,3175.0,3.07,False,False
2020,North Carolina,NC,State Senate,23,general,Valerie Foushee,Democratic,88429.0,68.31,True,True
2020,North Carolina,NC,State Senate,23,general,Tom Glendinning,Republican,41016.0,31.69,False,False
2020,North Carolina,NC,State Senate,24,general,Amy Galey,Republican,61287.0,52.43,True,False
2020,North Carolina,NC,State Senate,24,general,J. D. Wooten,Democratic,55609.0,47.57,False,False
2020,North Carolina,NC,State Senate,25,general,Tom McInnis,Republican,60152.0,59.15,True,True
2020,North Carolina,NC,State Senate,25,general,Helen Probst Mills,Democratic,41546.0,40.85,False,False
2020,North Carolina,NC,State Senate,26,general,Dave Craven,Republican,63077.0,70.33,True,True
2020,North Carolina,NC,State Senate,26,general,Jane Ledwell Gant,Democratic,26609.0,29.67,False,False
2020,North Carolina,NC,State Senate,27,general,Michael Garrett,Democratic,67287.0,54.32,True,True
2020,North Carolina,NC,State Senate,27,general,Sebastian King,Republican,56575.0,45.68,False,False
2020,North Carolina,NC,State Senate,28,general,Gladys Robinson,Democratic,75640.0,76.34,True,True
2020,North Carolina,NC,State Senate,28,general,D. R. King,Republican,23440.0,23.66,False,False
2020,North Carolina,NC,State Senate,29,general,Steve Jarvis,Republican,74210.0,74.49,True,False
2020,North Carolina,NC,State Senate,29,general,Duskin Lassiter,Democratic,25409.0,25.51,False,False
2020,North Carolina,NC,State Senate,30,general,Phil Berger,Republican,68708.0,68.58,True,True
2020,North Carolina,NC,State Senate,30,general,Wally White,Democratic,31481.0,31.42,False,False
2020,North Carolina,NC,State Senate,31,general,Joyce Krawiec,Republican,56479.0,53.08,True,True
2020,North Carolina,NC,State Senate,31,general,Terri Elizabeth LeGrand,Democratic,49929.0,46.92,False,False
2020,North Carolina,NC,State Senate,32,general,Paul Lowe Jr.,Democratic,67293.0,59.4,True,True
2020,North Carolina,NC,State Senate,32,general,Ven Challa,Republican,45995.0,40.6,False,False
2020,North Carolina,NC,State Senate,33,general,Carl Ford,Republican,73453.0,70.54,True,True
2020,North Carolina,NC,State Senate,33,general,Tarsha Ellis,Democratic,30679.0,29.46,False,False
2020,North Carolina,NC,State Senate,34,general,Vickie Sawyer,Republican,83707.0,71.01,True,True
2020,North Carolina,NC,State Senate,34,general,Barry Templeton,Democratic,34172.0,28.99,False,False
2020,North Carolina,NC,State Senate,35,general,Todd Johnson,Republican,75055.0,63.45,True,True
2020,North Carolina,NC,State Senate,35,general,Jose Santiago,Democratic,43244.0,36.55,False,False
2020,North Carolina,NC,State Senate,36,general,Paul Newton,Republican,69932.0,57.71,True,True
2020,North Carolina,NC,State Senate,36,general,Marcus J. Singleton,Democratic,51249.0,42.29,False,False
2020,North Carolina,NC,State Senate,37,general,Jeff Jackson,Democratic,64562.0,54.99,True,True
2020,North Carolina,NC,State Senate,37,general,Sonja P. Nichols,Republican,48507.0,41.32,False,False
2020,North Carolina,NC,State Senate,37,general,Jeff Scott,Libertarian,4336.0,3.69,False,False
2020,North Carolina,NC,State Senate,38,general,Mujtaba Mohammed,Democratic,82871.0,78.14,True,True
2020,North Carolina,NC,State Senate,38,general,Jack W. Brosch,Republican,23187.0,21.86,False,False
2020,North Carolina,NC,State Senate,39,general,DeAndrea Salvador,Democratic,68752.0,62.18,True,False
2020,North Carolina,NC,State Senate,39,general,Joshua Niday,Republican,41823.0,37.82,False,False
2020,North Carolina,NC,State Senate,40,general,Joyce Waddell,Democratic,64278.0,72.07,True,True
2020,North Carolina,NC,State Senate,40,general,Bobbie Shields,Republican,24906.0,27.93,False,False
2020,North Carolina,NC,State Senate,41,general,Natasha Marcus,Democratic,82741.0,71.93,True,True
2020,North Carolina,NC,State Senate,41,general,Christopher Cole,Constitution,32295.0,28.07,False,False
2020,North Carolina,NC,State Senate,42,general,Dean Proctor,Republican,72228.0,71.27,True,True
2020,North Carolina,NC,State Senate,42,general,Tina R. Miles,Democratic,29111.0,28.73,False,False
2020,North Carolina,NC,State Senate,43,general,Kathy Harrington,Republican,69409.0,65.43,True,True
2020,North Carolina,NC,State Senate,43,general,William Young,Democratic,36670.0,34.57,False,False
2020,North Carolina,NC,State Senate,44,general,Ted Alexander,Republican,73513.0,70.78,True,True
2020,North Carolina,NC,State Senate,44,general,David Lee Lattimore,Democratic,30354.0,29.22,False,False
2020,North Carolina,NC,State Senate,45,general,Deanna Ballard,Republican,71897.0,68.45,True,True
2020,North Carolina,NC,State Senate,45,general,Jeanne Supin,Democratic,33139.0,31.55,False,False
2020,North Carolina,NC,State Senate,46,general,Warren Daniel,Republican,67919.0,72.28,True,True
2020,North Carolina,NC,State Senate,46,general,Edward Phifer,Democratic,26045.0,27.72,False,False
2020,North Carolina,NC,State Senate,47,general,Ralph Hise,Republican,68440.0,68.44,True,True
2020,North Carolina,NC,State Senate,47,general,David Brian Wheeler,Democratic,31554.0,31.56,False,False
2020,North Carolina,NC,State Senate,48,general,Chuck Edwards,Republican,68197.0,58.9,True,True
2020,North Carolina,NC,State Senate,48,general,Brian Caskey,Democratic,47580.0,41.1,False,False
2020,North Carolina,NC,State Senate,49,general,Julie Mayfield,Democratic,80159.0,62.72,True,False
2020,North Carolina,NC,State Senate,49,general,Bob Penland,Republican,47647.0,37.28,False,False
2020,North Carolina,NC,State Senate,50,general,Kevin Corbin,Republican,73875.0,66.66,True,False
2020,North Carolina,NC,State Senate,50,general,Victoria Fox,Democratic,36954.0,33.34,False,False
2020,North Dakota,ND,State Senate,2,general,David Rust,Republican,9954.0,98.96,True,True
2020,North Dakota,ND,State Senate,4,general,Jordan Kannianen,Republican,4960.0,67.76,True,True
2020,North Dakota,ND,State Senate,4,general,Lisa Finley-DeVille,North Dakota Democratic-nonpartisan League,2353.0,32.14,False,False
2020,North Dakota,ND,State Senate,6,general,Shawn Vedaa,Republican,5598.0,72.68,True,True
2020,North Dakota,ND,State Senate,6,general,Morris Holen Jr,North Dakota Democratic-nonpartisan League,2098.0,27.24,False,False
2020,North Dakota,ND,State Senate,8,general,Howard C. Anderson Jr.,Republican,7984.0,98.42,True,True
2020,North Dakota,ND,State Senate,10,general,Janne Myrdal,Republican,5067.0,74.31,True,True
2020,North Dakota,ND,State Senate,10,general,Charlie Hart,North Dakota Democratic-nonpartisan League,1744.0,25.58,False,False
2020,North Dakota,ND,State Senate,12,general,Cole Conley,Republican,3258.0,56.01,True,False
2020,North Dakota,ND,State Senate,12,general,John Grabinger,North Dakota Democratic-nonpartisan League,2549.0,43.82,False,True
2020,North Dakota,ND,State Senate,14,general,Jerry Klein,Republican,6152.0,79.17,True,True
2020,North Dakota,ND,State Senate,14,general,Jenna Vanhorne,North Dakota Democratic-nonpartisan League,1612.0,20.74,False,False
2020,North Dakota,ND,State Senate,16,general,David Clemens,Republican,5439.0,52.14,True,True
2020,North Dakota,ND,State Senate,16,general,Kari Breker,North Dakota Democratic-nonpartisan League,4973.0,47.68,False,False
2020,North Dakota,ND,State Senate,18,general,Scott Meyer,Republican,2949.0,53.77,True,True
2020,North Dakota,ND,State Senate,18,general,Kyle Thorson,North Dakota Democratic-nonpartisan League,2527.0,46.08,False,False
2020,North Dakota,ND,State Senate,20,general,Randy Lemm,Republican,4654.0,68.81,True,True
2020,North Dakota,ND,State Senate,20,general,Paul Hanson,North Dakota Democratic-nonpartisan League,2106.0,31.14,False,False
2020,North Dakota,ND,State Senate,22,general,Mark Weber,Republican,7541.0,68.24,True,False
2020,North Dakota,ND,State Senate,22,general,Laetitia Hellerud,North Dakota Democratic-nonpartisan League,3505.0,31.72,False,False
2020,North Dakota,ND,State Senate,24,general,Michael Wobbema,Republican,3572.0,50.9,True,False
2020,North Dakota,ND,State Senate,24,general,Larry Robinson,North Dakota Democratic-nonpartisan League,3435.0,48.95,False,True
2020,North Dakota,ND,State Senate,26,general,Jason Heitkamp,Republican,3683.0,52.75,True,False
2020,North Dakota,ND,State Senate,26,general,Jim Dotzenrod,North Dakota Democratic-nonpartisan League,3295.0,47.19,False,True
2020,North Dakota,ND,State Senate,28,general,Robert Erbele,Republican,6770.0,98.47,True,True
2020,North Dakota,ND,State Senate,30,general,Diane Larson,Republican,6307.0,97.8,True,True
2020,North Dakota,ND,State Senate,32,general,Dick Dever,Republican,4352.0,65.11,True,True
2020,North Dakota,ND,State Senate,32,general,Amelia Doll,North Dakota Democratic-nonpartisan League,2312.0,34.59,False,False
2020,North Dakota,ND,State Senate,34,general,Doug Larsen,Republican,6062.0,73.02,True,False
2020,North Dakota,ND,State Senate,34,general,Adam Michal,North Dakota Democratic-nonpartisan League,2224.0,26.79,False,False
2020,North Dakota,ND,State Senate,36,general,Jay Elkin,Republican,7964.0,97.38,True,True
2020,North Dakota,ND,State Senate,38,general,David Hogue,Republican,6254.0,98.13,True,True
2020,North Dakota,ND,State Senate,40,general,Karen Krebsbach,Republican,4255.0,96.66,True,True
2020,North Dakota,ND,State Senate,42,general,Curt Kreun,Republican,1856.0,53.38,True,True
2020,North Dakota,ND,State Senate,42,general,Melissa Gjellstad,North Dakota Democratic-nonpartisan League,1616.0,46.48,False,False
2020,North Dakota,ND,State Senate,44,general,Merrill Piepkorn,North Dakota Democratic-nonpartisan League,3847.0,54.17,True,True
2020,North Dakota,ND,State Senate,44,general,Tim Flakoll,Republican,3242.0,45.65,False,False
2020,North Dakota,ND,State Senate,46,general,Jim Roers,Republican,4291.0,54.06,True,True
2020,North Dakota,ND,State Senate,46,general,Terri Hedman,North Dakota Democratic-nonpartisan League,3640.0,45.86,False,False
2020,Ohio,OH,State Senate,2,general,Theresa Gavarone,Republican,122084.0,62.2,True,True
2020,Ohio,OH,State Senate,2,general,Joel O'Dorisio,Democratic,74240.0,37.8,False,False
2020,Ohio,OH,State Senate,4,general,George Lang,Republican,106021.0,60.5,True,False
2020,Ohio,OH,State Senate,4,general,Kathy Wyenandt,Democratic,68000.0,38.8,False,False
2020,Ohio,OH,State Senate,4,general,Kent Keller (write-in),Independent,1126.0,0.6,False,False
2020,Ohio,OH,State Senate,6,general,Niraj Antani,Republican,99096.0,53.2,True,False
2020,Ohio,OH,State Senate,6,general,Mark Fogel,Democratic,87280.0,46.8,False,False
2020,Ohio,OH,State Senate,8,general,Louis Blessing,Republican,112313.0,60.1,True,True
2020,Ohio,OH,State Senate,8,general,Daniel Brown,Democratic,74565.0,39.9,False,False
2020,Ohio,OH,State Senate,10,general,Bob Hackett,Republican,109456.0,65.3,True,True
2020,Ohio,OH,State Senate,10,general,Charles Ballard,Democratic,58126.0,34.7,False,False
2020,Ohio,OH,State Senate,12,general,Matt Huffman,Republican,129218.0,,True,True
2020,Ohio,OH,State Senate,12,general,Ken Poling,Democratic,33800.0,20.7,False,False
2020,Ohio,OH,State Senate,14,general,Terry Johnson,Republican,127588.0,72.7,True,True
2020,Ohio,OH,State Senate,14,general,Ryan Ottney,Democratic,47843.0,27.3,False,False
2020,Ohio,OH,State Senate,16,general,Stephanie Kunze,Republican,106053.0,50.03,True,True
2020,Ohio,OH,State Senate,16,general,Crystal Lett,Democratic,105937.0,49.97,False,False
2020,Ohio,OH,State Senate,18,general,Jerry Cirino,Republican,115754.0,60.5,True,False
2020,Ohio,OH,State Senate,18,general,Betsy Rader,Democratic,75535.0,39.5,False,False
2020,Ohio,OH,State Senate,20,general,Tim Schaffer,Republican,121844.0,69.5,True,True
2020,Ohio,OH,State Senate,20,general,Christian Johnson,Democratic,53477.0,30.5,False,False
2020,Ohio,OH,State Senate,22,general,Mark Romanchuk,Republican,130273.0,68.9,True,False
2020,Ohio,OH,State Senate,22,general,Ryan Hunger,Democratic,58924.0,31.1,False,False
2020,Ohio,OH,State Senate,24,general,Matt Dolan,Republican,112609.0,54.3,True,True
2020,Ohio,OH,State Senate,24,general,Tom Jackson,Democratic,94633.0,45.7,False,False
2020,Ohio,OH,State Senate,26,general,Bill Reineke,Republican,114776.0,70.6,True,False
2020,Ohio,OH,State Senate,26,general,Craig Swartz,Democratic,47050.0,28.9,False,False
2020,Ohio,OH,State Senate,26,general,Robert Taylor (write-in),Independent,824.0,0.5,False,False
2020,Ohio,OH,State Senate,28,general,Vernon Sykes,Democratic,88929.0,59.8,True,True
2020,Ohio,OH,State Senate,28,general,Michael Downey,Republican,59701.0,40.2,False,False
2020,Ohio,OH,State Senate,30,general,Frank Hoagland,Republican,110243.0,66.8,True,True
2020,Ohio,OH,State Senate,30,general,Michael Fletcher,Democratic,54694.0,33.2,False,False
2020,Ohio,OH,State Senate,32,general,Sandra O'Brien,Republican,77404.0,51.0,True,False
2020,Ohio,OH,State Senate,32,general,Sean O'Brien,Democratic,74367.0,49.0,False,True
2020,Oklahoma,OK,State Senate,1,general,Micheal Bergstrom,Republican,,,True,True
2020,Oklahoma,OK,State Senate,3,general,Blake Stephens,Republican,22988.0,79.5,True,False
2020,Oklahoma,OK,State Senate,3,general,Dyllon Fite,Democratic,5929.0,20.5,False,False
2020,Oklahoma,OK,State Senate,5,general,George Burns,Republican,21746.0,78.8,True,False
2020,Oklahoma,OK,State Senate,5,general,Randy Coleman,Democratic,5855.0,21.2,False,False
2020,Oklahoma,OK,State Senate,7,general,Warren Hamilton,Republican,18062.0,74.8,True,False
2020,Oklahoma,OK,State Senate,7,general,Jerry Donathan,Democratic,6085.0,25.2,False,False
2020,Oklahoma,OK,State Senate,9,general,Dewayne Pemberton,Republican,15719.0,58.1,True,True
2020,Oklahoma,OK,State Senate,9,general,Jack Reavis,Democratic,11333.0,41.9,False,False
2020,Oklahoma,OK,State Senate,11,general,Kevin Matthews,Democratic,,,True,True
2020,Oklahoma,OK,State Senate,13,general,Greg McCortney,Republican,,,True,True
2020,Oklahoma,OK,State Senate,15,general,Rob Standridge,Republican,24436.0,60.9,True,True
2020,Oklahoma,OK,State Senate,15,general,Alex Scott,Democratic,15680.0,39.1,False,False
2020,Oklahoma,OK,State Senate,17,general,Shane Jett,Republican,25395.0,76.5,True,False
2020,Oklahoma,OK,State Senate,17,general,Greg Sadler,Libertarian,7819.0,23.5,False,False
2020,Oklahoma,OK,State Senate,19,general,Roland Pederson,Republican,,,True,True
2020,Oklahoma,OK,State Senate,21,general,Tom J. Dugger,Republican,18774.0,64.0,True,True
2020,Oklahoma,OK,State Senate,21,general,Rick Dunham,Democratic,10577.0,36.0,False,False
2020,Oklahoma,OK,State Senate,23,general,Lonnie Paxton,Republican,,,True,True
2020,Oklahoma,OK,State Senate,25,general,Joe Newhouse,Republican,,,True,True
2020,Oklahoma,OK,State Senate,27,general,Casey Murdock,Republican,,,True,True
2020,Oklahoma,OK,State Senate,29,general,Julie Daniels,Republican,,,True,True
2020,Oklahoma,OK,State Senate,31,general,Chris Kidd,Republican,,,True,True
2020,Oklahoma,OK,State Senate,33,general,Nathan Dahm,Republican,,,True,True
2020,Oklahoma,OK,State Senate,35,general,Jo Anna Dossett,Democratic,18324.0,50.9,True,False
2020,Oklahoma,OK,State Senate,35,general,Cheryl Baber,Republican,17677.0,49.1,False,False
2020,Oklahoma,OK,State Senate,37,general,Cody Rogers,Republican,22693.0,67.1,True,False
2020,Oklahoma,OK,State Senate,37,general,Allison Ikley-Freeman,Democratic,11141.0,32.9,False,True
2020,Oklahoma,OK,State Senate,39,general,David Rader,Republican,20493.0,54.8,True,True
2020,Oklahoma,OK,State Senate,39,general,Shawna Mott-Wright,Democratic,16889.0,45.2,False,False
2020,Oklahoma,OK,State Senate,41,general,Adam Pugh,Republican,,,True,True
2020,Oklahoma,OK,State Senate,43,general,Jessica Garvin,Republican,30383.0,82.2,True,False
2020,Oklahoma,OK,State Senate,43,general,Terri Reimer,Democratic,6588.0,17.8,False,False
2020,Oklahoma,OK,State Senate,45,general,Paul Rosino,Republican,23352.0,67.2,True,True
2020,Oklahoma,OK,State Senate,45,general,Jennifer Wilkinson,Democratic,11373.0,32.8,False,False
2020,Oklahoma,OK,State Senate,47,general,Greg Treat,Republican,26647.0,57.5,True,True
2020,Oklahoma,OK,State Senate,47,general,Andrea Stone,Democratic,19732.0,42.5,False,False
2020,Oklahoma,OK,State Senate,28,general,Zack Taylor,Republican,,,True,False
2020,Pennsylvania,PA,State Senate,48,special general,David Arnold,Republican,18234.0,68.7,True,False
2020,Pennsylvania,PA,State Senate,48,special general,Michael Schroeder,Democratic,9950.0,35.3,False,False
2020,Rhode Island,RI,State Senate,1,general,Maryellen Goodwin,Democratic,7491.0,96.9,True,True
2020,Rhode Island,RI,State Senate,2,general,Ana Quezada,Democratic,6222.0,97.3,True,True
2020,Rhode Island,RI,State Senate,3,general,Gayle Goldin,Democratic,10850.0,97.1,True,True
2020,Rhode Island,RI,State Senate,4,general,Dominick J. Ruggerio,Democratic,9590.0,94.0,True,True
2020,Rhode Island,RI,State Senate,5,general,Sam Bell,Democratic,7656.0,96.8,True,True
2020,Rhode Island,RI,State Senate,6,general,Tiara Mack,Democratic,6722.0,88.8,True,False
2020,Rhode Island,RI,State Senate,6,general,Kevin Gilligan,Green,781.0,10.3,False,False
2020,Rhode Island,RI,State Senate,7,general,Frank Ciccone,Democratic,6877.0,96.5,True,True
2020,Rhode Island,RI,State Senate,8,general,Sandra Cano,Democratic,6606.0,71.4,True,True
2020,Rhode Island,RI,State Senate,8,general,Richard Karsulavitch,Republican,2610.0,28.2,False,False
2020,Rhode Island,RI,State Senate,9,general,John Burke,Democratic,7367.0,58.5,True,False
2020,Rhode Island,RI,State Senate,9,general,Jeffery Kozlin,Republican,5200.0,41.3,False,False
2020,Rhode Island,RI,State Senate,10,general,Walter Felag,Democratic,9245.0,64.1,True,True
2020,Rhode Island,RI,State Senate,10,general,Mark Smiley,Republican,5145.0,35.7,False,False
2020,Rhode Island,RI,State Senate,11,general,James Seveney,Democratic,10927.0,96.2,True,True
2020,Rhode Island,RI,State Senate,12,general,Louis DiPalma,Democratic,11686.0,97.1,True,True
2020,Rhode Island,RI,State Senate,13,general,Dawn Euer,Democratic,10103.0,96.8,True,True
2020,Rhode Island,RI,State Senate,14,general,Valerie Lawson,Democratic,8062.0,72.3,True,True
2020,Rhode Island,RI,State Senate,14,general,Major Pettaway,Independent (politician),3017.0,27.1,False,False
2020,Rhode Island,RI,State Senate,15,general,Meghan Kallman,Democratic,7812.0,96.8,True,False
2020,Rhode Island,RI,State Senate,16,general,Jonathon Acosta,Democratic,4838.0,95.3,True,False
2020,Rhode Island,RI,State Senate,17,general,Thomas Paolino,Republican,9456.0,59.1,True,True
2020,Rhode Island,RI,State Senate,17,general,John Douglas Barr II,Democratic,6510.0,40.7,False,False
2020,Rhode Island,RI,State Senate,18,general,Cynthia Mendes,Democratic,10013.0,94.8,True,False
2020,Rhode Island,RI,State Senate,19,general,Ryan W. Pearson,Democratic,11338.0,95.3,True,True
2020,Rhode Island,RI,State Senate,20,general,Roger Picard,Democratic,8989.0,96.6,True,True
2020,Rhode Island,RI,State Senate,21,general,Gordon Rogers,Republican,12314.0,95.2,True,True
2020,Rhode Island,RI,State Senate,22,general,Stephen Archambault,Democratic,7282.0,50.2,True,True
2020,Rhode Island,RI,State Senate,22,general,Paul Santucci,Republican,6053.0,42.1,False,False
2020,Rhode Island,RI,State Senate,22,general,Stephen Tocco,Independent (politician),1004.0,7.0,False,False
2020,Rhode Island,RI,State Senate,23,general,Jessica de la Cruz,Republican,10361.0,66.5,True,True
2020,Rhode Island,RI,State Senate,23,general,Paul Roselli,Democratic,5131.0,32.9,False,False
2020,Rhode Island,RI,State Senate,24,general,Melissa Murray,Democratic,6771.0,95.4,True,True
2020,Rhode Island,RI,State Senate,25,general,Frank Lombardo,Democratic,10829.0,95.8,True,True
2020,Rhode Island,RI,State Senate,26,general,Frank Lombardi,Democratic,8074.0,61.1,True,True
2020,Rhode Island,RI,State Senate,26,general,Anthony Fagundes Sr.,Republican,5090.0,38.5,False,False
2020,Rhode Island,RI,State Senate,27,general,Hanna Gallo,Democratic,8079.0,54.7,True,True
2020,Rhode Island,RI,State Senate,27,general,Pat Cortellessa,Republican,5865.0,39.7,False,False
2020,Rhode Island,RI,State Senate,27,general,Jonathan Keith,Independent (politician),813.0,5.5,False,False
2020,Rhode Island,RI,State Senate,28,general,Joshua Miller,Democratic,8259.0,70.0,True,True
2020,Rhode Island,RI,State Senate,28,general,Robert Schattle,Independent (politician),3472.0,29.4,False,False
2020,Rhode Island,RI,State Senate,29,general,Michael McCaffrey,Democratic,9751.0,65.5,True,True
2020,Rhode Island,RI,State Senate,29,general,Jean Trafford,Republican,5044.0,33.9,False,False
2020,Rhode Island,RI,State Senate,30,general,Jeanine Calkin,Democratic,10611.0,92.4,True,False
2020,Rhode Island,RI,State Senate,31,general,Kendra Anderson,Democratic,8221.0,54.4,True,False
2020,Rhode Island,RI,State Senate,31,general,Scott Zambarano,Republican,6871.0,45.5,False,False
2020,Rhode Island,RI,State Senate,32,general,Cynthia Armour Coyne,Democratic,13122.0,95.7,True,True
2020,Rhode Island,RI,State Senate,33,general,Leonidas Raptakis,Democratic,11610.0,94.0,True,True
2020,Rhode Island,RI,State Senate,34,general,Elaine J. Morgan,Republican,8967.0,54.0,True,True
2020,Rhode Island,RI,State Senate,34,general,Jennifer Douglas,Democratic,7618.0,45.9,False,False
2020,Rhode Island,RI,State Senate,35,general,Bridget Valverde,Democratic,9363.0,55.5,True,True
2020,Rhode Island,RI,State Senate,35,general,Charles Callanan,Republican,7479.0,44.3,False,False
2020,Rhode Island,RI,State Senate,36,general,Alana DiMario,Democratic,8609.0,50.1,True,False
2020,Rhode Island,RI,State Senate,36,general,Doreen Costa,Republican,6770.0,39.4,False,False
2020,Rhode Island,RI,State Senate,36,general,Matthew Mannix,Independent (politician),1779.0,10.4,False,False
2020,Rhode Island,RI,State Senate,37,general,V. Susan Sosnowski,Democratic,10129.0,69.2,True,True
2020,Rhode Island,RI,State Senate,37,general,David Tacey,Republican,4453.0,30.4,False,False
2020,Rhode Island,RI,State Senate,38,general,Dennis Algiere,Republican,12327.0,96.0,True,True
2020,South Carolina,SC,State Senate,3,special general,Richard Cash,Republican,3035.0,81.7,True,False
2020,South Carolina,SC,State Senate,20,special general,Benjamin Dunn,Republican,19481.0,47.6,False,False
2020,South Carolina,SC,State Senate,20,special general,Dick Harpootlian,Democratic,21408.0,52.3,True,False
2020,South Carolina,SC,State Senate,6,special general,Dwight Loftis,Republican,4440.0,55.6,True,False
2020,South Carolina,SC,State Senate,6,special general,Tina Belge,Democratic,3537.0,44.3,False,False
2020,South Carolina,SC,State Senate,1,general,Thomas C. Alexander,Republican,39794.0,98.0,True,False
2020,South Carolina,SC,State Senate,2,general,Rex Rice,Republican,44116.0,98.1,True,False
2020,South Carolina,SC,State Senate,3,general,Richard Cash,Republican,44446.0,74.0,True,True
2020,South Carolina,SC,State Senate,3,general,Judith Polson,Democratic,15533.0,25.9,False,False
2020,South Carolina,SC,State Senate,4,general,Michael Gambrell,Republican,31129.0,72.7,True,True
2020,South Carolina,SC,State Senate,4,general,Jose Villa,Democratic,11651.0,27.2,False,False
2020,South Carolina,SC,State Senate,5,general,Tom Corbin,Republican,44808.0,76.1,True,True
2020,South Carolina,SC,State Senate,5,general,Michael McCord,Democratic,14013.0,23.8,False,False
2020,South Carolina,SC,State Senate,6,general,Dwight Loftis,Republican,33300.0,65.1,True,True
2020,South Carolina,SC,State Senate,6,general,Hao Wu,Democratic,17768.0,34.8,False,False
2020,South Carolina,SC,State Senate,7,general,Karl B. Allen,Democratic,26672.0,62.5,True,True
2020,South Carolina,SC,State Senate,7,general,Jack Logan,Republican,15886.0,37.2,False,False
2020,South Carolina,SC,State Senate,8,general,Ross Turner,Republican,49180.0,96.4,True,True
2020,South Carolina,SC,State Senate,9,general,Danny Verdin,Republican,39049.0,96.9,True,True
2020,South Carolina,SC,State Senate,10,general,Billy Garrett,Republican,23989.0,56.0,True,False
2020,South Carolina,SC,State Senate,10,general,Floyd Nicholson,Democratic,18841.0,43.9,False,True
2020,South Carolina,SC,State Senate,11,general,Josh Kimbrell,Republican,26117.0,55.3,True,False
2020,South Carolina,SC,State Senate,11,general,Glenn Reese,Democratic,21005.0,44.5,False,True
2020,South Carolina,SC,State Senate,12,general,Scott Talley,Republican,42201.0,64.9,True,True
2020,South Carolina,SC,State Senate,12,general,Dawn Bingham,Democratic,22759.0,35.0,False,False
2020,South Carolina,SC,State Senate,13,general,Shane Martin,Republican,43138.0,97.2,True,True
2020,South Carolina,SC,State Senate,14,general,Harvey S. Peeler Jr.,Republican,42377.0,83.9,True,True
2020,South Carolina,SC,State Senate,14,general,Sarah Work,Alliance,7928.0,15.7,False,False
2020,South Carolina,SC,State Senate,15,general,Wes Climer,Republican,39121.0,60.2,True,True
2020,South Carolina,SC,State Senate,15,general,Vickie Holt,Democratic,25848.0,39.8,False,False
2020,South Carolina,SC,State Senate,16,general,Michael Johnson,Republican,48801.0,63.2,True,False
2020,South Carolina,SC,State Senate,16,general,Ramin Mammadov,Democratic,28287.0,36.7,False,False
2020,South Carolina,SC,State Senate,17,general,Mike Fanning,Democratic,26724.0,51.5,True,True
2020,South Carolina,SC,State Senate,17,general,Erin Mosley,Republican,25114.0,48.4,False,False
2020,South Carolina,SC,State Senate,18,general,Ronnie Cromer,Republican,46032.0,72.2,True,True
2020,South Carolina,SC,State Senate,18,general,Christopher Thibault,Democratic,17639.0,27.7,False,False
2020,South Carolina,SC,State Senate,19,general,John L. Scott Jr.,Democratic,42097.0,98.8,True,True
2020,South Carolina,SC,State Senate,20,general,Dick Harpootlian,Democratic,29227.0,53.2,True,True
2020,South Carolina,SC,State Senate,20,general,Benjamin Dunn,Republican,25562.0,46.6,False,False
2020,South Carolina,SC,State Senate,21,general,Darrell Jackson,Democratic,33279.0,97.9,True,True
2020,South Carolina,SC,State Senate,22,general,Mia McLeod,Democratic,35438.0,62.2,True,True
2020,South Carolina,SC,State Senate,22,general,Lee Blatt,Republican,21525.0,37.8,False,False
2020,South Carolina,SC,State Senate,23,general,Katrina Shealy,Republican,34050.0,72.5,True,True
2020,South Carolina,SC,State Senate,23,general,Bill Brown,Democratic,12849.0,27.4,False,False
2020,South Carolina,SC,State Senate,24,general,Tom Young Jr.,Republican,43148.0,97.0,True,True
2020,South Carolina,SC,State Senate,25,general,A. Shane Massey,Republican,37009.0,69.5,True,True
2020,South Carolina,SC,State Senate,25,general,Shirley Green Fayson,Democratic,16153.0,30.4,False,False
2020,South Carolina,SC,State Senate,26,general,Nikki G. Setzler,Democratic,23378.0,54.4,True,True
2020,South Carolina,SC,State Senate,26,general,Chris Smith,Republican,19538.0,45.5,False,False
2020,South Carolina,SC,State Senate,27,general,Penry Gustafson,Republican,22294.0,51.0,True,False
2020,South Carolina,SC,State Senate,27,general,Vincent Sheheen,Democratic,21406.0,48.9,False,True
2020,South Carolina,SC,State Senate,28,general,Greg Hembree,Republican,48996.0,98.4,True,True
2020,South Carolina,SC,State Senate,29,general,Gerald Malloy,Democratic,22877.0,53.7,True,True
2020,South Carolina,SC,State Senate,29,general,JD Chaplin,Republican,19693.0,46.2,False,False
2020,South Carolina,SC,State Senate,30,general,Kent M. Williams,Democratic,32882.0,97.9,True,True
2020,South Carolina,SC,State Senate,31,general,Hugh Leatherman,Republican,37168.0,97.3,True,True
2020,South Carolina,SC,State Senate,32,general,Ronnie A. Sabb,Democratic,27284.0,60.6,True,True
2020,South Carolina,SC,State Senate,32,general,David Ellison,Republican,17714.0,39.3,False,False
2020,South Carolina,SC,State Senate,33,general,Luke A. Rankin,Republican,49492.0,97.0,True,True
2020,South Carolina,SC,State Senate,34,general,Stephen Goldfinch,Republican,54384.0,66.7,True,True
2020,South Carolina,SC,State Senate,34,general,Emily Cegledy,Democratic,27081.0,33.2,False,False
2020,South Carolina,SC,State Senate,35,general,Thomas McElveen,Democratic,36210.0,96.2,True,True
2020,South Carolina,SC,State Senate,36,general,Kevin L. Johnson,Democratic,25183.0,57.4,True,True
2020,South Carolina,SC,State Senate,36,general,Leon Winn,Republican,18611.0,42.5,False,False
2020,South Carolina,SC,State Senate,37,general,Larry Grooms,Republican,42915.0,58.7,True,True
2020,South Carolina,SC,State Senate,37,general,Kathryn Whitaker,Democratic,28266.0,38.6,False,False
2020,South Carolina,SC,State Senate,37,general,Steve French,Libertarian,1909.0,2.6,False,False
2020,South Carolina,SC,State Senate,38,general,Sean Bennett,Republican,35068.0,58.8,True,True
2020,South Carolina,SC,State Senate,38,general,John Lowe,Democratic,24462.0,41.1,False,False
2020,South Carolina,SC,State Senate,39,general,Vernon Stephens,Democratic,25351.0,56.5,True,False
2020,South Carolina,SC,State Senate,39,general,Tom Connor,Republican,19500.0,43.4,False,False
2020,South Carolina,SC,State Senate,40,general,Brad Hutto,Democratic,28958.0,97.6,True,True
2020,South Carolina,SC,State Senate,41,general,Sandy Senn,Republican,37234.0,50.9,True,True
2020,South Carolina,SC,State Senate,41,general,Sam Skardon,Democratic,35926.0,49.0,False,False
2020,South Carolina,SC,State Senate,42,general,Marlon Kimpson,Democratic,35299.0,98.0,True,True
2020,South Carolina,SC,State Senate,43,general,Chip Campsen,Republican,37938.0,56.2,True,True
2020,South Carolina,SC,State Senate,43,general,Richard Hricik,Democratic,29550.0,43.7,False,False
2020,South Carolina,SC,State Senate,44,general,Brian Adams,Republican,31472.0,57.0,True,False
2020,South Carolina,SC,State Senate,44,general,Debbie Bryant,Democratic,23667.0,42.9,False,False
2020,South Carolina,SC,State Senate,45,general,Margie Bright Matthews,Democratic,28767.0,59.4,True,True
2020,South Carolina,SC,State Senate,45,general,Rodney Buncum,Republican,19608.0,40.5,False,False
2020,South Carolina,SC,State Senate,46,general,Tom Davis,Republican,48142.0,65.7,True,True
2020,South Carolina,SC,State Senate,46,general,Nathan Campbell,Democratic,25045.0,34.2,False,False
2020,South Dakota,SD,State Senate,1,general,Michael H. Rohl,Republican,6051.0,55.19,True,False
2020,South Dakota,SD,State Senate,1,general,Susan Wismer,Democratic,4913.0,44.81,False,True
2020,South Dakota,SD,State Senate,2,general,Brock L. Greenfield,Republican,8154.0,100.0,True,True
2020,South Dakota,SD,State Senate,3,general,Al Novstrup,Republican,7496.0,100.0,True,True
2020,South Dakota,SD,State Senate,4,general,John Wiik,Republican,9538.0,82.62,True,True
2020,South Dakota,SD,State Senate,4,general,Daryl Root,Libertarian,2007.0,17.38,False,False
2020,South Dakota,SD,State Senate,5,general,Lee Schoenbeck,Republican,8272.0,79.04,True,True
2020,South Dakota,SD,State Senate,5,general,Adam Jewell,Libertarian,2193.0,20.96,False,False
2020,South Dakota,SD,State Senate,6,general,Herman Otten,Republican,10194.0,66.74,True,False
2020,South Dakota,SD,State Senate,6,general,Nancy Kirstein,Democratic,5081.0,33.26,False,False
2020,South Dakota,SD,State Senate,7,general,V.J. Smith,Republican,6650.0,100.0,True,True
2020,South Dakota,SD,State Senate,8,general,Casey Crabtree,Republican,7829.0,100.0,True,True
2020,South Dakota,SD,State Senate,9,general,Wayne H. Steinhauer,Republican,7654.0,57.96,True,True
2020,South Dakota,SD,State Senate,9,general,"Suzanne ""Suzie"" Jones Pranger",Democratic,5552.0,42.04,False,False
2020,South Dakota,SD,State Senate,10,general,Maggie Sutton,Republican,7205.0,100.0,True,True
2020,South Dakota,SD,State Senate,11,general,Jim Stalzer,Republican,8244.0,60.47,True,True
2020,South Dakota,SD,State Senate,11,general,Tom Cool,Democratic,5389.0,39.53,False,False
2020,South Dakota,SD,State Senate,12,general,R Blake Curd,Republican,6599.0,54.07,True,True
2020,South Dakota,SD,State Senate,12,general,Jessica Meyers,Democratic,5606.0,45.93,False,False
2020,South Dakota,SD,State Senate,13,general,Jack Kolbeck,Republican,7490.0,56.28,True,True
2020,South Dakota,SD,State Senate,13,general,"Elizabeth ""Liz"" Larson",Democratic,5819.0,43.72,False,False
2020,South Dakota,SD,State Senate,14,general,Larry P. Zikmund,Republican,7391.0,56.0,True,False
2020,South Dakota,SD,State Senate,14,general,Timothy Reed,Democratic,5808.0,44.0,False,False
2020,South Dakota,SD,State Senate,15,general,Reynold F. Nesiba,Democratic,4127.0,54.75,True,True
2020,South Dakota,SD,State Senate,15,general,Thor Bardon,Republican,3411.0,45.25,False,False
2020,South Dakota,SD,State Senate,16,general,David L. Anderson,Republican,8383.0,100.0,True,True
2020,South Dakota,SD,State Senate,17,general,Arthur Rusch,Republican,6285.0,63.87,True,True
2020,South Dakota,SD,State Senate,17,general,Ailee Johns,Democratic,3122.0,31.72,False,False
2020,South Dakota,SD,State Senate,17,general,Gregory Baldwin,Libertarian,434.0,4.41,False,False
2020,South Dakota,SD,State Senate,18,general,Jean Hunhoff,Republican,6341.0,59.85,True,False
2020,South Dakota,SD,State Senate,18,general,Jordan Foos,Democratic,4255.0,40.15,False,False
2020,South Dakota,SD,State Senate,19,general,Kyle Schoenfish,Republican,9766.0,100.0,True,True
2020,South Dakota,SD,State Senate,20,general,Joshua Klumb,Republican,8516.0,85.09,True,True
2020,South Dakota,SD,State Senate,20,general,Alexander Martin,Libertarian,1492.0,14.91,False,False
2020,South Dakota,SD,State Senate,21,general,Erin Tobin,Republican,7629.0,79.21,True,False
2020,South Dakota,SD,State Senate,21,general,Dan Kerner Andersson,Democratic,2002.0,20.79,False,False
2020,South Dakota,SD,State Senate,22,general,David Wheeler,Republican,7397.0,100.0,True,False
2020,South Dakota,SD,State Senate,23,general,Bryan J. Breitling,Republican,9519.0,89.56,True,False
2020,South Dakota,SD,State Senate,23,general,CJ Abernathey,Libertarian,1110.0,10.44,False,False
2020,South Dakota,SD,State Senate,24,general,Mary Duvall,Republican,9254.0,100.0,True,False
2020,South Dakota,SD,State Senate,25,general,Marsha Symens,Republican,7580.0,58.86,True,False
2020,South Dakota,SD,State Senate,25,general,Rick W Knobe,Independent,4205.0,32.65,False,False
2020,South Dakota,SD,State Senate,25,general,Seth William Van't Hof,Independent,1093.0,8.49,False,False
2020,South Dakota,SD,State Senate,26,general,Troy Heinert,Democratic,4416.0,52.84,True,True
2020,South Dakota,SD,State Senate,26,general,Joel Koskan,Republican,3941.0,47.16,False,False
2020,South Dakota,SD,State Senate,27,general,Red Dawn Foster,Democratic,3829.0,56.25,True,True
2020,South Dakota,SD,State Senate,27,general,Judd W Schomp,Republican,2978.0,43.75,False,False
2020,South Dakota,SD,State Senate,28,general,Ryan M. Maher,Republican,7506.0,100.0,True,True
2020,South Dakota,SD,State Senate,29,general,Gary L. Cammack,Republican,9350.0,77.88,True,True
2020,South Dakota,SD,State Senate,29,general,Kent Wilsey,Libertarian,2656.0,22.12,False,False
2020,South Dakota,SD,State Senate,30,general,Julie Frye-Mueller,Republican,10043.0,71.28,True,False
2020,South Dakota,SD,State Senate,30,general,A. Gideon Oakes,Libertarian,4046.0,28.72,False,False
2020,South Dakota,SD,State Senate,31,general,Timothy R. Johns,Republican,9911.0,100.0,True,False
2020,South Dakota,SD,State Senate,32,general,Helene Duhamel,Republican,7397.0,64.1,True,True
2020,South Dakota,SD,State Senate,32,general,Michael Calabrese,Democratic,4143.0,35.9,False,False
2020,South Dakota,SD,State Senate,33,general,David Johnson,Republican,11369.0,68.13,True,False
2020,South Dakota,SD,State Senate,33,general,Ryan A. Ryder,Democratic,5317.0,31.87,False,False
2020,South Dakota,SD,State Senate,34,general,Michael G Diedrich,Republican,8079.0,64.38,True,False
2020,South Dakota,SD,State Senate,34,general,George Nelson,Democratic,4470.0,35.62,False,False
2020,South Dakota,SD,State Senate,35,general,Jessica Castleberry,Republican,6012.0,61.6,True,True
2020,South Dakota,SD,State Senate,35,general,Brian Gentry,Democratic,3747.0,38.4,False,False
2020,Tennessee,TN,State Senate,2,general,Art Swann,Republican,79674.0,97.82,True,True
2020,Tennessee,TN,State Senate,2,general,Patti Larimer Young,Write-in,1774.0,2.18,False,False
2020,Tennessee,TN,State Senate,4,general,Jon Lundberg,Republican,65638.0,79.06,True,True
2020,Tennessee,TN,State Senate,4,general,Amber Riddle,Democratic,17381.0,20.94,False,False
2020,Tennessee,TN,State Senate,6,general,Becky Duncan Massey,Republican,61286.0,63.14,True,True
2020,Tennessee,TN,State Senate,6,general,Jane George,Democratic,35785.0,36.87,False,False
2020,Tennessee,TN,State Senate,8,general,Frank S. Niceley,Republican,59713.0,100.0,True,True
2020,Tennessee,TN,State Senate,10,general,Todd Gardenhire,Republican,45049.0,53.16,True,True
2020,Tennessee,TN,State Senate,10,general,Glenn Scruggs,Democratic,39688.0,46.84,False,False
2020,Tennessee,TN,State Senate,12,general,Ken Yager,Republican,69042.0,100.0,True,True
2020,Tennessee,TN,State Senate,14,general,Shane Reeves,Republican,62351.0,71.84,True,True
2020,Tennessee,TN,State Senate,14,general,Chase Clemons,Democratic,24440.0,28.16,False,False
2020,Tennessee,TN,State Senate,16,general,Janice Bowling,Republican,62379.0,76.01,True,True
2020,Tennessee,TN,State Senate,16,general,Sheila Younglove,Democratic,19687.0,23.99,False,False
2020,Tennessee,TN,State Senate,18,general,Ferrell Haile,Republican,68141.0,72.18,True,True
2020,Tennessee,TN,State Senate,18,general,John A. Gentry,Independent,26261.0,27.82,False,False
2020,Tennessee,TN,State Senate,20,general,Heidi Campbell,Democratic,58746.0,51.76,True,False
2020,Tennessee,TN,State Senate,20,general,Steven Dickerson,Republican,54755.0,48.24,False,True
2020,Tennessee,TN,State Senate,22,general,Bill Powers,Republican,49767.0,62.09,True,True
2020,Tennessee,TN,State Senate,22,general,Ronnie Glynn,Democratic,30383.0,37.91,False,False
2020,Tennessee,TN,State Senate,24,general,John Stevens,Republican,63532.0,87.84,True,True
2020,Tennessee,TN,State Senate,24,general,Yahweh Yahweh,Independent,8795.0,12.16,False,False
2020,Tennessee,TN,State Senate,26,general,Page Walley,Republican,62701.0,75.89,True,False
2020,Tennessee,TN,State Senate,26,general,Civil Miller-Watkins,Democratic,19918.0,24.11,False,False
2020,Tennessee,TN,State Senate,28,general,Joey Hensley,Republican,65050.0,78.44,True,True
2020,Tennessee,TN,State Senate,28,general,James Anthony Gray,Independent,17872.0,21.55,False,False
2020,Tennessee,TN,State Senate,28,general,James R. Trusty,Write-in,3.0,0.0,False,False
2020,Tennessee,TN,State Senate,30,general,Sara Kyle,Democratic,43895.0,100.0,True,True
2020,Tennessee,TN,State Senate,32,general,Paul Rose,Republican,70649.0,69.12,True,True
2020,Tennessee,TN,State Senate,32,general,Julie Byrd Ashworth,Democratic,31571.0,30.89,False,False
2020,Texas,TX,State Senate,1,general,Bryan Hughes,Republican,267404.0,75.26,True,True
2020,Texas,TX,State Senate,1,general,Audrey Spanko,Democratic,87885.0,24.74,False,False
2020,Texas,TX,State Senate,4,general,Brandon Creighton,Republican,281105.0,67.35,True,True
2020,Texas,TX,State Senate,4,general,Jay Stittleburg,Democratic,126019.0,30.19,False,False
2020,Texas,TX,State Senate,4,general,Cameron Brock,Libertarian,10277.0,2.46,False,False
2020,Texas,TX,State Senate,6,general,Carol Alvarado,Democratic,137895.0,84.05,True,True
2020,Texas,TX,State Senate,6,general,Timothy Duffield,Libertarian,26166.0,15.95,False,False
2020,Texas,TX,State Senate,11,general,Larry Taylor,Republican,231268.0,59.45,True,True
2020,Texas,TX,State Senate,11,general,Susan Criss,Democratic,148225.0,38.1,False,False
2020,Texas,TX,State Senate,11,general,Jared Wissel,Libertarian,9519.0,2.45,False,False
2020,Texas,TX,State Senate,12,general,Jane Nelson,Republican,293399.0,62.29,True,True
2020,Texas,TX,State Senate,12,general,Shadi Zitoon,Democratic,177610.0,37.71,False,False
2020,Texas,TX,State Senate,13,general,Borris Miles,Democratic,200195.0,80.47,True,True
2020,Texas,TX,State Senate,13,general,Milinda Morris,Republican,48581.0,19.53,False,False
2020,Texas,TX,State Senate,18,general,Lois Kolkhorst,Republican,277872.0,65.79,True,True
2020,Texas,TX,State Senate,18,general,Michael Antalan,Democratic,144489.0,34.21,False,False
2020,Texas,TX,State Senate,19,general,Roland Gutierrez,Democratic,158726.0,49.85,True,False
2020,Texas,TX,State Senate,19,general,Pete Flores,Republican,148213.0,46.55,False,True
2020,Texas,TX,State Senate,19,general,Jo-Anne Valvdivia,Libertarian,11465.0,3.6,False,False
2020,Texas,TX,State Senate,20,general,Juan Hinojosa,Democratic,154311.0,58.48,True,True
2020,Texas,TX,State Senate,20,general,Judith Cutright,Republican,109563.0,41.52,False,False
2020,Texas,TX,State Senate,21,general,Judith Zaffirini,Democratic,167672.0,60.14,True,True
2020,Texas,TX,State Senate,21,general,Frank Pomeroy,Republican,111142.0,39.86,False,False
2020,Texas,TX,State Senate,22,general,Brian Birdwell,Republican,257208.0,68.45,True,True
2020,Texas,TX,State Senate,22,general,Robert Vick,Democratic,118538.0,31.55,False,False
2020,Texas,TX,State Senate,24,general,Dawn Buckingham,Republican,264517.0,69.54,True,True
2020,Texas,TX,State Senate,24,general,Clayton Tucker,Democratic,115853.0,30.46,False,False
2020,Texas,TX,State Senate,26,general,Jose Menendez,Democratic,199829.0,79.99,True,True
2020,Texas,TX,State Senate,26,general,Julian Villarreal,Green,50004.0,20.01,False,False
2020,Texas,TX,State Senate,27,general,Eddie Lucio Jr.,Democratic,134035.0,64.81,True,True
2020,Texas,TX,State Senate,27,general,Vanessa Tijerina,Republican,72768.0,35.19,False,False
2020,Texas,TX,State Senate,28,general,Charles Perry,Republican,248025.0,100.0,True,True
2020,Texas,TX,State Senate,29,general,Cesar Blanco,Democratic,176360.0,67.32,True,False
2020,Texas,TX,State Senate,29,general,Bethany Hatch,Republican,85619.0,32.68,False,False
2020,Texas,TX,State Senate,14,special general,Sarah Eckhardt,Democratic,59267.0,49.7,True,False
2020,Texas,TX,State Senate,14,special general,Eddie Rodriguez,Democratic,40384.0,33.8,False,False
2020,Texas,TX,State Senate,14,special general,Donald Zimmerman,Republican,15565.0,13.0,False,False
2020,Texas,TX,State Senate,14,special general,Waller Thomas Burns II,Republican,1442.0,1.2,False,False
2020,Texas,TX,State Senate,14,special general,Jeff Ridgeway,Independent,1386.0,1.2,False,False
2020,Texas,TX,State Senate,14,special general,Pat Dixon,Libertarian,1306.0,1.1,False,False
2020,Texas,TX,State Senate,30,special general,Shelley Luther,Republican,47281.0,43.55,True,False
2020,Texas,TX,State Senate,30,special general,Drew Springer Jr.,Republican,54570.0,56.45,True,False
2020,Texas,TX,State Senate,30,special general,Jacob Minter,Democratic,14572.0,21.2,False,False
2020,Texas,TX,State Senate,30,special general,Christopher Watts,Republican,4284.0,6.2,False,False
2020,Texas,TX,State Senate,30,special general,Craig Carter,Republican,3413.0,5.0,False,False
2020,Texas,TX,State Senate,30,special general,Andy Hopper,Republican,2432.0,3.5,False,False
2020,Utah,UT,State Senate,1,general,Luz Escamilla,Democratic,17764.0,64.7,True,True
2020,Utah,UT,State Senate,1,general,Jim Whited,Republican,9681.0,35.3,False,False
2020,Utah,UT,State Senate,6,general,Wayne Harper,Republican,23525.0,55.6,True,True
2020,Utah,UT,State Senate,6,general,Erika Larsen,Democratic,18774.0,44.4,False,False
2020,Utah,UT,State Senate,7,general,Mike McKell,Republican,39515.0,77.7,True,False
2020,Utah,UT,State Senate,7,general,Emily Bergeson,United Utah,11351.0,22.3,False,False
2020,Utah,UT,State Senate,8,general,Kathleen Riebe,Democratic,28811.0,56.6,True,True
2020,Utah,UT,State Senate,8,general,Brian Zehnder,Republican,22078.0,43.4,False,False
2020,Utah,UT,State Senate,10,general,Lincoln Fillmore,Republican,44126.0,65.2,True,True
2020,Utah,UT,State Senate,10,general,Dan McClellan,Democratic,23586.0,34.8,False,False
2020,Utah,UT,State Senate,13,general,Jake Anderegg,Republican,63825.0,100.0,True,True
2020,Utah,UT,State Senate,14,general,Dan Hemmert,Republican,47716.0,100.0,True,True
2020,Utah,UT,State Senate,16,general,Curt Bramble,Republican,27227.0,100.0,True,True
2020,Utah,UT,State Senate,19,general,John Johnson,Republican,27728.0,57.1,True,False
2020,Utah,UT,State Senate,19,general,Katy Owens,Democratic,20857.0,42.9,False,False
2020,Utah,UT,State Senate,20,general,D. Gregg Buxton,Republican,42693.0,100.0,True,True
2020,Utah,UT,State Senate,23,general,Todd Weiler,Republican,40575.0,93.9,True,True
2020,Utah,UT,State Senate,23,general,Marci Green Campbell (Write-in),Independent,2656.0,6.1,False,False
2020,Utah,UT,State Senate,24,general,Derrin Owens,Republican,41010.0,90.2,True,False
2020,Utah,UT,State Senate,24,general,Warren Rogers,Independent,4441.0,9.8,False,False
2020,Utah,UT,State Senate,25,general,Chris H. Wilson,Republican,32677.0,71.4,True,False
2020,Utah,UT,State Senate,25,general,Nancy Huntly,Democratic,13075.0,28.6,False,False
2020,Utah,UT,State Senate,27,general,David Hinkins,Republican,38205.0,100.0,True,True
2020,Utah,UT,State Senate,29,general,Don Ipson,Republican,45543.0,77.0,True,True
2020,Utah,UT,State Senate,29,general,Chuck Goode,Democratic,13581.0,23.0,False,False
2020,West Virginia,WV,State Senate,1,general,Ryan Weld,Republican,23593.0,53.1,True,True
2020,West Virginia,WV,State Senate,1,general,Randy Swartzmiller,Democratic,20836.0,46.9,False,False
2020,West Virginia,WV,State Senate,2,general,Mike Maroney,Republican,24761.0,56.2,True,True
2020,West Virginia,WV,State Senate,2,general,Josh Gary,Democratic,19269.0,43.8,False,False
2020,West Virginia,WV,State Senate,3,general,Donna Boley,Republican,29630.0,66.3,True,True
2020,West Virginia,WV,State Senate,3,general,Robert Wilson Jr.,Democratic,11706.0,26.2,False,False
2020,West Virginia,WV,State Senate,3,general,Travis Shultz,Libertarian,3363.0,7.5,False,False
2020,West Virginia,WV,State Senate,4,general,Amy Nichole Grady,Republican,33206.0,70.7,True,False
2020,West Virginia,WV,State Senate,4,general,Bruce Ashworth,Democratic,11885.0,25.3,False,False
2020,West Virginia,WV,State Senate,4,general,Loyd Butcher,Libertarian,1895.0,4.0,False,False
2020,West Virginia,WV,State Senate,5,general,Robert H. Plymale,Democratic,22349.0,53.4,True,True
2020,West Virginia,WV,State Senate,5,general,Charles Shaffer,Republican,19478.0,46.6,False,False
2020,West Virginia,WV,State Senate,6,general,Chandler Swope,Republican,33553.0,100.0,True,True
2020,West Virginia,WV,State Senate,7,general,Rupie Phillips,Republican,20484.0,56.2,True,False
2020,West Virginia,WV,State Senate,7,general,Ralph Rodighiero,Democratic,15965.0,43.8,False,False
2020,West Virginia,WV,State Senate,8,general,Glenn Jeffries,Democratic,23243.0,55.8,True,True
2020,West Virginia,WV,State Senate,8,general,Kathie Hess Crouse,Republican,18427.0,44.2,False,False
2020,West Virginia,WV,State Senate,9,general,David Stover,Republican,35141.0,100.0,True,False
2020,West Virginia,WV,State Senate,10,general,Jack Woodrum,Republican,25191.0,58.6,True,False
2020,West Virginia,WV,State Senate,10,general,William Laird IV,Democratic,17812.0,41.4,False,False
2020,West Virginia,WV,State Senate,11,general,Robert Karnes,Republican,23229.0,51.3,True,False
2020,West Virginia,WV,State Senate,11,general,Denise Campbell,Democratic,22018.0,48.7,False,False
2020,West Virginia,WV,State Senate,12,general,Patrick Martin,Republican,26066.0,57.0,True,False
2020,West Virginia,WV,State Senate,12,general,Doug Facemire,Democratic,19699.0,43.0,False,True
2020,West Virginia,WV,State Senate,13,general,Mike Caputo,Democratic,25870.0,56.8,True,False
2020,West Virginia,WV,State Senate,13,general,Rebecca Polis,Republican,20178.0,43.2,False,False
2020,West Virginia,WV,State Senate,14,general,Randy Smith,Republican,35191.0,72.6,True,True
2020,West Virginia,WV,State Senate,14,general,David Childers,Democratic,13254.0,27.3,False,False
2020,West Virginia,WV,State Senate,15,general,Craig Blair,Republican,41560.0,80.1,True,True
2020,West Virginia,WV,State Senate,15,general,Donald Kinnie,Mountain,10324.0,19.9,False,False
2020,West Virginia,WV,State Senate,16,general,Patricia Rucker,Republican,24928.0,52.2,True,True
2020,West Virginia,WV,State Senate,16,general,Pete Dougherty,Democratic,22803.0,47.8,False,False
2020,West Virginia,WV,State Senate,17,general,Eric Nelson,Republican,23584.0,53.7,True,False
2020,West Virginia,WV,State Senate,17,general,Andrew Robinson,Democratic,20364.0,46.3,False,False
2020,Wyoming,WY,State Senate,2,general,Brian Boner,Republican,9372.0,100.0,True,True
2020,Wyoming,WY,State Senate,4,general,Tara Nethercott,Republican,9299.0,100.0,True,True
2020,Wyoming,WY,State Senate,6,general,Anthony Bouchard,Republican,6879.0,64.7,True,True
2020,Wyoming,WY,State Senate,6,general,Britney Wallesch,Democratic,3724.0,35.0,False,False
2020,Wyoming,WY,State Senate,8,general,Affie Ellis,Republican,4231.0,61.3,True,True
2020,Wyoming,WY,State Senate,8,general,James Byrd,Democratic,2623.0,38.0,False,False
2020,Wyoming,WY,State Senate,10,general,Dan Furphy,Republican,5593.0,56.0,True,False
2020,Wyoming,WY,State Senate,10,general,Jackie Grimes,Democratic,4343.0,43.5,False,False
2020,Wyoming,WY,State Senate,12,general,John Kolb,Republican,3278.0,55.8,True,False
2020,Wyoming,WY,State Senate,12,general,Liisa Anselmi-Dalton,Democratic,2576.0,43.8,False,True
2020,Wyoming,WY,State Senate,14,general,Fred Baldwin,Republican,7779.0,100.0,True,True
2020,Wyoming,WY,State Senate,16,general,Dan Dockstader,Republican,9231.0,100.0,True,True
2020,Wyoming,WY,State Senate,18,general,Tim French,Republican,9153.0,100.0,True,False
2020,Wyoming,WY,State Senate,20,general,Edward Cooper,Republican,7497.0,85.0,True,False
2020,Wyoming,WY,State Senate,20,general,Theresa Livingston,Democratic,1293.0,14.7,False,False
2020,Wyoming,WY,State Senate,22,general,Dave Kinskey,Republican,8516.0,100.0,True,True
2020,Wyoming,WY,State Senate,24,general,Troy McKeown,Republican,8516.0,100.0,True,False
2020,Wyoming,WY,State Senate,26,general,Tim Salazar,Republican,7790.0,100.0,True,False
2020,Wyoming,WY,State Senate,28,general,James Lee Anderson,Republican,6132.0,100.0,True,True
2020,Wyoming,WY,State Senate,30,general,Charles Scott,Republican,6046.0,77.0,True,True
2020,Wyoming,WY,State Senate,30,general,Wendy Degroot,Libertarian,1762.0,22.4,False,False
2020,Hawaii Senate election#District 16 (special),HA,State Senate,2,general,Joy San Buenaventura,Democratic,14225.0,75.2,True,False
2020,Hawaii Senate election#District 16 (special),HA,State Senate,2,general,Ron Ka-Ipo,Aloha ʻāina,4694.0,24.8,False,False
2020,Hawaii Senate election#District 16 (special),HA,State Senate,5,general,Gilbert Keith-Agaran,Democratic,13891.0,64.3,True,True
2020,Hawaii Senate election#District 16 (special),HA,State Senate,5,general,Christy Gusman,Republican,6683.0,31.9,False,False
2020,Hawaii Senate election#District 16 (special),HA,State Senate,5,general,Rynette Keen,Aloha ʻāina,1028.0,4.8,False,False
2020,Hawaii Senate election#District 16 (special),HA,State Senate,9,general,Stanley Chang,Democratic,19109.0,61.9,True,True
2020,Hawaii Senate election#District 16 (special),HA,State Senate,9,general,Sam Slom,Republican,11762.0,38.1,False,False
2020,Hawaii Senate election#District 16 (special),HA,State Senate,16,special general,Bennette Misalucha,Democratic,11508.0,52.7,True,True
2020,Hawaii Senate election#District 16 (special),HA,State Senate,16,special general,Kelly Kitashima,Republican,10335.0,47.3,False,False
2020,Hawaii Senate election#District 16 (special),HA,State Senate,19,general,Kurt Fevella,Republican,12345.0,58.3,True,True
2020,Hawaii Senate election#District 16 (special),HA,State Senate,19,general,Rida Cabanilla,Democratic,8813.0,41.7,False,False
2020,Hawaii Senate election#District 16 (special),HA,State Senate,20,general,Mike Gabbard,Democratic,13967.0,69.4,True,True
2020,Hawaii Senate election#District 16 (special),HA,State Senate,20,general,Feena Bonoan,Libertarian,6172.0,30.6,False,False
2020,Hawaii Senate election#District 16 (special),HA,State Senate,22,general,Donovan Dela Cruz,Democratic,13612.0,70.3,True,True
2020,Hawaii Senate election#District 16 (special),HA,State Senate,22,general,John Miller,Republican,5755.0,29.7,False,False
2020,Hawaii Senate election#District 16 (special),HA,State Senate,25,general,Chris Lee,Democratic,17733.0,65.0,True,False
2020,Hawaii Senate election#District 16 (special),HA,State Senate,25,general,Kristina Kim-Marshall,Republican,9567.0,35.0,False,False
2020,Pennsylvania Senate election#Special,PE,State Senate,48,special general,David Arnold,Republican,18234.0,68.7,True,False
2020,Pennsylvania Senate election#Special,PE,State Senate,48,special general,Michael Schroeder,Democratic,9950.0,35.3,False,False
2020,Texas State Senate election#Special,TE,State Senate,1,general,Bryan Hughes,Republican,267404.0,75.26,True,True
2020,Texas State Senate election#Special,TE,State Senate,1,general,Audrey Spanko,Democratic,87885.0,24.74,False,False
2020,Texas State Senate election#Special,TE,State Senate,4,general,Brandon Creighton,Republican,281105.0,67.35,True,True
2020,Texas State Senate election#Special,TE,State Senate,4,general,Jay Stittleburg,Democratic,126019.0,30.19,False,False
2020,Texas State Senate election#Special,TE,State Senate,4,general,Cameron Brock,Libertarian,10277.0,2.46,False,False
2020,Texas State Senate election#Special,TE,State Senate,6,general,Carol Alvarado,Democratic,137895.0,84.05,True,True
2020,Texas State Senate election#Special,TE,State Senate,6,general,Timothy Duffield,Libertarian,26166.0,15.95,False,False
2020,Texas State Senate election#Special,TE,State Senate,11,general,Larry Taylor,Republican,231268.0,59.45,True,True
2020,Texas State Senate election#Special,TE,State Senate,11,general,Susan Criss,Democratic,148225.0,38.1,False,False
2020,Texas State Senate election#Special,TE,State Senate,11,general,Jared Wissel,Libertarian,9519.0,2.45,False,False
2020,Texas State Senate election#Special,TE,State Senate,12,general,Jane Nelson,Republican,293399.0,62.29,True,True
2020,Texas State Senate election#Special,TE,State Senate,12,general,Shadi Zitoon,Democratic,177610.0,37.71,False,False
2020,Texas State Senate election#Special,TE,State Senate,13,general,Borris Miles,Democratic,200195.0,80.47,True,True
2020,Texas State Senate election#Special,TE,State Senate,13,general,Milinda Morris,Republican,48581.0,19.53,False,False
2020,Texas State Senate election#Special,TE,State Senate,18,general,Lois Kolkhorst,Republican,277872.0,65.79,True,True
2020,Texas State Senate election#Special,TE,State Senate,18,general,Michael Antalan,Democratic,144489.0,34.21,False,False
2020,Texas State Senate election#Special,TE,State Senate,19,general,Roland Gutierrez,Democratic,158726.0,49.85,True,False
2020,Texas State Senate election#Special,TE,State Senate,19,general,Pete Flores,Republican,148213.0,46.55,False,True
2020,Texas State Senate election#Special,TE,State Senate,19,general,Jo-Anne Valvdivia,Libertarian,11465.0,3.6,False,False
2020,Texas State Senate election#Special,TE,State Senate,20,general,Juan Hinojosa,Democratic,154311.0,58.48,True,True
2020,Texas State Senate election#Special,TE,State Senate,20,general,Judith Cutright,Republican,109563.0,41.52,False,False
2020,Texas State Senate election#Special,TE,State Senate,21,general,Judith Zaffirini,Democratic,167672.0,60.14,True,True
2020,Texas State Senate election#Special,TE,State Senate,21,general,Frank Pomeroy,Republican,111142.0,39.86,False,False
2020,Texas State Senate election#Special,TE,State Senate,22,general,Brian Birdwell,Republican,257208.0,68.45,True,True
2020,Texas State Senate election#Special,TE,State Senate,22,general,Robert Vick,Democratic,118538.0,31.55,False,False
2020,Texas State Senate election#Special,TE,State Senate,24,general,Dawn Buckingham,Republican,264517.0,69.54,True,True
2020,Texas State Senate election#Special,TE,State Senate,24,general,Clayton Tucker,Democratic,115853.0,30.46,False,False
2020,Texas State Senate election#Special,TE,State Senate,26,general,Jose Menendez,Democratic,199829.0,79.99,True,True
2020,Texas State Senate election#Special,TE,State Senate,26,general,Julian Villarreal,Green,50004.0,20.01,False,False
2020,Texas State Senate election#Special,TE,State Senate,27,general,Eddie Lucio Jr.,Democratic,134035.0,64.81,True,True
2020,Texas State Senate election#Special,TE,State Senate,27,general,Vanessa Tijerina,Republican,72768.0,35.19,False,False
2020,Texas State Senate election#Special,TE,State Senate,28,general,Charles Perry,Republican,248025.0,100.0,True,True
2020,Texas State Senate election#Special,TE,State Senate,29,general,Cesar Blanco,Democratic,176360.0,67.32,True,False
2020,Texas State Senate election#Special,TE,State Senate,29,general,Bethany Hatch,Republican,85619.0,32.68,False,False
2020,Texas State Senate election#Special,TE,State Senate,14,special general,Sarah Eckhardt,Democratic,59267.0,49.7,True,False
2020,Texas State Senate election#Special,TE,State Senate,14,special general,Eddie Rodriguez,Democratic,40384.0,33.8,False,False
2020,Texas State Senate election#Special,TE,State Senate,14,special general,Donald Zimmerman,Republican,15565.0,13.0,False,False
2020,Texas State Senate election#Special,TE,State Senate,14,special general,Waller Thomas Burns II,Republican,1442.0,1.2,False,False
2020,Texas State Senate election#Special,TE,State Senate,14,special general,Jeff Ridgeway,Independent,1386.0,1.2,False,False
2020,Texas State Senate election#Special,TE,State Senate,14,special general,Pat Dixon,Libertarian,1306.0,1.1,False,False
2020,Texas State Senate election#Special,TE,State Senate,30,special general,Shelley Luther,Republican,47281.0,43.55,True,False
2020,Texas State Senate election#Special,TE,State Senate,30,special general,Drew Springer Jr.,Republican,54570.0,56.45,True,False
2020,Texas State Senate election#Special,TE,State Senate,30,special general,Jacob Minter,Democratic,14572.0,21.2,False,False
2020,Texas State Senate election#Special,TE,State Senate,30,special general,Christopher Watts,Republican,4284.0,6.2,False,False
2020,Texas State Senate election#Special,TE,State Senate,30,special general,Craig Carter,Republican,3413.0,5.0,False,False
2020,Texas State Senate election#Special,TE,State Senate,30,special general,Andy Hopper,Republican,2432.0,3.5,False,False
