year,state,state_code,chamber,district,race,candidate,party,votes,percentage,winner,incumbent
2022,Alabama,AL,State Senate,1,general,Tim Melson,Republican,35480.0,97.94,True,True
2022,Alabama,AL,State Senate,2,general,Tom Butler,Republican,25951.0,55.52,True,True
2022,Alabama,AL,State Senate,2,general,Kim Caudle Lewis,Democratic,20749.0,44.39,False,False
2022,Alabama,AL,State Senate,3,general,Arthur Orr,Republican,30578.0,86.49,True,True
2022,Alabama,AL,State Senate,3,general,Rick Chandler,Libertarian,4566.0,12.91,False,False
2022,Alabama,AL,State Senate,4,general,Garlan Gudger,Republican,38265.0,99.2,True,True
2022,Alabama,AL,State Senate,5,general,Greg Reed,Republican,36159.0,99.19,True,True
2022,Alabama,AL,State Senate,6,general,Larry Stutts,Republican,30883.0,86.73,True,True
2022,Alabama,AL,State Senate,6,general,Kyle Richard-Garrison,Libertarian,4598.0,12.91,False,False
2022,Alabama,AL,State Senate,7,general,Sam Givhan,Republican,29095.0,62.65,True,True
2022,Alabama,AL,State Senate,7,general,Korey Wilson,Democratic,17295.0,37.24,False,False
2022,Alabama,AL,State Senate,8,general,Steve Livingston,Republican,33758.0,98.21,True,True
2022,Alabama,AL,State Senate,9,general,Clay Scofield,Republican,32709.0,98.3,True,True
2022,Alabama,AL,State Senate,10,general,Andrew Jones,Republican,32153.0,98.17,True,True
2022,Alabama,AL,State Senate,11,general,Lance Bell,Republican,33505.0,98.41,True,False
2022,Alabama,AL,State Senate,12,general,Keith Kelley,Republican,28786.0,73.61,True,False
2022,Alabama,AL,State Senate,12,general,Danny McCullars,Democratic,10271.0,26.26,False,False
2022,Alabama,AL,State Senate,13,general,Randy Price,Republican,31759.0,98.15,True,True
2022,Alabama,AL,State Senate,14,general,April Weaver,Republican,31917.0,97.4,True,True
2022,Alabama,AL,State Senate,15,general,Dan Roberts,Republican,35704.0,85.55,True,True
2022,Alabama,AL,State Senate,15,general,Michael Crump,Libertarian,5771.0,13.83,False,False
2022,Alabama,AL,State Senate,16,general,"J. T. ""Jabo"" Waggoner",Republican,33719.0,96.11,True,True
2022,Alabama,AL,State Senate,17,general,Shay Shelnutt,Republican,38137.0,90.95,True,True
2022,Alabama,AL,State Senate,17,general,John Fortenberry,Libertarian,3675.0,8.76,False,False
2022,Alabama,AL,State Senate,18,general,Rodger Smitherman,Democratic,28642.0,98.78,True,True
2022,Alabama,AL,State Senate,19,general,Merika Coleman,Democratic,26369.0,86.52,True,False
2022,Alabama,AL,State Senate,19,general,Danny Wilson,Libertarian,3904.0,12.81,False,False
2022,Alabama,AL,State Senate,20,general,Linda Coleman-Madison,Democratic,27567.0,98.54,True,True
2022,Alabama,AL,State Senate,21,general,Gerald Allen,Republican,21962.0,65.97,True,True
2022,Alabama,AL,State Senate,21,general,Lisa Ward,Democratic,11198.0,33.63,False,False
2022,Alabama,AL,State Senate,22,general,Greg Albritton,Republican,32880.0,98.79,True,True
2022,Alabama,AL,State Senate,23,general,Robert L. Stewart,Democratic,25953.0,53.39,True,False
2022,Alabama,AL,State Senate,23,general,Michael Nimmer,Republican,21682.0,44.6,False,False
2022,Alabama,AL,State Senate,23,general,Portia Shepherd,Libertarian,959.0,1.97,False,False
2022,Alabama,AL,State Senate,24,general,Bobby Singleton,Democratic,25440.0,82.04,True,True
2022,Alabama,AL,State Senate,24,general,Richard Benderson,Libertarian,5311.0,17.13,False,False
2022,Alabama,AL,State Senate,25,general,Will Barfoot,Republican,32640.0,85.27,True,True
2022,Alabama,AL,State Senate,25,general,Louie Albert Woolbright,Libertarian,5394.0,14.09,False,False
2022,Alabama,AL,State Senate,26,general,Kirk Hatcher,Democratic,25901.0,98.47,True,True
2022,Alabama,AL,State Senate,27,general,Jay Hovey,Republican,26014.0,70.17,True,False
2022,Alabama,AL,State Senate,27,general,Sherri Reese,Democratic,10996.0,29.66,False,False
2022,Alabama,AL,State Senate,28,general,Billy Beasley,Democratic,21252.0,80.72,True,True
2022,Alabama,AL,State Senate,28,general,David Boatwright,Libertarian,4837.0,18.37,False,False
2022,Alabama,AL,State Senate,29,general,Donnie Chesteen,Republican,31576.0,81.36,True,True
2022,Alabama,AL,State Senate,29,general,Nathan Mathis,Democratic,6476.0,16.69,False,False
2022,Alabama,AL,State Senate,29,general,"Floyd ""Pete"" McBroom",Libertarian,737.0,1.9,False,False
2022,Alabama,AL,State Senate,30,general,Clyde Chambliss Jr.,Republican,29225.0,97.98,True,True
2022,Alabama,AL,State Senate,31,general,Josh Carnley,Republican,30618.0,98.88,True,False
2022,Alabama,AL,State Senate,32,general,Chris Elliott,Republican,41073.0,98.16,True,True
2022,Alabama,AL,State Senate,33,general,Vivian Figures,Democratic,23203.0,66.95,True,True
2022,Alabama,AL,State Senate,33,general,Pete Riehm,Republican,11401.0,32.9,False,False
2022,Alabama,AL,State Senate,34,general,Jack Williams,Republican,27043.0,97.56,True,True
2022,Alabama,AL,State Senate,35,general,David Sessions,Republican,27133.0,85.3,True,True
2022,Alabama,AL,State Senate,35,general,Clifton Hudson,Libertarian,4488.0,14.11,False,False
2022,Arizona,AZ,State Senate,1,general,Ken Bennett,Republican,82234.0,67.25,True,False
2022,Arizona,AZ,State Senate,1,general,Mike Fogel,Democratic,40056.0,32.75,False,False
2022,Arizona,AZ,State Senate,2,general,Steve Kaiser,Republican,41623.0,51.84,True,False
2022,Arizona,AZ,State Senate,2,general,Jeanne Casteen,Democratic,38666.0,48.16,False,False
2022,Arizona,AZ,State Senate,3,general,John Kavanagh,Republican,84277.0,63.18,True,False
2022,Arizona,AZ,State Senate,3,general,Thomas Dugger,Democratic,49115.0,36.82,False,False
2022,Arizona,AZ,State Senate,4,general,Christine Marsh,Democratic,62205.0,50.48,True,True
2022,Arizona,AZ,State Senate,4,general,Nancy Barto,Republican,61016.0,49.52,False,True
2022,Arizona,AZ,State Senate,5,general,Lela Alston,Democratic,56142.0,70.75,True,True
2022,Arizona,AZ,State Senate,5,general,Jeff Silvey,Republican,23214.0,29.25,False,False
2022,Arizona,AZ,State Senate,6,general,Theresa Hatathlie,Democratic,58829.0,100.0,True,True
2022,Arizona,AZ,State Senate,7,general,Wendy Rogers,Republican,63019.0,63.62,True,True
2022,Arizona,AZ,State Senate,7,general,Kyle Nitschke,Democratic,36030.0,36.38,False,False
2022,Arizona,AZ,State Senate,8,general,Juan Mendez,Democratic,42669.0,62.72,True,True
2022,Arizona,AZ,State Senate,8,general,Roxana Holzapfel,Republican,25366.0,37.28,False,False
2022,Arizona,AZ,State Senate,9,general,Eva Burch,Democratic,32808.0,52.47,True,False
2022,Arizona,AZ,State Senate,9,general,Robert Scantlebury,Republican,29715.0,47.53,False,False
2022,Arizona,AZ,State Senate,10,general,Dave Farnsworth,Republican,53945.0,61.07,True,False
2022,Arizona,AZ,State Senate,10,general,Nick Fierro,Independent,34382.0,38.93,False,False
2022,Arizona,AZ,State Senate,11,general,Catherine Miranda,Democratic,37265.0,75.2,True,False
2022,Arizona,AZ,State Senate,11,general,Maryn Brannies,Republican,12290.0,24.8,False,False
2022,Arizona,AZ,State Senate,12,general,Mitzi Epstein,Democratic,58349.0,58.14,True,False
2022,Arizona,AZ,State Senate,12,general,David Richardson,Republican,42008.0,41.86,False,False
2022,Arizona,AZ,State Senate,13,general,J. D. Mesnard,Republican,48590.0,51.73,True,True
2022,Arizona,AZ,State Senate,13,general,Cindy Hans,Democratic,45340.0,48.27,False,False
2022,Arizona,AZ,State Senate,14,general,Warren Petersen,Republican,64591.0,100.0,True,True
2022,Arizona,AZ,State Senate,15,general,Jake Hoffman,Republican,60850.0,64.75,True,False
2022,Arizona,AZ,State Senate,15,general,Alan Smith,Democratic,33120.0,35.25,False,False
2022,Arizona,AZ,State Senate,16,general,T. J. Shope,Republican,41057.0,55.71,True,True
2022,Arizona,AZ,State Senate,16,general,Taylor Kerby,Democratic,32636.0,44.29,False,False
2022,Arizona,AZ,State Senate,17,general,Justine Wadsack,Republican,63501.0,51.24,True,False
2022,Arizona,AZ,State Senate,17,general,Mike Nickerson,Democratic,60420.0,48.76,False,False
2022,Arizona,AZ,State Senate,18,general,Priya Sundareshan,Democratic,67343.0,62.22,True,False
2022,Arizona,AZ,State Senate,18,general,Stan Caine,Republican,40896.0,37.78,False,False
2022,Arizona,AZ,State Senate,19,general,David Gowan,Republican,67200.0,100.0,True,True
2022,Arizona,AZ,State Senate,20,general,Sally Ann Gonzales,Democratic,49966.0,100.0,True,True
2022,Arizona,AZ,State Senate,21,general,Rosanna Gabaldón,Democratic,40312.0,64.07,True,True
2022,Arizona,AZ,State Senate,21,general,Jim Cleveland,Republican,22604.0,35.93,False,False
2022,Arizona,AZ,State Senate,22,general,Eva Diaz,Democratic,6629.0,58.97,True,False
2022,Arizona,AZ,State Senate,22,general,Steven Robinson,Republican,3722.0,33.11,False,False
2022,Arizona,AZ,State Senate,22,general,Steven Chapman,Democratic,545.0,4.85,False,False
2022,Arizona,AZ,State Senate,22,general,Other write-ins,Write-in,345.0,3.07,False,False
2022,Arizona,AZ,State Senate,23,general,Brian Fernandez,Democratic,29175.0,53.66,True,False
2022,Arizona,AZ,State Senate,23,general,Gary Garcia Snyder,Republican,25194.0,46.34,False,False
2022,Arizona,AZ,State Senate,24,general,Anna Hernandez,Democratic,25984.0,100.0,True,False
2022,Arizona,AZ,State Senate,25,general,Sine Kerr,Republican,59471.0,100.0,True,True
2022,Arizona,AZ,State Senate,26,general,Raquel Terán,Democratic,25583.0,100.0,True,True
2022,Arizona,AZ,State Senate,27,general,Anthony Kern,Republican,43719.0,55.14,True,False
2022,Arizona,AZ,State Senate,27,general,Brittani Barraza,Democratic,35574.0,44.86,False,False
2022,Arizona,AZ,State Senate,28,general,Frank Carroll,Republican,72873.0,61.83,True,False
2022,Arizona,AZ,State Senate,28,general,David Sandoval,Democratic,44982.0,38.17,False,False
2022,Arizona,AZ,State Senate,29,general,Janae Shamp,Republican,51466.0,58.97,True,False
2022,Arizona,AZ,State Senate,29,general,David Raymer,Democratic,35812.0,41.03,False,False
2022,Arizona,AZ,State Senate,30,general,Sonny Borrelli,Republican,73780.0,100.0,True,True
2022,Arkansas,AR,State Senate,1,general,Ben Gilmore,Republican,21580.0,100.0,True,True
2022,Arkansas,AR,State Senate,2,general,Matt Stone,Republican,17791.0,67.76,True,False
2022,Arkansas,AR,State Senate,2,general,Garry Smith,Democratic,8466.0,32.24,False,False
2022,Arkansas,AR,State Senate,3,general,Alderman Steve Crowell,Republican,13844.0,100.0,True,False
2022,Arkansas,AR,State Senate,4,general,Jimmy Hickey Jr.,Republican,17715.0,79.08,True,True
2022,Arkansas,AR,State Senate,4,general,Lonny M. Goodwin,Independent,4687.0,20.92,False,False
2022,Arkansas,AR,State Senate,5,general,Terry Rice,Republican,23275.0,100.0,True,True
2022,Arkansas,AR,State Senate,6,general,Matt McKee,Republican,21453.0,69.74,True,False
2022,Arkansas,AR,State Senate,6,general,Cortney Warwick McKee,Democratic,9307.0,30.26,False,False
2022,Arkansas,AR,State Senate,7,general,Alan Clark,Republican,23852.0,100.0,True,True
2022,Arkansas,AR,State Senate,8,general,Stephanie Flowers,Democratic,13959.0,72.57,True,True
2022,Arkansas,AR,State Senate,8,general,David Dinwiddie,Libertarian,5275.0,27.43,False,False
2022,Arkansas,AR,State Senate,9,general,Reginald Murdock,Democratic,10119.0,53.51,True,False
2022,Arkansas,AR,State Senate,9,general,Terry Fuller,Republican,8793.0,46.49,False,False
2022,Arkansas,AR,State Senate,10,general,Ronald Caldwell,Republican,17753.0,72.49,True,True
2022,Arkansas,AR,State Senate,10,general,Cliff Hart,Democratic,6736.0,27.51,False,False
2022,Arkansas,AR,State Senate,11,general,Ricky Hill,Republican,22013.0,100.0,True,True
2022,Arkansas,AR,State Senate,12,general,Linda Chesterfield,Democratic,15990.0,100.0,True,True
2022,Arkansas,AR,State Senate,13,general,Jane English,Republican,16522.0,52.45,True,True
2022,Arkansas,AR,State Senate,13,general,Allison Sweatman,Democratic,13963.0,44.33,False,False
2022,Arkansas,AR,State Senate,13,general,Noah Jones,Libertarian,1014.0,3.22,False,False
2022,Arkansas,AR,State Senate,14,general,Clarke Tucker,Democratic,23273.0,63.5,True,True
2022,Arkansas,AR,State Senate,14,general,Beth Mason,Republican,13375.0,36.5,False,False
2022,Arkansas,AR,State Senate,15,general,Fredrick Love,Democratic,16325.0,86.15,True,False
2022,Arkansas,AR,State Senate,15,general,Charles Guidry,Libertarian,2625.0,13.85,False,False
2022,Arkansas,AR,State Senate,16,general,Kim Hammer,Republican,20738.0,75.72,True,True
2022,Arkansas,AR,State Senate,16,general,Jaron Salazar,Libertarian,6649.0,24.28,False,False
2022,Arkansas,AR,State Senate,17,general,Mark Johnson,Republican,16835.0,58.72,True,True
2022,Arkansas,AR,State Senate,17,general,David Barber,Democratic,11834.0,41.28,False,False
2022,Arkansas,AR,State Senate,18,general,Jonathan Dismang,Republican,21632.0,80.43,True,True
2022,Arkansas,AR,State Senate,18,general,Nick Cartwright,Democratic,4383.0,16.3,False,False
2022,Arkansas,AR,State Senate,18,general,James Burk,Libertarian,882.0,3.28,False,False
2022,Arkansas,AR,State Senate,19,general,Dave Wallace,Republican,17507.0,100.0,True,True
2022,Arkansas,AR,State Senate,20,general,Dan Sullivan,Republican,12951.0,62.35,True,True
2022,Arkansas,AR,State Senate,20,general,Chenoa Summers,Democratic,7820.0,37.65,False,False
2022,Arkansas,AR,State Senate,21,general,Blake Johnson,Republican,18671.0,83.85,True,True
2022,Arkansas,AR,State Senate,21,general,Alfred Holland III,Libertarian,3596.0,16.15,False,False
2022,Arkansas,AR,State Senate,22,general,John Payton,Republican,24186.0,100.0,True,False
2022,Arkansas,AR,State Senate,23,general,Scott Flippo,Republican,23951.0,79.73,True,True
2022,Arkansas,AR,State Senate,23,general,Derek Huber,Democratic,6088.0,20.27,False,False
2022,Arkansas,AR,State Senate,24,general,Missy Irvin,Republican,28789.0,100.0,True,True
2022,Arkansas,AR,State Senate,25,general,Breanne Davis,Republican,20965.0,100.0,True,True
2022,Arkansas,AR,State Senate,26,general,Gary Stubblefield,Republican,21272.0,83.78,True,True
2022,Arkansas,AR,State Senate,26,general,Gabriel Andreuccetti,Libertarian,4117.0,16.22,False,False
2022,Arkansas,AR,State Senate,27,general,Justin Boyd,Republican,11765.0,63.57,True,False
2022,Arkansas,AR,State Senate,27,general,Rebecca Ward,Democratic,6741.0,36.43,False,False
2022,Arkansas,AR,State Senate,28,general,Bryan King,Republican,21768.0,75.96,True,False
2022,Arkansas,AR,State Senate,28,general,Jim Wallace,Democratic,6888.0,24.04,False,False
2022,Arkansas,AR,State Senate,29,general,Jim Petty,Republican,23021.0,100.0,True,False
2022,Arkansas,AR,State Senate,30,general,Greg Leding,Democratic,19226.0,100.0,True,True
2022,Arkansas,AR,State Senate,31,general,Clint Penzo,Republican,10265.0,60.13,True,False
2022,Arkansas,AR,State Senate,31,general,Lisa Parks,Democratic,6805.0,39.87,False,False
2022,Arkansas,AR,State Senate,32,general,Joshua Bryant,Republican,18022.0,100.0,True,False
2022,Arkansas,AR,State Senate,33,general,Bart Hester,Republican,21122.0,100.0,True,True
2022,Arkansas,AR,State Senate,34,general,Jim Dotson,Republican,21349.0,69.8,True,False
2022,Arkansas,AR,State Senate,34,general,J.P. DeVilliers,Libertarian,9236.0,30.2,False,False
2022,Arkansas,AR,State Senate,35,general,Tyler Dees,Republican,18411.0,73.68,True,False
2022,Arkansas,AR,State Senate,35,general,Doug Peterson,Libertarian,6578.0,26.32,False,False
2022,Colorado,CO,State Senate,1,general,Byron Pelton,Republican,53199.0,100.0,True,False
2022,Colorado,CO,State Senate,3,general,Nick Hinrichsen,Democratic,33795.0,51.29,True,True
2022,Colorado,CO,State Senate,3,general,Stephen Varela,Republican,32090.0,48.71,False,False
2022,Colorado,CO,State Senate,4,general,Mark Baisley,Republican,55595.0,60.84,True,False
2022,Colorado,CO,State Senate,4,general,Jeff Ravage,Democratic,35789.0,39.16,False,False
2022,Colorado,CO,State Senate,7,general,Janice Rich,Republican,52696.0,70.06,True,False
2022,Colorado,CO,State Senate,7,general,David Stahlke,Democratic,22520.0,29.94,False,False
2022,Colorado,CO,State Senate,8,general,Dylan Roberts,Democratic,40765.0,55.7,True,False
2022,Colorado,CO,State Senate,8,general,Matt Solomon,Republican,32427.0,44.3,False,False
2022,Colorado,CO,State Senate,9,general,Paul Lundeen,Republican,50266.0,62.31,True,True
2022,Colorado,CO,State Senate,9,general,Arik Dougherty,Democratic,28327.0,35.12,False,False
2022,Colorado,CO,State Senate,9,general,Stephen Darnell,Libertarian,2075.0,2.57,False,False
2022,Colorado,CO,State Senate,11,general,Tony Exum,Democratic,20258.0,49.94,True,False
2022,Colorado,CO,State Senate,11,general,Dennis Hisey,Republican,18042.0,44.48,False,True
2022,Colorado,CO,State Senate,11,general,Daryl Kuiper,Libertarian,2264.0,5.58,False,False
2022,Colorado,CO,State Senate,15,general,Rob Woodward,Republican,42054.0,49.4,False,True
2022,Colorado,CO,State Senate,15,general,Janice Marchman,Democratic,43068.0,50.6,True,False
2022,Colorado,CO,State Senate,20,general,Lisa Cutter,Democratic,,,True,False
2022,Colorado,CO,State Senate,20,general,Tim Walsh,Republican,,,False,False
2022,Colorado,CO,State Senate,22,general,Jessie Danielson,Democratic,,,True,True
2022,Colorado,CO,State Senate,22,general,Colby Drechsel,Republican,,,False,False
2022,Colorado,CO,State Senate,24,general,Kyle Mullica,Democratic,,,True,False
2022,Colorado,CO,State Senate,24,general,Courtney Potter,Republican,,,False,False
2022,Colorado,CO,State Senate,25,general,Faith Winter,Democratic,43435.0,61.49,True,True
2022,Colorado,CO,State Senate,25,general,Melody Peotter,Republican,23207.0,38.51,False,False
2022,Colorado,CO,State Senate,27,general,Tom Sullivan,Democratic,,,True,False
2022,Colorado,CO,State Senate,27,general,Tom Kim,Republican,,,False,False
2022,Colorado,CO,State Senate,30,general,Kevin Van Winkle,Republican,46751.0,53.82,True,True
2022,Colorado,CO,State Senate,30,general,Braeden Miguel,Democratic,40122.0,46.18,False,False
2022,Colorado,CO,State Senate,32,general,Robert Rodriguez,Democratic,,,True,True
2022,Colorado,CO,State Senate,32,general,Dean Flanders,Republican,,,False,False
2022,Colorado,CO,State Senate,34,general,Julie Gonzales,Democratic,,100.0,True,True
2022,Colorado,CO,State Senate,35,general,Travis Nelson,Democratic,,,True,False
2022,Colorado,CO,State Senate,35,general,Rod Pelton,Republican,,,False,False
2022,Connecticut,CT,State Senate,1,general,John Fonfara,Democratic,11579.0,68.19,True,True
2022,Connecticut,CT,State Senate,1,general,Alexander Colaiacovo,Republican,4893.0,28.81,False,False
2022,Connecticut,CT,State Senate,1,general,Oladotum Michael Oretade,Green,318.0,1.87,False,False
2022,Connecticut,CT,State Senate,1,general,Alyssa Peterson,Petitioning,191.0,1.12,False,False
2022,Connecticut,CT,State Senate,2,general,Douglas McCrory,Democratic,21101.0,100.0,True,True
2022,Connecticut,CT,State Senate,3,general,Saud Anwar,Democratic,18968.0,59.05,True,True
2022,Connecticut,CT,State Senate,3,general,Matt Harper,Republican,12189.0,39.12,False,False
2022,Connecticut,CT,State Senate,4,general,MD Rahman,Democratic,23642.0,58.16,True,False
2022,Connecticut,CT,State Senate,4,general,Jacqueline Crespan,Republican,15565.0,39.7,False,False
2022,Connecticut,CT,State Senate,5,general,Derek Slap,Democratic,30947.0,100.0,True,True
2022,Connecticut,CT,State Senate,6,general,Rick Lopes,Democratic,13771.0,53.91,True,True
2022,Connecticut,CT,State Senate,6,general,Tremell J. Collins,Republican,10666.0,43.65,False,False
2022,Connecticut,CT,State Senate,7,general,John Kissel,Republican,22223.0,55.8,True,True
2022,Connecticut,CT,State Senate,7,general,Cynthia Mangini,Democratic,16757.0,41.7,False,False
2022,Connecticut,CT,State Senate,8,general,Paul Honig,Democratic,22830.0,49.86,False,False
2022,Connecticut,CT,State Senate,8,general,Lisa Seminara,Republican,22954.0,48.74,True,False
2022,Connecticut,CT,State Senate,9,general,Matt Lesser,Democratic,20571.0,52.94,True,True
2022,Connecticut,CT,State Senate,9,general,Lisa J. Marotta,Republican,16440.0,44.42,False,False
2022,Connecticut,CT,State Senate,10,general,Gary Winfield,Democratic,13509.0,79.26,True,True
2022,Connecticut,CT,State Senate,10,general,John Carlson,Republican,2721.0,15.58,False,False
2022,Connecticut,CT,State Senate,11,general,Martin Looney,Democratic,17173.0,77.72,True,True
2022,Connecticut,CT,State Senate,11,general,Steve Orosco,Republican,4923.0,22.28,False,False
2022,Connecticut,CT,State Senate,12,general,Christine Cohen,Democratic,27319.0,53.56,True,True
2022,Connecticut,CT,State Senate,12,general,Paul Crisci,Republican,21562.0,44.11,False,False
2022,Connecticut,CT,State Senate,13,general,Jan Hochadel,Democratic,17871.0,52.33,True,False
2022,Connecticut,CT,State Senate,13,general,Joseph Vollano,Republican,14944.0,44.16,False,False
2022,Connecticut,CT,State Senate,14,general,James Maroney,Democratic,21640.0,53.0,True,True
2022,Connecticut,CT,State Senate,14,general,Kim-Marie Mullin,Republican,17721.0,45.02,False,False
2022,Connecticut,CT,State Senate,15,general,Joan Hartley,Democratic,13925.0,88.04,True,True
2022,Connecticut,CT,State Senate,16,general,Rob Sampson,Republican,24369.0,57.35,True,True
2022,Connecticut,CT,State Senate,16,general,Christopher R. Robertson,Democratic,17223.0,41.41,False,False
2022,Connecticut,CT,State Senate,17,general,Jorge Cabrera,Democratic,17668.0,51.81,True,True
2022,Connecticut,CT,State Senate,17,general,Kathy Hoyt,Republican,14615.0,45.27,False,False
2022,Connecticut,CT,State Senate,18,general,Heather Somers,Republican,20915.0,54.22,True,True
2022,Connecticut,CT,State Senate,18,general,Farouk Rajab,Democratic,16249.0,42.02,False,False
2022,Connecticut,CT,State Senate,19,general,Cathy Osten,Democratic,19670.0,52.51,True,True
2022,Connecticut,CT,State Senate,19,general,Pietro Camardella,Republican,15458.0,44.0,False,False
2022,Connecticut,CT,State Senate,20,general,Martha Marx,Democratic,19712.0,50.65,True,False
2022,Connecticut,CT,State Senate,20,general,Jerry Labriola Jr.,Republican,18001.0,46.39,False,False
2022,Connecticut,CT,State Senate,21,general,Kevin C. Kelly,Republican,23255.0,57.28,True,True
2022,Connecticut,CT,State Senate,21,general,Christopher Green,Democratic,17345.0,41.39,False,False
2022,Connecticut,CT,State Senate,22,general,Marilyn Moore,Democratic,16535.0,80.99,True,True
2022,Connecticut,CT,State Senate,22,general,Wilfredo Martinez,Libertarian,3880.0,19.01,False,False
2022,Connecticut,CT,State Senate,23,general,Herron Gaston,Democratic,8194.0,76.22,True,False
2022,Connecticut,CT,State Senate,23,general,Michael Garrett,Republican,1883.0,17.52,False,False
2022,Connecticut,CT,State Senate,23,general,Juliemar Ortiz,Working Families,673.0,6.26,False,False
2022,Connecticut,CT,State Senate,24,general,Julie Kushner,Democratic,15116.0,50.83,True,True
2022,Connecticut,CT,State Senate,24,general,Michelle Coelho,Republican,13716.0,46.23,False,False
2022,Connecticut,CT,State Senate,25,general,Bob Duff,Democratic,19490.0,58.82,True,True
2022,Connecticut,CT,State Senate,25,general,Daniel Miressi,Republican,11101.0,34.48,False,False
2022,Connecticut,CT,State Senate,25,general,Lisa Brinton,Independent,1604.0,4.98,False,False
2022,Connecticut,CT,State Senate,26,general,Ceci Maher,Democratic,25582.0,56.87,True,False
2022,Connecticut,CT,State Senate,26,general,Toni Boucher,Republican,19401.0,41.45,False,False
2022,Connecticut,CT,State Senate,27,general,Patricia Billie Miller,Democratic,15629.0,61.62,True,True
2022,Connecticut,CT,State Senate,27,general,Michael Battinelli,Republican,9733.0,38.38,False,False
2022,Connecticut,CT,State Senate,28,general,Tony Hwang,Republican,23349.0,50.69,True,True
2022,Connecticut,CT,State Senate,28,general,Timothy Gavin,Democratic,22713.0,48.05,False,False
2022,Connecticut,CT,State Senate,29,general,Mae Flexer,Democratic,14893.0,47.65,True,True
2022,Connecticut,CT,State Senate,29,general,Susanne Witkowski,Republican,13927.0,47.28,False,False
2022,Connecticut,CT,State Senate,29,general,Jean M. de Smet,Green,634.0,2.15,False,False
2022,Connecticut,CT,State Senate,30,general,Stephen Harding,Republican,24404.0,53.81,True,False
2022,Connecticut,CT,State Senate,30,general,Eva Bermudez Zimmerman,Democratic,20945.0,43.83,False,False
2022,Connecticut,CT,State Senate,31,general,Henri Martin,Republican,22050.0,58.93,True,True
2022,Connecticut,CT,State Senate,31,general,Greg Hahn,Democratic,14399.0,39.5,False,False
2022,Connecticut,CT,State Senate,32,general,Eric Berthel,Republican,28432.0,58.95,True,True
2022,Connecticut,CT,State Senate,32,general,Jeff Desmarais,Democratic,19799.0,41.05,False,False
2022,Connecticut,CT,State Senate,33,general,Norman Needleman,Democratic,26816.0,52.82,True,True
2022,Connecticut,CT,State Senate,33,general,Brandon Goff,Republican,22212.0,45.3,False,False
2022,Connecticut,CT,State Senate,34,general,Paul Cicarella,Republican,26634.0,81.23,True,True
2022,Connecticut,CT,State Senate,34,general,David A. Bedell,Green,3818.0,12.54,False,False
2022,Connecticut,CT,State Senate,35,general,Jeff Gordon,Republican,20927.0,50.57,True,False
2022,Connecticut,CT,State Senate,35,general,Lisa Thomas,Democratic,20456.0,46.83,False,False
2022,Connecticut,CT,State Senate,36,general,Ryan Fazio,Republican,21467.0,50.1,True,True
2022,Connecticut,CT,State Senate,36,general,Trevor Crow,Democratic,21378.0,49.9,False,False
2022,Delaware,DE,State Senate,1,general,Sarah McBride,Democratic,13204.0,100.0,True,True
2022,Delaware,DE,State Senate,2,general,Darius Brown,Democratic,7689.0,100.0,True,True
2022,Delaware,DE,State Senate,3,general,Elizabeth Lockman,Democratic,5714.0,100.0,True,True
2022,Delaware,DE,State Senate,4,general,Laura Sturgeon,Democratic,10762.0,56.58,True,True
2022,Delaware,DE,State Senate,4,general,Ted Kittila,Republican,8259.0,43.42,False,False
2022,Delaware,DE,State Senate,5,general,Kyle Evans Gay,Democratic,10471.0,66.28,True,True
2022,Delaware,DE,State Senate,5,general,Daniel Schmick,Republican,5328.0,33.72,False,False
2022,Delaware,DE,State Senate,6,general,Russ Huxtable,Democratic,14131.0,51.48,True,False
2022,Delaware,DE,State Senate,6,general,Stephen Smyk,Republican,13048.0,47.53,False,False
2022,Delaware,DE,State Senate,6,general,Gwendolyn Jones,Non-partisan Delaware,271.0,0.99,False,False
2022,Delaware,DE,State Senate,7,general,Spiros Mantzavinos,Democratic,7663.0,58.69,True,True
2022,Delaware,DE,State Senate,7,general,Sherm Porter,Republican,5394.0,41.31,False,False
2022,Delaware,DE,State Senate,8,general,David Sokola,Democratic,8462.0,62.87,True,True
2022,Delaware,DE,State Senate,8,general,Victor John Setting,Republican,4998.0,37.13,False,False
2022,Delaware,DE,State Senate,9,general,Jack Walsh,Democratic,7172.0,61.5,True,True
2022,Delaware,DE,State Senate,9,general,Brenda Mennella,Republican,4490.0,38.5,False,False
2022,Delaware,DE,State Senate,10,general,Stephanie Hansen,Democratic,10800.0,100.0,True,True
2022,Delaware,DE,State Senate,11,general,Bryan Townsend,Democratic,8843.0,100.0,True,True
2022,Delaware,DE,State Senate,12,general,Nicole Poore,Democratic,10226.0,62.15,True,True
2022,Delaware,DE,State Senate,12,general,Bill Alexander,Republican,6228.0,37.85,False,False
2022,Delaware,DE,State Senate,13,general,Marie Pinkney,Democratic,8611.0,100.0,True,True
2022,Delaware,DE,State Senate,14,general,Kyra Hoffner,Democratic,8404.0,51.83,True,False
2022,Delaware,DE,State Senate,14,general,Mark Pugh,Republican,7811.0,48.17,False,False
2022,Delaware,DE,State Senate,15,general,Dave Lawson,Republican,11814.0,100.0,True,True
2022,Delaware,DE,State Senate,16,general,Eric Buckson,Republican,9577.0,100.0,True,False
2022,Delaware,DE,State Senate,17,general,Trey Paradee,Democratic,7551.0,64.4,True,True
2022,Delaware,DE,State Senate,17,general,Ed Ruyter,Republican,4174.0,35.6,False,False
2022,Delaware,DE,State Senate,18,general,Dave Wilson,Republican,10867.0,69.97,True,True
2022,Delaware,DE,State Senate,18,general,Billy Devary,Democratic,4665.0,30.03,False,False
2022,Delaware,DE,State Senate,19,general,Brian Pettyjohn,Republican,13142.0,100.0,True,True
2022,Delaware,DE,State Senate,20,general,Gerald Hocker,Republican,17150.0,100.0,True,True
2022,Delaware,DE,State Senate,21,general,Bryant Richardson,Republican,10013.0,86.77,True,True
2022,Delaware,DE,State Senate,21,general,Sonja Mehaffey,Non-partisan Delaware,986.0,8.54,False,False
2022,Delaware,DE,State Senate,21,general,Chris Dalton,Libertarian,541.0,4.69,False,False
2022,Florida,FL,State Senate,1,general,Doug Broxson,Republican,145155.0,71.2,True,True
2022,Florida,FL,State Senate,1,general,Charlie Nichols,Democratic,58724.0,28.8,False,False
2022,Florida,FL,State Senate,2,general,Jay Trumbull,Republican,159041.0,78.52,True,False
2022,Florida,FL,State Senate,2,general,Carolynn Zonia,Democratic,43498.0,21.48,False,False
2022,Florida,FL,State Senate,3,general,Corey Simon,Republican,113477.0,52.98,True,False
2022,Florida,FL,State Senate,3,general,Loranne Ausley,Democratic,100696.0,47.02,False,True
2022,Florida,FL,State Senate,4,general,Clay Yarborough,Republican,149177.0,67.61,True,False
2022,Florida,FL,State Senate,4,general,Sharmin Smith,Democratic,71472.0,32.39,False,False
2022,Florida,FL,State Senate,5,general,Tracie Davis,Democratic,86784.0,57.54,True,False
2022,Florida,FL,State Senate,5,general,Binod Kumar,Republican,64028.0,42.46,False,False
2022,Florida,FL,State Senate,5,general,Patrick Tucker (write-in),Independent,0.0,0.0,False,False
2022,Florida,FL,State Senate,6,general,Jennifer Bradley,Republican,,,True,True
2022,Florida,FL,State Senate,7,general,Travis Hutson,Republican,,,True,True
2022,Florida,FL,State Senate,8,general,Tom Wright,Republican,133012.0,63.0,True,True
2022,Florida,FL,State Senate,8,general,Andrea Williams,Democratic,78085.0,37.0,False,False
2022,Florida,FL,State Senate,9,general,Keith Perry,Republican,135568.0,65.54,True,True
2022,Florida,FL,State Senate,9,general,Rodney Long,Democratic,71276.0,34.46,False,False
2022,Florida,FL,State Senate,10,general,Jason Brodeur,Republican,114022.0,54.45,True,True
2022,Florida,FL,State Senate,10,general,Joy Goff-Marcil,Democratic,95391.0,45.55,False,False
2022,Florida,FL,State Senate,11,general,Blaise Ingoglia,Republican,192167.0,74.98,True,False
2022,Florida,FL,State Senate,11,general,Brian Moore,Green,64119.0,25.02,False,False
2022,Florida,FL,State Senate,12,general,Colleen Burton,Republican,102441.0,63.17,True,False
2022,Florida,FL,State Senate,12,general,Veysel Dokur,Democratic,59734.0,36.83,False,False
2022,Florida,FL,State Senate,13,general,Dennis Baxley,Republican,133755.0,62.15,True,True
2022,Florida,FL,State Senate,13,general,Stephanie Dukes,Democratic,81472.0,37.85,False,False
2022,Florida,FL,State Senate,14,general,Jay Collins,Republican,103240.0,54.8,True,False
2022,Florida,FL,State Senate,14,general,Janet Cruz,Democratic,85159.0,45.2,False,True
2022,Florida,FL,State Senate,15,general,Geraldine Thompson,Democratic,,,True,False
2022,Florida,FL,State Senate,16,general,Darryl Rouson,Democratic,93839.0,63.94,True,True
2022,Florida,FL,State Senate,16,general,Christina Paylan,Republican,52927.0,36.06,False,False
2022,Florida,FL,State Senate,17,general,Linda Stewart,Democratic,85689.0,56.06,True,True
2022,Florida,FL,State Senate,17,general,Steve Dixon,Republican,67170.0,43.94,False,False
2022,Florida,FL,State Senate,18,general,Nick DiCeglie,Republican,128983.0,56.89,True,False
2022,Florida,FL,State Senate,18,general,Eunic Ortiz,Democratic,97760.0,43.11,False,False
2022,Florida,FL,State Senate,19,general,Debbie Mayfield,Republican,,,True,True
2022,Florida,FL,State Senate,20,general,Jim Boyd,Republican,,,True,True
2022,Florida,FL,State Senate,21,general,Ed Hooper,Republican,148673.0,64.75,True,True
2022,Florida,FL,State Senate,21,general,Amaro Lionheart,Democratic,80928.0,35.25,False,False
2022,Florida,FL,State Senate,22,general,Joe Gruters,Republican,,,True,True
2022,Florida,FL,State Senate,23,general,Danny Burgess,Republican,123217.0,63.19,True,True
2022,Florida,FL,State Senate,23,general,Michael Harvey,Democratic,71786.0,36.81,False,False
2022,Florida,FL,State Senate,24,general,Bobby Powell,Democratic,76693.0,55.72,True,True
2022,Florida,FL,State Senate,24,general,Eric Ankner,Republican,60958.0,44.28,False,False
2022,Florida,FL,State Senate,25,general,Vic Torres,Democratic,70120.0,52.56,True,True
2022,Florida,FL,State Senate,25,general,Peter Vivaldi,Republican,63288.0,47.44,False,False
2022,Florida,FL,State Senate,26,general,Lori Berman,Democratic,122532.0,54.8,True,True
2022,Florida,FL,State Senate,26,general,Steve Byers,Republican,101072.0,45.2,False,False
2022,Florida,FL,State Senate,27,general,Ben Albritton,Republican,141045.0,71.24,True,True
2022,Florida,FL,State Senate,27,general,Christopher Proia,Democratic,56940.0,28.76,False,False
2022,Florida,FL,State Senate,28,general,Kathleen Passidomo,Republican,,,True,True
2022,Florida,FL,State Senate,29,general,Erin Grall,Republican,,,True,False
2022,Florida,FL,State Senate,30,general,Tina Polsky,Democratic,92119.0,55.43,True,True
2022,Florida,FL,State Senate,30,general,William Reicherter,Republican,74067.0,44.57,False,False
2022,Florida,FL,State Senate,31,general,Gayle Harrell,Republican,,,True,True
2022,Florida,FL,State Senate,32,general,Rosalind Osgood,Democratic,,,True,True
2022,Florida,FL,State Senate,33,general,Jonathan Martin,Republican,149922.0,98.88,True,False
2022,Florida,FL,State Senate,33,general,Richard Valenta (write-in),Independent,1693.0,1.12,False,False
2022,Florida,FL,State Senate,34,general,Shevrin Jones,Democratic,,,True,True
2022,Florida,FL,State Senate,35,general,Lauren Book,Democratic,,,True,False
2022,Florida,FL,State Senate,36,general,Ileana Garcia,Republican,73612.0,59.19,True,True
2022,Florida,FL,State Senate,36,general,Raquel Pacheco,Democratic,50755.0,40.81,False,False
2022,Florida,FL,State Senate,37,general,Jason Pizzo,Democratic,,,True,True
2022,Florida,FL,State Senate,38,general,Alexis Calatayud,Republican,93726.0,54.39,True,False
2022,Florida,FL,State Senate,38,general,Janelle Perez,Democratic,78595.0,45.61,False,False
2022,Florida,FL,State Senate,39,general,Bryan Avila,Republican,,,True,False
2022,Florida,FL,State Senate,40,general,Ana Maria Rodriguez,Republican,,,True,True
2022,Hawaii,HI,State Senate,1,general,Lorraine Inouye,Democratic,12432.0,70.93,True,True
2022,Hawaii,HI,State Senate,1,general,Helen Tupai,Republican,5094.0,29.07,False,False
2022,Hawaii,HI,State Senate,2,general,Joy San Buenaventura,Democratic,9486.0,69.74,True,True
2022,Hawaii,HI,State Senate,2,general,Holly Osborn,Republican,3522.0,25.89,False,False
2022,Hawaii,HI,State Senate,2,general,Frederick Fogel,Libertarian,594.0,4.37,False,False
2022,Hawaii,HI,State Senate,3,general,Dru Kanuha,Democratic,,100.0,True,True
2022,Hawaii,HI,State Senate,4,general,Tim Richards III,Democratic,11018.0,71.18,True,False
2022,Hawaii,HI,State Senate,4,general,Nicholas Tancheff,Republican,4462.0,28.82,False,False
2022,Hawaii,HI,State Senate,5,general,Gilbert Keith-Agaran,Democratic,,100.0,True,True
2022,Hawaii,HI,State Senate,6,general,Angus McKelvey,Democratic,9387.0,62.26,True,False
2022,Hawaii,HI,State Senate,6,general,Sheila Walker,Republican,4634.0,30.74,False,False
2022,Hawaii,HI,State Senate,6,general,Melissah Shishido,Green,1056.0,7.0,False,False
2022,Hawaii,HI,State Senate,7,general,Lynn DeCoite,Democratic,14161.0,75.7,True,True
2022,Hawaii,HI,State Senate,7,general,Tamara McKay,Republican,4545.0,24.3,False,False
2022,Hawaii,HI,State Senate,8,general,Ron Kouchi,Democratic,16234.0,71.41,True,True
2022,Hawaii,HI,State Senate,8,general,Ana Mo Des,Republican,5266.0,23.16,False,False
2022,Hawaii,HI,State Senate,8,general,Kapana Thronas-Kaho'onei,Aloha ʻāina,1235.0,5.43,False,False
2022,Hawaii,HI,State Senate,9,general,Stanley Chang,Democratic,14864.0,70.27,True,True
2022,Hawaii,HI,State Senate,9,general,Mike Parrish,Republican,6289.0,29.73,False,False
2022,Hawaii,HI,State Senate,10,general,Les Ihara Jr.,Democratic,10264.0,66.98,True,True
2022,Hawaii,HI,State Senate,10,general,Leilani Soon,Republican,5060.0,33.02,False,False
2022,Hawaii,HI,State Senate,11,general,Carol Fukunaga,Democratic,12831.0,75.31,True,False
2022,Hawaii,HI,State Senate,11,general,Benjamin Sakai,Republican,4207.0,24.69,False,False
2022,Hawaii,HI,State Senate,12,general,Sharon Moriwaki,Democratic,9744.0,72.0,True,True
2022,Hawaii,HI,State Senate,12,general,Blake Boyd,Republican,3789.0,28.0,False,False
2022,Hawaii,HI,State Senate,13,general,Karl Rhoads,Democratic,8810.0,64.36,True,True
2022,Hawaii,HI,State Senate,13,general,Matthew Tinay,Republican,3013.0,22.01,False,False
2022,Hawaii,HI,State Senate,13,general,Michelle Kwock,Nonpartisan,989.0,7.22,False,False
2022,Hawaii,HI,State Senate,13,general,Kapono Aluli Souza,Green,877.0,6.41,False,False
2022,Hawaii,HI,State Senate,14,general,Donna Mercado Kim,Democratic,8123.0,73.57,True,True
2022,Hawaii,HI,State Senate,14,general,Cheryl Rzonca,Republican,2918.0,26.43,False,False
2022,Hawaii,HI,State Senate,15,general,Glenn Wakai,Democratic,7883.0,67.69,True,True
2022,Hawaii,HI,State Senate,15,general,Lorene Godfrey,Republican,3763.0,32.31,False,False
2022,Hawaii,HI,State Senate,16,general,Brandon Elefante,Democratic,14478.0,73.99,True,False
2022,Hawaii,HI,State Senate,16,general,Patricia Yuki Beekman,Republican,5090.0,26.01,False,False
2022,Hawaii,HI,State Senate,17,general,Donovan Dela Cruz,Democratic,11555.0,65.2,True,True
2022,Hawaii,HI,State Senate,17,general,Anna Misako Hudson,Republican,6168.0,34.8,False,False
2022,Hawaii,HI,State Senate,18,general,Michelle Kidani,Democratic,11463.0,65.73,True,True
2022,Hawaii,HI,State Senate,18,general,Mary Smart,Republican,5977.0,34.27,False,False
2022,Hawaii,HI,State Senate,19,general,Henry Aquino,Democratic,,100.0,True,False
2022,Hawaii,HI,State Senate,20,general,Kurt Fevella,Republican,,100.0,True,True
2022,Hawaii,HI,State Senate,21,general,Mike Gabbard,Democratic,8164.0,58.89,True,True
2022,Hawaii,HI,State Senate,21,general,Matthew Khan,Republican,5698.0,41.11,False,False
2022,Hawaii,HI,State Senate,22,general,Maile Shimabukuro,Democratic,4993.0,50.2,True,True
2022,Hawaii,HI,State Senate,22,general,Samantha DeCorte,Republican,4953.0,49.8,False,False
2022,Hawaii,HI,State Senate,23,general,Brenton Awa,Republican,8093.0,51.28,True,False
2022,Hawaii,HI,State Senate,23,general,Gil Riviere,Democratic,7688.0,48.72,False,True
2022,Hawaii,HI,State Senate,24,general,Jarrett Keohokalole,Democratic,13669.0,70.29,True,True
2022,Hawaii,HI,State Senate,24,general,Antionette Fernandez,Republican,5777.0,29.71,False,False
2022,Hawaii,HI,State Senate,25,general,Chris Lee,Democratic,14865.0,70.3,True,True
2022,Hawaii,HI,State Senate,25,general,Brian Lauro,Republican,6280.0,29.7,False,False
2022,Idaho,ID,State Senate,1,general,Scott Herndon,Republican,13064.0,100.0,True,False
2022,Idaho,ID,State Senate,2,general,Phil Hart,Republican,16770.0,100.0,True,False
2022,Idaho,ID,State Senate,3,general,"Doug ""Doug O"" Okuniewicz",Republican,17365.0,100.0,True,False
2022,Idaho,ID,State Senate,4,general,Ben Toews,Republican,12332.0,100.0,True,False
2022,Idaho,ID,State Senate,5,general,Carl Bjerke,Republican,14586.0,100.0,True,False
2022,Idaho,ID,State Senate,6,general,Dan Foreman,Republican,10174.0,50.07,True,False
2022,Idaho,ID,State Senate,6,general,David Nelson,Democratic,9746.0,47.97,False,True
2022,Idaho,ID,State Senate,6,general,James Hartley,Constitution,398.0,1.96,False,False
2022,Idaho,ID,State Senate,7,general,Cindy Carlson,Republican,15685.0,100.0,True,False
2022,Idaho,ID,State Senate,8,general,Geoff Schroeder,Republican,13776.0,100.0,True,False
2022,Idaho,ID,State Senate,9,general,Abby Lee,Republican,14478.0,100.0,True,True
2022,Idaho,ID,State Senate,10,general,Tammy Nichols,Republican,15354.0,77.22,True,False
2022,Idaho,ID,State Senate,10,general,Bob Solomon,Democratic,4530.0,22.78,False,False
2022,Idaho,ID,State Senate,11,general,Chris Trakel,Republican,6187.0,63.78,True,False
2022,Idaho,ID,State Senate,11,general,Toni Ferro,Democratic,3513.0,36.22,False,False
2022,Idaho,ID,State Senate,12,general,Ben Adams,Republican,10044.0,100.0,True,False
2022,Idaho,ID,State Senate,13,general,Brian Lenney,Republican,10091.0,100.0,True,False
2022,Idaho,ID,State Senate,14,general,C. Scott Grow,Republican,18502.0,81.18,True,True
2022,Idaho,ID,State Senate,14,general,Robert Imhoff,Libertarian,2356.0,10.34,False,False
2022,Idaho,ID,State Senate,14,general,Kirsten Faith Richardson,Constitution,1934.0,8.49,False,False
2022,Idaho,ID,State Senate,15,general,Rick Just,Democratic,9193.0,49.77,True,False
2022,Idaho,ID,State Senate,15,general,Codi Galloway,Republican,8866.0,48.0,False,False
2022,Idaho,ID,State Senate,15,general,Sarah A. Clendenon,Constitution,413.0,2.24,False,False
2022,Idaho,ID,State Senate,16,general,Alison Rabe,Democratic,10526.0,59.51,True,False
2022,Idaho,ID,State Senate,16,general,Dennis Mansfield,Republican,7163.0,40.49,False,False
2022,Idaho,ID,State Senate,17,general,Carrie Semmelroth,Democratic,10094.0,59.78,True,True
2022,Idaho,ID,State Senate,17,general,Benjamin Donovan Chafetz,Republican,6790.0,40.22,False,False
2022,Idaho,ID,State Senate,18,general,Janie Ward-Engelking,Democratic,12040.0,66.06,True,True
2022,Idaho,ID,State Senate,18,general,Dan Bridges,Republican,6187.0,33.94,False,False
2022,Idaho,ID,State Senate,19,general,Melissa Wintrow,Democratic,16862.0,68.15,True,True
2022,Idaho,ID,State Senate,19,general,Blair Moss,Republican,7881.0,31.85,False,False
2022,Idaho,ID,State Senate,20,general,Chuck Winder,Republican,13709.0,100.0,True,True
2022,Idaho,ID,State Senate,21,general,Treg A. Bernt,Republican,12861.0,83.13,True,False
2022,Idaho,ID,State Senate,21,general,Monica McKinley,Constitution,2610.0,16.87,False,False
2022,Idaho,ID,State Senate,22,general,Lori Den Hartog,Republican,12337.0,63.74,True,True
2022,Idaho,ID,State Senate,22,general,Pat Soulliere,Democratic,6324.0,32.67,False,False
2022,Idaho,ID,State Senate,22,general,Brendan J. Gomez,Constitution,694.0,3.59,False,False
2022,Idaho,ID,State Senate,23,general,Todd Lakey,Republican,12327.0,78.18,True,True
2022,Idaho,ID,State Senate,23,general,Mik Lose,Democratic,2786.0,17.67,False,False
2022,Idaho,ID,State Senate,23,general,Jon Basabe,Libertarian,655.0,4.15,False,False
2022,Idaho,ID,State Senate,24,general,Glenneda Zuiderveld,Republican,13144.0,100.0,True,False
2022,Idaho,ID,State Senate,25,general,Linda Wright Hartgen,Republican,8213.0,75.15,True,False
2022,Idaho,ID,State Senate,25,general,Paul Thompson,Constitution,2716.0,24.85,False,False
2022,Idaho,ID,State Senate,26,general,Ron C. Taylor,Democratic,8117.0,51.63,True,False
2022,Idaho,ID,State Senate,26,general,Laurie Lickley,Republican,7604.0,48.37,False,False
2022,Idaho,ID,State Senate,27,general,Kelly Anthon,Republican,10650.0,89.03,True,True
2022,Idaho,ID,State Senate,27,general,Bill Drury,Independent (politician),1312.0,10.97,False,False
2022,Idaho,ID,State Senate,28,general,Jim Guthrie,Republican,11441.0,75.99,True,True
2022,Idaho,ID,State Senate,28,general,Mike Saville,Independent (politician),3614.0,24.01,False,False
2022,Idaho,ID,State Senate,29,general,James D. Ruchti,Democratic,7863.0,54.07,True,False
2022,Idaho,ID,State Senate,29,general,David T. Worley,Republican,6678.0,45.93,False,False
2022,Idaho,ID,State Senate,30,general,Julie VanOrden,Republican,10948.0,84.29,True,True
2022,Idaho,ID,State Senate,30,general,Dave Archuleta,Democratic,2040.0,15.71,False,False
2022,Idaho,ID,State Senate,31,general,Van Burtenshaw,Republican,15391.0,100.0,True,True
2022,Idaho,ID,State Senate,32,general,Kevin Cook,Republican,10736.0,100.0,True,True
2022,Idaho,ID,State Senate,33,general,Dave Lent,Republican,8605.0,100.0,True,True
2022,Idaho,ID,State Senate,34,general,Doug Ricks,Republican,7366.0,100.0,True,True
2022,Idaho,ID,State Senate,35,general,Mark Harris,Republican,13397.0,100.0,True,True
2022,Illinois,IL,State Senate,1,general,Javier Loera Cervantes,Democratic,27928.0,100.0,True,False
2022,Illinois,IL,State Senate,2,general,Omar Aquino,Democratic,39186.0,100.0,True,True
2022,Illinois,IL,State Senate,3,general,Mattie Hunter,Democratic,40116.0,100.0,True,True
2022,Illinois,IL,State Senate,4,general,Kimberly A. Lightford,Democratic,51442.0,100.0,True,True
2022,Illinois,IL,State Senate,5,general,Patricia Van Pelt,Democratic,45337.0,100.0,True,True
2022,Illinois,IL,State Senate,6,general,Sara Feigenholtz,Democratic,68355.0,83.04,True,True
2022,Illinois,IL,State Senate,6,general,Nicole Drewery,Republican,13959.0,16.96,False,False
2022,Illinois,IL,State Senate,7,general,Mike Simmons,Democratic,66145.0,100.0,True,True
2022,Illinois,IL,State Senate,8,general,Ram Villivalam,Democratic,42341.0,100.0,True,True
2022,Illinois,IL,State Senate,9,general,Laura Fine,Democratic,62103.0,76.44,True,True
2022,Illinois,IL,State Senate,9,general,Paul T. Kelly,Republican,19143.0,23.56,False,False
2022,Illinois,IL,State Senate,10,general,Robert Martwick,Democratic,44943.0,98.87,True,True
2022,Illinois,IL,State Senate,11,general,Mike Porfirio,Democratic,29481.0,66.16,True,False
2022,Illinois,IL,State Senate,11,general,"Thomas ""Mac"" McGill",Republican,15077.0,33.84,False,False
2022,Illinois,IL,State Senate,12,general,Celina Villanueva,Democratic,23303.0,100.0,True,False
2022,Illinois,IL,State Senate,13,general,Robert Peters,Democratic,48429.0,100.0,True,True
2022,Illinois,IL,State Senate,14,general,Emil Jones III,Democratic,49237.0,100.0,True,True
2022,Illinois,IL,State Senate,15,general,"Napoleon B. Harris, III",Democratic,51700.0,100.0,True,True
2022,Illinois,IL,State Senate,16,general,Willie Preston,Democratic,38713.0,100.0,True,False
2022,Illinois,IL,State Senate,17,general,"Elgie R. Sims, Jr.",Democratic,51061.0,99.95,True,True
2022,Illinois,IL,State Senate,18,general,Bill Cunningham,Democratic,45430.0,59.35,True,True
2022,Illinois,IL,State Senate,18,general,Christine Shanahan McGovern,Republican,31111.0,40.65,False,False
2022,Illinois,IL,State Senate,19,general,Michael Hastings,Democratic,41905.0,50.59,True,True
2022,Illinois,IL,State Senate,19,general,Patrick Sheehan,Republican,40924.0,49.41,False,False
2022,Illinois,IL,State Senate,20,general,Cristina Pacione-Zayas,Democratic,44972.0,86.26,True,True
2022,Illinois,IL,State Senate,20,general,"Patrycja ""PR"" Karlin",Republican,7164.0,13.74,False,False
2022,Illinois,IL,State Senate,21,general,Laura Ellman,Democratic,51200.0,58.8,True,True
2022,Illinois,IL,State Senate,21,general,Kathleen Murray,Republican,35876.0,41.2,False,False
2022,Illinois,IL,State Senate,22,general,Cristina Castro,Democratic,29318.0,100.0,True,True
2022,Illinois,IL,State Senate,23,general,"Suzanne ""Suzy"" Glowiak Hilton",Democratic,39460.0,54.61,True,False
2022,Illinois,IL,State Senate,23,general,Dennis M. Reboletti,Republican,32803.0,45.39,False,False
2022,Illinois,IL,State Senate,24,general,Seth Lewis,Republican,43567.0,51.93,True,False
2022,Illinois,IL,State Senate,24,general,"Lauren ""Laurie"" Nowak",Democratic,40329.0,48.07,False,False
2022,Illinois,IL,State Senate,25,general,Karina Villa,Democratic,31696.0,58.72,True,True
2022,Illinois,IL,State Senate,25,general,Heather Brown,Republican,22279.0,41.28,False,False
2022,Illinois,IL,State Senate,26,general,Dan McConchie,Republican,44632.0,50.22,True,True
2022,Illinois,IL,State Senate,26,general,Maria Peterson,Democratic,44247.0,49.78,False,False
2022,Illinois,IL,State Senate,27,general,Ann Gillespie,Democratic,40774.0,59.06,True,True
2022,Illinois,IL,State Senate,27,general,Bill Robertson,Republican,28265.0,40.94,False,False
2022,Illinois,IL,State Senate,28,general,Laura M. Murphy,Democratic,33259.0,58.13,True,True
2022,Illinois,IL,State Senate,28,general,Sal Raspanti,Republican,23958.0,41.87,False,False
2022,Illinois,IL,State Senate,29,general,Julie A. Morrison,Democratic,62332.0,100.0,True,True
2022,Illinois,IL,State Senate,30,general,Adriane Johnson,Democratic,38027.0,100.0,True,True
2022,Illinois,IL,State Senate,31,general,Mary Edly-Allen,Democratic,36702.0,56.78,True,False
2022,Illinois,IL,State Senate,31,general,Adam A. Solano,Republican,27934.0,43.22,False,False
2022,Illinois,IL,State Senate,32,general,Craig Wilcox,Republican,45583.0,55.87,True,True
2022,Illinois,IL,State Senate,32,general,Allena Barbato,Democratic,36009.0,44.13,False,False
2022,Illinois,IL,State Senate,33,general,Donald P. DeWitte,Republican,56883.0,100.0,True,True
2022,Illinois,IL,State Senate,34,general,Steve Stadelman,Democratic,33539.0,58.59,True,True
2022,Illinois,IL,State Senate,34,general,Juan Reyes,Republican,23707.0,41.41,False,False
2022,Illinois,IL,State Senate,35,general,Dave Syverson,Republican,65233.0,100.0,True,True
2022,Illinois,IL,State Senate,36,general,Michael W. Halpin,Democratic,38454.0,54.63,True,False
2022,Illinois,IL,State Senate,36,general,Mike Thoms,Republican,31932.0,45.37,False,False
2022,Illinois,IL,State Senate,37,general,Win Stoller,Republican,66467.0,100.0,True,True
2022,Illinois,IL,State Senate,38,general,Sue Rezin,Republican,59006.0,100.0,True,True
2022,Illinois,IL,State Senate,39,general,Don Harmon,Democratic,47658.0,100.0,True,True
2022,Illinois,IL,State Senate,40,general,Patrick J. Joyce,Democratic,36977.0,55.34,True,True
2022,Illinois,IL,State Senate,40,general,Philip Nagel,Republican,29842.0,44.66,False,False
2022,Illinois,IL,State Senate,41,general,John Curran,Republican,64100.0,100.0,True,True
2022,Illinois,IL,State Senate,42,general,Linda Holmes,Democratic,40896.0,60.25,True,True
2022,Illinois,IL,State Senate,42,general,Paul J. Santucci,Republican,26976.0,39.75,False,False
2022,Illinois,IL,State Senate,43,general,Rachel Ventura,Democratic,33667.0,56.05,True,False
2022,Illinois,IL,State Senate,43,general,Diane M. Harris,Republican,26396.0,43.95,False,False
2022,Illinois,IL,State Senate,44,general,Sally J. Turner,Republican,75666.0,100.0,True,True
2022,Illinois,IL,State Senate,45,general,Andrew S. Chesney,Republican,56171.0,66.44,True,False
2022,Illinois,IL,State Senate,45,general,Gerald H. Podraza,Democratic,28368.0,33.56,False,False
2022,Illinois,IL,State Senate,46,general,Dave Koehler,Democratic,38672.0,58.07,True,True
2022,Illinois,IL,State Senate,46,general,Desi Anderson,Republican,27924.0,41.93,False,False
2022,Illinois,IL,State Senate,47,general,Neil Anderson,Republican,70738.0,100.0,True,True
2022,Illinois,IL,State Senate,48,general,Doris Turner,Democratic,39138.0,50.92,True,True
2022,Illinois,IL,State Senate,48,general,Sandy Hamilton,Republican,37731.0,49.08,False,False
2022,Illinois,IL,State Senate,49,general,Meg Loughran Cappel,Democratic,48969.0,100.0,True,True
2022,Illinois,IL,State Senate,50,general,Jil Tracy,Republican,73674.0,100.0,True,False
2022,Illinois,IL,State Senate,51,general,Chapin Rose,Republican,72990.0,100.0,True,True
2022,Illinois,IL,State Senate,52,general,Scott M. Bennett,Democratic,50880.0,100.0,True,True
2022,Illinois,IL,State Senate,53,general,Jason Barickman,Republican,71697.0,100.0,True,True
2022,Illinois,IL,State Senate,54,general,Steve McClure,Republican,76814.0,100.0,True,False
2022,Illinois,IL,State Senate,55,general,Jason Plummer,Republican,75849.0,100.0,True,False
2022,Illinois,IL,State Senate,56,general,Erica Conway Harriss,Republican,37459.0,51.1,True,False
2022,Illinois,IL,State Senate,56,general,Kris Tharp,Democratic,35843.0,48.9,False,True
2022,Illinois,IL,State Senate,57,general,Christopher Belt,Democratic,41880.0,57.66,True,True
2022,Illinois,IL,State Senate,57,general,Wavey T. Lester II,Republican,30746.0,42.33,False,False
2022,Illinois,IL,State Senate,58,general,Terri Bryant,Republican,73954.0,100.0,True,True
2022,Illinois,IL,State Senate,59,general,Dale Fowler,Republican,65708.0,100.0,True,True
2022,Indiana,IN,State Senate,1,general,Dan Dernulc,Republican,23486.0,52.3,True,False
2022,Indiana,IN,State Senate,1,general,Michael Griffin,Democratic,21392.0,47.7,False,True
2022,Indiana,IN,State Senate,4,general,Rodney Pol Jr.,Democratic,20295.0,52.3,True,True
2022,Indiana,IN,State Senate,4,general,Jeff Larson,Republican,18500.0,47.7,False,False
2022,Indiana,IN,State Senate,6,general,Rick Niemeyer,Republican,32366.0,100.0,True,True
2022,Indiana,IN,State Senate,11,general,Linda Rogers,Republican,23037.0,61.7,True,True
2022,Indiana,IN,State Senate,11,general,Mindy Fountain,Democratic,14327.0,38.3,False,False
2022,Indiana,IN,State Senate,14,general,Tyler Johnson,Republican,18907.0,65.1,True,False
2022,Indiana,IN,State Senate,14,general,Zach Heimach,Democratic,10123.0,34.9,False,False
2022,Indiana,IN,State Senate,15,general,Liz Brown,Republican,29588.0,100.0,True,True
2022,Indiana,IN,State Senate,17,general,Andy Zay,Republican,27512.0,75.1,True,True
2022,Indiana,IN,State Senate,17,general,Joe Swisher,Democratic,9146.0,24.9,False,False
2022,Indiana,IN,State Senate,19,general,Travis Holdman,Republican,27865.0,100.0,True,True
2022,Indiana,IN,State Senate,21,general,Jim Buck,Republican,28675.0,64.0,True,True
2022,Indiana,IN,State Senate,21,general,Josh Lowry,Democratic,16148.0,36.0,False,False
2022,Indiana,IN,State Senate,22,general,Ron Alting,Republican,24342.0,100.0,True,True
2022,Indiana,IN,State Senate,23,general,Spencer Deery,Republican,20115.0,63.6,True,False
2022,Indiana,IN,State Senate,23,general,David Sanders,Democratic,11523.0,36.4,False,False
2022,Indiana,IN,State Senate,25,general,Mike Gaskill,Republican,23967.0,64.1,True,True
2022,Indiana,IN,State Senate,25,general,Tamie Dixon-Tatum,Democratic,13447.0,35.9,False,False
2022,Indiana,IN,State Senate,26,general,Scott Alexander,Republican,22566.0,61.0,True,False
2022,Indiana,IN,State Senate,26,general,Melanie Wright,Democratic,14450.0,39.0,False,False
2022,Indiana,IN,State Senate,27,general,Jeff Raatz,Republican,26040.0,71.2,True,True
2022,Indiana,IN,State Senate,27,general,Ronald Itnyre,Democratic,10553.0,28.8,False,False
2022,Indiana,IN,State Senate,29,general,J. D. Ford,Democratic,22670.0,51.7,True,True
2022,Indiana,IN,State Senate,29,general,Alex Choi,Republican,21200.0,48.3,False,False
2022,Indiana,IN,State Senate,31,general,Kyle Walker,Republican,28397.0,55.4,True,True
2022,Indiana,IN,State Senate,31,general,Jocelyn Vare,Democratic,22839.0,44.6,False,False
2022,Indiana,IN,State Senate,38,general,Jon Ford,Republican,27510.0,100.0,True,True
2022,Indiana,IN,State Senate,39,general,Eric Bassler,Republican,31128.0,100.0,True,True
2022,Indiana,IN,State Senate,41,general,Greg Walker,Republican,24698.0,67.8,True,True
2022,Indiana,IN,State Senate,41,general,Bryan Muñoz,Democratic,11729.0,32.2,False,False
2022,Indiana,IN,State Senate,43,general,Chip Perfect,Republican,30804.0,100.0,True,True
2022,Indiana,IN,State Senate,45,general,Chris Garten,Republican,25767.0,62.1,True,True
2022,Indiana,IN,State Senate,45,general,Nick Marshall,Democratic,15746.0,37.9,False,False
2022,Indiana,IN,State Senate,46,general,Andrea Hunley,Democratic,19503.0,72.9,True,False
2022,Indiana,IN,State Senate,46,general,Evan Shearin,Republican,7238.0,27.1,False,False
2022,Indiana,IN,State Senate,47,general,Gary Byrne,Republican,28959.0,66.8,True,True
2022,Indiana,IN,State Senate,47,general,Kathleen Forte,Democratic,14404.0,33.2,False,False
2022,Indiana,IN,State Senate,48,general,Mark Messmer,Republican,32564.0,72.3,True,True
2022,Indiana,IN,State Senate,48,general,Jeff Hill,Democratic,12456.0,27.7,False,False
2022,Indiana,IN,State Senate,49,general,Jim Tomes,Republican,26320.0,100.0,True,True
2022,Iowa,IA,State Senate,1,general,Rocky De Witt,Republican,7700.0,55.06,True,False
2022,Iowa,IA,State Senate,1,general,Jackie Smith,Democratic,6256.0,44.73,False,True
2022,Iowa,IA,State Senate,3,general,Lynn Evans,Republican,17609.0,99.14,True,False
2022,Iowa,IA,State Senate,4,general,Tim Kraayenbrink,Republican,18408.0,97.75,True,True
2022,Iowa,IA,State Senate,5,general,Dave Rowley,Republican,22597.0,98.54,True,True
2022,Iowa,IA,State Senate,6,general,Jason Schultz,Republican,17509.0,82.9,True,True
2022,Iowa,IA,State Senate,6,general,David Davis,Libertarian,3549.0,16.8,False,False
2022,Iowa,IA,State Senate,7,general,Kevin Alons,Republican,18470.0,97.99,True,False
2022,Iowa,IA,State Senate,9,general,Tom Shipley,Republican,18106.0,76.85,True,True
2022,Iowa,IA,State Senate,9,general,Tripp Narup,Democratic,5436.0,23.07,False,False
2022,Iowa,IA,State Senate,11,general,Julian B. Garrett,Republican,16941.0,61.59,True,True
2022,Iowa,IA,State Senate,11,general,Lisa Fleishman,Democratic,10542.0,38.32,False,False
2022,Iowa,IA,State Senate,13,general,Cherielynn Westrich,Republican,13336.0,64.89,True,False
2022,Iowa,IA,State Senate,13,general,Matt Greiner,Democratic,7207.0,35.07,False,False
2022,Iowa,IA,State Senate,14,general,Sarah Trone Garriott,Democratic,15095.0,51.44,True,True
2022,Iowa,IA,State Senate,14,general,Jake Chapman,Republican,14222.0,48.46,False,True
2022,Iowa,IA,State Senate,15,general,Tony Bisignano,Democratic,12074.0,95.28,True,True
2022,Iowa,IA,State Senate,16,general,Claire Celsi,Democratic,16263.0,58.22,True,True
2022,Iowa,IA,State Senate,16,general,Bradley D. Price,Republican,11692.0,41.78,False,False
2022,Iowa,IA,State Senate,17,general,Izaah Knox,Democratic,10286.0,76.56,True,False
2022,Iowa,IA,State Senate,17,general,ToyA S. Johnson,Libertarian,1690.0,12.58,False,False
2022,Iowa,IA,State Senate,17,general,Alejandro Murguia-Ortiz,Independent (politician),1297.0,9.65,False,False
2022,Iowa,IA,State Senate,19,general,Ken Rozenboom,Republican,18118.0,68.58,True,True
2022,Iowa,IA,State Senate,19,general,Tyler Stewart,Democratic,8283.0,31.35,False,False
2022,Iowa,IA,State Senate,21,general,Mike Bousselot,Republican,14896.0,50.92,True,False
2022,Iowa,IA,State Senate,21,general,Todd Brady,Democratic,14336.0,49.0,False,False
2022,Iowa,IA,State Senate,23,general,Jack Whitver,Republican,17276.0,58.64,True,True
2022,Iowa,IA,State Senate,23,general,Matt Pries,Democratic,12159.0,41.27,False,False
2022,Iowa,IA,State Senate,25,general,Herman C. Quirmbach,Democratic,14258.0,75.69,True,True
2022,Iowa,IA,State Senate,25,general,Jordan Taylor,Libertarian,4451.0,23.63,False,False
2022,Iowa,IA,State Senate,27,general,Annette Sweeney,Republican,16896.0,66.63,True,True
2022,Iowa,IA,State Senate,27,general,Sam Cox,Democratic,8429.0,33.24,False,False
2022,Iowa,IA,State Senate,29,general,Sandy Salmon,Republican,17235.0,65.4,True,False
2022,Iowa,IA,State Senate,29,general,Jenn Wolff,Democratic,9101.0,34.53,False,False
2022,Iowa,IA,State Senate,30,general,Waylon Brown,Republican,15288.0,60.23,True,True
2022,Iowa,IA,State Senate,30,general,Whitney Mixdorf,Democratic,10082.0,39.72,False,False
2022,Iowa,IA,State Senate,31,general,"William ""Bill"" Dotzler",Democratic,13282.0,96.93,True,True
2022,Iowa,IA,State Senate,33,general,Carrie Koelker,Republican,17764.0,65.82,True,True
2022,Iowa,IA,State Senate,33,general,Matt Robinson,Democratic,9213.0,34.14,False,False
2022,Iowa,IA,State Senate,35,general,Chris Cournoyer,Republican,14252.0,59.76,True,True
2022,Iowa,IA,State Senate,35,general,Joe Brown,Democratic,9292.0,38.96,False,False
2022,Iowa,IA,State Senate,37,general,Molly Donahue,Democratic,15038.0,55.99,True,False
2022,Iowa,IA,State Senate,37,general,Kurt Alan Bendixen,Republican,11797.0,43.93,False,False
2022,Iowa,IA,State Senate,39,general,Liz Bennett,Democratic,13257.0,64.79,True,False
2022,Iowa,IA,State Senate,39,general,Edward Bernie Hayes,Republican,7190.0,35.14,False,False
2022,Iowa,IA,State Senate,40,general,Todd Taylor,Democratic,14078.0,54.61,True,True
2022,Iowa,IA,State Senate,40,general,Kris G. Gulick,Republican,11674.0,45.29,False,False
2022,Iowa,IA,State Senate,41,general,Kerry Gruenhagen,Republican,13179.0,58.12,True,False
2022,Iowa,IA,State Senate,41,general,Deb VanderGaast,Democratic,9480.0,41.77,False,False
2022,Iowa,IA,State Senate,42,general,Charlie McClintock,Republican,17420.0,58.84,True,False
2022,Iowa,IA,State Senate,42,general,Jessica Wiskus,Democratic,11222.0,37.9,False,False
2022,Iowa,IA,State Senate,42,general,Bruce Gardner,Independent (politician),954.0,3.22,False,False
2022,Iowa,IA,State Senate,43,general,Zach Wahls,Democratic,21146.0,97.46,True,True
2022,Iowa,IA,State Senate,44,general,Adrian Dickey,Republican,15318.0,66.49,True,True
2022,Iowa,IA,State Senate,44,general,Rich Taylor,Democratic,7699.0,33.42,False,False
2022,Iowa,IA,State Senate,45,general,Janice Weiner,Democratic,20273.0,81.98,True,False
2022,Iowa,IA,State Senate,45,general,Harold Weilbrenner,Republican,4428.0,17.91,False,False
2022,Iowa,IA,State Senate,46,general,Dawn Driscoll,Republican,14800.0,53.79,True,True
2022,Iowa,IA,State Senate,46,general,Kevin Kinney,Democratic,12695.0,46.14,False,True
2022,Iowa,IA,State Senate,47,general,Scott Webster,Republican,15568.0,56.12,True,False
2022,Iowa,IA,State Senate,47,general,Mary Kathleen Figaro,Democratic,12151.0,43.8,False,False
2022,Iowa,IA,State Senate,49,general,Cindy Winckler,Democratic,12062.0,93.3,True,False
2022,Kentucky,KY,State Senate,22,special general,Donald Douglas,Republican,9733.0,71.5,True,False
2022,Kentucky,KY,State Senate,22,special general,Helen Bukulmez,Democratic,3725.0,27.4,False,False
2022,Kentucky,KY,State Senate,22,special general,Sindicat Dunn,Write-in,150.0,1.1,False,False
2022,Kentucky,KY,State Senate,2,general,Danny Carroll,Republican,,,True,False
2022,Kentucky,KY,State Senate,4,general,Robby Mills,Republican,25141.0,66.6,True,False
2022,Kentucky,KY,State Senate,4,general,Bruce Pritchett,Democratic,12585.0,33.4,False,False
2022,Kentucky,KY,State Senate,6,general,Lindsey Tichenor,Republican,31111.0,94.5,True,False
2022,Kentucky,KY,State Senate,6,general,Brian J. Easley,Write-in,1797.0,5.5,False,False
2022,Kentucky,KY,State Senate,8,general,Gary Boswell,Republican,,,True,False
2022,Kentucky,KY,State Senate,10,general,Matthew Deneen,Republican,,,True,False
2022,Kentucky,KY,State Senate,12,general,Amanda Mays Bledsoe,Republican,29181.0,60.5,True,False
2022,Kentucky,KY,State Senate,12,general,Bill O’Brien,Democratic,19046.0,39.5,False,False
2022,Kentucky,KY,State Senate,14,general,Jimmy Higdon,Republican,,,True,False
2022,Kentucky,KY,State Senate,16,general,Max Wise,Republican,,,True,False
2022,Kentucky,KY,State Senate,18,general,Robin L. Webb,Democratic,,,True,False
2022,Kentucky,KY,State Senate,20,general,Gex Williams,Republican,22166.0,56.3,True,False
2022,Kentucky,KY,State Senate,20,general,Teresa Azbill Barton,Democratic,17206.0,43.7,False,False
2022,Kentucky,KY,State Senate,22,general,Donald Douglas,Republican,23486.0,59.7,True,False
2022,Kentucky,KY,State Senate,22,general,Chuck Eddy,Democratic,15843.0,40.3,False,False
2022,Kentucky,KY,State Senate,24,general,Shelley Funke Frommeyer,Republican,27346.0,61.7,True,False
2022,Kentucky,KY,State Senate,24,general,Rene Heinrich,Democratic,16960.0,38.3,False,False
2022,Kentucky,KY,State Senate,26,general,Karen Berg,Democratic,28850.0,60.5,True,False
2022,Kentucky,KY,State Senate,26,general,James Peden,Republican,18859.0,39.5,False,False
2022,Kentucky,KY,State Senate,28,general,Ralph Alvarado,Republican,27097.0,98.0,True,False
2022,Kentucky,KY,State Senate,28,general,Joshua D. Buckman,Write-in,551.0,2.0,False,False
2022,Kentucky,KY,State Senate,30,general,Brandon Smith,Republican,25581.0,73.7,True,False
2022,Kentucky,KY,State Senate,30,general,Sid Allen,Democratic,9116.0,26.3,False,False
2022,Kentucky,KY,State Senate,32,general,Mike Wilson,Republican,,,True,False
2022,Kentucky,KY,State Senate,34,general,Jared Carpenter,Republican,25049.0,59.1,True,False
2022,Kentucky,KY,State Senate,34,general,Susan Cintra,Democratic,17322.0,40.9,False,False
2022,Kentucky,KY,State Senate,36,general,Julie Raque Adams,Republican,,,True,False
2022,Kentucky,KY,State Senate,38,general,Michael J. Nemes,Republican,,,True,False
2022,Maine,ME,State Senate,1,general,"Troy Jackson, of Allagash",Democratic,8817.0,52.51,True,True
2022,Maine,ME,State Senate,1,general,"Susan Bernard, of Caribou",Republican,7974.0,47.49,False,False
2022,Maine,ME,State Senate,2,general,"Trey Stewart, of Presque Isle",Republican,11681.0,70.04,True,True
2022,Maine,ME,State Senate,2,general,"Danielle Fienberg, of Presque Isle",Democratic,4997.0,29.96,False,False
2022,Maine,ME,State Senate,3,general,"Brad Farrin, of Norridgewock",Republican,11220.0,65.39,True,True
2022,Maine,ME,State Senate,3,general,"Shawn Bean, of Madison",Democratic,5913.0,34.46,False,False
2022,Maine,ME,State Senate,4,general,"Stacey Guerin, of Glenburn",Republican,13321.0,70.11,True,True
2022,Maine,ME,State Senate,4,general,"Andrea Thurlow, of Atkinson Township",Democratic,5679.0,29.89,False,False
2022,Maine,ME,State Senate,5,general,"Russell Black, of Wilton",Republican,10737.0,54.98,True,True
2022,Maine,ME,State Senate,5,general,"Stanley Wheeler, of Farmington",Democratic,6420.0,32.87,False,False
2022,Maine,ME,State Senate,5,general,"Douglas Thomas, of Ripley",Real Maine Independent,2373.0,12.15,False,False
2022,Maine,ME,State Senate,6,general,"Marianne Moore, of Calais",Republican,12980.0,66.85,True,True
2022,Maine,ME,State Senate,6,general,"Jonathan Goble, of Cherryfield",Democratic,6436.0,33.15,False,False
2022,Maine,ME,State Senate,7,general,"Nicole Grohoski, of Ellsworth",Democratic,12811.0,58.97,True,True
2022,Maine,ME,State Senate,7,general,"Brian Langley, of Ellsworth",Republican,8913.0,41.03,False,False
2022,Maine,ME,State Senate,8,general,"Mike Tipping, of Orono",Democratic,8317.0,52.85,True,False
2022,Maine,ME,State Senate,8,general,"Eric Rojo, of Lincoln",Republican,7421.0,47.15,False,False
2022,Maine,ME,State Senate,9,general,"Joe Baldacci, of Bangor",Democratic,9055.0,59.15,True,True
2022,Maine,ME,State Senate,9,general,"Suzette Furrow, of Bangor",Republican,6253.0,40.85,False,False
2022,Maine,ME,State Senate,10,general,"Peter Lyford, of Eddington",Republican,11522.0,56.11,True,False
2022,Maine,ME,State Senate,10,general,"Ralph Cammack, of Brewer",Democratic,9011.0,43.89,False,False
2022,Maine,ME,State Senate,11,general,"Chip Curry, of Belfast",Democratic,11543.0,55.35,True,True
2022,Maine,ME,State Senate,11,general,"MaryAnne Kinney, of Knox",Republican,9312.0,44.65,False,False
2022,Maine,ME,State Senate,12,general,"Pinny Beebe-Center, of Rockland",Democratic,12525.0,59.3,True,False
2022,Maine,ME,State Senate,12,general,"Scott Rocknak, of Camden",Republican,8597.0,40.7,False,False
2022,Maine,ME,State Senate,13,general,"Cameron Reny, of Bristol",Democratic,11970.0,54.7,True,False
2022,Maine,ME,State Senate,13,general,"Abden Simmons, of Waldoboro",Republican,9913.0,45.3,False,False
2022,Maine,ME,State Senate,14,general,"Craig Hickman, of Winthrop",Democratic,10940.0,52.4,True,True
2022,Maine,ME,State Senate,14,general,"Jeffery Hanley, of Pittston",Republican,9936.0,47.6,False,False
2022,Maine,ME,State Senate,15,general,"Matthew Pouliot, of Augusta",Republican,10241.0,57.75,True,True
2022,Maine,ME,State Senate,15,general,"Storme St. Valle, of Augusta",Democratic,7491.0,42.25,False,False
2022,Maine,ME,State Senate,16,general,"David LaFountain, of Winslow",Democratic,8349.0,51.0,True,False
2022,Maine,ME,State Senate,16,general,"Mike Perkins, of Oakland",Republican,8022.0,49.0,False,False
2022,Maine,ME,State Senate,17,general,"Jeff Timberlake, of Turner",Republican,11989.0,65.84,True,True
2022,Maine,ME,State Senate,17,general,"Jo-Jean Keller, of Lisbon",Democratic,6220.0,34.16,False,False
2022,Maine,ME,State Senate,18,general,"Rick Bennett, of Oxford",Republican,11931.0,62.46,True,True
2022,Maine,ME,State Senate,18,general,"Colin O'Neill, of Oxford",Democratic,7171.0,37.54,False,False
2022,Maine,ME,State Senate,19,general,"Lisa Keim, of Dixfield",Republican,11902.0,62.6,True,True
2022,Maine,ME,State Senate,19,general,"Matthew Bean, of Andover",Democratic,7111.0,37.4,False,False
2022,Maine,ME,State Senate,20,general,"Eric Brakey, of Auburn",Republican,9064.0,50.41,True,False
2022,Maine,ME,State Senate,20,general,"Bettyann Sheats, of Auburn",Democratic,8918.0,49.59,False,False
2022,Maine,ME,State Senate,21,general,"Peggy Rotundo, of Lewiston",Democratic,7754.0,58.57,True,False
2022,Maine,ME,State Senate,21,general,"Ricky LaChapelle, of Lewiston",Republican,5484.0,41.43,False,False
2022,Maine,ME,State Senate,22,general,"James Libby, of Standish",Republican,11334.0,60.3,True,False
2022,Maine,ME,State Senate,22,general,"Michael McKinney, of Cornish",Democratic,7463.0,39.7,False,False
2022,Maine,ME,State Senate,23,general,"Mattie Daughtry, of Brunswick",Democratic,16401.0,69.76,True,True
2022,Maine,ME,State Senate,23,general,"Brogan Teel, of Brunswick",Republican,7108.0,30.24,False,False
2022,Maine,ME,State Senate,24,general,"Eloise Vitelli, of Arrowsic",Democratic,12620.0,58.04,True,True
2022,Maine,ME,State Senate,24,general,"Matthew Brackley, of West Bath",Republican,9123.0,41.96,False,False
2022,Maine,ME,State Senate,25,general,"Teresa Pierce, of Falmouth",Democratic,15315.0,63.39,True,False
2022,Maine,ME,State Senate,25,general,"Jennifer White, of Gray",Republican,8845.0,36.61,False,False
2022,Maine,ME,State Senate,26,general,"Tim Nangle, of Windham",Democratic,9734.0,50.9,True,False
2022,Maine,ME,State Senate,26,general,"Gary Plummer, of Windham",Republican,9388.0,49.1,False,False
2022,Maine,ME,State Senate,27,general,"Jill Duson, of Portland",Democratic,14225.0,77.88,True,False
2022,Maine,ME,State Senate,27,general,"Jeffrey Tounge, of Portland",Republican,4041.0,22.12,False,False
2022,Maine,ME,State Senate,28,general,"Ben Chipman, of Portland",Democratic,15551.0,87.34,True,True
2022,Maine,ME,State Senate,28,general,"Susan Abercrombie, of Portland",Republican,2254.0,12.66,False,False
2022,Maine,ME,State Senate,29,general,"Anne Carney, of Cape Elizabeth",Democratic,15432.0,75.48,True,True
2022,Maine,ME,State Senate,29,general,"John Lewis, of Cape Elizabeth",Republican,5012.0,24.52,False,False
2022,Maine,ME,State Senate,30,general,"Stacy Brenner, of Scarborough",Democratic,12685.0,62.03,True,True
2022,Maine,ME,State Senate,30,general,"Timothy Thorsen, of Gorham",Republican,7766.0,37.97,False,False
2022,Maine,ME,State Senate,31,general,"Donna Bailey, of Saco",Democratic,11244.0,59.02,True,True
2022,Maine,ME,State Senate,31,general,"Sharri MacDonald, of Old Orchard Beach",Republican,7806.0,40.98,False,False
2022,Maine,ME,State Senate,32,general,"Henry Ingwersen, of Arundel",Democratic,9676.0,57.31,True,False
2022,Maine,ME,State Senate,32,general,"David Corbett, of Lyman",Republican,7209.0,42.69,False,False
2022,Maine,ME,State Senate,33,general,"Matthew Harrington, of Sanford",Republican,8509.0,54.07,True,False
2022,Maine,ME,State Senate,33,general,"Kendra Williams, of Sanford",Democratic,7228.0,45.93,False,False
2022,Maine,ME,State Senate,34,general,"Joe Rafferty, of Kennebunk",Democratic,12605.0,58.22,True,True
2022,Maine,ME,State Senate,34,general,"Bradley Ducharme, of Kennebunk",Republican,9044.0,41.78,False,False
2022,Maine,ME,State Senate,35,general,"Mark Lawrence, of Eliot",Democratic,13979.0,65.0,True,True
2022,Maine,ME,State Senate,35,general,"Julie Rakic, of Kittery",Republican,7527.0,35.0,False,False
2022,Maryland,MD,State Senate,1,general,Mike McKay,Republican,33258.0,73.37,True,False
2022,Maryland,MD,State Senate,1,general,Michael Dreisbach,Democratic,11995.0,26.46,False,False
2022,Maryland,MD,State Senate,2,general,Paul D. Corderman,Republican,25881.0,63.84,True,True
2022,Maryland,MD,State Senate,2,general,Shawn Demetrious Perry,Democratic,14629.0,36.08,False,False
2022,Maryland,MD,State Senate,3,general,Karen Lewis Young,Democratic,27446.0,66.48,True,False
2022,Maryland,MD,State Senate,3,general,Angela Ariel McIntosh,Republican,13774.0,33.36,False,False
2022,Maryland,MD,State Senate,4,general,William Folden,Republican,32554.0,57.54,True,False
2022,Maryland,MD,State Senate,4,general,Carleah M. Summers,Democratic,23967.0,42.36,False,False
2022,Maryland,MD,State Senate,5,general,Justin Ready,Republican,39484.0,96.11,True,True
2022,Maryland,MD,State Senate,6,general,Johnny Ray Salling,Republican,18278.0,61.16,True,True
2022,Maryland,MD,State Senate,6,general,Cory D. Edwards,Democratic,11563.0,38.69,False,False
2022,Maryland,MD,State Senate,7,general,J. B. Jennings,Republican,37513.0,96.02,True,True
2022,Maryland,MD,State Senate,8,general,Kathy Klausmeier,Democratic,22773.0,66.26,True,True
2022,Maryland,MD,State Senate,8,general,Ken Fitch,Republican,11554.0,33.62,False,False
2022,Maryland,MD,State Senate,9,general,Katie Fry Hester,Democratic,31214.0,57.92,True,True
2022,Maryland,MD,State Senate,9,general,Reid Novotny,Republican,22637.0,42.0,False,False
2022,Maryland,MD,State Senate,10,general,Benjamin Brooks,Democratic,31373.0,78.63,True,False
2022,Maryland,MD,State Senate,10,general,William Newton,Republican,8460.0,21.2,False,False
2022,Maryland,MD,State Senate,11,general,Shelly L. Hettleman,Democratic,33409.0,71.46,True,True
2022,Maryland,MD,State Senate,11,general,Ruth Goetz,Republican,13310.0,28.47,False,False
2022,Maryland,MD,State Senate,12,general,Clarence Lam,Democratic,30570.0,69.97,True,True
2022,Maryland,MD,State Senate,12,general,Bob Cockey,Republican,13078.0,29.93,False,False
2022,Maryland,MD,State Senate,13,general,Guy Guzzone,Democratic,37241.0,97.14,True,True
2022,Maryland,MD,State Senate,14,general,Craig Zucker,Democratic,33334.0,73.28,True,True
2022,Maryland,MD,State Senate,14,general,Alex Bieber,Republican,12099.0,26.6,False,False
2022,Maryland,MD,State Senate,15,general,Brian Feldman,Democratic,33264.0,73.04,True,True
2022,Maryland,MD,State Senate,15,general,David Wilson,Republican,12231.0,26.86,False,False
2022,Maryland,MD,State Senate,16,general,Susan C. Lee,Democratic,44925.0,97.8,True,True
2022,Maryland,MD,State Senate,17,general,Cheryl Kagan,Democratic,31639.0,97.19,True,True
2022,Maryland,MD,State Senate,18,general,Jeff Waldstreicher,Democratic,34169.0,82.8,True,True
2022,Maryland,MD,State Senate,18,general,Missy Carr,Republican,6935.0,16.81,False,False
2022,Maryland,MD,State Senate,19,general,Benjamin F. Kramer,Democratic,29473.0,75.51,True,True
2022,Maryland,MD,State Senate,19,general,Anita Mpambara Cox,Republican,8084.0,22.55,False,False
2022,Maryland,MD,State Senate,19,general,David George Jeang,Green,724.0,1.85,False,False
2022,Maryland,MD,State Senate,20,general,William C. Smith Jr.,Democratic,34113.0,98.78,True,True
2022,Maryland,MD,State Senate,21,general,James Rosapepe,Democratic,23666.0,79.01,True,True
2022,Maryland,MD,State Senate,21,general,Lee Havis,Republican,6242.0,20.84,False,False
2022,Maryland,MD,State Senate,22,general,Paul G. Pinsky,Democratic,23580.0,98.57,True,True
2022,Maryland,MD,State Senate,23,general,Ron Watson,Democratic,41343.0,87.37,True,True
2022,Maryland,MD,State Senate,23,general,Jesse Peed,Republican,5886.0,12.44,False,False
2022,Maryland,MD,State Senate,24,general,Joanne C. Benson,Democratic,33668.0,99.19,True,True
2022,Maryland,MD,State Senate,25,general,Melony G. Griffith,Democratic,35953.0,99.45,True,True
2022,Maryland,MD,State Senate,26,general,C. Anthony Muse,Democratic,33350.0,92.3,True,False
2022,Maryland,MD,State Senate,26,general,Ike Puzon,Republican,2643.0,7.32,False,False
2022,Maryland,MD,State Senate,27,general,Michael A. Jackson,Democratic,30320.0,60.32,True,True
2022,Maryland,MD,State Senate,27,general,Al Larsen,Republican,19892.0,39.58,False,False
2022,Maryland,MD,State Senate,28,general,Arthur Ellis,Democratic,30168.0,67.04,True,True
2022,Maryland,MD,State Senate,28,general,Michelle M. Talkington,Republican,14765.0,32.81,False,False
2022,Maryland,MD,State Senate,29,general,Jack Bailey,Republican,33101.0,96.35,True,True
2022,Maryland,MD,State Senate,30,general,Sarah Elfreth,Democratic,30359.0,57.39,True,True
2022,Maryland,MD,State Senate,30,general,Stacie MacDonald,Republican,22489.0,42.51,False,False
2022,Maryland,MD,State Senate,31,general,Bryan Simonaire,Republican,32215.0,71.25,True,True
2022,Maryland,MD,State Senate,31,general,Brian W. Kunkoski,Libertarian,12318.0,27.24,False,False
2022,Maryland,MD,State Senate,32,general,Pamela Beidle,Democratic,23380.0,65.75,True,True
2022,Maryland,MD,State Senate,32,general,Kimberly Ann June,Republican,12103.0,34.04,False,False
2022,Maryland,MD,State Senate,33,general,Dawn Gile,Democratic,30807.0,55.41,True,False
2022,Maryland,MD,State Senate,33,general,Sid Saab,Republican,24730.0,44.48,False,False
2022,Maryland,MD,State Senate,34,general,Mary-Dulany James,Democratic,22858.0,50.55,True,False
2022,Maryland,MD,State Senate,34,general,Christian Miele,Republican,22267.0,49.24,False,False
2022,Maryland,MD,State Senate,35,general,Jason C. Gallion,Republican,42913.0,96.86,True,True
2022,Maryland,MD,State Senate,36,general,Steve Hershey,Republican,36806.0,96.28,True,True
2022,Maryland,MD,State Senate,37,general,Johnny Mautz,Republican,29432.0,60.8,True,False
2022,Maryland,MD,State Senate,37,general,Naomi Hyman,Democratic,18930.0,39.1,False,False
2022,Maryland,MD,State Senate,38,general,Mary Beth Carozza,Republican,32277.0,66.42,True,True
2022,Maryland,MD,State Senate,38,general,Michele Gregory,Democratic,16273.0,33.49,False,False
2022,Maryland,MD,State Senate,39,general,Nancy J. King,Democratic,25188.0,86.18,True,True
2022,Maryland,MD,State Senate,39,general,Moshe Landman,Green,3582.0,12.26,False,False
2022,Maryland,MD,State Senate,40,general,Antonio Hayes,Democratic,24236.0,91.94,True,True
2022,Maryland,MD,State Senate,40,general,Christopher Anderson,Republican,2058.0,7.81,False,False
2022,Maryland,MD,State Senate,41,general,Jill P. Carter,Democratic,29882.0,98.2,True,True
2022,Maryland,MD,State Senate,42,general,Chris West,Republican,37944.0,95.51,True,True
2022,Maryland,MD,State Senate,43,general,Mary L. Washington,Democratic,32333.0,90.31,True,True
2022,Maryland,MD,State Senate,43,general,Robert Gemmill II,Libertarian,3339.0,9.33,False,False
2022,Maryland,MD,State Senate,44,general,Charles E. Sydnor III,Democratic,30699.0,97.48,True,True
2022,Maryland,MD,State Senate,45,general,Cory V. McCray,Democratic,24903.0,98.8,True,True
2022,Maryland,MD,State Senate,46,general,Bill Ferguson,Democratic,24977.0,84.63,True,True
2022,Maryland,MD,State Senate,46,general,Emmanuel Digman,Republican,4486.0,15.2,False,False
2022,Maryland,MD,State Senate,47,general,Malcolm Augustine,Democratic,16416.0,98.78,True,True
2022,Michigan,MI,State Senate,1,general,Erika Geiss,Democratic,53475.0,71.57,True,True
2022,Michigan,MI,State Senate,1,general,Erik Soderquist,Republican,21243.0,28.43,False,False
2022,Michigan,MI,State Senate,2,general,Sylvia Santana,Democratic,43258.0,67.99,True,True
2022,Michigan,MI,State Senate,2,general,Harry T. Sawicki,Republican,18726.0,29.43,False,False
2022,Michigan,MI,State Senate,2,general,Larry Betts,Class,1632.0,2.57,False,False
2022,Michigan,MI,State Senate,3,general,Stephanie Chang,Democratic,61247.0,85.67,True,True
2022,Michigan,MI,State Senate,3,general,Linda Rayburn,Class,10243.0,14.33,False,False
2022,Michigan,MI,State Senate,4,general,Darrin Camilleri,Democratic,64387.0,55.34,True,False
2022,Michigan,MI,State Senate,4,general,Houston James,Republican,51962.0,44.66,False,False
2022,Michigan,MI,State Senate,5,general,Dayna Polehanki,Democratic,64455.0,61.07,True,True
2022,Michigan,MI,State Senate,5,general,Emily Bauman,Republican,41091.0,38.93,False,False
2022,Michigan,MI,State Senate,6,general,Mary Cavanagh,Democratic,74122.0,68.01,True,False
2022,Michigan,MI,State Senate,6,general,Ken Crider,Republican,31463.0,28.87,False,False
2022,Michigan,MI,State Senate,6,general,Kimberly Givens,Class,3396.0,3.12,False,False
2022,Michigan,MI,State Senate,7,general,Jeremy Moss,Democratic,80597.0,74.21,True,True
2022,Michigan,MI,State Senate,7,general,Corinne Khederian,Republican,28008.0,25.79,False,False
2022,Michigan,MI,State Senate,8,general,Mallory McMorrow,Democratic,94878.0,78.94,True,True
2022,Michigan,MI,State Senate,8,general,Brandon Ronald Simpson,Republican,25309.0,21.06,False,False
2022,Michigan,MI,State Senate,9,general,Michael Weber,Republican,57953.0,50.35,True,False
2022,Michigan,MI,State Senate,9,general,Padma Kuppa,Democratic,57158.0,49.65,False,False
2022,Michigan,MI,State Senate,10,general,Paul Wojno,Democratic,60375.0,67.7,True,True
2022,Michigan,MI,State Senate,10,general,Paul M. Smith,Republican,28810.0,32.3,False,False
2022,Michigan,MI,State Senate,11,general,Veronica Klinefelt,Democratic,56119.0,52.69,True,False
2022,Michigan,MI,State Senate,11,general,Mike MacDonald,Republican,50395.0,47.31,False,True
2022,Michigan,MI,State Senate,12,general,Kevin Hertel,Democratic,62772.0,50.16,True,False
2022,Michigan,MI,State Senate,12,general,Pamela Hornberger,Republican,62368.0,49.84,False,False
2022,Michigan,MI,State Senate,13,general,Rosemary Bayer,Democratic,78098.0,57.17,True,True
2022,Michigan,MI,State Senate,13,general,Jason Rhines,Republican,58513.0,42.83,False,False
2022,Michigan,MI,State Senate,14,general,Sue Shink,Democratic,68609.0,55.89,True,False
2022,Michigan,MI,State Senate,14,general,Tim Golding,Republican,54143.0,44.11,False,False
2022,Michigan,MI,State Senate,15,general,Jeff Irwin,Democratic,89399.0,74.15,True,True
2022,Michigan,MI,State Senate,15,general,Scott Price,Republican,31172.0,25.85,False,False
2022,Michigan,MI,State Senate,16,general,Joseph Bellino,Republican,73403.0,65.01,True,False
2022,Michigan,MI,State Senate,16,general,Katybeth Davis,Democratic,39503.0,34.99,False,False
2022,Michigan,MI,State Senate,17,general,Jonathan Lindsey,Republican,66134.0,65.39,True,False
2022,Michigan,MI,State Senate,17,general,Scott Rex Starr,Democratic,35011.0,34.61,False,False
2022,Michigan,MI,State Senate,18,general,Thomas Albert,Republican,72027.0,61.96,True,False
2022,Michigan,MI,State Senate,18,general,Kai W. Degraaf,Democratic,44223.0,38.04,False,False
2022,Michigan,MI,State Senate,19,general,Sean McCann,Democratic,70507.0,59.79,True,True
2022,Michigan,MI,State Senate,19,general,Tamara Mitchell,Republican,47427.0,40.21,False,False
2022,Michigan,MI,State Senate,20,general,Aric Nesbitt,Republican,69316.0,60.95,True,True
2022,Michigan,MI,State Senate,20,general,Kim Jorgensen Gane,Democratic,44403.0,39.05,False,False
2022,Michigan,MI,State Senate,21,general,Sarah Anthony,Democratic,68534.0,60.29,True,False
2022,Michigan,MI,State Senate,21,general,Nkenge Ayanna Robertson,Republican,45145.0,39.71,False,False
2022,Michigan,MI,State Senate,22,general,Lana Theis,Republican,83957.0,60.68,True,True
2022,Michigan,MI,State Senate,22,general,Jordan Genso,Democratic,50738.0,36.67,False,False
2022,Michigan,MI,State Senate,22,general,Jon Elgas,Libertarian,2478.0,1.79,False,False
2022,Michigan,MI,State Senate,22,general,Victoria McCasey,U.s. Taxpayers',1198.0,0.87,False,False
2022,Michigan,MI,State Senate,23,general,Jim Runestad,Republican,78175.0,59.38,True,True
2022,Michigan,MI,State Senate,23,general,Una Hepburn,Democratic,53474.0,40.62,False,False
2022,Michigan,MI,State Senate,24,general,Ruth Johnson,Republican,87171.0,65.8,True,True
2022,Michigan,MI,State Senate,24,general,Theresa J. Fougnie,Democratic,45316.0,34.2,False,False
2022,Michigan,MI,State Senate,25,general,Dan Lauwers,Republican,78193.0,66.83,True,True
2022,Michigan,MI,State Senate,25,general,Bert Van Dyke,Democratic,38811.0,33.17,False,False
2022,Michigan,MI,State Senate,26,general,Kevin Daley,Republican,74158.0,62.45,True,True
2022,Michigan,MI,State Senate,26,general,Charles Stadler,Democratic,44599.0,37.55,False,False
2022,Michigan,MI,State Senate,27,general,John Daniel Cherry,Democratic,64189.0,64.09,True,False
2022,Michigan,MI,State Senate,27,general,Aaron R. Gardner,Republican,35972.0,35.91,False,False
2022,Michigan,MI,State Senate,28,general,Sam Singh,Democratic,65537.0,55.8,True,False
2022,Michigan,MI,State Senate,28,general,Daylen Howard,Republican,49272.0,41.95,False,False
2022,Michigan,MI,State Senate,28,general,Matthew Shepard,U.s. Taxpayers',2635.0,2.24,False,False
2022,Michigan,MI,State Senate,29,general,Winnie Brinks,Democratic,59407.0,60.3,True,True
2022,Michigan,MI,State Senate,29,general,Tommy Brann,Republican,39115.0,39.7,False,False
2022,Michigan,MI,State Senate,30,general,Mark Huizenga,Republican,63754.0,49.18,True,True
2022,Michigan,MI,State Senate,30,general,David LaGrand,Democratic,63363.0,48.88,False,False
2022,Michigan,MI,State Senate,30,general,Theo Petzold,Libertarian,2516.0,1.94,False,False
2022,Michigan,MI,State Senate,31,general,Roger Victory,Republican,82383.0,62.11,True,True
2022,Michigan,MI,State Senate,31,general,Kim S. Nagy,Democratic,47413.0,35.75,False,False
2022,Michigan,MI,State Senate,31,general,Jessica Fox,Libertarian,2845.0,2.14,False,False
2022,Michigan,MI,State Senate,32,general,Jon Bumstead,Republican,61113.0,52.83,True,True
2022,Michigan,MI,State Senate,32,general,Terry Sabo,Democratic,54557.0,47.17,False,False
2022,Michigan,MI,State Senate,33,general,Rick Outman,Republican,77239.0,66.25,True,True
2022,Michigan,MI,State Senate,33,general,Mark Bignell,Democratic,36915.0,31.66,False,False
2022,Michigan,MI,State Senate,33,general,Joseph Gillotte,Libertarian,2438.0,2.09,False,False
2022,Michigan,MI,State Senate,34,general,Roger Hauck,Republican,71202.0,64.35,True,False
2022,Michigan,MI,State Senate,34,general,Christine Gerace,Democratic,36757.0,33.22,False,False
2022,Michigan,MI,State Senate,34,general,Becky McDonald,U.s. Taxpayers',2682.0,2.42,False,False
2022,Michigan,MI,State Senate,35,general,Kristen McDonald Rivet,Democratic,62105.0,53.38,True,False
2022,Michigan,MI,State Senate,35,general,Annette Glenn,Republican,54246.0,46.62,False,False
2022,Michigan,MI,State Senate,36,general,Michele Hoitenga,Republican,87453.0,66.26,True,False
2022,Michigan,MI,State Senate,36,general,Joel Sheltrown,Democratic,44529.0,33.74,False,False
2022,Michigan,MI,State Senate,37,general,John Damoose,Republican,79125.0,55.46,True,False
2022,Michigan,MI,State Senate,37,general,Barbara Conley,Democratic,61069.0,42.81,False,False
2022,Michigan,MI,State Senate,37,general,Zachary Dean,Libertarian,2468.0,1.73,False,False
2022,Michigan,MI,State Senate,38,general,Ed McBroom,Republican,74639.0,62.23,True,True
2022,Michigan,MI,State Senate,38,general,John Braamse,Democratic,43818.0,36.54,False,False
2022,Michigan,MI,State Senate,38,general,Wade Roberts,Green,1475.0,1.23,False,False
2022,Minnesota,MN,State Senate,1,general,Mark Johnson,Republican,27320.0,97.05,True,True
2022,Minnesota,MN,State Senate,2,general,Steve Green,Republican,20397.0,59.96,True,False
2022,Minnesota,MN,State Senate,2,general,Alan Roy,Democratic-Farmer-Labor,13589.0,39.95,False,False
2022,Minnesota,MN,State Senate,3,general,Grant Hauschild,Democratic-Farmer-Labor,22052.0,50.77,True,False
2022,Minnesota,MN,State Senate,3,general,Andrea Zupancich,Republican,21349.0,49.15,False,False
2022,Minnesota,MN,State Senate,4,general,Rob Kupec,Democratic-Farmer-Labor,15929.0,52.49,True,False
2022,Minnesota,MN,State Senate,4,general,Dan Bohmer,Republican,14202.0,46.8,False,False
2022,Minnesota,MN,State Senate,5,general,Paul Utke,Republican,28731.0,72.83,True,True
2022,Minnesota,MN,State Senate,5,general,A. John Peters,Democratic-Farmer-Labor,10687.0,27.09,False,False
2022,Minnesota,MN,State Senate,6,general,Justin Eichorn,Republican,26218.0,63.5,True,True
2022,Minnesota,MN,State Senate,6,general,Steve Samuelson,Democratic-Farmer-Labor,15045.0,36.44,False,False
2022,Minnesota,MN,State Senate,7,general,Rob Farnsworth,Republican,20797.0,53.05,True,False
2022,Minnesota,MN,State Senate,7,general,Ben DeNucci,Democratic-Farmer-Labor,18056.0,46.06,False,False
2022,Minnesota,MN,State Senate,8,general,Jen McEwen,Democratic-Farmer-Labor,26518.0,71.53,True,True
2022,Minnesota,MN,State Senate,8,general,Alex Moe,Republican,10481.0,28.27,False,False
2022,Minnesota,MN,State Senate,9,general,Jordan Rasmusson,Republican,25372.0,62.74,True,False
2022,Minnesota,MN,State Senate,9,general,Cornel Walker,Democratic-Farmer-Labor,11560.0,28.59,False,False
2022,Minnesota,MN,State Senate,10,general,Nathan Wesenberg,Republican,28395.0,72.41,True,False
2022,Minnesota,MN,State Senate,10,general,Suzanne Cekalla,Democratic-Farmer-Labor,10719.0,27.33,False,False
2022,Minnesota,MN,State Senate,11,general,Jason Rarick,Republican,22111.0,60.89,True,True
2022,Minnesota,MN,State Senate,11,general,Michelle Boyechko,Democratic-Farmer-Labor,14152.0,38.97,False,False
2022,Minnesota,MN,State Senate,12,general,Torrey Westrom,Republican,26178.0,68.01,True,True
2022,Minnesota,MN,State Senate,12,general,Kari Dorry,Democratic-Farmer-Labor,10813.0,28.09,False,False
2022,Minnesota,MN,State Senate,12,general,Ashley Klingbeil,Independent,1485.0,3.86,False,False
2022,Minnesota,MN,State Senate,13,general,Jeff Howe,Republican,27295.0,70.03,True,True
2022,Minnesota,MN,State Senate,13,general,Alissa Brickman,Democratic-Farmer-Labor,11647.0,29.88,False,False
2022,Minnesota,MN,State Senate,14,general,Aric Putnam,Democratic-Farmer-Labor,15350.0,52.29,True,True
2022,Minnesota,MN,State Senate,14,general,Tama Theis,Republican,13969.0,47.58,False,False
2022,Minnesota,MN,State Senate,15,general,Gary Dahms,Republican,25780.0,71.18,True,True
2022,Minnesota,MN,State Senate,15,general,Anita Gaul,Democratic-Farmer-Labor,10417.0,28.76,False,False
2022,Minnesota,MN,State Senate,16,general,Andrew Lang,Republican,24596.0,69.66,True,True
2022,Minnesota,MN,State Senate,16,general,Fernando Alvarado,Democratic-Farmer-Labor,10690.0,30.28,False,False
2022,Minnesota,MN,State Senate,17,general,Glenn Gruenhagen,Republican,27810.0,70.17,True,False
2022,Minnesota,MN,State Senate,17,general,Chad Tschimperle,Democratic-Farmer-Labor,11797.0,29.77,False,False
2022,Minnesota,MN,State Senate,18,general,Nick Frentz,Democratic-Farmer-Labor,19136.0,57.78,True,True
2022,Minnesota,MN,State Senate,18,general,Mark Wright,Republican,13944.0,42.1,False,False
2022,Minnesota,MN,State Senate,19,general,John Jasinski,Republican,22450.0,65.29,True,True
2022,Minnesota,MN,State Senate,19,general,Kate Falvey,Democratic-Farmer-Labor,11908.0,34.63,False,False
2022,Minnesota,MN,State Senate,20,general,Steve Drazkowski,Republican,25129.0,61.67,True,False
2022,Minnesota,MN,State Senate,20,general,Brad Drenckhahn,Democratic-Farmer-Labor,15546.0,38.15,False,False
2022,Minnesota,MN,State Senate,21,general,Bill Weber,Republican,27829.0,97.8,True,True
2022,Minnesota,MN,State Senate,22,general,Rich Draheim,Republican,29799.0,96.87,True,True
2022,Minnesota,MN,State Senate,23,general,Gene Dornink,Republican,20273.0,60.71,True,True
2022,Minnesota,MN,State Senate,23,general,Brandon Lawhead,Democratic-Farmer-Labor,13051.0,39.09,False,False
2022,Minnesota,MN,State Senate,24,general,Carla Nelson,Republican,20991.0,57.45,True,True
2022,Minnesota,MN,State Senate,24,general,Aleta Borrud,Democratic-Farmer-Labor,15529.0,42.5,False,False
2022,Minnesota,MN,State Senate,25,general,Liz Boldon,Democratic-Farmer-Labor,19673.0,58.49,True,False
2022,Minnesota,MN,State Senate,25,general,Ken Navitsky,Republican,13251.0,39.4,False,False
2022,Minnesota,MN,State Senate,25,general,Bill Rood,Cannabis,699.0,2.08,False,False
2022,Minnesota,MN,State Senate,26,general,Jeremy Miller,Republican,21444.0,58.28,True,True
2022,Minnesota,MN,State Senate,26,general,Daniel Wilson,Democratic-Farmer-Labor,14280.0,38.81,False,False
2022,Minnesota,MN,State Senate,26,general,Eric M. Leitzen,Now,1060.0,2.88,False,False
2022,Minnesota,MN,State Senate,27,general,Andrew Mathews,Republican,26479.0,71.77,True,True
2022,Minnesota,MN,State Senate,27,general,Aleta Emy Minzel,Democratic-Farmer-Labor,10397.0,28.18,False,False
2022,Minnesota,MN,State Senate,28,general,Mark Koran,Republican,26012.0,67.18,True,True
2022,Minnesota,MN,State Senate,28,general,Victoria Ann Bird,Democratic-Farmer-Labor,12670.0,32.72,False,False
2022,Minnesota,MN,State Senate,29,general,Bruce Anderson,Republican,26505.0,68.04,True,True
2022,Minnesota,MN,State Senate,29,general,Chris Brazelton,Democratic-Farmer-Labor,12422.0,31.89,False,False
2022,Minnesota,MN,State Senate,30,general,Eric Lucero,Republican,26146.0,65.18,True,False
2022,Minnesota,MN,State Senate,30,general,Diane Nguyen,Democratic-Farmer-Labor,13946.0,34.77,False,False
2022,Minnesota,MN,State Senate,31,general,Cal Bahr,Republican,25705.0,63.75,True,False
2022,Minnesota,MN,State Senate,31,general,Jason Ruffalo,Democratic-Farmer-Labor,14585.0,36.17,False,False
2022,Minnesota,MN,State Senate,32,general,Michael Kreun,Republican,19684.0,52.95,True,False
2022,Minnesota,MN,State Senate,32,general,Kate Luthner,Democratic-Farmer-Labor,17459.0,46.96,False,False
2022,Minnesota,MN,State Senate,33,general,Karin Housley,Republican,23091.0,52.8,True,True
2022,Minnesota,MN,State Senate,33,general,Nancy McLean,Democratic-Farmer-Labor,20624.0,47.16,False,False
2022,Minnesota,MN,State Senate,34,general,John Hoffman,Democratic-Farmer-Labor,20925.0,54.87,True,True
2022,Minnesota,MN,State Senate,34,general,Karen Attia,Republican,17181.0,45.05,False,False
2022,Minnesota,MN,State Senate,35,general,Jim Abeler,Republican,17300.0,50.22,True,True
2022,Minnesota,MN,State Senate,35,general,Kari Rehrauer,Democratic-Farmer-Labor,17114.0,49.68,False,False
2022,Minnesota,MN,State Senate,36,general,Heather Gustafson,Democratic-Farmer-Labor,23348.0,52.81,True,False
2022,Minnesota,MN,State Senate,36,general,Roger Chamberlain,Republican,20838.0,47.13,False,True
2022,Minnesota,MN,State Senate,37,general,Warren Limmer,Republican,24463.0,54.88,True,True
2022,Minnesota,MN,State Senate,37,general,Farhio Khalif,Democratic-Farmer-Labor,20077.0,45.04,False,False
2022,Minnesota,MN,State Senate,38,general,Susan Pha,Democratic-Farmer-Labor,14116.0,63.91,True,False
2022,Minnesota,MN,State Senate,38,general,Brad Kohler,Republican,6337.0,28.69,False,False
2022,Minnesota,MN,State Senate,38,general,Mary O'Connor,Now,1602.0,7.25,False,False
2022,Minnesota,MN,State Senate,39,general,Mary Kunesh-Podein,Democratic-Farmer-Labor,20563.0,66.49,True,True
2022,Minnesota,MN,State Senate,39,general,Pam Wolf,Republican,10327.0,33.39,False,False
2022,Minnesota,MN,State Senate,40,general,John Marty,Democratic-Farmer-Labor,26490.0,64.76,True,True
2022,Minnesota,MN,State Senate,40,general,Rachel Japuntich,Republican,14371.0,35.13,False,False
2022,Minnesota,MN,State Senate,41,general,Judy Seeberger,Democratic-Farmer-Labor,21536.0,50.33,True,False
2022,Minnesota,MN,State Senate,41,general,Tom Dippel,Republican,21215.0,49.58,False,False
2022,Minnesota,MN,State Senate,42,general,Bonnie Westlin,Democratic-Farmer-Labor,23752.0,57.7,True,False
2022,Minnesota,MN,State Senate,42,general,Paul Hillen,Republican,17395.0,42.26,False,False
2022,Minnesota,MN,State Senate,43,general,Ann Rest,Democratic-Farmer-Labor,27350.0,77.29,True,True
2022,Minnesota,MN,State Senate,43,general,Andrew Thomas Schuler,Now,7686.0,21.72,False,False
2022,Minnesota,MN,State Senate,44,general,Tou Xiong,Democratic-Farmer-Labor,19173.0,59.54,True,False
2022,Minnesota,MN,State Senate,44,general,Paul Babin,Republican,12984.0,40.32,False,False
2022,Minnesota,MN,State Senate,45,general,Kelly Morrison,Democratic-Farmer-Labor,27222.0,56.27,True,False
2022,Minnesota,MN,State Senate,45,general,Kathleen Fowke,Republican,21128.0,43.67,False,False
2022,Minnesota,MN,State Senate,46,general,Ron Latz,Democratic-Farmer-Labor,31027.0,97.26,True,False
2022,Minnesota,MN,State Senate,47,general,Nicole Mitchell,Democratic-Farmer-Labor,22936.0,58.71,True,False
2022,Minnesota,MN,State Senate,47,general,Dwight Dorau,Republican,16111.0,41.24,False,False
2022,Minnesota,MN,State Senate,48,general,Julia Coleman,Republican,23306.0,54.34,True,True
2022,Minnesota,MN,State Senate,48,general,Dan Kessler,Democratic-Farmer-Labor,19564.0,45.61,False,False
2022,Minnesota,MN,State Senate,49,general,Steve Cwodzinski,Democratic-Farmer-Labor,26448.0,62.28,True,True
2022,Minnesota,MN,State Senate,49,general,Marla Helseth,Republican,15998.0,37.67,False,False
2022,Minnesota,MN,State Senate,50,general,Alice Mann,Democratic-Farmer-Labor,28575.0,63.42,True,False
2022,Minnesota,MN,State Senate,50,general,Doug Fulton,Republican,16457.0,36.53,False,False
2022,Minnesota,MN,State Senate,51,general,Melissa Wiklund,Democratic-Farmer-Labor,23141.0,69.64,True,True
2022,Minnesota,MN,State Senate,51,general,Frank Pafko,Republican,10049.0,30.24,False,False
2022,Minnesota,MN,State Senate,52,general,Jim Carlson,Democratic-Farmer-Labor,26004.0,63.22,True,True
2022,Minnesota,MN,State Senate,52,general,Stephen Lowell,Republican,15068.0,36.63,False,False
2022,Minnesota,MN,State Senate,53,general,Matt Klein,Democratic-Farmer-Labor,21501.0,58.24,True,True
2022,Minnesota,MN,State Senate,53,general,Chris Rausch,Republican,15373.0,41.64,False,False
2022,Minnesota,MN,State Senate,54,general,Eric Pratt,Republican,20632.0,56.59,True,True
2022,Minnesota,MN,State Senate,54,general,Alicia Donahue,Democratic-Farmer-Labor,15753.0,43.21,False,False
2022,Minnesota,MN,State Senate,55,general,Lindsey Port,Democratic-Farmer-Labor,18996.0,55.3,True,True
2022,Minnesota,MN,State Senate,55,general,Pam Myhra,Republican,15316.0,44.59,False,False
2022,Minnesota,MN,State Senate,56,general,Erin Maye Quade,Democratic-Farmer-Labor,22281.0,56.66,True,False
2022,Minnesota,MN,State Senate,56,general,Jim Bean,Republican,17007.0,43.25,False,False
2022,Minnesota,MN,State Senate,57,general,Zach Duckworth,Republican,24258.0,58.61,True,True
2022,Minnesota,MN,State Senate,57,general,Jackie Craig,Democratic-Farmer-Labor,17106.0,41.33,False,False
2022,Minnesota,MN,State Senate,58,general,Bill Lieske,Republican,21125.0,52.79,True,False
2022,Minnesota,MN,State Senate,58,general,Clarice Grabau,Democratic-Farmer-Labor,18854.0,47.11,False,False
2022,Minnesota,MN,State Senate,59,general,Bobby Joe Champion,Democratic-Farmer-Labor,22806.0,98.28,True,True
2022,Minnesota,MN,State Senate,60,general,Kari Dziedzic,Democratic-Farmer-Labor,26484.0,98.66,True,True
2022,Minnesota,MN,State Senate,61,general,Scott Dibble,Democratic-Farmer-Labor,37366.0,98.71,True,True
2022,Minnesota,MN,State Senate,62,general,Omar Fateh,Democratic-Farmer-Labor,24271.0,90.28,True,True
2022,Minnesota,MN,State Senate,62,general,Andrew Schmitz,Republican,2528.0,9.4,False,False
2022,Minnesota,MN,State Senate,63,general,Zaynab Mohamed,Democratic-Farmer-Labor,39063.0,85.63,True,False
2022,Minnesota,MN,State Senate,63,general,Shawn Holster,Republican,6449.0,14.14,False,False
2022,Minnesota,MN,State Senate,64,general,Erin Murphy,Democratic-Farmer-Labor,36686.0,84.19,True,True
2022,Minnesota,MN,State Senate,64,general,Robert Bushard,Republican,6823.0,15.66,False,False
2022,Minnesota,MN,State Senate,65,general,Sandy Pappas,Democratic-Farmer-Labor,20228.0,80.12,True,True
2022,Minnesota,MN,State Senate,65,general,Paul Holmgren,Republican,4960.0,19.65,False,False
2022,Minnesota,MN,State Senate,66,general,Clare Oumou Verbeten,Democratic-Farmer-Labor,23987.0,78.41,True,False
2022,Minnesota,MN,State Senate,66,general,Mikki M. Murray,Republican,5522.0,18.05,False,False
2022,Minnesota,MN,State Senate,66,general,Jeremy Peichel,Libertarian,1061.0,3.47,False,False
2022,Minnesota,MN,State Senate,67,general,Foung Hawj,Democratic-Farmer-Labor,14692.0,96.59,True,True
2022,Missouri,MO,State Senate,2,general,Nick Schroer,Republican,42568.0,63.0,True,False
2022,Missouri,MO,State Senate,2,general,Michael Sinclair,Democratic,24998.0,37.0,False,False
2022,Missouri,MO,State Senate,4,general,Karla May,Democratic,51419.0,74.17,True,True
2022,Missouri,MO,State Senate,4,general,Mary Theresa McLean,Republican,17906.0,25.83,False,False
2022,Missouri,MO,State Senate,6,general,Mike Bernskoetter,Republican,56424.0,100.0,True,True
2022,Missouri,MO,State Senate,8,general,Mike Cierpiot,Republican,38018.0,55.81,True,True
2022,Missouri,MO,State Senate,8,general,Antoine D. Jennings,Democratic,30100.0,44.19,False,False
2022,Missouri,MO,State Senate,10,general,Travis Fitzwater,Republican,44169.0,77.63,True,False
2022,Missouri,MO,State Senate,10,general,Catherine Dreher,Libertarian,12728.0,22.37,False,False
2022,Missouri,MO,State Senate,12,general,Rusty Black,Republican,51470.0,80.77,True,False
2022,Missouri,MO,State Senate,12,general,Michael J. Baumli,Democratic,12254.0,19.23,False,False
2022,Missouri,MO,State Senate,14,general,Brian Williams,Democratic,41832.0,99.94,True,True
2022,Missouri,MO,State Senate,14,general,John Winkler,Independent (politician),24.0,0.06,False,False
2022,Missouri,MO,State Senate,16,general,Justin Dan Brown,Republican,39087.0,80.67,True,True
2022,Missouri,MO,State Senate,16,general,Tara Anura,Democratic,9363.0,19.33,False,False
2022,Missouri,MO,State Senate,18,general,Cindy O'Laughlin,Republican,42989.0,75.78,True,True
2022,Missouri,MO,State Senate,18,general,Ayanna Shivers,Democratic,13739.0,24.22,False,False
2022,Missouri,MO,State Senate,20,general,Curtis Trent,Republican,54504.0,100.0,True,False
2022,Missouri,MO,State Senate,22,general,Mary Elizabeth Coleman,Republican,40695.0,65.48,True,False
2022,Missouri,MO,State Senate,22,general,Benjamin Hagin,Democratic,21456.0,34.52,False,False
2022,Missouri,MO,State Senate,24,general,Tracy McCreery,Democratic,43081.0,53.37,True,False
2022,Missouri,MO,State Senate,24,general,George J. Hruza,Republican,36164.0,44.8,False,False
2022,Missouri,MO,State Senate,24,general,LaDonna Higgins,Libertarian,1481.0,1.83,False,False
2022,Missouri,MO,State Senate,26,general,Ben Brown,Republican,48469.0,73.9,True,False
2022,Missouri,MO,State Senate,26,general,John Kiehne,Democratic,17115.0,26.1,False,False
2022,Missouri,MO,State Senate,28,general,Sandy Crawford,Republican,55062.0,100.0,True,True
2022,Missouri,MO,State Senate,30,general,Lincoln Hough,Republican,30483.0,57.57,True,True
2022,Missouri,MO,State Senate,30,general,Raymond Lampert,Democratic,22464.0,42.43,False,False
2022,Missouri,MO,State Senate,32,general,Jill Carter,Republican,46763.0,100.0,True,False
2022,Missouri,MO,State Senate,34,general,Tony Luetkemeyer,Republican,37236.0,59.1,True,True
2022,Missouri,MO,State Senate,34,general,Sarah Shorter,Democratic,25767.0,40.9,False,False
2022,Montana,MT,State Senate,1,general,Mike Cuffe,Republican,7586.0,100.0,True,True
2022,Montana,MT,State Senate,4,general,John Fuller,Republican,5180.0,62.19,True,False
2022,Montana,MT,State Senate,4,general,Kyle Waterman,Democratic,3149.0,37.81,False,False
2022,Montana,MT,State Senate,5,general,Mark Noland,Republican,7995.0,100.0,True,False
2022,Montana,MT,State Senate,8,general,Susan Webber,Democratic,2675.0,57.27,True,True
2022,Montana,MT,State Senate,8,general,Rick Jennison,Republican,1996.0,42.73,False,False
2022,Montana,MT,State Senate,9,general,Bruce Gillespie,Republican,6780.0,100.0,True,True
2022,Montana,MT,State Senate,11,general,Daniel Emrich,Republican,3683.0,52.92,True,False
2022,Montana,MT,State Senate,11,general,Tom Jacobson,Democratic,3276.0,47.08,False,True
2022,Montana,MT,State Senate,12,general,Wendy McKamey,Republican,3358.0,55.98,True,False
2022,Montana,MT,State Senate,12,general,Jacob Bachmeier,Democratic,2641.0,44.02,False,False
2022,Montana,MT,State Senate,13,general,Jeremy Trebas,Republican,2681.0,51.67,True,False
2022,Montana,MT,State Senate,13,general,Casey Schreiner,Democratic,2508.0,48.33,False,False
2022,Montana,MT,State Senate,14,general,Russel Tempel,Republican,5624.0,71.6,True,True
2022,Montana,MT,State Senate,14,general,David H. Brewer,Democratic,2231.0,28.4,False,False
2022,Montana,MT,State Senate,15,special general,Dan Bartel,Republican,7504.0,79.94,True,True
2022,Montana,MT,State Senate,15,special general,Cindy Palmer,Democratic,1883.0,20.06,False,False
2022,Montana,MT,State Senate,19,general,Kenneth Bogner,Republican,7643.0,100.0,True,True
2022,Montana,MT,State Senate,20,general,Barry Usher,Republican,7739.0,100.0,True,False
2022,Montana,MT,State Senate,22,general,Daniel Zolnikov,Republican,4853.0,65.74,True,False
2022,Montana,MT,State Senate,22,general,Terry Dennis,Democratic,2529.0,34.26,False,False
2022,Montana,MT,State Senate,24,general,Kathy Kelker,Democratic,3950.0,55.96,True,False
2022,Montana,MT,State Senate,24,general,Elijah Tidswell,Republican,3109.0,44.04,False,False
2022,Montana,MT,State Senate,27,general,Dennis Lenz,Republican,9670.0,100.0,True,False
2022,Montana,MT,State Senate,29,general,Forrest Mandeville,Republican,8437.0,100.0,True,False
2022,Montana,MT,State Senate,30,general,John Esp,Republican,6041.0,55.32,True,True
2022,Montana,MT,State Senate,30,general,Jamie L. Isaly,Democratic,4879.0,44.68,False,False
2022,Montana,MT,State Senate,32,general,Pat Flowers,Democratic,5572.0,52.3,True,True
2022,Montana,MT,State Senate,32,general,Randy Chamberlin,Republican,5082.0,47.7,False,False
2022,Montana,MT,State Senate,33,general,Denise Hayman,Democratic,8039.0,67.91,True,False
2022,Montana,MT,State Senate,33,general,Adam Dewis,Republican,3799.0,32.09,False,False
2022,Montana,MT,State Senate,34,general,Shelley Vance,Republican,6516.0,63.89,True,False
2022,Montana,MT,State Senate,34,general,Damion Lynn,Democratic,3683.0,36.11,False,False
2022,Montana,MT,State Senate,39,special general,Terry Vermeire,Republican,4491.0,54.66,True,False
2022,Montana,MT,State Senate,39,special general,Jesse James Mullen,Democratic,3725.0,45.33,False,False
2022,Montana,MT,State Senate,41,general,Janet Ellis,Democratic,5423.0,55.36,True,True
2022,Montana,MT,State Senate,41,general,Dave Galt,Republican,4372.0,44.64,False,False
2022,Montana,MT,State Senate,42,general,Mary Ann Dunwell,Democratic,5071.0,55.28,True,False
2022,Montana,MT,State Senate,42,general,Matt Olson,Republican,4103.0,44.72,False,False
2022,Montana,MT,State Senate,43,general,Jason Ellsworth,Republican,7868.0,67.63,True,True
2022,Montana,MT,State Senate,43,general,John F. Schneeberger,Democratic,3766.0,32.37,False,False
2022,Montana,MT,State Senate,48,general,Shane Morigeau,Democratic,6329.0,63.88,True,True
2022,Montana,MT,State Senate,48,general,Jacob Van Horn,Republican,3579.0,36.12,False,False
2022,Montana,MT,State Senate,49,general,Willis Curdy,Democratic,5630.0,54.43,True,False
2022,Montana,MT,State Senate,49,general,Brad Tschida,Republican,4714.0,45.57,False,False
2022,Montana,MT,State Senate,50,general,Andrea Olsen,Democratic,7455.0,72.64,True,False
2022,Montana,MT,State Senate,50,general,Nick Knowles,Republican,2808.0,27.36,False,False
2022,Nevada,NV,State Senate,2,general,Edgar Flores,Democratic,12442.0,69.93,True,False
2022,Nevada,NV,State Senate,2,general,Leo Henderson,Republican,5350.0,30.07,False,False
2022,Nevada,NV,State Senate,8,general,Marilyn Dondero Loop,Democratic,26698.0,50.72,True,True
2022,Nevada,NV,State Senate,8,general,Joey Paulos,Republican,25944.0,49.28,False,False
2022,Nevada,NV,State Senate,9,general,Melanie Scheible,Democratic,22823.0,53.45,True,True
2022,Nevada,NV,State Senate,9,general,Tina Brown,Republican,19875.0,46.55,False,False
2022,Nevada,NV,State Senate,10,general,Fabian Doñate,Democratic,16714.0,55.54,True,True
2022,Nevada,NV,State Senate,10,general,Philip Graviet,Republican,12284.0,40.82,False,False
2022,Nevada,NV,State Senate,10,general,Chris Cunningham,Libertarian,1096.0,3.64,False,False
2022,Nevada,NV,State Senate,12,general,Julie Pazina,Democratic,26609.0,52.47,True,False
2022,Nevada,NV,State Senate,12,general,Cheryln Arrington,Republican,24104.0,47.53,False,False
2022,Nevada,NV,State Senate,13,general,Skip Daly,Democratic,23416.0,61.57,True,False
2022,Nevada,NV,State Senate,13,general,Matthew Buehler,Republican,14618.0,38.43,False,False
2022,Nevada,NV,State Senate,14,general,Ira Hansen,Republican,47925.0,100.0,True,True
2022,Nevada,NV,State Senate,16,general,Lisa Krasner,Republican,42871.0,60.35,True,False
2022,Nevada,NV,State Senate,16,general,Aaron Sims,Democratic,28172.0,39.65,False,False
2022,Nevada,NV,State Senate,17,general,Robin Titus,Republican,53823.0,100.0,True,False
2022,Nevada,NV,State Senate,20,general,Jeff Stone,Republican,44567.0,61.69,True,False
2022,Nevada,NV,State Senate,20,general,Brent Foutz,Democratic,25712.0,35.59,False,False
2022,Nevada,NV,State Senate,20,general,Brandon Mills,Libertarian,1968.0,2.72,False,False
2022,Nevada,NV,State Senate,21,general,James Ohrenschall,Democratic,18428.0,55.79,True,True
2022,Nevada,NV,State Senate,21,general,April Larsen,Republican,14603.0,44.21,False,False
2022,New Hampshire,NH,State Senate,1,general,Carrie Gendreau,Republican,13112.0,54.71,True,False
2022,New Hampshire,NH,State Senate,1,general,Edith Tucker,Democratic,10855.0,45.29,False,False
2022,New Hampshire,NH,State Senate,2,general,Timothy Lang,Republican,15321.0,56.0,True,False
2022,New Hampshire,NH,State Senate,2,general,Kate Miller,Democratic,12038.0,44.0,False,False
2022,New Hampshire,NH,State Senate,3,general,Jeb Bradley,Republican,17336.0,58.48,True,True
2022,New Hampshire,NH,State Senate,3,general,William Marsh,Democratic,12309.0,41.52,False,False
2022,New Hampshire,NH,State Senate,4,general,David H. Watters,Democratic,15879.0,63.3,True,True
2022,New Hampshire,NH,State Senate,4,general,Seamus Casey,Republican,9207.0,36.7,False,False
2022,New Hampshire,NH,State Senate,5,general,Suzanne Prentiss,Democratic,19269.0,69.0,True,True
2022,New Hampshire,NH,State Senate,5,general,John McIntyre,Republican,8656.0,31.0,False,False
2022,New Hampshire,NH,State Senate,6,general,James Gray,Republican,13167.0,55.79,True,True
2022,New Hampshire,NH,State Senate,6,general,Ruth Larson,Democratic,10434.0,44.21,False,False
2022,New Hampshire,NH,State Senate,7,general,Daniel E. Innis,Republican,13413.0,54.62,True,False
2022,New Hampshire,NH,State Senate,7,general,"Richard A. Lobban, Jr.",Democratic,11146.0,45.38,False,False
2022,New Hampshire,NH,State Senate,8,general,Ruth Ward,Republican,14080.0,57.2,True,True
2022,New Hampshire,NH,State Senate,8,general,Charlene Lovett,Democratic,10520.0,42.7,False,False
2022,New Hampshire,NH,State Senate,9,general,Denise Ricciardi,Republican,13687.0,52.2,True,True
2022,New Hampshire,NH,State Senate,9,general,Matthew McLaughlin,Democratic,12510.0,47.7,False,False
2022,New Hampshire,NH,State Senate,10,general,Donovan Fenton,Democratic,17305.0,66.14,True,False
2022,New Hampshire,NH,State Senate,10,general,Sly Karasinski,Republican,8860.0,33.86,False,False
2022,New Hampshire,NH,State Senate,11,general,Shannon Chandley,Democratic,14320.0,51.3,True,False
2022,New Hampshire,NH,State Senate,11,general,Gary Daniels,Republican,13591.0,48.7,False,False
2022,New Hampshire,NH,State Senate,12,general,Kevin Avard,Republican,14314.0,51.2,True,True
2022,New Hampshire,NH,State Senate,12,general,Melanie Levesque,Democratic,13626.0,48.8,False,False
2022,New Hampshire,NH,State Senate,13,general,Cindy Rosenwald,Democratic,10445.0,58.8,True,True
2022,New Hampshire,NH,State Senate,13,general,Stephen Scaer,Republican,7319.0,41.2,False,False
2022,New Hampshire,NH,State Senate,14,general,Sharon Carson,Republican,14631.0,59.1,True,True
2022,New Hampshire,NH,State Senate,14,general,John Robinson,Democratic,10133.0,40.9,False,False
2022,New Hampshire,NH,State Senate,15,general,Becky Whitley,Democratic,16625.0,64.7,True,True
2022,New Hampshire,NH,State Senate,15,general,Linda Rae Banfil,Republican,9071.0,35.3,False,False
2022,New Hampshire,NH,State Senate,16,general,Keith Murphy,Republican,13494.0,53.4,True,False
2022,New Hampshire,NH,State Senate,16,general,June Trisciani,Democratic,11783.0,46.6,False,False
2022,New Hampshire,NH,State Senate,17,general,Howard Pearl,Republican,14878.0,56.8,True,False
2022,New Hampshire,NH,State Senate,17,general,Christine M. Tappan,Democratic,11311.0,43.2,False,False
2022,New Hampshire,NH,State Senate,18,general,Donna Soucy,Democratic,9920.0,52.4,True,True
2022,New Hampshire,NH,State Senate,18,general,George Lambert,Republican,9015.0,47.6,False,False
2022,New Hampshire,NH,State Senate,19,general,Regina Birdsell,Republican,15143.0,100.0,True,True
2022,New Hampshire,NH,State Senate,20,general,Lou D'Allesandro,Democratic,9859.0,57.8,True,True
2022,New Hampshire,NH,State Senate,20,general,Richard H. Girard,Republican,7172.0,42.0,False,False
2022,New Hampshire,NH,State Senate,21,general,Rebecca Perkins Kwoka,Democratic,20084.0,100.0,True,True
2022,New Hampshire,NH,State Senate,22,general,Daryl Abbas,Republican,16622.0,62.6,True,False
2022,New Hampshire,NH,State Senate,22,general,Wayne Haubner,Democratic,9927.0,37.4,False,False
2022,New Hampshire,NH,State Senate,23,general,Brenda Oldak,Democratic,11064.0,39.5,False,False
2022,New Hampshire,NH,State Senate,23,general,Bill Gannon,Republican,16902.0,60.4,True,True
2022,New Hampshire,NH,State Senate,24,general,Debra Altschiller,Democratic,18020.0,55.7,True,False
2022,New Hampshire,NH,State Senate,24,general,Lou Gargiulo,Republican,14308.0,44.3,False,False
2022,North Carolina,NC,State Senate,1,general,Norman Sanderson,Republican,61486.0,100.0,True,True
2022,North Carolina,NC,State Senate,2,general,Jim Perry,Republican,53067.0,100.0,True,True
2022,North Carolina,NC,State Senate,3,general,Bobby Hanig,Republican,37984.0,52.53,True,True
2022,North Carolina,NC,State Senate,3,general,Valerie Jordan,Democratic,34320.0,47.47,False,False
2022,North Carolina,NC,State Senate,4,general,Buck Newton,Republican,38638.0,57.51,True,False
2022,North Carolina,NC,State Senate,4,general,Toby Fitch,Democratic,28543.0,42.49,False,True
2022,North Carolina,NC,State Senate,5,general,Kandie Smith,Democratic,36557.0,52.23,True,False
2022,North Carolina,NC,State Senate,5,general,Karen Kozel,Republican,33432.0,47.77,False,False
2022,North Carolina,NC,State Senate,6,general,Michael Lazzara,Republican,33339.0,100.0,True,True
2022,North Carolina,NC,State Senate,7,general,Michael Lee,Republican,44908.0,50.97,True,True
2022,North Carolina,NC,State Senate,7,general,Marcia Morgan,Democratic,43198.0,49.03,False,False
2022,North Carolina,NC,State Senate,8,general,Bill Rabon,Republican,67693.0,100.0,True,True
2022,North Carolina,NC,State Senate,9,general,Brent Jackson,Republican,50252.0,100.0,True,True
2022,North Carolina,NC,State Senate,10,general,Benton Sawrey,Republican,48083.0,63.9,True,False
2022,North Carolina,NC,State Senate,10,general,Gettys Cohen Jr.,Democratic,27165.0,36.1,False,False
2022,North Carolina,NC,State Senate,11,general,Lisa Stone Barnes,Republican,41701.0,54.85,True,True
2022,North Carolina,NC,State Senate,11,general,Mark Speed,Democratic,34333.0,45.15,False,False
2022,North Carolina,NC,State Senate,12,general,Jim Burgin,Republican,36304.0,63.45,True,True
2022,North Carolina,NC,State Senate,12,general,Richard Chapman,Democratic,20914.0,36.55,False,False
2022,North Carolina,NC,State Senate,13,general,Lisa Grafstein,Democratic,50937.0,62.34,True,False
2022,North Carolina,NC,State Senate,13,general,David Bankert,Republican,28001.0,34.27,False,False
2022,North Carolina,NC,State Senate,13,general,Michael C. Munger,Libertarian,2769.0,3.39,False,False
2022,North Carolina,NC,State Senate,14,general,Dan Blue,Democratic,45020.0,68.97,True,True
2022,North Carolina,NC,State Senate,14,general,Chris Baker,Republican,18378.0,28.16,False,False
2022,North Carolina,NC,State Senate,14,general,Matthew Laszacs,Libertarian,1875.0,2.87,False,False
2022,North Carolina,NC,State Senate,15,general,Jay Chaudhuri,Democratic,52472.0,67.52,True,True
2022,North Carolina,NC,State Senate,15,general,Emanuela Prister,Republican,22776.0,29.31,False,False
2022,North Carolina,NC,State Senate,15,general,Sammie Brooks,Libertarian,2463.0,3.17,False,False
2022,North Carolina,NC,State Senate,16,general,Gale Adcock,Democratic,49204.0,65.18,True,False
2022,North Carolina,NC,State Senate,16,general,James Powers,Republican,23161.0,30.68,False,False
2022,North Carolina,NC,State Senate,16,general,Dee Watson,Libertarian,1771.0,2.35,False,False
2022,North Carolina,NC,State Senate,16,general,Michael Trudeau,Green,1348.0,1.79,False,False
2022,North Carolina,NC,State Senate,17,general,Sydney Batch,Democratic,45279.0,51.83,True,True
2022,North Carolina,NC,State Senate,17,general,Mark Cavaliero,Republican,40167.0,45.97,False,False
2022,North Carolina,NC,State Senate,17,general,Patrick J. Bowersox,Libertarian,1922.0,2.2,False,False
2022,North Carolina,NC,State Senate,18,general,Mary Wills Bode,Democratic,42783.0,51.36,True,False
2022,North Carolina,NC,State Senate,18,general,E. C. Sykes,Republican,38296.0,45.97,False,False
2022,North Carolina,NC,State Senate,18,general,Ryan Brown,Libertarian,2219.0,2.66,False,False
2022,North Carolina,NC,State Senate,19,general,Val Applewhite,Democratic,30755.0,52.7,True,False
2022,North Carolina,NC,State Senate,19,general,Wesley Meredith,Republican,27601.0,47.3,False,False
2022,North Carolina,NC,State Senate,20,general,Natalie Murdock,Democratic,64550.0,72.83,True,True
2022,North Carolina,NC,State Senate,20,general,Alvin Reed,Republican,24085.0,27.17,False,False
2022,North Carolina,NC,State Senate,21,general,Tom McInnis,Republican,36468.0,54.63,True,True
2022,North Carolina,NC,State Senate,21,general,Frank McNeill Jr.,Democratic,30281.0,45.37,False,False
2022,North Carolina,NC,State Senate,22,general,Mike Woodard,Democratic,60402.0,78.43,True,True
2022,North Carolina,NC,State Senate,22,general,Larry Coleman,Republican,15070.0,19.57,False,False
2022,North Carolina,NC,State Senate,22,general,Ray Ubinger,Libertarian,1543.0,2.0,False,False
2022,North Carolina,NC,State Senate,23,general,Graig Meyer,Democratic,59973.0,67.3,True,False
2022,North Carolina,NC,State Senate,23,general,Landon Woods,Republican,29140.0,32.7,False,False
2022,North Carolina,NC,State Senate,24,general,Danny Britt,Republican,28761.0,58.32,True,True
2022,North Carolina,NC,State Senate,24,general,"Darrel ""BJ"" Gibson Jr.",Democratic,20551.0,41.68,False,False
2022,North Carolina,NC,State Senate,25,general,Amy Galey,Republican,47355.0,62.82,True,True
2022,North Carolina,NC,State Senate,25,general,Sean C. Ewing,Democratic,28031.0,37.18,False,False
2022,North Carolina,NC,State Senate,26,general,Phil Berger,Republican,54717.0,85.2,True,True
2022,North Carolina,NC,State Senate,26,general,Alvin D. Robinson (write-in),Independent (politician),1624.0,2.53,False,False
2022,North Carolina,NC,State Senate,27,general,Michael Garrett,Democratic,37055.0,54.5,True,True
2022,North Carolina,NC,State Senate,27,general,"Richard ""Josh"" Sessoms",Republican,30932.0,45.5,False,False
2022,North Carolina,NC,State Senate,28,general,Gladys Robinson,Democratic,46455.0,73.05,True,True
2022,North Carolina,NC,State Senate,28,general,Paul Schumacher,Republican,17140.0,26.95,False,False
2022,North Carolina,NC,State Senate,29,general,Dave Craven,Republican,51618.0,73.05,True,True
2022,North Carolina,NC,State Senate,29,general,Brooke Crump,Democratic,19048.0,26.95,False,False
2022,North Carolina,NC,State Senate,30,general,Steve Jarvis,Republican,59091.0,76.6,True,True
2022,North Carolina,NC,State Senate,30,general,Monique D. Johnson,Democratic,18051.0,23.4,False,False
2022,North Carolina,NC,State Senate,31,general,Joyce Krawiec,Republican,48815.0,100.0,True,True
2022,North Carolina,NC,State Senate,32,general,Paul Lowe Jr.,Democratic,46986.0,59.32,True,True
2022,North Carolina,NC,State Senate,32,general,George K. Ware,Republican,32220.0,40.68,False,False
2022,North Carolina,NC,State Senate,33,general,Carl Ford,Republican,52235.0,73.27,True,True
2022,North Carolina,NC,State Senate,33,general,"Tangela ""Lucy Horne"" Morgan",Democratic,19058.0,26.73,False,False
2022,North Carolina,NC,State Senate,34,general,Paul Newton,Republican,40991.0,56.9,True,True
2022,North Carolina,NC,State Senate,34,general,Keshia Sandidge,Democratic,31044.0,43.1,False,False
2022,North Carolina,NC,State Senate,35,general,Todd Johnson,Republican,58501.0,100.0,True,True
2022,North Carolina,NC,State Senate,36,general,Eddie Settle,Republican,65973.0,100.0,True,False
2022,North Carolina,NC,State Senate,37,general,Vickie Sawyer,Republican,63763.0,100.0,True,True
2022,North Carolina,NC,State Senate,38,general,Mujtaba Mohammed,Democratic,53072.0,100.0,True,True
2022,North Carolina,NC,State Senate,39,general,DeAndrea Salvador,Democratic,47284.0,63.86,True,True
2022,North Carolina,NC,State Senate,39,general,Mark Robeson,Republican,26760.0,36.14,False,False
2022,North Carolina,NC,State Senate,40,general,Joyce Waddell,Democratic,36799.0,67.21,True,True
2022,North Carolina,NC,State Senate,40,general,Bobbie Shields,Republican,17954.0,32.79,False,False
2022,North Carolina,NC,State Senate,41,general,Natasha Marcus,Democratic,46358.0,66.52,True,True
2022,North Carolina,NC,State Senate,41,general,Bonni Leone,Republican,23331.0,33.48,False,False
2022,North Carolina,NC,State Senate,42,general,Rachel Hunt,Democratic,47621.0,54.96,True,False
2022,North Carolina,NC,State Senate,42,general,Cheryl Russo,Republican,39024.0,45.04,False,False
2022,North Carolina,NC,State Senate,43,general,Brad Overcash,Republican,48218.0,100.0,True,False
2022,North Carolina,NC,State Senate,44,general,Ted Alexander,Republican,58525.0,100.0,True,True
2022,North Carolina,NC,State Senate,45,general,Dean Proctor,Republican,61327.0,100.0,True,True
2022,North Carolina,NC,State Senate,46,general,Warren Daniel,Republican,47709.0,60.25,True,True
2022,North Carolina,NC,State Senate,46,general,Billy Martin,Democratic,31478.0,39.75,False,False
2022,North Carolina,NC,State Senate,47,general,Ralph Hise,Republican,62436.0,100.0,True,True
2022,North Carolina,NC,State Senate,48,general,Tim Moffitt,Republican,54223.0,64.79,True,False
2022,North Carolina,NC,State Senate,48,general,Jay Carey,Democratic,29466.0,35.21,False,False
2022,North Carolina,NC,State Senate,49,general,Julie Mayfield,Democratic,56351.0,65.7,True,True
2022,North Carolina,NC,State Senate,49,general,John Anderson,Republican,29417.0,34.3,False,False
2022,North Carolina,NC,State Senate,50,general,Kevin Corbin,Republican,59534.0,66.24,True,True
2022,North Carolina,NC,State Senate,50,general,Karen Burnette McCracken,Democratic,30347.0,33.76,False,False
2022,North Dakota,ND,State Senate,1,general,Brad Bekkedahl,Republican,2939.0,100.0,True,True
2022,North Dakota,ND,State Senate,3,general,Bob Paulson,Republican,2941.0,100.0,True,False
2022,North Dakota,ND,State Senate,5,general,Randy Burckhard,Republican,3795.0,100.0,True,True
2022,North Dakota,ND,State Senate,6,general,Shawn Vedaa,Republican,5677.0,79.45,True,True
2022,North Dakota,ND,State Senate,6,general,Robert Tolar,Independent (politician),1468.0,20.55,False,False
2022,North Dakota,ND,State Senate,7,general,Michelle Axtman,Republican,5386.0,100.0,True,False
2022,North Dakota,ND,State Senate,8,general,Jeffery Magrum,Republican,5828.0,100.0,True,False
2022,North Dakota,ND,State Senate,9,general,Kent Weston,Republican,2335.0,53.8,True,False
2022,North Dakota,ND,State Senate,9,general,Richard Marcellais,North Dakota Democratic-nonpartisan League,2005.0,46.2,False,True
2022,North Dakota,ND,State Senate,10,general,Ryan Braunberger,North Dakota Democratic-nonpartisan League,1575.0,50.79,True,False
2022,North Dakota,ND,State Senate,10,general,Curtis Olafson,Republican,1526.0,49.21,False,False
2022,North Dakota,ND,State Senate,11,general,Tim Mathern,North Dakota Democratic-nonpartisan League,3627.0,100.0,True,True
2022,North Dakota,ND,State Senate,13,general,Judy Lee,Republican,4441.0,100.0,True,True
2022,North Dakota,ND,State Senate,15,general,Judy Estenson,Republican,3417.0,65.9,True,False
2022,North Dakota,ND,State Senate,15,general,Collette Brown,North Dakota Democratic-nonpartisan League,1768.0,34.1,False,False
2022,North Dakota,ND,State Senate,17,general,Jonathan Sickler,Republican,4025.0,100.0,True,True
2022,North Dakota,ND,State Senate,19,general,Janne Myrdal,Republican,4369.0,75.84,True,True
2022,North Dakota,ND,State Senate,19,general,Travis Hipsher,North Dakota Democratic-nonpartisan League,1392.0,24.16,False,False
2022,North Dakota,ND,State Senate,20,general,Randy Lemm,Republican,4262.0,71.24,True,True
2022,North Dakota,ND,State Senate,20,general,Paul R. Hanson,North Dakota Democratic-nonpartisan League,1721.0,28.76,False,False
2022,North Dakota,ND,State Senate,21,general,Kathy Hogan,North Dakota Democratic-nonpartisan League,2283.0,62.57,True,True
2022,North Dakota,ND,State Senate,21,general,William Kloubec,Republican,1366.0,37.43,False,False
2022,North Dakota,ND,State Senate,23,general,Todd Beard,Republican,1518.0,100.0,True,False
2022,North Dakota,ND,State Senate,25,general,Larry Luick,Republican,3782.0,63.52,True,True
2022,North Dakota,ND,State Senate,25,general,Jim Dotzenrod,North Dakota Democratic-nonpartisan League,2172.0,36.48,False,False
2022,North Dakota,ND,State Senate,26,general,Dale Patten,Republican,3815.0,100.0,True,True
2022,North Dakota,ND,State Senate,27,general,Kristin Roers,Republican,3023.0,59.22,True,True
2022,North Dakota,ND,State Senate,27,general,Sonja Kaye,North Dakota Democratic-nonpartisan League,2082.0,40.78,False,False
2022,North Dakota,ND,State Senate,28,general,Robert (Bob) Erbele,Republican,5633.0,100.0,True,True
2022,North Dakota,ND,State Senate,29,general,Terry Wanzek,Republican,4828.0,73.01,True,True
2022,North Dakota,ND,State Senate,29,general,Ben Vig,North Dakota Democratic-nonpartisan League,1785.0,26.99,False,False
2022,North Dakota,ND,State Senate,31,general,Donald Schaible,Republican,4192.0,100.0,True,True
2022,North Dakota,ND,State Senate,33,general,Keith Boehm,Republican,6378.0,100.0,True,False
2022,North Dakota,ND,State Senate,35,general,Sean Cleary,Republican,3644.0,60.23,True,False
2022,North Dakota,ND,State Senate,35,general,Tracy Potter,North Dakota Democratic-nonpartisan League,2406.0,39.77,False,True
2022,North Dakota,ND,State Senate,36,general,Jay Elkin,Republican,3913.0,100.0,True,True
2022,North Dakota,ND,State Senate,37,general,Dean Rummel,Republican,3468.0,100.0,True,False
2022,North Dakota,ND,State Senate,39,general,Greg Kessel,Republican,4421.0,70.57,True,False
2022,North Dakota,ND,State Senate,39,general,Thea Lee,Independent (politician),1844.0,29.43,False,False
2022,North Dakota,ND,State Senate,41,general,Kyle Davison,Republican,4301.0,100.0,True,True
2022,North Dakota,ND,State Senate,43,general,Jeff Barta,Republican,1963.0,53.04,True,False
2022,North Dakota,ND,State Senate,43,general,JoNell Bakke,North Dakota Democratic-nonpartisan League,1738.0,46.96,False,True
2022,North Dakota,ND,State Senate,44,general,Merrill Piepkorn,North Dakota Democratic-nonpartisan League,2731.0,62.39,True,True
2022,North Dakota,ND,State Senate,44,general,Bjorn G. Altenburg,Republican,1646.0,37.61,False,False
2022,North Dakota,ND,State Senate,45,general,Ronald Sorvaag,Republican,3935.0,100.0,True,True
2022,North Dakota,ND,State Senate,47,general,Mike Dwyer,Republican,5413.0,100.0,True,True
2022,Oklahoma,OK,State Senate,2,general,Ally Seifried,Republican,20951.0,73.67,True,False
2022,Oklahoma,OK,State Senate,2,general,Jennifer Esau,Democratic,7488.0,26.33,False,False
2022,Oklahoma,OK,State Senate,4,general,Tom Woods,Republican,3930.0,59.55,True,False
2022,Oklahoma,OK,State Senate,4,general,Keith A. Barenberg,Republican,2670.0,40.45,False,False
2022,Oklahoma,OK,State Senate,22,general,Kristen Thompson,Republican,19876.0,63.63,True,False
2022,Oklahoma,OK,State Senate,22,general,Blake Aguirre,Democratic,11363.0,36.37,False,False
2022,Oklahoma,OK,State Senate,28,general,Grant Green,Republican,19819.0,76.38,True,False
2022,Oklahoma,OK,State Senate,28,general,Karen Rackley,Democratic,6128.0,23.62,False,False
2022,Oklahoma,OK,State Senate,30,general,Julia Kirt,Democratic,10199.0,59.21,True,False
2022,Oklahoma,OK,State Senate,30,general,Lori Callahan,Republican,7025.0,40.79,False,False
2022,Oklahoma,OK,State Senate,32,general,John Montgomery,Republican,10365.0,67.42,True,False
2022,Oklahoma,OK,State Senate,32,general,Johnny Jernigan,Democratic,5009.0,32.58,False,False
2022,Oklahoma,OK,State Senate,34,general,Dana Prieto,Republican,10069.0,55.63,True,False
2022,Oklahoma,OK,State Senate,34,general,J. J. Dossett,Democratic,8032.0,44.37,False,False
2022,Oregon,OR,State Senate,3,general,Jeff Golden,Democratic,33468.0,51.89,True,True
2022,Oregon,OR,State Senate,3,general,Randy Sparacino,Republican,30980.0,48.03,False,False
2022,Oregon,OR,State Senate,4,general,Floyd Prozanski,Democratic,43219.0,81.68,True,True
2022,Oregon,OR,State Senate,4,general,Eric Pinnell,Libertarian,9295.0,17.57,False,False
2022,Oregon,OR,State Senate,6,general,Cedric Ross Hayden,Republican,45104.0,65.22,True,False
2022,Oregon,OR,State Senate,6,general,Ashley Pelton,Democratic,23926.0,34.6,False,False
2022,Oregon,OR,State Senate,7,general,James Manning Jr.,Democratic,42101.0,64.35,True,True
2022,Oregon,OR,State Senate,7,general,Raquel M. Ivie,Republican,23077.0,35.27,False,False
2022,Oregon,OR,State Senate,8,general,Sara Gelser Blouin,Democratic,37815.0,59.75,True,True
2022,Oregon,OR,State Senate,8,general,Valerie Draper Woldeit,Republican,25375.0,40.1,False,False
2022,Oregon,OR,State Senate,10,general,Deb Patterson,Democratic,32007.0,53.4,True,True
2022,Oregon,OR,State Senate,10,general,Raquel Moore-Green,Republican,27853.0,46.47,False,False
2022,Oregon,OR,State Senate,11,general,Kim Thatcher,Republican,22238.0,52.45,True,True
2022,Oregon,OR,State Senate,11,general,"Richard ""Rich"" Walsh",Democratic,20054.0,47.3,False,False
2022,Oregon,OR,State Senate,13,general,Aaron Woods,Democratic,37474.0,58.02,True,False
2022,Oregon,OR,State Senate,13,general,John D. Velez,Republican,27045.0,41.87,False,False
2022,Oregon,OR,State Senate,15,general,Janeen Sollman,Democratic,28225.0,55.47,True,True
2022,Oregon,OR,State Senate,15,general,Carolina Malmedal,Republican,22566.0,44.35,False,False
2022,Oregon,OR,State Senate,16,general,Suzanne Weber,Republican,41144.0,56.51,True,False
2022,Oregon,OR,State Senate,16,general,Melissa Busch,Democratic,31585.0,43.38,False,False
2022,Oregon,OR,State Senate,17,general,Elizabeth Steiner Hayward,Democratic,46647.0,78.92,True,True
2022,Oregon,OR,State Senate,17,general,John Verbeek,Republican,12377.0,20.94,False,False
2022,Oregon,OR,State Senate,18,special general,Wlnsvey Campos,Democratic,30534.0,56.5,True,False
2022,Oregon,OR,State Senate,18,special general,Kimberly Rice,Republican,17848.0,33.03,False,False
2022,Oregon,OR,State Senate,18,special general,Rich Vial,Nonpartisan,5599.0,10.36,False,False
2022,Oregon,OR,State Senate,19,general,Rob Wagner,Democratic,48309.0,66.03,True,True
2022,Oregon,OR,State Senate,19,general,Ben Edtl,Republican,24767.0,33.85,False,False
2022,Oregon,OR,State Senate,20,general,Mark Meek,Democratic,31317.0,50.33,True,False
2022,Oregon,OR,State Senate,20,general,Bill Kennemer,Republican,30814.0,49.52,False,True
2022,Oregon,OR,State Senate,24,general,Kayse Jama,Democratic,27021.0,58.72,True,True
2022,Oregon,OR,State Senate,24,general,Stan Catherman,Republican,18948.0,41.17,False,False
2022,Oregon,OR,State Senate,26,general,Daniel G. Bonham,Republican,40351.0,59.09,True,False
2022,Oregon,OR,State Senate,26,general,Raz Mason,Democratic,27850.0,40.78,False,False
2022,Pennsylvania,PA,State Senate,5,special general,Jimmy Dillon,Democratic,17339.0,56.69,True,False
2022,Pennsylvania,PA,State Senate,5,special general,Sam Oropeza,Republican,13246.0,43.31,False,False
2022,Rhode Island,RI,State Senate,1,general,Maryellen Goodwin,Democratic,3138.0,81.34,True,True
2022,Rhode Island,RI,State Senate,1,general,Niyoka P. Powell,Independent (politician),720.0,18.66,False,False
2022,Rhode Island,RI,State Senate,2,general,Ana B. Quezada,Democratic,2979.0,100.0,True,True
2022,Rhode Island,RI,State Senate,3,general,Samuel D. Zurier,Democratic,7008.0,100.0,True,True
2022,Rhode Island,RI,State Senate,4,general,Dominick J. Ruggerio,Democratic,6892.0,100.0,True,True
2022,Rhode Island,RI,State Senate,5,general,Sam Bell,Democratic,5795.0,100.0,True,True
2022,Rhode Island,RI,State Senate,6,general,Tiara T. Mack,Democratic,3521.0,84.82,True,True
2022,Rhode Island,RI,State Senate,6,general,Adriana J. Bonilla,Republican,630.0,15.18,False,False
2022,Rhode Island,RI,State Senate,7,general,Frank Anthony Ciccone,Democratic,3136.0,100.0,True,True
2022,Rhode Island,RI,State Senate,8,general,Sandra C. Cano,Democratic,3510.0,67.66,True,True
2022,Rhode Island,RI,State Senate,8,general,Cathyann Palocsik,Republican,1678.0,32.34,False,False
2022,Rhode Island,RI,State Senate,9,general,John P. Burke,Democratic,5027.0,55.67,True,True
2022,Rhode Island,RI,State Senate,9,general,"Donald R. Raupp, Jr.",Republican,4003.0,44.33,False,False
2022,Rhode Island,RI,State Senate,10,general,"Walter S. Felag, Jr.",Democratic,6378.0,60.08,True,True
2022,Rhode Island,RI,State Senate,10,general,Allyn E. Meyers,Republican,4237.0,39.92,False,False
2022,Rhode Island,RI,State Senate,11,general,Linda L. Ujifusa,Democratic,5708.0,54.94,True,False
2022,Rhode Island,RI,State Senate,11,general,Kenneth J. Mendonca,Republican,3985.0,38.36,False,False
2022,Rhode Island,RI,State Senate,11,general,Andrew V. Kelly,Independent (politician),375.0,3.61,False,False
2022,Rhode Island,RI,State Senate,11,general,Mario J. Teixeira,Independent (politician),321.0,3.09,False,False
2022,Rhode Island,RI,State Senate,12,general,Louis P. DiPalma,Democratic,7614.0,67.17,True,True
2022,Rhode Island,RI,State Senate,12,general,Stephen J. Horridge,Republican,3722.0,32.83,False,False
2022,Rhode Island,RI,State Senate,13,general,Dawn M. Euer,Democratic,6529.0,70.86,True,True
2022,Rhode Island,RI,State Senate,13,general,David A. Quiroa,Republican,2685.0,29.14,False,False
2022,Rhode Island,RI,State Senate,14,general,Valarie J. Lawson,Democratic,4856.0,59.91,True,True
2022,Rhode Island,RI,State Senate,14,general,David V. O'Connell,Republican,2697.0,33.28,False,False
2022,Rhode Island,RI,State Senate,14,general,Nicholas Alexander Ferrara,Independent (politician),552.0,6.81,False,False
2022,Rhode Island,RI,State Senate,15,general,Meghan E. Kallman,Democratic,4953.0,81.05,True,True
2022,Rhode Island,RI,State Senate,15,general,Barbara J. Quigley,Republican,1158.0,18.95,False,False
2022,Rhode Island,RI,State Senate,16,general,Jonathon Acosta,Democratic,1572.0,71.88,True,True
2022,Rhode Island,RI,State Senate,16,general,Elizabeth A. Crowley,Independent (politician),615.0,28.12,False,False
2022,Rhode Island,RI,State Senate,17,general,Thomas J. Paolino,Republican,5314.0,46.84,True,True
2022,Rhode Island,RI,State Senate,17,general,"John W. Lyle, Jr.",Independent (politician),3178.0,28.01,False,False
2022,Rhode Island,RI,State Senate,17,general,Cameron Joseph Deutsch,Democratic,2852.0,25.14,False,False
2022,Rhode Island,RI,State Senate,18,general,Robert Britto,Democratic,5268.0,66.06,True,False
2022,Rhode Island,RI,State Senate,18,general,Anna Maria Peters,Republican,2706.0,33.94,False,False
2022,Rhode Island,RI,State Senate,19,general,Ryan W. Pearson,Democratic,6128.0,59.59,True,True
2022,Rhode Island,RI,State Senate,19,general,Dionne Marie Larson,Republican,4156.0,40.41,False,False
2022,Rhode Island,RI,State Senate,20,general,Roger A. Picard,Democratic,4532.0,60.49,True,True
2022,Rhode Island,RI,State Senate,20,general,Jonathan Matthew Resendes,Republican,2960.0,39.51,False,False
2022,Rhode Island,RI,State Senate,21,general,Gordon E. Rogers,Republican,8319.0,64.51,True,True
2022,Rhode Island,RI,State Senate,21,general,Giang Bui,Democratic,4577.0,35.49,False,False
2022,Rhode Island,RI,State Senate,22,general,David Tikoian,Democratic,5869.0,53.6,True,False
2022,Rhode Island,RI,State Senate,22,general,Paul M. Santucci,Republican,5081.0,46.4,False,False
2022,Rhode Island,RI,State Senate,23,general,Jessica de la Cruz,Republican,9213.0,100.0,True,True
2022,Rhode Island,RI,State Senate,24,general,Melissa A. Murray,Democratic,2763.0,56.4,True,True
2022,Rhode Island,RI,State Senate,24,general,Craig J. Lacouture,Republican,2136.0,43.6,False,False
2022,Rhode Island,RI,State Senate,25,general,"Frank Lombardo, III",Democratic,7257.0,100.0,True,True
2022,Rhode Island,RI,State Senate,26,general,Frank S. Lombardi,Democratic,5635.0,57.72,True,True
2022,Rhode Island,RI,State Senate,26,general,Joseph A. Powers,Republican,4128.0,42.28,False,False
2022,Rhode Island,RI,State Senate,27,general,Hanna M. Gallo,Democratic,8432.0,100.0,True,True
2022,Rhode Island,RI,State Senate,28,general,Joshua Miller,Democratic,6480.0,100.0,True,True
2022,Rhode Island,RI,State Senate,29,general,Anthony DeLuca II,Republican,5257.0,52.42,True,False
2022,Rhode Island,RI,State Senate,29,general,Jennifer T. Rourke,Democratic,4772.0,47.58,False,False
2022,Rhode Island,RI,State Senate,30,general,Mark P. McKenney,Democratic,7338.0,57.36,True,False
2022,Rhode Island,RI,State Senate,30,general,Marjorie Ann Tudino,Republican,5454.0,42.64,False,False
2022,Rhode Island,RI,State Senate,31,general,Matthew L. LaMountain,Democratic,7016.0,61.49,True,False
2022,Rhode Island,RI,State Senate,31,general,Lisa Morse,Republican,4394.0,38.51,False,False
2022,Rhode Island,RI,State Senate,32,general,Pamela J. Lauria,Democratic,8218.0,62.09,True,False
2022,Rhode Island,RI,State Senate,32,general,Rhonda Holmes,Republican,5017.0,37.91,False,False
2022,Rhode Island,RI,State Senate,33,general,Leonidas P. Raptakis,Democratic,8438.0,100.0,True,True
2022,Rhode Island,RI,State Senate,34,general,Elaine J. Morgan,Republican,7178.0,54.83,True,True
2022,Rhode Island,RI,State Senate,34,general,Jennifer C. Douglas,Democratic,5913.0,45.17,False,False
2022,Rhode Island,RI,State Senate,35,general,Bridget G. Valverde,Democratic,8051.0,57.11,True,True
2022,Rhode Island,RI,State Senate,35,general,Doreen M. Costa,Republican,6047.0,42.89,False,False
2022,Rhode Island,RI,State Senate,36,general,Alana M. DiMario,Democratic,8475.0,57.29,True,True
2022,Rhode Island,RI,State Senate,36,general,Patrick W. Murray,Republican,6317.0,42.71,False,False
2022,Rhode Island,RI,State Senate,37,general,Virginia S. Sosnowski,Democratic,6077.0,57.8,True,True
2022,Rhode Island,RI,State Senate,37,general,Raymond E. Gardner,Republican,3084.0,29.34,False,False
2022,Rhode Island,RI,State Senate,37,general,Anita Norton Jacobson,Independent (politician),1352.0,12.86,False,False
2022,Rhode Island,RI,State Senate,38,general,Victoria Gu,Democratic,5957.0,46.47,True,False
2022,Rhode Island,RI,State Senate,38,general,Westin J. Place,Republican,3524.0,27.49,False,False
2022,Rhode Island,RI,State Senate,38,general,"Caswell Cooke, Jr.",Independent (politician),3339.0,26.05,False,False
2022,South Dakota,SD,State Senate,1,general,Michael H. Rohl,Republican,6098.0,58.9,True,True
2022,South Dakota,SD,State Senate,1,general,Susan Wismer,Independent (politician),4256.0,41.1,False,False
2022,South Dakota,SD,State Senate,2,general,Steve Kolbeck,Republican,7810.0,100.0,True,False
2022,South Dakota,SD,State Senate,3,general,Al Novstrup,Republican,5698.0,100.0,True,True
2022,South Dakota,SD,State Senate,4,general,John Wiik,Republican,8917.0,100.0,True,True
2022,South Dakota,SD,State Senate,5,general,Lee Schoenbeck,Republican,6743.0,100.0,True,True
2022,South Dakota,SD,State Senate,6,general,Herman Otten,Republican,6513.0,100.0,True,True
2022,South Dakota,SD,State Senate,7,general,Tim Reed,Republican,6263.0,100.0,True,False
2022,South Dakota,SD,State Senate,8,general,Casey Crabtree,Republican,8926.0,100.0,True,True
2022,South Dakota,SD,State Senate,9,general,Brent Hoffman,Republican,6024.0,100.0,True,False
2022,South Dakota,SD,State Senate,10,general,Liz Larson,Democratic,4488.0,56.69,True,False
2022,South Dakota,SD,State Senate,10,general,Maggie Sutton,Republican,3429.0,43.31,False,True
2022,South Dakota,SD,State Senate,11,general,Jim Stalzer,Republican,5289.0,55.24,True,True
2022,South Dakota,SD,State Senate,11,general,Sheryl L. Johnson,Democratic,4286.0,44.76,False,False
2022,South Dakota,SD,State Senate,12,general,Arch Beal,Republican,4950.0,53.88,True,False
2022,South Dakota,SD,State Senate,12,general,Jessica Meyers,Democratic,4237.0,46.12,False,False
2022,South Dakota,SD,State Senate,13,general,Jack Kolbeck,Republican,7345.0,70.21,True,True
2022,South Dakota,SD,State Senate,13,general,Lora Hubbel,Independent (politician),3116.0,29.79,False,False
2022,South Dakota,SD,State Senate,14,general,Larry P. Zikmund,Republican,5854.0,53.93,True,True
2022,South Dakota,SD,State Senate,14,general,Matthew Tysdal,Democratic,5001.0,46.07,False,False
2022,South Dakota,SD,State Senate,15,general,Reynold F. Nesiba,Democratic,3697.0,52.76,True,True
2022,South Dakota,SD,State Senate,15,general,Brenda Lawrence,Republican,3310.0,47.24,False,False
2022,South Dakota,SD,State Senate,16,general,Jim Bolin,Republican,6770.0,66.2,True,True
2022,South Dakota,SD,State Senate,16,general,Donn Larson,Democratic,2610.0,25.52,False,False
2022,South Dakota,SD,State Senate,16,general,Brian J. Burge,Independent (politician),847.0,8.28,False,False
2022,South Dakota,SD,State Senate,17,general,Sydney Davis,Republican,5997.0,100.0,True,False
2022,South Dakota,SD,State Senate,18,general,Jean M. Hunhoff,Republican,5748.0,65.03,True,True
2022,South Dakota,SD,State Senate,18,general,Fredrick Bender,Democratic,3091.0,34.97,False,False
2022,South Dakota,SD,State Senate,19,general,Kyle Schoenfish,Republican,7906.0,81.52,True,True
2022,South Dakota,SD,State Senate,19,general,Russell Graeff,Democratic,1792.0,18.48,False,False
2022,South Dakota,SD,State Senate,20,general,Joshua Klumb,Republican,6968.0,100.0,True,True
2022,South Dakota,SD,State Senate,21,general,Erin Tobin,Republican,7976.0,81.83,True,True
2022,South Dakota,SD,State Senate,21,general,Dan Andersson,Democratic,1771.0,18.17,False,False
2022,South Dakota,SD,State Senate,22,general,David Wheeler,Republican,6581.0,100.0,True,True
2022,South Dakota,SD,State Senate,23,general,Bryan J. Breitling,Republican,7954.0,100.0,True,True
2022,South Dakota,SD,State Senate,24,general,Jim Mehlhaff,Republican,8246.0,100.0,True,False
2022,South Dakota,SD,State Senate,25,general,Tom Pischke,Republican,7868.0,100.0,True,False
2022,South Dakota,SD,State Senate,26,general,Shawn Bordeaux,Democratic,3483.0,58.26,True,False
2022,South Dakota,SD,State Senate,26,general,Joel Koskan,Republican,2495.0,41.74,False,False
2022,South Dakota,SD,State Senate,27,general,Red Dawn Foster,Democratic,3179.0,51.45,True,True
2022,South Dakota,SD,State Senate,27,general,David Jones,Republican,3000.0,48.55,False,False
2022,South Dakota,SD,State Senate,28,general,Ryan M. Maher,Republican,7094.0,100.0,True,True
2022,South Dakota,SD,State Senate,29,general,Dean Wink,Republican,7272.0,100.0,True,False
2022,South Dakota,SD,State Senate,30,general,Julie Frye-Mueller,Republican,9598.0,100.0,True,True
2022,South Dakota,SD,State Senate,31,general,Randy Deibert,Republican,8536.0,100.0,True,False
2022,South Dakota,SD,State Senate,32,general,Helene Duhamel,Republican,4257.0,56.16,True,True
2022,South Dakota,SD,State Senate,32,general,Nicole A. Heenan,Democratic,3323.0,43.84,False,False
2022,South Dakota,SD,State Senate,33,general,David Johnson,Republican,7885.0,75.66,True,True
2022,South Dakota,SD,State Senate,33,general,Darren Freidel,Libertarian,2537.0,24.34,False,False
2022,South Dakota,SD,State Senate,34,general,Michael Diedrich,Republican,7505.0,100.0,True,True
2022,South Dakota,SD,State Senate,35,general,Jessica Castleberry,Republican,6784.0,100.0,True,True
2022,Tennessee,TN,State Senate,1,general,J. Adam Lowe,Republican,38381.0,83.06,True,False
2022,Tennessee,TN,State Senate,1,general,Patricia Waters,Democratic,7828.0,16.94,False,False
2022,Tennessee,TN,State Senate,3,general,Rusty Crowe,Republican,39237.0,74.98,True,False
2022,Tennessee,TN,State Senate,3,general,Kate Craig,Democratic,13099.0,25.02,False,False
2022,Tennessee,TN,State Senate,5,general,Randy McNally,Republican,43402.0,99.99,True,True
2022,Tennessee,TN,State Senate,5,general,Hannah Parton (write-in),Independent,6.0,0.01,False,False
2022,Tennessee,TN,State Senate,7,general,Richard Briggs,Republican,32925.0,62.34,True,False
2022,Tennessee,TN,State Senate,7,general,Brian Langan,Democratic,19894.0,37.66,False,False
2022,Tennessee,TN,State Senate,9,general,Steve Southerland,Republican,39113.0,82.91,True,True
2022,Tennessee,TN,State Senate,9,general,Sara Thompson,Democratic,19894.0,17.09,False,False
2022,Tennessee,TN,State Senate,11,general,Bo Watson,Republican,45593.0,100.0,True,True
2022,Tennessee,TN,State Senate,13,general,Dawn White,Republican,31936.0,64.7,True,True
2022,Tennessee,TN,State Senate,13,general,Kelly Northcutt,Democratic,17427.0,35.3,False,False
2022,Tennessee,TN,State Senate,15,general,Paul Bailey,Republican,45978.0,100.0,True,True
2022,Tennessee,TN,State Senate,17,general,Mark Pody,Republican,39381.0,100.0,True,True
2022,Tennessee,TN,State Senate,19,general,Charlane Oliver,Democratic,30472.0,83.21,True,False
2022,Tennessee,TN,State Senate,19,general,Pime Hernandez,Republican,6150.0,16.79,False,False
2022,Tennessee,TN,State Senate,21,general,Jeff Yarbro,Democratic,33061.0,76.71,True,True
2022,Tennessee,TN,State Senate,21,general,Rueben Dockery,Independent,10038.0,23.29,False,False
2022,Tennessee,TN,State Senate,23,general,Kerry Roberts,Republican,43126.0,100.0,True,True
2022,Tennessee,TN,State Senate,25,general,Ed Jackson,Republican,35766.0,79.4,True,True
2022,Tennessee,TN,State Senate,25,general,Ronnie Henley,Independent,9278.0,20.6,False,False
2022,Tennessee,TN,State Senate,27,general,Jack Johnson,Republican,55443.0,100.0,True,True
2022,Tennessee,TN,State Senate,29,general,Raumesh Akbari,Democratic,30204.0,100.0,True,True
2022,Tennessee,TN,State Senate,31,general,Brent Taylor,Republican,45289.0,66.28,True,False
2022,Tennessee,TN,State Senate,31,general,Ruby Powell-Dennis,Democratic,23041.0,33.72,False,False
2022,Tennessee,TN,State Senate,33,general,London Lamar,Democratic,24617.0,80.57,True,False
2022,Tennessee,TN,State Senate,33,general,Frederick D. Tappan,Republican,5426.0,17.76,False,False
2022,Tennessee,TN,State Senate,33,general,Hastina D. Robinson,Independent,512.0,1.68,False,False
2022,Texas,TX,State Senate,1,general,Bryan Hughes,Republican,,100.0,True,True
2022,Texas,TX,State Senate,2,general,Bob Hall,Republican,172713.0,61.9,True,True
2022,Texas,TX,State Senate,2,general,Prince Giadolor,Democratic,106309.0,38.1,False,False
2022,Texas,TX,State Senate,3,general,Robert Nichols,Republican,213288.0,77.41,True,True
2022,Texas,TX,State Senate,3,general,Steve Russell,Democratic,58285.0,21.16,False,False
2022,Texas,TX,State Senate,3,general,Desarae Lindsey,Libertarian,3941.0,1.43,False,False
2022,Texas,TX,State Senate,4,general,Brandon Creighton,Republican,202341.0,69.94,True,True
2022,Texas,TX,State Senate,4,general,Misty Bishop,Democratic,86946.0,30.06,False,False
2022,Texas,TX,State Senate,5,general,Charles Schwertner,Republican,192146.0,71.57,True,True
2022,Texas,TX,State Senate,5,general,Misty Bishop,Libertarian,76317.0,28.43,False,False
2022,Texas,TX,State Senate,6,general,Carol Alvarado,Democratic,,100.0,True,True
2022,Texas,TX,State Senate,7,general,Paul Bettencourt,Republican,,100.0,True,True
2022,Texas,TX,State Senate,8,general,Angela Paxton,Republican,187754.0,57.69,True,True
2022,Texas,TX,State Senate,8,general,Jonathan Cocks,Democratic,128399.0,39.45,False,False
2022,Texas,TX,State Senate,8,general,Edward Kless,Libertarian,9293.0,2.86,False,False
2022,Texas,TX,State Senate,9,general,Kelly Hancock,Republican,166864.0,60.05,True,True
2022,Texas,TX,State Senate,9,general,Gwenn Burud,Democratic,111019.0,39.95,False,False
2022,Texas,TX,State Senate,10,general,Phil King,Republican,,100.0,True,False
2022,Texas,TX,State Senate,11,general,Mayes Middleton,Republican,,100.0,True,False
2022,Texas,TX,State Senate,12,general,Tan Parker,Republican,213018.0,61.44,True,False
2022,Texas,TX,State Senate,12,general,Francine Ly,Democratic,133679.0,38.56,False,False
2022,Texas,TX,State Senate,13,general,Borris Miles,Democratic,,100.0,True,True
2022,Texas,TX,State Senate,14,general,Sarah Eckhardt,Democratic,265094.0,82.23,True,True
2022,Texas,TX,State Senate,14,general,Steven Haskett,Libertarian,57305.0,17.77,False,False
2022,Texas,TX,State Senate,15,general,John Whitmire,Democratic,159125.0,65.33,True,True
2022,Texas,TX,State Senate,15,general,George Brian Vachris,Republican,84437.0,34.67,False,False
2022,Texas,TX,State Senate,16,general,Nathan Johnson,Democratic,118663.0,61.95,True,True
2022,Texas,TX,State Senate,16,general,Brandon Copeland,Republican,72885.0,38.05,False,False
2022,Texas,TX,State Senate,17,general,Joan Huffman,Republican,179653.0,65.33,True,False
2022,Texas,TX,State Senate,17,general,Titus Benton,Democratic,95320.0,34.67,False,False
2022,Texas,TX,State Senate,18,general,Lois Kolkhorst,Republican,186367.0,66.17,True,False
2022,Texas,TX,State Senate,18,general,Josh Tutt,Democratic,95287.0,33.83,False,False
2022,Texas,TX,State Senate,19,general,Roland Gutierrez,Democratic,117491.0,55.39,True,True
2022,Texas,TX,State Senate,19,general,Robert Garza,Republican,94613.0,44.61,False,False
2022,Texas,TX,State Senate,20,general,Juan Hinojosa,Democratic,102280.0,59.18,True,True
2022,Texas,TX,State Senate,20,general,Westley Wright,Republican,70536.0,40.82,False,False
2022,Texas,TX,State Senate,21,general,Judith Zaffirini,Democratic,129832.0,61.56,True,True
2022,Texas,TX,State Senate,21,general,Julie Dahlberg,Republican,75799.0,35.94,False,False
2022,Texas,TX,State Senate,21,general,Arthur DiBianca,Libertarian,5282.0,2.5,False,False
2022,Texas,TX,State Senate,22,general,Brian Birdwell,Republican,190988.0,74.26,True,False
2022,Texas,TX,State Senate,22,general,Jeremy Schroppel,Libertarian,66204.0,25.74,False,False
2022,Texas,TX,State Senate,23,general,Royce West,Democratic,,100.0,True,True
2022,Texas,TX,State Senate,24,general,Pete Flores,Republican,187598.0,64.32,True,False
2022,Texas,TX,State Senate,24,general,Kathy Jones-Hospod,Democratic,104063.0,35.68,False,False
2022,Texas,TX,State Senate,25,general,Donna Campbell,Republican,243966.0,62.83,True,False
2022,Texas,TX,State Senate,25,general,Robert Walsh,Democratic,144350.0,37.17,False,False
2022,Texas,TX,State Senate,26,general,Jose Menendez,Democratic,140799.0,66.55,True,True
2022,Texas,TX,State Senate,26,general,Ashton Murray,Republican,70773.0,33.45,False,False
2022,Texas,TX,State Senate,27,general,Morgan LaMantia,Democratic,88037.0,50.19,True,False
2022,Texas,TX,State Senate,27,general,Adam Hinojosa,Republican,87378.0,49.81,False,False
2022,Texas,TX,State Senate,28,general,Charles Perry,Republican,,100.0,True,True
2022,Texas,TX,State Senate,29,general,Cesar Blanco,Democratic,111638.0,64.09,True,True
2022,Texas,TX,State Senate,29,general,Derek Zubeldia,Republican,62544.0,35.91,False,False
2022,Texas,TX,State Senate,30,general,Drew Springer,Republican,,100.0,True,True
2022,Texas,TX,State Senate,31,general,Kevin Sparks,Republican,,100.0,True,False
2022,Utah,UT,State Senate,1,general,Scott Sandall,Republican,32597.0,100.0,True,True
2022,Utah,UT,State Senate,5,general,F. Ann Millner,Republican,19336.0,64.39,True,True
2022,Utah,UT,State Senate,5,general,Michael Blodgett,Democratic,10695.0,35.61,False,False
2022,Utah,UT,State Senate,6,general,Jerry Stevenson,Republican,26670.0,100.0,True,True
2022,Utah,UT,State Senate,7,general,J. Stuart Adams,Republican,27309.0,71.94,True,True
2022,Utah,UT,State Senate,7,general,Kimberly Wagner,United Utah,10651.0,28.06,False,False
2022,Utah,UT,State Senate,9,general,Jen Plumb,Democratic,32817.0,99.36,True,False
2022,Utah,UT,State Senate,9,general,Vance Hansen (write-in),Independent (politician),213.0,0.64,False,False
2022,Utah,UT,State Senate,11,general,Daniel Thatcher,Republican,24680.0,100.0,True,True
2022,Utah,UT,State Senate,12,general,Karen Mayne,Democratic,13450.0,57.23,True,True
2022,Utah,UT,State Senate,12,general,Linda L. Paulson,Republican,10051.0,42.77,False,False
2022,Utah,UT,State Senate,13,general,Nate Blouin,Democratic,22311.0,71.76,True,False
2022,Utah,UT,State Senate,13,general,Roger L. Stout,Republican,8781.0,28.24,False,False
2022,Utah,UT,State Senate,14,general,Stephanie Pitcher,Democratic,32369.0,62.21,True,False
2022,Utah,UT,State Senate,14,general,Dan Sorensen,Republican,18737.0,36.01,False,False
2022,Utah,UT,State Senate,14,general,Dennis Roach,United Utah,929.0,1.79,False,False
2022,Utah,UT,State Senate,18,general,Daniel McCay,Republican,23873.0,66.39,True,True
2022,Utah,UT,State Senate,18,general,Catherine Voutaz,Democratic,10246.0,28.49,False,False
2022,Utah,UT,State Senate,18,general,Jed C. Nordfelt,United Utah,1842.0,5.12,False,False
2022,Utah,UT,State Senate,19,general,Kirk Cullimore Jr.,Republican,28020.0,58.44,True,True
2022,Utah,UT,State Senate,19,general,Parker Bond,Democratic,16626.0,34.68,False,False
2022,Utah,UT,State Senate,19,general,Tyler L. Peterson,United Utah,3301.0,6.88,False,False
2022,Utah,UT,State Senate,20,general,Ronald Winterton,Republican,27781.0,68.7,True,True
2022,Utah,UT,State Senate,20,general,Jill M. Fellow,Democratic,12655.0,31.3,False,False
2022,Utah,UT,State Senate,21,general,Mike Kennedy,Republican,35671.0,100.0,True,True
2022,Utah,UT,State Senate,23,general,Keith Grover,Republican,24931.0,100.0,True,True
2022,Utah,UT,State Senate,28,general,Evan Vickers,Republican,30147.0,80.89,True,True
2022,Utah,UT,State Senate,28,general,Barry Evan Short,Libertarian,3766.0,10.11,False,False
2022,Utah,UT,State Senate,28,general,Patricia A. Bradford,United Utah,3354.0,9.0,False,False
2022,Vermont,VT,State Senate,ADDISON SENATE,general,Christopher Bray,Democratic,11898.0,33.8,True,True
2022,Vermont,VT,State Senate,ADDISON SENATE,general,Ruth Hardy,Democratic,11732.0,33.3,True,True
2022,Vermont,VT,State Senate,ADDISON SENATE,general,Lloyd Dike,Republican,5766.0,16.4,False,False
2022,Vermont,VT,State Senate,ADDISON SENATE,general,Robert Burton,Republican,4951.0,14.0,False,False
2022,Vermont,VT,State Senate,ADDISON SENATE,general,Mason Wade,Independent,846.0,2.4,False,False
2022,Vermont,VT,State Senate,BENNINGTON SENATE,general,Dick Sears,Democratic/republican,12181.0,51.1,True,True
2022,Vermont,VT,State Senate,BENNINGTON SENATE,general,Brian Campion,Democratic,11326.0,47.6,True,True
2022,Vermont,VT,State Senate,CALEDONIA SENATE,general,Jane Kitchel,Democratic,6210.0,63.4,True,True
2022,Vermont,VT,State Senate,CALEDONIA SENATE,general,J.T. Dodge,Republican,3565.0,36.4,False,False
2022,Vermont,VT,State Senate,ESSEX SENATE,general,Russ Ingalls,Republican/democratic,6485.0,95.3,True,True
2022,Vermont,VT,State Senate,FRANKLIN SENATE,general,Randy Brock,Republican,9522.0,33.1,True,True
2022,Vermont,VT,State Senate,FRANKLIN SENATE,general,Robert Norris,Republican,8528.0,29.6,True,False
2022,Vermont,VT,State Senate,FRANKLIN SENATE,general,Pam McCarthy,Democratic,6716.0,23.3,False,False
2022,Vermont,VT,State Senate,FRANKLIN SENATE,general,Jessie Palczewski,Democratic,3963.0,13.8,False,False
2022,Vermont,VT,State Senate,GRAND ISLE SENATE,general,Richard Mazza,Democratic,7209.0,73.0,True,True
2022,Vermont,VT,State Senate,GRAND ISLE SENATE,general,Stephen Bellows,Republican,2629.0,26.6,False,False
2022,Vermont,VT,State Senate,LAMOILLE SENATE,general,Richard Westman,Republican/democratic,8003.0,97.5,True,True
2022,Vermont,VT,State Senate,ORLEANS SENATE,general,Robert Starr,Democratic,5286.0,58.1,True,True
2022,Vermont,VT,State Senate,ORLEANS SENATE,general,Samuel Douglass,Republican,3791.0,41.7,False,False
2022,Vermont,VT,State Senate,RUTLAND SENATE,general,Brian Collamore,Republican,13878.0,21.0,True,True
2022,Vermont,VT,State Senate,RUTLAND SENATE,general,Terry Williams,Republican,11453.0,17.3,True,False
2022,Vermont,VT,State Senate,RUTLAND SENATE,general,Dave Weeks,Republican,10703.0,16.2,True,False
2022,Vermont,VT,State Senate,RUTLAND SENATE,general,Anna Tadio,Democratic,10453.0,15.8,False,False
2022,Vermont,VT,State Senate,RUTLAND SENATE,general,Bridgette Remington,Democratic,10134.0,15.3,False,False
2022,Vermont,VT,State Senate,RUTLAND SENATE,general,Joshua Ferguson,Democratic,9359.0,14.2,False,False
2022,Vermont,VT,State Senate,WINDSOR SENATE,general,Alison Clarkson,Democratic,17042.0,23.4,True,True
2022,Vermont,VT,State Senate,WINDSOR SENATE,general,Rebecca White,Democratic,16740.0,22.9,True,False
2022,Vermont,VT,State Senate,WINDSOR SENATE,general,Richard McCormack,Democratic,16539.0,22.7,True,True
2022,Vermont,VT,State Senate,WINDSOR SENATE,general,Alice Flanders,Republican,7737.0,10.6,False,False
2022,Vermont,VT,State Senate,WINDSOR SENATE,general,Dana Colson,Republican,7586.0,10.4,False,False
2022,Vermont,VT,State Senate,WINDSOR SENATE,general,Bill Huff,Republican,7184.0,9.8,False,False
2022,West Virginia,WV,State Senate,1,general,Laura Chapman,Republican,18746.0,60.5,True,False
2022,West Virginia,WV,State Senate,1,general,Randy Swartzmiller,Democratic,12258.0,39.5,False,False
2022,West Virginia,WV,State Senate,2,general,Charles Clements,Republican,18720.0,62.5,True,True
2022,West Virginia,WV,State Senate,2,general,Eric Hayhurst,Democratic,11213.0,37.5,False,False
2022,West Virginia,WV,State Senate,3,general,Michael Azinger,Republican,20812.0,65.7,True,True
2022,West Virginia,WV,State Senate,3,general,Jody Murphy,Democratic,10861.0,34.3,False,False
2022,West Virginia,WV,State Senate,4,general,Eric Tarr,Republican,21059.0,100.0,True,True
2022,West Virginia,WV,State Senate,5,general,Mike Woelfel,Democratic,13542.0,54.0,True,True
2022,West Virginia,WV,State Senate,5,general,Melissa Clark,Republican,11552.0,46.0,False,False
2022,West Virginia,WV,State Senate,6,general,Mark Maynard,Republican,17222.0,73.4,True,True
2022,West Virginia,WV,State Senate,6,general,Tiffany Clemins,Democratic,6249.0,26.6,False,False
2022,West Virginia,WV,State Senate,7,general,Mike Stuart,Republican,13242.0,58.2,True,False
2022,West Virginia,WV,State Senate,7,general,Ron Stollings,Democratic,9526.0,41.8,False,True
2022,West Virginia,WV,State Senate,8,general,Mark Hunt,Republican,14615.0,56.8,True,False
2022,West Virginia,WV,State Senate,8,general,Richard Lindsay,Democratic,11136.0,43.2,False,True
2022,West Virginia,WV,State Senate,9,general,Rollan Roberts,Republican,18540.0,78.1,True,True
2022,West Virginia,WV,State Senate,9,general,Kari Woodson,Libertarian,5194.0,21.9,False,False
2022,West Virginia,WV,State Senate,10,general,Vince Deeds,Republican,18954.0,58.7,True,False
2022,West Virginia,WV,State Senate,10,general,Stephen Baldwin,Democratic,12250.0,37.9,False,True
2022,West Virginia,WV,State Senate,10,general,Aaron Ransom,Independent,1085.0,3.4,False,False
2022,West Virginia,WV,State Senate,11,general,Bill Hamilton,Republican,23105.0,100.0,True,True
2022,West Virginia,WV,State Senate,12,general,Ben Queen,Republican,18711.0,68.7,True,False
2022,West Virginia,WV,State Senate,12,general,Austin Lynch,Libertarian,8529.0,31.3,False,False
2022,West Virginia,WV,State Senate,13,general,Mike Oliverio,Republican,13495.0,50.3,True,False
2022,West Virginia,WV,State Senate,13,general,Barbara Fleischauer,Democratic,13342.0,49.7,False,False
2022,West Virginia,WV,State Senate,14,general,Jay Taylor,Republican,21910.0,76.2,True,False
2022,West Virginia,WV,State Senate,14,general,Amanda Pitzer,Democratic,6855.0,23.8,False,False
2022,West Virginia,WV,State Senate,15,general,Charles Trump,Republican,21137.0,80.4,True,True
2022,West Virginia,WV,State Senate,15,general,Robin Mills,Upwising Wv,5148.0,19.6,False,False
2022,West Virginia,WV,State Senate,16,general,Jason Barrett,Republican,18672.0,60.5,True,False
2022,West Virginia,WV,State Senate,16,general,Hannah Geffert,Democratic,12196.0,39.5,False,True
2022,West Virginia,WV,State Senate,17,general,Tom Takubo,Republican,16739.0,58.5,True,True
2022,West Virginia,WV,State Senate,17,general,Samuel Wood,Democratic,11897.0,41.5,False,False
2022,Wisconsin,WI,State Senate,1,general,André Jacque,Republican,52009.0,59.49,True,True
2022,Wisconsin,WI,State Senate,1,general,Andrea Gage-Michaels,Democratic,35363.0,40.45,False,False
2022,Wisconsin,WI,State Senate,3,general,Tim Carpenter,Democratic,27958.0,68.98,True,True
2022,Wisconsin,WI,State Senate,3,general,Angel Sanchez,Republican,12536.0,30.93,False,False
2022,Wisconsin,WI,State Senate,5,general,Rob Hutton,Republican,49025.0,53.24,True,False
2022,Wisconsin,WI,State Senate,5,general,Jessica Katzenmeyer,Democratic,42962.0,46.66,False,False
2022,Wisconsin,WI,State Senate,7,general,Chris Larson,Democratic,54252.0,67.25,True,True
2022,Wisconsin,WI,State Senate,7,general,Peter Gilbert,Republican,26333.0,32.64,False,False
2022,Wisconsin,WI,State Senate,9,general,Devin LeMahieu,Republican,57836.0,93.64,True,True
2022,Wisconsin,WI,State Senate,9,general,Jarrod Schroeder (write-in),Democratic,1237.0,2.0,False,False
2022,Wisconsin,WI,State Senate,11,general,Stephen Nass,Republican,44974.0,58.31,True,True
2022,Wisconsin,WI,State Senate,11,general,Steven J. Doelder,Democratic,32087.0,41.6,False,False
2022,Wisconsin,WI,State Senate,13,general,John Jagler,Republican,61817.0,96.69,True,True
2022,Wisconsin,WI,State Senate,15,general,Mark Spreitzer,Democratic,46192.0,61.38,True,False
2022,Wisconsin,WI,State Senate,15,general,Mark Trofimchuck,Republican,29006.0,38.54,False,False
2022,Wisconsin,WI,State Senate,17,general,Howard Marklein,Republican,44405.0,60.15,True,True
2022,Wisconsin,WI,State Senate,17,general,Pat Skogen,Democratic,29398.0,39.82,False,False
2022,Wisconsin,WI,State Senate,19,general,Rachael Cabral-Guevara,Republican,42858.0,54.02,True,False
2022,Wisconsin,WI,State Senate,19,general,Kristin Alfheim,Democratic,36447.0,45.94,False,False
2022,Wisconsin,WI,State Senate,21,general,Van H. Wanggaard,Republican,61621.0,94.14,True,True
2022,Wisconsin,WI,State Senate,23,general,Jesse James,Republican,56391.0,94.73,True,False
2022,Wisconsin,WI,State Senate,25,general,Romaine Quinn,Republican,47293.0,56.99,True,False
2022,Wisconsin,WI,State Senate,25,general,Kelly Westlund,Democratic,35652.0,42.96,False,False
2022,Wisconsin,WI,State Senate,27,general,Dianne Hesselbein,Democratic,65618.0,67.97,True,False
2022,Wisconsin,WI,State Senate,27,general,Robert Relph,Republican,30863.0,31.97,False,False
2022,Wisconsin,WI,State Senate,29,general,Cory Tomczyk,Republican,49602.0,62.43,True,False
2022,Wisconsin,WI,State Senate,29,general,Bob Look,Democratic,29798.0,37.5,False,False
2022,Wisconsin,WI,State Senate,31,general,Jeff Smith,Democratic,38936.0,50.42,True,True
2022,Wisconsin,WI,State Senate,31,general,David Estenson,Republican,38239.0,49.52,False,False
2022,Wisconsin,WI,State Senate,33,general,Chris Kapenga,Republican,67323.0,96.4,True,True
2022,Wyoming,WY,State Senate,1,general,Ogden Driskill,Republican,4785.0,75.18,True,True
2022,Wyoming,WY,State Senate,3,general,Cheri Steinmetz,Republican,6352.0,96.56,True,True
2022,Wyoming,WY,State Senate,5,general,Lynn Hutchings,Republican,3284.0,70.58,True,True
2022,Wyoming,WY,State Senate,5,general,Ted Hanlon,Democratic,1354.0,29.1,False,False
2022,Wyoming,WY,State Senate,7,general,Stephan Pappas,Republican,3238.0,56.82,True,True
2022,Wyoming,WY,State Senate,7,general,Marcie Kindred,Democratic,2437.0,42.76,False,False
2022,Wyoming,WY,State Senate,9,general,Chris Rothfuss,Democratic,3223.0,62.8,True,True
2022,Wyoming,WY,State Senate,9,general,Diana Seabeck,Republican,1900.0,37.02,False,False
2022,Wyoming,WY,State Senate,11,general,Larry Hicks,Republican,4153.0,78.36,True,True
2022,Wyoming,WY,State Senate,11,general,Michael Ray Williams,Constitution,1104.0,20.83,False,False
2022,Wyoming,WY,State Senate,13,general,Stacy Jones,Republican,3859.0,75.76,True,False
2022,Wyoming,WY,State Senate,13,general,Leesa Kuhlmann,Democratic,1220.0,23.95,False,False
2022,Wyoming,WY,State Senate,15,general,Wendy Davis Schuler,Republican,5243.0,96.45,True,True
2022,Wyoming,WY,State Senate,17,general,"Michael F. ""Mike"" Gierau",Democratic,5142.0,62.8,True,True
2022,Wyoming,WY,State Senate,17,general,Steve Duerr,Republican,2615.0,31.94,False,False
2022,Wyoming,WY,State Senate,17,general,Amanda Padilla,Libertarian,421.0,5.14,False,False
2022,Wyoming,WY,State Senate,19,general,Dan Laursen,Republican,5538.0,93.85,True,False
2022,Wyoming,WY,State Senate,21,general,Bo Biteman,Republican,5815.0,73.18,True,True
2022,Wyoming,WY,State Senate,21,general,Mark Hansen,Democratic,2101.0,26.44,False,False
2022,Wyoming,WY,State Senate,23,general,Eric Barlow,Republican,3611.0,72.35,True,False
2022,Wyoming,WY,State Senate,23,general,Patricia Junek,Independent (politician),1369.0,27.43,False,False
2022,Wyoming,WY,State Senate,25,general,Cale Case,Republican,4365.0,89.01,True,True
2022,Wyoming,WY,State Senate,27,general,Bill Landen,Republican,4477.0,97.5,True,True
2022,Wyoming,WY,State Senate,29,general,Bob Ide,Republican,4402.0,91.44,True,False
2022,Wyoming,WY,State Senate,31,general,Evie Brennan,Republican,3807.0,96.21,True,False
