year,state,state_code,chamber,district,race,candidate,party,votes,percentage,winner,incumbent
2018,Alabama,AL,State Senate,1,general,Tim Melson,Republican,33141.0,67.643,True,True
2018,Alabama,AL,State Senate,1,general,Caroline Self,Democratic,15830.0,32.31,False,False
2018,Alabama,AL,State Senate,2,general,Tom Butler,Republican,31997.0,54.627,True,False
2018,Alabama,AL,State Senate,2,general,Amy Wasyluka,Democratic,26911.0,45.641,False,False
2018,Alabama,AL,State Senate,3,general,Arthur Orr,Republican,37295.0,97.335,True,True
2018,Alabama,AL,State Senate,4,general,Garlan Gudger,Republican,39817.0,99.146,True,False
2018,Alabama,AL,State Senate,5,general,Greg Reed,Republican,42404.0,98.842,True,True
2018,Alabama,AL,State Senate,6,general,Larry Stutts,Republican,22683.0,50.834,True,True
2018,Alabama,AL,State Senate,6,general,Johnny Mack Morrow,Democratic,21796.0,48.846,False,False
2018,Alabama,AL,State Senate,7,general,Sam Givhan,Republican,30080.0,55.217,True,False
2018,Alabama,AL,State Senate,7,general,Deborah Barros,Democratic,24363.0,44.722,False,False
2018,Alabama,AL,State Senate,8,general,Steve Livingston,Republican,37913.0,98.327,True,True
2018,Alabama,AL,State Senate,9,general,Clay Scofield,Republican,35192.0,98.572,True,True
2018,Alabama,AL,State Senate,10,general,Andrew Jones,Republican,25902.0,60.601,True,False
2018,Alabama,AL,State Senate,10,general,Craig Ford,Independent,16759.0,39.21,False,False
2018,Alabama,AL,State Senate,11,general,Jim McClendon,Republican,36192.0,75.97,True,True
2018,Alabama,AL,State Senate,11,general,Carl Carter,Democratic,11411.0,23.953,False,False
2018,Alabama,AL,State Senate,12,general,Del Marsh,Republican,27416.0,64.501,True,True
2018,Alabama,AL,State Senate,12,general,Jim Williams,Democratic,15010.0,35.313,False,False
2018,Alabama,AL,State Senate,13,general,Randy Price,Republican,31614.0,71.065,True,False
2018,Alabama,AL,State Senate,13,general,Darrell Turner,Democratic,12839.0,28.861,False,False
2018,Alabama,AL,State Senate,14,general,Cam Ward,Republican,34957.0,72.572,True,True
2018,Alabama,AL,State Senate,14,general,Jerry McDonald,Democratic,13173.0,27.347,False,False
2018,Alabama,AL,State Senate,15,general,Dan Roberts,Republican,44792.0,97.421,True,False
2018,Alabama,AL,State Senate,15,general,Laura Casey (withdrawn),Democratic,,,False,False
2018,Alabama,AL,State Senate,16,general,Jabo Waggoner,Republican,37068.0,62.88,True,True
2018,Alabama,AL,State Senate,16,general,Lindsey Deckard,Democratic,21851.0,37.066,False,False
2018,Alabama,AL,State Senate,17,general,Shay Shelnutt,Republican,45964.0,98.306,True,True
2018,Alabama,AL,State Senate,18,general,Rodger Smitherman,Democratic,39819.0,98.35,True,True
2018,Alabama,AL,State Senate,19,general,Priscilla Dunn,Democratic,38668.0,98.184,True,True
2018,Alabama,AL,State Senate,20,general,Linda Coleman-Madison,Democratic,36478.0,98.345,True,True
2018,Alabama,AL,State Senate,21,general,Gerald Allen,Republican,33368.0,67.512,True,True
2018,Alabama,AL,State Senate,21,general,Rick Burnham,Democratic,16005.0,32.382,False,False
2018,Alabama,AL,State Senate,22,general,Greg Albritton,Republican,34507.0,98.544,True,True
2018,Alabama,AL,State Senate,23,general,Malika Sanders-Fortier,Democratic,30193.0,65.527,True,False
2018,Alabama,AL,State Senate,23,general,Mark Story,Independent,15796.0,34.282,False,False
2018,Alabama,AL,State Senate,24,general,Bobby Singleton,Democratic,37394.0,98.488,True,True
2018,Alabama,AL,State Senate,25,general,Will Barfoot,Republican,33029.0,61.252,True,False
2018,Alabama,AL,State Senate,25,general,David Sadler,Democratic,20866.0,38.696,False,False
2018,Alabama,AL,State Senate,26,general,David Burkette,Democratic,31973.0,80.171,True,True
2018,Alabama,AL,State Senate,26,general,D.J. Johnson,Republican,7863.0,19.716,False,False
2018,Alabama,AL,State Senate,27,general,Tom Whatley,Republican,29741.0,59.036,True,True
2018,Alabama,AL,State Senate,27,general,Nancy Carlton Bendinger,Democratic,20587.0,40.865,False,False
2018,Alabama,AL,State Senate,28,general,Billy Beasley,Democratic,28445.0,97.471,True,True
2018,Alabama,AL,State Senate,29,general,Donnie Chesteen,Republican,34273.0,93.222,True,False
2018,Alabama,AL,State Senate,30,general,"Clyde Chambliss, Jr.",Republican,35259.0,98.105,True,True
2018,Alabama,AL,State Senate,31,general,Jimmy Holley,Republican,33137.0,98.484,True,True
2018,Alabama,AL,State Senate,32,general,Chris Elliott,Republican,45726.0,74.955,True,False
2018,Alabama,AL,State Senate,32,general,Jason Fisher,Democratic,15193.0,24.905,False,False
2018,Alabama,AL,State Senate,33,general,Vivian Davis Figures,Democratic,34995.0,98.605,True,True
2018,Alabama,AL,State Senate,34,general,Jack Williams,Republican,35093.0,97.758,True,False
2018,Alabama,AL,State Senate,35,general,David Sessions,Republican,29046.0,67.582,True,False
2018,Alabama,AL,State Senate,35,general,Tom Holmes,Democratic,13896.0,32.332,False,False
2018,Arizona,AZ,State Senate,1,general,Karen Fann,Republican,76856,69.61,True,True
2018,Arizona,AZ,State Senate,1,general,Jo Craycraft,Democratic,33554,30.39,False,False
2018,Arizona,AZ,State Senate,2,general,Andrea Dalessandro,Democratic,36893,59.68,True,True
2018,Arizona,AZ,State Senate,2,general,Shelley Kais,Republican,24925,40.32,False,False
2018,Arizona,AZ,State Senate,3,general,Sally Ann Gonzales,Democratic,45529,100.0,True,False
2018,Arizona,AZ,State Senate,4,general,Lisa Otondo,Democratic,33034,99.46,True,True
2018,Arizona,AZ,State Senate,4,general,Julian Contreraz,Republican,180,0.54,False,False
2018,Arizona,AZ,State Senate,5,general,Sonny Borrelli,Republican,56454,75.29,True,True
2018,Arizona,AZ,State Senate,5,general,J'aime Morgaine,Democratic,18530,24.71,False,False
2018,Arizona,AZ,State Senate,6,general,Sylvia Tenney Allen,Republican,48044,50.91,True,True
2018,Arizona,AZ,State Senate,6,general,Wade Carlisle,Democratic,46332,49.09,False,False
2018,Arizona,AZ,State Senate,7,general,Jamescita Peshlakai,Democratic,43179,67.18,True,True
2018,Arizona,AZ,State Senate,7,general,JL Mealer,Republican,21091,32.82,False,False
2018,Arizona,AZ,State Senate,8,general,Frank Pratt,Republican,31181,56.14,True,True
2018,Arizona,AZ,State Senate,8,general,Sharon Girard,Democratic,24360,43.86,False,False
2018,Arizona,AZ,State Senate,9,general,Victoria Steele,Democratic,58571,62.76,True,False
2018,Arizona,AZ,State Senate,9,general,Randy Fleenor,Republican,34758,37.24,False,False
2018,Arizona,AZ,State Senate,10,general,David Bradley,Democratic,52376,58.48,True,True
2018,Arizona,AZ,State Senate,10,general,Marilyn Wiles,Republican,37187,41.52,False,False
2018,Arizona,AZ,State Senate,11,general,"Venden ""Vince"" Leach",Republican,53232,54.55,True,False
2018,Arizona,AZ,State Senate,11,general,Ralph Atchue,Democratic,43273,44.35,False,False
2018,Arizona,AZ,State Senate,11,general,Mohammad Arif,Green,1076,1.1,False,False
2018,Arizona,AZ,State Senate,12,general,Eddie Farnsworth,Republican,60959,57.83,True,False
2018,Arizona,AZ,State Senate,12,general,Elizabeth Brown,Democratic,44449,42.17,False,False
2018,Arizona,AZ,State Senate,13,general,Sine Kerr,Republican,50432,62.53,True,True
2018,Arizona,AZ,State Senate,13,general,Michelle Harris,Democratic,30215,37.47,False,False
2018,Arizona,AZ,State Senate,14,general,David Gowan,Republican,48131,60.54,True,False
2018,Arizona,AZ,State Senate,14,general,Jaime Alvarez,Democratic,31368,39.46,False,False
2018,Arizona,AZ,State Senate,15,general,Heather Carter,Republican,57264,60.13,True,False
2018,Arizona,AZ,State Senate,15,general,Kristin Dybvig-Pawelko,Democratic,37971,39.87,False,False
2018,Arizona,AZ,State Senate,16,general,David Christian Farnsworth,Republican,51406,61.44,True,True
2018,Arizona,AZ,State Senate,16,general,"Benjamin ""Ben"" Carmitchel",Democratic,32261,38.56,False,False
2018,Arizona,AZ,State Senate,17,general,J. D. Mesnard,Republican,48008,50.92,True,False
2018,Arizona,AZ,State Senate,17,general,Steve Weichert,Democratic,46264,49.08,False,False
2018,Arizona,AZ,State Senate,18,general,Sean Bowie,Democratic,57401,56.85,True,True
2018,Arizona,AZ,State Senate,18,general,Frank Schmuck,Republican,43575,43.15,False,False
2018,Arizona,AZ,State Senate,19,general,Lupe Chavira Contreras,Democratic,32872,100.0,True,True
2018,Arizona,AZ,State Senate,20,general,Paul Boyer,Republican,35170,48.34,True,False
2018,Arizona,AZ,State Senate,20,general,Douglas Ervin,Democratic,32352,44.47,False,False
2018,Arizona,AZ,State Senate,20,general,"Doug ""Q"" Quelland",Independent,5229,7.19,False,False
2018,Arizona,AZ,State Senate,21,general,Rick Gray,Republican,40869,52.23,True,True
2018,Arizona,AZ,State Senate,21,general,Kathy Knecht,Independent,37380,47.77,False,False
2018,Arizona,AZ,State Senate,22,general,David Livingston,Republican,70775,63.34,True,False
2018,Arizona,AZ,State Senate,22,general,Wendy Garcia,Democratic,40957,36.66,False,False
2018,Arizona,AZ,State Senate,23,general,Michelle Ugenti-Rita,Republican,67852,57.11,True,False
2018,Arizona,AZ,State Senate,23,general,Daria Lohman,Democratic,45344,38.17,False,False
2018,Arizona,AZ,State Senate,23,general,"Christopher ""Chris"" Leone",Independent,5603,4.72,False,False
2018,Arizona,AZ,State Senate,24,general,Lela Alston,Democratic,48245,71.99,True,False
2018,Arizona,AZ,State Senate,24,general,Vicki Alger,Republican,18772,28.01,False,False
2018,Arizona,AZ,State Senate,25,general,Tyler Pace,Republican,52208,61.8,True,False
2018,Arizona,AZ,State Senate,25,general,Kathy Mohr-Almeida,Democratic,32268,38.2,False,False
2018,Arizona,AZ,State Senate,26,general,Juan Mendez,Democratic,32812,65.76,True,True
2018,Arizona,AZ,State Senate,26,general,Rebecca Speakman,Republican,17086,34.24,False,False
2018,Arizona,AZ,State Senate,27,general,Rebecca Rios,Democratic,40012,100.0,True,False
2018,Arizona,AZ,State Senate,28,general,Kate Brophy McGee,Republican,47278,50.14,True,True
2018,Arizona,AZ,State Senate,28,general,Christine Porter Marsh,Democratic,47011,49.86,False,False
2018,Arizona,AZ,State Senate,29,general,Martín J. Quezada,Democratic,29003,99.57,True,True
2018,Arizona,AZ,State Senate,29,general,Charles Carpenter,Republican,124,0.43,False,False
2018,Arizona,AZ,State Senate,30,general,"Otoniel ""Tony"" Navarrete",Democratic,28574,100.0,True,False
2018,Arkansas,AR,State Senate,3,general,Cecile Bledsoe,Republican,14598.0,61.94,True,True
2018,Arkansas,AR,State Senate,3,general,Jon Comstock,Democratic,8968.0,38.06,False,False
2018,Arkansas,AR,State Senate,4,general,Greg Leding,Democratic,18416.0,61.49,True,False
2018,Arkansas,AR,State Senate,4,general,Dawn Clemence,Republican,11533.0,38.51,False,False
2018,Arkansas,AR,State Senate,5,general,Bob Ballinger,Republican,18288.0,67.61,True,False
2018,Arkansas,AR,State Senate,5,general,Jim Wallace,Democratic,7872.0,29.11,False,False
2018,Arkansas,AR,State Senate,5,general,Lee Evans,Libertarian,887.0,3.28,False,False
2018,Arkansas,AR,State Senate,6,general,Gary Stubblefield,Republican,,100.0,True,True
2018,Arkansas,AR,State Senate,8,general,Mathew Pitsch,Republican,18365.0,76.32,True,False
2018,Arkansas,AR,State Senate,8,general,William Whitfield Hyman,Libertarian,5698.0,23.68,False,False
2018,Arkansas,AR,State Senate,9,general,Terry Rice,Republican,,100.0,True,True
2018,Arkansas,AR,State Senate,10,general,Larry Teague,Democratic,13266.0,62.41,True,True
2018,Arkansas,AR,State Senate,10,general,Dawn Clemence,Libertarian,7989.0,37.59,False,False
2018,Arkansas,AR,State Senate,14,general,Bill Sample,Republican,21913.0,69.68,True,True
2018,Arkansas,AR,State Senate,14,general,Michael Colgrove,Democratic,9536.0,30.32,False,False
2018,Arkansas,AR,State Senate,15,general,Mark Johnson,Republican,,100.0,True,False
2018,Arkansas,AR,State Senate,17,general,Scott Flippo,Republican,21156.0,79.9,True,True
2018,Arkansas,AR,State Senate,17,general,Kevin Vornheder,Libertarian,5321.0,20.1,False,False
2018,Arkansas,AR,State Senate,18,general,Missy Irvin,Republican,,100.0,True,True
2018,Arkansas,AR,State Senate,19,general,James Sturch,Republican,18563.0,72.86,True,False
2018,Arkansas,AR,State Senate,19,general,Susi Epperson,Democratic,6914.0,27.14,False,False
2018,Arkansas,AR,State Senate,20,general,Blake Johnson,Republican,,100.0,True,True
2018,Arkansas,AR,State Senate,24,general,Keith Ingram,Democratic,,100.0,True,True
2018,Arkansas,AR,State Senate,30,general,Linda Chesterfield,Democratic,,100.0,True,True
2018,Arkansas,AR,State Senate,31,general,Joyce Elliott,Democratic,,100.0,True,True
2018,Arkansas,AR,State Senate,33,general,Kim Hammer,Republican,23014.0,68.35,True,False
2018,Arkansas,AR,State Senate,33,general,Melissa Fults,Democratic,10657.0,31.65,False,False
2018,Arkansas,AR,State Senate,35,general,Jason Rapert,Republican,15168.0,55.14,True,True
2018,Arkansas,AR,State Senate,35,general,Maureen Skinner,Democratic,12339.0,44.86,False,False
2018,Colorado,CO,State Senate,1,general,Jerry Sonnenberg,Republican,52311,79.01,True,True
2018,Colorado,CO,State Senate,1,general,Debra Gustafson,Democratic,13894,20.99,False,False
2018,Colorado,CO,State Senate,2,general,Dennis Hisey,Republican,42531,65.32,True,False
2018,Colorado,CO,State Senate,2,general,"Beth ""Hart"" Harz",Democratic,22583,34.68,False,False
2018,Colorado,CO,State Senate,3,general,Leroy M. Garcia,Democratic,39768,73.62,True,True
2018,Colorado,CO,State Senate,3,general,John Pickerill,Libertarian,14253,26.38,False,False
2018,Colorado,CO,State Senate,5,general,Kerry Donovan,Democratic,41838,60.45,True,True
2018,Colorado,CO,State Senate,5,general,Olen Lund,Republican,27375,39.55,False,False
2018,Colorado,CO,State Senate,6,general,Don Coram,Republican,40088,54.69,True,True
2018,Colorado,CO,State Senate,6,general,"Guinn Unger, Jr.",Democratic,33208,45.31,False,False
2018,Colorado,CO,State Senate,7,general,Ray Scott,Republican,42327,63.62,True,True
2018,Colorado,CO,State Senate,7,general,Chris Kennedy,Democratic,24205,36.38,False,False
2018,Colorado,CO,State Senate,9,general,Paul Lundeen,Republican,61341,70.32,True,False
2018,Colorado,CO,State Senate,9,general,Gil Armendariz,Democratic,25892,29.68,False,False
2018,Colorado,CO,State Senate,11,general,Pete Lee,Democratic,28015,61.96,True,False
2018,Colorado,CO,State Senate,11,general,Pat McIntire,Republican,17200,38.04,False,False
2018,Colorado,CO,State Senate,13,general,John Cooke,Republican,33026,58.71,True,True
2018,Colorado,CO,State Senate,13,general,Phil Kelley,Democratic,21453,38.14,False,False
2018,Colorado,CO,State Senate,13,general,Eric E. Joss,Libertarian,1776,3.16,False,False
2018,Colorado,CO,State Senate,15,general,Rob Woodward,Republican,44434,53.09,True,False
2018,Colorado,CO,State Senate,15,general,Rebecca Cranston,Democratic,39256,46.91,False,False
2018,Colorado,CO,State Senate,16,general,Tammy Story,Democratic,47403,55.67,True,False
2018,Colorado,CO,State Senate,16,general,Tim Neville,Republican,35154,41.28,False,True
2018,Colorado,CO,State Senate,16,general,James Gilman,Libertarian,2597,3.05,False,False
2018,Colorado,CO,State Senate,20,general,Jessie Danielson,Democratic,49974,54.13,True,False
2018,Colorado,CO,State Senate,20,general,Christine Jensen,Republican,39102,42.36,False,False
2018,Colorado,CO,State Senate,20,general,Charles Messick,Libertarian,3239,3.51,False,False
2018,Colorado,CO,State Senate,22,general,Brittany Pettersen,Democratic,42747,58.16,True,False
2018,Colorado,CO,State Senate,22,general,Tony Sanchez,Republican,30754,41.84,False,False
2018,Colorado,CO,State Senate,24,general,Faith Winter,Democratic,35578,52.32,True,False
2018,Colorado,CO,State Senate,24,general,Beth Martinez Humenik,Republican,27068,39.8,False,True
2018,Colorado,CO,State Senate,24,general,Adam Matkowsky,Independent,3328,4.89,False,False
2018,Colorado,CO,State Senate,24,general,Donald Osborn,Libertarian,2033,2.99,False,False
2018,Colorado,CO,State Senate,30,general,Chris Holbert,Republican,43948,52.78,True,True
2018,Colorado,CO,State Senate,30,general,Julia Varnell-Sarjeant,Democratic,34604,41.56,False,False
2018,Colorado,CO,State Senate,30,general,Steve Peterson,Independent,4710,5.66,False,False
2018,Colorado,CO,State Senate,32,general,Robert Rodriguez,Democratic,53307,71.99,True,False
2018,Colorado,CO,State Senate,32,general,Mark Calonder,Republican,17294,23.36,False,False
2018,Colorado,CO,State Senate,32,general,Peter Lucas Smith,Independent,3446,4.65,False,False
2018,Colorado,CO,State Senate,34,general,Julie Gonzales,Democratic,54312,83.13,True,False
2018,Colorado,CO,State Senate,34,general,Gordon Alley,Republican,11018,16.87,False,False
2018,Connecticut,CT,State Senate,1,general,John Fonfara,Democratic,15612,74.0,True,True
2018,Connecticut,CT,State Senate,1,general,Barbara Ruhe,Republican,5044,23.9,False,False
2018,Connecticut,CT,State Senate,1,general,Barbara Barry,Green,447,2.1,False,False
2018,Connecticut,CT,State Senate,2,general,Douglas McCrory,Democratic,26542,100.0,True,True
2018,Connecticut,CT,State Senate,3,general,Timothy Larson,Democratic,22018,60.7,True,True
2018,Connecticut,CT,State Senate,3,general,Jennifer L. Lovett,Republican,14260,37.1,False,False
2018,Connecticut,CT,State Senate,4,general,Steve Cassano,Democratic,23257,52.0,True,False
2018,Connecticut,CT,State Senate,4,general,Mark Tweedie,Republican,19632,43.4,False,False
2018,Connecticut,CT,State Senate,5,general,Beth Bye,Democratic,30988,65.7,True,True
2018,Connecticut,CT,State Senate,5,general,Philip Chabot,Republican,16192,32.8,False,False
2018,Connecticut,CT,State Senate,6,general,Terry Gerratana,Democratic,17173,58.6,True,False
2018,Connecticut,CT,State Senate,6,general,Robert Smedley,Republican,10263,37.4,False,False
2018,Connecticut,CT,State Senate,7,general,John Kissel,Republican,22004,52.1,True,False
2018,Connecticut,CT,State Senate,7,general,Annie Hornish,Democratic,18476,43.0,False,False
2018,Connecticut,CT,State Senate,8,general,Kevin Witkos,Republican,26418,54.3,True,False
2018,Connecticut,CT,State Senate,8,general,Melissa Osborn,Democratic,20091,43.2,False,False
2018,Connecticut,CT,State Senate,9,general,Matt Lesser,Democratic,24253,54.2,True,False
2018,Connecticut,CT,State Senate,9,general,Ed Charamut,Republican,17674,42.2,False,False
2018,Connecticut,CT,State Senate,10,general,Gary Winfield,Democratic,20182,84.1,True,False
2018,Connecticut,CT,State Senate,10,general,Douglas Losty,Republican,2745,12.0,False,False
2018,Connecticut,CT,State Senate,11,general,Martin Looney,Democratic,23787,77.9,True,True
2018,Connecticut,CT,State Senate,11,general,Erin Reilly,Republican,6758,22.1,False,False
2018,Connecticut,CT,State Senate,12,general,Christine Cohen,Democratic,25265,49.4,True,False
2018,Connecticut,CT,State Senate,12,general,Adam Greenberg,Republican,23933,46.7,False,False
2018,Connecticut,CT,State Senate,13,general,Mary Daugherty Abrams,Democratic,19502,49.4,True,False
2018,Connecticut,CT,State Senate,13,general,Len Suzio,Republican,17708,45.3,False,False
2018,Connecticut,CT,State Senate,14,general,James Maroney,Democratic,21926,47.9,True,False
2018,Connecticut,CT,State Senate,14,general,Pam Staneski,Republican,20888,48.8,False,False
2018,Connecticut,CT,State Senate,15,general,Joan Hartley,Democratic,16426,84.7,True,True
2018,Connecticut,CT,State Senate,15,general,James Russell,Independent,2963,15.3,False,False
2018,Connecticut,CT,State Senate,16,general,Rob Sampson,Republican,23988,54.6,True,False
2018,Connecticut,CT,State Senate,16,general,Vickie Orsini Nardello,Democratic,18332,40.6,False,False
2018,Connecticut,CT,State Senate,17,general,George Logan,Republican,18531,47.4,True,False
2018,Connecticut,CT,State Senate,17,general,Jorge Cabrera,Democratic,18446,47.7,False,False
2018,Connecticut,CT,State Senate,18,general,Heather Somers,Republican,20887,51.3,True,False
2018,Connecticut,CT,State Senate,18,general,Robert Statchen,Democratic,17276,43.2,False,False
2018,Connecticut,CT,State Senate,19,general,Catherine Osten,Democratic,21389,53.5,True,False
2018,Connecticut,CT,State Senate,19,general,Mark Lounsbury,Republican,15567,40.1,False,False
2018,Connecticut,CT,State Senate,20,general,Paul Formica,Republican,20746,49.1,True,False
2018,Connecticut,CT,State Senate,20,general,Martha Marx,Democratic,19164,45.6,False,False
2018,Connecticut,CT,State Senate,21,general,Kevin C. Kelly,Republican,24589,56.7,True,True
2018,Connecticut,CT,State Senate,21,general,Monica Tujak Brill,Democratic,18805,43.3,False,False
2018,Connecticut,CT,State Senate,22,general,Marilyn Moore,Democratic,19795,57.1,True,False
2018,Connecticut,CT,State Senate,22,general,Rich Deecken,Republican,13712,39.3,False,False
2018,Connecticut,CT,State Senate,23,general,Dennis Bradley,Democratic,14456,86.8,True,True
2018,Connecticut,CT,State Senate,23,general,John Rodriguez,Republican,2199,13.2,False,False
2018,Connecticut,CT,State Senate,24,general,Julie Kushner,Democratic,17186,51.5,True,False
2018,Connecticut,CT,State Senate,24,general,Michael McLachlan,Republican,14658,44.2,False,False
2018,Connecticut,CT,State Senate,25,general,Bob Duff,Democratic,24444,61.0,True,False
2018,Connecticut,CT,State Senate,25,general,Marc D'Amelio,Republican,14261,35.2,False,False
2018,Connecticut,CT,State Senate,26,general,Will Haskell,Democratic,28159,53.4,True,False
2018,Connecticut,CT,State Senate,26,general,Toni Boucher,Republican,24574,35.2,False,False
2018,Connecticut,CT,State Senate,27,general,Carlo Leone,Democratic,22161,64.8,True,True
2018,Connecticut,CT,State Senate,27,general,Jerry Bosak,Republican,11649,32.5,False,False
2018,Connecticut,CT,State Senate,27,general,Cora Santaguida,Green,392,1.1,False,False
2018,Connecticut,CT,State Senate,28,general,Tony Hwang,Republican,25277,49.6,True,False
2018,Connecticut,CT,State Senate,28,general,Michelle Lapine McCabe,Democratic,23336,46.5,False,False
2018,Connecticut,CT,State Senate,29,general,Mae Flexer,Democratic,18915,53.0,True,False
2018,Connecticut,CT,State Senate,29,general,David Coderre,Republican,14679,40.8,False,False
2018,Connecticut,CT,State Senate,30,general,Craig Miner,Republican,23121,51.2,True,False
2018,Connecticut,CT,State Senate,30,general,David Lawson,Democratic,20011,44.1,False,False
2018,Connecticut,CT,State Senate,31,general,Henri Martin,Republican,22367,55.9,True,False
2018,Connecticut,CT,State Senate,31,general,Christopher Wright,Democratic,15762,41.3,False,False
2018,Connecticut,CT,State Senate,32,general,Eric Berthel,Republican,27598,61.2,True,True
2018,Connecticut,CT,State Senate,32,general,Catherine De Carli,Democratic,17501,38.8,False,False
2018,Connecticut,CT,State Senate,33,general,Norm Needleman,Democratic,25280,50.1,True,False
2018,Connecticut,CT,State Senate,33,general,Melissa Ziobron,Republican,25195,47.4,False,False
2018,Connecticut,CT,State Senate,34,general,Len Fasano,Republican,23853,56.0,True,False
2018,Connecticut,CT,State Senate,34,general,Aili McKeen,Democratic,16939,41.5,False,False
2018,Connecticut,CT,State Senate,35,general,Dan Champagne,Republican,22837,51.0,True,False
2018,Connecticut,CT,State Senate,35,general,John Perrier,Democratic,21938,44.7,False,False
2018,Connecticut,CT,State Senate,36,general,Alexandra Kasser,Democratic,22261,50.4,True,False
2018,Connecticut,CT,State Senate,36,general,Scott Frantz,Republican,21645,47.6,False,False
2018,Connecticut,CT,State Senate,36,general,Megan Cassano,Green,238,0.5,False,False
2018,Delaware,DE,State Senate,2,general,Darius Brown,Democratic,11783,100.0,True,False
2018,Delaware,DE,State Senate,3,general,Elizabeth Lockman,Democratic,9099,100.0,True,False
2018,Delaware,DE,State Senate,4,general,Laura Sturgeon,Democratic,11251,53.13,True,False
2018,Delaware,DE,State Senate,4,general,Gregory Lavelle,Republican,9924,46.87,False,True
2018,Delaware,DE,State Senate,6,general,Ernesto Lopez,Republican,14781,52.67,True,True
2018,Delaware,DE,State Senate,6,general,David B. Baker,Democratic,13283,47.33,False,False
2018,Delaware,DE,State Senate,10,general,Stephanie Hansen,Democratic,11665,62.06,True,True
2018,Delaware,DE,State Senate,10,general,Christine Metzing,Republican,7129,37.94,False,False
2018,Delaware,DE,State Senate,11,general,Bryan Townsend,Democratic,10421,75.75,True,True
2018,Delaware,DE,State Senate,11,general,Daniel Kapitanic,Republican,3335,24.25,False,False
2018,Delaware,DE,State Senate,16,general,Colin Bonini,Republican,8618,55.09,True,True
2018,Delaware,DE,State Senate,16,general,Louisa Phillips,Democratic,7027,44.91,False,False
2018,Delaware,DE,State Senate,17,general,Charles Paradee,Democratic,9343,64.27,True,False
2018,Delaware,DE,State Senate,17,general,Justin King,Republican,5194,35.73,False,False
2018,Delaware,DE,State Senate,18,general,David Wilson,Republican,10816,65.17,True,False
2018,Delaware,DE,State Senate,18,general,James A. Purcell,Democratic,5783,34.83,False,False
2018,Delaware,DE,State Senate,21,general,Bryant Richardson,Republican,8816,65.03,True,True
2018,Delaware,DE,State Senate,21,general,Robert C. Wheatley,Democratic,4741,34.97,False,False
2018,Florida,FL,State Senate,2,general,George Gainer,Republican,149157,75.3,True,True
2018,Florida,FL,State Senate,2,general,"""Gigi"" Gibson",Democratic,48979,24.7,False,False
2018,Florida,FL,State Senate,4,general,Aaron Bean,Republican,149347,63.4,True,True
2018,Florida,FL,State Senate,4,general,Billee Bussard,Democratic,80598,34.2,False,False
2018,Florida,FL,State Senate,4,general,Joanna Liberty Tavares,Libertarian,5514,2.3,False,False
2018,Florida,FL,State Senate,8,general,Keith Perry,Republican,100690,49.4,True,True
2018,Florida,FL,State Senate,8,general,Kayser Enneking,Democratic,98692,48.4,False,False
2018,Florida,FL,State Senate,8,general,Charles E. Goston,Independent (politician),4319,2.1,False,False
2018,Florida,FL,State Senate,10,general,Wilton Simpson,Republican,147601,65.0,True,True
2018,Florida,FL,State Senate,10,general,Michael Cottrell,Democratic,79349,35.0,False,False
2018,Florida,FL,State Senate,12,general,Dennis Baxley,Republican,172776,65.3,True,True
2018,Florida,FL,State Senate,12,general,Gary McKechnie,Democratic,91765,34.7,False,False
2018,Florida,FL,State Senate,12,general,Kay Gray,Write-in,21,0.0,False,False
2018,Florida,FL,State Senate,14,general,Tom Wright,Republican,124055,56.3,True,False
2018,Florida,FL,State Senate,14,general,"""Mel"" Martin",Democratic,96161,43.7,False,False
2018,Florida,FL,State Senate,16,general,Ed Hooper,Republican,147300,52.2,True,False
2018,Florida,FL,State Senate,16,general,Leo Karruli,Republican,9141,20.6,False,False
2018,Florida,FL,State Senate,16,general,Amanda Murphy,Democratic,102407,47.8,False,False
2018,Florida,FL,State Senate,18,general,Janet Cruz,Democratic,104078,50.1,True,False
2018,Florida,FL,State Senate,18,general,Dana Young,Republican,103667,49.9,False,True
2018,Florida,FL,State Senate,20,general,Tom Lee,Republican,131418,53.5,True,True
2018,Florida,FL,State Senate,20,general,John Manners Houman,Republican,5422,15.1,False,False
2018,Florida,FL,State Senate,20,general,Kathy Lewis,Democratic,87863,46.5,False,False
2018,Florida,FL,State Senate,22,general,Kelli Stargel,Republican,105575,52.8,True,True
2018,Florida,FL,State Senate,22,general,Bob Doyel,Democratic,94295,47.2,False,False
2018,Florida,FL,State Senate,23,general,Joe Gruters,Republican,143346,56.5,True,False
2018,Florida,FL,State Senate,23,general,Faith Olivia Babis,Democratic,110587,43.5,False,False
2018,Florida,FL,State Senate,24,general,Jeff Brandes,Republican,116415,54.3,True,True
2018,Florida,FL,State Senate,24,general,Lindsay Cross,Democratic,98104,45.7,False,False
2018,Florida,FL,State Senate,25,general,Gayle Harrell,Republican,117056,54.3,True,False
2018,Florida,FL,State Senate,25,general,Robert Levy,Democratic,98417,45.7,False,False
2018,Florida,FL,State Senate,26,general,Ben Albritton,Republican,117979,65.1,True,False
2018,Florida,FL,State Senate,26,general,Catherine Price,Democratic,63253,34.9,False,False
2018,Florida,FL,State Senate,28,general,Kathleen Passidomo,Republican,138293,65.5,True,True
2018,Florida,FL,State Senate,28,general,Annisa Karim,Democratic,73000,34.5,False,False
2018,Florida,FL,State Senate,30,general,Bobby Powell,Democratic,132241,99.7,True,True
2018,Florida,FL,State Senate,30,general,Josh Santos,Write-in,385,0.3,False,False
2018,Florida,FL,State Senate,34,general,Gary Farmer,Democratic,124578,100.0,True,True
2018,Florida,FL,State Senate,34,general,Richard Hal Sturm,Write-in,0,0.0,False,False
2018,Florida,FL,State Senate,36,general,Manny Díaz Jr.,Republican,66361,54.1,True,False
2018,Florida,FL,State Senate,36,general,David Perez,Democratic,56395,45.9,False,False
2018,Florida,FL,State Senate,40,general,Annette Taddeo,Democratic,90924,53.5,True,True
2018,Florida,FL,State Senate,40,general,Marili Cancio,Republican,79068,46.5,False,False
2018,Georgia,GA,State Senate,1,general,Ben Watson,Republican,42316,60.8,True,True
2018,Georgia,GA,State Senate,1,general,Sandra Workman,Democratic,27258,39.2,False,False
2018,Georgia,GA,State Senate,2,general,Lester G. Jackson,Democratic,49567,100.0,True,True
2018,Georgia,GA,State Senate,3,general,William Ligon,Republican,42190,67.9,True,True
2018,Georgia,GA,State Senate,3,general,Jerrold Dagen,Democratic,19946,32.1,False,False
2018,Georgia,GA,State Senate,4,general,Jack Hill,Republican,51765,100.0,True,True
2018,Georgia,GA,State Senate,5,general,Sheikh Rahman,Democratic,34429,100.0,True,False
2018,Georgia,GA,State Senate,6,general,Jen Jordan,Democratic,46667,58.4,True,True
2018,Georgia,GA,State Senate,6,general,Leah Aldridge,Republican,33213,41.6,False,False
2018,Georgia,GA,State Senate,7,general,Tyler Harper,Republican,45488,100.0,True,True
2018,Georgia,GA,State Senate,8,general,Ellis Black,Republican,43054,100.0,True,True
2018,Georgia,GA,State Senate,9,general,P.K. Martin IV,Republican,42403,51.9,True,True
2018,Georgia,GA,State Senate,9,general,Cheryle Moses,Democratic,39247,48.1,False,False
2018,Georgia,GA,State Senate,10,general,Emanuel Jones,Democratic,71364,100.0,True,True
2018,Georgia,GA,State Senate,11,general,Dean Burke,Republican,45005,100.0,True,True
2018,Georgia,GA,State Senate,12,general,Freddie Powell Sims,Democratic,44507,100.0,True,True
2018,Georgia,GA,State Senate,13,general,Greg Kirk,Republican,48649,100.0,True,True
2018,Georgia,GA,State Senate,14,general,Bruce Thompson,Republican,50083,71.0,True,True
2018,Georgia,GA,State Senate,14,general,Rachel A. Kinsey,Democratic,20412,29.0,False,False
2018,Georgia,GA,State Senate,15,general,Ed Harbison,Democratic,39711,100.0,True,True
2018,Georgia,GA,State Senate,16,general,Marty Harbin,Republican,53201,68.15,True,True
2018,Georgia,GA,State Senate,16,general,Bill Lightle,Democratic,24858,31.85,False,False
2018,Georgia,GA,State Senate,17,general,Brian Strickland,Republican,44366,54.5,True,True
2018,Georgia,GA,State Senate,17,general,Phyllis D. Hatcher,Democratic,37088,45.5,False,False
2018,Georgia,GA,State Senate,18,general,John F. Kennedy,Republican,57935,100.0,True,True
2018,Georgia,GA,State Senate,19,general,Blake Tillery,Republican,43414,100.0,True,True
2018,Georgia,GA,State Senate,20,general,Larry Walker,Republican,57488,100.0,True,True
2018,Georgia,GA,State Senate,21,general,Brandon Beach,Republican,61554,70.4,True,True
2018,Georgia,GA,State Senate,21,general,Nicole B. Nash,Democratic,25901,29.6,False,False
2018,Georgia,GA,State Senate,22,general,Harold V. Jones II,Democratic,48508,100.0,True,True
2018,Georgia,GA,State Senate,23,general,Jesse Stone,Republican,48746,100.0,True,True
2018,Georgia,GA,State Senate,24,general,Lee Anderson,Republican,65142,100.0,True,True
2018,Georgia,GA,State Senate,25,general,Burt Jones,Republican,57679,100.0,True,True
2018,Georgia,GA,State Senate,26,general,"David E. Lucas, Sr.",Democratic,45060,100.0,True,True
2018,Georgia,GA,State Senate,27,general,Greg Dolezal,Republican,52788,56.6,True,False
2018,Georgia,GA,State Senate,27,general,Steve Smith,Democratic,45905,42.4,False,False
2018,Georgia,GA,State Senate,28,general,Matt Brass,Republican,62887,100.0,True,True
2018,Georgia,GA,State Senate,29,general,Randy Robertson,Republican,44149,63.0,True,False
2018,Georgia,GA,State Senate,29,general,Valerie Haskins,Democratic,25937,37.0,False,False
2018,Georgia,GA,State Senate,30,general,Michael Dugan,Republican,53299,100.0,True,True
2018,Georgia,GA,State Senate,31,general,Bill Heath,Republican,54948,100.0,True,True
2018,Georgia,GA,State Senate,32,general,Kay Kirkpatrick,Republican,52870,57.4,True,True
2018,Georgia,GA,State Senate,32,general,Christine Triebsch,Democratic,39288,42.6,False,False
2018,Georgia,GA,State Senate,33,general,"Michael ""Doc"" Rhett",Democratic,51724,100.0,True,True
2018,Georgia,GA,State Senate,34,general,Valencia Seay,Democratic,49884,82.9,True,True
2018,Georgia,GA,State Senate,34,general,Tommy Smith,Republican,10319,17.1,False,False
2018,Georgia,GA,State Senate,35,general,Donzella James,Democratic,65277,100.0,True,True
2018,Georgia,GA,State Senate,36,general,Nan Orrock,Democratic,67326,100.0,True,True
2018,Georgia,GA,State Senate,37,general,Lindsey Tippins,Republican,48464,58.9,True,True
2018,Georgia,GA,State Senate,37,general,Andy Clark,Democratic,33798,41.1,False,False
2018,Georgia,GA,State Senate,38,general,Horacena Tate,Democratic,62275,82.85,True,True
2018,Georgia,GA,State Senate,38,general,Travis Klavohn,Republican,12892,17.15,False,False
2018,Georgia,GA,State Senate,39,general,Nikema Williams,Democratic,67293,100.0,True,True
2018,Georgia,GA,State Senate,40,general,Sally Harrell,Democratic,40956,54.8,True,False
2018,Georgia,GA,State Senate,40,general,Fran Millar,Republican,33842,45.2,False,True
2018,Georgia,GA,State Senate,41,general,Steve Henson,Democratic,51843,100.0,True,True
2018,Georgia,GA,State Senate,42,general,Elena Parent,Democratic,72582,100.0,True,True
2018,Georgia,GA,State Senate,43,general,Tonya Anderson,Democratic,60152,100.0,True,True
2018,Georgia,GA,State Senate,44,general,Gail Davenport,Democratic,67460,100.0,True,True
2018,Georgia,GA,State Senate,45,general,Renee Unterman,Republican,44313,58.0,True,True
2018,Georgia,GA,State Senate,45,general,Jana Rodgers,Democratic,32037,42.0,False,False
2018,Georgia,GA,State Senate,46,general,Bill Cowsert,Republican,47608,60.4,True,True
2018,Georgia,GA,State Senate,46,general,Marisue Hilliard,Democratic,31242,39.6,False,False
2018,Georgia,GA,State Senate,47,general,Frank Ginn,Republican,46019,66.5,True,True
2018,Georgia,GA,State Senate,47,general,Dawn Johnson,Democratic,23219,33.5,False,False
2018,Georgia,GA,State Senate,48,general,Zahra Karinshak,Democratic,35440,53.6,True,False
2018,Georgia,GA,State Senate,48,general,Matt Reeves,Republican,30710,46.4,False,False
2018,Georgia,GA,State Senate,49,general,"Cecil T. ""Butch"" Miller",Republican,55609,100.0,True,True
2018,Georgia,GA,State Senate,50,general,John Wilkinson,Republican,58971,100.0,True,True
2018,Georgia,GA,State Senate,51,general,Steve Gooch,Republican,69714,100.0,True,True
2018,Georgia,GA,State Senate,52,general,Chuck Hufstetler,Republican,42492,75.8,True,True
2018,Georgia,GA,State Senate,52,general,Evan Ross,Democratic,13582,24.2,False,False
2018,Georgia,GA,State Senate,53,general,Jeff Mullis,Republican,49168,100.0,True,True
2018,Georgia,GA,State Senate,54,general,Chuck Payne,Republican,39578,79.65,True,True
2018,Georgia,GA,State Senate,54,general,Michael S. Morgan,Democratic,10110,20.35,False,False
2018,Georgia,GA,State Senate,55,general,Gloria Butler,Democratic,64739,81.6,True,True
2018,Georgia,GA,State Senate,55,general,Annette Davis Jackson,Republican,14639,18.4,False,False
2018,Georgia,GA,State Senate,56,general,John Albers,Republican,41874,52.5,True,True
2018,Georgia,GA,State Senate,56,general,Ellyn Jeager,Democratic,37902,47.5,False,False
2018,Hawaii,HI,State Senate,1,general,Kaiali‘i Kahele,Democratic,12492.0,87.5,True,True
2018,Hawaii,HI,State Senate,1,general,Kimberly Arianoff,Libertarian,1792.0,12.5,False,False
2018,Hawaii,HI,State Senate,3,general,Dru Kanuha,Democratic,10650.0,79.3,True,False
2018,Hawaii,HI,State Senate,3,general,Michael Last,Libertarian,2773.0,20.7,False,False
2018,Hawaii,HI,State Senate,4,general,Lorraine Inouye,Democratic,,100.0,True,True
2018,Hawaii,HI,State Senate,6,general,Roz Baker,Democratic,8978.0,67.2,True,True
2018,Hawaii,HI,State Senate,6,general,Melissah Shishido,Green,4379.0,32.8,False,False
2018,Hawaii,HI,State Senate,7,general,J. Kalani English,Democratic,,100.0,True,True
2018,Hawaii,HI,State Senate,12,general,Sharon Y. Moriwaki,Democratic,9507.0,70.4,True,False
2018,Hawaii,HI,State Senate,12,general,Lynn Barry Mariano,Republican,3999.0,29.6,False,False
2018,Hawaii,HI,State Senate,16,general,Breene Harimoto,Democratic,,100.0,True,True
2018,Hawaii,HI,State Senate,17,general,Clarence K. Nishihara,Democratic,7828.0,68.9,True,True
2018,Hawaii,HI,State Senate,17,general,Roger Clemente,Republican,3538.0,31.1,False,False
2018,Hawaii,HI,State Senate,18,general,Michelle Kidani,Democratic,11845.0,67.0,True,True
2018,Hawaii,HI,State Senate,18,general,Tony Solis,Republican,5830.0,33.0,False,False
2018,Hawaii,HI,State Senate,19,general,Kurt Fevella,Republican,6205.0,50.5,True,False
2018,Hawaii,HI,State Senate,19,general,Matt LoPresti,Democratic,6089.0,49.5,False,False
2018,Hawaii,HI,State Senate,21,general,Maile Shimabukuro,Democratic,5808.0,58.9,True,True
2018,Hawaii,HI,State Senate,21,general,Diamond Garcia,Republican,4049.0,41.1,False,False
2018,Hawaii,HI,State Senate,23,general,Gil Riviere,Democratic,,100.0,True,True
2018,Hawaii,HI,State Senate,24,general,Jarrett Keohokalole,Democratic,,100.0,True,False
2018,Idaho,ID,State Senate,1,general,Jim Woodward,Republican,14831,74.32,True,False
2018,Idaho,ID,State Senate,1,general,Vera Gadman,Democratic,5125,25.68,False,False
2018,Idaho,ID,State Senate,2,general,Steve Vick,Republican,15109,72.88,True,True
2018,Idaho,ID,State Senate,2,general,Dale Broadsword,Democratic,5131,24.75,False,False
2018,Idaho,ID,State Senate,2,general,Shon Luoma,Libertarian,491,2.37,False,False
2018,Idaho,ID,State Senate,3,general,Don Cheatham,Republican,12226,72.2,True,False
2018,Idaho,ID,State Senate,3,general,Patrick Lippert,Democratic,4707,27.8,False,False
2018,Idaho,ID,State Senate,4,general,Mary Souza,Republican,10579,57.72,True,True
2018,Idaho,ID,State Senate,4,general,Cory Jane English,Democratic,7749,42.28,False,False
2018,Idaho,ID,State Senate,5,general,David Nelson,Democratic,11197,56.06,True,False
2018,Idaho,ID,State Senate,5,general,Dan Foreman,Republican,8777,43.94,False,True
2018,Idaho,ID,State Senate,6,general,Dan G. Johnson,Republican,13353,100.0,True,True
2018,Idaho,ID,State Senate,7,general,Carl Crabtree,Republican,13936,100.0,True,True
2018,Idaho,ID,State Senate,8,general,Steven Thayn,Republican,14128,70.98,True,True
2018,Idaho,ID,State Senate,8,general,Bill Sifford,Independent,4510,22.66,False,False
2018,Idaho,ID,State Senate,8,general,Kirsten Faith Richardson,Constitution,1265,6.36,False,False
2018,Idaho,ID,State Senate,9,general,Abby Lee,Republican,13849,100.0,True,True
2018,Idaho,ID,State Senate,10,general,Jim Rice,Republican,7526,61.46,True,True
2018,Idaho,ID,State Senate,10,general,Evangeline Beechler,Democratic,4720,38.54,False,False
2018,Idaho,ID,State Senate,11,general,Patti Anne Lodge,Republican,13834,77.79,True,True
2018,Idaho,ID,State Senate,11,general,Edward Savala,Democratic,3949,22.21,False,False
2018,Idaho,ID,State Senate,12,general,Todd Lakey,Republican,9089,65.09,True,True
2018,Idaho,ID,State Senate,12,general,Chelle Gluch,Democratic,4875,34.91,False,False
2018,Idaho,ID,State Senate,13,general,Jeff Agenbroad,Republican,12550,100.0,True,True
2018,Idaho,ID,State Senate,14,general,C. Scott Grow,Republican,18893,69.56,True,False
2018,Idaho,ID,State Senate,14,general,Richard Boozel,Democratic,8268,30.44,False,False
2018,Idaho,ID,State Senate,15,general,Fred S. Martin,Republican,8948,50.02,True,True
2018,Idaho,ID,State Senate,15,general,Jim Bratnober,Democratic,8942,49.98,False,False
2018,Idaho,ID,State Senate,16,general,Grant Burgoyne,Democratic,12784,65.21,True,True
2018,Idaho,ID,State Senate,16,general,LeeJoe Lay,Republican,6819,34.79,False,False
2018,Idaho,ID,State Senate,17,general,Maryanne Jordan,Democratic,11652,69.68,True,True
2018,Idaho,ID,State Senate,17,general,David DeHaas,Republican,5069,30.32,False,False
2018,Idaho,ID,State Senate,18,general,Janie Ward-Engelking,Democratic,17090,100.0,True,True
2018,Idaho,ID,State Senate,19,general,Cherie Buckner-Webb,Democratic,18793,74.59,True,True
2018,Idaho,ID,State Senate,19,general,Aaron Tribble,Republican,6401,25.41,False,False
2018,Idaho,ID,State Senate,20,general,Chuck Winder,Republican,14535,100.0,True,True
2018,Idaho,ID,State Senate,21,general,Clifford Bayer,Republican,12275,57.8,True,True
2018,Idaho,ID,State Senate,21,general,Dawn Pierce,Democratic,7776,36.61,False,False
2018,Idaho,ID,State Senate,21,general,Joe Evans,Libertarian,1187,5.59,False,False
2018,Idaho,ID,State Senate,22,general,Lori Den Hartog,Republican,10709,69.36,True,True
2018,Idaho,ID,State Senate,22,general,Mik Lose,Democratic,4731,30.64,False,False
2018,Idaho,ID,State Senate,23,general,Bert Brackett,Republican,10492,100.0,True,True
2018,Idaho,ID,State Senate,24,general,Lee Heider,Republican,10547,100.0,True,True
2018,Idaho,ID,State Senate,25,general,James Patrick,Republican,11969,100.0,True,True
2018,Idaho,ID,State Senate,26,general,Michelle Stennett,Democratic,10094,59.86,True,True
2018,Idaho,ID,State Senate,26,general,Julie Lynn,Republican,6768,40.14,False,False
2018,Idaho,ID,State Senate,27,general,Kelly Anthon,Republican,10291,100.0,True,True
2018,Idaho,ID,State Senate,28,general,Jim Guthrie,Republican,10174,61.88,True,True
2018,Idaho,ID,State Senate,28,general,Mike Saville,Democratic,6268,38.12,False,False
2018,Idaho,ID,State Senate,29,general,Mark Nye,Democratic,8338,57.85,True,True
2018,Idaho,ID,State Senate,29,general,Lance B. Kolbet,Republican,6074,42.15,False,False
2018,Idaho,ID,State Senate,30,general,Dean Mortimer,Republican,12838,100.0,True,True
2018,Idaho,ID,State Senate,31,general,Steve Bair,Republican,11084,100.0,True,True
2018,Idaho,ID,State Senate,32,general,Mark Harris,Republican,13347,100.0,True,True
2018,Idaho,ID,State Senate,33,general,Dave Lent,Republican,7899,59.49,True,False
2018,Idaho,ID,State Senate,33,general,Jerry Sehlke,Democratic,5379,40.51,False,False
2018,Idaho,ID,State Senate,34,general,Brent Hill,Republican,9500,83.64,True,True
2018,Idaho,ID,State Senate,34,general,Robert Nielsen,Democratic,1858,16.36,False,False
2018,Idaho,ID,State Senate,35,general,Van Burtenshaw,Republican,13123,100.0,True,False
2018,Illinois,IL,State Senate,2,general,Omar Aquino,Democratic,51282,100.0,True,True
2018,Illinois,IL,State Senate,3,general,Mattie Hunter,Democratic,62764,100.0,True,True
2018,Illinois,IL,State Senate,5,general,Patricia Van Pelt,Democratic,63756,100.0,True,True
2018,Illinois,IL,State Senate,6,general,John Cullerton,Democratic,88756,100.0,True,True
2018,Illinois,IL,State Senate,8,general,Ram Villivalam,Democratic,50071,100.0,True,False
2018,Illinois,IL,State Senate,9,general,Laura Fine,Democratic,73710,71.8,True,False
2018,Illinois,IL,State Senate,9,general,Joan McCarthy Lasonde,Republican,28889,28.2,False,False
2018,Illinois,IL,State Senate,11,general,Martin Sandoval,Democratic,39158,100.0,True,True
2018,Illinois,IL,State Senate,12,general,Steven Landek,Democratic,38061,100.0,True,True
2018,Illinois,IL,State Senate,14,general,Emil Jones III,Democratic,65275,100.0,True,True
2018,Illinois,IL,State Senate,15,general,Napoleon Harris,Democratic,59332,100.0,True,True
2018,Illinois,IL,State Senate,17,general,"Elgie R. Sims, Jr.",Democratic,66268,100.0,True,True
2018,Illinois,IL,State Senate,18,general,Bill Cunningham,Democratic,64048,100.0,True,True
2018,Illinois,IL,State Senate,20,general,Iris Martinez,Democratic,55151,100.0,True,True
2018,Illinois,IL,State Senate,21,general,Laura Ellman,Democratic,49928,50.6,True,False
2018,Illinois,IL,State Senate,21,general,Michael Connelly,Republican,48749,49.4,False,True
2018,Illinois,IL,State Senate,23,general,Tom Cullerton,Democratic,39604,54.9,True,True
2018,Illinois,IL,State Senate,23,general,Seth Lewis,Republican,32582,45.1,False,False
2018,Illinois,IL,State Senate,24,general,Suzy Glowiak,Democratic,51695,50.8,True,False
2018,Illinois,IL,State Senate,24,general,Chris Nybo,Republican,50059,49.2,False,True
2018,Illinois,IL,State Senate,26,general,Dan McConchie,Republican,51754,54.7,True,True
2018,Illinois,IL,State Senate,26,general,Tom Georges,Democratic,42924,45.3,False,False
2018,Illinois,IL,State Senate,27,general,Ann Gillespie,Democratic,46981,52.0,True,False
2018,Illinois,IL,State Senate,27,general,Tom Rooney,Republican,43375,48.0,False,True
2018,Illinois,IL,State Senate,29,general,Julie Morrison,Democratic,51162,63.2,True,True
2018,Illinois,IL,State Senate,29,general,Barrett Davie,Republican,29791,36.8,False,False
2018,Illinois,IL,State Senate,30,general,Terry Link,Democratic,38860,68.0,True,True
2018,Illinois,IL,State Senate,30,general,Soojae Lee,Republican,18263,32.0,False,False
2018,Illinois,IL,State Senate,32,general,Craig Wilcox,Republican,43402,54.7,True,True
2018,Illinois,IL,State Senate,32,general,Mary Mahady,Democratic,35936,45.3,False,False
2018,Illinois,IL,State Senate,33,general,Don DeWitte,Republican,46040,50.6,True,True
2018,Illinois,IL,State Senate,33,general,Nancy Zettler,Democratic,44965,49.4,False,False
2018,Illinois,IL,State Senate,35,general,Dave Syverson,Republican,62422,100.0,True,True
2018,Illinois,IL,State Senate,36,general,Neil Anderson,Republican,38728,50.8,True,True
2018,Illinois,IL,State Senate,36,general,Gregg Johnson,Democratic,37447,49.2,False,False
2018,Illinois,IL,State Senate,38,general,Sue Rezin,Republican,47977,59.4,True,True
2018,Illinois,IL,State Senate,38,general,Heidi Henry,Democratic,32799,40.6,False,False
2018,Illinois,IL,State Senate,39,general,Don Harmon,Democratic,54149,100.0,True,True
2018,Illinois,IL,State Senate,41,general,John Curran,Republican,49692,50.8,True,True
2018,Illinois,IL,State Senate,41,general,Bridget Fitzgerald,Democratic,48046,49.2,False,False
2018,Illinois,IL,State Senate,42,general,Linda Holmes,Democratic,53118,100.0,True,True
2018,Illinois,IL,State Senate,44,general,Bill Brady,Republican,70464,100.0,True,True
2018,Illinois,IL,State Senate,45,general,Brian W. Stewart,Republican,49936,62.6,True,False
2018,Illinois,IL,State Senate,45,general,David Simpson,Democratic,29781,37.4,False,False
2018,Illinois,IL,State Senate,47,general,Jil Tracy,Republican,61521,99.7,True,True
2018,Illinois,IL,State Senate,47,general,Write-in votes,,160,0.3,False,False
2018,Illinois,IL,State Senate,48,general,Andy Manar,Democratic,42068,56.8,True,True
2018,Illinois,IL,State Senate,48,general,Seth McMillan,Republican,32021,43.2,False,False
2018,Illinois,IL,State Senate,48,general,Write-in votes,,2,0.0,False,False
2018,Illinois,IL,State Senate,50,general,Steve McClure,Republican,72429,100.0,True,False
2018,Illinois,IL,State Senate,51,general,Chapin Rose,Republican,77252,100.0,True,True
2018,Illinois,IL,State Senate,53,general,Jason Barickman,Republican,66592,100.0,True,True
2018,Illinois,IL,State Senate,54,general,Jason Plummer,Republican,59476,70.0,True,False
2018,Illinois,IL,State Senate,54,general,Brian Stout,Democratic,25510,30.0,False,False
2018,Illinois,IL,State Senate,56,general,Rachelle Crowe,Democratic,45727,58.4,True,False
2018,Illinois,IL,State Senate,56,general,Hal Patton,Downstate United,32549,41.6,False,False
2018,Illinois,IL,State Senate,57,general,Christopher Belt,Democratic,44254,59.2,True,False
2018,Illinois,IL,State Senate,57,general,Tanya Hildenbrand,Republican,30496,40.8,False,False
2018,Illinois,IL,State Senate,59,general,Dale Fowler,Republican,50475,61.1,True,True
2018,Illinois,IL,State Senate,59,general,Steve Webb,Democratic,32125,38.9,False,False
2018,Indiana,IN,State Senate,1,general,Frank Mrvan,Democratic,29578,63.3,True,True
2018,Indiana,IN,State Senate,1,general,Charles B. Kallas,Republican,17144,36.7,False,False
2018,Indiana,IN,State Senate,4,general,Karen Tallian,Democratic,26762,60.4,True,True
2018,Indiana,IN,State Senate,4,general,Cole Stultz,Republican,17557,39.6,False,False
2018,Indiana,IN,State Senate,6,general,Rick Niemeyer,Republican,32354,63.2,True,True
2018,Indiana,IN,State Senate,6,general,Ryan Farrar,Democratic,18819,36.8,False,False
2018,Indiana,IN,State Senate,11,general,Linda Rogers,Republican,27029,61.2,True,False
2018,Indiana,IN,State Senate,11,general,Ed Liptrap,Democratic,17179,38.8,False,False
2018,Indiana,IN,State Senate,14,general,Dennis Kruse,Republican,34352,100.0,True,True
2018,Indiana,IN,State Senate,15,general,Liz Brown,Republican,23980,55.4,True,True
2018,Indiana,IN,State Senate,15,general,Kathy Zoucha,Democratic,19321,44.6,False,False
2018,Indiana,IN,State Senate,17,general,Andy Zay,Republican,30320,71.8,True,True
2018,Indiana,IN,State Senate,17,general,Gary Snyder,Democratic,11911,28.2,False,False
2018,Indiana,IN,State Senate,19,general,Travis Holdman,Republican,29985,100.0,True,True
2018,Indiana,IN,State Senate,21,general,Jim Buck,Republican,29797,65.4,True,True
2018,Indiana,IN,State Senate,21,general,Christina Fivecoate,Democratic,15733,34.6,False,False
2018,Indiana,IN,State Senate,22,general,Ronnie Alting,Republican,20727,55.3,True,True
2018,Indiana,IN,State Senate,22,general,Sheryl Shipley,Democratic,16721,44.7,False,False
2018,Indiana,IN,State Senate,23,general,Phil Boots,Republican,36226,100.0,True,True
2018,Indiana,IN,State Senate,25,general,Timothy Lanane,Democratic,19577,51.9,True,True
2018,Indiana,IN,State Senate,25,general,Zaki Ali,Republican,16640,44.1,False,False
2018,Indiana,IN,State Senate,25,general,Robert Q. Jozwiak,Libertarian,1517,4.0,False,False
2018,Indiana,IN,State Senate,26,general,Mike Gaskill,Republican,27647,57.8,True,False
2018,Indiana,IN,State Senate,26,general,Dave Cravens,Democratic,18556,38.8,False,False
2018,Indiana,IN,State Senate,26,general,Greg Noland,Libertarian,1625,3.4,False,False
2018,Indiana,IN,State Senate,27,general,Jeff Raatz,Republican,27795,70.9,True,True
2018,Indiana,IN,State Senate,27,general,Jake Hoog,Democratic,11429,29.1,False,False
2018,Indiana,IN,State Senate,29,general,J. D. Ford,Democratic,31974,56.7,True,False
2018,Indiana,IN,State Senate,29,general,Mike Delph,Republican,24403,43.3,False,True
2018,Indiana,IN,State Senate,31,general,James W. Merritt,Republican,30221,51.4,True,True
2018,Indiana,IN,State Senate,31,general,Derek Camp,Democratic,28612,48.6,False,False
2018,Indiana,IN,State Senate,38,general,Jon Ford,Republican,21508,55.9,True,True
2018,Indiana,IN,State Senate,38,general,Chris Gambill,Democratic,16969,44.1,False,False
2018,Indiana,IN,State Senate,39,general,Eric Bassler,Republican,34199,,True,True
2018,Indiana,IN,State Senate,41,general,Greg Walker,Republican,28888,66.6,True,True
2018,Indiana,IN,State Senate,41,general,Ross Thomas,Democratic,14458,33.4,False,False
2018,Indiana,IN,State Senate,43,general,Chip Perfect,Republican,35509,100.0,True,True
2018,Indiana,IN,State Senate,45,general,Chris Garten,Republican,30357,62.7,True,False
2018,Indiana,IN,State Senate,45,general,John Perkins,Democratic,16493,34.1,False,False
2018,Indiana,IN,State Senate,45,general,Charles Johnson,Libertarian,1554,3.2,False,False
2018,Indiana,IN,State Senate,46,general,Ron Grooms,Republican,27012,54.5,True,True
2018,Indiana,IN,State Senate,46,general,Anna Murray,Democratic,22571,45.5,False,False
2018,Indiana,IN,State Senate,47,general,Erin Houchin,Republican,31853,66.5,True,True
2018,Indiana,IN,State Senate,47,general,Nick Siler,Democratic,16064,33.5,False,False
2018,Indiana,IN,State Senate,48,general,Mark Messmer,Republican,38824,100.0,True,True
2018,Indiana,IN,State Senate,49,general,Jim Tomes,Republican,28895,64.0,True,True
2018,Indiana,IN,State Senate,49,general,Edie Hardcastle,Democratic,16276,36.0,False,False
2018,Iowa,IA,State Senate,1,general,Zach Whiting,Republican,21245,100.0,True,False
2018,Iowa,IA,State Senate,3,general,Jim Carlin,Republican,16366,64.8,True,True
2018,Iowa,IA,State Senate,3,general,Dave Dawson,Democratic,8884,35.2,False,False
2018,Iowa,IA,State Senate,5,general,Tim Kraayenbrink,Republican,14571,62.0,True,True
2018,Iowa,IA,State Senate,5,general,John J. O'Brien,Democratic,8935,38.0,False,False
2018,Iowa,IA,State Senate,7,general,Jackie Smith,Democratic,9125,51.3,True,False
2018,Iowa,IA,State Senate,7,general,Rick Bertrand,Republican,8676,48.7,False,True
2018,Iowa,IA,State Senate,9,general,Jason Schultz,Republican,18533,100.0,True,True
2018,Iowa,IA,State Senate,11,general,Tom Shipley,Republican,18007,67.2,True,True
2018,Iowa,IA,State Senate,11,general,Sara Ramsey,Democratic,8770,32.8,False,False
2018,Iowa,IA,State Senate,13,general,Julian Garrett,Republican,17199,55.9,True,True
2018,Iowa,IA,State Senate,13,general,Vicky Brenner,Democratic,13558,44.1,False,False
2018,Iowa,IA,State Senate,15,general,Zach Nunn,Republican,16988,57.0,True,False
2018,Iowa,IA,State Senate,15,general,Dan Nieland,Democratic,12830,43.0,False,False
2018,Iowa,IA,State Senate,17,general,Tony Bisignano,Democratic,17808,100.0,True,True
2018,Iowa,IA,State Senate,19,general,Jack Whitver,Republican,18598,51.4,True,True
2018,Iowa,IA,State Senate,19,general,Amber Gustafson,Democratic,17608,48.6,False,False
2018,Iowa,IA,State Senate,21,general,Claire Celsi,Democratic,20499,66.1,True,False
2018,Iowa,IA,State Senate,21,general,Brian B. Bales,Republican,10511,33.9,False,False
2018,Iowa,IA,State Senate,23,general,Herman C. Quirmbach,Democratic,19020,75.2,True,True
2018,Iowa,IA,State Senate,23,general,Eric Cooper,Libertarian,6273,24.8,False,False
2018,Iowa,IA,State Senate,25,general,Annette Sweeney,Republican,16621,61.6,True,True
2018,Iowa,IA,State Senate,25,general,Tracy Freese,Democratic,10345,38.4,False,False
2018,Iowa,IA,State Senate,27,general,Amanda Ragan,Democratic,12823,51.0,True,True
2018,Iowa,IA,State Senate,27,general,Shannon Latham,Republican,12322,49.0,False,False
2018,Iowa,IA,State Senate,29,general,Carrie Koelker,Republican,15493,53.6,True,False
2018,Iowa,IA,State Senate,29,general,Tod R. Bowman,Democratic,13437,46.4,False,True
2018,Iowa,IA,State Senate,31,general,Bill Dotzler,Democratic,14573,100.0,True,True
2018,Iowa,IA,State Senate,33,general,Robert M. Hogg,Democratic,17912,65.6,True,True
2018,Iowa,IA,State Senate,33,general,Edward Bernie Hayes,Republican,9407,34.4,False,False
2018,Iowa,IA,State Senate,35,general,Todd Taylor,Democratic,19875,100.0,True,False
2018,Iowa,IA,State Senate,37,general,Zach Wahls,Democratic,20321,78.5,True,False
2018,Iowa,IA,State Senate,37,general,Carl A. Krambeck,Libertarian,5566,21.5,False,False
2018,Iowa,IA,State Senate,39,general,Kevin Kinney,Democratic,15758,54.5,True,True
2018,Iowa,IA,State Senate,39,general,Heather Hora,Republican,13130,45.5,False,False
2018,Iowa,IA,State Senate,41,general,Mariannette Miller-Meeks,Republican,11460,51.8,True,False
2018,Iowa,IA,State Senate,41,general,Mary S. Stewart,Democratic,10652,48.2,False,False
2018,Iowa,IA,State Senate,43,general,Joe Bolkcom,Democratic,23790,79.6,True,True
2018,Iowa,IA,State Senate,43,general,Patrick Joseph Wronkiewicz,Republican,6107,20.4,False,False
2018,Iowa,IA,State Senate,45,general,Jim Lykam,Democratic,14629,100.0,True,True
2018,Iowa,IA,State Senate,47,general,Roby Smith,Republican,16125,52.8,True,True
2018,Iowa,IA,State Senate,47,general,Marie Gleason,Democratic,14418,47.2,False,False
2018,Iowa,IA,State Senate,49,general,Chris Cournoyer,Republican,13305,54.9,True,False
2018,Iowa,IA,State Senate,49,general,Patti Robinson,Democratic,10916,45.1,False,False
2018,Kentucky,KY,State Senate,2,general,Danny Carroll,Republican,28252.0,63.2,True,True
2018,Kentucky,KY,State Senate,2,general,Julie Tennyson,Democratic,16428.0,36.8,False,False
2018,Kentucky,KY,State Senate,4,general,"Robert M. ""Robby"" Mills",Republican,19057.0,50.6,True,False
2018,Kentucky,KY,State Senate,4,general,J. Dorsey Ridley,Democratic,18573.0,49.4,False,True
2018,Kentucky,KY,State Senate,6,general,C. B. Embry Jr.,Republican,27139.0,67.2,True,True
2018,Kentucky,KY,State Senate,6,general,Crystal Chappell,Democratic,13217.0,32.8,False,False
2018,Kentucky,KY,State Senate,8,general,Matt Castlen,Republican,25107.0,58.2,True,False
2018,Kentucky,KY,State Senate,8,general,Bob Glenn,Democratic,18019.0,41.8,False,False
2018,Kentucky,KY,State Senate,10,general,Dennis L. Parrett,Democratic,,,True,True
2018,Kentucky,KY,State Senate,12,general,Alice Forgy Kerr,Republican,26874.0,50.7,True,True
2018,Kentucky,KY,State Senate,12,general,Paula Setser-Kissick,Democratic,26102.0,49.3,False,False
2018,Kentucky,KY,State Senate,14,general,Jimmy Higdon,Republican,29752.0,65.3,True,True
2018,Kentucky,KY,State Senate,14,general,Stephanie Compton,Democratic,15842.0,34.7,False,False
2018,Kentucky,KY,State Senate,16,general,"George Maxwell ""Max"" Wise",Republican,33447.0,96.7,True,True
2018,Kentucky,KY,State Senate,16,general,Nicole Britton,Write-in,1125.0,3.3,False,False
2018,Kentucky,KY,State Senate,18,general,Robin L. Webb,Democratic,21644.0,57.8,True,True
2018,Kentucky,KY,State Senate,18,general,Scott L. Sharp,Republican,15823.0,42.2,False,False
2018,Kentucky,KY,State Senate,20,general,Paul R. Hornback,Republican,25775.0,56.5,True,True
2018,Kentucky,KY,State Senate,20,general,Dave Suetholz,Democratic,19829.0,43.5,False,False
2018,Kentucky,KY,State Senate,22,general,Tom Buford,Republican,28537.0,66.0,True,True
2018,Kentucky,KY,State Senate,22,general,Carolyn Dupont,Democratic,14692.0,34.0,False,False
2018,Kentucky,KY,State Senate,24,general,Wil Schroder,Republican,23705.0,56.9,True,True
2018,Kentucky,KY,State Senate,24,general,Rachel Roberts,Democratic,17958.0,43.1,False,False
2018,Kentucky,KY,State Senate,26,general,Ernie Harris,Republican,29625.0,51.8,True,True
2018,Kentucky,KY,State Senate,26,general,Karen Berg,Democratic,26524.0,46.3,False,False
2018,Kentucky,KY,State Senate,26,general,Jody Hurt,Independent,1078.0,1.9,False,False
2018,Kentucky,KY,State Senate,28,general,Ralph Alvarado,Republican,23212.0,53.4,True,True
2018,Kentucky,KY,State Senate,28,general,Denise Gray,Democratic,20291.0,46.6,False,False
2018,Kentucky,KY,State Senate,30,general,Brandon Smith,Republican,27747.0,73.2,True,True
2018,Kentucky,KY,State Senate,30,general,Paula Clemons-Combs,Democratic,10151.0,26.8,False,False
2018,Kentucky,KY,State Senate,32,general,Mike Wilson,Republican,20803.0,52.3,True,True
2018,Kentucky,KY,State Senate,32,general,Jeanie Smith,Democratic,18952.0,47.7,False,False
2018,Kentucky,KY,State Senate,34,general,Jared K. Carpenter,Republican,28145.0,61.8,True,True
2018,Kentucky,KY,State Senate,34,general,Susan Byrne Haddix,Democratic,17377.0,38.2,False,False
2018,Kentucky,KY,State Senate,36,general,Julie Raque Adams,Republican,29729.0,53.4,True,True
2018,Kentucky,KY,State Senate,36,general,Sheri A. Donahue,Democratic,25977.0,46.6,False,False
2018,Kentucky,KY,State Senate,38,general,Dan Malano Seum,Republican,25801.0,67.9,True,True
2018,Kentucky,KY,State Senate,38,general,"Brenda Sue ""Susie"" Board",Independent,9868.0,26.0,False,False
2018,Kentucky,KY,State Senate,38,general,Andrew Bailey,Write-in,2329.0,6.1,False,False
2018,Maine,ME,State Senate,1,general,Troy Dale Jackson,Democratic,8793,60.74,True,True
2018,Maine,ME,State Senate,1,general,Michael Nadeau,Republican,5683,39.26,False,False
2018,Maine,ME,State Senate,2,general,Michael Carpenter,Democratic,7433,50.71,True,True
2018,Maine,ME,State Senate,2,general,Karen Ann Reynolds,Republican,7226,49.29,False,False
2018,Maine,ME,State Senate,3,general,Brad Farrin,Republican,8876,60.37,True,False
2018,Maine,ME,State Senate,3,general,Jeffrey Johnson,Democratic,5827,39.63,False,False
2018,Maine,ME,State Senate,4,general,Paul T. Davis,Republican,9895,65.94,True,True
2018,Maine,ME,State Senate,4,general,Susan Mackey Andrews,Democratic,5112,34.06,False,False
2018,Maine,ME,State Senate,5,general,James Dill,Democratic,8789,58.57,True,True
2018,Maine,ME,State Senate,5,general,Debbi Perkins,Republican,5855,39.02,False,False
2018,Maine,ME,State Senate,5,general,Maia Dendinger,Socialist,1124,7.49,False,False
2018,Maine,ME,State Senate,6,general,Marianne Moore,Republican,8979,61.33,True,False
2018,Maine,ME,State Senate,6,general,Christina Therrien,Democratic,5661,38.67,False,False
2018,Maine,ME,State Senate,7,general,Louis Luchini,Democratic,13363,62.21,True,False
2018,Maine,ME,State Senate,7,general,Richard Malaby,Republican,7486,34.85,False,False
2018,Maine,ME,State Senate,8,general,Kimberley Rosen,Republican,10521,58.52,True,True
2018,Maine,ME,State Senate,8,general,Beverly Uhlenhake,Democratic,7458,41.48,False,False
2018,Maine,ME,State Senate,9,general,Geoffrey Gratwick,Democratic,9203,60.57,True,True
2018,Maine,ME,State Senate,9,general,James LaBrecque,Republican,5990,39.43,False,False
2018,Maine,ME,State Senate,10,general,Stacey Guerin,Republican,10431,66.16,True,False
2018,Maine,ME,State Senate,10,general,William Lippincott,Democratic,5336,33.84,False,False
2018,Maine,ME,State Senate,11,general,Erin Herbig,Democratic,11659,58.99,True,False
2018,Maine,ME,State Senate,11,general,Jayne Crosby Giles,Republican,8100,40.98,False,False
2018,Maine,ME,State Senate,11,general,Joseph H. Greenier,Independent,7,0.03,False,False
2018,Maine,ME,State Senate,12,general,David Miramant,Democratic,12467,63.42,True,True
2018,Maine,ME,State Senate,12,general,Wendy Pelletier,Republican,7192,36.58,False,False
2018,Maine,ME,State Senate,13,general,Dana Dow,Republican,10266,50.96,True,True
2018,Maine,ME,State Senate,13,general,Laura Fortman,Democratic,9881,49.04,False,False
2018,Maine,ME,State Senate,14,general,Shenna Bellows,Democratic,10790,57.89,True,True
2018,Maine,ME,State Senate,14,general,Matthew Stone,Republican,7850,42.11,False,False
2018,Maine,ME,State Senate,15,general,Matthew Pouliot,Republican,9497,56.89,True,False
2018,Maine,ME,State Senate,15,general,Kellie Julia,Democratic,7197,43.11,False,False
2018,Maine,ME,State Senate,16,general,Scott Cyrway,Republican,7902,50.4,True,True
2018,Maine,ME,State Senate,16,general,Karen Kusiak,Democratic,7778,49.6,False,False
2018,Maine,ME,State Senate,17,general,Russell Black,Republican,9715,54.52,True,False
2018,Maine,ME,State Senate,17,general,Jan Collins,Democratic,8105,45.48,False,False
2018,Maine,ME,State Senate,18,general,Lisa Keim,Republican,10966,65.45,True,True
2018,Maine,ME,State Senate,18,general,James Wilfong,Democratic,5789,34.55,False,False
2018,Maine,ME,State Senate,19,general,James Hamper,Republican,10167,58.33,True,True
2018,Maine,ME,State Senate,19,general,Michael McKinney,Democratic,7262,41.67,False,False
2018,Maine,ME,State Senate,20,general,Ned Claxton,Democratic,8993,50.66,True,False
2018,Maine,ME,State Senate,20,general,Ellie Espling,Republican,8758,49.34,False,False
2018,Maine,ME,State Senate,21,general,Nate Libby,Democratic,8210,60.42,True,True
2018,Maine,ME,State Senate,21,general,"Nelson Peters, Jr.",Republican,5378,39.58,False,False
2018,Maine,ME,State Senate,22,general,Jeff Timberlake,Republican,10572,62.75,True,False
2018,Maine,ME,State Senate,22,general,Lois Kilby-Chesley,Democratic,6277,37.25,False,False
2018,Maine,ME,State Senate,23,general,Eloise Vitelli,Democratic,11580,57.7,True,True
2018,Maine,ME,State Senate,23,general,Richard Donaldson,Republican,8490,43.3,False,False
2018,Maine,ME,State Senate,24,general,"Everett ""Brownie"" Carson",Democratic,15374,67.76,True,True
2018,Maine,ME,State Senate,24,general,Diana Garcia,Republican,7315,32.24,False,False
2018,Maine,ME,State Senate,25,general,Cathy Breen,Democratic,15348,61.9,True,True
2018,Maine,ME,State Senate,25,general,Cathleen Nichols,Republican,9448,38.1,False,False
2018,Maine,ME,State Senate,26,general,Bill Diamond,Democratic,14743,100.0,True,True
2018,Maine,ME,State Senate,27,general,Ben Chipman,Democratic,14729,74.75,True,True
2018,Maine,ME,State Senate,27,general,Crystal Canney,Independent,4975,25.25,False,False
2018,Maine,ME,State Senate,28,general,Heather Sanborn,Democratic,15940,100.0,True,False
2018,Maine,ME,State Senate,29,general,Rebecca Millett,Democratic,15077,74.3,True,True
2018,Maine,ME,State Senate,29,general,George Van Syckel,Republican,5215,25.7,False,False
2018,Maine,ME,State Senate,30,general,Linda Sanborn,Democratic,11170,50.44,True,False
2018,Maine,ME,State Senate,30,general,Amy Volk,Republican,10975,49.66,False,True
2018,Maine,ME,State Senate,31,general,Justin Chenette,Democratic,12122,66.48,True,True
2018,Maine,ME,State Senate,31,general,Stavros Mendros,Republican,6113,33.52,False,False
2018,Maine,ME,State Senate,32,general,Susan Deschambault,Democratic,10620,62.63,True,True
2018,Maine,ME,State Senate,32,general,Scott Normandeau,Republican,6338,37.37,False,False
2018,Maine,ME,State Senate,33,general,David Woodsome,Republican,9030,58.91,True,True
2018,Maine,ME,State Senate,33,general,John Tuttle,Democratic,6298,41.09,False,False
2018,Maine,ME,State Senate,34,general,Robert Foley,Republican,10456,51.68,True,False
2018,Maine,ME,State Senate,34,general,Thomas Wright,Democratic,9776,48.32,False,False
2018,Maine,ME,State Senate,35,general,Mark Lawrence,Democratic,13408,62.48,True,False
2018,Maine,ME,State Senate,35,general,Michael Estes,Republican,8050,37.52,False,False
2018,Maryland,MD,State Senate,1,general,George C. Edwards,Republican,34966,98.3,True,True
2018,Maryland,MD,State Senate,2,general,Andrew A. Serafini,Republican,29798,71.7,True,True
2018,Maryland,MD,State Senate,2,general,Jenna L. Roland,Green,11631,28.0,False,False
2018,Maryland,MD,State Senate,3,general,Ronald N. Young,Democratic,30391,58.5,True,True
2018,Maryland,MD,State Senate,3,general,Craig Giangrande,Republican,21471,41.3,False,False
2018,Maryland,MD,State Senate,4,general,Michael Hough,Republican,35240,59.1,True,True
2018,Maryland,MD,State Senate,4,general,Jessica Douglass,Democratic,24358,40.8,False,False
2018,Maryland,MD,State Senate,5,general,Justin Ready,Republican,39568,71.5,True,True
2018,Maryland,MD,State Senate,5,general,Jamie O'Marr,Democratic,15739,28.4,False,False
2018,Maryland,MD,State Senate,6,general,Johnny Ray Salling,Republican,19511,55.3,True,True
2018,Maryland,MD,State Senate,6,general,Buddy Staigerwald,Democratic,14108,40.0,False,False
2018,Maryland,MD,State Senate,6,general,Scott M. Collier,Independent,1631,4.6,False,False
2018,Maryland,MD,State Senate,7,general,J. B. Jennings,Republican,40070,66.9,True,True
2018,Maryland,MD,State Senate,7,general,Donna Hines,Democratic,19780,33.0,False,False
2018,Maryland,MD,State Senate,8,general,Kathy Klausmeier,Democratic,24332,51.1,True,True
2018,Maryland,MD,State Senate,8,general,Christian Miele,Republican,23271,48.8,False,False
2018,Maryland,MD,State Senate,9,general,Katie Fry Hester,Democratic,33493,50.8,True,False
2018,Maryland,MD,State Senate,9,general,Gail H. Bates,Republican,32347,49.1,False,True
2018,Maryland,MD,State Senate,10,general,Delores G. Kelley,Democratic,38005,80.3,True,True
2018,Maryland,MD,State Senate,10,general,Stephanie Boston,Republican,9229,19.5,False,False
2018,Maryland,MD,State Senate,11,general,Robert Zirkin,Democratic,40472,96.9,True,True
2018,Maryland,MD,State Senate,12,general,Clarence Lam,Democratic,32730,66.1,True,False
2018,Maryland,MD,State Senate,12,general,"Joseph D. ""Joe"" Hooe",Republican,16747,33.8,False,False
2018,Maryland,MD,State Senate,13,general,Guy Guzzone,Democratic,47309,97.4,True,True
2018,Maryland,MD,State Senate,14,general,Craig Zucker,Democratic,40262,72.6,True,True
2018,Maryland,MD,State Senate,14,general,Robert Drozd,Republican,15177,27.1,False,False
2018,Maryland,MD,State Senate,15,general,Brian Feldman,Democratic,38771,72.0,True,True
2018,Maryland,MD,State Senate,15,general,David Wilson,Republican,15000,27.9,False,False
2018,Maryland,MD,State Senate,16,general,Susan C. Lee,Democratic,48822,80.1,True,True
2018,Maryland,MD,State Senate,16,general,Marcus Alzona,Republican,12052,19.8,False,False
2018,Maryland,MD,State Senate,17,general,Cheryl Kagan,Democratic,36147,79.0,True,True
2018,Maryland,MD,State Senate,17,general,Josephine J. Wang,Republican,9529,20.8,False,False
2018,Maryland,MD,State Senate,18,general,Jeff Waldstreicher,Democratic,41360,97.6,True,False
2018,Maryland,MD,State Senate,19,general,Benjamin F. Kramer,Democratic,39393,88.0,True,False
2018,Maryland,MD,State Senate,19,general,David Jeang,Green,4795,10.7,False,False
2018,Maryland,MD,State Senate,20,general,William C. Smith Jr.,Democratic,42069,90.8,True,True
2018,Maryland,MD,State Senate,20,general,Dwight Patel,Republican,4236,9.1,False,False
2018,Maryland,MD,State Senate,20,general,"Vardly E. ""North"" St. Preux (write-in)",Independent,5,0.0,False,False
2018,Maryland,MD,State Senate,21,general,James Rosapepe,Democratic,32262,77.5,True,True
2018,Maryland,MD,State Senate,21,general,Lee Havis,Republican,9311,22.4,False,False
2018,Maryland,MD,State Senate,22,general,Paul G. Pinsky,Democratic,33849,92.4,True,True
2018,Maryland,MD,State Senate,22,general,Lauren K. Drew,Libertarian,2633,7.2,False,False
2018,Maryland,MD,State Senate,23,general,Douglas J. J. Peters,Democratic,53176,98.6,True,True
2018,Maryland,MD,State Senate,24,general,Joanne C. Benson,Democratic,44568,99.2,True,True
2018,Maryland,MD,State Senate,25,general,Melony G. Griffith,Democratic,44390,99.4,True,False
2018,Maryland,MD,State Senate,26,general,Obie Patterson,Democratic,42929,92.5,True,False
2018,Maryland,MD,State Senate,26,general,Ike Puzon,Republican,3280,7.1,False,False
2018,Maryland,MD,State Senate,27,general,Thomas V. Miller Jr.,Democratic,39664,66.0,True,True
2018,Maryland,MD,State Senate,27,general,Jesse Allen Peed,Republican,20359,33.9,False,False
2018,Maryland,MD,State Senate,28,general,Arthur Ellis,Democratic,37585,66.2,True,False
2018,Maryland,MD,State Senate,28,general,Bill Dotson,Republican,19063,33.6,False,False
2018,Maryland,MD,State Senate,29,general,Jack Bailey,Republican,28918,60.2,True,False
2018,Maryland,MD,State Senate,29,general,Thomas Brewer,Democratic,19017,39.6,False,False
2018,Maryland,MD,State Senate,30,general,Sarah Elfreth,Democratic,29736,53.8,True,False
2018,Maryland,MD,State Senate,30,general,Ron George,Republican,24639,44.6,False,False
2018,Maryland,MD,State Senate,30,general,"Christopher Wallace, Sr.",Libertarian,826,1.5,False,False
2018,Maryland,MD,State Senate,31,general,Bryan Simonaire,Republican,29489,61.0,True,True
2018,Maryland,MD,State Senate,31,general,Scott Harman,Democratic,18778,38.9,False,False
2018,Maryland,MD,State Senate,32,general,Pamela Beidle,Democratic,30384,66.4,True,False
2018,Maryland,MD,State Senate,32,general,John Grasso,Republican,15306,33.4,False,False
2018,Maryland,MD,State Senate,33,general,Edward R. Reilly,Republican,34884,53.5,True,True
2018,Maryland,MD,State Senate,33,general,Eve Hurwitz,Democratic,30298,46.4,False,False
2018,Maryland,MD,State Senate,34,general,Robert Cassilly,Republican,24445,50.1,True,True
2018,Maryland,MD,State Senate,34,general,Mary-Dulany James,Democratic,24256,49.7,False,False
2018,Maryland,MD,State Senate,35,general,Jason C. Gallion,Republican,33813,67.3,True,False
2018,Maryland,MD,State Senate,35,general,Frank Esposito,Independent,10600,21.1,False,False
2018,Maryland,MD,State Senate,35,general,Christopher Randers-Pehrson,Libertarian,5632,11.2,False,False
2018,Maryland,MD,State Senate,36,general,Steve Hershey,Republican,33028,65.1,True,True
2018,Maryland,MD,State Senate,36,general,Heather Lynette Sinclair,Democratic,17691,34.9,False,False
2018,Maryland,MD,State Senate,37,general,Adelaide C. Eckardt,Republican,29520,59.9,True,True
2018,Maryland,MD,State Senate,37,general,Holly Wright,Democratic,19691,40.0,False,False
2018,Maryland,MD,State Senate,38,general,Mary Beth Carozza,Republican,25731,52.6,True,False
2018,Maryland,MD,State Senate,38,general,James N. Mathias Jr.,Democratic,23098,47.3,False,True
2018,Maryland,MD,State Senate,39,general,Nancy J. King,Democratic,32417,79.3,True,True
2018,Maryland,MD,State Senate,39,general,Al Phillips,Republican,8434,20.6,False,False
2018,Maryland,MD,State Senate,40,general,Antonio Hayes,Democratic,26960,98.7,True,False
2018,Maryland,MD,State Senate,41,general,Jill P. Carter,Democratic,33284,98.2,True,True
2018,Maryland,MD,State Senate,42,general,Chris West,Republican,29100,51.0,True,False
2018,Maryland,MD,State Senate,42,general,Robbie Leonard,Democratic,27949,49.0,False,False
2018,Maryland,MD,State Senate,43,general,Mary L. Washington,Democratic,35972,98.8,True,False
2018,Maryland,MD,State Senate,44,general,Shirley Nathan-Pulliam,Democratic,34834,84.5,True,True
2018,Maryland,MD,State Senate,44,general,"Victor Clark, Jr.",Republican,6280,15.2,False,False
2018,Maryland,MD,State Senate,45,general,Cory V. McCray,Democratic,29608,98.8,True,False
2018,Maryland,MD,State Senate,46,general,Bill Ferguson,Democratic,26203,78.2,True,True
2018,Maryland,MD,State Senate,46,general,Christine Digman,Republican,7238,21.6,False,False
2018,Maryland,MD,State Senate,47,general,Malcolm Augustine,Democratic,23983,93.0,True,False
2018,Maryland,MD,State Senate,47,general,Fred Price Jr.,Republican,1777,6.9,False,False
2018,Massachusetts,MA,State Senate,PLYMOUTH,general,Michael Rodrigues,Democratic,,,True,True
2018,Michigan,MI,State Senate,1,general,Stephanie Chang 2,Democratic,60874,72.27,True,False
2018,Michigan,MI,State Senate,1,general,Pauline Montie,Republican,20154,23.93,False,False
2018,Michigan,MI,State Senate,1,general,David Bullock,Green,3204,3.8,False,False
2018,Michigan,MI,State Senate,2,general,Adam Hollier,Democratic,53920,75.71,True,False
2018,Michigan,MI,State Senate,2,general,Lisa Papas,Republican,17288,24.29,False,False
2018,Michigan,MI,State Senate,3,general,Sylvia Santana 2,Democratic,58211,81.75,True,False
2018,Michigan,MI,State Senate,3,general,Kathy Stecker,Republican,10907,15.32,False,False
2018,Michigan,MI,State Senate,3,general,Hali McEachern,Working Class,2089,2.93,False,False
2018,Michigan,MI,State Senate,4,general,Marshall Bullock,Democratic,57469,78.36,True,False
2018,Michigan,MI,State Senate,4,general,Angela Savino,Republican,15868,21.64,False,False
2018,Michigan,MI,State Senate,5,general,Betty Jean Alexander,Democratic,69203,77.65,True,False
2018,Michigan,MI,State Senate,5,general,DeShawn Wilkins,Republican,16044,18.0,False,False
2018,Michigan,MI,State Senate,5,general,Larry Betts,Working Class,3879,4.35,False,False
2018,Michigan,MI,State Senate,6,general,Erika Geiss 2,Democratic,60783,61.34,True,False
2018,Michigan,MI,State Senate,6,general,Brenda Jones,Republican,38301,38.66,False,False
2018,Michigan,MI,State Senate,7,general,Dayna Polehanki,Democratic,69428,50.56,True,False
2018,Michigan,MI,State Senate,7,general,Laura Cox 2,Republican,65009,47.34,False,False
2018,Michigan,MI,State Senate,7,general,Joseph H. LeBlanc,Libertarian,2890,2.1,False,False
2018,Michigan,MI,State Senate,8,general,Peter Lucido 2,Republican,76165,61.76,True,False
2018,Michigan,MI,State Senate,8,general,Paul R. Francis,Democratic,47151,38.24,False,False
2018,Michigan,MI,State Senate,9,general,Paul Wojno 3,Democratic,65730,65.9,True,False
2018,Michigan,MI,State Senate,9,general,Jeff Bonnell,Republican,34012,34.1,False,False
2018,Michigan,MI,State Senate,10,general,Michael D. MacDonald,Republican,57565,51.02,True,False
2018,Michigan,MI,State Senate,10,general,Henry Yanez 2,Democratic,52392,46.43,False,False
2018,Michigan,MI,State Senate,10,general,Mike Saliba,Libertarian,2874,2.55,False,False
2018,Michigan,MI,State Senate,11,general,Jeremy Moss 2,Democratic,97192,76.43,True,False
2018,Michigan,MI,State Senate,11,general,Boris Tuman,Republican,26829,21.1,False,False
2018,Michigan,MI,State Senate,11,general,James K. Young,Libertarian,3145,2.47,False,False
2018,Michigan,MI,State Senate,12,general,Rosemary Bayer,Democratic,59297,49.39,True,False
2018,Michigan,MI,State Senate,12,general,Mike McCready 2,Republican,58362,48.61,False,False
2018,Michigan,MI,State Senate,12,general,Jeff Pittel,Libertarian,2403,2.0,False,False
2018,Michigan,MI,State Senate,13,general,Mallory McMorrow,Democratic,73138,51.89,True,False
2018,Michigan,MI,State Senate,13,general,Marty Knollenberg,Republican,67798,48.11,False,True
2018,Michigan,MI,State Senate,14,general,Ruth Johnson 3,Republican,64273,55.68,True,False
2018,Michigan,MI,State Senate,14,general,Renee Watson,Democratic,48580,42.09,False,False
2018,Michigan,MI,State Senate,14,general,Jessica Smith,Green,2580,2.24,False,False
2018,Michigan,MI,State Senate,15,general,Jim Runestad 2,Republican,67351,51.69,True,False
2018,Michigan,MI,State Senate,15,general,Julia Pulver,Democratic,62935,48.31,False,False
2018,Michigan,MI,State Senate,16,general,Mike Shirkey 1,Republican,56981,62.71,True,False
2018,Michigan,MI,State Senate,16,general,Val Cochran Toops,Democratic,31129,34.26,False,False
2018,Michigan,MI,State Senate,16,general,Ronald A. Muszynski,Libertarian,2760,3.04,False,False
2018,Michigan,MI,State Senate,17,general,Dale Zorn,Republican,57947,57.89,True,True
2018,Michigan,MI,State Senate,17,general,Bill LaVoy 3,Democratic,39255,39.21,False,False
2018,Michigan,MI,State Senate,17,general,Chad McNamara,Libertarian,2905,2.9,False,False
2018,Michigan,MI,State Senate,18,general,Jeff Irwin 3,Democratic,96876,76.61,True,False
2018,Michigan,MI,State Senate,18,general,Martin Church,Republican,26619,21.05,False,False
2018,Michigan,MI,State Senate,18,general,Thomas Repasky,Working Class,2954,2.34,False,False
2018,Michigan,MI,State Senate,19,general,John Bizon 2,Republican,56213,58.41,True,False
2018,Michigan,MI,State Senate,19,general,Jason Noble,Democratic,37081,38.53,False,False
2018,Michigan,MI,State Senate,19,general,Joseph P. Gillotte,Libertarian,2941,3.06,False,False
2018,Michigan,MI,State Senate,20,general,Sean McCann 3,Democratic,60523,53.09,True,False
2018,Michigan,MI,State Senate,20,general,Margaret O'Brien,Republican,48197,42.28,False,True
2018,Michigan,MI,State Senate,20,general,Lorence Wenke 3,Libertarian,5273,4.63,False,False
2018,Michigan,MI,State Senate,21,general,Kim LaSata 2,Republican,56296,58.2,True,False
2018,Michigan,MI,State Senate,21,general,Ian Haight,Democratic,40433,41.8,False,False
2018,Michigan,MI,State Senate,22,general,Lana Theis 2,Republican,76038,55.97,True,False
2018,Michigan,MI,State Senate,22,general,Adam Dreher,Democratic,57163,42.08,False,False
2018,Michigan,MI,State Senate,22,general,Eric Borregard,Green,2658,1.96,False,False
2018,Michigan,MI,State Senate,23,general,Curtis Hertel Jr.,Democratic,73184,68.46,True,True
2018,Michigan,MI,State Senate,23,general,Andrea Pollock,Republican,33718,31.54,False,False
2018,Michigan,MI,State Senate,24,general,Tom Barrett 2,Republican,66969,53.53,True,False
2018,Michigan,MI,State Senate,24,general,Kelly Rossman-McKinney,Democratic,54350,43.45,False,False
2018,Michigan,MI,State Senate,24,general,Katie Nepton,Libertarian,2064,1.65,False,False
2018,Michigan,MI,State Senate,24,general,Matthew Shepard,Constitution,1711,1.37,False,False
2018,Michigan,MI,State Senate,25,general,Dan Lauwers 2,Republican,66926,63.96,True,False
2018,Michigan,MI,State Senate,25,general,Debbie Bourgois,Democratic,37715,36.04,False,False
2018,Michigan,MI,State Senate,26,general,Aric Nesbitt 3,Republican,61509,56.67,True,False
2018,Michigan,MI,State Senate,26,general,Garnet Lewis,Democratic,43495,40.08,False,False
2018,Michigan,MI,State Senate,26,general,Erwin Haas,Libertarian,2375,2.19,False,False
2018,Michigan,MI,State Senate,26,general,Robert M. Alway,Green,1153,1.06,False,False
2018,Michigan,MI,State Senate,27,general,Jim Ananich,Democratic,59108,71.17,True,True
2018,Michigan,MI,State Senate,27,general,Donna Kekesis,Republican,23942,28.83,False,False
2018,Michigan,MI,State Senate,28,general,Peter MacGregor,Republican,68749,58.39,True,True
2018,Michigan,MI,State Senate,28,general,Craig Beach,Democratic,45937,39.01,False,False
2018,Michigan,MI,State Senate,28,general,Nathan Hewer,Libertarian,3059,2.6,False,False
2018,Michigan,MI,State Senate,29,general,Winnie Brinks 2,Democratic,70715,56.92,True,False
2018,Michigan,MI,State Senate,29,general,Chris Afendoulis 2,Republican,50225,40.43,False,False
2018,Michigan,MI,State Senate,29,general,Robert VanNoller,Libertarian,1840,1.48,False,False
2018,Michigan,MI,State Senate,29,general,Louis Palus,Working Class,1445,1.16,False,False
2018,Michigan,MI,State Senate,30,general,Roger Victory 2,Republican,79323,63.25,True,False
2018,Michigan,MI,State Senate,30,general,Jeanette Schipper,Democratic,42904,34.21,False,False
2018,Michigan,MI,State Senate,30,general,Mary Buzuma,Libertarian,3189,2.54,False,False
2018,Michigan,MI,State Senate,31,general,Kevin Daley 3,Republican,63394,60.24,True,False
2018,Michigan,MI,State Senate,31,general,Cynthia A. Luczak,Democratic,41833,39.76,False,False
2018,Michigan,MI,State Senate,32,general,Kenneth Horn 1,Republican,62375,55.48,True,False
2018,Michigan,MI,State Senate,32,general,Phil Phelps 2,Democratic,50058,44.52,False,False
2018,Michigan,MI,State Senate,33,general,Rick Outman 3,Republican,49856,58.75,True,False
2018,Michigan,MI,State Senate,33,general,Mark Bignell,Democratic,32375,38.15,False,False
2018,Michigan,MI,State Senate,33,general,Christopher Comden,Constitution,2633,3.1,False,False
2018,Michigan,MI,State Senate,34,general,Jon Bumstead 3,Republican,50313,50.74,True,False
2018,Michigan,MI,State Senate,34,general,Poppy Sias-Hernandez,Democratic,45941,46.33,False,False
2018,Michigan,MI,State Senate,34,general,Max Riekse,Libertarian,2896,2.92,False,False
2018,Michigan,MI,State Senate,35,general,Curt VanderWall 2,Republican,73688,63.17,True,False
2018,Michigan,MI,State Senate,35,general,Mike Taillard,Democratic,39923,34.23,False,False
2018,Michigan,MI,State Senate,35,general,Timothy Coon,Libertarian,3031,2.6,False,False
2018,Michigan,MI,State Senate,36,general,Jim Stamas,Republican,71013,64.29,True,True
2018,Michigan,MI,State Senate,36,general,Joe Weir,Democratic,39440,35.71,False,False
2018,Michigan,MI,State Senate,37,general,Wayne Schmidt,Republican,73338,58.95,True,True
2018,Michigan,MI,State Senate,37,general,Jim Page,Democratic,51076,41.05,False,False
2018,Michigan,MI,State Senate,38,general,Ed McBroom 3,Republican,59290,54.63,True,False
2018,Michigan,MI,State Senate,38,general,Scott Dianda 2,Democratic,47279,43.57,False,False
2018,Michigan,MI,State Senate,38,general,Wade Paul Roberts,Green,1952,1.8,False,False
2018,Missouri,MO,State Senate,2,general,Bob Onder,Republican,52145,59.69,True,True
2018,Missouri,MO,State Senate,2,general,Patrice Billings,Democratic,35219,40.31,False,False
2018,Missouri,MO,State Senate,4,general,Karla May,Democratic,56289,77.04,True,False
2018,Missouri,MO,State Senate,4,general,Robert J. Crump,Republican,16773,22.96,False,False
2018,Missouri,MO,State Senate,6,general,Mike Bernskoetter,Republican,52861,73.22,True,False
2018,Missouri,MO,State Senate,6,general,Nicole Thompson,Democratic,17783,24.63,False,False
2018,Missouri,MO,State Senate,6,general,Steven Wilson,Libertarian,1520,2.11,False,False
2018,Missouri,MO,State Senate,8,general,Mike Cierpiot,Republican,41094,54.69,True,True
2018,Missouri,MO,State Senate,8,general,Hillary Shields,Democratic,34052,45.31,False,False
2018,Missouri,MO,State Senate,10,general,Jeanie Riddle,Republican,48277,70.31,True,True
2018,Missouri,MO,State Senate,10,general,Ayanna Shivers,Democratic,20384,29.69,False,False
2018,Missouri,MO,State Senate,12,general,Dan Hegeman,Republican,49947,72.5,True,True
2018,Missouri,MO,State Senate,12,general,Terry Richard,Democratic,18950,27.5,False,False
2018,Missouri,MO,State Senate,14,general,Brian Williams,Democratic,51815,100.0,True,False
2018,Missouri,MO,State Senate,16,general,Justin Dan Brown,Republican,41985,70.18,True,True
2018,Missouri,MO,State Senate,16,general,Ryan Dillon,Democratic,17839,29.82,False,False
2018,Missouri,MO,State Senate,18,general,Cindy O'Laughlin,Republican,46225,70.3,True,False
2018,Missouri,MO,State Senate,18,general,Crystal Stephens,Democratic,19528,29.7,False,False
2018,Missouri,MO,State Senate,20,general,Eric W. Burlison,Republican,62247,73.88,True,False
2018,Missouri,MO,State Senate,20,general,Jim Billedo,Democratic,22006,26.12,False,False
2018,Missouri,MO,State Senate,22,general,Paul Wieland,Republican,40553,58.33,True,True
2018,Missouri,MO,State Senate,22,general,Robert Butler,Democratic,26896,38.68,False,False
2018,Missouri,MO,State Senate,22,general,Richie Camden,Libertarian,2077,2.99,False,False
2018,Missouri,MO,State Senate,24,general,Jill Schupp,Democratic,49910,60.8,True,True
2018,Missouri,MO,State Senate,24,general,Gregory B. Powers,Republican,30494,37.15,False,False
2018,Missouri,MO,State Senate,24,general,Jim Higgins,Libertarian,1682,2.05,False,False
2018,Missouri,MO,State Senate,26,general,Dave Schatz,Republican,53143,64.02,True,True
2018,Missouri,MO,State Senate,26,general,John Kiehne,Democratic,29866,35.98,False,False
2018,Missouri,MO,State Senate,28,general,Sandy Crawford,Republican,53659,79.18,True,True
2018,Missouri,MO,State Senate,28,general,Joe Poor,Democratic,14113,20.82,False,False
2018,Missouri,MO,State Senate,30,general,Lincoln Hough,Republican,34506,53.35,True,False
2018,Missouri,MO,State Senate,30,general,Charlie Norr,Democratic,30175,46.65,False,False
2018,Missouri,MO,State Senate,32,general,Bill White,Republican,48383,73.73,True,False
2018,Missouri,MO,State Senate,32,general,Carolyn McGowan,Democratic,15125,23.05,False,False
2018,Missouri,MO,State Senate,32,general,Conon Gillis,Green,2114,3.22,False,False
2018,Missouri,MO,State Senate,34,general,Tony Luetkemeyer,Republican,38648,52.47,True,False
2018,Missouri,MO,State Senate,34,general,Martin T. Rucker II,Democratic,35015,47.53,False,False
2018,Montana,MT,State Senate,1,general,Mike Cuffe,Republican,7333,83.17,True,False
2018,Montana,MT,State Senate,1,general,Austen Lee Nelson,Libertarian,1484,16.83,False,False
2018,Montana,MT,State Senate,4,general,Mark Blasdel,Republican,5626,64.5,True,True
2018,Montana,MT,State Senate,4,general,Diane Taylor-Manhke,Democratic,3097,35.5,False,False
2018,Montana,MT,State Senate,5,general,Bob Keenan,Republican,8048,100.0,True,True
2018,Montana,MT,State Senate,8,general,Susan Webber,Democratic,5443,100.0,True,False
2018,Montana,MT,State Senate,9,general,Bruce Gillespie,Republican,6347,73.25,True,False
2018,Montana,MT,State Senate,9,general,Kurt J. Dyer,Democratic,2318,26.75,False,False
2018,Montana,MT,State Senate,11,general,Tom Jacobson,Democratic,4706,57.5,True,False
2018,Montana,MT,State Senate,11,general,Adam Rosendale,Republican,3478,42.5,False,False
2018,Montana,MT,State Senate,12,general,Carlie Boland,Democratic,3680,51.45,True,True
2018,Montana,MT,State Senate,12,general,Steven Galloway,Republican,3472,48.55,False,False
2018,Montana,MT,State Senate,13,general,Brian Hoven,Republican,3315,53.22,True,True
2018,Montana,MT,State Senate,13,general,Bob Moretti,Democratic,2738,43.96,False,False
2018,Montana,MT,State Senate,13,general,Kevin Vincent Leatherbar Row,Libertarian,176,2.83,False,False
2018,Montana,MT,State Senate,14,general,Russel Tempel,Republican,4526,50.74,True,True
2018,Montana,MT,State Senate,14,general,Paul Tuss,Democratic,4394,49.26,False,False
2018,Montana,MT,State Senate,19,general,Kenneth Bogner,Republican,7334,80.85,True,False
2018,Montana,MT,State Senate,19,general,Mary Zeiss Stange,Democratic,1737,19.15,False,False
2018,Montana,MT,State Senate,20,general,Duane Ankney,Republican,8226,100.0,True,True
2018,Montana,MT,State Senate,22,general,Douglas Kary,Republican,5120,60.46,True,True
2018,Montana,MT,State Senate,22,general,Jennifer Merecki,Democratic,3349,39.54,False,False
2018,Montana,MT,State Senate,24,general,Mary McNally,Democratic,4608,53.99,True,True
2018,Montana,MT,State Senate,24,general,Tom McGillvray,Republican,3927,46.01,False,False
2018,Montana,MT,State Senate,27,general,Cary Smith,Republican,8671,68.11,True,True
2018,Montana,MT,State Senate,27,general,Bryan Stafford,Democratic,4060,31.89,False,False
2018,Montana,MT,State Senate,29,general,David Howard,Republican,7351,66.83,True,True
2018,Montana,MT,State Senate,29,general,Elizabeth (Betsy) Scanlin,Democratic,3649,33.17,False,False
2018,Montana,MT,State Senate,30,general,John Esp,Republican,6254,53.16,True,False
2018,Montana,MT,State Senate,30,general,Dan Vermillion,Democratic,5214,44.32,False,False
2018,Montana,MT,State Senate,30,general,Frank McClain,Libertarian,296,2.52,False,False
2018,Montana,MT,State Senate,32,general,Pat Flowers,Democratic,5979,50.38,True,False
2018,Montana,MT,State Senate,32,general,Jedediah Hinkle,Republican,5552,46.79,False,True
2018,Montana,MT,State Senate,32,general,Francis Wendt,Libertarian,336,2.83,False,False
2018,Montana,MT,State Senate,33,general,Jennifer Pomnichowski,Democratic,9627,100.0,True,True
2018,Montana,MT,State Senate,34,general,Gordon Vance,Republican,6395,64.79,True,True
2018,Montana,MT,State Senate,34,general,Sam Newville,Democratic,3475,35.21,False,False
2018,Montana,MT,State Senate,41,general,Janet Ellis,Democratic,6065,57.76,True,False
2018,Montana,MT,State Senate,41,general,John Schmidt,Republican,4436,42.24,False,False
2018,Montana,MT,State Senate,42,general,Jill Cohenour,Democratic,5556,57.07,True,True
2018,Montana,MT,State Senate,42,general,Bob Leach,Republican,4180,42.93,False,False
2018,Montana,MT,State Senate,43,general,Jason Ellsworth,Republican,6990,62.06,True,False
2018,Montana,MT,State Senate,43,general,Laura Garber,Independent (politician),4274,37.94,False,False
2018,Montana,MT,State Senate,48,general,Nate McConnell,Democratic,6427,62.76,True,True
2018,Montana,MT,State Senate,48,general,Adam S. Pummill,Republican,3813,37.24,False,False
2018,Montana,MT,State Senate,49,general,Diane Sands,Democratic,5579,51.59,True,True
2018,Montana,MT,State Senate,49,general,Chase Reynolds,Republican,5236,48.41,False,False
2018,Montana,MT,State Senate,50,general,Bryce Bennett,Democratic,8127,72.2,True,False
2018,Montana,MT,State Senate,50,general,Niki Sardot,Republican,3130,27.8,False,False
2018,Nevada,NV,State Senate,2,general,Mo Denis,Democratic,13717,79.5,True,True
2018,Nevada,NV,State Senate,2,general,Cal Border,Republican,3537,20.5,False,False
2018,Nevada,NV,State Senate,8,general,Marilyn Dondero Loop,Democratic,25777,51.63,True,False
2018,Nevada,NV,State Senate,8,general,Valerie Weber,Republican,24154,48.37,False,False
2018,Nevada,NV,State Senate,9,general,Melanie Scheible,Democratic,30900,55.62,True,False
2018,Nevada,NV,State Senate,9,general,Tiffany Jones,Republican,24660,44.38,False,False
2018,Nevada,NV,State Senate,10,general,Yvanna Cancela,Democratic,20383,100.0,True,True
2018,Nevada,NV,State Senate,12,general,Joe Hardy,Republican,37193,61.65,True,True
2018,Nevada,NV,State Senate,12,general,Craig Jordahl,Democratic,23133,38.35,False,False
2018,Nevada,NV,State Senate,13,general,Julia Ratti,Democratic,27079,70.35,True,True
2018,Nevada,NV,State Senate,13,general,Charlene Young,Independent American,11415,29.65,False,False
2018,Nevada,NV,State Senate,14,general,Ira Hansen,Republican,32913,60.53,True,False
2018,Nevada,NV,State Senate,14,general,Wendy Boszak,Democratic,21460,39.47,False,False
2018,Nevada,NV,State Senate,16,general,Ben Kieckhefer,Republican,36317,55.69,True,True
2018,Nevada,NV,State Senate,16,general,Tina Davis-Hersey,Democratic,26674,40.9,False,False
2018,Nevada,NV,State Senate,16,general,John Wagner,Independent American,2219,3.4,False,False
2018,Nevada,NV,State Senate,17,general,James Settelmeyer,Republican,41774,71.83,True,True
2018,Nevada,NV,State Senate,17,general,Curtis Cannon,Democratic,16384,28.17,False,False
2018,Nevada,NV,State Senate,20,general,Keith Pickard,Republican,27162,49.05,True,False
2018,Nevada,NV,State Senate,20,general,Julie Pazina,Democratic,27138,49.01,False,False
2018,Nevada,NV,State Senate,20,general,Rick Bronstein,Libertarian,1078,1.95,False,False
2018,Nevada,NV,State Senate,21,general,James Ohrenschall,Democratic,22391,62.0,True,False
2018,Nevada,NV,State Senate,21,general,Ron McGinnis,Republican,13721,38.0,False,False
2018,New Hampshire,NH,State Senate,1,general,David Starr,Republican,10560,54.3,True,False
2018,New Hampshire,NH,State Senate,1,general,Jeff Woodburn,Democratic,8739,44.9,False,True
2018,New Hampshire,NH,State Senate,1,general,Kathleen Kelley (write-in),Independent (politician),148,0.8,False,False
2018,New Hampshire,NH,State Senate,2,general,Bob Giuda,Republican,12127,51.6,True,True
2018,New Hampshire,NH,State Senate,2,general,Bill Bolton,Democratic,11376,48.4,False,False
2018,New Hampshire,NH,State Senate,4,general,David Watters,Democratic,15299,100.0,True,True
2018,New Hampshire,NH,State Senate,5,general,Martha Hennessey,Democratic,16932,71.2,True,True
2018,New Hampshire,NH,State Senate,5,general,Patrick Lozito,Republican,6862,28.8,False,False
2018,New Hampshire,NH,State Senate,6,general,James Gray,Republican,11602,54.9,True,True
2018,New Hampshire,NH,State Senate,6,general,Anne Grassie,Democratic,9537,45.1,False,False
2018,New Hampshire,NH,State Senate,7,general,Harold French,Republican,11616,53.4,True,True
2018,New Hampshire,NH,State Senate,7,general,Mason Donovan,Democratic,10141,46.6,False,False
2018,New Hampshire,NH,State Senate,8,general,Ruth Ward,Republican,12859,51.3,True,True
2018,New Hampshire,NH,State Senate,8,general,Jenn Alford-Teaster,Democratic,12212,48.7,False,False
2018,New Hampshire,NH,State Senate,10,general,Jay Kahn,Democratic,15036,65.1,True,True
2018,New Hampshire,NH,State Senate,10,general,Dan LeClair,Republican,7538,32.7,False,False
2018,New Hampshire,NH,State Senate,10,general,Ian Freeman,Libertarian,507,2.2,False,False
2018,New Hampshire,NH,State Senate,13,general,Cindy Rosenwald,Democratic,11307,60.9,True,False
2018,New Hampshire,NH,State Senate,13,general,David Schoneman,Republican,7259,39.1,False,False
2018,New Hampshire,NH,State Senate,14,general,Sharon Carson,Republican,12823,57.6,True,True
2018,New Hampshire,NH,State Senate,14,general,Tammy Siekmann,Democratic,9424,42.4,False,False
2018,New Hampshire,NH,State Senate,15,general,Dan Feltes,Democratic,15929,66.2,True,True
2018,New Hampshire,NH,State Senate,15,general,Pamela Ean,Republican,8119,33.8,False,False
2018,New Hampshire,NH,State Senate,17,general,John Reagan,Republican,13172,55.5,True,True
2018,New Hampshire,NH,State Senate,17,general,Christopher Roundy,Democratic,10578,44.5,False,False
2018,New Hampshire,NH,State Senate,18,general,Donna Soucy,Democratic,10276,56.0,True,True
2018,New Hampshire,NH,State Senate,18,general,George Lambert,Republican,8066,44.0,False,False
2018,New Hampshire,NH,State Senate,19,general,Regina Birdsell,Republican,12192,56.8,True,True
2018,New Hampshire,NH,State Senate,19,general,Kristina Durocher,Democratic,9269,43.2,False,False
2018,New Hampshire,NH,State Senate,20,general,Lou D'Allesandro,Democratic,9903,58.4,True,True
2018,New Hampshire,NH,State Senate,20,general,Carla Gericke,Republican,7047,41.6,False,False
2018,New Hampshire,NH,State Senate,21,general,Martha Fuller Clark,Democratic,19084,72.3,True,True
2018,New Hampshire,NH,State Senate,21,general,Peter Macdonald,Republican,7324,27.7,False,False
2018,New Hampshire,NH,State Senate,22,general,Chuck Morse,Republican,13571,58.6,True,True
2018,New Hampshire,NH,State Senate,22,general,Richard O'Shaughnessy,Democratic,9155,39.5,False,False
2018,New Hampshire,NH,State Senate,22,general,Mitch Dyer,Libertarian,448,1.9,False,False
2018,New Hampshire,NH,State Senate,23,general,Jon Morgan,Democratic,12911,50.2,True,False
2018,New Hampshire,NH,State Senate,23,general,Bill Gannon,Republican,12806,49.8,False,True
2018,New Hampshire,NH,State Senate,24,general,Tom Sherman,Democratic,15664,53.1,True,False
2018,New Hampshire,NH,State Senate,24,general,Daniel Innis,Republican,13832,46.9,False,True
2018,New York,NY,State Senate,1,general,Kenneth LaValle,Republican,71017,48.5,True,False
2018,New York,NY,State Senate,1,general,Greg Fischer,Democratic,53790,43.1,False,False
2018,New York,NY,State Senate,2,general,John J. Flanagan,Republican,66054,47.9,True,False
2018,New York,NY,State Senate,2,general,Kathleen Cleary,Democratic,54152,44.0,False,False
2018,New York,NY,State Senate,3,general,Monica Martinez,Democratic,49160,49.3,True,False
2018,New York,NY,State Senate,3,general,Dean Murray,Republican,46164,42.2,False,False
2018,New York,NY,State Senate,4,general,Phil Boyle,Republican,52767,45.3,True,False
2018,New York,NY,State Senate,4,general,Lou D'Amaro,Democratic,49131,46.4,False,False
2018,New York,NY,State Senate,5,general,Jim Gaughran,Democratic,68027,53.0,True,False
2018,New York,NY,State Senate,5,general,Carl L. Marcellino,Republican,55825,39.9,False,False
2018,New York,NY,State Senate,6,general,Kevin Thomas,Democratic,55204,49.4,True,False
2018,New York,NY,State Senate,6,general,Kemp Hannon,Republican,53396,43.7,False,False
2018,New York,NY,State Senate,7,general,Anna Kaplan,Democratic,62677,53.6,True,False
2018,New York,NY,State Senate,7,general,Elaine Phillips,Republican,51075,40.5,False,False
2018,New York,NY,State Senate,8,general,John Brooks,Democratic,63679,53.2,True,False
2018,New York,NY,State Senate,8,general,Jeffrey Pravato,Republican,52488,40.2,False,False
2018,New York,NY,State Senate,9,general,Todd Kaminsky,Democratic,73412,59.4,True,False
2018,New York,NY,State Senate,9,general,Francis Becker Jr.,Republican,45417,34.6,False,False
2018,New York,NY,State Senate,10,general,James Sanders Jr.,Democratic,63704,97.5,True,False
2018,New York,NY,State Senate,11,general,John Liu,Democratic,42047,53.6,True,False
2018,New York,NY,State Senate,11,general,Vickie Paladino,Republican,19062,24.3,False,False
2018,New York,NY,State Senate,11,general,Tony Avella,Independence,16241,19.8,False,False
2018,New York,NY,State Senate,11,general,Simon Minching,Conservative,1123,1.4,False,False
2018,New York,NY,State Senate,12,general,Michael Gianaris,Democratic,71968,91.6,True,False
2018,New York,NY,State Senate,13,general,Jessica Ramos,Democratic,43459,85.9,True,False
2018,New York,NY,State Senate,13,general,Jose Peralta,Independence,4939,7.8,False,False
2018,New York,NY,State Senate,14,general,Leroy Comrie,Democratic,78377,97.2,True,False
2018,New York,NY,State Senate,15,general,Joseph Addabbo,Democratic,46968,61.0,True,False
2018,New York,NY,State Senate,15,general,Thomas Sullivan,Republican,26281,31.0,False,False
2018,New York,NY,State Senate,16,general,Toby Ann Stavisky,Democratic,42816,89.0,True,False
2018,New York,NY,State Senate,16,general,Vincent Pazienza,Reform,2053,4.6,False,False
2018,New York,NY,State Senate,17,general,Simcha Felder,Democratic,41544,42.1,True,False
2018,New York,NY,State Senate,17,general,Jumaane Williams,Working Families,6611,13.5,False,False
2018,New York,NY,State Senate,17,general,Luis Rivera,Reform,733,1.5,False,False
2018,New York,NY,State Senate,18,general,Julia Salazar,Democratic,71329,100.0,True,False
2018,New York,NY,State Senate,19,general,Roxanne Persaud,Democratic,69320,88.2,True,False
2018,New York,NY,State Senate,19,general,Jeffrey J. Ferretti,Republican,7820,9.2,False,False
2018,New York,NY,State Senate,20,general,Zellnor Myrie,Democratic,73174,85.8,True,False
2018,New York,NY,State Senate,20,general,Jesse Hamilton,Independence,5728,6.3,False,False
2018,New York,NY,State Senate,21,general,Kevin Parker,Democratic,94457,88.2,True,False
2018,New York,NY,State Senate,21,general,Brian Kelly,Conservative,2893,3.0,False,False
2018,New York,NY,State Senate,22,general,Andrew Gounardes,Democratic,33507,48.3,True,False
2018,New York,NY,State Senate,22,general,Martin Golden,Republican,32236,43.3,False,False
2018,New York,NY,State Senate,23,general,Diane Savino,Democratic,44995,66.5,True,False
2018,New York,NY,State Senate,23,general,David Krainert,Republican,18084,25.8,False,False
2018,New York,NY,State Senate,23,general,Jasmine Robinson,Working Families,2196,3.4,False,False
2018,New York,NY,State Senate,24,general,Andrew Lanza,Republican,80153,81.3,True,False
2018,New York,NY,State Senate,25,general,Velmanette Montgomery,Democratic,110175,89.9,True,False
2018,New York,NY,State Senate,26,general,Brian Kavanagh,Democratic,80113,80.9,True,False
2018,New York,NY,State Senate,26,general,Anthony Arias,Republican,10145,10.5,False,False
2018,New York,NY,State Senate,26,general,Stuart Avrick,Conservative,913,1.0,False,False
2018,New York,NY,State Senate,27,general,Brad Hoylman,Democratic,107233,92.5,True,False
2018,New York,NY,State Senate,28,general,Liz Krueger,Democratic,93280,79.3,True,False
2018,New York,NY,State Senate,28,general,Peter Holmberg,Republican,20763,17.1,False,False
2018,New York,NY,State Senate,29,general,Jose M. Serrano,Democratic,68681,92.9,True,True
2018,New York,NY,State Senate,29,general,Jose A. Colon,Republican,5237,7.1,False,False
2018,New York,NY,State Senate,30,general,Brian Benjamin,Democratic,96528,94.0,True,False
2018,New York,NY,State Senate,31,general,Robert Jackson,Democratic,86966,83.6,True,False
2018,New York,NY,State Senate,31,general,Melinda Crump,Republican,6235,6.2,False,False
2018,New York,NY,State Senate,31,general,Marisol Alcantara,Independence,4660,4.7,False,True
2018,New York,NY,State Senate,32,general,Luis Sepúlveda,Democratic,59149,93.1,True,False
2018,New York,NY,State Senate,32,general,Patrick Delices,Republican,2183,3.5,False,False
2018,New York,NY,State Senate,32,general,Pamela Stewart-Martinez,Reform,566,0.9,False,False
2018,New York,NY,State Senate,32,general,Migdalia Denis,Conservative,415,0.7,False,False
2018,New York,NY,State Senate,33,general,Gustavo Rivera,Democratic,46533,93.2,True,False
2018,New York,NY,State Senate,33,general,Nicole Torres,Republican,2099,4.3,False,False
2018,New York,NY,State Senate,33,general,Steve Stern,Conservative,302,0.6,False,False
2018,New York,NY,State Senate,34,general,Alessandra Biaggi,Democratic,60582,73.0,True,False
2018,New York,NY,State Senate,34,general,Richard Ribustello,Republican,11875,14.9,False,False
2018,New York,NY,State Senate,34,general,Jeffrey D. Klein,Independence,5736,7.2,False,True
2018,New York,NY,State Senate,34,general,Antonio Vitiello,Conservative,1430,1.8,False,False
2018,New York,NY,State Senate,35,general,Andrea Stewart-Cousins,Democratic,80074,92.9,True,False
2018,New York,NY,State Senate,36,general,Jamaal Bailey,Democratic,74705,95.8,True,False
2018,New York,NY,State Senate,36,general,Robert Diamond,Conservative,1688,2.2,False,False
2018,New York,NY,State Senate,37,general,Shelley Mayer,Democratic,78182,89.5,True,False
2018,New York,NY,State Senate,38,general,David Carlucci,Democratic,63009,63.3,True,False
2018,New York,NY,State Senate,38,general,C. Scott Vanderhoef,Republican,33327,27.3,False,False
2018,New York,NY,State Senate,39,general,James Skoufis,Democratic,51548,50.5,True,False
2018,New York,NY,State Senate,39,general,Tom Basile,Republican,43988,35.8,False,False
2018,New York,NY,State Senate,40,general,Peter Harckham,Democratic,62155,49.4,True,False
2018,New York,NY,State Senate,40,general,Terrence Murphy,Republican,58321,41.3,False,False
2018,New York,NY,State Senate,41,general,Sue Serino,Republican,59434,42.1,True,False
2018,New York,NY,State Senate,41,general,Karen Smythe,Democratic,58746,47.0,False,False
2018,New York,NY,State Senate,42,general,Jen Metzger,Democratic,52292,48.1,True,False
2018,New York,NY,State Senate,42,general,Ann Rabbitt,Republican,48572,41.3,False,False
2018,New York,NY,State Senate,43,general,Daphne Jordan,Republican,67377,43.0,True,False
2018,New York,NY,State Senate,43,general,Aaron Gladd,Democratic,59615,43.1,False,False
2018,New York,NY,State Senate,44,general,Neil Breslin,Democratic,68730,63.6,True,False
2018,New York,NY,State Senate,44,general,Christopher Davis,Republican,28534,24.3,False,False
2018,New York,NY,State Senate,45,general,Betty Little,Republican,65270,55.9,True,False
2018,New York,NY,State Senate,45,general,Emily Martz,Democratic,36061,33.4,False,False
2018,New York,NY,State Senate,46,general,George Amedore,Republican,68259,45.5,True,False
2018,New York,NY,State Senate,46,general,Pat Courtney Strong,Democratic,54116,39.9,False,False
2018,New York,NY,State Senate,47,general,Joseph Griffo,Republican,74552,80.3,True,False
2018,New York,NY,State Senate,48,general,Patty Ritchie,Republican,70007,79.9,True,False
2018,New York,NY,State Senate,49,general,Jim Tedisco,Republican,64553,50.1,True,False
2018,New York,NY,State Senate,49,general,Michelle Ostrelich,Democratic,44285,37.7,False,False
2018,New York,NY,State Senate,50,general,Bob Antonacci,Republican,62330,41.7,True,False
2018,New York,NY,State Senate,50,general,John Mannion,Democratic,59998,46.1,False,False
2018,New York,NY,State Senate,51,general,James Seward,Republican,67101,55.0,True,False
2018,New York,NY,State Senate,51,general,Joyce St. George,Democratic,38610,34.6,False,False
2018,New York,NY,State Senate,52,general,Fred Akshar,Republican,81094,82.1,True,False
2018,New York,NY,State Senate,53,general,Rachel May,Democratic,48076,48.8,True,False
2018,New York,NY,State Senate,53,general,Janet Berl Burman,Republican,34648,31.6,False,False
2018,New York,NY,State Senate,53,general,David Valesky,Independence,11018,10.3,False,False
2018,New York,NY,State Senate,54,general,Pam Helming,Republican,67223,51.5,True,False
2018,New York,NY,State Senate,54,general,Kenan Baldridge,Democratic,41269,35.8,False,False
2018,New York,NY,State Senate,55,general,Rich Funke,Republican,66279,42.6,True,False
2018,New York,NY,State Senate,55,general,Jennifer Lunsford,Democratic,61407,48.1,False,False
2018,New York,NY,State Senate,56,general,Joseph Robach,Republican,53091,45.1,True,False
2018,New York,NY,State Senate,56,general,Jeremy Cooney,Democratic,42497,42.1,False,False
2018,New York,NY,State Senate,57,general,Catharine Young,Republican,78364,82.0,True,False
2018,New York,NY,State Senate,58,general,Tom O'Mara,Republican,58487,52.7,True,False
2018,New York,NY,State Senate,58,general,Amanda Kirchgessner,Democratic,39814,37.2,False,False
2018,New York,NY,State Senate,59,general,Patrick M. Gallivan,Republican,91738,73.2,True,False
2018,New York,NY,State Senate,60,general,Chris Jacobs,Republican,61687,44.0,True,False
2018,New York,NY,State Senate,60,general,Carima El Behairy,Democratic,48943,40.8,False,False
2018,New York,NY,State Senate,61,general,Michael Ranzenhofer,Republican,60780,44.0,True,False
2018,New York,NY,State Senate,61,general,Joan Seamans,Democratic,51471,43.0,False,False
2018,New York,NY,State Senate,62,general,Robert Ortt,Republican,69118,68.0,True,False
2018,New York,NY,State Senate,62,general,Peter Diachun,Green,10539,13.2,False,False
2018,New York,NY,State Senate,63,general,Timothy M. Kennedy,Democratic,70221,88.8,True,False
2018,North Carolina,NC,State Senate,1,general,Bob Steinburg,Republican,39815,53.21,True,False
2018,North Carolina,NC,State Senate,1,general,D. Cole Phelps,Democratic,35017,46.79,False,False
2018,North Carolina,NC,State Senate,2,general,Norman Sanderson,Republican,42898,61.78,True,True
2018,North Carolina,NC,State Senate,2,general,Ginger Garner,Democratic,24644,35.49,False,False
2018,North Carolina,NC,State Senate,2,general,Tim Harris,Libertarian,1894,2.73,False,False
2018,North Carolina,NC,State Senate,3,general,Erica Smith,Democratic,33942,53.86,True,True
2018,North Carolina,NC,State Senate,3,general,C. (Chuck) Earley Jr.,Republican,29082,46.14,False,False
2018,North Carolina,NC,State Senate,4,general,Toby Fitch,Democratic,36471,57.77,True,True
2018,North Carolina,NC,State Senate,4,general,Richard Scott,Republican,25391,40.22,False,False
2018,North Carolina,NC,State Senate,4,general,Jesse Shearin,Libertarian,1264,2.0,False,False
2018,North Carolina,NC,State Senate,5,general,Don Davis,Democratic,36321,55.34,True,True
2018,North Carolina,NC,State Senate,5,general,Kimberly Robb,Republican,29317,44.66,False,False
2018,North Carolina,NC,State Senate,6,general,Harry Brown,Republican,27228,65.07,True,True
2018,North Carolina,NC,State Senate,6,general,Joseph (Joe) Webb,Democratic,14615,34.93,False,False
2018,North Carolina,NC,State Senate,7,general,Louis Pate,Republican,30329,53.9,True,True
2018,North Carolina,NC,State Senate,7,general,David B. Brantley,Democratic,25940,46.1,False,False
2018,North Carolina,NC,State Senate,8,general,Bill Rabon,Republican,55024,58.55,True,True
2018,North Carolina,NC,State Senate,8,general,David W. Sink Jr.,Democratic,36191,38.51,False,False
2018,North Carolina,NC,State Senate,8,general,Anthony H. Mascolo,Libertarian,2764,2.94,False,False
2018,North Carolina,NC,State Senate,9,general,Harper Peterson,Democratic,42257,48.6,True,False
2018,North Carolina,NC,State Senate,9,general,Michael Lee,Republican,42026,48.33,False,True
2018,North Carolina,NC,State Senate,9,general,Ethan Bickley,Libertarian,2671,3.07,False,False
2018,North Carolina,NC,State Senate,10,general,Brent Jackson,Republican,33366,62.46,True,True
2018,North Carolina,NC,State Senate,10,general,Vernon R. Moore,Democratic,20057,37.54,False,False
2018,North Carolina,NC,State Senate,11,general,Rick Horner,Republican,45768,56.49,True,True
2018,North Carolina,NC,State Senate,11,general,Albert R. Pacer,Democratic,35258,43.51,False,False
2018,North Carolina,NC,State Senate,12,general,Jim Burgin,Republican,34931,60.0,True,False
2018,North Carolina,NC,State Senate,12,general,Jean Sivoli,Democratic,23290,40.0,False,False
2018,North Carolina,NC,State Senate,13,general,Danny Britt,Republican,31106,62.5,True,True
2018,North Carolina,NC,State Senate,13,general,John Campbell,Democratic,18661,37.5,False,False
2018,North Carolina,NC,State Senate,14,general,Dan Blue,Democratic,55035,71.36,True,True
2018,North Carolina,NC,State Senate,14,general,Sandy Andrews,Republican,19951,25.87,False,False
2018,North Carolina,NC,State Senate,14,general,Richard Haygood,Libertarian,2138,2.77,False,False
2018,North Carolina,NC,State Senate,15,general,Jay Chaudhuri,Democratic,60805,73.1,True,True
2018,North Carolina,NC,State Senate,15,general,Alan David Michael,Republican,19365,23.28,False,False
2018,North Carolina,NC,State Senate,15,general,Brian Lewis,Libertarian,3005,3.61,False,False
2018,North Carolina,NC,State Senate,16,general,Wiley Nickel,Democratic,63335,65.28,True,False
2018,North Carolina,NC,State Senate,16,general,Paul Smith,Republican,30308,31.24,False,False
2018,North Carolina,NC,State Senate,16,general,Brian Irving,Libertarian,3382,3.49,False,False
2018,North Carolina,NC,State Senate,17,general,Sam Searcy,Democratic,50040,50.6,True,False
2018,North Carolina,NC,State Senate,17,general,Tamara Barringer,Republican,45841,46.35,False,True
2018,North Carolina,NC,State Senate,17,general,Bruce Basson,Libertarian,3016,3.05,False,False
2018,North Carolina,NC,State Senate,18,general,John Alexander,Republican,51794,49.9,True,True
2018,North Carolina,NC,State Senate,18,general,Mack Paul,Democratic,49155,47.35,False,False
2018,North Carolina,NC,State Senate,18,general,Brad Hessel,Libertarian,2855,2.75,False,False
2018,North Carolina,NC,State Senate,19,general,Kirk deViere,Democratic,29815,50.37,True,False
2018,North Carolina,NC,State Senate,19,general,Wesley Meredith,Republican,29382,49.63,False,True
2018,North Carolina,NC,State Senate,20,general,Floyd McKissick Jr.,Democratic,74205,83.52,True,True
2018,North Carolina,NC,State Senate,20,general,Tom Stark,Republican,12309,13.85,False,False
2018,North Carolina,NC,State Senate,20,general,Jared Erickson,Libertarian,2331,2.62,False,False
2018,North Carolina,NC,State Senate,21,general,Ben Clark,Democratic,33238,70.94,True,True
2018,North Carolina,NC,State Senate,21,general,Timothy Leever,Republican,13616,29.06,False,False
2018,North Carolina,NC,State Senate,22,general,Mike Woodard,Democratic,46153,61.81,True,True
2018,North Carolina,NC,State Senate,22,general,Rickey (Rick) Padgett,Republican,26989,36.14,False,False
2018,North Carolina,NC,State Senate,22,general,Ray Ubinger,Libertarian,1527,2.05,False,False
2018,North Carolina,NC,State Senate,23,general,Valerie Foushee,Democratic,73332,71.29,True,True
2018,North Carolina,NC,State Senate,23,general,Tom Glendinning,Republican,29530,28.71,False,False
2018,North Carolina,NC,State Senate,24,general,Rick Gunn,Republican,42324,53.86,True,True
2018,North Carolina,NC,State Senate,24,general,J. D. Wooten,Democratic,36255,46.14,False,False
2018,North Carolina,NC,State Senate,25,general,Tom McInnis,Republican,41601,57.09,True,True
2018,North Carolina,NC,State Senate,25,general,Helen Probst Mills,Democratic,31268,42.91,False,False
2018,North Carolina,NC,State Senate,26,general,Jerry Tillman,Republican,39103,64.83,True,True
2018,North Carolina,NC,State Senate,26,general,William (Bill) McCaskill,Democratic,21217,35.17,False,False
2018,North Carolina,NC,State Senate,27,general,Michael Garrett,Democratic,45205,50.52,True,False
2018,North Carolina,NC,State Senate,27,general,Trudy Wade,Republican,44268,49.48,False,True
2018,North Carolina,NC,State Senate,28,general,Gladys Robinson,Democratic,56262,75.25,True,True
2018,North Carolina,NC,State Senate,28,general,Clark Porter,Republican,18509,24.75,False,False
2018,North Carolina,NC,State Senate,29,general,Eddie Gallimore,Republican,46974,71.64,True,False
2018,North Carolina,NC,State Senate,29,general,Cheraton Love,Democratic,18594,28.36,False,False
2018,North Carolina,NC,State Senate,30,general,Phil Berger,Republican,43132,62.63,True,True
2018,North Carolina,NC,State Senate,30,general,Jen Mangrum,Democratic,23558,34.21,False,False
2018,North Carolina,NC,State Senate,30,general,R. Michael Jordan,Libertarian,2182,3.17,False,False
2018,North Carolina,NC,State Senate,31,general,Joyce Krawiec,Republican,54267,61.0,True,True
2018,North Carolina,NC,State Senate,31,general,John Motsinger Jr.,Democratic,34693,39.0,False,False
2018,North Carolina,NC,State Senate,32,general,Paul Lowe Jr.,Democratic,47221,72.88,True,True
2018,North Carolina,NC,State Senate,32,general,Eric Henderson,Republican,17572,27.12,False,False
2018,North Carolina,NC,State Senate,33,general,Carl Ford,Republican,47473,68.18,True,False
2018,North Carolina,NC,State Senate,33,general,Arin Wilhelm,Democratic,22154,31.82,False,False
2018,North Carolina,NC,State Senate,34,general,Vickie Sawyer,Republican,54635,69.73,True,False
2018,North Carolina,NC,State Senate,34,general,Beniah McMiller,Democratic,23716,30.27,False,False
2018,North Carolina,NC,State Senate,35,general,Todd Johnson,Republican,49848,61.51,True,False
2018,North Carolina,NC,State Senate,35,general,Caroline L. Walker,Democratic,31188,38.49,False,False
2018,North Carolina,NC,State Senate,36,general,Paul Newton,Republican,44938,56.63,True,True
2018,North Carolina,NC,State Senate,36,general,Mark E. Shelley,Democratic,34416,43.37,False,False
2018,North Carolina,NC,State Senate,37,general,Jeff Jackson,Democratic,52261,78.05,True,True
2018,North Carolina,NC,State Senate,37,general,Nora Trotman,Republican,13395,20.01,False,False
2018,North Carolina,NC,State Senate,37,general,Stuart Andrew Collins,Constitution,1301,1.94,False,False
2018,North Carolina,NC,State Senate,38,general,Mujtaba Mohammed,Democratic,53563,81.73,True,False
2018,North Carolina,NC,State Senate,38,general,Richard Rivette,Republican,11972,18.27,False,False
2018,North Carolina,NC,State Senate,39,general,Dan Bishop,Republican,49698,52.89,True,True
2018,North Carolina,NC,State Senate,39,general,Chad Stachowicz,Democratic,44273,47.11,False,False
2018,North Carolina,NC,State Senate,40,general,Joyce Waddell,Democratic,44773,75.63,True,True
2018,North Carolina,NC,State Senate,40,general,Mr. Bobbie Shields,Republican,14426,24.37,False,False
2018,North Carolina,NC,State Senate,41,general,Natasha Marcus,Democratic,49459,56.85,True,False
2018,North Carolina,NC,State Senate,41,general,Jeff Tarte,Republican,37536,43.15,False,True
2018,North Carolina,NC,State Senate,42,general,Andy Wells,Republican,44323,66.31,True,True
2018,North Carolina,NC,State Senate,42,general,Ric Vandett,Democratic,22522,33.69,False,False
2018,North Carolina,NC,State Senate,43,general,Kathy Harrington,Republican,42906,63.39,True,True
2018,North Carolina,NC,State Senate,43,general,Altriese Price,Democratic,22881,33.8,False,False
2018,North Carolina,NC,State Senate,43,general,Mitchell D. Bridges,Libertarian,1900,2.81,False,False
2018,North Carolina,NC,State Senate,44,general,Ted Alexander,Republican,46861,68.85,True,False
2018,North Carolina,NC,State Senate,44,general,David Lee Lattimore,Democratic,21204,31.15,False,False
2018,North Carolina,NC,State Senate,45,general,Deanna Ballard,Republican,48998,65.08,True,True
2018,North Carolina,NC,State Senate,45,general,Wes Luther,Democratic,26293,34.92,False,False
2018,North Carolina,NC,State Senate,46,general,Warren Daniel,Republican,42445,69.97,True,True
2018,North Carolina,NC,State Senate,46,general,Art Sherwood,Democratic,18218,30.03,False,False
2018,North Carolina,NC,State Senate,47,general,Ralph Hise,Republican,44305,62.33,True,True
2018,North Carolina,NC,State Senate,47,general,David Wheeler,Democratic,26777,37.67,False,False
2018,North Carolina,NC,State Senate,48,general,Chuck Edwards,Republican,49073,56.26,True,True
2018,North Carolina,NC,State Senate,48,general,Norm Bossert,Democratic,38147,43.74,False,False
2018,North Carolina,NC,State Senate,49,general,Terry Van Duyn,Democratic,61092,63.7,True,True
2018,North Carolina,NC,State Senate,49,general,Mark Crawford,Republican,32519,33.91,False,False
2018,North Carolina,NC,State Senate,49,general,Lyndon John Smith,Libertarian,2290,2.39,False,False
2018,North Carolina,NC,State Senate,50,general,Jim Davis,Republican,48387,60.3,True,True
2018,North Carolina,NC,State Senate,50,general,Bobby Kuppers,Democratic,31851,39.7,False,False
2018,North Dakota,ND,State Senate,1,general,Brad Bekkedahl,Republican,4390,79.01,True,True
2018,North Dakota,ND,State Senate,1,general,Melissa Johnson,North Dakota Democratic-nonpartisan League,1152,20.73,False,False
2018,North Dakota,ND,State Senate,3,general,Oley Larsen,Republican,3081,53.23,True,True
2018,North Dakota,ND,State Senate,3,general,Andrew Maragos,Independent,1392,24.05,False,False
2018,North Dakota,ND,State Senate,3,general,Joseph Nesdahl,North Dakota Democratic-nonpartisan League,1307,22.58,False,False
2018,North Dakota,ND,State Senate,5,general,Randy Burckhard,Republican,3912,69.23,True,True
2018,North Dakota,ND,State Senate,5,general,David Grimes Haugen,North Dakota Democratic-nonpartisan League,1724,30.5,False,False
2018,North Dakota,ND,State Senate,7,general,Nicole Poolman,Republican,8545,98.29,True,True
2018,North Dakota,ND,State Senate,9,general,Richard Marcellais,North Dakota Democratic-nonpartisan League,4377,98.49,True,True
2018,North Dakota,ND,State Senate,11,general,Tim Mathern,North Dakota Democratic-nonpartisan League,4130,62.05,True,True
2018,North Dakota,ND,State Senate,11,general,Todd McMichael,Republican,2505,37.64,False,False
2018,North Dakota,ND,State Senate,13,general,Judy Lee,Republican,4151,58.42,True,True
2018,North Dakota,ND,State Senate,13,general,Carrie Leopold,North Dakota Democratic-nonpartisan League,2939,41.36,False,False
2018,North Dakota,ND,State Senate,15,general,Dave Oehlke,Republican,4113,67.59,True,True
2018,North Dakota,ND,State Senate,15,general,Barbara Vondell,North Dakota Democratic-nonpartisan League,1955,32.13,False,False
2018,North Dakota,ND,State Senate,17,general,Ray Holmberg,Republican,5176,59.03,True,True
2018,North Dakota,ND,State Senate,17,general,Phyllis Johnson,North Dakota Democratic-nonpartisan League,3584,40.87,False,False
2018,North Dakota,ND,State Senate,19,general,Robert Fors,Republican,3732,68.0,True,False
2018,North Dakota,ND,State Senate,19,general,Nikolaus Groenewold,North Dakota Democratic-nonpartisan League,1741,31.72,False,False
2018,North Dakota,ND,State Senate,21,general,Kathy Hogan,North Dakota Democratic-nonpartisan League,3482,65.12,True,False
2018,North Dakota,ND,State Senate,21,general,Sierra Heitkamp,Republican,1835,34.32,False,False
2018,North Dakota,ND,State Senate,23,general,Joan Heckaman,North Dakota Democratic-nonpartisan League,3401,54.42,True,True
2018,North Dakota,ND,State Senate,23,general,Judy Estenson,Republican,2842,45.48,False,False
2018,North Dakota,ND,State Senate,25,general,Larry Luick,Republican,3154,50.07,True,True
2018,North Dakota,ND,State Senate,25,general,Perry Miller,North Dakota Democratic-nonpartisan League,3133,49.74,False,False
2018,North Dakota,ND,State Senate,27,general,Kristin Roers,Republican,5047,55.61,True,False
2018,North Dakota,ND,State Senate,27,general,Quinn Joseph Garrick,North Dakota Democratic-nonpartisan League,4014,44.23,False,False
2018,North Dakota,ND,State Senate,29,general,Terry Wanzek,Republican,4712,70.61,True,True
2018,North Dakota,ND,State Senate,29,general,Katherine Roth,North Dakota Democratic-nonpartisan League,1952,29.25,False,False
2018,North Dakota,ND,State Senate,31,general,Donald Schaible,Republican,4682,64.94,True,True
2018,North Dakota,ND,State Senate,31,general,Rachele Hall,North Dakota Democratic-nonpartisan League,2510,34.81,False,False
2018,North Dakota,ND,State Senate,33,general,Jessica Unruh-Bell,Republican,6314,98.23,True,True
2018,North Dakota,ND,State Senate,35,general,Erin Oban,North Dakota Democratic-nonpartisan League,3992,54.31,True,True
2018,North Dakota,ND,State Senate,35,general,Gary Emineth,Republican,3343,45.48,False,False
2018,North Dakota,ND,State Senate,37,general,Rich Wardner,Republican,5212,81.22,True,True
2018,North Dakota,ND,State Senate,37,general,R. Travis Brazelton,North Dakota Democratic-nonpartisan League,1186,18.48,False,False
2018,North Dakota,ND,State Senate,39,general,Dale Patten,Republican,7989,98.84,True,False
2018,North Dakota,ND,State Senate,41,general,Kyle Davison,Republican,3607,51.5,True,True
2018,North Dakota,ND,State Senate,41,general,Paula Thomas,North Dakota Democratic-nonpartisan League,3384,48.32,False,False
2018,North Dakota,ND,State Senate,43,general,JoNell Bakke,North Dakota Democratic-nonpartisan League,2692,52.59,True,False
2018,North Dakota,ND,State Senate,43,general,Lonnie Laffen,Republican,2420,47.27,False,True
2018,North Dakota,ND,State Senate,45,general,Ronald Sorvaag,Republican,3478,59.52,True,True
2018,North Dakota,ND,State Senate,45,general,Danielle Pinnick,North Dakota Democratic-nonpartisan League,2356,40.32,False,False
2018,North Dakota,ND,State Senate,47,general,Mike Dwyer,Republican,5896,66.82,True,False
2018,North Dakota,ND,State Senate,47,general,Brandi Jude,North Dakota Democratic-nonpartisan League,2913,33.01,False,False
2018,Ohio,OH,State Senate,1,general,Rob McColley,Republican,89810,73.3,True,True
2018,Ohio,OH,State Senate,1,general,Adam Papin,Democratic,32765,26.7,False,False
2018,Ohio,OH,State Senate,3,general,Tina Maharath,Democratic,66438,50.3,True,False
2018,Ohio,OH,State Senate,3,general,Anne Gonzales,Republican,65733,49.7,False,False
2018,Ohio,OH,State Senate,5,general,Steve Huffman,Republican,62574,52.9,True,False
2018,Ohio,OH,State Senate,5,general,Paul Bradley,Democratic,55669,47.1,False,False
2018,Ohio,OH,State Senate,7,general,Steve Wilson,Republican,98370,62.0,True,True
2018,Ohio,OH,State Senate,7,general,Sara Bitter,Democratic,60344,38.0,False,False
2018,Ohio,OH,State Senate,9,general,Cecil Thomas,Democratic,99205,76.3,True,True
2018,Ohio,OH,State Senate,9,general,Tom Chandler,Republican,30833,23.7,False,False
2018,Ohio,OH,State Senate,11,general,Teresa Fedor,Democratic,73934,69.4,True,False
2018,Ohio,OH,State Senate,11,general,Ernest McCarthy,Republican,32567,30.6,False,False
2018,Ohio,OH,State Senate,13,general,Nathan Manning,Republican,69286,52.7,True,False
2018,Ohio,OH,State Senate,13,general,Sharon Sweda,Democratic,58159,44.2,False,False
2018,Ohio,OH,State Senate,13,general,Homer Taft,Libertarian,4037,3.1,False,False
2018,Ohio,OH,State Senate,15,general,Hearcel Craig,Democratic,107505,82.5,True,False
2018,Ohio,OH,State Senate,15,general,Jordan Garcea,Republican,22778,17.5,False,False
2018,Ohio,OH,State Senate,17,general,Bob Peterson,Republican,79880,70.4,True,True
2018,Ohio,OH,State Senate,17,general,Scott Dailey,Democratic,33573,29.6,False,False
2018,Ohio,OH,State Senate,19,general,Andrew Brenner,Republican,81623,50.4,True,False
2018,Ohio,OH,State Senate,19,general,Louise Valentine,Democratic,77247,47.7,False,False
2018,Ohio,OH,State Senate,19,general,David Cox,Green,3041,1.9,False,False
2018,Ohio,OH,State Senate,21,general,Sandra Williams,Democratic,97282,87.7,True,False
2018,Ohio,OH,State Senate,21,general,Thomas Pekarek,Republican,13621,12.3,False,False
2018,Ohio,OH,State Senate,23,general,Nickie Antonio,Democratic,69907,65.4,True,False
2018,Ohio,OH,State Senate,23,general,Steve Flores,Republican,36968,34.6,False,False
2018,Ohio,OH,State Senate,25,general,Kenny Yuko,Democratic,97503,75.0,True,True
2018,Ohio,OH,State Senate,25,general,William Faehnrich,Republican,32506,25.0,False,False
2018,Ohio,OH,State Senate,27,general,Kristina Roegner,Republican,84031,58.5,True,False
2018,Ohio,OH,State Senate,27,general,Adam VanHo,Democratic,59711,41.5,False,False
2018,Ohio,OH,State Senate,29,general,Kirk Schuring,Republican,75449,59.7,True,False
2018,Ohio,OH,State Senate,29,general,Lauren Friedman,Democratic,50932,40.3,False,False
2018,Ohio,OH,State Senate,31,general,Jay Hottinger,Republican,86019,66.9,True,True
2018,Ohio,OH,State Senate,31,general,Melinda Miller,Democratic,42578,33.1,False,False
2018,Ohio,OH,State Senate,33,general,Michael Rulli,Republican,66731,52.4,True,False
2018,Ohio,OH,State Senate,33,general,John Boccieri,Democratic,60575,47.6,False,False
2018,Rhode Island,RI,State Senate,1,general,Maryellen Goodwin,Democratic,5452,97.25,True,True
2018,Rhode Island,RI,State Senate,2,general,Ana Quezada,Democratic,5037,97.39,True,True
2018,Rhode Island,RI,State Senate,3,general,Gayle Goldin,Democratic,9426,97.57,True,True
2018,Rhode Island,RI,State Senate,4,general,Dominick J. Ruggerio,Democratic,7293,95.92,True,True
2018,Rhode Island,RI,State Senate,5,general,Sam Bell,Democratic,5868,96.7,True,False
2018,Rhode Island,RI,State Senate,6,general,Harold Metts,Democratic,5473,97.16,True,True
2018,Rhode Island,RI,State Senate,7,general,Frank Ciccone,Democratic,5075,96.56,True,True
2018,Rhode Island,RI,State Senate,8,general,Sandra Cano,Democratic,4707,72.66,True,True
2018,Rhode Island,RI,State Senate,8,general,Richard Karsulavitch,Republican,1752,27.05,False,False
2018,Rhode Island,RI,State Senate,9,general,Adam Satchell,Democratic,5487,62.76,True,True
2018,Rhode Island,RI,State Senate,9,general,David Gaipo,Republican,3242,37.09,False,False
2018,Rhode Island,RI,State Senate,10,general,Walter Felag,Democratic,8635,97.22,True,True
2018,Rhode Island,RI,State Senate,11,general,James Seveney,Democratic,6798,62.28,True,True
2018,Rhode Island,RI,State Senate,11,general,Stephanie Calise,Republican,4103,37.59,False,False
2018,Rhode Island,RI,State Senate,12,general,Louis DiPalma,Democratic,7296,66.2,True,True
2018,Rhode Island,RI,State Senate,12,general,Amy Veri,Republican,3714,33.7,False,False
2018,Rhode Island,RI,State Senate,13,general,Dawn Euer,Democratic,7166,71.62,True,True
2018,Rhode Island,RI,State Senate,13,general,Matthew Paul Perry,Republican,2827,28.26,False,False
2018,Rhode Island,RI,State Senate,14,general,Valerie Lawson,Democratic,6867,96.01,True,True
2018,Rhode Island,RI,State Senate,15,general,Donna Nesselbush,Democratic,5614,96.88,True,True
2018,Rhode Island,RI,State Senate,16,general,Elizabeth Crowley,Democratic,3399,97.53,True,True
2018,Rhode Island,RI,State Senate,17,general,Thomas Paolino,Republican,5998,50.5,True,True
2018,Rhode Island,RI,State Senate,17,general,Dennis Lavallee,Democratic,5860,49.34,False,False
2018,Rhode Island,RI,State Senate,18,general,William Conley Jr.,Democratic,6748,72.69,True,True
2018,Rhode Island,RI,State Senate,18,general,Jack Peters,Independent,2490,26.82,False,False
2018,Rhode Island,RI,State Senate,19,general,Ryan W. Pearson,Democratic,6446,59.22,True,True
2018,Rhode Island,RI,State Senate,19,general,Billy Charette,Republican,4429,40.69,False,False
2018,Rhode Island,RI,State Senate,20,general,Roger Picard,Democratic,4938,61.57,True,True
2018,Rhode Island,RI,State Senate,20,general,Michael Veri,Republican,3073,38.32,False,False
2018,Rhode Island,RI,State Senate,21,general,Gordon Rogers,Republican,5271,42.46,True,True
2018,Rhode Island,RI,State Senate,21,general,Michael Fine,Independent,3758,30.27,False,False
2018,Rhode Island,RI,State Senate,21,general,James Safford,Democratic,3377,27.2,False,False
2018,Rhode Island,RI,State Senate,22,general,Stephen Archambault,Democratic,7018,61.6,True,True
2018,Rhode Island,RI,State Senate,22,general,Gregory James Tocco,Republican,3829,37.93,False,False
2018,Rhode Island,RI,State Senate,23,general,Jessica de la Cruz,Republican,6217,55.45,True,False
2018,Rhode Island,RI,State Senate,23,general,Kevin Heitke,Democratic,4983,44.44,False,False
2018,Rhode Island,RI,State Senate,24,general,Melissa Murray,Democratic,3832,58.89,True,False
2018,Rhode Island,RI,State Senate,24,general,Glenn Dusablon,Independent,1418,21.79,False,False
2018,Rhode Island,RI,State Senate,24,general,Richard Garrepy,Independent,905,13.91,False,False
2018,Rhode Island,RI,State Senate,24,general,Michael Disney,Independent,327,5.03,False,False
2018,Rhode Island,RI,State Senate,25,general,Frank Lombardo,Democratic,6123,59.39,True,True
2018,Rhode Island,RI,State Senate,25,general,Frank Ricci,Republican,4163,40.38,False,False
2018,Rhode Island,RI,State Senate,26,general,Frank Lombardi,Democratic,7916,95.89,True,True
2018,Rhode Island,RI,State Senate,27,general,Hanna Gallo,Democratic,7045,60.48,True,True
2018,Rhode Island,RI,State Senate,27,general,Jonathan Keith,Republican,4588,39.39,False,False
2018,Rhode Island,RI,State Senate,28,general,Joshua Miller,Democratic,7781,96.26,True,True
2018,Rhode Island,RI,State Senate,29,general,Michael McCaffrey,Democratic,9187,94.94,True,True
2018,Rhode Island,RI,State Senate,30,general,Mark McKenney,Democratic,8443,94.31,True,True
2018,Rhode Island,RI,State Senate,31,general,Erin Lynch Prata,Democratic,7052,61.35,True,True
2018,Rhode Island,RI,State Senate,31,general,Jennifer Moffat,Republican,4429,38.53,False,False
2018,Rhode Island,RI,State Senate,32,general,Cynthia Armour Coyne,Democratic,8826,67.56,True,True
2018,Rhode Island,RI,State Senate,32,general,David Aucoin,Republican,4224,32.33,False,False
2018,Rhode Island,RI,State Senate,33,general,Leonidas Raptakis,Democratic,6154,54.56,True,True
2018,Rhode Island,RI,State Senate,33,general,Scott Copley,Republican,5099,45.21,False,False
2018,Rhode Island,RI,State Senate,34,general,Elaine J. Morgan,Republican,6529,54.29,True,True
2018,Rhode Island,RI,State Senate,34,general,Jennifer Douglas,Democratic,5484,45.61,False,False
2018,Rhode Island,RI,State Senate,35,general,Bridget Valverde,Democratic,7136,53.88,True,False
2018,Rhode Island,RI,State Senate,35,general,Dana Gee,Republican,6097,46.04,False,False
2018,Rhode Island,RI,State Senate,36,general,James Sheehan,Democratic,8830,66.94,True,True
2018,Rhode Island,RI,State Senate,36,general,John Silvaggio,Republican,4313,32.7,False,False
2018,Rhode Island,RI,State Senate,37,general,V. Susan Sosnowski,Democratic,9405,96.73,True,True
2018,Rhode Island,RI,State Senate,38,general,Dennis Algiere,Republican,9152,95.94,True,True
2018,South Dakota,SD,State Senate,1,general,Susan Wismer,Democratic,5886,100.0,True,False
2018,South Dakota,SD,State Senate,2,general,Brock Greenfield,Republican,6574,67.21,True,True
2018,South Dakota,SD,State Senate,2,general,Paul Register,Democratic,3207,32.79,False,False
2018,South Dakota,SD,State Senate,3,general,Al Novstrup,Republican,5338,58.5,True,True
2018,South Dakota,SD,State Senate,3,general,Cory Heidelberger,Democratic,3787,41.5,False,False
2018,South Dakota,SD,State Senate,4,general,John Wiik,Republican,6500,64.84,True,True
2018,South Dakota,SD,State Senate,4,general,Dennis Evenson,Democratic,3525,35.16,False,False
2018,South Dakota,SD,State Senate,5,general,Lee Schoenbeck,Republican,6358,100.0,True,False
2018,South Dakota,SD,State Senate,6,general,Ernie Otten,Republican,6945,65.09,True,True
2018,South Dakota,SD,State Senate,6,general,Teresa Ann Robbins,Democratic,3725,34.91,False,False
2018,South Dakota,SD,State Senate,7,general,V. J. Smith,Republican,4628,61.15,True,False
2018,South Dakota,SD,State Senate,7,general,Mary Perpich,Independent,2940,38.85,False,False
2018,South Dakota,SD,State Senate,8,general,Jordan Youngberg,Republican,5517,55.18,True,True
2018,South Dakota,SD,State Senate,8,general,Scott Parsley,Democratic,4481,44.82,False,False
2018,South Dakota,SD,State Senate,9,general,Wayne Steinhauer,Republican,4759,56.66,True,False
2018,South Dakota,SD,State Senate,9,general,Laura Swier Kotelman,Democratic,3640,43.34,False,False
2018,South Dakota,SD,State Senate,10,general,Margaret Sutton,Republican,5240,59.56,True,False
2018,South Dakota,SD,State Senate,10,general,Rachel Willson,Democratic,3558,40.44,False,False
2018,South Dakota,SD,State Senate,11,general,Jim Stalzer,Republican,6190,60.4,True,True
2018,South Dakota,SD,State Senate,11,general,Kevin Elsing,Democratic,4058,39.6,False,False
2018,South Dakota,SD,State Senate,12,general,Blake Curd,Republican,4872,50.14,True,True
2018,South Dakota,SD,State Senate,12,general,Kasey Olivier,Democratic,4845,49.86,False,False
2018,South Dakota,SD,State Senate,13,general,Jack Kolbeck,Republican,6165,54.17,True,True
2018,South Dakota,SD,State Senate,13,general,Melissa Hiatt,Democratic,5215,45.83,False,False
2018,South Dakota,SD,State Senate,14,general,Deb Soholt,Republican,6531,60.48,True,True
2018,South Dakota,SD,State Senate,14,general,Justyn Hauck,Democratic,4268,39.52,False,False
2018,South Dakota,SD,State Senate,15,general,Reynold Nesiba,Democratic,3258,100.0,True,True
2018,South Dakota,SD,State Senate,16,general,Jim Bolin,Republican,6815,68.52,True,True
2018,South Dakota,SD,State Senate,16,general,Elizabeth Merrigan,Democratic,3131,31.48,False,False
2018,South Dakota,SD,State Senate,17,general,Arthur Rusch,Republican,4953,61.16,True,True
2018,South Dakota,SD,State Senate,17,general,Howard Grinager,Democratic,3145,38.84,False,False
2018,South Dakota,SD,State Senate,18,general,Craig Kennedy,Democratic,4518,52.66,True,True
2018,South Dakota,SD,State Senate,18,general,Roger Meyer,Republican,4061,47.34,False,False
2018,South Dakota,SD,State Senate,19,general,Stace Nelson,Republican,7531,74.03,True,True
2018,South Dakota,SD,State Senate,19,general,Ardon Wek,Democratic,2642,25.97,False,False
2018,South Dakota,SD,State Senate,20,general,Joshua Klumb,Republican,6606,72.49,True,True
2018,South Dakota,SD,State Senate,20,general,Dan Miller,Democratic,2507,27.51,False,False
2018,South Dakota,SD,State Senate,21,general,Rocky Blare,Republican,4918,54.63,True,False
2018,South Dakota,SD,State Senate,21,general,Julie Bartling,Democratic,4084,45.37,False,False
2018,South Dakota,SD,State Senate,22,general,Jim White,Republican,5933,72.65,True,True
2018,South Dakota,SD,State Senate,22,general,Eric Bliss,Democratic,2234,27.35,False,False
2018,South Dakota,SD,State Senate,23,general,Justin Cronin,Republican,7869,82.57,True,True
2018,South Dakota,SD,State Senate,23,general,Joe Yracheta,Democratic,1661,17.43,False,False
2018,South Dakota,SD,State Senate,24,general,Jeff Monroe,Republican,6989,66.51,True,True
2018,South Dakota,SD,State Senate,24,general,Amanda Bachmann,Democratic,3519,33.49,False,False
2018,South Dakota,SD,State Senate,25,general,Kris Langer,Republican,6583,68.3,True,True
2018,South Dakota,SD,State Senate,25,general,Brian Wirth,Independent,1931,20.03,False,False
2018,South Dakota,SD,State Senate,25,general,Peter Klebanoff,Independent,1125,11.67,False,False
2018,South Dakota,SD,State Senate,26,general,Troy Heinert,Democratic,3896,53.04,True,True
2018,South Dakota,SD,State Senate,26,general,Joel Koskan,Republican,3450,46.96,False,False
2018,South Dakota,SD,State Senate,27,general,Red Dawn Foster,Democratic,3673,57.9,True,False
2018,South Dakota,SD,State Senate,27,general,Bill Hines,Republican,2598,42.1,False,False
2018,South Dakota,SD,State Senate,28,general,Ryan Maher,Republican,5818,67.79,True,True
2018,South Dakota,SD,State Senate,28,general,Alli Moran,Democratic,2764,32.21,False,False
2018,South Dakota,SD,State Senate,29,general,Gary Cammack,Republican,6422,71.51,True,True
2018,South Dakota,SD,State Senate,29,general,Matt Kammerer,Democratic,2558,28.49,False,False
2018,South Dakota,SD,State Senate,30,general,Lance Russell,Republican,6652,56.72,True,True
2018,South Dakota,SD,State Senate,30,general,Kristine Winter,Democratic,2943,25.09,False,False
2018,South Dakota,SD,State Senate,30,general,Gideon Oakes,Libertarian,2134,18.19,False,False
2018,South Dakota,SD,State Senate,31,general,Bob Ewing,Republican,6962,65.24,True,True
2018,South Dakota,SD,State Senate,31,general,Sherry Bea Smith,Democratic,3710,34.76,False,False
2018,South Dakota,SD,State Senate,32,general,Alan Solano,Republican,5602,62.2,True,True
2018,South Dakota,SD,State Senate,32,general,Ayla Rodriguez,Democratic,3404,37.8,False,False
2018,South Dakota,SD,State Senate,33,general,Phil Jensen,Republican,6655,62.35,True,True
2018,South Dakota,SD,State Senate,33,general,Ryan Ryder,Democratic,4018,37.65,False,False
2018,South Dakota,SD,State Senate,34,general,Jeff Partridge,Republican,6332,62.69,True,True
2018,South Dakota,SD,State Senate,34,general,Zach VanWyk,Democratic,3769,37.31,False,False
2018,South Dakota,SD,State Senate,35,general,Lynne DiSanto,Republican,4323,62.0,True,False
2018,South Dakota,SD,State Senate,35,general,Pat Cromwell,Democratic,2650,38.0,False,False
2018,Tennessee,TN,State Senate,1,general,Steve Southerland,Republican,43262,100.0,True,True
2018,Tennessee,TN,State Senate,2,special general,Art Swann,Republican,55595,99.28,True,True
2018,Tennessee,TN,State Senate,2,special general,J. Nathan Higdon,Write-in,402,0.72,False,False
2018,Tennessee,TN,State Senate,3,general,Rusty Crowe,Republican,50236,100.0,True,True
2018,Tennessee,TN,State Senate,5,general,Randy McNally,Republican,48336,71.84,True,True
2018,Tennessee,TN,State Senate,5,general,Stuart Starr,Democratic,18948,28.16,False,False
2018,Tennessee,TN,State Senate,7,general,Richard Briggs,Republican,38558,55.57,True,True
2018,Tennessee,TN,State Senate,7,general,Jamie Ballinger,Democratic,30826,44.43,False,False
2018,Tennessee,TN,State Senate,9,general,Mike Bell,Republican,45006,77.74,True,True
2018,Tennessee,TN,State Senate,9,general,Carl Lansden,Democratic,12887,22.26,False,False
2018,Tennessee,TN,State Senate,11,general,Bo Watson,Republican,51082,65.14,True,True
2018,Tennessee,TN,State Senate,11,general,"Randall ""Randy"" Price",Democratic,27332,34.86,False,False
2018,Tennessee,TN,State Senate,13,general,Dawn White,Republican,36594,57.07,True,True
2018,Tennessee,TN,State Senate,13,general,Kelly Northcutt,Democratic,25974,40.5,False,False
2018,Tennessee,TN,State Senate,13,general,Ginger Smith,Independent,1559,2.43,False,False
2018,Tennessee,TN,State Senate,15,general,Paul Bailey,Republican,48919,73.64,True,True
2018,Tennessee,TN,State Senate,15,general,Angela Hedgecough,Democratic,17512,26.36,False,False
2018,Tennessee,TN,State Senate,17,special general,Mark Pody,Republican,5995,51.3,True,False
2018,Tennessee,TN,State Senate,17,special general,Mary Alice Carfi,Democratic,5688,48.7,False,False
2018,Tennessee,TN,State Senate,17,general,Mark Pody,Republican,53364,70.39,True,True
2018,Tennessee,TN,State Senate,17,general,Mary Alice Carfi,Democratic,22452,29.61,False,False
2018,Tennessee,TN,State Senate,19,general,Brenda Gilmore,Democratic,49586,85.79,True,False
2018,Tennessee,TN,State Senate,19,general,"Christina ""Chris"" Callaway",Independent,6271,10.85,False,False
2018,Tennessee,TN,State Senate,19,general,"Rueben ""Dock"" Dockery",Independent,1926,3.33,False,False
2018,Tennessee,TN,State Senate,21,general,Jeff Yarbro,Democratic,55905,100.0,True,True
2018,Tennessee,TN,State Senate,23,general,Jack Johnson,Republican,68118,66.9,True,True
2018,Tennessee,TN,State Senate,23,general,Kristen Grimm,Democratic,33710,33.11,False,False
2018,Tennessee,TN,State Senate,25,general,Kerry Roberts,Republican,47188,71.52,True,True
2018,Tennessee,TN,State Senate,25,general,Wade Munday,Democratic,18795,28.49,False,False
2018,Tennessee,TN,State Senate,27,general,Ed Jackson,Republican,35837,65.14,True,True
2018,Tennessee,TN,State Senate,27,general,Savannah Williamson,Democratic,19177,34.86,False,False
2018,Tennessee,TN,State Senate,29,general,Raumesh Akbari,Democratic,43851,83.48,True,False
2018,Tennessee,TN,State Senate,29,general,Tom Stephens,Republican,8679,16.52,False,False
2018,Tennessee,TN,State Senate,31,general,Brian Kelsey,Republican,40504,50.89,True,True
2018,Tennessee,TN,State Senate,31,general,Gabby Salinas,Democratic,39086,49.11,False,False
2018,Tennessee,TN,State Senate,33,general,Katrina Robinson,Democratic,42992,100.0,True,False
2018,Texas,TX,State Senate,2,general,Bob Hall,Republican,153151,59.35,True,True
2018,Texas,TX,State Senate,2,general,Kendall Scudder,Democratic,104897,40.65,False,False
2018,Texas,TX,State Senate,3,general,Robert Nichols,Republican,215058,78.27,True,True
2018,Texas,TX,State Senate,3,general,Shirley Layton,Democratic,56398,20.53,False,False
2018,Texas,TX,State Senate,3,general,Bruce Quarles,Libertarian,3301,1.2,False,False
2018,Texas,TX,State Senate,5,general,Charles Schwertner,Republican,182550,55.34,True,True
2018,Texas,TX,State Senate,5,general,Meg Walsh,Democratic,136792,41.47,False,False
2018,Texas,TX,State Senate,5,general,Amy Lyons,Libertarian,10500,3.18,False,False
2018,Texas,TX,State Senate,7,general,Paul Bettencourt,Republican,177864,57.75,True,True
2018,Texas,TX,State Senate,7,general,David Romero,Democratic,124232,40.34,False,False
2018,Texas,TX,State Senate,7,general,Tom Glass,Libertarian,5878,1.91,False,False
2018,Texas,TX,State Senate,8,general,Angela Paxton,Republican,169995,51.18,True,False
2018,Texas,TX,State Senate,8,general,Mark Phariss,Democratic,162157,48.82,False,False
2018,Texas,TX,State Senate,9,general,Kelly Hancock,Republican,132256,54.03,True,True
2018,Texas,TX,State Senate,9,general,Gwenn Burud,Democratic,112537,45.97,False,False
2018,Texas,TX,State Senate,10,general,Beverly Powell,Democratic,148959,51.73,True,False
2018,Texas,TX,State Senate,10,general,Konni Burton,Republican,138968,48.27,False,True
2018,Texas,TX,State Senate,14,general,Kirk Watson,Democratic,276052,71.93,True,True
2018,Texas,TX,State Senate,14,general,George Hindman,Republican,96834,25.23,False,False
2018,Texas,TX,State Senate,14,general,Micah Verlander,Libertarian,10889,2.84,False,False
2018,Texas,TX,State Senate,15,general,John Whitmire,Democratic,153016,65.18,True,True
2018,Texas,TX,State Senate,15,general,Randy Orr,Republican,75518,32.17,False,False
2018,Texas,TX,State Senate,15,general,"Gilberto Velsquez, Jr.",Libertarian,6229,2.65,False,False
2018,Texas,TX,State Senate,16,general,Nathan Johnson,Democratic,159228,54.13,True,False
2018,Texas,TX,State Senate,16,general,Don Huffines,Republican,134933,45.87,False,True
2018,Texas,TX,State Senate,17,general,Joan Huffman,Republican,158263,51.44,True,True
2018,Texas,TX,State Senate,17,general,Rita Lucido,Democratic,143978,46.8,False,False
2018,Texas,TX,State Senate,17,general,Lauren LaCount,Libertarian,5396,1.75,False,False
2018,Texas,TX,State Senate,19,special general,Pete Flores,Republican,34333,56.67,True,False
2018,Texas,TX,State Senate,19,special general,Pete Gallego,Democratic,26947,43.33,True,False
2018,Texas,TX,State Senate,19,special general,Roland Gutierrez,Democratic,6389,24.38,False,False
2018,Texas,TX,State Senate,19,special general,Carlos Antonio Raymond,Republican,920,3.51,False,False
2018,Texas,TX,State Senate,19,special general,Tomas Uresti,Democratic,799,3.05,False,False
2018,Texas,TX,State Senate,19,special general,Charlie Urbina Jones,Democratic,789,3.01,False,False
2018,Texas,TX,State Senate,19,special general,Jesse (Jay) Alaniz,Republican,461,1.76,False,False
2018,Texas,TX,State Senate,19,special general,Tony Valdivia,Libertarian,266,1.01,False,False
2018,Texas,TX,State Senate,23,general,Royce West,Democratic,192148,100.0,True,True
2018,Texas,TX,State Senate,25,general,Donna Campbell,Republican,236753,57.68,True,True
2018,Texas,TX,State Senate,25,general,Steven Kling,Democratic,173698,42.32,False,False
2018,Texas,TX,State Senate,30,general,Pat Fallon,Republican,234374,73.92,True,False
2018,Texas,TX,State Senate,30,general,Kevin Lopez,Democratic,82669,26.08,False,False
2018,Texas,TX,State Senate,31,general,Kel Seliger,Republican,174367,87.52,True,True
2018,Texas,TX,State Senate,31,general,Jack Westbrook,Libertarian,24869,12.48,False,False
2018,Vermont,VT,State Senate,VERMONT SENATE ADDISON,general,Ruth Hardy,Democratic,9040,24.21,True,False
2018,Vermont,VT,State Senate,VERMONT SENATE ADDISON,general,Christopher Bray,Democratic,8898,23.83,True,True
2018,Vermont,VT,State Senate,VERMONT SENATE ADDISON,general,Peter Briggs,Republican,5290,14.16,False,False
2018,Vermont,VT,State Senate,VERMONT SENATE ADDISON,general,Marie Audet,Independent (politician),5169,13.84,False,False
2018,Vermont,VT,State Senate,VERMONT SENATE ADDISON,general,Paul Ralston,Independent (politician),3100,8.3,False,False
2018,Vermont,VT,State Senate,VERMONT SENATE ADDISON,general,Archie Flower,Libertarian,602,1.61,False,False
2018,Vermont,VT,State Senate,VERMONT SENATE BENNINGTON,general,Dick Sears,Democratic,10525,33.17,True,True
2018,Vermont,VT,State Senate,VERMONT SENATE BENNINGTON,general,Brian Campion,Democratic,9734,30.67,True,True
2018,Vermont,VT,State Senate,VERMONT SENATE BENNINGTON,general,Jeff Kaufer,Libertarian,2762,8.7,False,False
2018,Vermont,VT,State Senate,VERMONT SENATE CALEDONIA,general,Jane Kitchel,Democratic,10967,35.61,True,True
2018,Vermont,VT,State Senate,VERMONT SENATE CALEDONIA,general,Joe Benning,Republican,9818,30.19,True,True
2018,Vermont,VT,State Senate,VERMONT SENATE CHITTENDEN,general,Tim Ashe,Democratic,44002,10.61,True,True
2018,Vermont,VT,State Senate,VERMONT SENATE CHITTENDEN,general,Ginny Lyons,Democratic,41617,10.03,True,True
2018,Vermont,VT,State Senate,VERMONT SENATE CHITTENDEN,general,Debbie Ingram,Democratic,40751,9.82,True,True
2018,Vermont,VT,State Senate,VERMONT SENATE CHITTENDEN,general,Michael Sirotkin,Democratic,38569,9.3,True,True
2018,Vermont,VT,State Senate,VERMONT SENATE CHITTENDEN,general,Phil Baruth,Democratic,38075,9.18,True,True
2018,Vermont,VT,State Senate,VERMONT SENATE CHITTENDEN,general,Christopher Pearson,Progressive,30863,7.44,True,True
2018,Vermont,VT,State Senate,VERMONT SENATE CHITTENDEN,general,Alex R. Farrell,Republican,19602,4.73,False,False
2018,Vermont,VT,State Senate,VERMONT SENATE CHITTENDEN,general,Paul Dame,Republican,17521,4.22,False,False
2018,Vermont,VT,State Senate,VERMONT SENATE CHITTENDEN,general,Dana Maxfield,Republican,16422,3.96,False,False
2018,Vermont,VT,State Senate,VERMONT SENATE CHITTENDEN,general,Louis Meyers,Independent (politician),8848,2.13,False,False
2018,Vermont,VT,State Senate,VERMONT SENATE CHITTENDEN,general,Seth Cournoyer,Libertarian,5389,1.3,False,False
2018,Vermont,VT,State Senate,VERMONT SENATE CHITTENDEN,general,Loyal Ploof,Libertarian,4599,1.11,False,False
2018,Vermont,VT,State Senate,VERMONT SENATE CHITTENDEN,general,Joshua H. Knox,Independent (politician),4173,1.01,False,False
2018,Vermont,VT,State Senate,VERMONT SENATE ESSEX-ORLEANS,general,Robert Starr,Democratic,9323,32.6,True,True
2018,Vermont,VT,State Senate,VERMONT SENATE ESSEX-ORLEANS,general,John Rodgers,Democratic,8799,30.77,True,True
2018,Vermont,VT,State Senate,VERMONT SENATE ESSEX-ORLEANS,general,Ron Horton,American Independent,2795,9.77,False,False
2018,Vermont,VT,State Senate,VERMONT SENATE FRANKLIN,general,Randy Brock,Republican,9422,26.09,True,True
2018,Vermont,VT,State Senate,VERMONT SENATE FRANKLIN,general,Corey Parent,Republican,9387,26.0,True,False
2018,Vermont,VT,State Senate,VERMONT SENATE FRANKLIN,general,Pam McCarthy,Democratic,7016,19.43,False,False
2018,Vermont,VT,State Senate,VERMONT SENATE FRANKLIN,general,Dustin Tanner,Democratic,4038,11.18,False,False
2018,Vermont,VT,State Senate,VERMONT SENATE GRAND ISLE,general,Richard Mazza,Democratic,8253,84.38,True,True
2018,Vermont,VT,State Senate,VERMONT SENATE LAMOILLE,general,Richard Westman,Republican,9099,83.13,True,True
2018,Vermont,VT,State Senate,VERMONT SENATE ORANGE,general,Mark MacDonald,Democratic,5167,55.59,True,True
2018,Vermont,VT,State Senate,VERMONT SENATE ORANGE,general,Bill T. Huff,Republican,3842,41.33,False,False
2018,Vermont,VT,State Senate,VERMONT SENATE RUTLAND,general,Brian Collamore,Republican,11380,15.65,True,True
2018,Vermont,VT,State Senate,VERMONT SENATE RUTLAND,general,Cheryl Hooker,Democratic,10767,14.81,True,False
2018,Vermont,VT,State Senate,VERMONT SENATE RUTLAND,general,James McNeil,Republican,10673,14.68,True,False
2018,Vermont,VT,State Senate,VERMONT SENATE RUTLAND,general,Edward Larson,Republican,10004,13.76,False,False
2018,Vermont,VT,State Senate,VERMONT SENATE RUTLAND,general,Greg Cox,Democratic,9949,13.69,False,False
2018,Vermont,VT,State Senate,VERMONT SENATE RUTLAND,general,Scott Garren,Democratic,7371,10.14,False,False
2018,Vermont,VT,State Senate,VERMONT SENATE WASHINGTON,general,Ann Cummings,Democratic,16834,20.15,True,True
2018,Vermont,VT,State Senate,VERMONT SENATE WASHINGTON,general,Anthony Pollina,Progressive,14547,17.42,True,True
2018,Vermont,VT,State Senate,VERMONT SENATE WASHINGTON,general,Andrew Perchlik,Democratic,12614,15.1,True,False
2018,Vermont,VT,State Senate,VERMONT SENATE WASHINGTON,general,Chris S. Bradley,Republican,7523,9.01,False,False
2018,Vermont,VT,State Senate,VERMONT SENATE WASHINGTON,general,Ken Alger,Republican,7244,8.67,False,False
2018,Vermont,VT,State Senate,VERMONT SENATE WASHINGTON,general,Dwayne Tucker,Republican,7195,8.61,False,False
2018,Vermont,VT,State Senate,VERMONT SENATE WASHINGTON,general,Barry Wadle,Independent (politician),2565,3.07,False,False
2018,Vermont,VT,State Senate,VERMONT SENATE WINDHAM,general,Becca Balint,Democratic,11464,32.4,True,True
2018,Vermont,VT,State Senate,VERMONT SENATE WINDHAM,general,Jeanette White,Democratic,10644,30.08,True,True
2018,Vermont,VT,State Senate,VERMONT SENATE WINDHAM,general,Tyler Colford,Republican,3861,10.91,False,False
2018,Vermont,VT,State Senate,VERMONT SENATE WINDHAM,general,Beverly Stone,Independent (politician),1675,4.73,False,False
2018,Vermont,VT,State Senate,VERMONT SENATE WINDHAM,general,Aaron Diamondstone,Union,763,2.16,False,False
2018,Vermont,VT,State Senate,VERMONT SENATE WINDHAM,general,Jerry Levy,Union,659,1.86,False,False
2018,Vermont,VT,State Senate,VERMONT SENATE WINDSOR,general,Alison Clarkson,Democratic,15091,18.62,True,True
2018,Vermont,VT,State Senate,VERMONT SENATE WINDSOR,general,Alice Nitka,Democratic,14276,17.61,True,True
2018,Vermont,VT,State Senate,VERMONT SENATE WINDSOR,general,Richard McCormack,Democratic,13591,16.76,True,True
2018,Vermont,VT,State Senate,VERMONT SENATE WINDSOR,general,Randy A. Gray,Republican,7183,8.86,False,False
2018,Vermont,VT,State Senate,VERMONT SENATE WINDSOR,general,Wayne D. Townsend,Republican,6882,8.49,False,False
2018,Vermont,VT,State Senate,VERMONT SENATE WINDSOR,general,Jack Williams,Republican,6389,7.88,False,False
2018,Vermont,VT,State Senate,VERMONT SENATE WINDSOR,general,Mason Wade,Independent (politician),2055,2.53,False,False
2018,West Virginia,WV,State Senate,1,general,William J. Ihlenfeld II,Democratic,18450,52.88,True,False
2018,West Virginia,WV,State Senate,1,general,Ryan Ferns,Republican,16438,47.12,False,True
2018,West Virginia,WV,State Senate,2,general,Charles H. Clements,Republican,19895,58.79,True,True
2018,West Virginia,WV,State Senate,2,general,Denny Longwell,Democratic,13944,41.21,False,False
2018,West Virginia,WV,State Senate,3,general,Mike Azinger,Republican,19964,57.4,True,True
2018,West Virginia,WV,State Senate,3,general,Jim Leach,Democratic,14818,42.6,False,False
2018,West Virginia,WV,State Senate,4,general,Eric Tarr,Republican,18885,51.78,True,False
2018,West Virginia,WV,State Senate,4,general,Brian Prim,Democratic,13583,37.24,False,False
2018,West Virginia,WV,State Senate,4,general,Amy Nichole Grady,Independent,4005,10.98,False,False
2018,West Virginia,WV,State Senate,5,general,Mike Woelfel,Democratic,20305,59.66,True,True
2018,West Virginia,WV,State Senate,5,general,Larry Brooke Lunsford,Republican,13732,40.34,False,False
2018,West Virginia,WV,State Senate,6,general,Mark R. Maynard,Republican,17536,61.51,True,True
2018,West Virginia,WV,State Senate,6,general,Charles E. Sammons,Democratic,10972,38.49,False,False
2018,West Virginia,WV,State Senate,7,general,Ron Stollings,Democratic,15181,56.7,True,True
2018,West Virginia,WV,State Senate,7,general,Jason Stephens,Republican,11594,43.3,False,False
2018,West Virginia,WV,State Senate,8,general,Richard Lindsay,Democratic,16537,50.25,True,False
2018,West Virginia,WV,State Senate,8,general,Ed Gaunch,Republican,16372,49.75,False,True
2018,West Virginia,WV,State Senate,9,general,Rollan Roberts,Republican,16111,54.07,True,False
2018,West Virginia,WV,State Senate,9,general,William R. Wooton,Democratic,13686,45.93,False,False
2018,West Virginia,WV,State Senate,10,general,Stephen Baldwin,Democratic,17495,53.15,True,True
2018,West Virginia,WV,State Senate,10,general,George Ambler,Republican,15421,46.85,False,False
2018,West Virginia,WV,State Senate,11,general,Bill Hamilton,Republican,23718,70.44,True,False
2018,West Virginia,WV,State Senate,11,general,Laura M. Finch,Democratic,9953,29.56,False,False
2018,West Virginia,WV,State Senate,12,general,Mike Romano,Democratic,18919,54.51,True,True
2018,West Virginia,WV,State Senate,12,general,Waymond Cork II,Republican,15791,45.49,False,False
2018,West Virginia,WV,State Senate,13,general,Bob Beach,Democratic,18692,52.18,True,True
2018,West Virginia,WV,State Senate,13,general,Mike Oliverio,Republican,17129,47.82,False,False
2018,West Virginia,WV,State Senate,14,general,David Sypolt,Republican,21936,60.22,True,True
2018,West Virginia,WV,State Senate,14,general,Stephanie Zucker,Democratic,14492,39.78,False,False
2018,West Virginia,WV,State Senate,15,general,Charles S. Trump,Republican,25937,71.06,True,True
2018,West Virginia,WV,State Senate,15,general,Jason A. Armentrout,Independent,10562,28.94,False,False
2018,West Virginia,WV,State Senate,16,general,John Unger,Democratic,18802,52.14,True,True
2018,West Virginia,WV,State Senate,16,general,Michael Craig Folk,Republican,17257,47.86,False,False
2018,West Virginia,WV,State Senate,17,general,Tom Takubo,Republican,18466,52.46,True,True
2018,West Virginia,WV,State Senate,17,general,Terrell Ellis,Democratic,16735,47.54,False,False
2018,Wyoming,WY,State Senate,1,general,Ogden Driskill,Republican,5557,96.74,True,True
2018,Wyoming,WY,State Senate,3,general,Cheri Steinmetz,Republican,5721,79.62,True,False
2018,Wyoming,WY,State Senate,3,general,Marci Shaver,Democratic,1449,20.17,False,False
2018,Wyoming,WY,State Senate,5,general,Lynn Hutchings,Republican,5382,94.65,True,False
2018,Wyoming,WY,State Senate,7,general,Stephan Pappas,Republican,3723,97.74,True,True
2018,Wyoming,WY,State Senate,9,general,Chris Rothfuss,Democratic,4668,96.59,True,True
2018,Wyoming,WY,State Senate,11,general,Larry S. Hicks,Republican,3757,65.83,True,True
2018,Wyoming,WY,State Senate,11,general,Lee Ann Stephenson,Democratic,1939,33.98,False,False
2018,Wyoming,WY,State Senate,13,general,Tom James,Republican,2625,46.63,True,False
2018,Wyoming,WY,State Senate,13,general,John Hastert,Democratic,2108,37.46,False,True
2018,Wyoming,WY,State Senate,13,general,Ted L. Barney,Independent (politician),889,15.8,False,False
2018,Wyoming,WY,State Senate,15,general,Wendy Davis Schuler,Republican,4900,97.65,True,False
2018,Wyoming,WY,State Senate,17,general,Mike Gierau,Democratic,6008,62.27,True,False
2018,Wyoming,WY,State Senate,17,general,Kate Mead,Republican,3631,37.67,False,False
2018,Wyoming,WY,State Senate,19,general,R. J. Kost,Republican,5569,97.38,True,False
2018,Wyoming,WY,State Senate,21,general,Bo Biteman,Republican,5125,64.46,True,False
2018,Wyoming,WY,State Senate,21,general,Hollis Hackman,Democratic,2810,35.34,False,False
2018,Wyoming,WY,State Senate,23,general,Jeff Wasserburger,Republican,5116,98.21,True,True
2018,Wyoming,WY,State Senate,25,general,Cale Case,Republican,4012,58.09,True,True
2018,Wyoming,WY,State Senate,25,general,"Sergio A. Maldonado, Sr.",Democratic,2872,41.58,False,False
2018,Wyoming,WY,State Senate,27,general,Bill Landen,Republican,5451,97.76,True,True
2018,Wyoming,WY,State Senate,29,general,Drew Perkins,Republican,5282,97.62,True,True
