Year,State,Primary_Type,Poll_Source,Date,Sample,MoE,Candidate,Party,Pct,Incumbent
1938,Kentucky,Democratic Primary,American Institute of Public Opinion,March 1938,,,Alben Barkley,D,69%,True
1938,Kentucky,Democratic Primary,American Institute of Public Opinion,April 1938,,,Alben Barkley,D,67%,True
1938,Kentucky,Democratic Primary,American Institute of Public Opinion,May 1938,,,Alben Barkley,D,65%,True
1938,Kentucky,Democratic Primary,American Institute of Public Opinion,"July 8, 1938",,,Alben Barkley,D,64%,True
1938,Kentucky,Democratic Primary,American Institute of Public Opinion,"July 24, 1938",,,Alben Barkley,D,61%,True
1938,Kentucky,Democratic Primary,American Institute of Public Opinion,"August 5, 1938",,,Alben Barkley,D,59%,True
1938,Kentucky,Democratic Primary,American Institute of Public Opinion,March 1938,,,Happy Chandler,D,31%,False
1938,Kentucky,Democratic Primary,American Institute of Public Opinion,April 1938,,,Happy Chandler,D,33%,False
1938,Kentucky,Democratic Primary,American Institute of Public Opinion,May 1938,,,Happy Chandler,D,35%,False
1938,Kentucky,Democratic Primary,American Institute of Public Opinion,"July 8, 1938",,,Happy Chandler,D,36%,False
1938,Kentucky,Democratic Primary,American Institute of Public Opinion,"July 24, 1938",,,Happy Chandler,D,39%,False
1938,Kentucky,Democratic Primary,American Institute of Public Opinion,"August 5, 1938",,,Happy Chandler,D,41%,False
1938,South Carolina,single_party,American Institute of Public Opinion,"August 29, 1938",,,Edgar Allan Brown,D,13%,False
1938,South Carolina,single_party,American Institute of Public Opinion,"August 29, 1938",,,Olin Johnston,D,36%,False
1938,South Carolina,single_party,American Institute of Public Opinion,"August 29, 1938",,,Ellison Smith,D,51%,False
1978,New Jersey,Democratic Primary,Rutgers-Eagleton,"May 7–16, 1978",LV,,Bill Bradley,D,16%,False
1978,New Jersey,Democratic Primary,Associated Press,May 1978,700 (RV),,Bill Bradley,D,37%,False
1978,New Jersey,Democratic Primary,Rutgers-Eagleton,"May 7–16, 1978",LV,,Richard Leone,D,12%,False
1978,New Jersey,Democratic Primary,Associated Press,May 1978,700 (RV),,Richard Leone,D,9%,False
1978,New Jersey,Democratic Primary,Rutgers-Eagleton,"May 7–16, 1978",LV,,Alexander Menza,D,3%,False
1978,New Jersey,Democratic Primary,Associated Press,May 1978,700 (RV),,Alexander Menza,D,3%,False
1978,New Jersey,Republican Primary,Rutgers-Eagleton,"May 7–16, 1978",LV,,Jeff Bell,R,8%,False
1978,New Jersey,Republican Primary,Associated Press,May 1978,700 (RV),,Jeff Bell,R,14%,False
1978,New Jersey,Republican Primary,Rutgers-Eagleton,"May 7–16, 1978",LV,,Clifford Case,R,43%,False
1978,New Jersey,Republican Primary,Associated Press,May 1978,700 (RV),,Clifford Case,R,50%,False
1988,Mississippi,Republican Primary,The Clarion-Ledger,"October 31 – November 2, 1988",817 LV,±3.5%,Trent Lott <small></small>,R,48%,False
1988,Mississippi,Republican Primary,The Clarion-Ledger,"October 31 – November 2, 1988",817 LV,±3.5%,Wayne Dowdy <small></small>,R,34%,False
1988,New Jersey,Republican Primary,The Star-Ledger,"September 16–22, 1988",765 LV,±3.5%,Frank Lautenberg,D,48%,True
1988,New Jersey,Republican Primary,The Star-Ledger,"October 17–25, 1988",774 RV,±3.5%,Frank Lautenberg,D,46%,True
1988,New Jersey,Republican Primary,The Star-Ledger,"November 3–6, 1988","1,183 RV",±2.9%,Frank Lautenberg,D,46%,True
1988,New Jersey,Republican Primary,The Star-Ledger,"September 16–22, 1988",765 LV,±3.5%,Pete Dawkins,R,28%,False
1988,New Jersey,Republican Primary,The Star-Ledger,"October 17–25, 1988",774 RV,±3.5%,Pete Dawkins,R,34%,False
1988,New Jersey,Republican Primary,The Star-Ledger,"November 3–6, 1988","1,183 RV",±2.9%,Pete Dawkins,R,35%,False
1990,New Jersey,Republican Primary,Rutgers-Eagleton,"July 2–10, 1990",616 LV,±4.0%,Bill Bradley,D,64%,True
1990,New Jersey,Republican Primary,Rutgers-Eagleton,"October 16–22, 1990",532 LV,±4.5%,Bill Bradley,D,62%,True
1990,New Jersey,Republican Primary,Rutgers-Eagleton,"October 27–31, 1990",987 LV,±3.2%,Bill Bradley,D,55%,True
1990,New Jersey,Republican Primary,Rutgers-Eagleton,"July 2–10, 1990",616 LV,±4.0%,Christine Whitman,R,17%,False
1990,New Jersey,Republican Primary,Rutgers-Eagleton,"October 16–22, 1990",532 LV,±4.5%,Christine Whitman,R,26%,False
1990,New Jersey,Republican Primary,Rutgers-Eagleton,"October 27–31, 1990",987 LV,±3.2%,Christine Whitman,R,27%,False
2002,Texas,Democratic Primary,Zogby International,"November 3–4, 2002",,,John Cornyn,R,50%,False
2002,Texas,Democratic Primary,Zogby International,"October 30 – November 2, 2002",,± 4.5%,John Cornyn,R,49%,False
2002,Texas,Democratic Primary,University of Houston,Late–October 2002,656 (LV),± 3.6%,John Cornyn,R,45%,False
2002,Texas,Democratic Primary,Scripps-Howard,"October 7–29, 2002","1,000 (A)",± 4.3%,John Cornyn,R,44%,False
2002,Texas,Democratic Primary,KXAS-TV,"October 21–27, 2002",550 (LV),± 4.3%,John Cornyn,R,43%,False
2002,Texas,Democratic Primary,KXAS-TV,"October 15–20, 2002",600 (LV),± 4.1%,John Cornyn,R,46%,False
2002,Texas,Democratic Primary,KXAS-TV,"October 8–13, 2002",600 (LV),± 4.1%,John Cornyn,R,46%,False
2002,Texas,Democratic Primary,Zogby International,"October 9–11, 2002",,,John Cornyn,R,45%,False
2002,Texas,Democratic Primary,KXAS-TV,"September 30 – October 6, 2002",600 (LV),± 4.1%,John Cornyn,R,56%,False
2002,Texas,Democratic Primary,RealClearPolitics,"September 22–24, 2002",,± 3.6,John Cornyn,R,35%,False
2002,Texas,Democratic Primary,Zogby International,"September 17–18, 2002",,,John Cornyn,R,42%,False
2002,Texas,Democratic Primary,University of Houston,"September 3–15, 2002",879 (LV),± 4.1%,John Cornyn,R,42%,False
2002,Texas,Democratic Primary,Scripps-Howard,"August 7–27, 2002",756 (LV),± 3.5%,John Cornyn,R,37%,False
2002,Texas,Democratic Primary,Scripps-Howard,"July 31 – August 7, 2002",,,John Cornyn,R,46%,False
2002,Texas,Democratic Primary,University of Houston,"June 20–29, 2002",739 (LV),± 3.5%,John Cornyn,R,28%,False
2002,Texas,Democratic Primary,Scripps-Howard,"May 20 – June 9, 2002",668 (LV),± 3.8%,John Cornyn,R,35%,False
2002,Texas,Democratic Primary,The Texas Tribune,"May 7–13, 2002","1,066 (LV)",± 3.0%,John Cornyn,R,46%,False
2002,Texas,Democratic Primary,Zogby International,"November 3–4, 2002",,,Ron Kirk,D,46%,False
2002,Texas,Democratic Primary,Zogby International,"October 30 – November 2, 2002",,± 4.5%,Ron Kirk,D,48%,False
2002,Texas,Democratic Primary,University of Houston,Late–October 2002,656 (LV),± 3.6%,Ron Kirk,D,39%,False
2002,Texas,Democratic Primary,Scripps-Howard,"October 7–29, 2002","1,000 (A)",± 4.3%,Ron Kirk,D,35%,False
2002,Texas,Democratic Primary,KXAS-TV,"October 21–27, 2002",550 (LV),± 4.3%,Ron Kirk,D,40%,False
2002,Texas,Democratic Primary,KXAS-TV,"October 15–20, 2002",600 (LV),± 4.1%,Ron Kirk,D,36%,False
2002,Texas,Democratic Primary,KXAS-TV,"October 8–13, 2002",600 (LV),± 4.1%,Ron Kirk,D,36%,False
2002,Texas,Democratic Primary,Zogby International,"October 9–11, 2002",,,Ron Kirk,D,37%,False
2002,Texas,Democratic Primary,KXAS-TV,"September 30 – October 6, 2002",600 (LV),± 4.1%,Ron Kirk,D,30%,False
2002,Texas,Democratic Primary,RealClearPolitics,"September 22–24, 2002",,± 3.6,Ron Kirk,D,39%,False
2002,Texas,Democratic Primary,Zogby International,"September 17–18, 2002",,,Ron Kirk,D,30%,False
2002,Texas,Democratic Primary,University of Houston,"September 3–15, 2002",879 (LV),± 4.1%,Ron Kirk,D,36%,False
2002,Texas,Democratic Primary,Scripps-Howard,"August 7–27, 2002",756 (LV),± 3.5%,Ron Kirk,D,32%,False
2002,Texas,Democratic Primary,Scripps-Howard,"July 31 – August 7, 2002",,,Ron Kirk,D,46%,False
2002,Texas,Democratic Primary,University of Houston,"June 20–29, 2002",739 (LV),± 3.5%,Ron Kirk,D,36%,False
2002,Texas,Democratic Primary,Scripps-Howard,"May 20 – June 9, 2002",668 (LV),± 3.8%,Ron Kirk,D,30%,False
2002,Texas,Democratic Primary,The Texas Tribune,"May 7–13, 2002","1,066 (LV)",± 3.0%,Ron Kirk,D,44%,False
2002,Texas,Republican Primary,The Texas Tribune,"Before September 10, 2001",,,Henry Bonilla,R,14%,False
2002,Texas,Republican Primary,The Texas Tribune,"Before September 10, 2001",,,John Cornyn,R,27%,False
2002,Texas,Republican Primary,The Texas Tribune,"Before September 10, 2001",,,Tony Garza,R,7%,False
2002,Texas,Republican Primary,The Texas Tribune,"Before September 10, 2001",,,David Dewhurst,R,16%,False
2008,Maine,Democratic Primary,Rasmussen Reports,"November 1, 2008",,,Tom Allen,D,41%,False
2008,Maine,Democratic Primary,Survey USA,"October 20, 2008",,,Tom Allen,D,43%,False
2008,Maine,Democratic Primary,Rasmussen Reports,"October 2, 2008",,,Tom Allen,D,43%,False
2008,Maine,Democratic Primary,Survey USA,"September 22–23, 2008",,,Tom Allen,D,39%,False
2008,Maine,Democratic Primary,Rasmussen Reports,"September 17, 2008",,,Tom Allen,D,42%,False
2008,Maine,Democratic Primary,Rasmussen Reports,"August 12, 2008",,,Tom Allen,D,40%,False
2008,Maine,Democratic Primary,Rasmussen Reports,"July 17, 2008",,,Tom Allen,D,42%,False
2008,Maine,Democratic Primary,Pan Atlantic SMS Group,"June 18, 2008",,,Tom Allen,D,31%,False
2008,Maine,Democratic Primary,Rasmussen Reports,"June 16, 2008",,,Tom Allen,D,42%,False
2008,Maine,Democratic Primary,Rasmussen Reports,"May 14, 2008",,,Tom Allen,D,42%,False
2008,Maine,Democratic Primary,Rasmussen Reports,"April 1, 2008",,,Tom Allen,D,38%,False
2008,Maine,Democratic Primary,McLaughlin & Associates,"March 6–9, 2008",,,Tom Allen,D,31%,False
2008,Maine,Democratic Primary,Critical Insights,"October 12–30, 2007",,,Tom Allen,D,34%,False
2008,Maine,Democratic Primary,Survey USA,"October 26–29, 2007",,,Tom Allen,D,38%,False
2008,Maine,Democratic Primary,Research 2000,"October 15–17, 2007",,,Tom Allen,D,33%,False
2008,Maine,Democratic Primary,Rasmussen Reports,"November 1, 2008",,,Susan Collins,R,57%,True
2008,Maine,Democratic Primary,Survey USA,"October 20, 2008",,,Susan Collins,R,54%,True
2008,Maine,Democratic Primary,Rasmussen Reports,"October 2, 2008",,,Susan Collins,R,53%,True
2008,Maine,Democratic Primary,Survey USA,"September 22–23, 2008",,,Susan Collins,R,55%,True
2008,Maine,Democratic Primary,Rasmussen Reports,"September 17, 2008",,,Susan Collins,R,55%,True
2008,Maine,Democratic Primary,Rasmussen Reports,"August 12, 2008",,,Susan Collins,R,55%,True
2008,Maine,Democratic Primary,Rasmussen Reports,"July 17, 2008",,,Susan Collins,R,49%,True
2008,Maine,Democratic Primary,Pan Atlantic SMS Group,"June 18, 2008",,,Susan Collins,R,56%,True
2008,Maine,Democratic Primary,Rasmussen Reports,"June 16, 2008",,,Susan Collins,R,49%,True
2008,Maine,Democratic Primary,Rasmussen Reports,"May 14, 2008",,,Susan Collins,R,52%,True
2008,Maine,Democratic Primary,Rasmussen Reports,"April 1, 2008",,,Susan Collins,R,54%,True
2008,Maine,Democratic Primary,McLaughlin & Associates,"March 6–9, 2008",,,Susan Collins,R,54%,True
2008,Maine,Democratic Primary,Critical Insights,"October 12–30, 2007",,,Susan Collins,R,54%,True
2008,Maine,Democratic Primary,Survey USA,"October 26–29, 2007",,,Susan Collins,R,55%,True
2008,Maine,Democratic Primary,Research 2000,"October 15–17, 2007",,,Susan Collins,R,56%,True
2010,Nevada,Democratic Primary,Mellman Group,"June 17–29, 2008",,,Harry Reid,D,51%,True
2010,Nevada,Democratic Primary,Mellman Group,"June 17–29, 2008",,,Barbara Buckley,D,20%,False
2010,Nevada,Republican Primary,Mason Dixon,"August 21, 2009",,,Tarkanian,R,33%,False
2010,Nevada,Republican Primary,Mason Dixon,"October 8, 2009",,,Tarkanian,R,21%,False
2010,Nevada,Republican Primary,Mason Dixon,December 2009,,,Tarkanian,R,24%,False
2010,Nevada,Republican Primary,Mason Dixon,"January 7, 2010",,,Tarkanian,R,28%,False
2010,Nevada,Republican Primary,Mason Dixon,"February 24, 2010",,,Tarkanian,R,29%,False
2010,Nevada,Republican Primary,Mason Dixon,"April 11, 2010",,,Tarkanian,R,27%,False
2010,Nevada,Republican Primary,Research 2000,"April 26–28, 2010",,,Tarkanian,R,28%,False
2010,Nevada,Republican Primary,Mason Dixon,"May 13, 2010",,,Tarkanian,R,22%,False
2010,Nevada,Republican Primary,Mason Dixon,"May 28, 2010",,,Tarkanian,R,23%,False
2010,Nevada,Republican Primary,Research 2000,"May 31 – June 2, 2010",,,Tarkanian,R,24%,False
2010,Nevada,Republican Primary,Suffolk University,"June 2, 2010",,,Tarkanian,R,26%,False
2010,Nevada,Republican Primary,Suffolk University,"June 1–3, 2010",,,Tarkanian,R,24%,False
2010,Nevada,Republican Primary,Mason Dixon,"August 21, 2009",,,Lowden,R,14%,False
2010,Nevada,Republican Primary,Mason Dixon,"October 8, 2009",,,Lowden,R,23%,False
2010,Nevada,Republican Primary,Mason Dixon,December 2009,,,Lowden,R,25%,False
2010,Nevada,Republican Primary,Mason Dixon,"January 7, 2010",,,Lowden,R,26%,False
2010,Nevada,Republican Primary,Mason Dixon,"February 24, 2010",,,Lowden,R,47%,False
2010,Nevada,Republican Primary,Mason Dixon,"April 11, 2010",,,Lowden,R,45%,False
2010,Nevada,Republican Primary,Research 2000,"April 26–28, 2010",,,Lowden,R,38%,False
2010,Nevada,Republican Primary,Mason Dixon,"May 13, 2010",,,Lowden,R,30%,False
2010,Nevada,Republican Primary,Mason Dixon,"May 28, 2010",,,Lowden,R,30%,False
2010,Nevada,Republican Primary,Research 2000,"May 31 – June 2, 2010",,,Lowden,R,25%,False
2010,Nevada,Republican Primary,Suffolk University,"June 2, 2010",,,Lowden,R,24%,False
2010,Nevada,Republican Primary,Suffolk University,"June 1–3, 2010",,,Lowden,R,23%,False
2010,Nevada,Republican Primary,Mason Dixon,"August 21, 2009",,,Angle,R,5%,False
2010,Nevada,Republican Primary,Mason Dixon,"October 8, 2009",,,Angle,R,9%,False
2010,Nevada,Republican Primary,Mason Dixon,December 2009,,,Angle,R,13%,False
2010,Nevada,Republican Primary,Mason Dixon,"January 7, 2010",,,Angle,R,13%,False
2010,Nevada,Republican Primary,Mason Dixon,"February 24, 2010",,,Angle,R,8%,False
2010,Nevada,Republican Primary,Mason Dixon,"April 11, 2010",,,Angle,R,5%,False
2010,Nevada,Republican Primary,Research 2000,"April 26–28, 2010",,,Angle,R,13%,False
2010,Nevada,Republican Primary,Mason Dixon,"May 13, 2010",,,Angle,R,25%,False
2010,Nevada,Republican Primary,Mason Dixon,"May 28, 2010",,,Angle,R,29%,False
2010,Nevada,Republican Primary,Research 2000,"May 31 – June 2, 2010",,,Angle,R,34%,False
2010,Nevada,Republican Primary,Suffolk University,"June 2, 2010",,,Angle,R,33%,False
2010,Nevada,Republican Primary,Suffolk University,"June 1–3, 2010",,,Angle,R,32%,False
2012,Arizona,Democratic Primary,Public Policy Polling,"April 28 – May 1, 2011",,,Dennis Burke,D,300,False
2012,Arizona,Democratic Primary,Public Policy Polling,"April 28 – May 1, 2011",,,Rodney Glassman,D,± 5.7%,False
2012,Arizona,Democratic Primary,Public Policy Polling,"April 28 – May 1, 2011",,,Terry Goddard,D,2%,False
2012,Arizona,Democratic Primary,Public Policy Polling,"April 28 – May 1, 2011",,,Phil Gordan,D,5%,False
2012,Arizona,Democratic Primary,Public Policy Polling,"April 28 – May 1, 2011",,,Harry Mitchell,D,50%,False
2012,Arizona,Democratic Primary,Public Policy Polling,"April 28 – May 1, 2011",,,Ed Pastor,D,8%,False
2012,Arizona,Democratic Primary,Public Policy Polling,"April 28 – May 1, 2011",,,Felecia Rotellini,D,11%,False
2012,Arizona,Republican Primary,Public Policy Polling,"May 17–20, 2012",,,Wil Cardon,R,421,False
2012,Arizona,Republican Primary,Public Policy Polling,"February 17–19, 2012",,,Wil Cardon,R,412,False
2012,Arizona,Republican Primary,Public Policy Polling,"November 17–20, 2011",,,Wil Cardon,R,400,False
2012,Arizona,Republican Primary,Public Policy Polling,"May 17–20, 2012",,,Jeff Flake,R,± 4.8%,False
2012,Arizona,Republican Primary,Public Policy Polling,"February 17–19, 2012",,,Jeff Flake,R,± 4.8%,False
2012,Arizona,Republican Primary,Public Policy Polling,"November 17–20, 2011",,,Jeff Flake,R,± 4.9%,False
2012,Arizona,Republican Primary,Public Policy Polling,"May 17–20, 2012",,,Bryan Hackbarth,R,20%,False
2012,Arizona,Republican Primary,Public Policy Polling,"February 17–19, 2012",,,Bryan Hackbarth,R,7%,False
2012,Arizona,Republican Primary,Public Policy Polling,"November 17–20, 2011",,,Bryan Hackbarth,R,7%,False
2012,Arizona,Republican Primary,Public Policy Polling,"May 17–20, 2012",,,Doug McKee,R,42%,False
2012,Arizona,Republican Primary,Public Policy Polling,"February 17–19, 2012",,,Doug McKee,R,56%,False
2012,Arizona,Republican Primary,Public Policy Polling,"November 17–20, 2011",,,Doug McKee,R,53%,False
2012,Arizona,Republican Primary,Public Policy Polling,"May 17–20, 2012",,,Clair,R,3%,False
2012,Arizona,Republican Primary,Public Policy Polling,"February 17–19, 2012",,,Clair,R,5%,False
2012,Arizona,Republican Primary,Public Policy Polling,"November 17–20, 2011",,,Clair,R,5%,False
2012,Nevada,Democratic Primary,Public Policy Polling,"April 21–24, 2011",,,Shelley Berkley,D,300,False
2012,Nevada,Democratic Primary,Public Policy Polling,"July 28–31, 2011",,,Shelley Berkley,D,400,False
2012,Nevada,Democratic Primary,Public Policy Polling,"April 21–24, 2011",,,Byron Georgiou,D,±5.7%,False
2012,Nevada,Democratic Primary,Public Policy Polling,"July 28–31, 2011",,,Byron Georgiou,D,±4.9%,False
2012,Nevada,Republican Primary,Public Policy Polling,"January 3–5, 2011",,,Sharron Angle,R,400,False
2012,Nevada,Republican Primary,Public Policy Polling,"January 3–5, 2011",,,John Chachas,R,±4.9%,False
2012,Nevada,Republican Primary,Public Policy Polling,"January 3–5, 2011",,,John Ensign,R,9%,False
2012,Nevada,Republican Primary,Public Policy Polling,"January 3–5, 2011",,,Dean Heller,R,5%,True
2012,Nevada,Republican Primary,Public Policy Polling,"January 3–5, 2011",,,Brian Krolicki,R,20%,False
2012,Nevada,Republican Primary,Public Policy Polling,"January 3–5, 2011",,,Sue Lowden,R,30%,False
2012,Nevada,Republican Primary,Public Policy Polling,"January 3–5, 2011",,,Danny Tarkanian,R,6%,False
2014,Alaska,single_party,Public Policy Polling,"May 8–11, 2014",313,± 5.5%,John Jaramillo,R,3%,False
2014,Alaska,single_party,Public Policy Polling,"February 4–5, 2013",537,± 4.2%,Loren Leman,R,16%,False
2014,Alaska,single_party,Moore Information (R-S. Sullivan),"August 4–5, 2014",500,,Joe Miller,R,17%,False
2014,Alaska,single_party,Moore Information (R-S. Sullivan),"July 29–31, 2014",375,± 5.5%,Joe Miller,R,16%,False
2014,Alaska,single_party,Hellenthal & Assoc.,"June 17–28, 2014",—,,Joe Miller,R,21%,False
2014,Alaska,single_party,Moore Information (R-S. Sullivan),"June 16–18, 2014",500,,Joe Miller,R,13%,False
2014,Alaska,single_party,Dittman Research (R-A. Sullivan),"May 27–29, 2014",500,± 4.4%,Joe Miller,R,12%,False
2014,Alaska,single_party,Public Policy Polling,"May 8–11, 2014",313,± 5.5%,Joe Miller,R,14%,False
2014,Alaska,single_party,Moore Information (R-S. Sullivan),"April 27–28, 2014",—,,Joe Miller,R,12%,False
2014,Alaska,single_party,Ivan Moore,"December 15–22, 2013",335,,Joe Miller,R,19%,False
2014,Alaska,single_party,Public Policy Polling,"July 25–28, 2013",507,± 4.4%,Joe Miller,R,12%,False
2014,Alaska,single_party,Harper Polling,"May 6–7, 2013",379,± 5.0%,Joe Miller,R,14%,False
2014,Alaska,single_party,Public Policy Polling,"February 4–5, 2013",537,± 4.2%,Joe Miller,R,17%,False
2014,Alaska,single_party,Harper Polling,"January 29–30, 2013","1,157",± 2.9%,Joe Miller,R,12%,False
2014,Alaska,single_party,Public Policy Polling,"July 25–28, 2013",507,± 4.4%,Sarah Palin,R,36%,False
2014,Alaska,single_party,Harper Polling,"May 6–7, 2013",379,± 5.0%,Sarah Palin,R,32%,False
2014,Alaska,single_party,Harper Polling,"January 29–30, 2013","1,157",± 2.9%,Sarah Palin,R,27%,False
2014,Alaska,single_party,Public Policy Polling,"February 4–5, 2013",537,± 4.2%,Sean Parnell,R,24%,False
2014,Alaska,single_party,Harper Polling,"January 29–30, 2013","1,157",± 2.9%,Sean Parnell,R,32%,False
2014,Alaska,single_party,Public Policy Polling,"February 4–5, 2013",537,± 4.2%,Dan A. Sullivan,R,19%,False
2014,Alaska,single_party,Moore Information (R-S. Sullivan),"August 4–5, 2014",500,,Dan S. Sullivan,R,42%,False
2014,Alaska,single_party,Moore Information (R-S. Sullivan),"July 29–31, 2014",375,± 5.5%,Dan S. Sullivan,R,35%,False
2014,Alaska,single_party,Hellenthal & Assoc.,"June 17–28, 2014",—,,Dan S. Sullivan,R,35%,False
2014,Alaska,single_party,Moore Information (R-S. Sullivan),"June 16–18, 2014",500,,Dan S. Sullivan,R,36%,False
2014,Alaska,single_party,Dittman Research (R-A. Sullivan),"May 27–29, 2014",500,± 4.4%,Dan S. Sullivan,R,37%,False
2014,Alaska,single_party,Public Policy Polling,"May 8–11, 2014",313,± 5.5%,Dan S. Sullivan,R,40%,False
2014,Alaska,single_party,Moore Information (R-S. Sullivan),"April 27–28, 2014",—,,Dan S. Sullivan,R,38%,False
2014,Alaska,single_party,Ivan Moore,"December 15–22, 2013",335,,Dan S. Sullivan,R,29%,False
2014,Alaska,single_party,Public Policy Polling,"July 25–28, 2013",507,± 4.4%,Dan S. Sullivan,R,15%,False
2014,Alaska,single_party,Moore Information (R-S. Sullivan),"August 4–5, 2014",500,,Mead Treadwell,R,25%,False
2014,Alaska,single_party,Moore Information (R-S. Sullivan),"July 29–31, 2014",375,± 5.5%,Mead Treadwell,R,27%,False
2014,Alaska,single_party,Hellenthal & Assoc.,"June 17–28, 2014",—,,Mead Treadwell,R,31%,False
2014,Alaska,single_party,Moore Information (R-S. Sullivan),"June 16–18, 2014",500,,Mead Treadwell,R,27%,False
2014,Alaska,single_party,Dittman Research (R-A. Sullivan),"May 27–29, 2014",500,± 4.4%,Mead Treadwell,R,35%,False
2014,Alaska,single_party,Public Policy Polling,"May 8–11, 2014",313,± 5.5%,Mead Treadwell,R,26%,False
2014,Alaska,single_party,Moore Information (R-S. Sullivan),"April 27–28, 2014",—,,Mead Treadwell,R,22%,False
2014,Alaska,single_party,Ivan Moore,"December 15–22, 2013",335,,Mead Treadwell,R,34%,False
2014,Alaska,single_party,Public Policy Polling,"July 25–28, 2013",507,± 4.4%,Mead Treadwell,R,26%,False
2014,Alaska,single_party,Harper Polling,"May 6–7, 2013",379,± 5.0%,Mead Treadwell,R,30%,False
2014,Alaska,single_party,Public Policy Polling,"February 4–5, 2013",537,± 4.2%,Mead Treadwell,R,14%,False
2014,Alaska,single_party,Harper Polling,"January 29–30, 2013","1,157",± 2.9%,Mead Treadwell,R,14%,False
2014,West Virginia,Democratic Primary,Public Policy Polling,"September 19–22, 2013",,,Sheirl Fletcher,D,600,False
2014,West Virginia,Democratic Primary,Public Policy Polling,"September 19–22, 2013",,,David Harless,D,± 4%,False
2014,West Virginia,Democratic Primary,Public Policy Polling,"September 19–22, 2013",,,Natalie Tennant,D,8%,False
2014,West Virginia,Democratic Primary,Public Policy Polling,"September 19–22, 2013",,,David Wamsley,D,3%,False
2014,West Virginia,Republican Primary,Harper Polling,"January 21, 2013",,,Shelley Moore Capito,R,462,False
2014,West Virginia,Republican Primary,Public Policy Polling,"September 19–22, 2013",,,Shelley Moore Capito,R,348,False
2014,West Virginia,Republican Primary,Harper Polling,"September 24–25, 2013",,,Shelley Moore Capito,R,354,False
2014,West Virginia,Republican Primary,Harper Polling,"January 21, 2013",,,Rick Lemasters,R,± 4.56%,False
2014,West Virginia,Republican Primary,Public Policy Polling,"September 19–22, 2013",,,Rick Lemasters,R,± 5.3%,False
2014,West Virginia,Republican Primary,Harper Polling,"September 24–25, 2013",,,Rick Lemasters,R,± 5.21%,False
2014,West Virginia,Republican Primary,Harper Polling,"January 21, 2013",,,Pat McGeehan,R,73%,False
2014,West Virginia,Republican Primary,Public Policy Polling,"September 19–22, 2013",,,Pat McGeehan,R,72%,False
2014,West Virginia,Republican Primary,Harper Polling,"September 24–25, 2013",,,Pat McGeehan,R,77%,False
2014,West Virginia,Republican Primary,Public Policy Polling,"September 19–22, 2013",,,Patrick Morrisey,R,5%,False
2014,West Virginia,Republican Primary,Public Policy Polling,"September 19–22, 2013",,,Scott Regan,R,4%,False
2014,West Virginia,Republican Primary,Harper Polling,"September 24–25, 2013",,,Scott Regan,R,7%,False
2014,West Virginia,Republican Primary,Harper Polling,"January 21, 2013",,,Edwin Vanover,R,10%,False
2016,Alabama,Republican Primary,Thomas Partners Strategies (R-McConnell),"January 29–30, 2016","1,299",± 2.7%,Marcus Bowman,R,1%,False
2016,Alabama,Republican Primary,McLaughlin & Associates (R-Shelby),"January 25–26, 2016",600,± 4.0%,Marcus Bowman,R,1%,False
2016,Alabama,Republican Primary,Thomas Partners Strategies (R-McConnell),December 2015,–,,Marcus Bowman,R,1%,False
2016,Alabama,Republican Primary,McLaughlin & Associates (R-Shelby),November 2015,–,,Marcus Bowman,R,1%,False
2016,Alabama,Republican Primary,Thomas Partners Strategies (R-McConnell),"January 29–30, 2016","1,299",± 2.7%,John Martin,R,1%,False
2016,Alabama,Republican Primary,McLaughlin & Associates (R-Shelby),"January 25–26, 2016",600,± 4.0%,John Martin,R,1%,False
2016,Alabama,Republican Primary,Thomas Partners Strategies (R-McConnell),December 2015,–,,John Martin,R,2%,False
2016,Alabama,Republican Primary,McLaughlin & Associates (R-Shelby),November 2015,–,,John Martin,R,2%,False
2016,Alabama,Republican Primary,Thomas Partners Strategies (R-McConnell),"January 29–30, 2016","1,299",± 2.7%,Shadrack McGill,R,2%,False
2016,Alabama,Republican Primary,McLaughlin & Associates (R-Shelby),"January 25–26, 2016",600,± 4.0%,Shadrack McGill,R,1%,False
2016,Alabama,Republican Primary,Thomas Partners Strategies (R-McConnell),December 2015,–,,Shadrack McGill,R,3%,False
2016,Alabama,Republican Primary,McLaughlin & Associates (R-Shelby),November 2015,–,,Shadrack McGill,R,1%,False
2016,Alabama,Republican Primary,Thomas Partners Strategies (R-McConnell),"January 29–30, 2016","1,299",± 2.7%,Jonathan McConnell,R,25%,False
2016,Alabama,Republican Primary,McLaughlin & Associates (R-Shelby),"January 25–26, 2016",600,± 4.0%,Jonathan McConnell,R,9%,False
2016,Alabama,Republican Primary,Thomas Partners Strategies (R-McConnell),December 2015,–,,Jonathan McConnell,R,15%,False
2016,Alabama,Republican Primary,McLaughlin & Associates (R-Shelby),November 2015,–,,Jonathan McConnell,R,5%,False
2016,Alabama,Republican Primary,Thomas Partners Strategies (R-McConnell),"January 29–30, 2016","1,299",± 2.7%,Richard Shelby,R,55%,True
2016,Alabama,Republican Primary,McLaughlin & Associates (R-Shelby),"January 25–26, 2016",600,± 4.0%,Richard Shelby,R,75%,True
2016,Alabama,Republican Primary,Thomas Partners Strategies (R-McConnell),December 2015,–,,Richard Shelby,R,64%,True
2016,Alabama,Republican Primary,McLaughlin & Associates (R-Shelby),November 2015,–,,Richard Shelby,R,71%,True
2016,Arizona,Republican Primary,Public Policy Polling,"May 1–3, 2015",300,± 5.7%,John McCain,R,44%,True
2016,Arizona,Republican Primary,Behavior Research Center,"October 24 – November 5, 2015",577,± 4.7%,John McCain,R,41%,True
2016,Arizona,Republican Primary,Behavior Research Center,"January 6–17, 2016",398,± 4.1%,John McCain,R,47%,True
2016,Arizona,Republican Primary,Public Policy Polling,"May 13–15, 2016",443,± 4.7%,John McCain,R,39%,True
2016,Arizona,Republican Primary,NMB Research,"July 11, 2016",500,± 4.38%,John McCain,R,47%,True
2016,Arizona,Republican Primary,Data Orbital LLC,"August 11, 2016",500,±4.38%,John McCain,R,50%,True
2016,Arizona,Republican Primary,CNN,"August 18–23, 2016",413,± 5.0%,John McCain,R,55%,True
2016,Arizona,Republican Primary,Public Policy Polling,"May 1–3, 2015",300,± 5.7%,Kelli Ward,R,31%,False
2016,Arizona,Republican Primary,Behavior Research Center,"October 24 – November 5, 2015",577,± 4.7%,Kelli Ward,R,11%,False
2016,Arizona,Republican Primary,Behavior Research Center,"January 6–17, 2016",398,± 4.1%,Kelli Ward,R,11%,False
2016,Arizona,Republican Primary,Public Policy Polling,"May 13–15, 2016",443,± 4.7%,Kelli Ward,R,26%,False
2016,Arizona,Republican Primary,NMB Research,"July 11, 2016",500,± 4.38%,Kelli Ward,R,22%,False
2016,Arizona,Republican Primary,Data Orbital LLC,"August 11, 2016",500,±4.38%,Kelli Ward,R,29%,False
2016,Arizona,Republican Primary,CNN,"August 18–23, 2016",413,± 5.0%,Kelli Ward,R,29%,False
2016,Arizona,Republican Primary,Behavior Research Center,"October 24 – November 5, 2015",577,± 4.7%,Clair Van Steenwyk,R,2%,False
2016,Arizona,Republican Primary,Behavior Research Center,"January 6–17, 2016",398,± 4.1%,Clair Van Steenwyk,R,1%,False
2016,Arizona,Republican Primary,Public Policy Polling,"May 13–15, 2016",443,± 4.7%,Clair Van Steenwyk,R,2%,False
2016,Arizona,Republican Primary,NMB Research,"July 11, 2016",500,± 4.38%,Clair Van Steenwyk,R,2%,False
2016,Arizona,Republican Primary,CNN,"August 18–23, 2016",413,± 5.0%,Clair Van Steenwyk,R,4%,False
2016,Arizona,Republican Primary,Behavior Research Center,"October 24 – November 5, 2015",577,± 4.7%,Alex Meluskey,R,1%,False
2016,Arizona,Republican Primary,Behavior Research Center,"January 6–17, 2016",398,± 4.1%,Alex Meluskey,R,1%,False
2016,Arizona,Republican Primary,Public Policy Polling,"May 13–15, 2016",443,± 4.7%,Alex Meluskey,R,4%,False
2016,Arizona,Republican Primary,NMB Research,"July 11, 2016",500,± 4.38%,Alex Meluskey,R,6%,False
2016,Kansas,Republican Primary,Public Opinion Strategies (R-Moran),"February 28 – March 3, 2015",500,± 4.38%,Jerry Moran,R,73%,True
2018,Arizona,Democratic Primary,Data Orbital,"June 25–27, 2018",550,± 4.2%,Deedra Abboud,D,7%,False
2018,Arizona,Democratic Primary,Emerson College,"June 21–22, 2018",260,± 6.2%,Deedra Abboud,D,8%,False
2018,Arizona,Democratic Primary,Data Orbital,"June 25–27, 2018",550,± 4.2%,Kyrsten Sinema,D,63%,False
2018,Arizona,Democratic Primary,Emerson College,"June 21–22, 2018",260,± 6.2%,Kyrsten Sinema,D,51%,False
2018,Arizona,Republican Primary,Data Orbital,"August 21–22, 2018",600,± 4.0%,Joe Arpaio,R,18%,False
2018,Arizona,Republican Primary,OH Predictive Insights,"August 14–15, 2018",578,± 4.1%,Joe Arpaio,R,13%,False
2018,Arizona,Republican Primary,OH Predictive Insights,"July 23–25, 2018",576,± 4.1%,Joe Arpaio,R,15%,False
2018,Arizona,Republican Primary,Gravis Marketing,"June 27 – July 2, 2018",501,± 4.4%,Joe Arpaio,R,24%,False
2018,Arizona,Republican Primary,Emerson College,"June 21–22, 2018",305,± 5.9%,Joe Arpaio,R,18%,False
2018,Arizona,Republican Primary,Data Orbital,"June 19–21, 2018",550,± 4.2%,Joe Arpaio,R,17%,False
2018,Arizona,Republican Primary,Marist College,"June 17–21, 2018",371,± 6.7%,Joe Arpaio,R,21%,False
2018,Arizona,Republican Primary,OH Predictive Insights,"June 11–12, 2018",600,± 4.0%,Joe Arpaio,R,14%,False
2018,Arizona,Republican Primary,Remington (R),"May 23–24, 2018","2,011",± 2.3%,Joe Arpaio,R,25%,False
2018,Arizona,Republican Primary,Magellan Strategies (R),"April 11–12 and 15, 2018",755,± 3.6%,Joe Arpaio,R,26%,False
2018,Arizona,Republican Primary,OH Predictive Insights,"April 10–11, 2018",302,± 5.6%,Joe Arpaio,R,22%,False
2018,Arizona,Republican Primary,Data Orbital,"January 11–15, 2018",500,± 4.4%,Joe Arpaio,R,22%,False
2018,Arizona,Republican Primary,OH Predictive Insights,"January 9, 2018",504,± 4.4%,Joe Arpaio,R,29%,False
2018,Arizona,Republican Primary,Data Orbital,"August 21–22, 2018",600,± 4.0%,Martha McSally,R,48%,False
2018,Arizona,Republican Primary,OH Predictive Insights,"August 14–15, 2018",578,± 4.1%,Martha McSally,R,47%,False
2018,Arizona,Republican Primary,OH Predictive Insights,"July 23–25, 2018",576,± 4.1%,Martha McSally,R,35%,False
2018,Arizona,Republican Primary,Gravis Marketing,"June 27 – July 2, 2018",501,± 4.4%,Martha McSally,R,36%,False
2018,Arizona,Republican Primary,Emerson College,"June 21–22, 2018",305,± 5.9%,Martha McSally,R,32%,False
2018,Arizona,Republican Primary,Data Orbital,"June 19–21, 2018",550,± 4.2%,Martha McSally,R,38%,False
2018,Arizona,Republican Primary,Marist College,"June 17–21, 2018",371,± 6.7%,Martha McSally,R,30%,False
2018,Arizona,Republican Primary,OH Predictive Insights,"June 11–12, 2018",600,± 4.0%,Martha McSally,R,39%,False
2018,Arizona,Republican Primary,Remington (R),"May 23–24, 2018","2,011",± 2.3%,Martha McSally,R,42%,False
2018,Arizona,Republican Primary,Magellan Strategies (R),"April 11–12 and 15, 2018",755,± 3.6%,Martha McSally,R,36%,False
2018,Arizona,Republican Primary,OH Predictive Insights,"April 10–11, 2018",302,± 5.6%,Martha McSally,R,27%,False
2018,Arizona,Republican Primary,Data Orbital,"January 11–15, 2018",500,± 4.4%,Martha McSally,R,31%,False
2018,Arizona,Republican Primary,OH Predictive Insights,"January 9, 2018",504,± 4.4%,Martha McSally,R,31%,False
2018,Arizona,Republican Primary,WPA Intelligence (R),"November 15–16, 2017",500,± 4.4%,Martha McSally,R,38%,False
2018,Arizona,Republican Primary,OH Predictive Insights,"November 9, 2017",323,± 5.5%,Martha McSally,R,34%,False
2018,Arizona,Republican Primary,Revily (R),"October 28–31, 2017",380,± 3.0%,Martha McSally,R,21%,False
2018,Arizona,Republican Primary,Data Orbital,"August 21–22, 2018",600,± 4.0%,Kelli Ward,R,22%,False
2018,Arizona,Republican Primary,OH Predictive Insights,"August 14–15, 2018",578,± 4.1%,Kelli Ward,R,27%,False
2018,Arizona,Republican Primary,OH Predictive Insights,"July 23–25, 2018",576,± 4.1%,Kelli Ward,R,27%,False
2018,Arizona,Republican Primary,Gravis Marketing,"June 27 – July 2, 2018",501,± 4.4%,Kelli Ward,R,27%,False
2018,Arizona,Republican Primary,Emerson College,"June 21–22, 2018",305,± 5.9%,Kelli Ward,R,19%,False
2018,Arizona,Republican Primary,Data Orbital,"June 19–21, 2018",550,± 4.2%,Kelli Ward,R,23%,False
2018,Arizona,Republican Primary,Marist College,"June 17–21, 2018",371,± 6.7%,Kelli Ward,R,28%,False
2018,Arizona,Republican Primary,OH Predictive Insights,"June 11–12, 2018",600,± 4.0%,Kelli Ward,R,25%,False
2018,Arizona,Republican Primary,Remington (R),"May 23–24, 2018","2,011",± 2.3%,Kelli Ward,R,23%,False
2018,Arizona,Republican Primary,Magellan Strategies (R),"April 11–12 and 15, 2018",755,± 3.6%,Kelli Ward,R,25%,False
2018,Arizona,Republican Primary,OH Predictive Insights,"April 10–11, 2018",302,± 5.6%,Kelli Ward,R,36%,False
2018,Arizona,Republican Primary,Data Orbital,"January 11–15, 2018",500,± 4.4%,Kelli Ward,R,19%,False
2018,Arizona,Republican Primary,OH Predictive Insights,"January 9, 2018",504,± 4.4%,Kelli Ward,R,25%,False
2018,Arizona,Republican Primary,WPA Intelligence (R),"November 15–16, 2017",500,± 4.4%,Kelli Ward,R,36%,False
2018,Arizona,Republican Primary,OH Predictive Insights,"November 9, 2017",323,± 5.5%,Kelli Ward,R,42%,False
2018,Arizona,Republican Primary,Revily (R),"October 28–31, 2017",380,± 3.0%,Kelli Ward,R,32%,False
2018,California,jungle,UC Berkeley,"May 22−28, 2018","2,106",± 3.5%,James P. Bradley,R,7%,False
2018,California,jungle,YouGov,"May 12–24, 2018","1,113",± 4.0%,James P. Bradley,R,6%,False
2018,California,jungle,SurveyUSA,"May 21, 2018",678,± 6.1%,James P. Bradley,R,9%,False
2018,California,jungle,USC Dornsife,"April 18 – May 18, 2018",517,± 4.0%,James P. Bradley,R,3%,False
2018,California,jungle,Gravis Marketing,"May 4–5, 2018",525,± 4.3%,James P. Bradley,R,19%,False
2018,California,jungle,UC Berkeley,"April 16–22, 2018","1,738",± 3.5%,James P. Bradley,R,10%,False
2018,California,jungle,Emerson College,"May 21–24, 2018",600,± 4.2%,Erin Cruz,R,5%,False
2018,California,jungle,YouGov,"May 12–24, 2018","1,113",± 4.0%,Erin Cruz,R,2%,False
2018,California,jungle,SurveyUSA,"May 21, 2018",678,± 6.1%,Erin Cruz,R,2%,False
2018,California,jungle,USC Dornsife,"April 18 – May 18, 2018",517,± 4.0%,Erin Cruz,R,1%,False
2018,California,jungle,Gravis Marketing,"May 4–5, 2018",525,± 4.3%,Erin Cruz,R,13%,False
2018,California,jungle,Emerson College,"May 21–24, 2018",600,± 4.2%,Pat Harris,D,6%,False
2018,California,jungle,YouGov,"May 12–24, 2018","1,113",± 4.0%,Pat Harris,D,2%,False
2018,California,jungle,SurveyUSA,"May 21, 2018",678,± 6.1%,Pat Harris,D,2%,False
2018,California,jungle,USC Dornsife,"April 18 – May 18, 2018",517,± 4.0%,Pat Harris,D,2%,False
2018,California,jungle,Emerson College,"May 21–24, 2018",600,± 4.2%,Rocky De,R,4%,False
2018,California,jungle,YouGov,"May 12–24, 2018","1,113",± 4.0%,Rocky De,R,4%,False
2018,California,jungle,SurveyUSA,"May 21, 2018",678,± 6.1%,Rocky De,R,3%,False
2018,California,jungle,USC Dornsife,"April 18 – May 18, 2018",517,± 4.0%,Rocky De,R,0%,False
2018,California,jungle,SurveyUSA,"April 19–23, 2018",520,± 5.5%,Rocky De,R,8%,False
2018,California,jungle,UC Berkeley,"May 22−28, 2018","2,106",± 3.5%,Kevin de León,D,11%,False
2018,California,jungle,Emerson College,"May 21–24, 2018",600,± 4.2%,Kevin de León,D,6%,False
2018,California,jungle,YouGov,"May 12–24, 2018","1,113",± 4.0%,Kevin de León,D,11%,False
2018,California,jungle,SurveyUSA,"May 21, 2018",678,± 6.1%,Kevin de León,D,11%,False
2018,California,jungle,Public Policy Institute of California,"May 11–20, 2018",901,± 4.1%,Kevin de León,D,17%,False
2018,California,jungle,USC Dornsife,"April 18 – May 18, 2018",517,± 4.0%,Kevin de León,D,7%,False
2018,California,jungle,Gravis Marketing,"May 4–5, 2018",525,± 4.3%,Kevin de León,D,8%,False
2018,California,jungle,SurveyUSA,"April 19–23, 2018",520,± 5.5%,Kevin de León,D,8%,False
2018,California,jungle,UC Berkeley,"April 16–22, 2018","1,738",± 3.5%,Kevin de León,D,11%,False
2018,California,jungle,Public Policy Institute of California,"March 4–13, 2018","1,706",± 3.4%,Kevin de León,D,16%,False
2018,California,jungle,Public Policy Institute of California,"January 21–30, 2018","1,705",± 3.2%,Kevin de León,D,17%,False
2018,California,jungle,UC Berkeley,"December 7–16, 2017",672,± 3.8%,Kevin de León,D,27%,False
2018,California,jungle,Public Policy Institute of California,"November 10–19, 2017","1,070",± 4.3%,Kevin de León,D,21%,False
2018,California,jungle,Sextant Strategies & Research,September 2017,"1,197",± 3.4%,Kevin de León,D,15%,False
2018,California,jungle,UC Berkeley,"May 22−28, 2018","2,106",± 3.5%,Dianne Feinstein,D,36%,True
2018,California,jungle,Emerson College,"May 21–24, 2018",600,± 4.2%,Dianne Feinstein,D,38%,True
2018,California,jungle,YouGov,"May 12–24, 2018","1,113",± 4.0%,Dianne Feinstein,D,36%,True
2018,California,jungle,SurveyUSA,"May 21, 2018",678,± 6.1%,Dianne Feinstein,D,36%,True
2018,California,jungle,Public Policy Institute of California,"May 11–20, 2018",901,± 4.1%,Dianne Feinstein,D,41%,True
2018,California,jungle,USC Dornsife,"April 18 – May 18, 2018",517,± 4.0%,Dianne Feinstein,D,31%,True
2018,California,jungle,Gravis Marketing,"May 4–5, 2018",525,± 4.3%,Dianne Feinstein,D,32%,True
2018,California,jungle,SurveyUSA,"April 19–23, 2018",520,± 5.5%,Dianne Feinstein,D,38%,True
2018,California,jungle,UC Berkeley,"April 16–22, 2018","1,738",± 3.5%,Dianne Feinstein,D,28%,True
2018,California,jungle,Public Policy Institute of California,"March 4–13, 2018","1,706",± 3.4%,Dianne Feinstein,D,42%,True
2018,California,jungle,Public Policy Institute of California,"January 21–30, 2018","1,705",± 3.2%,Dianne Feinstein,D,46%,True
2018,California,jungle,UC Berkeley,"December 7–16, 2017",672,± 3.8%,Dianne Feinstein,D,41%,True
2018,California,jungle,Public Policy Institute of California,"November 10–19, 2017","1,070",± 4.3%,Dianne Feinstein,D,45%,True
2018,California,jungle,Sextant Strategies & Research,September 2017,"1,197",± 3.4%,Dianne Feinstein,D,38%,True
2018,California,jungle,Emerson College,"May 21–24, 2018",600,± 4.2%,Alison Hartson,D,4%,False
2018,California,jungle,YouGov,"May 12–24, 2018","1,113",± 4.0%,Alison Hartson,D,1%,False
2018,California,jungle,SurveyUSA,"May 21, 2018",678,± 6.1%,Alison Hartson,D,1%,False
2018,California,jungle,USC Dornsife,"April 18 – May 18, 2018",517,± 4.0%,Alison Hartson,D,1%,False
2018,California,jungle,Gravis Marketing,"May 4–5, 2018",525,± 4.3%,Alison Hartson,D,6%,False
2018,California,jungle,SurveyUSA,"April 19–23, 2018",520,± 5.5%,Alison Hartson,D,4%,False
2018,California,jungle,YouGov,"May 12–24, 2018","1,113",± 4.0%,Patrick Little,R,1%,False
2018,California,jungle,SurveyUSA,"May 21, 2018",678,± 6.1%,Patrick Little,R,0%,False
2018,California,jungle,USC Dornsife,"April 18 – May 18, 2018",517,± 4.0%,Patrick Little,R,2%,False
2018,California,jungle,SurveyUSA,"April 19–23, 2018",520,± 5.5%,Patrick Little,R,18%,False
2018,Delaware,Democratic Primary,Gravis Marketing,"July 24–29, 2018",354,± 5.2%,Tom Carper,D,51%,True
2018,Delaware,Democratic Primary,Gravis Marketing,"July 24–29, 2018",354,± 5.2%,Harris,D,19%,False
2018,Delaware,Republican Primary,Gravis Marketing,"July 24–29, 2018",288,± 5.8%,Rob Arlett,R,19%,False
2018,Delaware,Republican Primary,Gravis Marketing,"July 24–29, 2018",288,± 5.8%,Rocky,R,7%,False
2018,Delaware,Republican Primary,Gravis Marketing,"July 24–29, 2018",288,± 5.8%,Gene Truono,R,15%,False
2018,Florida,Republican Primary,Gravis Marketing,"August 21–25, 2018",579,± 4.1%,Rocky,R,12%,False
2018,Florida,Republican Primary,Gravis Marketing,"August 21–22, 2018",321,± 5.5%,Rocky,R,12%,False
2018,Florida,Republican Primary,Gravis Marketing,"July 13–14, 2018",905,± 3.3%,Rocky,R,16%,False
2018,Florida,Republican Primary,Gravis Marketing,"August 21–25, 2018",579,± 4.1%,Rick Scott,R,73%,False
2018,Florida,Republican Primary,Gravis Marketing,"August 21–22, 2018",321,± 5.5%,Rick Scott,R,73%,False
2018,Florida,Republican Primary,Gravis Marketing,"July 13–14, 2018",905,± 3.3%,Rick Scott,R,74%,False
2018,Indiana,Republican Primary,Strategic National (R),"May 5–6, 2018",300,± 5.7%,Luke Messer,R,29%,False
2018,Indiana,Republican Primary,Gravis Marketing,"April 6–11, 2018",280,± 5.9%,Luke Messer,R,13%,False
2018,Indiana,Republican Primary,GS Strategy Group (R-Rokita),"January 6–9, 2018",500,± 4.4%,Luke Messer,R,9%,False
2018,Indiana,Republican Primary,OnMedia (R-Messer),"July 10–12, 2017",400,± 4.8%,Luke Messer,R,23%,False
2018,Indiana,Republican Primary,Strategic National (R),"May 5–6, 2018",300,± 5.7%,Todd Rokita,R,28%,False
2018,Indiana,Republican Primary,Gravis Marketing,"April 6–11, 2018",280,± 5.9%,Todd Rokita,R,16%,False
2018,Indiana,Republican Primary,GS Strategy Group (R-Rokita),"January 6–9, 2018",500,± 4.4%,Todd Rokita,R,24%,False
2018,Indiana,Republican Primary,OnMedia (R-Messer),"July 10–12, 2017",400,± 4.8%,Todd Rokita,R,23%,False
2018,Indiana,Republican Primary,Strategic National (R),"May 5–6, 2018",300,± 5.7%,Mike Braun,R,44%,False
2018,Indiana,Republican Primary,Gravis Marketing,"April 6–11, 2018",280,± 5.9%,Mike Braun,R,26%,False
2018,Indiana,Republican Primary,GS Strategy Group (R-Rokita),"January 6–9, 2018",500,± 4.4%,Mike Braun,R,9%,False
2018,Indiana,Republican Primary,OnMedia (R-Messer),"July 10–12, 2017",400,± 4.8%,Mike Braun,R,2%,False
2018,Maryland,Democratic Primary,Goucher College,"February 12–18, 2018",409,± 4.8%,Ben Cardin,D,61%,True
2018,Maryland,Democratic Primary,Goucher College,"February 12–18, 2018",409,± 4.8%,Chelsea Manning,D,17%,False
2018,Massachusetts,Republican Primary,MassINC,"June 22–25, 2018",399,± 4.9%,Geoff Diehl,R,26%,False
2018,Massachusetts,Republican Primary,MassINC,"June 22–25, 2018",399,± 4.9%,John Kingston,R,12%,False
2018,Massachusetts,Republican Primary,MassINC,"June 22–25, 2018",399,± 4.9%,Beth Lindstrom,R,15%,False
2018,Michigan,Republican Primary,Mitchell Research,"July 30, 2018",413,± 5.0%,John James,R,44%,False
2018,Michigan,Republican Primary,EPIC-MRA,"July 21–22, 2018","1,045",± 3.1%,John James,R,39%,False
2018,Michigan,Republican Primary,Emerson College,"July 19–21, 2018",202,± 7.3%,John James,R,28%,False
2018,Michigan,Republican Primary,Marist College,"July 15–19, 2018",337,± 6.3%,John James,R,30%,False
2018,Michigan,Republican Primary,National Research Inc. (R-Outsider PAC),"July 11–14, 2018",600,± 4.0%,John James,R,21%,False
2018,Michigan,Republican Primary,Target-Insyght,"June 24–26, 2018",400,± 5.0%,John James,R,29%,False
2018,Michigan,Republican Primary,Strategic National (R),"June 16–21, 2018","1,000",± 3.1%,John James,R,18%,False
2018,Michigan,Republican Primary,Strategic National (R),"June 9–10, 2018",400,± 4.9%,John James,R,16%,False
2018,Michigan,Republican Primary,Marketing Resource Group (R-Pensler),"May 28–29, 2018",627,± 3.8%,John James,R,26%,False
2018,Michigan,Republican Primary,Strategic National (R),"April 21, 2018",350,± 5.2%,John James,R,13%,False
2018,Michigan,Republican Primary,Strategic National (R),"April 4–5, 2018",600,± 4.0%,John James,R,12%,False
2018,Michigan,Republican Primary,Denno Research,"April 2–3, 2018",500,± 4.0%,John James,R,12%,False
2018,Michigan,Republican Primary,Strategic National (R),"March 19–20, 2018",400,± 4.9%,John James,R,17%,False
2018,Michigan,Republican Primary,Mitchell Research,"July 30, 2018",413,± 5.0%,Sandy Pensler,R,30%,False
2018,Michigan,Republican Primary,EPIC-MRA,"July 21–22, 2018","1,045",± 3.1%,Sandy Pensler,R,38%,False
2018,Michigan,Republican Primary,Emerson College,"July 19–21, 2018",202,± 7.3%,Sandy Pensler,R,28%,False
2018,Michigan,Republican Primary,Marist College,"July 15–19, 2018",337,± 6.3%,Sandy Pensler,R,23%,False
2018,Michigan,Republican Primary,National Research Inc. (R-Outsider PAC),"July 11–14, 2018",600,± 4.0%,Sandy Pensler,R,28%,False
2018,Michigan,Republican Primary,Target-Insyght,"June 24–26, 2018",400,± 5.0%,Sandy Pensler,R,32%,False
2018,Michigan,Republican Primary,Strategic National (R),"June 16–21, 2018","1,000",± 3.1%,Sandy Pensler,R,33%,False
2018,Michigan,Republican Primary,Strategic National (R),"June 9–10, 2018",400,± 4.9%,Sandy Pensler,R,29%,False
2018,Michigan,Republican Primary,Marketing Resource Group (R-Pensler),"May 28–29, 2018",627,± 3.8%,Sandy Pensler,R,36%,False
2018,Michigan,Republican Primary,Strategic National (R),"April 21, 2018",350,± 5.2%,Sandy Pensler,R,26%,False
2018,Michigan,Republican Primary,Strategic National (R),"April 4–5, 2018",600,± 4.0%,Sandy Pensler,R,20%,False
2018,Michigan,Republican Primary,Denno Research,"April 2–3, 2018",500,± 4.0%,Sandy Pensler,R,16%,False
2018,Michigan,Republican Primary,Strategic National (R),"March 19–20, 2018",400,± 4.9%,Sandy Pensler,R,21%,False
2018,Minnesota (special),single_party,Change Research,"November 2–4, 2018",953,,Tina Smith (DFL),R,51%,False
2018,Minnesota (special),single_party,Research Co.,"November 1–3, 2018",450,± 4.6%,Tina Smith (DFL),R,49%,False
2018,Minnesota (special),single_party,SurveyUSA,"October 29–31, 2018",600,± 5.3%,Tina Smith (DFL),R,48%,False
2018,Minnesota (special),single_party,St. Cloud State University,"October 15–30, 2018",420,,Tina Smith (DFL),R,44%,False
2018,Minnesota (special),single_party,Mason-Dixon,"October 15–17, 2018",800,± 3.5%,Tina Smith (DFL),R,47%,False
2018,Minnesota (special),single_party,Change Research,"October 12–13, 2018","1,413",,Tina Smith (DFL),R,46%,False
2018,Minnesota (special),single_party,Marist College,"September 30 – October 4, 2018",637 LV,± 4.9%,Tina Smith (DFL),R,54%,False
2018,Minnesota (special),single_party,Mason-Dixon,"September 10–12, 2018",800,± 3.5%,Tina Smith (DFL),R,44%,False
2018,Minnesota (special),single_party,SurveyUSA,"September 6–8, 2018",574,± 4.9%,Tina Smith (DFL),R,48%,False
2018,Minnesota (special),single_party,Suffolk University,"August 17–20, 2018",500,± 4.4%,Tina Smith (DFL),R,44%,False
2018,Minnesota (special),single_party,Emerson College,"August 8–11, 2018",500,± 4.6%,Tina Smith (DFL),R,32%,False
2018,Minnesota (special),single_party,Marist College,"July 15–19, 2018",876,± 4.0%,Tina Smith (DFL),R,49%,False
2018,Minnesota (special),single_party,BK Strategies (R),"June 24–25, 2018","1,574",± 2.5%,Tina Smith (DFL),R,48%,False
2018,Minnesota (special),single_party,Change Research,"November 2–4, 2018",953,,Karin Housley,R,42%,False
2018,Minnesota (special),single_party,Research Co.,"November 1–3, 2018",450,± 4.6%,Karin Housley,R,39%,False
2018,Minnesota (special),single_party,SurveyUSA,"October 29–31, 2018",600,± 5.3%,Karin Housley,R,40%,False
2018,Minnesota (special),single_party,St. Cloud State University,"October 15–30, 2018",420,,Karin Housley,R,29%,False
2018,Minnesota (special),single_party,Mason-Dixon,"October 15–17, 2018",800,± 3.5%,Karin Housley,R,41%,False
2018,Minnesota (special),single_party,Change Research,"October 12–13, 2018","1,413",,Karin Housley,R,43%,False
2018,Minnesota (special),single_party,Marist College,"September 30 – October 4, 2018",637 LV,± 4.9%,Karin Housley,R,38%,False
2018,Minnesota (special),single_party,Mason-Dixon,"September 10–12, 2018",800,± 3.5%,Karin Housley,R,37%,False
2018,Minnesota (special),single_party,SurveyUSA,"September 6–8, 2018",574,± 4.9%,Karin Housley,R,39%,False
2018,Minnesota (special),single_party,Suffolk University,"August 17–20, 2018",500,± 4.4%,Karin Housley,R,37%,False
2018,Minnesota (special),single_party,Emerson College,"August 8–11, 2018",500,± 4.6%,Karin Housley,R,28%,False
2018,Minnesota (special),single_party,Marist College,"July 15–19, 2018",876,± 4.0%,Karin Housley,R,35%,False
2018,Minnesota (special),single_party,BK Strategies (R),"June 24–25, 2018","1,574",± 2.5%,Karin Housley,R,39%,False
2018,Minnesota (special),single_party,Change Research,"November 2–4, 2018",953,,Sarah,R,3%,False
2018,Minnesota (special),single_party,Mason-Dixon,"October 15–17, 2018",800,± 3.5%,Sarah,R,1%,False
2018,Minnesota (special),single_party,Change Research,"October 12–13, 2018","1,413",,Sarah,R,5%,False
2018,Minnesota (special),single_party,Mason-Dixon,"September 10–12, 2018",800,± 3.5%,Sarah,R,2%,False
2018,Minnesota (special),single_party,Suffolk University,"August 17–20, 2018",500,± 4.4%,Sarah,R,2%,False
2018,Mississippi,Democratic Primary,Triumph Campaigns,"April 10–11, 2018",446,7%,David Baria,D,4%,False
2018,Mississippi,Democratic Primary,Triumph Campaigns,"April 10–11, 2018",446,7%,Jensen Bohren,D,9%,False
2018,Mississippi,Democratic Primary,Triumph Campaigns,"April 10–11, 2018",446,7%,Omeria Scott,D,2%,False
2018,Mississippi,Democratic Primary,Triumph Campaigns,"April 10–11, 2018",446,7%,Howard Sherman,D,79%,False
2018,Missouri,Republican Primary,Emerson College,"April 26–29, 2018",283,± 6.0%,Josh Hawley,R,37%,False
2018,Missouri,Republican Primary,Emerson College,"April 26–29, 2018",283,± 6.0%,Austin Petersen,R,8%,False
2018,Missouri,Republican Primary,Emerson College,"April 26–29, 2018",283,± 6.0%,Courtland Sykes,R,6%,False
2018,Montana,Republican Primary,WPA Intelligence (R-Club for Growth),"April 15–16, 2018",503,± 4.4%,Troy Downing,R,12%,False
2018,Montana,Republican Primary,WPA Intelligence (R-Rosendale),"February 5–7, 2018",401,± 4.4%,Troy Downing,R,12%,False
2018,Montana,Republican Primary,WPA Intelligence (R-Club for Growth),"April 15–16, 2018",503,± 4.4%,Russell Fagg,R,17%,False
2018,Montana,Republican Primary,WPA Intelligence (R-Rosendale),"February 5–7, 2018",401,± 4.4%,Russell Fagg,R,11%,False
2018,Montana,Republican Primary,WPA Intelligence (R-Club for Growth),"April 15–16, 2018",503,± 4.4%,Al Olszewski,R,8%,False
2018,Montana,Republican Primary,WPA Intelligence (R-Rosendale),"February 5–7, 2018",401,± 4.4%,Al Olszewski,R,5%,False
2018,Montana,Republican Primary,WPA Intelligence (R-Club for Growth),"April 15–16, 2018",503,± 4.4%,Matt Rosendale,R,40%,False
2018,Montana,Republican Primary,WPA Intelligence (R-Rosendale),"February 5–7, 2018",401,± 4.4%,Matt Rosendale,R,28%,False
2018,Nebraska,Democratic Primary,DFM Research,"October 23–27, 2018",683,± 3.8%,Deb Fischer,R,54%,True
2018,Nebraska,Democratic Primary,Grassroots Targeting (R),Late June 2018,"1,000",± 3.1%,Deb Fischer,R,63%,True
2018,Nebraska,Democratic Primary,Meeting Street Research (R-Fischer),"January 24–28, 2018",500,,Deb Fischer,R,51%,True
2018,Nebraska,Democratic Primary,Public Policy Polling (D-Raybould),"November 10–12, 2017","1,190",± 2.8%,Deb Fischer,R,42%,True
2018,Nebraska,Democratic Primary,DFM Research,"October 23–27, 2018",683,± 3.8%,Jane Raybould,D,39%,False
2018,Nebraska,Democratic Primary,Grassroots Targeting (R),Late June 2018,"1,000",± 3.1%,Jane Raybould,D,28%,False
2018,Nebraska,Democratic Primary,Meeting Street Research (R-Fischer),"January 24–28, 2018",500,,Jane Raybould,D,34%,False
2018,Nebraska,Democratic Primary,Public Policy Polling (D-Raybould),"November 10–12, 2017","1,190",± 2.8%,Jane Raybould,D,31%,False
2018,Nevada,Republican Primary,JMC Analytics,"October 24–26, 2017",500,± 4.4%,Dean Heller,R,38%,True
2018,Nevada,Republican Primary,JMC Analytics,"August 24–25, 2017",700,± 3.7%,Dean Heller,R,31%,True
2018,Nevada,Republican Primary,The Tarrance Group (R-Heller),"August 14–16, 2017",300,± 5.8%,Dean Heller,R,55%,True
2018,Nevada,Republican Primary,JMC Analytics,"October 24–26, 2017",500,± 4.4%,Danny Tarkanian,R,44%,False
2018,Nevada,Republican Primary,JMC Analytics,"August 24–25, 2017",700,± 3.7%,Danny Tarkanian,R,39%,False
2018,Nevada,Republican Primary,The Tarrance Group (R-Heller),"August 14–16, 2017",300,± 5.8%,Danny Tarkanian,R,33%,False
2018,North Dakota,single_party,1892 Polling (R-Campbell),"October 11–12, 2017",400,± 4.0%,Rick Becker,R,3%,False
2018,North Dakota,single_party,1892 Polling (R-Campbell),"May 30 – June 1, 2017",400,± 4.0%,Rick Becker,R,9%,False
2018,North Dakota,single_party,1892 Polling (R-Campbell),"October 11–12, 2017",400,± 4.0%,Rick Berg,R,24%,False
2018,North Dakota,single_party,1892 Polling (R-Campbell),"May 30 – June 1, 2017",400,± 4.0%,Rick Berg,R,39%,False
2018,North Dakota,single_party,1892 Polling (R-Campbell),"October 11–12, 2017",400,± 4.0%,Tom Campbell,R,32%,False
2018,North Dakota,single_party,1892 Polling (R-Campbell),"May 30 – June 1, 2017",400,± 4.0%,Tom Campbell,R,7%,False
2018,North Dakota,single_party,1892 Polling (R-Campbell),"October 11–12, 2017",400,± 4.0%,Tammy Miller,R,1%,False
2018,North Dakota,single_party,1892 Polling (R-Campbell),"October 11–12, 2017",400,± 4.0%,Kathy Neset,R,4%,False
2018,North Dakota,single_party,1892 Polling (R-Campbell),"October 11–12, 2017",400,± 4.0%,Kelly Schmidt,R,1%,False
2018,Ohio,Republican Primary,Baldwin Wallace University,"April 24 – May 2, 2018",323,,Melissa Ackison,R,4%,False
2018,Ohio,Republican Primary,Fallon Research,"April 4–7, 2018",502,± 4.4%,Melissa Ackison,R,3%,False
2018,Ohio,Republican Primary,OnMessage (R-Renacci),"March 20, 2018",–,,Melissa Ackison,R,3%,False
2018,Ohio,Republican Primary,SurveyUSA,"March 16–20, 2018",541,± 5.7%,Melissa Ackison,R,5%,False
2018,Ohio,Republican Primary,Baldwin Wallace University,"April 24 – May 2, 2018",323,,Don Eckhart,R,1%,False
2018,Ohio,Republican Primary,Fallon Research,"April 4–7, 2018",502,± 4.4%,Don Eckhart,R,2%,False
2018,Ohio,Republican Primary,OnMessage (R-Renacci),"March 20, 2018",–,,Don Eckhart,R,3%,False
2018,Ohio,Republican Primary,SurveyUSA,"March 16–20, 2018",541,± 5.7%,Don Eckhart,R,5%,False
2018,Ohio,Republican Primary,Baldwin Wallace University,"April 24 – May 2, 2018",323,,Mike Gibbons,R,11%,False
2018,Ohio,Republican Primary,Fallon Research,"April 4–7, 2018",502,± 4.4%,Mike Gibbons,R,7%,False
2018,Ohio,Republican Primary,OnMessage (R-Renacci),"March 20, 2018",–,,Mike Gibbons,R,8%,False
2018,Ohio,Republican Primary,SurveyUSA,"March 16–20, 2018",541,± 5.7%,Mike Gibbons,R,10%,False
2018,Ohio,Republican Primary,Baldwin Wallace University,"April 24 – May 2, 2018",323,,Dan Kiley,R,4%,False
2018,Ohio,Republican Primary,Fallon Research,"April 4–7, 2018",502,± 4.4%,Dan Kiley,R,1%,False
2018,Ohio,Republican Primary,OnMessage (R-Renacci),"March 20, 2018",–,,Dan Kiley,R,3%,False
2018,Ohio,Republican Primary,SurveyUSA,"March 16–20, 2018",541,± 5.7%,Dan Kiley,R,1%,False
2018,Ohio,Republican Primary,Baldwin Wallace University,"April 24 – May 2, 2018",323,,Jim Renacci,R,25%,False
2018,Ohio,Republican Primary,Fallon Research,"April 4–7, 2018",502,± 4.4%,Jim Renacci,R,21%,False
2018,Ohio,Republican Primary,OnMessage (R-Renacci),"March 20, 2018",–,,Jim Renacci,R,36%,False
2018,Ohio,Republican Primary,SurveyUSA,"March 16–20, 2018",541,± 5.7%,Jim Renacci,R,21%,False
2018,Pennsylvania,Republican Primary,Susquehanna Polling & Research (R-Christiana),April 2018,>400,,Lou Barletta,R,32%,False
2018,Pennsylvania,Republican Primary,Bellwether Research (R-Addis),"September 20–24, 2017",600,± 4.0%,Lou Barletta,R,22%,False
2018,Pennsylvania,Republican Primary,Susquehanna Polling & Research (R-Christiana),April 2018,>400,,Jim Christiana,R,11%,False
2018,Rhode Island,Democratic Primary,ALG Research (D-Whitehouse),"May 7–14, 2018",329,± 5.5%,Sheldon Whitehouse,D,72%,True
2018,Rhode Island,Democratic Primary,ALG Research (D-Whitehouse),"May 7–14, 2018",329,± 5.5%,Lincoln Chafee,D,14%,False
2018,Tennessee,Republican Primary,WPA Intelligence (R-Club for Growth),"January 14–15, 2018",502,± 4.4%,Marsha Blackburn,R,66%,False
2018,Tennessee,Republican Primary,Triton Polling & Research (R),"December 12–18, 2017","1,028",± 3.1%,Marsha Blackburn,R,58%,False
2018,Tennessee,Republican Primary,WPA Intelligence (R-Club for Growth),"January 14–15, 2018",502,± 4.4%,Stephen Fincher,R,13%,False
2018,Tennessee,Republican Primary,Triton Polling & Research (R),"December 12–18, 2017","1,028",± 3.1%,Stephen Fincher,R,11%,False
2018,Tennessee,Republican Primary,Triton Polling & Research (R),"December 12–18, 2017","1,028",± 3.1%,Rolando Toyos,R,4%,False
2018,Texas,Democratic Primary,Dixie Strategies,"February 22–23, 2018",,± 5.7%,Sema Hernandez,D,6%,False
2018,Texas,Democratic Primary,University of Texas,"February 1–12, 2018",453,± 7.4%,Sema Hernandez,D,19%,False
2018,Texas,Democratic Primary,Dixie Strategies,"February 22–23, 2018",,± 5.7%,Edward Kimbrough,D,4%,False
2018,Texas,Democratic Primary,University of Texas,"February 1–12, 2018",453,± 7.4%,Edward Kimbrough,D,8%,False
2018,Texas,Democratic Primary,Dixie Strategies,"February 22–23, 2018",,± 5.7%,Beto O'Rourke,D,38%,False
2018,Texas,Democratic Primary,University of Texas,"February 1–12, 2018",453,± 7.4%,Beto O'Rourke,D,73%,False
2018,Texas,Republican Primary,Dixie Strategies,"February 22–23, 2018",,± 4.7%,Ted Cruz,R,73%,True
2018,Texas,Republican Primary,University of Texas,"February 1–12, 2018",612,± 5.3%,Ted Cruz,R,91%,True
2018,Texas,Republican Primary,Dixie Strategies,"February 22–23, 2018",,± 4.7%,Stefano de Stefano,R,1%,False
2018,Texas,Republican Primary,University of Texas,"February 1–12, 2018",612,± 5.3%,Stefano de Stefano,R,1%,False
2018,Texas,Republican Primary,Dixie Strategies,"February 22–23, 2018",,± 4.7%,Bruce Jacobson,R,2%,False
2018,Texas,Republican Primary,University of Texas,"February 1–12, 2018",612,± 5.3%,Bruce Jacobson,R,3%,False
2018,Texas,Republican Primary,Dixie Strategies,"February 22–23, 2018",,± 4.7%,Mary Miller,R,2%,False
2018,Texas,Republican Primary,University of Texas,"February 1–12, 2018",612,± 5.3%,Mary Miller,R,3%,False
2018,Texas,Republican Primary,Dixie Strategies,"February 22–23, 2018",,± 4.7%,Geraldine Sam,R,1%,False
2018,Texas,Republican Primary,University of Texas,"February 1–12, 2018",612,± 5.3%,Geraldine Sam,R,2%,False
2018,Virginia,Republican Primary,Atlantic Media & Research (R-Stewart),"May 14–18, 2018",355,± 5.2%,Nick Freitas,R,9%,False
2018,Virginia,Republican Primary,Christopher Newport University,"February 5–28, 2018",422,± 2.5%,Nick Freitas,R,6%,False
2018,Virginia,Republican Primary,Atlantic Media & Research (R-Stewart),"May 14–18, 2018",355,± 5.2%,E. W. Jackson,R,5%,False
2018,Virginia,Republican Primary,Christopher Newport University,"February 5–28, 2018",422,± 2.5%,E. W. Jackson,R,7%,False
2018,Virginia,Republican Primary,Atlantic Media & Research (R-Stewart),"May 14–18, 2018",355,± 5.2%,Corey Stewart,R,32%,False
2018,Virginia,Republican Primary,Christopher Newport University,"February 5–28, 2018",422,± 2.5%,Corey Stewart,R,16%,False
2018,West Virginia,Democratic Primary,SurveyMonkey (D-Swearengin),September 2017,46%,,Joe Manchin,D,8%,True
2018,West Virginia,Democratic Primary,SurveyMonkey (D-Swearengin),September 2017,46%,,Paula Jean Swearengin,D,38%,False
2018,West Virginia,Republican Primary,Public Opinion Strategies (R-Morrisey),"April 22–23, 2018",500,± 4.4%,Don Blankenship,R,15%,False
2018,West Virginia,Republican Primary,Fox News,"April 18–22, 2018",985,± 3.0%,Don Blankenship,R,16%,False
2018,West Virginia,Republican Primary,National Research Inc. (R-GOPAC),"April 17–19, 2018",411,± 4.9%,Don Blankenship,R,12%,False
2018,West Virginia,Republican Primary,Osage Research (R-Morrisey),"March 13, 2018",500,± 4.4%,Don Blankenship,R,23%,False
2018,West Virginia,Republican Primary,Harper Polling (R-Jenkins),"March 5–6, 2018",400,,Don Blankenship,R,27%,False
2018,West Virginia,Republican Primary,Harper Polling (R-Jenkins),"February 5–6, 2018",500,± 4.4%,Don Blankenship,R,18%,False
2018,West Virginia,Republican Primary,Public Opinion Strategies (R-Morrisey),"April 22–23, 2018",500,± 4.4%,Evan Jenkins,R,26%,False
2018,West Virginia,Republican Primary,Fox News,"April 18–22, 2018",985,± 3.0%,Evan Jenkins,R,25%,False
2018,West Virginia,Republican Primary,National Research Inc. (R-GOPAC),"April 17–19, 2018",411,± 4.9%,Evan Jenkins,R,20%,False
2018,West Virginia,Republican Primary,Osage Research (R-Morrisey),"March 13, 2018",500,± 4.4%,Evan Jenkins,R,17%,False
2018,West Virginia,Republican Primary,Harper Polling (R-Jenkins),"March 5–6, 2018",400,,Evan Jenkins,R,29%,False
2018,West Virginia,Republican Primary,Harper Polling (R-Jenkins),"February 5–6, 2018",500,± 4.4%,Evan Jenkins,R,33%,False
2018,West Virginia,Republican Primary,"Fabrizio, Lee and Associates (R-35th PAC)","October 19–22, 2017",400,± 4.9%,Evan Jenkins,R,34%,False
2018,West Virginia,Republican Primary,Public Opinion Strategies (R-Morrisey),"April 22–23, 2018",500,± 4.4%,Patrick Morrisey,R,28%,False
2018,West Virginia,Republican Primary,Fox News,"April 18–22, 2018",985,± 3.0%,Patrick Morrisey,R,21%,False
2018,West Virginia,Republican Primary,National Research Inc. (R-GOPAC),"April 17–19, 2018",411,± 4.9%,Patrick Morrisey,R,24%,False
2018,West Virginia,Republican Primary,Osage Research (R-Morrisey),"March 13, 2018",500,± 4.4%,Patrick Morrisey,R,24%,False
2018,West Virginia,Republican Primary,Harper Polling (R-Jenkins),"March 5–6, 2018",400,,Patrick Morrisey,R,19%,False
2018,West Virginia,Republican Primary,Harper Polling (R-Jenkins),"February 5–6, 2018",500,± 4.4%,Patrick Morrisey,R,25%,False
2018,West Virginia,Republican Primary,"Fabrizio, Lee and Associates (R-35th PAC)","October 19–22, 2017",400,± 4.9%,Patrick Morrisey,R,40%,False
2018,Wisconsin,Republican Primary,Emerson College,"July 26–28, 2018",238,± 6.5%,Kevin Nicholson,R,35%,False
2018,Wisconsin,Republican Primary,Marist College,"July 15–19, 2018",355,± 6.1%,Kevin Nicholson,R,38%,False
2018,Wisconsin,Republican Primary,Hodas & Associates (R),"July 12–16, 2018",600,± 3.0%,Kevin Nicholson,R,33%,False
2018,Wisconsin,Republican Primary,Marquette University,"July 11–15, 2018",266,± 7.0%,Kevin Nicholson,R,32%,False
2018,Wisconsin,Republican Primary,Marquette University,"June 13–17, 2018",274,± 6.9%,Kevin Nicholson,R,37%,False
2018,Wisconsin,Republican Primary,Hodas & Associates (R),"June 7–12, 2018",600,± 3.0%,Kevin Nicholson,R,28%,False
2018,Wisconsin,Republican Primary,The Tarrance Group (R),"May 31 – June 4, 2018",800,± 3.5%,Kevin Nicholson,R,29%,False
2018,Wisconsin,Republican Primary,American Viewpoint (R),"May 29–31, 2018",500,± 4.4%,Kevin Nicholson,R,32%,False
2018,Wisconsin,Republican Primary,Hodas & Associates (R),"April 30 – May 3, 2018",240,± 6.0%,Kevin Nicholson,R,46%,False
2018,Wisconsin,Republican Primary,WPA Intelligence (R),"April 2–4, 2018","1,028",± 3.1%,Kevin Nicholson,R,45%,False
2018,Wisconsin,Republican Primary,Marquette University,"February 25 – March 1, 2018",243,± 8.2%,Kevin Nicholson,R,28%,False
2018,Wisconsin,Republican Primary,WPA Intelligence (R),"January 22–23, 2018",350,± 5.2%,Kevin Nicholson,R,48%,False
2018,Wisconsin,Republican Primary,WPA Intelligence (R),"January 2–3, 2018",350,± 5.2%,Kevin Nicholson,R,27%,False
2018,Wisconsin,Republican Primary,WPA Intelligence (R),"December 6–7, 2017","1,004",± 3.1%,Kevin Nicholson,R,30%,False
2018,Wisconsin,Republican Primary,Emerson College,"July 26–28, 2018",238,± 6.5%,Leah Vukmir,R,35%,False
2018,Wisconsin,Republican Primary,Marist College,"July 15–19, 2018",355,± 6.1%,Leah Vukmir,R,28%,False
2018,Wisconsin,Republican Primary,Hodas & Associates (R),"July 12–16, 2018",600,± 3.0%,Leah Vukmir,R,20%,False
2018,Wisconsin,Republican Primary,Marquette University,"July 11–15, 2018",266,± 7.0%,Leah Vukmir,R,34%,False
2018,Wisconsin,Republican Primary,Marquette University,"June 13–17, 2018",274,± 6.9%,Leah Vukmir,R,32%,False
2018,Wisconsin,Republican Primary,Hodas & Associates (R),"June 7–12, 2018",600,± 3.0%,Leah Vukmir,R,14%,False
2018,Wisconsin,Republican Primary,The Tarrance Group (R),"May 31 – June 4, 2018",800,± 3.5%,Leah Vukmir,R,36%,False
2018,Wisconsin,Republican Primary,American Viewpoint (R),"May 29–31, 2018",500,± 4.4%,Leah Vukmir,R,30%,False
2018,Wisconsin,Republican Primary,Hodas & Associates (R),"April 30 – May 3, 2018",240,± 6.0%,Leah Vukmir,R,15%,False
2018,Wisconsin,Republican Primary,WPA Intelligence (R),"April 2–4, 2018","1,028",± 3.1%,Leah Vukmir,R,27%,False
2018,Wisconsin,Republican Primary,Marquette University,"February 25 – March 1, 2018",243,± 8.2%,Leah Vukmir,R,19%,False
2018,Wisconsin,Republican Primary,WPA Intelligence (R),"January 22–23, 2018",350,± 5.2%,Leah Vukmir,R,9%,False
2018,Wisconsin,Republican Primary,WPA Intelligence (R),"January 2–3, 2018",350,± 5.2%,Leah Vukmir,R,10%,False
2018,Wisconsin,Republican Primary,WPA Intelligence (R),"December 6–7, 2017","1,004",± 3.1%,Leah Vukmir,R,23%,False
2020,Alabama,Republican Primary,WPA Intelligence,"February 18–19, 2020",607 (LV),± 4%,Stanley Adair,R,<1%,False
2020,Alabama,Republican Primary,WPA Intelligence,"February 10–12, 2020",600 (LV),± 4%,Stanley Adair,R,<1%,False
2020,Alabama,Republican Primary,Cherry Communications,"December 1–3, 2019",600 (LV),± 4.0%,Stanley Adair,R,1%,False
2020,Alabama,Republican Primary,Cygnal,"October 10–12, 2019",536 (LV),,Stanley Adair,R,1%,False
2020,Alabama,Republican Primary,Tommy for Senate,"Released on October 5, 2019",,,Stanley Adair,R,1%,False
2020,Alabama,Republican Primary,Mason-Dixon,"April 9–11, 2019",400 (RV),± 5.0%,Mo Brooks,R,18%,False
2020,Alabama,Republican Primary,Victory Phones,Released in February 2019,400 (LV),± 5.0%,Mo Brooks,R,30%,False
2020,Alabama,Republican Primary,WPA Intelligence,"February 18–19, 2020",607 (LV),± 4%,Bradley Byrne,R,17%,False
2020,Alabama,Republican Primary,WPA Intelligence,"February 10–12, 2020",600 (LV),± 4%,Bradley Byrne,R,17%,False
2020,Alabama,Republican Primary,Harper Polling,"February 8–9, 2020",609 (LV),± 3.97%,Bradley Byrne,R,26%,False
2020,Alabama,Republican Primary,Mason-Dixon,"February 4–6, 2020",400 (LV),± 5.0%,Bradley Byrne,R,17%,False
2020,Alabama,Republican Primary,OnMessage,"January 13–15, 2020",700 (LV),± 2.5%,Bradley Byrne,R,22%,False
2020,Alabama,Republican Primary,OnMessage,"December 3–5, 2019",700 (LV),± 3.7%,Bradley Byrne,R,14%,False
2020,Alabama,Republican Primary,Cherry Communications,"December 1–3, 2019",600 (LV),± 4.0%,Bradley Byrne,R,12%,False
2020,Alabama,Republican Primary,WPA Intelligence,"October 29–31, 2019",511 (V),± 4.4%,Bradley Byrne,R,11%,False
2020,Alabama,Republican Primary,Cygnal,"October 10–12, 2019",536 (LV),,Bradley Byrne,R,18%,False
2020,Alabama,Republican Primary,Tommy for Senate,"Released on October 5, 2019",,,Bradley Byrne,R,13%,False
2020,Alabama,Republican Primary,Moore Information,"August 11–13, 2019",400 (LV),± 5.0%,Bradley Byrne,R,17%,False
2020,Alabama,Republican Primary,Cygnal,"June 22–23, 2019",612 (LV),4.0%,Bradley Byrne,R,21%,False
2020,Alabama,Republican Primary,Moore Information,"June 10–11, 2019",650 (LV),± 4.0%,Bradley Byrne,R,16%,False
2020,Alabama,Republican Primary,Mason-Dixon,"April 9–11, 2019",400 (RV),± 5.0%,Bradley Byrne,R,13%,False
2020,Alabama,Republican Primary,Victory Phones,Released in February 2019,400 (LV),± 5.0%,Bradley Byrne,R,17%,False
2020,Alabama,Republican Primary,Mason-Dixon,"April 9–11, 2019",400 (RV),± 5.0%,Del Marsh,R,4%,False
2020,Alabama,Republican Primary,Victory Phones,Released in February 2019,400 (LV),± 5.0%,Del Marsh,R,7%,False
2020,Alabama,Republican Primary,WPA Intelligence,"October 29–31, 2019",511 (V),± 4.4%,John Merrill,R,6%,False
2020,Alabama,Republican Primary,Cygnal,"October 10–12, 2019",536 (LV),,John Merrill,R,9%,False
2020,Alabama,Republican Primary,Tommy for Senate,"Released on October 5, 2019",,,John Merrill,R,9%,False
2020,Alabama,Republican Primary,Moore Information,"August 11–13, 2019",400 (LV),± 5.0%,John Merrill,R,13%,False
2020,Alabama,Republican Primary,Cygnal,"June 22–23, 2019",612 (LV),4.0%,John Merrill,R,12%,False
2020,Alabama,Republican Primary,Moore Information,"June 10–11, 2019",650 (LV),± 4.0%,John Merrill,R,7%,False
2020,Alabama,Republican Primary,WPA Intelligence,"February 18–19, 2020",607 (LV),± 4%,Arnold Mooney,R,<1%,False
2020,Alabama,Republican Primary,WPA Intelligence,"February 10–12, 2020",600 (LV),± 4%,Arnold Mooney,R,1%,False
2020,Alabama,Republican Primary,OnMessage,"December 3–5, 2019",700 (LV),± 3.7%,Arnold Mooney,R,1%,False
2020,Alabama,Republican Primary,Cherry Communications,"December 1–3, 2019",600 (LV),± 4.0%,Arnold Mooney,R,1%,False
2020,Alabama,Republican Primary,WPA Intelligence,"October 29–31, 2019",511 (V),± 4.4%,Arnold Mooney,R,2%,False
2020,Alabama,Republican Primary,Cygnal,"October 10–12, 2019",536 (LV),,Arnold Mooney,R,2%,False
2020,Alabama,Republican Primary,Tommy for Senate,"Released on October 5, 2019",,,Arnold Mooney,R,1%,False
2020,Alabama,Republican Primary,Moore Information,"August 11–13, 2019",400 (LV),± 5.0%,Arnold Mooney,R,1%,False
2020,Alabama,Republican Primary,Cygnal,"June 22–23, 2019",612 (LV),4.0%,Arnold Mooney,R,2%,False
2020,Alabama,Republican Primary,Moore Information,"June 10–11, 2019",650 (LV),± 4.0%,Arnold Mooney,R,2%,False
2020,Alabama,Republican Primary,WPA Intelligence,"February 18–19, 2020",607 (LV),± 4%,Roy Moore,R,5%,False
2020,Alabama,Republican Primary,WPA Intelligence,"February 10–12, 2020",600 (LV),± 4%,Roy Moore,R,6%,False
2020,Alabama,Republican Primary,Harper Polling,"February 8–9, 2020",609 (LV),± 3.97%,Roy Moore,R,5%,False
2020,Alabama,Republican Primary,Mason-Dixon,"February 4–6, 2020",400 (LV),± 5.0%,Roy Moore,R,5%,False
2020,Alabama,Republican Primary,OnMessage,"December 3–5, 2019",700 (LV),± 3.7%,Roy Moore,R,7%,False
2020,Alabama,Republican Primary,Cherry Communications,"December 1–3, 2019",600 (LV),± 4.0%,Roy Moore,R,8%,False
2020,Alabama,Republican Primary,WPA Intelligence,"October 29–31, 2019",511 (V),± 4.4%,Roy Moore,R,11%,False
2020,Alabama,Republican Primary,Cygnal,"October 10–12, 2019",536 (LV),,Roy Moore,R,11%,False
2020,Alabama,Republican Primary,Tommy for Senate,"Released on October 5, 2019",,,Roy Moore,R,15%,False
2020,Alabama,Republican Primary,Moore Information,"August 11–13, 2019",400 (LV),± 5.0%,Roy Moore,R,15%,False
2020,Alabama,Republican Primary,Cygnal,"June 22–23, 2019",612 (LV),4.0%,Roy Moore,R,13%,False
2020,Alabama,Republican Primary,Moore Information,"June 10–11, 2019",650 (LV),± 4.0%,Roy Moore,R,18%,False
2020,Alabama,Republican Primary,Mason-Dixon,"April 9–11, 2019",400 (RV),± 5.0%,Roy Moore,R,27%,False
2020,Alabama,Republican Primary,WPA Intelligence,"February 10–12, 2020",600 (LV),± 4%,Ruth Page Nelson,R,<1%,False
2020,Alabama,Republican Primary,OnMessage,"December 3–5, 2019",700 (LV),± 3.7%,Ruth Page Nelson,R,1%,False
2020,Alabama,Republican Primary,Mason-Dixon,"April 9–11, 2019",400 (RV),± 5.0%,Gary Palmer,R,11%,False
2020,Alabama,Republican Primary,Victory Phones,Released in February 2019,400 (LV),± 5.0%,Gary Palmer,R,12%,False
2020,Alabama,Republican Primary,WPA Intelligence,"February 18–19, 2020",607 (LV),± 4%,Jeff Sessions,R,29%,False
2020,Alabama,Republican Primary,WPA Intelligence,"February 10–12, 2020",600 (LV),± 4%,Jeff Sessions,R,34%,False
2020,Alabama,Republican Primary,Harper Polling,"February 8–9, 2020",609 (LV),± 3.97%,Jeff Sessions,R,31%,False
2020,Alabama,Republican Primary,Mason-Dixon,"February 4–6, 2020",400 (LV),± 5.0%,Jeff Sessions,R,31%,False
2020,Alabama,Republican Primary,OnMessage,"January 13–15, 2020",700 (LV),± 2.5%,Jeff Sessions,R,43%,False
2020,Alabama,Republican Primary,OnMessage,"December 3–5, 2019",700 (LV),± 3.7%,Jeff Sessions,R,44%,False
2020,Alabama,Republican Primary,Cherry Communications,"December 1–3, 2019",600 (LV),± 4.0%,Jeff Sessions,R,35%,False
2020,Alabama,Republican Primary,WPA Intelligence,"October 29–31, 2019",511 (V),± 4.4%,Jeff Sessions,R,36%,False
2020,Alabama,Republican Primary,WPA Intelligence,"February 18–19, 2020",607 (LV),± 4%,Tommy Tuberville,R,32%,False
2020,Alabama,Republican Primary,WPA Intelligence,"February 10–12, 2020",600 (LV),± 4%,Tommy Tuberville,R,29%,False
2020,Alabama,Republican Primary,Harper Polling,"February 8–9, 2020",609 (LV),± 3.97%,Tommy Tuberville,R,24%,False
2020,Alabama,Republican Primary,Mason-Dixon,"February 4–6, 2020",400 (LV),± 5.0%,Tommy Tuberville,R,29%,False
2020,Alabama,Republican Primary,OnMessage,"January 13–15, 2020",700 (LV),± 2.5%,Tommy Tuberville,R,21%,False
2020,Alabama,Republican Primary,OnMessage,"December 3–5, 2019",700 (LV),± 3.7%,Tommy Tuberville,R,21%,False
2020,Alabama,Republican Primary,Cherry Communications,"December 1–3, 2019",600 (LV),± 4.0%,Tommy Tuberville,R,31%,False
2020,Alabama,Republican Primary,WPA Intelligence,"October 29–31, 2019",511 (V),± 4.4%,Tommy Tuberville,R,23%,False
2020,Alabama,Republican Primary,Cygnal,"October 10–12, 2019",536 (LV),,Tommy Tuberville,R,32%,False
2020,Alabama,Republican Primary,Tommy for Senate,"Released on October 5, 2019",,,Tommy Tuberville,R,36%,False
2020,Alabama,Republican Primary,Moore Information,"August 11–13, 2019",400 (LV),± 5.0%,Tommy Tuberville,R,33%,False
2020,Alabama,Republican Primary,Cygnal,"June 22–23, 2019",612 (LV),4.0%,Tommy Tuberville,R,29%,False
2020,Alabama,Republican Primary,Moore Information,"June 10–11, 2019",650 (LV),± 4.0%,Tommy Tuberville,R,23%,False
2020,Colorado,Democratic Primary,Garin-Hart-Yang Research Group,"July 25–28, 2019",600 (LV),,Jena Griswold,D,6%,False
2020,Colorado,Democratic Primary,Public Policy Polling (D),"July 12–14, 2019",561 (LV),,Jena Griswold,D,4%,False
2020,Colorado,Democratic Primary,SurveyUSA,"June 19–24, 2020",575 (LV),± 6.0%,John Hickenlooper,D,58%,False
2020,Colorado,Democratic Primary,Myers Research and Strategic Services,"June 16–17, 2020",500 (LV),± 4.4%,John Hickenlooper,D,51%,False
2020,Colorado,Democratic Primary,Unspecified polling firm,October 2019,,,John Hickenlooper,D,68%,False
2020,Colorado,Democratic Primary,Public Policy Polling (D),"August 28–29, 2019",509 (LV),,John Hickenlooper,D,60%,False
2020,Colorado,Democratic Primary,Garin-Hart-Yang Research Group,"July 25–28, 2019",600 (LV),,John Hickenlooper,D,61%,False
2020,Colorado,Democratic Primary,Public Policy Polling (D),"July 12–14, 2019",561 (LV),,John Hickenlooper,D,44%,False
2020,Colorado,Democratic Primary,Public Policy Polling (D),"August 28–29, 2019",509 (LV),,Mike Johnston,D,3%,False
2020,Colorado,Democratic Primary,Garin-Hart-Yang Research Group,"July 25–28, 2019",600 (LV),,Mike Johnston,D,10%,False
2020,Colorado,Democratic Primary,Public Policy Polling (D),"July 12–14, 2019",561 (LV),,Mike Johnston,D,3%,False
2020,Colorado,Democratic Primary,SurveyUSA,"June 19–24, 2020",575 (LV),± 6.0%,Andrew Romanoff,D,28%,False
2020,Colorado,Democratic Primary,Myers Research and Strategic Services,"June 16–17, 2020",500 (LV),± 4.4%,Andrew Romanoff,D,39%,False
2020,Colorado,Democratic Primary,Unspecified polling firm,October 2019,,,Andrew Romanoff,D,19%,False
2020,Colorado,Democratic Primary,Public Policy Polling (D),"August 28–29, 2019",509 (LV),,Andrew Romanoff,D,9%,False
2020,Colorado,Democratic Primary,Garin-Hart-Yang Research Group,"July 25–28, 2019",600 (LV),,Andrew Romanoff,D,8%,False
2020,Colorado,Democratic Primary,Public Policy Polling (D),"July 12–14, 2019",561 (LV),,Andrew Romanoff,D,12%,False
2020,Delaware,Democratic Primary,Data for Progress,"November 15–25, 2019",528 (LV),± 6.1%,Lisa Blunt Rochester,D,31%,False
2020,Delaware,Democratic Primary,Data for Progress,"November 15–25, 2019",528 (LV),± 6.1%,Chris Coons,D,35%,True
2020,Iowa,Democratic Primary,Public Policy Polling,"May 5–6, 2020",849 (V),,Michael Franken,D,12%,False
2020,Iowa,Democratic Primary,Emerson College,"October 13–16, 2019",317 (LV),± 5.5%,Michael Franken,D,6%,False
2020,Iowa,Democratic Primary,Public Policy Polling,"May 5–6, 2020",849 (V),,Kimberly Graham,D,4%,False
2020,Iowa,Democratic Primary,Emerson College,"October 13–16, 2019",317 (LV),± 5.5%,Kimberly Graham,D,4%,False
2020,Iowa,Democratic Primary,Public Policy Polling,"May 5–6, 2020",849 (V),,Theresa Greenfield,D,43%,False
2020,Iowa,Democratic Primary,Emerson College,"October 13–16, 2019",317 (LV),± 5.5%,Theresa Greenfield,D,11%,False
2020,Iowa,Democratic Primary,Public Policy Polling,"May 5–6, 2020",849 (V),,Eddie Mauro,D,4%,False
2020,Iowa,Democratic Primary,Emerson College,"October 13–16, 2019",317 (LV),± 5.5%,Eddie Mauro,D,6%,False
2020,Kansas,Republican Primary,Civiqs,"May 30 – June 1, 2020",419 (LV),,Bob Hamilton,R,15%,False
2020,Kansas,Republican Primary,Public Opinion Strategies (R),"May 10–12, 2020",600 (V),± 4%,Bob Hamilton,R,6%,False
2020,Kansas,Republican Primary,McLaughlin & Associates (R),"February 12–16, 2020",300 (LV),± 5.6%,Bob Hamilton,R,2%,False
2020,Kansas,Republican Primary,Civiqs,"May 30 – June 1, 2020",419 (LV),,Kris Kobach,R,35%,False
2020,Kansas,Republican Primary,Public Opinion Strategies (R),"May 10–12, 2020",600 (V),± 4%,Kris Kobach,R,26%,False
2020,Kansas,Republican Primary,McLaughlin & Associates (R),"February 12–16, 2020",300 (LV),± 5.6%,Kris Kobach,R,40%,False
2020,Kansas,Republican Primary,co/efficient (R),"January 19–20, 2020","1,246 LV",± 3.2%,Kris Kobach,R,29%,False
2020,Kansas,Republican Primary,The Tarrance Group (R),"October 21–23, 2019",607 (LV),± 4.1%,Kris Kobach,R,43%,False
2020,Kansas,Republican Primary,Civiqs,"May 30 – June 1, 2020",419 (LV),,Dave Lindstrom,R,4%,False
2020,Kansas,Republican Primary,Public Opinion Strategies (R),"May 10–12, 2020",600 (V),± 4%,Dave Lindstrom,R,4%,False
2020,Kansas,Republican Primary,McLaughlin & Associates (R),"February 12–16, 2020",300 (LV),± 5.6%,Dave Lindstrom,R,5%,False
2020,Kansas,Republican Primary,The Tarrance Group (R),"October 21–23, 2019",607 (LV),± 4.1%,Dave Lindstrom,R,3%,False
2020,Kansas,Republican Primary,Civiqs,"May 30 – June 1, 2020",419 (LV),,Roger Marshall,R,26%,False
2020,Kansas,Republican Primary,Public Opinion Strategies (R),"May 10–12, 2020",600 (V),± 4%,Roger Marshall,R,33%,False
2020,Kansas,Republican Primary,McLaughlin & Associates (R),"February 12–16, 2020",300 (LV),± 5.6%,Roger Marshall,R,23%,False
2020,Kansas,Republican Primary,co/efficient (R),"January 19–20, 2020","1,246 LV",± 3.2%,Roger Marshall,R,29%,False
2020,Kansas,Republican Primary,The Tarrance Group (R),"October 21–23, 2019",607 (LV),± 4.1%,Roger Marshall,R,24%,False
2020,Kansas,Republican Primary,Public Opinion Strategies (R),"May 10–12, 2020",600 (V),± 4%,Susan Wagle,R,7%,False
2020,Kansas,Republican Primary,McLaughlin & Associates (R),"February 12–16, 2020",300 (LV),± 5.6%,Susan Wagle,R,8%,False
2020,Kansas,Republican Primary,co/efficient (R),"January 19–20, 2020","1,246 LV",± 3.2%,Susan Wagle,R,6%,False
2020,Kansas,Republican Primary,The Tarrance Group (R),"October 21–23, 2019",607 (LV),± 4.1%,Susan Wagle,R,8%,False
2020,Kentucky,Democratic Primary,Data for Progress,"June 10–22, 2020",556 (LV),,Charles Booker,D,43%,False
2020,Kentucky,Democratic Primary,Garin-Hart-Yang,"June 16–18, 2020",,,Charles Booker,D,32%,False
2020,Kentucky,Democratic Primary,Civiqs,"June 13–15, 2020",421 (LV),± 5.5%,Charles Booker,D,44%,False
2020,Kentucky,Democratic Primary,YouGov Blue,"June 8–12, 2020",313 (RV),± 7.0%,Charles Booker,D,39%,False
2020,Kentucky,Democratic Primary,YouGov Blue,May 2020,,,Charles Booker,D,13%,False
2020,Kentucky,Democratic Primary,YouGov Blue,April 2020,,,Charles Booker,D,11%,False
2020,Kentucky,Democratic Primary,YouGov Blue,January 2020,,,Charles Booker,D,7%,False
2020,Kentucky,Democratic Primary,Data for Progress,"June 10–22, 2020",556 (LV),,Amy McGrath,D,46%,False
2020,Kentucky,Democratic Primary,Garin-Hart-Yang,"June 16–18, 2020",,,Amy McGrath,D,42%,False
2020,Kentucky,Democratic Primary,Civiqs,"June 13–15, 2020",421 (LV),± 5.5%,Amy McGrath,D,36%,False
2020,Kentucky,Democratic Primary,YouGov Blue,"June 8–12, 2020",313 (RV),± 7.0%,Amy McGrath,D,49%,False
2020,Kentucky,Democratic Primary,YouGov Blue,May 2020,,,Amy McGrath,D,62%,False
2020,Kentucky,Democratic Primary,YouGov Blue,April 2020,,,Amy McGrath,D,62%,False
2020,Kentucky,Democratic Primary,YouGov Blue,January 2020,,,Amy McGrath,D,65%,False
2020,Maine,Democratic Primary,Victory Geek (D),"May 13–18, 2020",,,Sara Gideon,D,67%,False
2020,Maine,Democratic Primary,Colby College,"February 10–13, 2020",383 (LV),,Sara Gideon,D,60%,False
2020,Maine,Democratic Primary,Victory Geek (D),"May 13–18, 2020",,,Betsy Sweet,D,17%,False
2020,Maine,Democratic Primary,Colby College,"February 10–13, 2020",383 (LV),,Betsy Sweet,D,8%,False
2020,Maine,Republican Primary,Public Policy Polling (D),"October 11–13, 2019",271 (LV),± 6%,Susan Collins,R,55%,True
2020,Maine,Republican Primary,Public Policy Polling (D),"October 11–13, 2019",271 (LV),± 6%,Derek Levasseur,R,10%,False
2020,Massachusetts,Democratic Primary,RealClearPolitics,"July 31 – August 27, 2020",,Markey +11.2,Joe,D,40.8%,False
2020,Massachusetts,Democratic Primary,RealClearPolitics,"July 31 – August 27, 2020",,Markey +11.2,Ed Markey,D,52.0%,True
2020,Michigan,Republican Primary,Target Insyght,"April 22–25, 2019",296 (LV),,John James,R,59%,False
2020,Michigan,Republican Primary,Target Insyght,"April 22–25, 2019",296 (LV),,Bill Schuette,R,15%,False
2020,Nebraska,Republican Primary,We Ask America,"February 19–20, 2020",400 (LV),± 4.9%,Matt Innis,R,17%,False
2020,Nebraska,Republican Primary,We Ask America,"February 19–20, 2020",400 (LV),± 4.9%,Ben Sasse,R,65%,True
2020,New Hampshire,Republican Primary,University of New Hampshire,"August 28 – September 1, 2020",703 (LV),± 3.7%,Don Bolduc,R,31%,False
2020,New Hampshire,Republican Primary,Saint Anselm College,"August 15–17, 2020",475 (RV),± 4.5%,Don Bolduc,R,29%,False
2020,New Hampshire,Republican Primary,The Tarrance Group,"July 12–14, 2020",401 (LV),± 5%,Don Bolduc,R,27%,False
2020,New Hampshire,Republican Primary,Remington Research Group,"June 21–23, 2020",800 (LV),,Don Bolduc,R,8%,False
2020,New Hampshire,Republican Primary,Emerson College,"September 6–9, 2019",379 (RV),± 5.0%,Don Bolduc,R,9%,False
2020,New Hampshire,Republican Primary,Vote Adjustments,"September 5–6, 2019",402 (LV),± 4.2%,Don Bolduc,R,9%,False
2020,New Hampshire,Republican Primary,Remington Research (R),"August 12–14, 2019",200 (RV),,Don Bolduc,R,21%,False
2020,New Hampshire,Republican Primary,Fabrizio (R),"August 11–12, 2019",400 (LV),,Don Bolduc,R,11%,False
2020,New Hampshire,Republican Primary,Emerson College,"September 6–9, 2019",379 (RV),± 5.0%,Corey Lewandowski,R,29%,False
2020,New Hampshire,Republican Primary,Vote Adjustments,"September 5–6, 2019",402 (LV),± 4.2%,Corey Lewandowski,R,29%,False
2020,New Hampshire,Republican Primary,Remington Research (R),"August 12–14, 2019",200 (RV),,Corey Lewandowski,R,21%,False
2020,New Hampshire,Republican Primary,Fabrizio (R),"August 11–12, 2019",400 (LV),,Corey Lewandowski,R,30%,False
2020,New Hampshire,Republican Primary,University of New Hampshire,"August 28 – September 1, 2020",703 (LV),± 3.7%,Bryant Messner,R,52%,False
2020,New Hampshire,Republican Primary,Saint Anselm College,"August 15–17, 2020",475 (RV),± 4.5%,Bryant Messner,R,31%,False
2020,New Hampshire,Republican Primary,The Tarrance Group,"July 12–14, 2020",401 (LV),± 5%,Bryant Messner,R,39%,False
2020,New Hampshire,Republican Primary,Remington Research Group,"June 21–23, 2020",800 (LV),,Bryant Messner,R,17%,False
2020,New Hampshire,Republican Primary,Emerson College,"September 6–9, 2019",379 (RV),± 5.0%,Bryant Messner,R,4%,False
2020,New Hampshire,Republican Primary,Vote Adjustments,"September 5–6, 2019",402 (LV),± 4.2%,Bryant Messner,R,2%,False
2020,New Hampshire,Republican Primary,Remington Research (R),"August 12–14, 2019",200 (RV),,Bryant Messner,R,2%,False
2020,New Hampshire,Republican Primary,Emerson College,"September 6–9, 2019",379 (RV),± 5.0%,Bill O'Brien,R,7%,False
2020,New Hampshire,Republican Primary,Vote Adjustments,"September 5–6, 2019",402 (LV),± 4.2%,Bill O'Brien,R,6%,False
2020,New Hampshire,Republican Primary,Remington Research (R),"August 12–14, 2019",200 (RV),,Bill O'Brien,R,8%,False
2020,New Hampshire,Republican Primary,Fabrizio (R),"August 11–12, 2019",400 (LV),,Bill O'Brien,R,10%,False
2020,New Mexico,Democratic Primary,GBAO Strategies (D),"April 15–18, 2019",600 (LV),± 4.0%,Ben Ray Luján,D,64%,False
2020,New Mexico,Democratic Primary,GBAO Strategies (D),"April 15–18, 2019",600 (LV),± 4.0%,Maggie Toulouse Oliver,D,25%,False
2020,New Mexico,Republican Primary,Public Opinion Strategies (R),"March 18–22, 2020",400 (V),± 4.9%,Gavin Clarkson,R,11%,False
2020,New Mexico,Republican Primary,Public Opinion Strategies (R),"March 18–22, 2020",400 (V),± 4.9%,Elisa Martinez,R,11%,False
2020,New Mexico,Republican Primary,Public Opinion Strategies (R),"March 18–22, 2020",400 (V),± 4.9%,Mark Ronchetti,R,45%,False
2020,North Carolina,Democratic Primary,High Point University,"February 21–28, 2020",274 (LV),,Cal Cunningham,D,50%,False
2020,North Carolina,Democratic Primary,Civitas Institute,"February 26–27, 2020",587 (LV),± 4.1%,Cal Cunningham,D,45%,False
2020,North Carolina,Democratic Primary,NBC News,"February 23–27, 2020",568 (LV),± 5.1%,Cal Cunningham,D,51%,False
2020,North Carolina,Democratic Primary,Public Policy Polling,"February 23–24, 2020",852 (LV),± 3.4%,Cal Cunningham,D,45%,False
2020,North Carolina,Democratic Primary,Meredith College,"February 16–24, 2020",429 (LV),± 3.0%,Cal Cunningham,D,43%,False
2020,North Carolina,Democratic Primary,Civitas Institute,"February 21–23, 2020",553 (LV),± 3.8%,Cal Cunningham,D,48%,False
2020,North Carolina,Democratic Primary,SurveyUSA,"February 13–16, 2020",698 (LV),± 4.9%,Cal Cunningham,D,42%,False
2020,North Carolina,Democratic Primary,High Point University,"January 31 – February 6, 2020",224 (LV),,Cal Cunningham,D,37%,False
2020,North Carolina,Democratic Primary,Public Policy Polling,"February 4–5, 2020",604 (LV),,Cal Cunningham,D,29%,False
2020,North Carolina,Democratic Primary,Public Policy Polling,"January 10–12, 2020",509 (LV),,Cal Cunningham,D,22%,False
2020,North Carolina,Democratic Primary,FOX News,"November 10–13, 2019",669 (RV),± 4.0%,Cal Cunningham,D,13%,False
2020,North Carolina,Democratic Primary,High Point University,"February 21–28, 2020",274 (LV),,Trevor Fuller,D,4%,False
2020,North Carolina,Democratic Primary,Civitas Institute,"February 26–27, 2020",587 (LV),± 4.1%,Trevor Fuller,D,2%,False
2020,North Carolina,Democratic Primary,NBC News,"February 23–27, 2020",568 (LV),± 5.1%,Trevor Fuller,D,3%,False
2020,North Carolina,Democratic Primary,Public Policy Polling,"February 23–24, 2020",852 (LV),± 3.4%,Trevor Fuller,D,4%,False
2020,North Carolina,Democratic Primary,Meredith College,"February 16–24, 2020",429 (LV),± 3.0%,Trevor Fuller,D,2%,False
2020,North Carolina,Democratic Primary,Civitas Institute,"February 21–23, 2020",553 (LV),± 3.8%,Trevor Fuller,D,1%,False
2020,North Carolina,Democratic Primary,SurveyUSA,"February 13–16, 2020",698 (LV),± 4.9%,Trevor Fuller,D,3%,False
2020,North Carolina,Democratic Primary,High Point University,"January 31 – February 6, 2020",224 (LV),,Trevor Fuller,D,4%,False
2020,North Carolina,Democratic Primary,Public Policy Polling,"February 4–5, 2020",604 (LV),,Trevor Fuller,D,3%,False
2020,North Carolina,Democratic Primary,Public Policy Polling,"January 10–12, 2020",509 (LV),,Trevor Fuller,D,2%,False
2020,North Carolina,Democratic Primary,FOX News,"November 10–13, 2019",669 (RV),± 4.0%,Trevor Fuller,D,10%,False
2020,North Carolina,Democratic Primary,High Point University,"February 21–28, 2020",274 (LV),,Atul Goel,D,1%,False
2020,North Carolina,Democratic Primary,Civitas Institute,"February 26–27, 2020",587 (LV),± 4.1%,Atul Goel,D,1%,False
2020,North Carolina,Democratic Primary,NBC News,"February 23–27, 2020",568 (LV),± 5.1%,Atul Goel,D,1%,False
2020,North Carolina,Democratic Primary,Public Policy Polling,"February 23–24, 2020",852 (LV),± 3.4%,Atul Goel,D,1%,False
2020,North Carolina,Democratic Primary,Meredith College,"February 16–24, 2020",429 (LV),± 3.0%,Atul Goel,D,1%,False
2020,North Carolina,Democratic Primary,Civitas Institute,"February 21–23, 2020",553 (LV),± 3.8%,Atul Goel,D,0%,False
2020,North Carolina,Democratic Primary,SurveyUSA,"February 13–16, 2020",698 (LV),± 4.9%,Atul Goel,D,1%,False
2020,North Carolina,Democratic Primary,High Point University,"January 31 – February 6, 2020",224 (LV),,Atul Goel,D,0%,False
2020,North Carolina,Democratic Primary,Public Policy Polling,"February 4–5, 2020",604 (LV),,Atul Goel,D,2%,False
2020,North Carolina,Democratic Primary,Public Policy Polling,"January 10–12, 2020",509 (LV),,Atul Goel,D,3%,False
2020,North Carolina,Democratic Primary,High Point University,"February 21–28, 2020",274 (LV),,Erica Smith,D,24%,False
2020,North Carolina,Democratic Primary,Civitas Institute,"February 26–27, 2020",587 (LV),± 4.1%,Erica Smith,D,23%,False
2020,North Carolina,Democratic Primary,NBC News,"February 23–27, 2020",568 (LV),± 5.1%,Erica Smith,D,18%,False
2020,North Carolina,Democratic Primary,Public Policy Polling,"February 23–24, 2020",852 (LV),± 3.4%,Erica Smith,D,18%,False
2020,North Carolina,Democratic Primary,Meredith College,"February 16–24, 2020",429 (LV),± 3.0%,Erica Smith,D,14%,False
2020,North Carolina,Democratic Primary,Civitas Institute,"February 21–23, 2020",553 (LV),± 3.8%,Erica Smith,D,21%,False
2020,North Carolina,Democratic Primary,SurveyUSA,"February 13–16, 2020",698 (LV),± 4.9%,Erica Smith,D,17%,False
2020,North Carolina,Democratic Primary,High Point University,"January 31 – February 6, 2020",224 (LV),,Erica Smith,D,11%,False
2020,North Carolina,Democratic Primary,Public Policy Polling,"February 4–5, 2020",604 (LV),,Erica Smith,D,10%,False
2020,North Carolina,Democratic Primary,Public Policy Polling,"January 10–12, 2020",509 (LV),,Erica Smith,D,12%,False
2020,North Carolina,Democratic Primary,FOX News,"November 10–13, 2019",669 (RV),± 4.0%,Erica Smith,D,18%,False
2020,North Carolina,Democratic Primary,High Point University,"February 21–28, 2020",274 (LV),,Steve Swenson,D,3%,False
2020,North Carolina,Democratic Primary,Civitas Institute,"February 26–27, 2020",587 (LV),± 4.1%,Steve Swenson,D,1%,False
2020,North Carolina,Democratic Primary,NBC News,"February 23–27, 2020",568 (LV),± 5.1%,Steve Swenson,D,2%,False
2020,North Carolina,Democratic Primary,Public Policy Polling,"February 23–24, 2020",852 (LV),± 3.4%,Steve Swenson,D,2%,False
2020,North Carolina,Democratic Primary,Meredith College,"February 16–24, 2020",429 (LV),± 3.0%,Steve Swenson,D,2%,False
2020,North Carolina,Democratic Primary,Civitas Institute,"February 21–23, 2020",553 (LV),± 3.8%,Steve Swenson,D,1%,False
2020,North Carolina,Democratic Primary,SurveyUSA,"February 13–16, 2020",698 (LV),± 4.9%,Steve Swenson,D,3%,False
2020,North Carolina,Democratic Primary,High Point University,"January 31 – February 6, 2020",224 (LV),,Steve Swenson,D,4%,False
2020,North Carolina,Democratic Primary,Public Policy Polling,"February 4–5, 2020",604 (LV),,Steve Swenson,D,4%,False
2020,North Carolina,Democratic Primary,Public Policy Polling,"January 10–12, 2020",509 (LV),,Steve Swenson,D,1%,False
2020,North Carolina,Republican Primary,Harper Polling,"December 2–4, 2019",500 (LV),± 4.38%,Sandy Smith,R,11%,False
2020,North Carolina,Republican Primary,FOX News,"November 10–13, 2019",574 (LV),± 4.0%,Sandy Smith,R,4%,False
2020,North Carolina,Republican Primary,WPA Intelligence (R),"May 19–21, 2019",502 (LV),± 4.5%,Sandy Smith,R,2%,False
2020,North Carolina,Republican Primary,High Point University,"February 21–28, 2020",247 (LV),,Thom Tillis,R,69%,True
2020,North Carolina,Republican Primary,Meredith College,"February 16–24, 2020",353 (LV),± 3.0%,Thom Tillis,R,53%,True
2020,North Carolina,Republican Primary,SurveyUSA,"February 13–16, 2020",501 (LV),± 5.0%,Thom Tillis,R,59%,True
2020,North Carolina,Republican Primary,High Point University,"January 31 – February 6, 2020",198 (LV),,Thom Tillis,R,62%,True
2020,North Carolina,Republican Primary,Harper Polling,"December 2–4, 2019",500 (LV),± 4.38%,Thom Tillis,R,63%,True
2020,North Carolina,Republican Primary,FOX News,"November 10–13, 2019",574 (LV),± 4.0%,Thom Tillis,R,54%,True
2020,North Carolina,Republican Primary,Public Policy Polling,"August 19–20, 2019",564 (V),,Thom Tillis,R,38%,True
2020,North Carolina,Republican Primary,Diversified Research (R),"July 8–9, 2019",500 (V),,Thom Tillis,R,40%,True
2020,North Carolina,Republican Primary,WPA Intelligence (R),"May 19–21, 2019",502 (LV),± 4.5%,Thom Tillis,R,40%,True
2020,North Carolina,Republican Primary,Diversified Research (R),"Months before May, 2019",,,Thom Tillis,R,63%,True
2020,North Carolina,Republican Primary,FOX News,"November 10–13, 2019",574 (LV),± 4.0%,Garland Tucker,R,11%,False
2020,North Carolina,Republican Primary,Public Policy Polling,"August 19–20, 2019",564 (V),,Garland Tucker,R,31%,False
2020,North Carolina,Republican Primary,Diversified Research (R),"July 8–9, 2019",500 (V),,Garland Tucker,R,30%,False
2020,North Carolina,Republican Primary,WPA Intelligence (R),"May 19–21, 2019",502 (LV),± 4.5%,Garland Tucker,R,11%,False
2020,North Carolina,Republican Primary,Diversified Research (R),"Months before May, 2019",,,Garland Tucker,R,7%,False
2020,North Carolina,Republican Primary,WPA Intelligence (R),"May 19–21, 2019",502 (LV),± 4.5%,Mark Walker,R,17%,False
2020,North Carolina,Republican Primary,High Point University,"February 21–28, 2020",247 (LV),,Paul Wright,R,8%,False
2020,North Carolina,Republican Primary,Meredith College,"February 16–24, 2020",353 (LV),± 3.0%,Paul Wright,R,5%,False
2020,North Carolina,Republican Primary,SurveyUSA,"February 13–16, 2020",501 (LV),± 5.0%,Paul Wright,R,3%,False
2020,North Carolina,Republican Primary,High Point University,"January 31 – February 6, 2020",198 (LV),,Paul Wright,R,7%,False
2020,South Carolina,Republican Primary,Change Research,"June 11–14, 2019","1,183 (LV)",± 2.9%,Lindsey Graham,R,70%,True
2020,Tennessee,Republican Primary,JMC Analytics and Polling,"July 18–19, 2020",600 (LV),± 4.0%,George Flinn,R,5%,False
2020,Tennessee,Republican Primary,The Trafalgar Group,"July 6–8, 2020","1,062 (LV)",± 2.92%,George Flinn,R,4%,False
2020,Tennessee,Republican Primary,Victory Phones,"June 30 – July 1, 2020",800 (LV),± 3.46%,George Flinn,R,6%,False
2020,Tennessee,Republican Primary,The Tarrance Group,"June 28–30, 2020",651 (LV),± 4.0%,George Flinn,R,5%,False
2020,Tennessee,Republican Primary,JMC Analytics and Polling,"July 18–19, 2020",600 (LV),± 4.0%,Bill Hagerty,R,36%,False
2020,Tennessee,Republican Primary,The Trafalgar Group,"July 6–8, 2020","1,062 (LV)",± 2.92%,Bill Hagerty,R,42%,False
2020,Tennessee,Republican Primary,Victory Phones,"June 30 – July 1, 2020",800 (LV),± 3.46%,Bill Hagerty,R,33%,False
2020,Tennessee,Republican Primary,The Tarrance Group,"June 28–30, 2020",651 (LV),± 4.0%,Bill Hagerty,R,46%,False
2020,Tennessee,Republican Primary,Victory Phones,"June 2, 2020",,,Bill Hagerty,R,27%,False
2020,Tennessee,Republican Primary,JMC Analytics and Polling,"July 18–19, 2020",600 (LV),± 4.0%,Manny Sethi,R,32%,False
2020,Tennessee,Republican Primary,The Trafalgar Group,"July 6–8, 2020","1,062 (LV)",± 2.92%,Manny Sethi,R,39%,False
2020,Tennessee,Republican Primary,Victory Phones,"June 30 – July 1, 2020",800 (LV),± 3.46%,Manny Sethi,R,31%,False
2020,Tennessee,Republican Primary,The Tarrance Group,"June 28–30, 2020",651 (LV),± 4.0%,Manny Sethi,R,29%,False
2020,Tennessee,Republican Primary,Victory Phones,"June 2, 2020",,,Manny Sethi,R,11%,False
2020,Texas,Democratic Primary,Change Research,"April 18–22, 2019","1,578 (LV)",± 2.5%,Colin Allred,D,6%,False
2020,Texas,Democratic Primary,NBC News,"February 23–27, 2020",556 (LV),± 5.3%,Chris Bell,D,5%,False
2020,Texas,Democratic Primary,YouGov,"January 31 – February 9, 2020",575 (LV),± 4.09%,Chris Bell,D,7%,False
2020,Texas,Democratic Primary,University of Texas at Tyler,"January 21–30, 2020",414 (LV),± 4.8%,Chris Bell,D,5%,False
2020,Texas,Democratic Primary,Data for Progress,"January 16–21, 2020",684 (LV),± 6.5%,Chris Bell,D,8%,False
2020,Texas,Democratic Primary,Texas Lyceum,"January 10–19, 2020",401 (LV),± 4.89%,Chris Bell,D,5%,False
2020,Texas,Democratic Primary,Beacon Research (D),"November 9–21, 2019",408 (LV),,Chris Bell,D,4%,False
2020,Texas,Democratic Primary,University of Texas at Tyler,"November 5–14, 2019",427 (RV),± 4.7%,Chris Bell,D,7%,False
2020,Texas,Democratic Primary,University of Texas,"October 18–29, 2019",541 (RV),± 4.21%,Chris Bell,D,3%,False
2020,Texas,Democratic Primary,University of Texas,"August 29 – September 8, 2019",550 (RV),± 4.17%,Chris Bell,D,2%,False
2020,Texas,Democratic Primary,Ragnar Research,"September 3–5, 2019",600 (LV),± 3.9%,Chris Bell,D,9%,False
2020,Texas,Democratic Primary,Emerson College,"August 1–3, 2019",400 (LV),± 4.9%,Chris Bell,D,6.6%,False
2020,Texas,Democratic Primary,Change Research,"April 18–22, 2019","1,578 (LV)",± 2.5%,Joaquín Castro,D,56%,False
2020,Texas,Democratic Primary,Public Policy Polling (D),"March 5–7, 2019",608 (LV),± 4.0%,Joaquín Castro,D,42%,False
2020,Texas,Democratic Primary,Public Policy Polling (D),"March 5–7, 2019",608 (LV),± 4.0%,Wendy Davis,D,19%,False
2020,Texas,Democratic Primary,NBC News,"February 23–27, 2020",556 (LV),± 5.3%,Amanda Edwards,D,7%,False
2020,Texas,Democratic Primary,YouGov,"January 31 – February 9, 2020",575 (LV),± 4.09%,Amanda Edwards,D,6%,False
2020,Texas,Democratic Primary,University of Texas at Tyler,"January 21–30, 2020",414 (LV),± 4.8%,Amanda Edwards,D,4%,False
2020,Texas,Democratic Primary,Data for Progress,"January 16–21, 2020",684 (LV),± 6.5%,Amanda Edwards,D,3%,False
2020,Texas,Democratic Primary,Texas Lyceum,"January 10–19, 2020",401 (LV),± 4.89%,Amanda Edwards,D,6%,False
2020,Texas,Democratic Primary,University of Texas at Tyler,"November 5–14, 2019",427 (RV),± 4.7%,Amanda Edwards,D,8%,False
2020,Texas,Democratic Primary,University of Texas,"October 18–29, 2019",541 (RV),± 4.21%,Amanda Edwards,D,0%,False
2020,Texas,Democratic Primary,University of Texas,"August 29 – September 8, 2019",550 (RV),± 4.17%,Amanda Edwards,D,2%,False
2020,Texas,Democratic Primary,Ragnar Research,"September 3–5, 2019",600 (LV),± 3.9%,Amanda Edwards,D,10%,False
2020,Texas,Democratic Primary,Change Research,"April 18–22, 2019","1,578 (LV)",± 2.5%,Amanda Edwards,D,1%,False
2020,Texas,Democratic Primary,YouGov,"January 31 – February 9, 2020",575 (LV),± 4.09%,Annie Garcia,D,5%,False
2020,Texas,Democratic Primary,University of Texas at Tyler,"January 21–30, 2020",414 (LV),± 4.8%,Annie Garcia,D,6%,False
2020,Texas,Democratic Primary,Data for Progress,"January 16–21, 2020",684 (LV),± 6.5%,Annie Garcia,D,4%,False
2020,Texas,Democratic Primary,Texas Lyceum,"January 10–19, 2020",401 (LV),± 4.89%,Annie Garcia,D,4%,False
2020,Texas,Democratic Primary,Emerson College,"August 1–3, 2019",400 (LV),± 4.9%,Annie Garcia,D,5.2%,False
2020,Texas,Democratic Primary,NBC News,"February 23–27, 2020",556 (LV),± 5.3%,MJ Hegar,D,16%,False
2020,Texas,Democratic Primary,YouGov,"January 31 – February 9, 2020",575 (LV),± 4.09%,MJ Hegar,D,22%,False
2020,Texas,Democratic Primary,University of Texas at Tyler,"January 21–30, 2020",414 (LV),± 4.8%,MJ Hegar,D,9%,False
2020,Texas,Democratic Primary,Data for Progress,"January 16–21, 2020",684 (LV),± 6.5%,MJ Hegar,D,18%,False
2020,Texas,Democratic Primary,Texas Lyceum,"January 10–19, 2020",401 (LV),± 4.89%,MJ Hegar,D,11%,False
2020,Texas,Democratic Primary,Beacon Research (D),"November 9–21, 2019",408 (LV),,MJ Hegar,D,6%,False
2020,Texas,Democratic Primary,University of Texas at Tyler,"November 5–14, 2019",427 (RV),± 4.7%,MJ Hegar,D,9%,False
2020,Texas,Democratic Primary,University of Texas,"October 18–29, 2019",541 (RV),± 4.21%,MJ Hegar,D,12%,False
2020,Texas,Democratic Primary,University of Texas,"August 29 – September 8, 2019",550 (RV),± 4.17%,MJ Hegar,D,11%,False
2020,Texas,Democratic Primary,Ragnar Research,"September 3–5, 2019",600 (LV),± 3.9%,MJ Hegar,D,12%,False
2020,Texas,Democratic Primary,Emerson College,"August 1–3, 2019",400 (LV),± 4.9%,MJ Hegar,D,9.9%,False
2020,Texas,Democratic Primary,Change Research,"April 18–22, 2019","1,578 (LV)",± 2.5%,MJ Hegar,D,4%,False
2020,Texas,Democratic Primary,Public Policy Polling (D),"March 5–7, 2019",608 (LV),± 4.0%,MJ Hegar,D,4%,False
2020,Texas,Democratic Primary,NBC News,"February 23–27, 2020",556 (LV),± 5.3%,Sema Hernandez,D,5%,False
2020,Texas,Democratic Primary,YouGov,"January 31 – February 9, 2020",575 (LV),± 4.09%,Sema Hernandez,D,5%,False
2020,Texas,Democratic Primary,University of Texas at Tyler,"January 21–30, 2020",414 (LV),± 4.8%,Sema Hernandez,D,4%,False
2020,Texas,Democratic Primary,Data for Progress,"January 16–21, 2020",684 (LV),± 6.5%,Sema Hernandez,D,3%,False
2020,Texas,Democratic Primary,Texas Lyceum,"January 10–19, 2020",401 (LV),± 4.89%,Sema Hernandez,D,5%,False
2020,Texas,Democratic Primary,Beacon Research (D),"November 9–21, 2019",408 (LV),,Sema Hernandez,D,6%,False
2020,Texas,Democratic Primary,University of Texas,"October 18–29, 2019",541 (RV),± 4.21%,Sema Hernandez,D,6%,False
2020,Texas,Democratic Primary,University of Texas,"August 29 – September 8, 2019",550 (RV),± 4.17%,Sema Hernandez,D,3%,False
2020,Texas,Democratic Primary,Public Policy Polling (D),"March 5–7, 2019",608 (LV),± 4.0%,Sema Hernandez,D,2%,False
2020,Texas,Democratic Primary,Beacon Research (D),"November 9–21, 2019",408 (LV),,Beto O'Rourke,D,58%,False
2020,Texas,Democratic Primary,NBC News,"February 23–27, 2020",556 (LV),± 5.3%,Cristina Ramirez,D,9%,False
2020,Texas,Democratic Primary,YouGov,"January 31 – February 9, 2020",575 (LV),± 4.09%,Cristina Ramirez,D,9%,False
2020,Texas,Democratic Primary,University of Texas at Tyler,"January 21–30, 2020",414 (LV),± 4.8%,Cristina Ramirez,D,4%,False
2020,Texas,Democratic Primary,Data for Progress,"January 16–21, 2020",684 (LV),± 6.5%,Cristina Ramirez,D,13%,False
2020,Texas,Democratic Primary,Texas Lyceum,"January 10–19, 2020",401 (LV),± 4.89%,Cristina Ramirez,D,7%,False
2020,Texas,Democratic Primary,University of Texas at Tyler,"November 5–14, 2019",427 (RV),± 4.7%,Cristina Ramirez,D,9%,False
2020,Texas,Democratic Primary,University of Texas,"October 18–29, 2019",541 (RV),± 4.21%,Cristina Ramirez,D,4%,False
2020,Texas,Democratic Primary,University of Texas,"August 29 – September 8, 2019",550 (RV),± 4.17%,Cristina Ramirez,D,3%,False
2020,Texas,Democratic Primary,Ragnar Research,"September 3–5, 2019",600 (LV),± 3.9%,Cristina Ramirez,D,10%,False
2020,Texas,Democratic Primary,NBC News,"February 23–27, 2020",556 (LV),± 5.3%,Royce West,D,8%,False
2020,Texas,Democratic Primary,YouGov,"January 31 – February 9, 2020",575 (LV),± 4.09%,Royce West,D,6%,False
2020,Texas,Democratic Primary,University of Texas at Tyler,"January 21–30, 2020",414 (LV),± 4.8%,Royce West,D,6%,False
2020,Texas,Democratic Primary,Data for Progress,"January 16–21, 2020",684 (LV),± 6.5%,Royce West,D,12%,False
2020,Texas,Democratic Primary,Texas Lyceum,"January 10–19, 2020",401 (LV),± 4.89%,Royce West,D,8%,False
2020,Texas,Democratic Primary,Beacon Research (D),"November 9–21, 2019",408 (LV),,Royce West,D,13%,False
2020,Texas,Democratic Primary,University of Texas at Tyler,"November 5–14, 2019",427 (RV),± 4.7%,Royce West,D,8%,False
2020,Texas,Democratic Primary,University of Texas,"October 18–29, 2019",541 (RV),± 4.21%,Royce West,D,5%,False
2020,Texas,Democratic Primary,University of Texas,"August 29 – September 8, 2019",550 (RV),± 4.17%,Royce West,D,5%,False
2020,Texas,Democratic Primary,Ragnar Research,"September 3–5, 2019",600 (LV),± 3.9%,Royce West,D,10%,False
2020,Texas,Democratic Primary,Emerson College,"August 1–3, 2019",400 (LV),± 4.9%,Royce West,D,7.9%,False
2020,Texas,Democratic Primary,Change Research,"April 18–22, 2019","1,578 (LV)",± 2.5%,Royce West,D,3%,False
2020,Texas,Republican Primary,University of Texas at Tyler,"January 21–30, 2020",445 (LV),± 4.65%,Virgil Bierschwale,R,<1%,False
2020,Texas,Republican Primary,Data for Progress,"January 16–21, 2020",687 (LV),,Virgil Bierschwale,R,1%,False
2020,Texas,Republican Primary,University of Texas at Tyler,"January 21–30, 2020",445 (LV),± 4.65%,John Anthony Castro,R,5%,False
2020,Texas,Republican Primary,Data for Progress,"January 16–21, 2020",687 (LV),,John Anthony Castro,R,0%,False
2020,Texas,Republican Primary,University of Texas at Tyler,"January 21–30, 2020",445 (LV),± 4.65%,John Cornyn,R,62%,True
2020,Texas,Republican Primary,Data for Progress,"January 16–21, 2020",687 (LV),,John Cornyn,R,75%,True
2020,Texas,Republican Primary,University of Texas at Tyler,"January 21–30, 2020",445 (LV),± 4.65%,Dwayne Stovall,R,3%,False
2020,Texas,Republican Primary,Data for Progress,"January 16–21, 2020",687 (LV),,Dwayne Stovall,R,2%,False
2020,Texas,Republican Primary,University of Texas at Tyler,"January 21–30, 2020",445 (LV),± 4.65%,Mark Yancey,R,1%,False
2020,Texas,Republican Primary,Data for Progress,"January 16–21, 2020",687 (LV),,Mark Yancey,R,1%,False
2020,Wyoming,Republican Primary,The Tarrance Group (R),"June 22–24, 2019",502 (LV),± 4.5%,Liz Cheney,R,56%,False
2020,Wyoming,Republican Primary,The Tarrance Group (R),"June 22–24, 2019",502 (LV),± 4.5%,Cynthia Lummis,R,34%,False
2022,Alabama,Democratic Primary,Emerson College,"May 15–16, 2022",294 (LV),± 5.7%,Will Boyd,D,26%,False
2022,Alabama,Democratic Primary,Emerson College,"March 25–27, 2022",359 (LV),± 5.1%,Will Boyd,D,11%,False
2022,Alabama,Democratic Primary,Emerson College,"May 15–16, 2022",294 (LV),± 5.7%,Brandaun Dean,D,15%,False
2022,Alabama,Democratic Primary,Emerson College,"March 25–27, 2022",359 (LV),± 5.1%,Brandaun Dean,D,5%,False
2022,Alabama,Democratic Primary,Emerson College,"May 15–16, 2022",294 (LV),± 5.7%,Lanny Jackson,D,11%,False
2022,Alabama,Democratic Primary,Emerson College,"March 25–27, 2022",359 (LV),± 5.1%,Lanny Jackson,D,7%,False
2022,Alabama,Democratic Primary,Emerson College,"March 25–27, 2022",359 (LV),± 5.1%,Victor Williams,D,11%,False
2022,Alabama,Republican Primary,Real Clear Politics,"May 15–21, 2022",,Britt +6.0,Katie Britt,R,34.7%,False
2022,Alabama,Republican Primary,Real Clear Politics,"May 15–21, 2022",,Britt +6.0,Mo Brooks,R,28.7%,False
2022,Alabama,Republican Primary,Real Clear Politics,"May 15–21, 2022",,Britt +6.0,Mike Durant,R,25.3%,False
2022,Arizona,Republican Primary,Real Clear Politics,"July 27 – August 1, 2022",,Masters +15.0,Mark Brnovich,R,14.5%,False
2022,Arizona,Republican Primary,Real Clear Politics,"July 27 – August 1, 2022",,Masters +15.0,Jim Lamon,R,22.0%,False
2022,Arizona,Republican Primary,Real Clear Politics,"July 27 – August 1, 2022",,Masters +15.0,Blake Masters,R,37.0%,False
2022,Arizona,Republican Primary,Real Clear Politics,"July 27 – August 1, 2022",,Masters +15.0,Michael McGuire,R,8.5%,False
2022,Arizona,Republican Primary,Real Clear Politics,"July 27 – August 1, 2022",,Masters +15.0,Justin Olson,R,3.3%,False
2022,Arkansas,Democratic Primary,Hendrix College,"May 2, 2022",597 (LV),± 5.0%,Jack Foster,D,5%,False
2022,Arkansas,Democratic Primary,Hendrix College,"May 2, 2022",597 (LV),± 5.0%,Natalie James,D,17%,False
2022,Arkansas,Democratic Primary,Hendrix College,"May 2, 2022",597 (LV),± 5.0%,Dan Whitfield,D,15%,False
2022,Arkansas,Republican Primary,Hendrix College,"May 2, 2022",802 (LV),± 4.3%,Jake Bequette,R,19%,False
2022,Arkansas,Republican Primary,Hendrix College,"May 2, 2022",802 (LV),± 4.3%,John Boozman,R,45%,True
2022,Arkansas,Republican Primary,Hendrix College,"May 2, 2022",802 (LV),± 4.3%,Heath Loftis,R,2%,False
2022,Arkansas,Republican Primary,Hendrix College,"May 2, 2022",802 (LV),± 4.3%,Jan Morgan,R,17%,False
2022,Colorado,single_party,Public Opinion Strategies,"May 15–20, 2022",400 (LV),± 6.0%,Ron Hanks,R,14%,False
2022,Colorado,single_party,Public Opinion Strategies,"May 15–20, 2022",400 (LV),± 6.0%,Joe O'Dea,R,38%,False
2022,Georgia,Democratic Primary,Emerson College,"April 1–3, 2022",453 (LV),± 4.6%,Raphael Warnock,D,85%,True
2022,Georgia,Democratic Primary,Emerson College,"April 1–3, 2022",453 (LV),± 4.6%,Tamara Johnson-Shealey,D,6%,False
2022,Georgia,Republican Primary,Real Clear Politics,"May 12–23, 2022",,Walker +55.7,Gary Black,R,9.0%,False
2022,Georgia,Republican Primary,Real Clear Politics,"May 12–23, 2022",,Walker +55.7,Josh Clark,R,2.7%,False
2022,Georgia,Republican Primary,Real Clear Politics,"May 12–23, 2022",,Walker +55.7,Kelvin King,R,4.0%,False
2022,Georgia,Republican Primary,Real Clear Politics,"May 12–23, 2022",,Walker +55.7,Jonathan McColumn,R,1.7%,False
2022,Georgia,Republican Primary,Real Clear Politics,"May 12–23, 2022",,Walker +55.7,Latham Saddler,R,9.0%,False
2022,Georgia,Republican Primary,Real Clear Politics,"May 12–23, 2022",,Walker +55.7,Herschel Walker,R,64.7%,False
2022,Illinois,Republican Primary,Real Clear Politics,"June 6–13, 2022",,Hubbard +1.5,Casey Chlebek,R,3.5%,False
2022,Illinois,Republican Primary,Real Clear Politics,"June 6–13, 2022",,Hubbard +1.5,Matthew Dubiel,R,5.5%,False
2022,Illinois,Republican Primary,Real Clear Politics,"June 6–13, 2022",,Hubbard +1.5,Peggy Hubbard,R,14.0%,False
2022,Illinois,Republican Primary,Real Clear Politics,"June 6–13, 2022",,Hubbard +1.5,Bobby Piton,R,4.0%,False
2022,Illinois,Republican Primary,Real Clear Politics,"June 6–13, 2022",,Hubbard +1.5,Kathy Salvi,R,12.5%,False
2022,Illinois,Republican Primary,Real Clear Politics,"June 6–13, 2022",,Hubbard +1.5,Tillman,R,1.5%,False
2022,Illinois,Republican Primary,Real Clear Politics,"June 6–13, 2022",,Hubbard +1.5,Anthony Williams,R,2.0%,False
2022,Iowa,Democratic Primary,Change Research,"May 4–8, 2022",866 (LV),± 4.0%,Abby Finkenauer,D,40%,False
2022,Iowa,Democratic Primary,Change Research,"April 6–11, 2022",416 (LV),± 6.3%,Abby Finkenauer,D,53%,False
2022,Iowa,Democratic Primary,GBAO,"March 30 – April 3, 2022",600 (LV),± 4.0%,Abby Finkenauer,D,64%,False
2022,Iowa,Democratic Primary,Change Research,"May 4–8, 2022",866 (LV),± 4.0%,Michael Franken,D,42%,False
2022,Iowa,Democratic Primary,Change Research,"April 6–11, 2022",416 (LV),± 6.3%,Michael Franken,D,26%,False
2022,Iowa,Democratic Primary,GBAO,"March 30 – April 3, 2022",600 (LV),± 4.0%,Michael Franken,D,15%,False
2022,Iowa,Democratic Primary,Change Research,"May 4–8, 2022",866 (LV),± 4.0%,Glenn Hurst,D,4%,False
2022,Iowa,Democratic Primary,Change Research,"April 6–11, 2022",416 (LV),± 6.3%,Glenn Hurst,D,7%,False
2022,Iowa,Democratic Primary,GBAO,"March 30 – April 3, 2022",600 (LV),± 4.0%,Glenn Hurst,D,6%,False
2022,Missouri,single_party,Real Clear Politics,"July 21 – 24, 2022",,Schmitt +8.5,Eric Greitens,R,19.0%,False
2022,Missouri,single_party,Real Clear Politics,"July 21 – 24, 2022",,Schmitt +8.5,Vicky Hartzler,R,24.5%,False
2022,Missouri,single_party,Real Clear Politics,"July 21 – 24, 2022",,Schmitt +8.5,Billy Long,R,7.0%,False
2022,Missouri,single_party,Real Clear Politics,"July 21 – 24, 2022",,Schmitt +8.5,Mark McCloskey,R,5.0%,False
2022,Missouri,single_party,Real Clear Politics,"July 21 – 24, 2022",,Schmitt +8.5,Dave Schatz,R,2.5%,False
2022,Missouri,single_party,Real Clear Politics,"July 21 – 24, 2022",,Schmitt +8.5,Eric Schmitt,R,33.0%,False
2022,New York,Democratic Primary,Zogby Analytics,"May 7–9, 2020",328 (LV),± 5.4%,Chuck Schumer,D,54%,True
2022,New York,Democratic Primary,Zogby Analytics,"May 7–9, 2020",328 (LV),± 5.4%,Alexandria Ocasio-Cortez,D,21%,False
2022,North Carolina,Democratic Primary,Meredith College,"April 25–27, 2022",392 (LV),± 4.9%,Cheri Beasley,D,49%,False
2022,North Carolina,Democratic Primary,SurveyUSA,"April 6–10, 2022",523 (LV),± 5.3%,Cheri Beasley,D,37%,False
2022,North Carolina,Democratic Primary,Global Strategy Group,"November 1–7, 2021",800 (LV),± 3.5%,Cheri Beasley,D,39%,False
2022,North Carolina,Democratic Primary,Public Policy Polling,"August 31 – September 1, 2021",700 (LV),± 3.7%,Cheri Beasley,D,33%,False
2022,North Carolina,Democratic Primary,Cardinal Point Analytics,"April 20, 2021",500 (LV),± 6.2%,Cheri Beasley,D,32%,False
2022,North Carolina,Democratic Primary,Meredith College,"March 12–15, 2021",312 (LV),± 5.3%,Cheri Beasley,D,13%,False
2022,North Carolina,Democratic Primary,Global Strategy Group,"November 1–7, 2021",800 (LV),± 3.5%,Jeff Jackson,D,25%,False
2022,North Carolina,Democratic Primary,Public Policy Polling,"August 31 – September 1, 2021",700 (LV),± 3.7%,Jeff Jackson,D,24%,False
2022,North Carolina,Democratic Primary,Cardinal Point Analytics,"April 20, 2021",500 (LV),± 6.2%,Jeff Jackson,D,26%,False
2022,North Carolina,Democratic Primary,Meredith College,"March 12–15, 2021",312 (LV),± 5.3%,Jeff Jackson,D,13%,False
2022,North Carolina,Democratic Primary,SurveyUSA,"April 6–10, 2022",523 (LV),± 5.3%,Rett Newton,D,2%,False
2022,North Carolina,Democratic Primary,Cardinal Point Analytics,"April 20, 2021",500 (LV),± 6.2%,Rett Newton,D,8%,False
2022,North Carolina,Democratic Primary,Cardinal Point Analytics,"April 20, 2021",500 (LV),± 6.2%,Erica Smith,D,16%,False
2022,North Carolina,Democratic Primary,Meredith College,"March 12–15, 2021",312 (LV),± 5.3%,Erica Smith,D,11%,False
2022,North Carolina,Democratic Primary,Cardinal Point Analytics,"April 20, 2021",500 (LV),± 6.2%,Richard Watkins,D,3%,False
2022,North Carolina,Democratic Primary,Meredith College,"March 12–15, 2021",312 (LV),± 5.3%,Richard Watkins,D,4%,False
2022,North Carolina,Republican Primary,Real Clear Politics,"April 1 – May 5, 2022",,Budd +18.0,Ted Budd,R,40.3%,False
2022,North Carolina,Republican Primary,Real Clear Politics,"April 1 – May 5, 2022",,Budd +18.0,Marjorie Eastman,R,2.8%,False
2022,North Carolina,Republican Primary,Real Clear Politics,"April 1 – May 5, 2022",,Budd +18.0,Pat McCrory,R,22.3%,False
2022,North Carolina,Republican Primary,Real Clear Politics,"April 1 – May 5, 2022",,Budd +18.0,Mark Walker,R,8.5%,False
2022,Ohio,Democratic Primary,University of Akron,"February 17 – March 15, 2022",,,Morgan Harper,D,18%,False
2022,Ohio,Democratic Primary,Emerson College,"February 25–26, 2022",313 (LV),± 5.5%,Morgan Harper,D,4%,False
2022,Ohio,Democratic Primary,Emerson College,"February 25–26, 2022",313 (LV),± 5.5%,Traci Johnson,D,9%,False
2022,Ohio,Democratic Primary,University of Akron,"February 17 – March 15, 2022",,,Tim Ryan,D,43%,False
2022,Ohio,Democratic Primary,Emerson College,"February 25–26, 2022",313 (LV),± 5.5%,Tim Ryan,D,31%,False
2022,Ohio,Republican Primary,Real Clear Politics,"April 28 – May 1, 2022",,Vance +3.5,Matt Dolan,R,21.5%,False
2022,Ohio,Republican Primary,Real Clear Politics,"April 28 – May 1, 2022",,Vance +3.5,Mike Gibbons,R,15.0%,False
2022,Ohio,Republican Primary,Real Clear Politics,"April 28 – May 1, 2022",,Vance +3.5,Josh Mandel,R,22.5%,False
2022,Ohio,Republican Primary,Real Clear Politics,"April 28 – May 1, 2022",,Vance +3.5,Jane Timken,R,7.0%,False
2022,Ohio,Republican Primary,Real Clear Politics,"April 28 – May 1, 2022",,Vance +3.5,JD Vance,R,26.0%,False
2022,Pennsylvania,Democratic Primary,Real Clear Politics,"March 26 – May 1, 2022",,Fetterman +31.0,John Fetterman,D,43.0%,False
2022,Pennsylvania,Democratic Primary,Real Clear Politics,"March 26 – May 1, 2022",,Fetterman +31.0,Malcolm Kenyatta,D,6.0%,False
2022,Pennsylvania,Democratic Primary,Real Clear Politics,"March 26 – May 1, 2022",,Fetterman +31.0,Conor Lamb,D,12.0%,False
2022,Pennsylvania,Republican Primary,Real Clear Politics,"May 3–16, 2022",,Oz +2.6,Kathy Barnette,R,24.2%,False
2022,Pennsylvania,Republican Primary,Real Clear Politics,"May 3–16, 2022",,Oz +2.6,Jeff Bartos,R,5.4%,False
2022,Pennsylvania,Republican Primary,Real Clear Politics,"May 3–16, 2022",,Oz +2.6,Dave McCormick,R,19.6%,False
2022,Pennsylvania,Republican Primary,Real Clear Politics,"May 3–16, 2022",,Oz +2.6,Mehmet Oz,R,26.8%,False
2022,Pennsylvania,Republican Primary,Real Clear Politics,"May 3–16, 2022",,Oz +2.6,Carla Sands,R,6.0%,False
2022,South Dakota,Republican Primary,South Dakota State University,"May 2–15, 2022",,± 3.0%,Mark Mowry,R,4%,False
2022,South Dakota,Republican Primary,South Dakota State University,"May 2–15, 2022",,± 3.0%,John Thune,R,46%,True
2022,South Dakota,Republican Primary,South Dakota State University,"May 2–15, 2022",,± 3.0%,Bruce Whalen,R,10%,False
2022,Utah,single_party,Dan Jones & Associates,"March 9–21, 2022",484 (LV),± 4.5%,Evan Barlow,R,6%,False
2022,Utah,single_party,Dan Jones & Associates,"March 9–21, 2022",484 (LV),± 4.5%,Loy Brunson,R,1%,False
2022,Utah,single_party,Dan Jones & Associates,"May 7–13, 2022",503 (LV),± 4.3%,Becky Edwards,R,19%,False
2022,Utah,single_party,Dan Jones & Associates,"March 9–21, 2022",484 (LV),± 4.5%,Becky Edwards,R,19%,False
2022,Utah,single_party,OH Predictive Insights,"February 7–14, 2022",366 (RV),± 5.1%,Becky Edwards,R,5%,False
2022,Utah,single_party,Dan Jones & Associates,"October 14–21, 2021",469 (LV),± 4.5%,Becky Edwards,R,7%,False
2022,Utah,single_party,OH Predictive Insights,"August 2–8, 2021",337 (RV),± 5.3%,Becky Edwards,R,3%,False
2022,Utah,single_party,RMG Research,"June 24–25, 2021",587 (LV),± 4.0%,Becky Edwards,R,11%,False
2022,Utah,single_party,Dan Jones & Associates,"March 9–21, 2022",484 (LV),± 4.5%,Jeremy Friedbaum,R,2%,False
2022,Utah,single_party,Dan Jones & Associates,"March 9–21, 2022",484 (LV),± 4.5%,Laird Hamblin,R,1%,False
2022,Utah,single_party,Dan Jones & Associates,"May 7–13, 2022",503 (LV),± 4.3%,Ally Isom,R,6%,False
2022,Utah,single_party,Dan Jones & Associates,"March 9–21, 2022",484 (LV),± 4.5%,Ally Isom,R,4%,False
2022,Utah,single_party,OH Predictive Insights,"February 7–14, 2022",366 (RV),± 5.1%,Ally Isom,R,2%,False
2022,Utah,single_party,Dan Jones & Associates,"October 14–21, 2021",469 (LV),± 4.5%,Ally Isom,R,2%,False
2022,Utah,single_party,OH Predictive Insights,"August 2–8, 2021",337 (RV),± 5.3%,Ally Isom,R,2%,False
2022,Utah,single_party,OH Predictive Insights,"February 7–14, 2022",366 (RV),± 5.1%,Tyrone Jensen,R,2%,False
2022,Utah,single_party,Dan Jones & Associates,"May 7–13, 2022",503 (LV),± 4.3%,Mike Lee,R,49%,True
2022,Utah,single_party,Dan Jones & Associates,"March 9–21, 2022",484 (LV),± 4.5%,Mike Lee,R,67%,True
2022,Utah,single_party,OH Predictive Insights,"February 7–14, 2022",366 (RV),± 5.1%,Mike Lee,R,51%,True
2022,Utah,single_party,Dan Jones & Associates,"October 14–21, 2021",469 (LV),± 4.5%,Mike Lee,R,53%,True
2022,Utah,single_party,OH Predictive Insights,"August 2–8, 2021",337 (RV),± 5.3%,Mike Lee,R,45%,True
2022,Utah,single_party,RMG Research,"June 24–25, 2021",587 (LV),± 4.0%,Mike Lee,R,47%,True
2022,Utah,single_party,OH Predictive Insights,"February 7–14, 2022",366 (RV),± 5.1%,Brendan Wright,R,2%,False
2022,Utah,single_party,OH Predictive Insights,"August 2–8, 2021",337 (RV),± 5.3%,Brendan Wright,R,3%,False
2022,Vermont,Democratic Primary,University of New Hampshire,"July 21–25, 2022",352 (LV),± 5.2%,Isaac,D,6%,False
2022,Vermont,Democratic Primary,University of New Hampshire,"July 21–25, 2022",352 (LV),± 5.2%,Niki Thran,D,1%,False
2022,Vermont,Democratic Primary,University of New Hampshire,"July 21–25, 2022",352 (LV),± 5.2%,Peter<br/ >Welch,D,82%,False
2022,Vermont,Republican Primary,University of New Hampshire,"July 21–25, 2022",196 (LV),± 7.0%,Gerald Malloy,R,30%,False
2022,Vermont,Republican Primary,University of New Hampshire,"July 21–25, 2022",196 (LV),± 7.0%,Myers Mermel,R,3%,False
2022,Vermont,Republican Primary,University of New Hampshire,"July 21–25, 2022",196 (LV),± 7.0%,Christina<br/ >Nolan,R,24%,False
2022,Wisconsin,Democratic Primary,Impact Research,"July 12–17, 2022",600 (LV),± 4.0%,Mandela Barnes,D,39%,False
2022,Wisconsin,Democratic Primary,Change Research,"July 1–7, 2022",560 (LV),± 4.6%,Mandela Barnes,D,40%,False
2022,Wisconsin,Democratic Primary,Marquette University,"June 14–20, 2022",381 (LV),± 6.2%,Mandela Barnes,D,25%,False
2022,Wisconsin,Democratic Primary,Normington Petts,"May 18–22, 2022",700 (LV),± 3.7%,Mandela Barnes,D,34%,False
2022,Wisconsin,Democratic Primary,Marquette University,"April 19–24, 2022",311 (LV),± 6.6%,Mandela Barnes,D,19%,False
2022,Wisconsin,Democratic Primary,Impact Research,"March 16–23, 2022",449 (LV),± 4.6%,Mandela Barnes,D,38%,False
2022,Wisconsin,Democratic Primary,Normington Petts,"February 23–27, 2022",600 (LV),± 4.0%,Mandela Barnes,D,35%,False
2022,Wisconsin,Democratic Primary,Marquette University,"February 22–27, 2022",362 (LV),± 5.7%,Mandela Barnes,D,23%,False
2022,Wisconsin,Democratic Primary,Impact Research,"December 8–16, 2021",842 (LV),± 3.4%,Mandela Barnes,D,40%,False
2022,Wisconsin,Democratic Primary,Data for Progress,"November 11–15, 2021",524 (LV),± 4.0%,Mandela Barnes,D,39%,False
2022,Wisconsin,Democratic Primary,Normington Petts,November 2021,,,Mandela Barnes,D,37%,False
2022,Wisconsin,Democratic Primary,Clarity Campaign Labs,"August 28–30, 2021",698 (LV),± 3.7%,Mandela Barnes,D,37%,False
2022,Wisconsin,Democratic Primary,Normington Petts,August 2021,,,Mandela Barnes,D,43%,False
2022,Wisconsin,Democratic Primary,Impact Research,"July 12–17, 2022",600 (LV),± 4.0%,Sarah Godlewski,D,12%,False
2022,Wisconsin,Democratic Primary,Change Research,"July 1–7, 2022",560 (LV),± 4.6%,Sarah Godlewski,D,12%,False
2022,Wisconsin,Democratic Primary,Marquette University,"June 14–20, 2022",381 (LV),± 6.2%,Sarah Godlewski,D,9%,False
2022,Wisconsin,Democratic Primary,Normington Petts,"May 18–22, 2022",700 (LV),± 3.7%,Sarah Godlewski,D,18%,False
2022,Wisconsin,Democratic Primary,Marquette University,"April 19–24, 2022",311 (LV),± 6.6%,Sarah Godlewski,D,7%,False
2022,Wisconsin,Democratic Primary,Impact Research,"March 16–23, 2022",449 (LV),± 4.6%,Sarah Godlewski,D,9%,False
2022,Wisconsin,Democratic Primary,Normington Petts,"February 23–27, 2022",600 (LV),± 4.0%,Sarah Godlewski,D,7%,False
2022,Wisconsin,Democratic Primary,Marquette University,"February 22–27, 2022",362 (LV),± 5.7%,Sarah Godlewski,D,3%,False
2022,Wisconsin,Democratic Primary,Impact Research,"December 8–16, 2021",842 (LV),± 3.4%,Sarah Godlewski,D,10%,False
2022,Wisconsin,Democratic Primary,Data for Progress,"November 11–15, 2021",524 (LV),± 4.0%,Sarah Godlewski,D,5%,False
2022,Wisconsin,Democratic Primary,Normington Petts,November 2021,,,Sarah Godlewski,D,5%,False
2022,Wisconsin,Democratic Primary,Clarity Campaign Labs,"August 28–30, 2021",698 (LV),± 3.7%,Sarah Godlewski,D,7%,False
2022,Wisconsin,Democratic Primary,Normington Petts,August 2021,,,Sarah Godlewski,D,5%,False
2022,Wisconsin,Democratic Primary,Impact Research,"July 12–17, 2022",600 (LV),± 4.0%,Alex Lasry,D,25%,False
2022,Wisconsin,Democratic Primary,Change Research,"July 1–7, 2022",560 (LV),± 4.6%,Alex Lasry,D,16%,False
2022,Wisconsin,Democratic Primary,Marquette University,"June 14–20, 2022",381 (LV),± 6.2%,Alex Lasry,D,21%,False
2022,Wisconsin,Democratic Primary,Normington Petts,"May 18–22, 2022",700 (LV),± 3.7%,Alex Lasry,D,31%,False
2022,Wisconsin,Democratic Primary,Marquette University,"April 19–24, 2022",311 (LV),± 6.6%,Alex Lasry,D,16%,False
2022,Wisconsin,Democratic Primary,Impact Research,"March 16–23, 2022",449 (LV),± 4.6%,Alex Lasry,D,17%,False
2022,Wisconsin,Democratic Primary,Normington Petts,"February 23–27, 2022",600 (LV),± 4.0%,Alex Lasry,D,27%,False
2022,Wisconsin,Democratic Primary,Marquette University,"February 22–27, 2022",362 (LV),± 5.7%,Alex Lasry,D,13%,False
2022,Wisconsin,Democratic Primary,Impact Research,"December 8–16, 2021",842 (LV),± 3.4%,Alex Lasry,D,11%,False
2022,Wisconsin,Democratic Primary,Data for Progress,"November 11–15, 2021",524 (LV),± 4.0%,Alex Lasry,D,16%,False
2022,Wisconsin,Democratic Primary,Normington Petts,November 2021,,,Alex Lasry,D,15%,False
2022,Wisconsin,Democratic Primary,Clarity Campaign Labs,"August 28–30, 2021",698 (LV),± 3.7%,Alex Lasry,D,5%,False
2022,Wisconsin,Democratic Primary,Normington Petts,August 2021,,,Alex Lasry,D,4%,False
2022,Wisconsin,Democratic Primary,Impact Research,"July 12–17, 2022",600 (LV),± 4.0%,Tom Nelson,D,5%,False
2022,Wisconsin,Democratic Primary,Change Research,"July 1–7, 2022",560 (LV),± 4.6%,Tom Nelson,D,6%,False
2022,Wisconsin,Democratic Primary,Marquette University,"June 14–20, 2022",381 (LV),± 6.2%,Tom Nelson,D,7%,False
2022,Wisconsin,Democratic Primary,Normington Petts,"May 18–22, 2022",700 (LV),± 3.7%,Tom Nelson,D,5%,False
2022,Wisconsin,Democratic Primary,Marquette University,"April 19–24, 2022",311 (LV),± 6.6%,Tom Nelson,D,5%,False
2022,Wisconsin,Democratic Primary,Impact Research,"March 16–23, 2022",449 (LV),± 4.6%,Tom Nelson,D,8%,False
2022,Wisconsin,Democratic Primary,Normington Petts,"February 23–27, 2022",600 (LV),± 4.0%,Tom Nelson,D,7%,False
2022,Wisconsin,Democratic Primary,Marquette University,"February 22–27, 2022",362 (LV),± 5.7%,Tom Nelson,D,5%,False
2022,Wisconsin,Democratic Primary,Impact Research,"December 8–16, 2021",842 (LV),± 3.4%,Tom Nelson,D,8%,False
2022,Wisconsin,Democratic Primary,Data for Progress,"November 11–15, 2021",524 (LV),± 4.0%,Tom Nelson,D,6%,False
2022,Wisconsin,Democratic Primary,Normington Petts,November 2021,,,Tom Nelson,D,7%,False
2022,Wisconsin,Democratic Primary,Clarity Campaign Labs,"August 28–30, 2021",698 (LV),± 3.7%,Tom Nelson,D,8%,False
2022,Wisconsin,Democratic Primary,Normington Petts,August 2021,,,Tom Nelson,D,7%,False
2024,Arizona,Democratic Primary,Emerson College,"August 2–4, 2023",571 (LV),,Ruben Gallego,D,48%,False
2024,Arizona,Democratic Primary,Emerson College,"August 2–4, 2023",571 (LV),,Alexander Keller,D,6%,False
2024,Arizona,Republican Primary,Rasmussen Reports,"February 21–26, 2024",469 (LV),± 3.0%,Kari Lake,R,55%,False
2024,Arizona,Republican Primary,Rasmussen Reports,"February 6–13, 2024",384 (RV),± 5.0%,Kari Lake,R,54%,False
2024,Arizona,Republican Primary,Rasmussen Reports,"February 21–26, 2024",469 (LV),± 3.0%,Mark Lamb,R,26%,False
2024,Arizona,Republican Primary,Rasmussen Reports,"February 6–13, 2024",384 (RV),± 5.0%,Mark Lamb,R,21%,False
2024,Connecticut,Republican Primary,MassINC Polling Group,"September 12–18, 2024",800 (LV),± 3.7%,Chris Murphy,D,51%,True
2024,Connecticut,Republican Primary,MassINC Polling Group,"September 12–18, 2024",800 (LV),± 3.7%,Matthew Corey,R,35%,False
2024,Florida,Democratic Primary,Mainstreet Research,"June 8–9, 2024",346 (RV),± 3.3%,Alan Grayson,D,12%,False
2024,Florida,Democratic Primary,Mainstreet Research,"June 8–9, 2024",346 (RV),± 3.3%,Powell,D,43%,False
2024,Indiana,Republican Primary,SlideShare,"December 9–16, 2022",503 (RV),±4.3%,Jim Banks,R,14%,False
2024,Indiana,Republican Primary,SlideShare,"December 9–16, 2022",503 (RV),±4.3%,Mitch Daniels,R,35%,False
2024,Indiana,Republican Primary,SlideShare,"December 9–16, 2022",503 (RV),±4.3%,Trey Hollingsworth,R,6%,False
2024,Indiana,Republican Primary,SlideShare,"December 9–16, 2022",503 (RV),±4.3%,Victoria Spartz,R,14%,False
2024,Maine,Democratic Primary,University of New Hampshire,"October 29 – November 2, 2024","1,485 (LV)",± 2.4%,Angus King,I,50%,True
2024,Maine,Democratic Primary,SurveyUSA,"October 24–29, 2024","1,079 (LV)",± 3.6%,Angus King,I,54%,True
2024,Maine,Democratic Primary,Pan Atlantic Research,"September 5–15, 2024",812 (LV),± 3.5%,Angus King,I,53%,True
2024,Maine,Democratic Primary,University of New Hampshire,"August 15–19, 2024",951 (LV),± 3.2%,Angus King,I,43%,True
2024,Maine,Democratic Primary,Digital Research,"April 8–30, 2024",609 (RV),± 4.0%,Angus King,I,57%,True
2024,Maine,Democratic Primary,University of New Hampshire,"October 29 – November 2, 2024","1,485 (LV)",± 2.4%,Demi Kouzounas,R,35%,False
2024,Maine,Democratic Primary,SurveyUSA,"October 24–29, 2024","1,079 (LV)",± 3.6%,Demi Kouzounas,R,28%,False
2024,Maine,Democratic Primary,Pan Atlantic Research,"September 5–15, 2024",812 (LV),± 3.5%,Demi Kouzounas,R,23%,False
2024,Maine,Democratic Primary,University of New Hampshire,"August 15–19, 2024",951 (LV),± 3.2%,Demi Kouzounas,R,33%,False
2024,Maine,Democratic Primary,Digital Research,"April 8–30, 2024",609 (RV),± 4.0%,Demi Kouzounas,R,28%,False
2024,Maine,Democratic Primary,University of New Hampshire,"October 29 – November 2, 2024","1,485 (LV)",± 2.4%,David Costello,D,7%,False
2024,Maine,Democratic Primary,SurveyUSA,"October 24–29, 2024","1,079 (LV)",± 3.6%,David Costello,D,8%,False
2024,Maine,Democratic Primary,Pan Atlantic Research,"September 5–15, 2024",812 (LV),± 3.5%,David Costello,D,8%,False
2024,Maine,Democratic Primary,University of New Hampshire,"August 15–19, 2024",951 (LV),± 3.2%,David Costello,D,9%,False
2024,Maine,Democratic Primary,Digital Research,"April 8–30, 2024",609 (RV),± 4.0%,David Costello,D,12%,False
2024,Massachusetts,Republican Primary,YouGov,"May 17–30, 2024",292 (A),± 4.4%,Robert Antonellis,R,19%,False
2024,Massachusetts,Republican Primary,Suffolk University,"April 16–20, 2024",99(LV),± 4.4%,Robert Antonellis,R,4%,False
2024,Massachusetts,Republican Primary,YouGov,"May 17–30, 2024",292 (A),± 4.4%,Ian Cain,R,5%,False
2024,Massachusetts,Republican Primary,Suffolk University,"April 16–20, 2024",99(LV),± 4.4%,Ian Cain,R,2%,False
2024,Massachusetts,Republican Primary,YouGov,"May 17–30, 2024",292 (A),± 4.4%,John Deaton,R,15%,False
2024,Massachusetts,Republican Primary,Suffolk University,"April 16–20, 2024",99(LV),± 4.4%,John Deaton,R,4%,False
2024,Michigan,single_party,Public Policy Polling,"December 28–29, 2023",549 (LV),,Nasser Beydoun,D,2%,False
2024,Michigan,single_party,Emerson College,"August 1–2, 2023",551 (RV),± 4.1%,Nasser Beydoun,D,2%,False
2024,Michigan,single_party,Public Policy Polling,"December 28–29, 2023",549 (LV),,Hill Harper,D,12%,False
2024,Michigan,single_party,Emerson College,"August 1–2, 2023",551 (RV),± 4.1%,Hill Harper,D,8%,False
2024,Michigan,single_party,Public Policy Polling,"December 28–29, 2023",549 (LV),,Leslie Love,D,3%,False
2024,Michigan,single_party,Emerson College,"August 1–2, 2023",551 (RV),± 4.1%,Leslie Love,D,2%,False
2024,Michigan,single_party,Public Policy Polling,"December 28–29, 2023",549 (LV),,Elissa Slotkin,D,50%,False
2024,Michigan,single_party,Emerson College,"August 1–2, 2023",551 (RV),± 4.1%,Elissa Slotkin,D,34%,False
2024,Minnesota,single_party,RealClearPolitics,"October 16 - November 4, 2024",,Klobuchar +13.0%,Amy Klobuchar (DFL),R,52.0%,False
2024,Minnesota,single_party,538,"through November 4, 2024",,Klobuchar +12.8%,Amy Klobuchar (DFL),R,51.2%,False
2024,Minnesota,single_party,270toWin,"October 16 - November 4, 2024",,Klobuchar +13.7%,Amy Klobuchar (DFL),R,49.7%,False
2024,Minnesota,single_party,RealClearPolitics,"October 16 - November 4, 2024",,Klobuchar +13.0%,Royce White,R,39.0%,False
2024,Minnesota,single_party,538,"through November 4, 2024",,Klobuchar +12.8%,Royce White,R,38.4%,False
2024,Minnesota,single_party,270toWin,"October 16 - November 4, 2024",,Klobuchar +13.7%,Royce White,R,36.0%,False
2024,Montana,Republican Primary,Public Policy Polling,"June 19–20, 2023",510 (LV),± 4.3%,Matt Rosendale,R,64%,False
2024,Montana,Republican Primary,Public Policy Polling,"June 19–20, 2023",510 (LV),± 4.3%,Tim Sheehy,R,10%,False
2024,Nebraska,Democratic Primary,538,"through October 31, 2024",,Fischer +2.4,Deb Fischer,R,46.6%,True
2024,Nebraska,Democratic Primary,TheHill,"through October 31, 2024",,Fischer +1.3,Deb Fischer,R,48.3%,True
2024,Nebraska,Democratic Primary,Race to the WH,"through October 28, 2024",,Fischer +1.0,Deb Fischer,R,47.0%,True
2024,Nebraska,Democratic Primary,538,"through October 31, 2024",,Fischer +2.4,Dan Osborn,I,44.2%,False
2024,Nebraska,Democratic Primary,TheHill,"through October 31, 2024",,Fischer +1.3,Dan Osborn,I,47.0%,False
2024,Nebraska,Democratic Primary,Race to the WH,"through October 28, 2024",,Fischer +1.0,Dan Osborn,I,46.0%,False
2024,Nebraska (special),Democratic Primary,Economist,"October 21–28, 2024","1,202 (LV)",± 3.5%,Pete Ricketts,R,54%,True
2024,Nebraska (special),Democratic Primary,NYT,"October 23–26, 2024","1,194 (LV)",± 3.2%,Pete Ricketts,R,56%,True
2024,Nebraska (special),Democratic Primary,SurveyUSA,"October 9–12, 2024",563 (LV),± 4.7%,Pete Ricketts,R,53%,True
2024,Nebraska (special),Democratic Primary,SurveyUSA,"September 20–23, 2024",558 (LV),± 4.8%,Pete Ricketts,R,53%,True
2024,Nebraska (special),Democratic Primary,SurveyUSA,"August 23–27, 2024","1,293 (RV)",± 3.6%,Pete Ricketts,R,50%,True
2024,Nebraska (special),Democratic Primary,Economist,"October 21–28, 2024","1,202 (LV)",± 3.5%,Preston Love Jr.,D,36%,False
2024,Nebraska (special),Democratic Primary,NYT,"October 23–26, 2024","1,194 (LV)",± 3.2%,Preston Love Jr.,D,38%,False
2024,Nebraska (special),Democratic Primary,SurveyUSA,"October 9–12, 2024",563 (LV),± 4.7%,Preston Love Jr.,D,37%,False
2024,Nebraska (special),Democratic Primary,SurveyUSA,"September 20–23, 2024",558 (LV),± 4.8%,Preston Love Jr.,D,35%,False
2024,Nebraska (special),Democratic Primary,SurveyUSA,"August 23–27, 2024","1,293 (RV)",± 3.6%,Preston Love Jr.,D,33%,False
2024,Nevada,Republican Primary,Tarrance Group,"May 13–16, 2024",500 (LV),± 4.5%,Sam Brown,R,52%,False
2024,Nevada,Republican Primary,Tarrance Group,"April 7–10, 2024",500 (LV),± 4.5%,Sam Brown,R,58%,False
2024,Nevada,Republican Primary,Tarrance Group,"February 27 – March 5, 2024",296 (RV),± 5.7%,Sam Brown,R,39%,False
2024,Nevada,Republican Primary,Tarrance Group,"October 23–26, 2023",600 (LV),± 4.1%,Sam Brown,R,24%,False
2024,Nevada,Republican Primary,Public Opinion Strategies,"August 15–17, 2023",500 (LV),± 4.4%,Sam Brown,R,33%,False
2024,Nevada,Republican Primary,Tarrance Group,"April 7–10, 2024",500 (LV),± 4.5%,Tony Grady,R,3%,False
2024,Nevada,Republican Primary,Tarrance Group,"October 23–26, 2023",600 (LV),± 4.1%,Tony Grady,R,5%,False
2024,Nevada,Republican Primary,Public Opinion Strategies,"August 15–17, 2023",500 (LV),± 4.4%,Tony Grady,R,2%,False
2024,Nevada,Republican Primary,Tarrance Group,"May 13–16, 2024",500 (LV),± 4.5%,Jeff Gunter,R,14%,False
2024,Nevada,Republican Primary,Tarrance Group,"April 7–10, 2024",500 (LV),± 4.5%,Jeff Gunter,R,3%,False
2024,Nevada,Republican Primary,Tarrance Group,"October 23–26, 2023",600 (LV),± 4.1%,Jeff Gunter,R,1%,False
2024,Nevada,Republican Primary,Public Opinion Strategies,"August 15–17, 2023",500 (LV),± 4.4%,Jeff Gunter,R,1%,False
2024,Nevada,Republican Primary,Tarrance Group,"May 13–16, 2024",500 (LV),± 4.5%,Jim Marchant,R,7%,False
2024,Nevada,Republican Primary,Tarrance Group,"April 7–10, 2024",500 (LV),± 4.5%,Jim Marchant,R,6%,False
2024,Nevada,Republican Primary,Tarrance Group,"February 27 – March 5, 2024",296 (RV),± 5.7%,Jim Marchant,R,26%,False
2024,Nevada,Republican Primary,Tarrance Group,"October 23–26, 2023",600 (LV),± 4.1%,Jim Marchant,R,9%,False
2024,Nevada,Republican Primary,Public Opinion Strategies,"August 15–17, 2023",500 (LV),± 4.4%,Jim Marchant,R,15%,False
2024,New Jersey,Democratic Primary,Emerson College,"March 26–29, 2024",408 (RV),± 4.8%,Patricia,D,6%,False
2024,New Jersey,Democratic Primary,Braun Research,"January 21–28, 2024",504 (LV),± 4.5%,Patricia,D,8%,False
2024,New Jersey,Democratic Primary,Emerson College,"March 26–29, 2024",408 (RV),± 4.8%,Lawrence Hamm,D,5%,False
2024,New Jersey,Democratic Primary,Breakthrough Campaigns,"December 7–14, 2023","1,040 (LV)",± 3.0%,Lawrence Hamm,D,4%,False
2024,New Jersey,Democratic Primary,Braun Research,"January 21–28, 2024",504 (LV),± 4.5%,Bob Menendez,D,9%,False
2024,New Jersey,Democratic Primary,Breakthrough Campaigns,"December 7–14, 2023","1,040 (LV)",± 3.0%,Bob Menendez,D,6%,False
2024,New Jersey,Democratic Primary,Public Policy Polling,"November 13–14, 2023",560 (LV),,Bob Menendez,D,5%,False
2024,New Jersey,Democratic Primary,Public Policy Polling,"October 3–4, 2023",502 (LV),± 4.4%,Bob Menendez,D,5%,False
2024,New Jersey,Democratic Primary,Data for Progress,"September 29 – October 3, 2023",551 (LV),± 4.4%,Bob Menendez,D,9%,False
2024,New Jersey,Democratic Primary,Emerson College,"March 26–29, 2024",408 (RV),± 4.8%,Andy Kim,D,51%,False
2024,New Jersey,Democratic Primary,Braun Research,"January 21–28, 2024",504 (LV),± 4.5%,Andy Kim,D,32%,False
2024,New Jersey,Democratic Primary,Breakthrough Campaigns,"December 7–14, 2023","1,040 (LV)",± 3.0%,Andy Kim,D,45%,False
2024,New Jersey,Democratic Primary,Public Policy Polling,"November 13–14, 2023",560 (LV),,Andy Kim,D,40%,False
2024,New Jersey,Democratic Primary,Public Policy Polling,"October 3–4, 2023",502 (LV),± 4.4%,Andy Kim,D,42%,False
2024,New Jersey,Democratic Primary,Data for Progress,"September 29 – October 3, 2023",551 (LV),± 4.4%,Andy Kim,D,48%,False
2024,New Jersey,Democratic Primary,Braun Research,"January 21–28, 2024",504 (LV),± 4.5%,Tammy Murphy,D,20%,False
2024,New Jersey,Democratic Primary,Breakthrough Campaigns,"December 7–14, 2023","1,040 (LV)",± 3.0%,Tammy Murphy,D,22%,False
2024,New Jersey,Democratic Primary,Public Policy Polling,"November 13–14, 2023",560 (LV),,Tammy Murphy,D,21%,False
2024,New Jersey,Democratic Primary,Public Policy Polling,"October 3–4, 2023",502 (LV),± 4.4%,Tammy Murphy,D,19%,False
2024,New Jersey,Republican Primary,Emerson College,"March 26–29, 2024",310 (RV),± 5.5%,Curtis Bashaw,R,3%,False
2024,New Jersey,Republican Primary,Emerson College,"March 26–29, 2024",310 (RV),± 5.5%,Albert Harshaw,R,2%,False
2024,New Jersey,Republican Primary,Emerson College,"March 26–29, 2024",310 (RV),± 5.5%,Justin Murphy,R,4%,False
2024,New Jersey,Republican Primary,Emerson College,"March 26–29, 2024",310 (RV),± 5.5%,Peter Vallorosi,R,3%,False
2024,New Jersey,Republican Primary,Emerson College,"March 26–29, 2024",310 (RV),± 5.5%,Christine,R,5%,False
2024,New Mexico,Republican Primary,FiveThirtyEight,"through November 3, 2024",,Heinrich +9.5,Martin Heinrich,D,48.4%,True
2024,New Mexico,Republican Primary,RCP,"June 13 – October 26, 2024",,Heinrich +9.4,Martin Heinrich,D,48.7%,True
2024,New Mexico,Republican Primary,270ToWin,"October 22 – November 4, 2024",,Heinrich +6.0%,Martin Heinrich,D,50.5%,True
2024,New Mexico,Republican Primary,TheHill,"through November 3, 2024",,Heinrich +7.7%,Martin Heinrich,D,50.8%,True
2024,New Mexico,Republican Primary,FiveThirtyEight,"through November 3, 2024",,Heinrich +9.5,Nella Domenici,R,38.9%,False
2024,New Mexico,Republican Primary,RCP,"June 13 – October 26, 2024",,Heinrich +9.4,Nella Domenici,R,39.3%,False
2024,New Mexico,Republican Primary,270ToWin,"October 22 – November 4, 2024",,Heinrich +6.0%,Nella Domenici,R,44.5%,False
2024,New Mexico,Republican Primary,TheHill,"through November 3, 2024",,Heinrich +7.7%,Nella Domenici,R,43.1%,False
2024,New York,single_party,American Pulse & Research Polling,"November 30 – December 1, 2023",417 (V),± 4.8%,Kirsten Gillibrand,D,49%,True
2024,New York,single_party,American Pulse & Research Polling,"November 30 – December 1, 2023",417 (V),± 4.8%,Andrew Cuomo,D,35%,False
2024,North Dakota,single_party,WPA Intelligence,"September 28–30, 2024",500 (LV),± 4.4%,Kevin Cramer,R,51%,True
2024,North Dakota,single_party,Lake Research Partners,"September 23–26, 2024",500 (LV),± 4.4%,Kevin Cramer,R,49%,True
2024,North Dakota,single_party,WPA Intelligence,"September 22–24, 2024",521 (LV),± 4.4%,Kevin Cramer,R,60%,True
2024,North Dakota,single_party,Lake Research Partners,"June 28 – August 2, 2024",500 (LV),± 4.4%,Kevin Cramer,R,51%,True
2024,North Dakota,single_party,Public Opinion Strategies,"June 15–19, 2024",500 (LV),± 4.4%,Kevin Cramer,R,65%,True
2024,North Dakota,single_party,Emerson College,"October 1–4, 2023",419 (RV),± 4.8%,Kevin Cramer,R,45%,True
2024,North Dakota,single_party,WPA Intelligence,"September 28–30, 2024",500 (LV),± 4.4%,Katrina Christiansen,D,29%,False
2024,North Dakota,single_party,Lake Research Partners,"September 23–26, 2024",500 (LV),± 4.4%,Katrina Christiansen,D,40%,False
2024,North Dakota,single_party,WPA Intelligence,"September 22–24, 2024",521 (LV),± 4.4%,Katrina Christiansen,D,31%,False
2024,North Dakota,single_party,Lake Research Partners,"June 28 – August 2, 2024",500 (LV),± 4.4%,Katrina Christiansen,D,38%,False
2024,North Dakota,single_party,Public Opinion Strategies,"June 15–19, 2024",500 (LV),± 4.4%,Katrina Christiansen,D,28%,False
2024,North Dakota,single_party,Emerson College,"October 1–4, 2023",419 (RV),± 4.8%,Katrina Christiansen,D,19%,False
2024,Ohio,Democratic Primary,Ohio Northern University,"October 16–19, 2023",256 (LV),± 8.3%,Sherrod Brown,D,58%,True
2024,Ohio,Democratic Primary,Ohio Northern University,"July 17–26, 2023",675 (RV),± 3.7%,Sherrod Brown,D,59%,True
2024,Ohio,Democratic Primary,Ohio Northern University,"October 16–19, 2023",256 (LV),± 8.3%,Shontel Brown,D,6%,False
2024,Ohio,Democratic Primary,Ohio Northern University,"July 17–26, 2023",675 (RV),± 3.7%,Shontel Brown,D,7%,False
2024,Ohio,Democratic Primary,Ohio Northern University,"October 16–19, 2023",256 (LV),± 8.3%,Tim Ryan,D,15%,False
2024,Ohio,Democratic Primary,Ohio Northern University,"July 17–26, 2023",675 (RV),± 3.7%,Tim Ryan,D,17%,False
2024,Ohio,Republican Primary,Mainstreet Research,"March 13–15, 2024",818 (RV),± 3.4%,Matt Dolan,R,31%,False
2024,Ohio,Republican Primary,SurveyUSA,"March 6–11, 2024",533 (LV),± 3.3%,Matt Dolan,R,18%,False
2024,Ohio,Republican Primary,Emerson College,"March 7–10, 2024",443 (LV),± 2.6%,Matt Dolan,R,26%,False
2024,Ohio,Republican Primary,SurveyUSA,"February 27 – March 3, 2024",568 (LV),± 4.6%,Matt Dolan,R,27%,False
2024,Ohio,Republican Primary,SurveyUSA,"February 25–26, 2024",500 (LV),± 4.4%,Matt Dolan,R,19%,False
2024,Ohio,Republican Primary,Emerson College,"January 23–25, 2024",1844 (RV),± 2.3%,Matt Dolan,R,15%,False
2024,Ohio,Republican Primary,Emerson College,"December 12–14, 2023",600 (LV),± 4.0%,Matt Dolan,R,16%,False
2024,Ohio,Republican Primary,SurveyUSA,"December 8–12, 2023",573 (LV),± 4.6%,Matt Dolan,R,18%,False
2024,Ohio,Republican Primary,SurveyUSA,"December 3–5, 2023",600 (LV),± 4.0%,Matt Dolan,R,18%,False
2024,Ohio,Republican Primary,SurveyUSA,"November 18–20, 2023",950 (LV),± 3.18%,Matt Dolan,R,13%,False
2024,Ohio,Republican Primary,Emerson College,"November 10–13, 2023",468 (LV),± 4.5%,Matt Dolan,R,15%,False
2024,Ohio,Republican Primary,Data for Progress,"October 31 – November 2, 2023",294 (LV),± 6.0%,Matt Dolan,R,20%,False
2024,Ohio,Republican Primary,Ohio Northern University,"October 16–19, 2023",269 (LV),± 8.2%,Matt Dolan,R,13%,False
2024,Ohio,Republican Primary,Ohio Northern University,"July 17–26, 2023",675 (RV),± 3.7%,Matt Dolan,R,18%,False
2024,Ohio,Republican Primary,Suffolk,"July 9–12, 2023",190 (RV),,Matt Dolan,R,14%,False
2024,Ohio,Republican Primary,East Carolina University,"June 21–24, 2023",405 (RV),± 4.0%,Matt Dolan,R,14%,False
2024,Ohio,Republican Primary,East Carolina University,"May 19–27, 2023",526 (RV),± 2.5%,Matt Dolan,R,11%,False
2024,Ohio,Republican Primary,Mainstreet Research,"March 13–15, 2024",818 (RV),± 3.4%,Frank LaRose,R,19%,False
2024,Ohio,Republican Primary,SurveyUSA,"March 6–11, 2024",533 (LV),± 3.3%,Frank LaRose,R,16%,False
2024,Ohio,Republican Primary,Emerson College,"March 7–10, 2024",443 (LV),± 2.6%,Frank LaRose,R,16%,False
2024,Ohio,Republican Primary,SurveyUSA,"February 27 – March 3, 2024",568 (LV),± 4.6%,Frank LaRose,R,21%,False
2024,Ohio,Republican Primary,SurveyUSA,"February 25–26, 2024",500 (LV),± 4.4%,Frank LaRose,R,21%,False
2024,Ohio,Republican Primary,Emerson College,"January 23–25, 2024",1844 (RV),± 2.3%,Frank LaRose,R,21%,False
2024,Ohio,Republican Primary,Emerson College,"December 12–14, 2023",600 (LV),± 4.0%,Frank LaRose,R,18%,False
2024,Ohio,Republican Primary,SurveyUSA,"December 8–12, 2023",573 (LV),± 4.6%,Frank LaRose,R,33%,False
2024,Ohio,Republican Primary,SurveyUSA,"December 3–5, 2023",600 (LV),± 4.0%,Frank LaRose,R,19%,False
2024,Ohio,Republican Primary,SurveyUSA,"November 18–20, 2023",950 (LV),± 3.18%,Frank LaRose,R,14%,False
2024,Ohio,Republican Primary,Emerson College,"November 10–13, 2023",468 (LV),± 4.5%,Frank LaRose,R,18%,False
2024,Ohio,Republican Primary,Data for Progress,"October 31 – November 2, 2023",294 (LV),± 6.0%,Frank LaRose,R,30%,False
2024,Ohio,Republican Primary,Ohio Northern University,"October 16–19, 2023",269 (LV),± 8.2%,Frank LaRose,R,30%,False
2024,Ohio,Republican Primary,Ohio Northern University,"July 17–26, 2023",675 (RV),± 3.7%,Frank LaRose,R,32%,False
2024,Ohio,Republican Primary,Suffolk,"July 9–12, 2023",190 (RV),,Frank LaRose,R,19%,False
2024,Ohio,Republican Primary,East Carolina University,"June 21–24, 2023",405 (RV),± 4.0%,Frank LaRose,R,17%,False
2024,Ohio,Republican Primary,East Carolina University,"May 19–27, 2023",526 (RV),± 2.5%,Frank LaRose,R,24%,False
2024,Ohio,Republican Primary,Mainstreet Research,"March 13–15, 2024",818 (RV),± 3.4%,Bernie Moreno,R,29%,False
2024,Ohio,Republican Primary,SurveyUSA,"March 6–11, 2024",533 (LV),± 3.3%,Bernie Moreno,R,22%,False
2024,Ohio,Republican Primary,Emerson College,"March 7–10, 2024",443 (LV),± 2.6%,Bernie Moreno,R,23%,False
2024,Ohio,Republican Primary,SurveyUSA,"February 27 – March 3, 2024",568 (LV),± 4.6%,Bernie Moreno,R,29%,False
2024,Ohio,Republican Primary,SurveyUSA,"February 25–26, 2024",500 (LV),± 4.4%,Bernie Moreno,R,31%,False
2024,Ohio,Republican Primary,Emerson College,"January 23–25, 2024",1844 (RV),± 2.3%,Bernie Moreno,R,22%,False
2024,Ohio,Republican Primary,Emerson College,"December 12–14, 2023",600 (LV),± 4.0%,Bernie Moreno,R,22%,False
2024,Ohio,Republican Primary,SurveyUSA,"December 8–12, 2023",573 (LV),± 4.6%,Bernie Moreno,R,12%,False
2024,Ohio,Republican Primary,SurveyUSA,"December 3–5, 2023",600 (LV),± 4.0%,Bernie Moreno,R,23%,False
2024,Ohio,Republican Primary,SurveyUSA,"November 18–20, 2023",950 (LV),± 3.18%,Bernie Moreno,R,15%,False
2024,Ohio,Republican Primary,Emerson College,"November 10–13, 2023",468 (LV),± 4.5%,Bernie Moreno,R,10%,False
2024,Ohio,Republican Primary,Data for Progress,"October 31 – November 2, 2023",294 (LV),± 6.0%,Bernie Moreno,R,7%,False
2024,Ohio,Republican Primary,Ohio Northern University,"October 16–19, 2023",269 (LV),± 8.2%,Bernie Moreno,R,7%,False
2024,Ohio,Republican Primary,Ohio Northern University,"July 17–26, 2023",675 (RV),± 3.7%,Bernie Moreno,R,7%,False
2024,Ohio,Republican Primary,Suffolk,"July 9–12, 2023",190 (RV),,Bernie Moreno,R,9%,False
2024,Ohio,Republican Primary,East Carolina University,"June 21–24, 2023",405 (RV),± 4.0%,Bernie Moreno,R,7%,False
2024,Ohio,Republican Primary,East Carolina University,"May 19–27, 2023",526 (RV),± 2.5%,Bernie Moreno,R,6%,False
2024,Pennsylvania,Republican Primary,Public Policy Polling,"March 9–10, 2023",616 (LV),,Kathy Barnette,R,11%,False
2024,Pennsylvania,Republican Primary,Public Policy Polling,"March 9–10, 2023",616 (LV),,Doug Mastriano,R,39%,False
2024,Pennsylvania,Republican Primary,Public Policy Polling,"March 9–10, 2023",616 (LV),,David McCormick,R,21%,False
2024,Rhode Island,Republican Primary,University of New Hampshire,"October 29 – November 2, 2024",708 (LV),± 3.7%,Sheldon Whitehouse,D,54%,True
2024,Rhode Island,Republican Primary,Embold Research,"September 16–20, 2024",876 (LV),± 3.5%,Sheldon Whitehouse,D,52%,True
2024,Rhode Island,Republican Primary,MassINC Polling Group,"September 12–18, 2024",800 (LV),± 3.9%,Sheldon Whitehouse,D,52%,True
2024,Rhode Island,Republican Primary,University of New Hampshire,"September 12–16, 2024",683 (LV),± 3.7%,Sheldon Whitehouse,D,51%,True
2024,Rhode Island,Republican Primary,University of Rhode Island,"August 15 - September 8, 2024",500 (A),± 6.02%,Sheldon Whitehouse,D,52%,True
2024,Rhode Island,Republican Primary,University of New Hampshire,"October 29 – November 2, 2024",708 (LV),± 3.7%,Patricia Morgan,R,40%,False
2024,Rhode Island,Republican Primary,Embold Research,"September 16–20, 2024",876 (LV),± 3.5%,Patricia Morgan,R,36%,False
2024,Rhode Island,Republican Primary,MassINC Polling Group,"September 12–18, 2024",800 (LV),± 3.9%,Patricia Morgan,R,37%,False
2024,Rhode Island,Republican Primary,University of New Hampshire,"September 12–16, 2024",683 (LV),± 3.7%,Patricia Morgan,R,33%,False
2024,Rhode Island,Republican Primary,University of Rhode Island,"August 15 - September 8, 2024",500 (A),± 6.02%,Patricia Morgan,R,24%,False
2024,Tennessee,single_party,Targoz Market Research,"March 15 – April 2, 2024",282 (LV),± 2.77%,Marquita Bradshaw,D,7%,False
2024,Tennessee,single_party,Targoz Market Research,"December 14–28, 2023",251 (LV),± 2.66%,Marquita Bradshaw,D,11%,False
2024,Tennessee,single_party,Targoz Market Research,"March 15 – April 2, 2024",282 (LV),± 2.77%,Gloria Johnson,D,38%,False
2024,Tennessee,single_party,Targoz Market Research,"December 14–28, 2023",251 (LV),± 2.66%,Gloria Johnson,D,41%,False
2024,Tennessee,single_party,Targoz Market Research,"March 15 – April 2, 2024",282 (LV),± 2.77%,Civil Miller-Watkins,D,2%,False
2024,Tennessee,single_party,Targoz Market Research,"December 14–28, 2023",251 (LV),± 2.66%,Civil Miller-Watkins,D,2%,False
2024,Texas,Democratic Primary,UT Tyler,"February 18–26, 2024",441 (LV),± 5.3%,Colin Allred,D,37%,False
2024,Texas,Democratic Primary,YouGov,"February 2–12, 2024",354 (RV),± 5.2%,Colin Allred,D,52%,False
2024,Texas,Democratic Primary,YouGov,"January 11–24, 2024","1,500 (LV)",± 2.5%,Colin Allred,D,40%,False
2024,Texas,Democratic Primary,Emerson College,"January 13–15, 2024",460 (RV),± 4.8%,Colin Allred,D,29%,False
2024,Texas,Democratic Primary,YouGov,"December 1–10, 2023",415 (RV),± 4.8%,Colin Allred,D,28%,False
2024,Texas,Democratic Primary,YouGov,"October 5–17, 2023",409 (RV),± 4.8%,Colin Allred,D,21%,False
2024,Texas,Democratic Primary,YouGov,"May 8–17, 2023","1,000 (RV)",± 2.9%,Colin Allred,D,33%,False
2024,Texas,Democratic Primary,YouGov,"February 2–12, 2024",354 (RV),± 5.2%,Meri Gomez,D,3%,False
2024,Texas,Democratic Primary,YouGov,"January 11–24, 2024","1,500 (LV)",± 2.5%,Meri Gomez,D,4%,False
2024,Texas,Democratic Primary,Emerson College,"January 13–15, 2024",460 (RV),± 4.8%,Meri Gomez,D,4%,False
2024,Texas,Democratic Primary,YouGov,"December 1–10, 2023",415 (RV),± 4.8%,Meri Gomez,D,3%,False
2024,Texas,Democratic Primary,YouGov,"October 5–17, 2023",409 (RV),± 4.8%,Meri Gomez,D,2%,False
2024,Texas,Democratic Primary,YouGov,"February 2–12, 2024",354 (RV),± 5.2%,Mark Gonzalez,D,5%,False
2024,Texas,Democratic Primary,YouGov,"January 11–24, 2024","1,500 (LV)",± 2.5%,Mark Gonzalez,D,2%,False
2024,Texas,Democratic Primary,Emerson College,"January 13–15, 2024",460 (RV),± 4.8%,Mark Gonzalez,D,6%,False
2024,Texas,Democratic Primary,YouGov,"December 1–10, 2023",415 (RV),± 4.8%,Mark Gonzalez,D,2%,False
2024,Texas,Democratic Primary,YouGov,"October 5–17, 2023",409 (RV),± 4.8%,Mark Gonzalez,D,2%,False
2024,Texas,Democratic Primary,UT Tyler,"February 18–26, 2024",441 (LV),± 5.3%,Roland Gutierrez,D,22%,False
2024,Texas,Democratic Primary,YouGov,"February 2–12, 2024",354 (RV),± 5.2%,Roland Gutierrez,D,14%,False
2024,Texas,Democratic Primary,YouGov,"January 11–24, 2024","1,500 (LV)",± 2.5%,Roland Gutierrez,D,12%,False
2024,Texas,Democratic Primary,Emerson College,"January 13–15, 2024",460 (RV),± 4.8%,Roland Gutierrez,D,7%,False
2024,Texas,Democratic Primary,YouGov,"December 1–10, 2023",415 (RV),± 4.8%,Roland Gutierrez,D,7%,False
2024,Texas,Democratic Primary,YouGov,"October 5–17, 2023",409 (RV),± 4.8%,Roland Gutierrez,D,10%,False
2024,Texas,Democratic Primary,YouGov,"May 8–17, 2023","1,000 (RV)",± 2.9%,Roland Gutierrez,D,22%,False
2024,Texas,Democratic Primary,UT Tyler,"February 18–26, 2024",441 (LV),± 5.3%,Carl Sherman,D,6%,False
2024,Texas,Democratic Primary,YouGov,"February 2–12, 2024",354 (RV),± 5.2%,Carl Sherman,D,2%,False
2024,Texas,Democratic Primary,YouGov,"January 11–24, 2024","1,500 (LV)",± 2.5%,Carl Sherman,D,1%,False
2024,Texas,Democratic Primary,Emerson College,"January 13–15, 2024",460 (RV),± 4.8%,Carl Sherman,D,2%,False
2024,Texas,Democratic Primary,YouGov,"December 1–10, 2023",415 (RV),± 4.8%,Carl Sherman,D,2%,False
2024,Texas,Democratic Primary,YouGov,"October 5–17, 2023",409 (RV),± 4.8%,Carl Sherman,D,2%,False
2024,Texas,Republican Primary,YouGov,"February 2–12, 2024",492 (RV),± 4.4%,Ted Cruz,R,82%,True
2024,Texas,Republican Primary,YouGov,"February 2–12, 2024",492 (RV),± 4.4%,Holland Gibson,R,7%,False
2024,Texas,Republican Primary,YouGov,"February 2–12, 2024",492 (RV),± 4.4%,Rufus Lopez,R,3%,False
2024,Utah,Democratic Primary,TheHill,"through October 28, 2024",,Curtis +26.1,John Curtis,R,51.9%,False
2024,Utah,Democratic Primary,TheHill,"through October 28, 2024",,Curtis +26.1,Caroline Gleich,D,25.8%,False
2024,Utah,Republican Primary,HarrisX,"June 4–7, 2024",469 (RV),± 4.5%,John Curtis,R,34%,False
2024,Utah,Republican Primary,The Salt Lake Tribune,"April 30 – May 3, 2024",600 (LV),± 4.0%,John Curtis,R,41%,False
2024,Utah,Republican Primary,The Salt Lake Tribune,"April 8–16, 2024",283 (RV),± 5.8%,John Curtis,R,27%,False
2024,Utah,Republican Primary,Deseret News,"January 16–21, 2024",428 (RV),± 4.7%,John Curtis,R,18%,False
2024,Utah,Republican Primary,The Salt Lake Tribune,"November 28 – December 5, 2023",600 (RV),± 4.0%,John Curtis,R,40%,False
2024,Utah,Republican Primary,HarrisX,"June 4–7, 2024",469 (RV),± 4.5%,Trent Staggs,R,16%,False
2024,Utah,Republican Primary,The Salt Lake Tribune,"April 30 – May 3, 2024",600 (LV),± 4.0%,Trent Staggs,R,15%,False
2024,Utah,Republican Primary,The Salt Lake Tribune,"April 8–16, 2024",283 (RV),± 5.8%,Trent Staggs,R,5%,False
2024,Utah,Republican Primary,Deseret News,"January 16–21, 2024",428 (RV),± 4.7%,Trent Staggs,R,3%,False
2024,Utah,Republican Primary,The Salt Lake Tribune,"November 28 – December 5, 2023",600 (RV),± 4.0%,Trent Staggs,R,6%,False
2024,Utah,Republican Primary,HarrisX,"June 4–7, 2024",469 (RV),± 4.5%,Jason Walton,R,4%,False
2024,Utah,Republican Primary,The Salt Lake Tribune,"April 30 – May 3, 2024",600 (LV),± 4.0%,Jason Walton,R,2%,False
2024,Utah,Republican Primary,The Salt Lake Tribune,"April 8–16, 2024",283 (RV),± 5.8%,Jason Walton,R,2%,False
2024,Utah,Republican Primary,Deseret News,"January 16–21, 2024",428 (RV),± 4.7%,Jason Walton,R,1%,False
2024,Utah,Republican Primary,HarrisX,"June 4–7, 2024",469 (RV),± 4.5%,Brad Wilson,R,12%,False
2024,Utah,Republican Primary,The Salt Lake Tribune,"April 30 – May 3, 2024",600 (LV),± 4.0%,Brad Wilson,R,9%,False
2024,Utah,Republican Primary,The Salt Lake Tribune,"April 8–16, 2024",283 (RV),± 5.8%,Brad Wilson,R,10%,False
2024,Utah,Republican Primary,Deseret News,"January 16–21, 2024",428 (RV),± 4.7%,Brad Wilson,R,8%,False
2024,Utah,Republican Primary,The Salt Lake Tribune,"November 28 – December 5, 2023",600 (RV),± 4.0%,Brad Wilson,R,11%,False
2024,Virginia,Republican Primary,FiveThirtyEight,"through November 4, 2024",,Kaine +10.7%,Tim Kaine,D,51.9%,True
2024,Virginia,Republican Primary,RealClearPolitics,"October 19 – November 4, 2024",,Kaine +10.8%,Tim Kaine,D,52.0%,True
2024,Virginia,Republican Primary,270toWin,"October 26 – November 4, 2024",,Kaine +9.4%,Tim Kaine,D,51.2%,True
2024,Virginia,Republican Primary,TheHill,"through November 4, 2024",,Kaine +9.8%,Tim Kaine,D,52.2%,True
2024,Virginia,Republican Primary,FiveThirtyEight,"through November 4, 2024",,Kaine +10.7%,Hung Cao,R,41.2%,False
2024,Virginia,Republican Primary,RealClearPolitics,"October 19 – November 4, 2024",,Kaine +10.8%,Hung Cao,R,41.2%,False
2024,Virginia,Republican Primary,270toWin,"October 26 – November 4, 2024",,Kaine +9.4%,Hung Cao,R,41.8%,False
2024,Virginia,Republican Primary,TheHill,"through November 4, 2024",,Kaine +9.8%,Hung Cao,R,42.4%,False
2024,West Virginia,Republican Primary,Emerson College,"May 2–5, 2024",558 (LV),± 4.1%,Jim Justice,R,60%,False
2024,West Virginia,Republican Primary,West Virginia MetroNews,"April 24 – May 1, 2024",407 (LV),± 4.9%,Jim Justice,R,67%,False
2024,West Virginia,Republican Primary,West Virginia MetroNews,"April 22–24, 2024",400(LV),± 4.9%,Jim Justice,R,49%,False
2024,West Virginia,Republican Primary,West Virginia MetroNews,"April 20–22, 2024",500(LV),± 4.38%,Jim Justice,R,60%,False
2024,West Virginia,Republican Primary,West Virginia MetroNews,"April 3–9, 2024",400 (LV),± 4.9%,Jim Justice,R,66%,False
2024,West Virginia,Republican Primary,Emerson College,"March 19–21, 2024",735 (LV),± 3.6%,Jim Justice,R,54%,False
2024,West Virginia,Republican Primary,WMOV,"November 13–14, 2023",414 (LV),± 4.8%,Jim Justice,R,56%,False
2024,West Virginia,Republican Primary,WMOV,"September 11–13, 2023",600 (LV),± 4.0%,Jim Justice,R,62%,False
2024,West Virginia,Republican Primary,WMOV,"August 16–26, 2023",402 (RV),± 4.9%,Jim Justice,R,58%,False
2024,West Virginia,Republican Primary,The Parkersburg News and Sentinel,"June 17–20, 2023",651 (LV),± 6.0%,Jim Justice,R,56%,False
2024,West Virginia,Republican Primary,East Carolina University,"May 22–23, 2023",796 (RV),± 3.7%,Jim Justice,R,53%,False
2024,West Virginia,Republican Primary,National Journal,"April 24–25, 2023",753 (LV),± 3.5%,Jim Justice,R,45%,False
2024,West Virginia,Republican Primary,Emerson College,"May 2–5, 2024",558 (LV),± 4.1%,Alex Mooney,R,30%,False
2024,West Virginia,Republican Primary,West Virginia MetroNews,"April 24 – May 1, 2024",407 (LV),± 4.9%,Alex Mooney,R,23%,False
2024,West Virginia,Republican Primary,West Virginia MetroNews,"April 22–24, 2024",400(LV),± 4.9%,Alex Mooney,R,35%,False
2024,West Virginia,Republican Primary,West Virginia MetroNews,"April 20–22, 2024",500(LV),± 4.38%,Alex Mooney,R,24%,False
2024,West Virginia,Republican Primary,West Virginia MetroNews,"April 3–9, 2024",400 (LV),± 4.9%,Alex Mooney,R,24%,False
2024,West Virginia,Republican Primary,Emerson College,"March 19–21, 2024",735 (LV),± 3.6%,Alex Mooney,R,17%,False
2024,West Virginia,Republican Primary,WMOV,"November 13–14, 2023",414 (LV),± 4.8%,Alex Mooney,R,20%,False
2024,West Virginia,Republican Primary,WMOV,"September 11–13, 2023",600 (LV),± 4.0%,Alex Mooney,R,23%,False
2024,West Virginia,Republican Primary,WMOV,"August 16–26, 2023",402 (RV),± 4.9%,Alex Mooney,R,26%,False
2024,West Virginia,Republican Primary,The Parkersburg News and Sentinel,"June 17–20, 2023",651 (LV),± 6.0%,Alex Mooney,R,19%,False
2024,West Virginia,Republican Primary,East Carolina University,"May 22–23, 2023",796 (RV),± 3.7%,Alex Mooney,R,12%,False
2024,West Virginia,Republican Primary,National Journal,"April 24–25, 2023",753 (LV),± 3.5%,Alex Mooney,R,17%,False
2024,Wyoming,single_party,Cygnal,"October 26–28, 2024",600 (LV),± 4.0%,John Barrasso,R,73%,True
2024,Wyoming,single_party,Cygnal,"October 26–28, 2024",600 (LV),± 4.0%,Scott Morrow,R,26%,False
