Year,State,Election,Election_Type,Row_Type,Incumbent,party,candidate,votes,percentage
2018,Arizona,Republican primary results,Primary,Winning,False,Republican Party (United States),Martha McSally,"357,626",54.57%
2018,Arizona,Republican primary results,Primary,Candidate,False,Republican Party (United States),Kelli Ward,"180,926",27.61%
2018,Arizona,Republican primary results,Primary,Candidate,False,Republican Party (United States),Joe Arpaio,"116,555",17.79%
2018,Arizona,Republican primary results,Primary,Write-in,False,Republican Party (United States),,191,0.03%
2018,Arizona,Republican primary results,Primary,Total,False,,,"655,298",100.00%
2018,Arizona,Democratic primary results,Primary,Winning,False,Democratic Party (United States),Kyrsten Sinema,"404,170",79.25%
2018,Arizona,Democratic primary results,Primary,Candidate,False,Democratic Party (United States),Deedra Abboud,"105,800",20.75%
2018,Arizona,Democratic primary results,Primary,Total,False,,,"509,970",100.00%
2018,Arizona,Green primary results,Primary,Winning,False,Green Party (United States),Angela Green (write-in),389,100.00%
2018,Arizona,Green primary results,Primary,Total,False,,,389,100.00%
2018,California,Nonpartisan blanket primary results,Primary,Winning,True,Democratic Party (United States),Dianne Feinstein,"2,947,035",44.12%
2018,California,Nonpartisan blanket primary results,Primary,Winning,False,Democratic Party (United States),Kevin de León,"805,446",12.07%
2018,California,Nonpartisan blanket primary results,Primary,Candidate,False,Republican Party (United States),James P. Bradley,"556,252",8.34%
2018,California,Nonpartisan blanket primary results,Primary,Candidate,False,Republican Party (United States),Arun K. Bhumitra,"350,815",5.26%
2018,California,Nonpartisan blanket primary results,Primary,Candidate,False,Republican Party (United States),Paul A. Taylor,"323,533",4.85%
2018,California,Nonpartisan blanket primary results,Primary,Candidate,False,Republican Party (United States),Erin Cruz,"267,494",4.01%
2018,California,Nonpartisan blanket primary results,Primary,Candidate,False,Republican Party (United States),Tom Palzer,"205,183",3.08%
2018,California,Nonpartisan blanket primary results,Primary,Candidate,False,Democratic Party (United States),Alison Hartson,"147,061",2.21%
2018,California,Nonpartisan blanket primary results,Primary,Candidate,False,Republican Party (United States),Rocky De La Fuente,"135,278",2.03%
2018,California,Nonpartisan blanket primary results,Primary,Candidate,False,Democratic Party (United States),Pat Harris,"126,947",1.90%
2018,California,Nonpartisan blanket primary results,Primary,Candidate,False,Republican Party (United States),"John ""Jack"" Crew","93,806",1.41%
2018,California,Nonpartisan blanket primary results,Primary,Candidate,False,Republican Party (United States),[[Patrick Little (neo-Nazi),"89,867",1.35%
2018,California,Nonpartisan blanket primary results,Primary,Candidate,False,Republican Party (United States),Kevin Mottus,"87,646",1.31%
2018,California,Nonpartisan blanket primary results,Primary,Candidate,False,Republican Party (United States),Jerry Joseph Laws,"67,140",1.01%
2018,California,Nonpartisan blanket primary results,Primary,Candidate,False,Libertarian Party (United States),Derrick Michael Reid,"59,999",0.90%
2018,California,Nonpartisan blanket primary results,Primary,Candidate,False,Democratic Party (United States),Adrienne Nicole Edwards,"56,172",0.84%
2018,California,Nonpartisan blanket primary results,Primary,Candidate,False,Democratic Party (United States),Douglas Howard Pierce,"42,671",0.64%
2018,California,Nonpartisan blanket primary results,Primary,Candidate,False,Republican Party (United States),Mario Nabliba,"39,209",0.59%
2018,California,Nonpartisan blanket primary results,Primary,Candidate,False,Democratic Party (United States),David Hildebrand,"30,305",0.45%
2018,California,Nonpartisan blanket primary results,Primary,Candidate,False,Democratic Party (United States),Donnie O. Turner,"30,101",0.45%
2018,California,Nonpartisan blanket primary results,Primary,Candidate,False,Democratic Party (United States),Herbert G. Peters,"27,468",0.41%
2018,California,Nonpartisan blanket primary results,Primary,Candidate,False,No party preference,David Moore,"24,614",0.37%
2018,California,Nonpartisan blanket primary results,Primary,Candidate,False,No party preference,Ling Ling Shi,"23,506",0.35%
2018,California,Nonpartisan blanket primary results,Primary,Candidate,False,Peace and Freedom Party,John Thompson Parker,"22,825",0.34%
2018,California,Nonpartisan blanket primary results,Primary,Candidate,False,No party preference,Lee Olson,"20,393",0.31%
2018,California,Nonpartisan blanket primary results,Primary,Candidate,False,Democratic Party (United States),Gerald Plummer,"18,234",0.27%
2018,California,Nonpartisan blanket primary results,Primary,Candidate,False,No party preference,Jason M. Hanania,"18,171",0.27%
2018,California,Nonpartisan blanket primary results,Primary,Candidate,False,No party preference,Don J. Grundmann,"15,125",0.23%
2018,California,Nonpartisan blanket primary results,Primary,Candidate,False,No party preference,Colleen Shea Fernald,"13,536",0.20%
2018,California,Nonpartisan blanket primary results,Primary,Candidate,False,No party preference,Rash Bihari Ghosh,"12,557",0.19%
2018,California,Nonpartisan blanket primary results,Primary,Candidate,False,No party preference,Tim Gildersleeve,"8,482",0.13%
2018,California,Nonpartisan blanket primary results,Primary,Candidate,False,No party preference,Michael Fahmy Girgis,"2,986",0.05%
2018,California,Nonpartisan blanket primary results,Primary,Candidate,False,Green Party (United States),Michael V. Ziesing (write-in),842,0.01%
2018,California,Nonpartisan blanket primary results,Primary,Candidate,False,No party preference,Ursula M. Schilling (write-in),17,0.00%
2018,California,Nonpartisan blanket primary results,Primary,Candidate,False,Democratic Party (United States),Seelam Prabhakar Reddy (write-in),4,0.00%
2018,California,Nonpartisan blanket primary results,Primary,Total,False,,,"6,670,720",100.00%
2018,Connecticut,Republican primary results,Primary,Winning,False,Republican Party (United States),Matthew Corey,"99,899",76.54%
2018,Connecticut,Republican primary results,Primary,Candidate,False,Republican Party (United States),Dominic Rapini,"30,624",23.46%
2018,Connecticut,Republican primary results,Primary,Total,False,,,"130,523",100.00%
2018,Delaware,Democratic primary results,Primary,Winning,True,Democratic Party (United States),Tom Carper,"53,633",64.59%
2018,Delaware,Democratic primary results,Primary,Candidate,False,Democratic Party (United States),Kerri Evelyn Harris,"29,406",35.41%
2018,Delaware,Democratic primary results,Primary,Total,False,,,"83,039",100.00%
2018,Delaware,Republican primary results,Primary,Winning,False,Republican Party (United States),Rob Arlett,"25,284",66.77%
2018,Delaware,Republican primary results,Primary,Candidate,False,Republican Party (United States),Gene Truono,"10,587",27.96%
2018,Delaware,Republican primary results,Primary,Candidate,False,Republican Party (United States),Rocky De La Fuente,"1,998",5.28%
2018,Delaware,Republican primary results,Primary,Total,False,,,"37,869",100.00%
2018,Florida,Republican primary results,Primary,Winning,False,Republican Party (United States),Rick Scott,"1,456,187",88.61%
2018,Florida,Republican primary results,Primary,Candidate,False,Republican Party (United States),Rocky De La Fuente,"187,209",11.39%
2018,Florida,Republican primary results,Primary,Total,False,,,"1,643,396",100.00%
2018,Hawaii,Democratic primary results,Primary,Winning,True,Democratic Party (United States),Mazie Hirono,"201,679",100%
2018,Hawaii,Democratic primary results,Primary,Total,False,,,"201,679",100%
2018,Hawaii,Republican primary results,Primary,Winning,False,Republican Party (United States),Ron Curtis,"6,370",23.73%
2018,Hawaii,Republican primary results,Primary,Candidate,False,Republican Party (United States),Consuelo Anderson,"5,172",19.26%
2018,Hawaii,Republican primary results,Primary,Candidate,False,Republican Party (United States),Robert C. Helsham,"3,988",14.85%
2018,Hawaii,Republican primary results,Primary,Candidate,False,Republican Party (United States),Thomas E. White,"3,657",13.62%
2018,Hawaii,Republican primary results,Primary,Candidate,False,Republican Party (United States),Rocky De La Fuente,"3,065",11.42%
2018,Hawaii,Republican primary results,Primary,Candidate,False,Republican Party (United States),George L. Berish,"1,658",6.18%
2018,Hawaii,Republican primary results,Primary,Candidate,False,Republican Party (United States),Michael R. Hodgkiss,"1,576",5.87%
2018,Hawaii,Republican primary results,Primary,Candidate,False,Republican Party (United States),Eddie Pirkowski,"1,358",5.06%
2018,Hawaii,Republican primary results,Primary,Total,False,,,"26,848",100%
2018,Hawaii,Nonpartisan primary results,Primary,Winning,False,Nonpartisan politician,Arturo Pacheco Reyes,441,38.02%
2018,Hawaii,Nonpartisan primary results,Primary,Candidate,False,Nonpartisan politician,Charles Haverty,416,35.86%
2018,Hawaii,Nonpartisan primary results,Primary,Candidate,False,Nonpartisan politician,Matthew K. Maertens,303,26.12%
2018,Hawaii,Nonpartisan primary results,Primary,Total,False,,,"1,160",100%
2018,Indiana,Democratic primary results,Primary,Winning,True,Democratic Party (United States),Joe Donnelly,"284,621",100.00%
2018,Indiana,Democratic primary results,Primary,Total,False,,,"284,621",100.00%
2018,Indiana,Republican primary results,Primary,Winning,False,Republican Party (United States),Mike Braun,"208,602",41.17%
2018,Indiana,Republican primary results,Primary,Candidate,False,Republican Party (United States),Todd Rokita,"151,967",29.99%
2018,Indiana,Republican primary results,Primary,Candidate,False,Republican Party (United States),Luke Messer,"146,131",28.84%
2018,Indiana,Republican primary results,Primary,Total,False,,,"506,700",100.00%
2018,Maine,Republican primary results,Primary,Winning,False,Republican Party (United States),Eric Brakey,"59,853",58.92%
2018,Maine,Republican primary results,Primary,Candidate,False,Republican Party (United States),Blank ballots,"41,732",41.08%
2018,Maine,Republican primary results,Primary,Total,False,,,"101,585",100.00%
2018,Maine,Democratic primary results,Primary,Winning,False,Democratic Party (United States),Zak Ringelstein,"89,841",67.65%
2018,Maine,Democratic primary results,Primary,Candidate,False,Democratic Party (United States),Blank ballots,"42,955",32.35%
2018,Maine,Democratic primary results,Primary,Total,False,,,"132,795",100.00%
2018,Maryland,Democratic primary results,Primary,Winning,True,Democratic Party (United States),Ben Cardin,"447,441",79.24%
2018,Maryland,Democratic primary results,Primary,Candidate,False,Democratic Party (United States),Chelsea Manning,"34,611",6.13%
2018,Maryland,Democratic primary results,Primary,Candidate,False,Democratic Party (United States),Jerome Segal,"20,027",3.55%
2018,Maryland,Democratic primary results,Primary,Candidate,False,Democratic Party (United States),Debbie Wilson,"18,953",3.36%
2018,Maryland,Democratic primary results,Primary,Candidate,False,Democratic Party (United States),Marcia H. Morgan,"16,047",2.84%
2018,Maryland,Democratic primary results,Primary,Candidate,False,Democratic Party (United States),Lih Young,"9,874",1.75%
2018,Maryland,Democratic primary results,Primary,Candidate,False,Democratic Party (United States),Richard Vaughn,"9,480",1.68%
2018,Maryland,Democratic primary results,Primary,Candidate,False,Democratic Party (United States),Erik Jetmir,"8,259",1.46%
2018,Maryland,Democratic primary results,Primary,Total,False,,,"564,692",100.00%
2018,Maryland,Republican primary results,Primary,Winning,False,Republican Party (United States),Tony Campbell,"51,426",29.22%
2018,Maryland,Republican primary results,Primary,Candidate,False,Republican Party (United States),Chris Chaffee,"42,328",24.05%
2018,Maryland,Republican primary results,Primary,Candidate,False,Republican Party (United States),Christina J. Grigorian,"30,786",17.49%
2018,Maryland,Republican primary results,Primary,Candidate,False,Republican Party (United States),John Graziani,"15,435",8.77%
2018,Maryland,Republican primary results,Primary,Candidate,False,Republican Party (United States),Blaine Taylor,"8,848",5.03%
2018,Maryland,Republican primary results,Primary,Candidate,False,Republican Party (United States),"Gerald I. Smith, Jr.","7,564",4.30%
2018,Maryland,Republican primary results,Primary,Candidate,False,Republican Party (United States),Brian Vaeth,"5,411",3.08%
2018,Maryland,Republican primary results,Primary,Candidate,False,Republican Party (United States),Evan M. Cronhardt,"4,445",2.53%
2018,Maryland,Republican primary results,Primary,Candidate,False,Republican Party (United States),Bill Krehnbrink,"3,606",2.05%
2018,Maryland,Republican primary results,Primary,Candidate,False,Republican Party (United States),Nnabu Eze,"3,442",1.96%
2018,Maryland,Republican primary results,Primary,Candidate,False,Republican Party (United States),Albert Howard,"2,720",1.55%
2018,Maryland,Republican primary results,Primary,Total,False,,,"175,981",100.00%
2018,Massachusetts,Democratic primary results,Primary,Winning,True,Democratic Party (United States),Elizabeth Warren,"590,835",98.08%
2018,Massachusetts,Democratic primary results,Primary,Write-in,False,,,"11,558",1.92%
2018,Massachusetts,Democratic primary results,Primary,Total,False,,,"602,393",100.00%
2018,Massachusetts,Republican primary results,Primary,Winning,False,Republican Party (United States),Geoff Diehl,"144,043",55.15%
2018,Massachusetts,Republican primary results,Primary,Candidate,False,Republican Party (United States),[[John Kingston III,"69,636",26.66%
2018,Massachusetts,Republican primary results,Primary,Candidate,False,Republican Party (United States),Beth Lindstrom,"46,693",17.88%
2018,Massachusetts,Republican primary results,Primary,Write-in,False,,,798,0.31%
2018,Massachusetts,Republican primary results,Primary,Total,False,,,"261,170",100.00%
2018,Michigan,Democratic primary results,Primary,Winning,True,Democratic Party (United States),Debbie Stabenow,"1,045,450",100.00%
2018,Michigan,Democratic primary results,Primary,Total,False,,,"1,045,450",100.00%
2018,Michigan,Republican primary results,Primary,Winning,False,Republican Party (United States),John James,"518,564",54.67%
2018,Michigan,Republican primary results,Primary,Candidate,False,Republican Party (United States),Sandy Pensler,"429,885",45.32%
2018,Michigan,Republican primary results,Primary,Write-in,False,,,57,<0.01%
2018,Michigan,Republican primary results,Primary,Total,False,,,"948,506",100.00%
2018,Minnesota,Democratic–Farmer–Labor Party primary results,Primary,Winning,True,Minnesota Democratic–Farmer–Labor Party,Amy Klobuchar,"557,306",95.70%
2018,Minnesota,Democratic–Farmer–Labor Party primary results,Primary,Candidate,False,Minnesota Democratic–Farmer–Labor Party,Steve Carlson,"9,934",1.71%
2018,Minnesota,Democratic–Farmer–Labor Party primary results,Primary,Candidate,False,Minnesota Democratic–Farmer–Labor Party,Stephen Emery,"7,047",1.21%
2018,Minnesota,Democratic–Farmer–Labor Party primary results,Primary,Candidate,False,Minnesota Democratic–Farmer–Labor Party,David Groves,"4,511",0.77%
2018,Minnesota,Democratic–Farmer–Labor Party primary results,Primary,Candidate,False,Minnesota Democratic–Farmer–Labor Party,Leonard Richards,"3,552",0.61%
2018,Minnesota,Democratic–Farmer–Labor Party primary results,Primary,Total,False,,,"582,350",100%
2018,Minnesota,Republican Party primary results,Primary,Winning,False,Republican Party of Minnesota,Jim Newberger,"201,531",69.50%
2018,Minnesota,Republican Party primary results,Primary,Candidate,False,Republican Party of Minnesota,Merrill Anderson,"45,492",15.69%
2018,Minnesota,Republican Party primary results,Primary,Candidate,False,Republican Party of Minnesota,Rae Hart Anderson,"25,883",8.93%
2018,Minnesota,Republican Party primary results,Primary,Candidate,False,Republican Party of Minnesota,"Roque ""Rocky"" de la Fuente","17,051",5.88%
2018,Minnesota,Republican Party primary results,Primary,Total,False,,,"289,957",100%
2018,Minnesota (special),Democratic–Farmer–Labor Party primary results,Primary,Winning,True,Minnesota Democratic–Farmer–Labor Party,Tina Smith,"433,705",76.06%
2018,Minnesota (special),Democratic–Farmer–Labor Party primary results,Primary,Candidate,False,Minnesota Democratic–Farmer–Labor Party,Richard Painter,"78,193",13.71%
2018,Minnesota (special),Democratic–Farmer–Labor Party primary results,Primary,Candidate,False,Minnesota Democratic–Farmer–Labor Party,Ali Chehem Ali,"18,897",3.31%
2018,Minnesota (special),Democratic–Farmer–Labor Party primary results,Primary,Candidate,False,Minnesota Democratic–Farmer–Labor Party,Gregg Iverson,"17,825",3.13%
2018,Minnesota (special),Democratic–Farmer–Labor Party primary results,Primary,Candidate,False,Minnesota Democratic–Farmer–Labor Party,Nick Leonard,"16,529",2.90%
2018,Minnesota (special),Democratic–Farmer–Labor Party primary results,Primary,Candidate,False,Minnesota Democratic–Farmer–Labor Party,Christopher L. Seymore Sr.,"5,041",0.88%
2018,Minnesota (special),Democratic–Farmer–Labor Party primary results,Primary,Total,False,,,"570,190",100%
2018,Minnesota (special),Republican Party primary results,Primary,Winning,False,Republican Party of Minnesota,Karin Housley,"186,384",61.95%
2018,Minnesota (special),Republican Party primary results,Primary,Candidate,False,Republican Party of Minnesota,Bob Anderson,"107,102",35.60%
2018,Minnesota (special),Republican Party primary results,Primary,Candidate,False,Republican Party of Minnesota,Nikolay Nikolayevich Bey,"7,355",2.45%
2018,Minnesota (special),Republican Party primary results,Primary,Total,False,,,"300,861",100%
2018,Mississippi,Republican primary results,Primary,Winning,True,Republican Party (United States),Roger Wicker,"130,118",82.79%
2018,Mississippi,Republican primary results,Primary,Candidate,False,Republican Party (United States),Richard Boyanton,"27,052",17.21%
2018,Mississippi,Republican primary results,Primary,Total,False,,,"157,170",100%
2018,Mississippi,Democratic primary results,Primary,Winning,False,Democratic Party (United States),Howard Sherman,"27,957",31.79%
2018,Mississippi,Democratic primary results,Primary,Winning,False,Democratic Party (United States),David Baria,"27,244",30.98%
2018,Mississippi,Democratic primary results,Primary,Candidate,False,Democratic Party (United States),Omeria Scott,"21,278",24.20%
2018,Mississippi,Democratic primary results,Primary,Candidate,False,Democratic Party (United States),Victor G. Maurice Jr.,"4,361",4.96%
2018,Mississippi,Democratic primary results,Primary,Candidate,False,Democratic Party (United States),Jerone Garland,"4,266",4.85%
2018,Mississippi,Democratic primary results,Primary,Candidate,False,Democratic Party (United States),Jensen Bohren,"2,825",3.21%
2018,Mississippi,Democratic primary results,Primary,Total,False,,,"87,931",100%
2018,Mississippi,Democratic primary runoff results,Primary,Winning,False,Democratic Party (United States),David Baria,"44,156",58.64%
2018,Mississippi,Democratic primary runoff results,Primary,Candidate,False,Democratic Party (United States),Howard Sherman,"31,149",41.36%
2018,Mississippi,Democratic primary runoff results,Primary,Total,False,,,"75,305",100%
2018,Missouri,Democratic primary results,Primary,Winning,True,Democratic Party (United States),Claire McCaskill,"501,872",82.60%
2018,Missouri,Democratic primary results,Primary,Candidate,False,Democratic Party (United States),Carla Wright,"41,126",6.77%
2018,Missouri,Democratic primary results,Primary,Candidate,False,Democratic Party (United States),John Hogan,"15,984",2.63%
2018,Missouri,Democratic primary results,Primary,Candidate,False,Democratic Party (United States),David Faust,"15,958",2.63%
2018,Missouri,Democratic primary results,Primary,Candidate,False,Democratic Party (United States),Angelica Earl,"15,500",2.55%
2018,Missouri,Democratic primary results,Primary,Candidate,False,Democratic Party (United States),Travis Gonzalez,"9,480",1.56%
2018,Missouri,Democratic primary results,Primary,Candidate,False,Democratic Party (United States),Leonard Steinman,"7,657",1.26%
2018,Missouri,Democratic primary results,Primary,Total,False,,,"607,577",100.00%
2018,Missouri,Republican primary results,Primary,Winning,False,Republican Party (United States),Josh Hawley,"389,878",58.64%
2018,Missouri,Republican primary results,Primary,Candidate,False,Republican Party (United States),Tony Monetti,"64,834",9.75%
2018,Missouri,Republican primary results,Primary,Candidate,False,Republican Party (United States),Austin Petersen,"54,916",8.26%
2018,Missouri,Republican primary results,Primary,Candidate,False,Republican Party (United States),Kristi Nichols,"49,640",7.47%
2018,Missouri,Republican primary results,Primary,Candidate,False,Republican Party (United States),Christina Smith,"35,024",5.27%
2018,Missouri,Republican primary results,Primary,Candidate,False,Republican Party (United States),Ken Patterson,"19,579",2.95%
2018,Missouri,Republican primary results,Primary,Candidate,False,Republican Party (United States),Peter Pfeifer,"16,594",2.50%
2018,Missouri,Republican primary results,Primary,Candidate,False,Republican Party (United States),Courtland Sykes,"13,870",2.09%
2018,Missouri,Republican primary results,Primary,Candidate,False,Republican Party (United States),Fred Ryman,"8,781",1.32%
2018,Missouri,Republican primary results,Primary,Candidate,False,Republican Party (United States),Brian Hagg,"6,871",1.03%
2018,Missouri,Republican primary results,Primary,Candidate,False,Republican Party (United States),Bradley Krembs,"4,902",0.74%
2018,Missouri,Republican primary results,Primary,Total,False,,,"664,889",100.00%
2018,Missouri,Libertarian primary results,Primary,Winning,False,Libertarian Party (United States),Japheth Campbell,"5,380",100.00%
2018,Missouri,Libertarian primary results,Primary,Total,False,,,"5,380",100.00%
2018,Missouri,Green primary results,Primary,Winning,False,Green Party (United States),Jo Crain,906,57.67%
2018,Missouri,Green primary results,Primary,Candidate,False,Green Party (United States),Jerome Bauer,665,42.33%
2018,Missouri,Green primary results,Primary,Total,False,,,"1,571",100.00%
2018,Montana,Democratic primary results,Primary,Winning,True,Democratic Party (United States),Jon Tester,"114,948",100.00%
2018,Montana,Democratic primary results,Primary,Total,False,,,"114,948",100.00%
2018,Montana,Republican primary results,Primary,Winning,False,Republican Party (United States),Matt Rosendale,"51,859",33.82%
2018,Montana,Republican primary results,Primary,Candidate,False,Republican Party (United States),[[Russell Fagg,"43,465",28.34%
2018,Montana,Republican primary results,Primary,Candidate,False,Republican Party (United States),Troy Downing,"29,341",19.13%
2018,Montana,Republican primary results,Primary,Candidate,False,Republican Party (United States),[[Albert Olszewski,"28,681",18.70%
2018,Montana,Republican primary results,Primary,Total,False,,,"153,346",100.00%
2018,Montana,Green primary results,Primary,Winning,False,Green Party (United States),Steve Kelly,971,61.22%
2018,Montana,Green primary results,Primary,Candidate,False,Green Party (United States),Timothy Adams,615,38.78%
2018,Montana,Green primary results,Primary,Total,False,,,"1,586",100%
2018,Nebraska,Republican primary results,Primary,Winning,False,Republican Party (United States),Deb Fischer (inc.),"128,157",75.79%
2018,Nebraska,Republican primary results,Primary,Candidate,False,Republican Party (United States),Todd F. Watson,"19,661",11.63%
2018,Nebraska,Republican primary results,Primary,Candidate,False,Republican Party (United States),Jack Heidel,"9,413",5.57%
2018,Nebraska,Republican primary results,Primary,Candidate,False,Republican Party (United States),Jeffrey Lynn Stein,"6,380",3.77%
2018,Nebraska,Republican primary results,Primary,Candidate,False,Republican Party (United States),Dennis Frank Macek,"5,483",3.24%
2018,Nebraska,Republican primary results,Primary,Total,False,,,"169,094",100.00%
2018,Nebraska,Democratic primary results,Primary,Winning,False,Democratic Party (United States),Jane Raybould,"59,067",63.75%
2018,Nebraska,Democratic primary results,Primary,Candidate,False,Democratic Party (United States),Chris Janicek,"18,752",20.24%
2018,Nebraska,Democratic primary results,Primary,Candidate,False,Democratic Party (United States),Frank B. Svoboda,"10,548",11.38%
2018,Nebraska,Democratic primary results,Primary,Candidate,False,Democratic Party (United States),Larry Marvin,"4,393",4.74%
2018,Nebraska,Democratic primary results,Primary,Total,False,,,"92,660",100.00%
2018,Nebraska,Libertarian primary results,Primary,Winning,False,Libertarian Party (United States),Jim Schultz,"1,202",100.00%
2018,Nebraska,Libertarian primary results,Primary,Total,False,,,"1,202",100.00%
2018,Nevada,Republican primary results,Primary,Winning,True,Republican Party (United States),Dean Heller,"99,509",69.97%
2018,Nevada,Republican primary results,Primary,Candidate,False,Republican Party (United States),Tom Heck,"26,296",18.49%
2018,Nevada,Republican primary results,Primary,Candidate,False,Republican Party (United States),None of These Candidates,"5,978",4.20%
2018,Nevada,Republican primary results,Primary,Candidate,False,Republican Party (United States),Sherry Brooks,"5,145",3.62%
2018,Nevada,Republican primary results,Primary,Candidate,False,Republican Party (United States),Sarah Gazala,"4,011",2.82%
2018,Nevada,Republican primary results,Primary,Candidate,False,Republican Party (United States),Vic Harrell,"1,282",0.90%
2018,Nevada,Republican primary results,Primary,Total,False,,,"142,221",100.00%
2018,Nevada,Democratic primary results,Primary,Winning,False,Democratic Party (United States),Jacky Rosen,"110,567",77.11%
2018,Nevada,Democratic primary results,Primary,Candidate,False,Democratic Party (United States),None of These Candidates,"10,078",7.03%
2018,Nevada,Democratic primary results,Primary,Candidate,False,Democratic Party (United States),David Knight,"6,346",4.43%
2018,Nevada,Democratic primary results,Primary,Candidate,False,Democratic Party (United States),Allen Rheinhart,"4,782",3.33%
2018,Nevada,Democratic primary results,Primary,Candidate,False,Democratic Party (United States),Jesse Sbaih,"4,540",3.17%
2018,Nevada,Democratic primary results,Primary,Candidate,False,Democratic Party (United States),Bobby Mahendra,"3,835",2.67%
2018,Nevada,Democratic primary results,Primary,Candidate,False,Democratic Party (United States),Danny Burleigh,"3,244",2.26%
2018,Nevada,Democratic primary results,Primary,Total,False,,,"143,392",100.00%
2018,New Jersey,Democratic primary results,Primary,Winning,True,Democratic Party (United States),Bob Menendez,"262,477",62.28%
2018,New Jersey,Democratic primary results,Primary,Candidate,False,Democratic Party (United States),Lisa McCormick,"158,998",37.72%
2018,New Jersey,Democratic primary results,Primary,Total,False,,,"421,475",100%
2018,New Jersey,Republican primary results,Primary,Winning,False,Republican Party (United States),Bob Hugin,"168,052",75.13%
2018,New Jersey,Republican primary results,Primary,Candidate,False,Republican Party (United States),Brian Goldberg,"55,624",24.87%
2018,New Jersey,Republican primary results,Primary,Total,False,,,"223,676",100%
2018,New Mexico,Democratic primary results,Primary,Winning,True,Democratic Party (United States),Martin Heinrich,"152,145",100%
2018,New Mexico,Democratic primary results,Primary,Total,False,,,"152,145",100%
2018,New Mexico,Republican primary results,Primary,Winning,False,Republican Party (United States),Mick Rich,"67,502",100%
2018,New Mexico,Republican primary results,Primary,Total,False,,,"67,502",100%
2018,New Mexico,Libertarian primary results,Primary,Winning,False,Libertarian Party (United States),Aubrey Dunn,623,100%
2018,New Mexico,Libertarian primary results,Primary,Total,False,,,623,100%
2018,North Dakota,Democratic primary results,Primary,Winning,True,North Dakota Democratic-NPL Party,Heidi Heitkamp,"36,729",99.58%
2018,North Dakota,Democratic primary results,Primary,Candidate,False,North Dakota Democratic-NPL Party,Write-ins,152,0.42%
2018,North Dakota,Democratic primary results,Primary,Total,False,,,"36,883",100.00%
2018,North Dakota,Republican primary results,Primary,Winning,False,Republican Party (United States),Kevin Cramer,"61,529",87.73%
2018,North Dakota,Republican primary results,Primary,Candidate,False,Republican Party (United States),Thomas O'Neill,"8,509",12.13%
2018,North Dakota,Republican primary results,Primary,Candidate,False,Republican Party (United States),Write-ins,95,0.14%
2018,North Dakota,Republican primary results,Primary,Total,False,,,"70,133",100.00%
2018,Ohio,Democratic primary results,Primary,Winning,True,Democratic Party (United States),Sherrod Brown,"613,373",100.00%
2018,Ohio,Democratic primary results,Primary,Total,False,,,"613,373",100.00%
2018,Ohio,Republican primary results,Primary,Winning,False,Republican Party (United States),Jim Renacci,"363,622",47.34%
2018,Ohio,Republican primary results,Primary,Candidate,False,Republican Party (United States),Mike Gibbons,"243,426",31.69%
2018,Ohio,Republican primary results,Primary,Candidate,False,Republican Party (United States),Melissa Ackison,"100,543",13.09%
2018,Ohio,Republican primary results,Primary,Candidate,False,Republican Party (United States),Dan Kiley,"30,684",3.99%
2018,Ohio,Republican primary results,Primary,Candidate,False,Republican Party (United States),Don Eckhart,"29,796",3.88%
2018,Ohio,Republican primary results,Primary,Write-in,False,,,78,0.01%
2018,Ohio,Republican primary results,Primary,Total,False,,,"768,149",100.00%
2018,Pennsylvania,Democratic primary results,Primary,Total,False,,,"752,008",100.00%
2018,Pennsylvania,Republican primary results,Primary,Winning,False,Republican Party (United States),Lou Barletta,"433,312",63.03%
2018,Pennsylvania,Republican primary results,Primary,Candidate,False,Republican Party (United States),Jim Christiana,"254,118",36.97%
2018,Pennsylvania,Republican primary results,Primary,Total,False,,,"687,430",100.00%
2018,Rhode Island,Democratic primary results,Primary,Winning,True,Democratic Party (United States),Sheldon Whitehouse,"89,140",76.79%
2018,Rhode Island,Democratic primary results,Primary,Candidate,False,Democratic Party (United States),Patricia J. Fontes,"26,947",23.21%
2018,Rhode Island,Democratic primary results,Primary,Total,False,,,"116,087",100.00%
2018,Rhode Island,Republican primary results,Primary,Winning,False,Republican Party (United States),Robert G. Flanders Jr.,"26,543",87.70%
2018,Rhode Island,Republican primary results,Primary,Candidate,False,Republican Party (United States),"Roque ""Rocky"" De La Fuente","3,722",12.30%
2018,Rhode Island,Republican primary results,Primary,Total,False,,,"30,265",100.00%
2018,Tennessee,Republican primary results,Primary,Winning,False,Republican Party (United States),Marsha Blackburn,"613,513",84.48%
2018,Tennessee,Republican primary results,Primary,Candidate,False,Republican Party (United States),Aaron Pettigrew,"112,705",15.52%
2018,Tennessee,Republican primary results,Primary,Write-in,False,,,13,<0.01%
2018,Tennessee,Republican primary results,Primary,Total,False,,,"726,231",100.00%
2018,Tennessee,Democratic primary results,Primary,Winning,False,Democratic Party (United States),Phil Bredesen,"349,718",91.51%
2018,Tennessee,Democratic primary results,Primary,Candidate,False,Democratic Party (United States),Gary Davis,"20,170",5.28%
2018,Tennessee,Democratic primary results,Primary,Candidate,False,Democratic Party (United States),John Wolfe Jr.,"12,269",3.21%
2018,Tennessee,Democratic primary results,Primary,Total,False,,,"382,157",100.00%
2018,Texas,Republican primary results,Primary,Winning,True,Republican Party (United States),Ted Cruz,"1,322,724",85.36%
2018,Texas,Republican primary results,Primary,Candidate,False,Republican Party (United States),Mary Miller,"94,715",6.11%
2018,Texas,Republican primary results,Primary,Candidate,False,Republican Party (United States),Bruce Jacobson Jr.,"64,791",4.18%
2018,Texas,Republican primary results,Primary,Candidate,False,Republican Party (United States),Stefano de Stefano,"44,456",2.87%
2018,Texas,Republican primary results,Primary,Candidate,False,Republican Party (United States),Geraldine Sam,"22,887",1.48%
2018,Texas,Republican primary results,Primary,Total,False,,,"1,549,573",100%
2018,Texas,Democratic primary results,Primary,Winning,False,Democratic Party (United States),Beto O'Rourke,"644,632",61.81%
2018,Texas,Democratic primary results,Primary,Candidate,False,Democratic Party (United States),Sema Hernandez,"247,424",23.72%
2018,Texas,Democratic primary results,Primary,Candidate,False,Democratic Party (United States),Edward Kimbrough,"150,858",14.47%
2018,Texas,Democratic primary results,Primary,Total,False,,,"1,042,914",100%
2018,Utah,Republican primary results,Primary,Winning,False,Republican Party (United States),Mitt Romney,"240,021",71.27%
2018,Utah,Republican primary results,Primary,Candidate,False,Republican Party (United States),Mike Kennedy,"96,771",28.73%
2018,Utah,Republican primary results,Primary,Total,False,,,"336,792",100%
2018,Vermont,Democratic primary results,Primary,Winning,True,Democratic Party (United States),Bernie Sanders,"63,683",94.02%
2018,Vermont,Democratic primary results,Primary,Candidate,False,Democratic Party (United States),Folasade Adeluola,"3,766",5.56%
2018,Vermont,Democratic primary results,Primary,Write-in,False,,,281,0.41%
2018,Vermont,Democratic primary results,Primary,Total,False,,,"67,730",100.00%
2018,Vermont,Republican primary results,Primary,Winning,False,Republican Party (United States),H. Brooke Paige,"9,805",37.47%
2018,Vermont,Republican primary results,Primary,Candidate,False,Republican Party (United States),Lawrence Zupan,"9,383",35.86%
2018,Vermont,Republican primary results,Primary,Candidate,False,Republican Party (United States),Jasdeep Pannu,"4,527",17.30%
2018,Vermont,Republican primary results,Primary,Candidate,False,Republican Party (United States),Rocky De La Fuente,"1,057",4.04%
2018,Vermont,Republican primary results,Primary,Write-in,False,,,"1,394",5.33%
2018,Vermont,Republican primary results,Primary,Total,False,,,"26,166",100.00%
2018,Virginia,Republican primary results,Primary,Winning,False,Republican Party (United States),Corey Stewart,"136,610",44.87%
2018,Virginia,Republican primary results,Primary,Candidate,False,Republican Party (United States),Nick Freitas,"131,321",43.14%
2018,Virginia,Republican primary results,Primary,Candidate,False,Republican Party (United States),"Earl Jackson, Sr.","36,508",11.99%
2018,Virginia,Republican primary results,Primary,Total,False,,,"304,439",100.00%
2018,Washington,Blanket primary election results,Primary,Winning,True,Democratic Party (United States),Maria Cantwell,"929,961",54.68%
2018,Washington,Blanket primary election results,Primary,Winning,False,Republican Party (United States),Susan Hutchison,"413,317",24.30%
2018,Washington,Blanket primary election results,Primary,Candidate,False,Republican Party (United States),Keith Swank,"39,818",2.34%
2018,Washington,Blanket primary election results,Primary,Candidate,False,Republican Party (United States),[[Joey Gibson (political activist),"38,676",2.27%
2018,Washington,Blanket primary election results,Primary,Candidate,False,Democratic Party (United States),Clint Tannehill,"35,770",2.10%
2018,Washington,Blanket primary election results,Primary,Candidate,False,Republican Party (United States),Dave Bryant,"33,962",2.00%
2018,Washington,Blanket primary election results,Primary,Candidate,False,Republican Party (United States),Art Coday,"30,654",1.80%
2018,Washington,Blanket primary election results,Primary,Candidate,False,Independent politician,Jennifer Gigi Ferguson,"25,224",1.48%
2018,Washington,Blanket primary election results,Primary,Candidate,False,Republican Party (United States),Tim Owen,"23,167",1.36%
2018,Washington,Blanket primary election results,Primary,Candidate,False,Republican Party (United States),Matt Hawkins,"13,324",0.78%
2018,Washington,Blanket primary election results,Primary,Candidate,False,Democratic Party (United States),Don L. Rivers,"12,634",0.74%
2018,Washington,Blanket primary election results,Primary,Candidate,False,Libertarian Party (United States),Mike Luke,"12,302",0.72%
2018,Washington,Blanket primary election results,Primary,Candidate,False,Republican Party (United States),Glen R. Stockwell,"11,611",0.68%
2018,Washington,Blanket primary election results,Primary,Candidate,False,Independent politician,Thor Amundson,"9,393",0.55%
2018,Washington,Blanket primary election results,Primary,Candidate,False,Democratic Party (United States),Mohammad Said,"8,649",0.51%
2018,Washington,Blanket primary election results,Primary,Candidate,False,Republican Party (United States),Matthew D. Heines,"7,737",0.45%
2018,Washington,Blanket primary election results,Primary,Candidate,False,Freedom Socialist Party,Steve Hoffman,"7,390",0.43%
2018,Washington,Blanket primary election results,Primary,Candidate,False,Republican Party (United States),GoodSpaceGuy,"7,057",0.41%
2018,Washington,Blanket primary election results,Primary,Candidate,False,Republican Party (United States),John Orlinski,"6,905",0.41%
2018,Washington,Blanket primary election results,Primary,Candidate,False,Independent politician,Dave Strider,"6,821",0.40%
2018,Washington,Blanket primary election results,Primary,Candidate,False,Republican Party (United States),"Roque ""Rocky"" De La Fuente","5,724",0.34%
2018,Washington,Blanket primary election results,Primary,Candidate,False,Green Party (United States),"James Robert ""Jimmie"" Deal","3,849",0.23%
2018,Washington,Blanket primary election results,Primary,Candidate,False,Democratic Party (United States),George H. Kalberer,"2,448",0.14%
2018,Washington,Blanket primary election results,Primary,Candidate,False,Independent politician,Charlie R. Jackson,"2,411",0.14%
2018,Washington,Blanket primary election results,Primary,Candidate,False,Republican Party (United States),R. C. Smith,"2,238",0.13%
2018,Washington,Blanket primary election results,Primary,Candidate,False,Independent politician,Jon Butler,"2,016",0.12%
2018,Washington,Blanket primary election results,Primary,Total,False,,,"1,700,840",100.00%
2018,West Virginia,Democratic primary results,Primary,Winning,True,Democratic Party (United States),Joe Manchin,"112,658",69.86%
2018,West Virginia,Democratic primary results,Primary,Candidate,False,Democratic Party (United States),Paula Jean Swearengin,"48,594",30.14%
2018,West Virginia,Democratic primary results,Primary,Total,False,,,"161,252",100%
2018,West Virginia,Republican primary results,Primary,Winning,False,Republican Party (United States),Patrick Morrisey,"48,007",34.90%
2018,West Virginia,Republican primary results,Primary,Candidate,False,Republican Party (United States),[[Evan Jenkins (politician),"40,185",29.21%
2018,West Virginia,Republican primary results,Primary,Candidate,False,Republican Party (United States),Don Blankenship,"27,478",19.97%
2018,West Virginia,Republican primary results,Primary,Candidate,False,Republican Party (United States),[[Tom Willis (politician),"13,540",9.84%
2018,West Virginia,Republican primary results,Primary,Candidate,False,Republican Party (United States),Bo Copley,"4,248",3.09%
2018,West Virginia,Republican primary results,Primary,Candidate,False,Republican Party (United States),Jack Newbrough,"4,115",2.99%
2018,West Virginia,Republican primary results,Primary,Total,False,,,"137,573",100%
2018,Wisconsin,Democratic primary results,Primary,Winning,True,Democratic Party (United States),Tammy Baldwin,"510,812",99.64%
2018,Wisconsin,Democratic primary results,Primary,Write-in,False,,,"1,848",0.36%
2018,Wisconsin,Democratic primary results,Primary,Total,False,,,"512,660",100%
2018,Wisconsin,Republican primary results,Primary,Winning,False,Republican Party (United States),Leah Vukmir,"217,230",48.90%
2018,Wisconsin,Republican primary results,Primary,Candidate,False,Republican Party (United States),Kevin Nicholson,"191,276",43.06%
2018,Wisconsin,Republican primary results,Primary,Candidate,False,Republican Party (United States),George Lucia,"18,786",4.23%
2018,Wisconsin,Republican primary results,Primary,Candidate,False,Republican Party (United States),Griffin Jones,"8,699",1.96%
2018,Wisconsin,Republican primary results,Primary,Candidate,False,Republican Party (United States),Charles Barman,"7,959",1.79%
2018,Wisconsin,Republican primary results,Primary,Write-in,False,,,303,0.07%
2018,Wisconsin,Republican primary results,Primary,Total,False,,,"444,253",100%
2018,Wyoming,Republican primary results,Primary,Winning,True,Republican Party (United States),John Barrasso,"74,292",64.76%
2018,Wyoming,Republican primary results,Primary,Candidate,False,Republican Party (United States),Dave Dodson,"32,647",28.46%
2018,Wyoming,Republican primary results,Primary,Candidate,False,Republican Party (United States),John Holtz,"2,981",2.60%
2018,Wyoming,Republican primary results,Primary,Candidate,False,Republican Party (United States),Charlie Hardy (withdrawn),"2,377",2.07%
2018,Wyoming,Republican primary results,Primary,Candidate,False,Republican Party (United States),"Roque ""Rocky"" De La Fuente","1,280",1.16%
2018,Wyoming,Republican primary results,Primary,Candidate,False,Republican Party (United States),Anthony Van Risseghem,870,0.7%
2018,Wyoming,Republican primary results,Primary,Write-in,False,,,267,0.23%
2018,Wyoming,Republican primary results,Primary,Total,False,,,"114,714",100%
2018,Wyoming,Democratic primary results,Primary,Winning,False,Democratic Party (United States),Gary Trauner,"17,562",98.90%
2018,Wyoming,Democratic primary results,Primary,Write-in,False,,,195,1.10%
2018,Wyoming,Democratic primary results,Primary,Total,False,,,"17,757",100%
2020,Alabama,Republican primary results,Primary,Winning,False,Republican Party (United States),Tommy Tuberville,"239,616",33.39%
2020,Alabama,Republican primary results,Primary,Winning,False,Republican Party (United States),Jeff Sessions,"227,088",31.64%
2020,Alabama,Republican primary results,Primary,Candidate,False,Republican Party (United States),Bradley Byrne,"178,627",24.89%
2020,Alabama,Republican primary results,Primary,Candidate,False,Republican Party (United States),Roy Moore,"51,377",7.16%
2020,Alabama,Republican primary results,Primary,Candidate,False,Republican Party (United States),Ruth Page Nelson,"7,200",1.00%
2020,Alabama,Republican primary results,Primary,Candidate,False,Republican Party (United States),Arnold Mooney,"7,149",1.00%
2020,Alabama,Republican primary results,Primary,Candidate,False,Republican Party (United States),Stanley Adair,"6,608",0.92%
2020,Alabama,Republican primary results,Primary,Total,False,,,"717,665",100.00%
2020,Alabama,Republican primary runoff results,Primary,Winning,False,Republican Party (United States),Tommy Tuberville,"334,675",60.73%
2020,Alabama,Republican primary runoff results,Primary,Candidate,False,Republican Party (United States),Jeff Sessions,"216,452",39.27%
2020,Alabama,Republican primary runoff results,Primary,Total,False,,,"551,127",100.00%
2020,Alaska,Republican primary results,Primary,Winning,False,Republican Party (United States),[[Dan Sullivan (U.S. senator),"65,257",100.00%
2020,Alaska,Republican primary results,Primary,Total,False,,,"65,257",100.00%
2020,Alaska,Democratic–Libertarian–Independence primary results,Primary,Winning,False,Independent politician,[[Al Gross (politician),"50,047",79.87%
2020,Alaska,Democratic–Libertarian–Independence primary results,Primary,Winning,False,Alaskan Independence Party,John Howe,"4,165",6.65%
2020,Alaska,Democratic–Libertarian–Independence primary results,Primary,Candidate,False,Democratic Party (United States),Edgar Blatchford,"5,463",8.72%
2020,Alaska,Democratic–Libertarian–Independence primary results,Primary,Candidate,False,Independent politician,Christopher Cumings,"2,989",4.77%
2020,Alaska,Democratic–Libertarian–Independence primary results,Primary,Total,False,,,"62,664",100.00%
2020,Arizona (special),Republican primary results,Primary,Winning,True,Republican Party (United States),Martha McSally,"551,119",75.2%
2020,Arizona (special),Republican primary results,Primary,Candidate,False,Republican Party (United States),Daniel McCarthy,"181,551",24.8%
2020,Arizona (special),Republican primary results,Primary,Candidate,False,Republican Party (United States),Sean Lyons (write-in),210,nil
2020,Arizona (special),Republican primary results,Primary,Total,False,,,"732,880",100.0%
2020,Arizona (special),Democratic primary results,Primary,Winning,False,Democratic Party (United States),Mark Kelly,"665,620",99.9%
2020,Arizona (special),Democratic primary results,Primary,Candidate,False,Democratic Party (United States),Bo Garcia (write-in),451,0.1%
2020,Arizona (special),Democratic primary results,Primary,Total,False,,,"666,071",100.0%
2020,Arizona (special),Libertarian primary results,Primary,Candidate,False,Libertarian Party (United States),Barry Hess (write-in),329,76.5%
2020,Arizona (special),Libertarian primary results,Primary,Candidate,False,Libertarian Party (United States),Alan White (write-in),101,23.5%
2020,Arizona (special),Libertarian primary results,Primary,Total,False,,,430,100.0%
2020,Colorado,Republican primary results,Primary,Winning,True,Republican Party (United States),Cory Gardner,"554,806",100.00%
2020,Colorado,Republican primary results,Primary,Total,False,,,"554,806",100.00%
2020,Colorado,Democratic primary results,Primary,Winning,False,Democratic Party (United States),John Hickenlooper,"585,826",58.65%
2020,Colorado,Democratic primary results,Primary,Candidate,False,Democratic Party (United States),Andrew Romanoff,"412,955",41.35%
2020,Colorado,Democratic primary results,Primary,Total,False,,,"998,781",100.00%
2020,Colorado,Libertarian primary results,Primary,Winning,False,Libertarian Party (United States),Raymon Doane,"3,477",62.41%
2020,Colorado,Libertarian primary results,Primary,Candidate,False,Libertarian Party (United States),Gaylon Kent,"2,094",37.59%
2020,Colorado,Libertarian primary results,Primary,Total,False,,,"5,571",100.00%
2020,Delaware,Democratic primary results,Primary,Winning,True,Democratic Party (United States),Chris Coons,"87,332",72.85%
2020,Delaware,Democratic primary results,Primary,Candidate,False,Democratic Party (United States),Jessica Scarane,"32,547",27.15%
2020,Delaware,Democratic primary results,Primary,Total,False,,,"119,879",100.00%
2020,Delaware,Republican primary results,Primary,Winning,False,Republican Party (United States),Lauren Witzke,"30,702",56.89%
2020,Delaware,Republican primary results,Primary,Candidate,False,Republican Party (United States),James DeMartino,"23,266",43.11%
2020,Delaware,Republican primary results,Primary,Total,False,,,"53,968",100.00%
2020,Idaho,Republican primary results,Primary,Winning,True,Republican Party (United States),Jim Risch,"200,184",100.00%
2020,Idaho,Republican primary results,Primary,Total,False,,,"200,184",100.00%
2020,Idaho,Democratic primary results,Primary,Winning,False,Democratic Party (United States),Paulette Jordan,"72,778",85.70%
2020,Idaho,Democratic primary results,Primary,Candidate,False,Democratic Party (United States),James Vandermaas,"12,145",14.30%
2020,Idaho,Democratic primary results,Primary,Total,False,,,"84,923",100.00%
2020,Illinois,Democratic primary results,Primary,Winning,True,Democratic Party (United States),Dick Durbin,1446118,100.00%
2020,Illinois,Democratic primary results,Primary,Total,False,,,1446118,100.00%
2020,Illinois,Republican primary results,Primary,Winning,False,Republican Party (United States),Mark Curran,205747,41.55%
2020,Illinois,Republican primary results,Primary,Candidate,False,Republican Party (United States),Peggy Hubbard,113189,22.86%
2020,Illinois,Republican primary results,Primary,Candidate,False,Republican Party (United States),Robert Marshall,75561,15.26%
2020,Illinois,Republican primary results,Primary,Candidate,False,Republican Party (United States),Tom Tarter,73009,14.74%
2020,Illinois,Republican primary results,Primary,Candidate,False,Republican Party (United States),Casey Chlebek,27655,5.58%
2020,Illinois,Republican primary results,Primary,Candidate,False,Republican Party (United States),Richard Mayers (write-in),7,0.00%
2020,Illinois,Republican primary results,Primary,Total,False,,,495168,100.00%
2020,Iowa,Republican primary results,Primary,Winning,True,Republican Party (United States),Joni Ernst,"226,589",98.64%
2020,Iowa,Republican primary results,Primary,Candidate,False,Republican Party (United States),Write-In,"3,132",1.36%
2020,Iowa,Republican primary results,Primary,Total,False,,,"229,721",100.00%
2020,Iowa,Democratic primary results,Primary,Winning,False,Democratic Party (United States),Theresa Greenfield,"132,001",47.71%
2020,Iowa,Democratic primary results,Primary,Candidate,False,Democratic Party (United States),Michael T. Franken,"68,851",24.88%
2020,Iowa,Democratic primary results,Primary,Candidate,False,Democratic Party (United States),Kimberly Graham,"41,554",15.02%
2020,Iowa,Democratic primary results,Primary,Candidate,False,Democratic Party (United States),Eddie Mauro,"30,400",10.99%
2020,Iowa,Democratic primary results,Primary,Candidate,False,Democratic Party (United States),Cal Woods (withdrawn),"3,372",1.21%
2020,Iowa,Democratic primary results,Primary,Candidate,False,Democratic Party (United States),Write-In,514,0.19%
2020,Iowa,Democratic primary results,Primary,Total,False,,,"276,692",100.00%
2020,Kansas,Republican primary results,Primary,Winning,False,Republican Party (United States),Roger Marshall,"167,800",40.28%
2020,Kansas,Republican primary results,Primary,Candidate,False,Republican Party (United States),Kris Kobach,"108,726",26.10%
2020,Kansas,Republican primary results,Primary,Candidate,False,Republican Party (United States),Bob Hamilton,"77,952",18.71%
2020,Kansas,Republican primary results,Primary,Candidate,False,Republican Party (United States),Dave Lindstrom,"27,451",6.59%
2020,Kansas,Republican primary results,Primary,Candidate,False,Republican Party (United States),Steve Roberts,"8,141",1.95%
2020,Kansas,Republican primary results,Primary,Candidate,False,Republican Party (United States),Brian Matlock,"7,083",1.70%
2020,Kansas,Republican primary results,Primary,Candidate,False,Republican Party (United States),Lance Berland,"6,404",1.54%
2020,Kansas,Republican primary results,Primary,Candidate,False,Republican Party (United States),John Miller,"4,431",1.06%
2020,Kansas,Republican primary results,Primary,Candidate,False,Republican Party (United States),Derek Ellis,"3,970",0.95%
2020,Kansas,Republican primary results,Primary,Candidate,False,Republican Party (United States),Gabriel Robles,"3,744",0.90%
2020,Kansas,Republican primary results,Primary,Candidate,False,Republican Party (United States),John Berman,861,0.21%
2020,Kansas,Republican primary results,Primary,Total,False,,,"416,563",100.00%
2020,Kansas,Democratic primary results,Primary,Winning,False,Democratic Party (United States),Barbara Bollier,"168,759",85.34%
2020,Kansas,Democratic primary results,Primary,Candidate,False,Democratic Party (United States),Robert Tillman,"28,997",14.66%
2020,Kansas,Democratic primary results,Primary,Total,False,,,"197,756",100.00%
2020,Kentucky,Republican primary results,Primary,Winning,True,Republican Party (United States),Mitch McConnell,"342,660",82.80%
2020,Kentucky,Republican primary results,Primary,Candidate,False,Republican Party (United States),C. Wesley Morgan,"25,588",6.18%
2020,Kentucky,Republican primary results,Primary,Candidate,False,Republican Party (United States),Louis Grider,"13,771",3.33%
2020,Kentucky,Republican primary results,Primary,Candidate,False,Republican Party (United States),Paul John Frangedakis,"11,957",2.89%
2020,Kentucky,Republican primary results,Primary,Candidate,False,Republican Party (United States),Neren James,"10,693",2.58%
2020,Kentucky,Republican primary results,Primary,Candidate,False,Republican Party (United States),Kenneth Lowndes,"5,548",1.34%
2020,Kentucky,Republican primary results,Primary,Candidate,False,Republican Party (United States),Nicholas Alsager,"3,603",0.87%
2020,Kentucky,Republican primary results,Primary,Total,False,,,"413,820",100.0%
2020,Kentucky,Democratic primary results,Primary,Winning,False,Democratic Party (United States),Amy McGrath,"247,037",45.41%
2020,Kentucky,Democratic primary results,Primary,Candidate,False,Democratic Party (United States),[[Charles Booker (American politician),"231,888",42.62%
2020,Kentucky,Democratic primary results,Primary,Candidate,False,Democratic Party (United States),Mike Broihier,"27,175",4.99%
2020,Kentucky,Democratic primary results,Primary,Candidate,False,Democratic Party (United States),Mary Ann Tobin,"11,108",2.04%
2020,Kentucky,Democratic primary results,Primary,Candidate,False,Democratic Party (United States),Maggie Joe Hilliard,"6,224",1.14%
2020,Kentucky,Democratic primary results,Primary,Candidate,False,Democratic Party (United States),Andrew Maynard,"5,974",1.10%
2020,Kentucky,Democratic primary results,Primary,Candidate,False,Democratic Party (United States),Bennie J. Smith,"5,040",0.93%
2020,Kentucky,Democratic primary results,Primary,Candidate,False,Democratic Party (United States),Jimmy Ausbrooks (withdrawn),"3,629",0.67%
2020,Kentucky,Democratic primary results,Primary,Candidate,False,Democratic Party (United States),Eric Rothmuller,"2,995",0.55%
2020,Kentucky,Democratic primary results,Primary,Candidate,False,Democratic Party (United States),John R. Sharpensteen,"2,992",0.55%
2020,Kentucky,Democratic primary results,Primary,Total,False,,,"544,062",100.0%
2020,Louisiana,"United States Senate election blanket primary in Louisiana, 2020",Primary,Total,False,,,"2,071,543",100%
2020,Maine,Republican primary results,Primary,Winning,True,Republican Party (United States),Susan Collins,"87,375",98.79%
2020,Maine,Republican primary results,Primary,Candidate,False,Republican Party (United States),Amy Colter (write-in),"1,073",1.21%
2020,Maine,Republican primary results,Primary,Total,False,,,"88,448",100.0%
2020,Maine,Democratic primary results,Primary,Winning,False,Democratic Party (United States),Sara Gideon,"116,264",71.47%
2020,Maine,Democratic primary results,Primary,Candidate,False,Democratic Party (United States),Betsy Sweet,"37,327",22.94%
2020,Maine,Democratic primary results,Primary,Candidate,False,Democratic Party (United States),Bre Kidman,"9,090",5.59%
2020,Maine,Democratic primary results,Primary,Total,False,,,"162,681",100.0%
2020,Massachusetts,Democratic primary results,Primary,Winning,True,Democratic Party (United States),Ed Markey,"782,694",55.35%
2020,Massachusetts,Democratic primary results,Primary,Candidate,False,Democratic Party (United States),Joe Kennedy III,"629,359",44.51%
2020,Massachusetts,Democratic primary results,Primary,Candidate,False,Democratic Party (United States),Write-ins,"1,935",0.14%
2020,Massachusetts,Democratic primary results,Primary,Total,False,,,"1,413,988",100.00%
2020,Massachusetts,Republican primary results,Primary,Winning,False,Republican Party (United States),Kevin O'Connor,"158,590",59.71%
2020,Massachusetts,Republican primary results,Primary,Candidate,False,Republican Party (United States),Shiva Ayyadurai,"104,782",39.45%
2020,Massachusetts,Republican primary results,Primary,Candidate,False,Republican Party (United States),Write-ins,"2,245",0.84%
2020,Massachusetts,Republican primary results,Primary,Total,False,,,"265,617",100.00%
2020,Massachusetts,Libertarian primary results,Primary,Candidate,False,Libertarian Party (United States),Other write-ins,"3,390",99.21%
2020,Massachusetts,Libertarian primary results,Primary,Candidate,False,Libertarian Party (United States),Vermin Supreme (write-in),27,0.79%
2020,Massachusetts,Libertarian primary results,Primary,Total,False,,,"3,417",100.00%
2020,Michigan,Democratic primary results,Primary,Winning,True,Democratic Party (United States),Gary Peters,"1,180,780",100.0%
2020,Michigan,Democratic primary results,Primary,Total,False,,,"1,180,780",100.0%
2020,Michigan,Republican primary results,Primary,Winning,False,Republican Party (United States),[[John E. James,"1,005,315",100.0%
2020,Michigan,Republican primary results,Primary,Total,False,,,"1,005,315",100.0%
2020,Minnesota,Democratic primary results,Primary,Winning,True,Minnesota Democratic–Farmer–Labor Party,Tina Smith,"497,498",87.14%
2020,Minnesota,Democratic primary results,Primary,Candidate,False,Minnesota Democratic–Farmer–Labor Party,Paula Overby,"30,497",5.34%
2020,Minnesota,Democratic primary results,Primary,Candidate,False,Minnesota Democratic–Farmer–Labor Party,Ahmad Hassan,"20,037",3.51%
2020,Minnesota,Democratic primary results,Primary,Candidate,False,Minnesota Democratic–Farmer–Labor Party,Steve Carlson,"16,429",2.88%
2020,Minnesota,Democratic primary results,Primary,Candidate,False,Minnesota Democratic–Farmer–Labor Party,Christopher Seymore,"6,480",1.13%
2020,Minnesota,Democratic primary results,Primary,Total,False,,,"570,941",100.00%
2020,Minnesota,Republican primary results,Primary,Winning,False,Republican Party (United States),[[Jason Lewis (Minnesota politician),"191,290",78.11%
2020,Minnesota,Republican primary results,Primary,Candidate,False,Republican Party (United States),Cynthia Gail,"17,675",7.22%
2020,Minnesota,Republican primary results,Primary,Candidate,False,Republican Party (United States),John Berman,"16,213",6.62%
2020,Minnesota,Republican primary results,Primary,Candidate,False,Republican Party (United States),Bob Carney Jr.,"10,503",4.29%
2020,Minnesota,Republican primary results,Primary,Candidate,False,Republican Party (United States),James Reibestein,"9,210",3.76%
2020,Minnesota,Republican primary results,Primary,Total,False,,,"244,891",100.00%
2020,Minnesota,Grassroots–Legalize Cannabis primary results,Primary,Winning,False,Grassroots–Legalize Cannabis Party,Oliver Steinberg,"3,275",100.00%
2020,Minnesota,Grassroots–Legalize Cannabis primary results,Primary,Total,False,,,"3,275",100.00%
2020,Minnesota,Legal Marijuana Now primary results,Primary,Winning,False,Legal Marijuana Now Party,Kevin O'Connor,"6,996",100.00%
2020,Minnesota,Legal Marijuana Now primary results,Primary,Total,False,,,"6,996",100.00%
2020,Mississippi,Republican primary results,Primary,Winning,True,Republican Party (United States),Cindy Hyde-Smith,"235,463",100.0%
2020,Mississippi,Republican primary results,Primary,Total,False,,,"235,463",100.0%
2020,Mississippi,Democratic primary results,Primary,Winning,False,Democratic Party (United States),Mike Espy,"250,496",93.12%
2020,Mississippi,Democratic primary results,Primary,Candidate,False,Democratic Party (United States),Tobey Bartee,"11,148",4.14%
2020,Mississippi,Democratic primary results,Primary,Candidate,False,Democratic Party (United States),Jensen Bohren,"7,345",2.74%
2020,Mississippi,Democratic primary results,Primary,Total,False,,,"268,989",100.0%
2020,Montana,Republican primary results,Primary,Winning,True,Republican Party (United States),Steve Daines,"192,942",88.02%
2020,Montana,Republican primary results,Primary,Candidate,False,Republican Party (United States),[[John Driscoll (Montana politician),"13,944",6.36%
2020,Montana,Republican primary results,Primary,Candidate,False,Republican Party (United States),Daniel Larson,"12,319",5.62%
2020,Montana,Republican primary results,Primary,Total,False,,,"219,205",100.00%
2020,Montana,Democratic primary results,Primary,Winning,False,Democratic Party (United States),[[Steve Bullock (American politician),"144,949",95.45%
2020,Montana,Democratic primary results,Primary,Candidate,False,Democratic Party (United States),John Mues,"3,740",2.46%
2020,Montana,Democratic primary results,Primary,Candidate,False,Democratic Party (United States),Mike Knoles (withdrawn),"3,165",2.09%
2020,Montana,Democratic primary results,Primary,Total,False,,,"151,854",100.00%
2020,Montana,Green primary results,Primary,Winning,False,Green Party (United States),Wendie Fredrickson,504,66.40%
2020,Montana,Green primary results,Primary,Candidate,False,Green Party (United States),Dennis Daneke,255,33.60%
2020,Montana,Green primary results,Primary,Total,False,,,758,100.00%
2020,Nebraska,Republican primary results,Primary,Winning,False,Republican Party (United States),Ben Sasse (inc.),"215,207",75.21%
2020,Nebraska,Republican primary results,Primary,Total,False,,,"284,212",100.00%
2020,Nebraska,Democratic primary results,Primary,Winning,False,Democratic Party (United States),Chris Janicek,"46,247",30.69%
2020,Nebraska,Democratic primary results,Primary,Candidate,False,Democratic Party (United States),Alisha Shelton,"34,284",22.75%
2020,Nebraska,Democratic primary results,Primary,Candidate,False,Democratic Party (United States),Andy Stock,"17,156",11.38%
2020,Nebraska,Democratic primary results,Primary,Candidate,False,Democratic Party (United States),Daniel Wik,"5,765",3.83%
2020,Nebraska,Democratic primary results,Primary,Candidate,False,Democratic Party (United States),Dennis Macek,"4,453",2.95%
2020,Nebraska,Democratic primary results,Primary,Total,False,,,"150,702",100.00%
2020,Nebraska,Libertarian primary results,Primary,Winning,False,Libertarian Party (United States),Gene Siadek,"2,517",100.00%
2020,Nebraska,Libertarian primary results,Primary,Total,False,,,"2,517",100.00%
2020,New Hampshire,Democratic primary results,Primary,Winning,True,Democratic Party (United States),Jeanne Shaheen,"142,012",93.88%
2020,New Hampshire,Democratic primary results,Primary,Candidate,False,Democratic Party (United States),Paul Krautman,"5,914",3.91%
2020,New Hampshire,Democratic primary results,Primary,Candidate,False,Democratic Party (United States),Tom Alciere,"2,992",1.98%
2020,New Hampshire,Democratic primary results,Primary,Candidate,False,Republican Party (United States),[[Donald C. Bolduc,199,0.13%
2020,New Hampshire,Democratic primary results,Primary,Candidate,False,Republican Party (United States),Bryant Messner (write-in),137,0.09%
2020,New Hampshire,Democratic primary results,Primary,Candidate,False,Republican Party (United States),Andy Martin (write-in),11,0.0%
2020,New Hampshire,Democratic primary results,Primary,Candidate,False,Republican Party (United States),Gerard Beloin (write-in),3,0.0%
2020,New Hampshire,Democratic primary results,Primary,Total,False,,,"151,268",100.0%
2020,New Hampshire,Republican primary results,Primary,Winning,False,Republican Party (United States),Bryant Messner,"69,801",50.26%
2020,New Hampshire,Republican primary results,Primary,Candidate,False,Republican Party (United States),[[Donald C. Bolduc,"58,749",42.30%
2020,New Hampshire,Republican primary results,Primary,Candidate,False,Republican Party (United States),Andy Martin,"6,443",4.64%
2020,New Hampshire,Republican primary results,Primary,Candidate,False,Republican Party (United States),Gerard Beloin,"3,098",2.23%
2020,New Hampshire,Republican primary results,Primary,Candidate,False,Democratic Party (United States),Jeanne Shaheen (write-in),771,0.56%
2020,New Hampshire,Republican primary results,Primary,Candidate,False,Democratic Party (United States),Tom Alciere (write-in),7,0.0%
2020,New Hampshire,Republican primary results,Primary,Candidate,False,Democratic Party (United States),Paul Krautmann (write-in),7,0.0%
2020,New Hampshire,Republican primary results,Primary,Total,False,,,"138,876",100.0%
2020,New Jersey,Democratic primary results,Primary,Winning,True,Democratic Party (United States),Cory Booker,"838,110",87.58%
2020,New Jersey,Democratic primary results,Primary,Candidate,False,Democratic Party (United States),Lawrence Hamm,"118,802",12.42%
2020,New Jersey,Democratic primary results,Primary,Total,False,,,"956,912",100.0%
2020,New Jersey,Republican primary results,Primary,Winning,False,Republican Party (United States),Rik Mehta,"154,817",38.01%
2020,New Jersey,Republican primary results,Primary,Candidate,False,Republican Party (United States),Hirsh Singh,"146,133",35.88%
2020,New Jersey,Republican primary results,Primary,Candidate,False,Republican Party (United States),Tricia Flanagan,"72,678",17.84%
2020,New Jersey,Republican primary results,Primary,Candidate,False,Republican Party (United States),Natalie Lynn Rivera,"21,650",5.31%
2020,New Jersey,Republican primary results,Primary,Candidate,False,Republican Party (United States),Eugene Anagnos,"12,047",2.96%
2020,New Jersey,Republican primary results,Primary,Total,False,,,"407,325",100.0%
2020,New Mexico,Democratic primary results,Primary,Winning,False,Democratic Party (United States),Ben Ray Luján,"225,082",100.00%
2020,New Mexico,Democratic primary results,Primary,Total,False,,,"225,082",100.00%
2020,New Mexico,Republican primary results,Primary,Winning,False,Republican Party (United States),Mark Ronchetti,"89,216",56.49%
2020,New Mexico,Republican primary results,Primary,Candidate,False,Republican Party (United States),Elisa Martinez,"41,240",26.11%
2020,New Mexico,Republican primary results,Primary,Candidate,False,Republican Party (United States),Gavin Clarkson,"27,471",17.39%
2020,New Mexico,Republican primary results,Primary,Total,False,,,"157,927",100.00%
2020,New Mexico,Libertarian primary results,Primary,Winning,False,Libertarian Party (United States),Bob Walsh,"1,454",100.00%
2020,New Mexico,Libertarian primary results,Primary,Total,False,,,"1,454",100.00%
2020,North Carolina,Republican primary results,Primary,Winning,True,Republican Party (United States),Thom Tillis,"608,943",78.08%
2020,North Carolina,Republican primary results,Primary,Candidate,False,Republican Party (United States),Paul Wright,"58,908",7.55%
2020,North Carolina,Republican primary results,Primary,Candidate,False,Republican Party (United States),Larry Holmquist,"57,356",7.35%
2020,North Carolina,Republican primary results,Primary,Candidate,False,Republican Party (United States),Sharon Y. Hudson,"54,651",7.01%
2020,North Carolina,Republican primary results,Primary,Total,False,,,"779,858",100.00%
2020,North Carolina,Democratic primary results,Primary,Winning,False,Democratic Party (United States),Cal Cunningham,"717,941",56.93%
2020,North Carolina,Democratic primary results,Primary,Candidate,False,Democratic Party (United States),Erica D. Smith,"438,969",34.81%
2020,North Carolina,Democratic primary results,Primary,Candidate,False,Democratic Party (United States),Trevor M. Fuller,"48,168",3.82%
2020,North Carolina,Democratic primary results,Primary,Candidate,False,Democratic Party (United States),Steve Swenson,"33,741",2.68%
2020,North Carolina,Democratic primary results,Primary,Candidate,False,Democratic Party (United States),Atul Goel,"22,226",1.76%
2020,North Carolina,Democratic primary results,Primary,Total,False,,,"1,261,045",100.00%
2020,Oklahoma,Republican primary results,Primary,Winning,True,Republican Party (United States),Jim Inhofe,"277,868",74.05
2020,Oklahoma,Republican primary results,Primary,Candidate,False,Republican Party (United States),J.J. Stitt,"57,433",15.31
2020,Oklahoma,Republican primary results,Primary,Candidate,False,Republican Party (United States),John Tompkins,"23,563",6.28
2020,Oklahoma,Republican primary results,Primary,Candidate,False,Republican Party (United States),Neil Mavis,"16,363",4.36
2020,Oklahoma,Republican primary results,Primary,Total,False,,,"375,227",100.00
2020,Oklahoma,Democratic primary results,Primary,Winning,False,Democratic Party (United States),Abby Broyles,"163,921",60.45
2020,Oklahoma,Democratic primary results,Primary,Candidate,False,Democratic Party (United States),Elysabeth Britt,"45,206",16.67
2020,Oklahoma,Democratic primary results,Primary,Candidate,False,Democratic Party (United States),Sheila Bilyeu,"32,350",11.93
2020,Oklahoma,Democratic primary results,Primary,Candidate,False,Democratic Party (United States),"R. O. Joe Cassity, Jr.","29,698",10.95
2020,Oklahoma,Democratic primary results,Primary,Total,False,,,"271,175",100.00
2020,Oregon,Democratic primary results,Primary,Winning,True,Democratic Party (United States),Jeff Merkley,"564,878",98.71%
2020,Oregon,Democratic primary results,Primary,Candidate,False,Democratic Party (United States),Write-in,"7,386",1.29%
2020,Oregon,Democratic primary results,Primary,Total,False,,,"572,264",100.0%
2020,Oregon,Republican primary results,Primary,Winning,False,Republican Party (United States),Jo Rae Perkins,"178,004",49.23%
2020,Oregon,Republican primary results,Primary,Candidate,False,Republican Party (United States),"Paul J. Romero, Jr.","109,783",30.36%
2020,Oregon,Republican primary results,Primary,Candidate,False,Republican Party (United States),Robert Schwartz,"40,196",11.12%
2020,Oregon,Republican primary results,Primary,Candidate,False,Republican Party (United States),John Verbeek,"29,382",8.13%
2020,Oregon,Republican primary results,Primary,Candidate,False,Republican Party (United States),Write-in,"4,250",1.17%
2020,Oregon,Republican primary results,Primary,Total,False,,,"361,615",100.0%
2020,Rhode Island,Democratic primary results,Primary,Winning,False,Democratic Party (United States),[[Jack Reed (Rhode Island politician),"65,859",100.0%
2020,Rhode Island,Democratic primary results,Primary,Total,False,,,"65,859",100.0%
2020,Rhode Island,Republican primary results,Primary,Winning,False,Republican Party (United States),Allen Waters,"8,819",100.0%
2020,Rhode Island,Republican primary results,Primary,Total,False,,,"8,819",100.0%
2020,South Carolina,Republican primary results,Primary,Winning,True,Republican Party (United States),Lindsey Graham,"317,512",67.69%
2020,South Carolina,Republican primary results,Primary,Candidate,False,Republican Party (United States),Michael LaPierre,"79,932",17.04%
2020,South Carolina,Republican primary results,Primary,Candidate,False,Republican Party (United States),Joe Reynolds,"43,029",9.17%
2020,South Carolina,Republican primary results,Primary,Candidate,False,Republican Party (United States),"Dwayne ""Duke"" Buckner","28,570",6.09%
2020,South Carolina,Republican primary results,Primary,Total,False,,,"469,043",100.00%
2020,South Dakota,Republican primary results,Primary,Winning,True,Republican Party (United States),Mike Rounds,"70,365",75.23%
2020,South Dakota,Republican primary results,Primary,Total,False,,,"93,529",100.00%
2020,Tennessee,Republican primary results,Primary,Winning,False,Republican Party (United States),Bill Hagerty,"331,267",50.75%
2020,Tennessee,Republican primary results,Primary,Candidate,False,Republican Party (United States),Manny Sethi,"257,223",39.41%
2020,Tennessee,Republican primary results,Primary,Candidate,False,Republican Party (United States),"George Flinn, Jr.","22,454",3.44%
2020,Tennessee,Republican primary results,Primary,Candidate,False,Republican Party (United States),Jon Henry,"8,104",1.24%
2020,Tennessee,Republican primary results,Primary,Candidate,False,Republican Party (United States),Natisha Brooks,"8,072",1.24%
2020,Tennessee,Republican primary results,Primary,Candidate,False,Republican Party (United States),Byron Bush,"5,420",0.83%
2020,Tennessee,Republican primary results,Primary,Candidate,False,Republican Party (United States),Clifford Adkins,"5,316",0.81%
2020,Tennessee,Republican primary results,Primary,Candidate,False,Republican Party (United States),Terry Dicus,"2,279",0.35%
2020,Tennessee,Republican primary results,Primary,Candidate,False,Republican Party (United States),"Tom Emerson, Jr.","2,252",0.35%
2020,Tennessee,Republican primary results,Primary,Candidate,False,Republican Party (United States),David Schuster,"2,045",0.31%
2020,Tennessee,Republican primary results,Primary,Candidate,False,Republican Party (United States),John Osborne,"1,877",0.29%
2020,Tennessee,Republican primary results,Primary,Candidate,False,Republican Party (United States),Roy Dale Cope,"1,791",0.27%
2020,Tennessee,Republican primary results,Primary,Candidate,False,Republican Party (United States),Kent Morrell,"1,769",0.27%
2020,Tennessee,Republican primary results,Primary,Candidate,False,Republican Party (United States),Aaron Pettigrew,"1,622",0.25%
2020,Tennessee,Republican primary results,Primary,Candidate,False,Republican Party (United States),"Glen Neal, Jr.","1,233",0.19%
2020,Tennessee,Republican primary results,Primary,Total,False,,,"652,724",100.00%
2020,Tennessee,Democratic primary results,Primary,Winning,False,Democratic Party (United States),Marquita Bradshaw,"117,962",35.51%
2020,Tennessee,Democratic primary results,Primary,Candidate,False,Democratic Party (United States),Robin Kimbrough Hayes,"88,492",26.64%
2020,Tennessee,Democratic primary results,Primary,Candidate,False,Democratic Party (United States),James Mackler,"78,966",23.77%
2020,Tennessee,Democratic primary results,Primary,Candidate,False,Democratic Party (United States),Gary G. Davis,"30,758",9.26%
2020,Tennessee,Democratic primary results,Primary,Candidate,False,Democratic Party (United States),Mark Pickrell,"16,045",4.83%
2020,Tennessee,Democratic primary results,Primary,Total,False,,,"332,223",100.00%
2020,Texas,Republican primary results,Primary,Winning,True,Republican Party (United States),John Cornyn,"1,470,669",76.04%
2020,Texas,Republican primary results,Primary,Total,False,,,"1,934,047",100.0%
2020,Texas,Democratic primary results,Primary,Winning,False,Democratic Party (United States),Royce West,"274,074",14.66%
2020,Texas,Democratic primary results,Primary,Candidate,False,Democratic Party (United States),Cristina Tzintzún Ramirez,"246,659",13.19%
2020,Texas,Democratic primary results,Primary,Candidate,False,Democratic Party (United States),"Annie ""Mamá"" Garcia","191,900",10.27%
2020,Texas,Democratic primary results,Primary,Candidate,False,Democratic Party (United States),[[Amanda Edwards (politician),"189,624",10.14%
2020,Texas,Democratic primary results,Primary,Candidate,False,Democratic Party (United States),Sema Hernandez,"137,892",7.38%
2020,Texas,Democratic primary results,Primary,Candidate,False,Democratic Party (United States),Michael Cooper,"92,463",4.95%
2020,Texas,Democratic primary results,Primary,Candidate,False,Democratic Party (United States),Victor Hugo Harris,"59,710",3.19%
2020,Texas,Democratic primary results,Primary,Candidate,False,Democratic Party (United States),Adrian Ocegueda,"41,566",2.22%
2020,Texas,Democratic primary results,Primary,Candidate,False,Democratic Party (United States),Jack Daniel Foster Jr.,"31,718",1.70%
2020,Texas,Democratic primary results,Primary,Candidate,False,Democratic Party (United States),D. R. Hunter,"26,902",1.44%
2020,Texas,Democratic primary results,Primary,Total,False,,,"1,869,419",100.0%
2020,Texas,Democratic primary runoff results,Primary,Winning,False,Democratic Party (United States),MJ Hegar,"502,516",52.24%
2020,Texas,Democratic primary runoff results,Primary,Candidate,False,Democratic Party (United States),Royce West,"459,457",47.76%
2020,Texas,Democratic primary runoff results,Primary,Total,False,,,"961,973",100.0%
2020,Virginia,Republican primary results,Primary,Winning,False,Republican Party (United States),Daniel Gade,"208,754",67.40%
2020,Virginia,Republican primary results,Primary,Candidate,False,Republican Party (United States),Alissa Baldwin,"56,165",18.13%
2020,Virginia,Republican primary results,Primary,Candidate,False,Republican Party (United States),Thomas Speciale,"44,795",14.46%
2020,Virginia,Republican primary results,Primary,Total,False,,,"309,714",100.0%
2020,West Virginia,Republican primary results,Primary,Winning,True,Republican Party (United States),Shelley Moore Capito,"173,847",83.32%
2020,West Virginia,Republican primary results,Primary,Total,False,,,"208,639",100.00%
2020,West Virginia,Democratic primary results,Primary,Winning,False,Democratic Party (United States),Paula Jean Swearengin,"72,292",38.39%
2020,West Virginia,Democratic primary results,Primary,Total,False,,,"188,294",100.00%
2020,Wyoming,Republican primary results,Primary,Winning,False,Republican Party (United States),Cynthia Lummis,"63,511",59.67%
2020,Wyoming,Republican primary results,Primary,Total,False,,,"106,438",100.00%
2020,Wyoming,Democratic primary results,Primary,Winning,False,Democratic Party (United States),Merav Ben-David,"9,584",40.28%
2020,Wyoming,Democratic primary results,Primary,Total,False,,,"23,792",100.00%
2022,Alabama,Republican primary results,Primary,Winning,False,Republican Party (United States),Katie Britt,"289,425",44.75%
2022,Alabama,Republican primary results,Primary,Winning,False,Republican Party (United States),Mo Brooks,"188,539",29.15%
2022,Alabama,Republican primary results,Primary,Candidate,False,Republican Party (United States),Michael Durant,"150,817",23.32%
2022,Alabama,Republican primary results,Primary,Candidate,False,Republican Party (United States),Jake Schafer,"7,371",1.14%
2022,Alabama,Republican primary results,Primary,Candidate,False,Republican Party (United States),Karla DuPriest,"5,739",0.89%
2022,Alabama,Republican primary results,Primary,Candidate,False,Republican Party (United States),Lillie Boddie,"4,849",0.75%
2022,Alabama,Republican primary results,Primary,Total,False,,,"646,740",100.0%
2022,Alabama,Republican primary runoff results,Primary,Winning,False,Republican Party (United States),Katie Britt,"253,251",63.02%
2022,Alabama,Republican primary runoff results,Primary,Candidate,False,Republican Party (United States),Mo Brooks,"148,636",36.98%
2022,Alabama,Republican primary runoff results,Primary,Total,False,,,"401,887",100.0%
2022,Alabama,Democratic primary results,Primary,Winning,False,Democratic Party (United States),Will Boyd,"107,588",63.72%
2022,Alabama,Democratic primary results,Primary,Candidate,False,Democratic Party (United States),Brandaun Dean,"32,863",19.46%
2022,Alabama,Democratic primary results,Primary,Candidate,False,Democratic Party (United States),Lanny Jackson,"28,402",16.82%
2022,Alabama,Democratic primary results,Primary,Total,False,,,"168,853",100.0%
2022,Alaska,Primary election results,Primary,Winning,True,Republican Party (United States),Lisa Murkowski,"85,794",45.05%
2022,Alaska,Primary election results,Primary,Winning,False,Republican Party (United States),Kelly Tshibaka,"73,414",38.55%
2022,Alaska,Primary election results,Primary,Winning,False,Democratic Party (United States),Patricia Chesbro,"12,989",6.82%
2022,Alaska,Primary election results,Primary,Winning,False,Republican Party (United States),Buzz Kelley,"4,055",2.13%
2022,Alaska,Primary election results,Primary,Candidate,False,Republican Party (United States),Pat Nolin,"2,004",1.05%
2022,Alaska,Primary election results,Primary,Candidate,False,Democratic Party (United States),Edgar Blatchford,"1,981",1.04%
2022,Alaska,Primary election results,Primary,Candidate,False,Democratic Party (United States),Ivan R. Taylor,"1,897",1.00%
2022,Alaska,Primary election results,Primary,Candidate,False,Republican Party (United States),Sam Merrill,"1,529",0.80%
2022,Alaska,Primary election results,Primary,Candidate,False,Libertarian Party (United States),Sean Thorne,"1,399",0.73%
2022,Alaska,Primary election results,Primary,Candidate,False,Independent,Shoshana Gungurstein,853,0.45%
2022,Alaska,Primary election results,Primary,Candidate,False,Alaskan Independence Party,Joe Stephens,805,0.42%
2022,Alaska,Primary election results,Primary,Candidate,False,Republican Party (United States),John Schiess,734,0.39%
2022,Alaska,Primary election results,Primary,Candidate,False,Alaskan Independence Party,Dustin Darden,649,0.34%
2022,Alaska,Primary election results,Primary,Candidate,False,Republican Party (United States),Kendall L. Shorkey,627,0.33%
2022,Alaska,Primary election results,Primary,Candidate,False,Republican Party (United States),Karl Speights,613,0.32%
2022,Alaska,Primary election results,Primary,Candidate,False,Independent,Jeremy Keller,405,0.21%
2022,Alaska,Primary election results,Primary,Candidate,False,Independent,Sid Hill,274,0.14%
2022,Alaska,Primary election results,Primary,Candidate,False,Independent,Huhnkie Lee,238,0.12%
2022,Alaska,Primary election results,Primary,Candidate,False,Independent,Dave Darden,198,0.10%
2022,Alaska,Primary election results,Primary,Total,False,,,"190,458",100.0%
2022,Arizona,Democratic primary results,Primary,Winning,True,Democratic Party (United States),Mark Kelly,"589,400",100.0%
2022,Arizona,Democratic primary results,Primary,Total,False,,,"589,400",100.0%
2022,Arizona,Republican primary results,Primary,Winning,False,Republican Party (United States),Blake Masters,"327,198",40.24%
2022,Arizona,Republican primary results,Primary,Candidate,False,Republican Party (United States),Jim Lamon,"228,467",28.10%
2022,Arizona,Republican primary results,Primary,Candidate,False,Republican Party (United States),Mark Brnovich,"144,092",17.72%
2022,Arizona,Republican primary results,Primary,Candidate,False,Republican Party (United States),[[Mick McGuire (general),"71,100",8.75%
2022,Arizona,Republican primary results,Primary,Candidate,False,Republican Party (United States),Justin Olson,"41,985",5.16%
2022,Arizona,Republican primary results,Primary,Write-in,False,,,226,0.03%
2022,Arizona,Republican primary results,Primary,Total,False,,,"813,068",100.0%
2022,Arizona,Libertarian primary results,Primary,Winning,False,Libertarian Party (United States),Marc Victor,"3,065",100.0%
2022,Arizona,Libertarian primary results,Primary,Total,False,,,"3,065",100.0%
2022,Arkansas,Republican primary results,Primary,Winning,True,Republican Party (United States),John Boozman,"201,677",58.03%
2022,Arkansas,Republican primary results,Primary,Candidate,False,Republican Party (United States),Jake Bequette,"71,809",20.66%
2022,Arkansas,Republican primary results,Primary,Candidate,False,Republican Party (United States),Jan Morgan,"65,958",18.98%
2022,Arkansas,Republican primary results,Primary,Candidate,False,Republican Party (United States),Heath Loftis,"8,112",2.33%
2022,Arkansas,Republican primary results,Primary,Total,False,,,"347,556",100.0%
2022,Arkansas,Democratic primary results,Primary,Winning,False,Democratic Party (United States),Natalie James,"49,722",54.09%
2022,Arkansas,Democratic primary results,Primary,Candidate,False,Democratic Party (United States),Dan Whitfield,"28,319",30.80%
2022,Arkansas,Democratic primary results,Primary,Candidate,False,Democratic Party (United States),Jack Foster,"13,891",15.11%
2022,Arkansas,Democratic primary results,Primary,Total,False,,,"91,932",100.0%
2022,Colorado,Democratic primary results,Primary,Winning,True,Democratic Party (United States),Michael Bennet,"516,985",100.0%
2022,Colorado,Democratic primary results,Primary,Total,False,,,"516,985",100.0%
2022,Colorado,Republican primary results,Primary,Winning,False,Republican Party (United States),Joe O'Dea,"345,060",54.44%
2022,Colorado,Republican primary results,Primary,Candidate,False,Republican Party (United States),Ron Hanks,"288,483",45.51%
2022,Colorado,Republican primary results,Primary,Candidate,False,Republican Party (United States),Daniel Hendricks (write-in),302,0.05%
2022,Colorado,Republican primary results,Primary,Total,False,,,"633,845",100.0%
2022,Connecticut,Republican primary results,Primary,Winning,False,Republican Party (US),Leora Levy,"46,774",50.60%
2022,Connecticut,Republican primary results,Primary,Candidate,False,Republican Party (US),Themis Klarides,"37,003",40.03%
2022,Connecticut,Republican primary results,Primary,Candidate,False,Republican Party (US),Peter Lumaj,"8,665",9.37%
2022,Connecticut,Republican primary results,Primary,Total,False,,,"92,442",100.0%
2022,Florida,Democratic primary results,Primary,Winning,False,Democratic Party (United States),Val Demings,"1,263,706",84.3
2022,Florida,Democratic primary results,Primary,Candidate,False,Democratic Party (United States),Brian Rush,"94,185",6.3
2022,Florida,Democratic primary results,Primary,Candidate,False,Democratic Party (United States),[[William Sanchez (lawyer),"84,576",5.6
2022,Florida,Democratic primary results,Primary,Candidate,False,Democratic Party (United States),Ricardo De La Fuente,"56,749",3.8
2022,Florida,Democratic primary results,Primary,Total,False,,,"1,499,216",100.0
2022,Georgia,Democratic primary results,Primary,Winning,True,Democratic Party (United States),Raphael Warnock,"702,610",96.04%
2022,Georgia,Democratic primary results,Primary,Candidate,False,Democratic Party (United States),Tamara Johnson-Shealey,"28,984",3.96%
2022,Georgia,Democratic primary results,Primary,Total,False,,,"731,594",100.0%
2022,Georgia,Republican primary results,Primary,Winning,False,Republican Party (United States),Herschel Walker,"803,560",68.18%
2022,Georgia,Republican primary results,Primary,Candidate,False,Republican Party (United States),[[Gary Black (politician),"157,370",13.35%
2022,Georgia,Republican primary results,Primary,Candidate,False,Republican Party (United States),Latham Saddler,"104,471",8.86%
2022,Georgia,Republican primary results,Primary,Candidate,False,Republican Party (United States),[[Josh Clark (politician),"46,693",3.96%
2022,Georgia,Republican primary results,Primary,Candidate,False,Republican Party (United States),Kelvin King,"37,930",3.22%
2022,Georgia,Republican primary results,Primary,Candidate,False,Republican Party (United States),Jonathan McColumn,"28,601",2.43%
2022,Georgia,Republican primary results,Primary,Total,False,,,"1,178,625",100.0%
2022,Hawaii,Democratic primary results,Primary,Winning,True,Democratic Party (US),Brian Schatz,"228,595",93.56%
2022,Hawaii,Democratic primary results,Primary,Candidate,False,Democratic Party (US),Steve Tataii,"15,725",6.44%
2022,Hawaii,Democratic primary results,Primary,Total,False,,,"244,320",100.0%
2022,Hawaii,Republican primary results,Primary,Winning,False,Republican Party (US),Bob McDermott,"25,686",39.56%
2022,Hawaii,Republican primary results,Primary,Candidate,False,Republican Party (US),Timothy Dalhouse,"17,158",26.42%
2022,Hawaii,Republican primary results,Primary,Candidate,False,Republican Party (US),Wallyn Kanoelani Christian,"9,497",14.62%
2022,Hawaii,Republican primary results,Primary,Candidate,False,Republican Party (US),Steven Bond,"6,407",9.87%
2022,Hawaii,Republican primary results,Primary,Candidate,False,Republican Party (US),Asia Lavonne,"6,187",9.53%
2022,Hawaii,Republican primary results,Primary,Total,False,,,"64,935",100.0%
2022,Hawaii,Libertarian primary results,Primary,Winning,False,Libertarian Party (US),Feena Bonoan,515,100.0
2022,Hawaii,Libertarian primary results,Primary,Total,False,,,515,100.0%
2022,Hawaii,Green primary results,Primary,Winning,False,Green Party (US),Emma Jane Pohlman,"1,245",100.0
2022,Hawaii,Green primary results,Primary,Total,False,,,"1,245",100.0%
2022,Hawaii,Aloha ʻĀina primary results,Primary,Winning,False,Aloha ʻĀina Party,Dan Decker,987,100.0
2022,Hawaii,Aloha ʻĀina primary results,Primary,Total,False,,,987,100.0%
2022,Idaho,Republican primary results,Primary,Winning,True,Republican Party (United States),Mike Crapo,"177,906",67.13%
2022,Idaho,Republican primary results,Primary,Candidate,False,Republican Party (United States),Scott Trotter,"27,699",10.45%
2022,Idaho,Republican primary results,Primary,Candidate,False,Republican Party (United States),Brenda Bourn,"21,612",8.16%
2022,Idaho,Republican primary results,Primary,Candidate,False,Republican Party (United States),Ramont Turnbull,"20,883",7.88%
2022,Idaho,Republican primary results,Primary,Candidate,False,Republican Party (United States),Natalie Fleming,"16,902",6.38%
2022,Idaho,Republican primary results,Primary,Total,False,,,"265,002",100.0%
2022,Idaho,Democratic primary results,Primary,Winning,False,Democratic Party (United States),David Roth,"19,160",57.80%
2022,Idaho,Democratic primary results,Primary,Candidate,False,Democratic Party (United States),Ben Pursley,"13,987",42.20%
2022,Idaho,Democratic primary results,Primary,Total,False,,,"33,147",100.0%
2022,Idaho,Libertarian primary results,Primary,Winning,False,Libertarian Party (United States),Idaho Sierra Law,673,100.0%
2022,Idaho,Libertarian primary results,Primary,Total,False,,,673,100.0%
2022,Idaho,Constitution primary results,Primary,Winning,False,Constitution Party (United States),Ray Writz,520,100.0%
2022,Idaho,Constitution primary results,Primary,Total,False,,,520,100.0%
2022,Illinois,Democratic primary results,Primary,Winning,True,Democratic Party (United States),Tammy Duckworth,"856,720",100.0%
2022,Illinois,Democratic primary results,Primary,Total,False,,,"856,720",100.0%
2022,Illinois,Republican primary results,Primary,Winning,False,Republican Party (United States),Kathy Salvi,"216,007",30.23%
2022,Illinois,Republican primary results,Primary,Candidate,False,Republican Party (United States),Peggy Hubbard,"177,180",24.79%
2022,Illinois,Republican primary results,Primary,Candidate,False,Republican Party (United States),"Matthew ""Matt"" Dubiel","90,538",12.67%
2022,Illinois,Republican primary results,Primary,Candidate,False,Republican Party (United States),Casey Chlebek,"76,213",10.66%
2022,Illinois,Republican primary results,Primary,Candidate,False,Republican Party (United States),"Robert ""Bobby"" Piton","65,461",9.16%
2022,Illinois,Republican primary results,Primary,Candidate,False,Republican Party (United States),Anthony W. Williams,"52,890",7.40%
2022,Illinois,Republican primary results,Primary,Candidate,False,Republican Party (United States),Jimmy Lee Tillman II,"36,342",5.09%
2022,Illinois,Republican primary results,Primary,Total,False,,,"714,631",100.0%
2022,Indiana,Republican primary results,Primary,Winning,True,Republican Party (United States),Todd Young,"372,738",100.0%
2022,Indiana,Republican primary results,Primary,Total,False,,,"372,738",100.0%
2022,Indiana,Democratic primary results,Primary,Winning,False,Democratic Party (United States),Thomas McDermott Jr.,"173,466",100.0%
2022,Indiana,Democratic primary results,Primary,Total,False,,,"173,466",100.0%
2022,Iowa,Republican primary results,Primary,Winning,True,Republican Party (United States),Chuck Grassley,"143,634",73.34%
2022,Iowa,Republican primary results,Primary,Candidate,False,Republican Party (United States),[[Jim Carlin (politician),"51,891",26.50%
2022,Iowa,Republican primary results,Primary,Write-in,False,,,312,0.16%
2022,Iowa,Republican primary results,Primary,Total,False,,,"195,837",100.00%
2022,Iowa,Democratic primary results,Primary,Winning,False,Democratic Party (United States),Michael Franken,"86,527",55.17%
2022,Iowa,Democratic primary results,Primary,Candidate,False,Democratic Party (United States),Abby Finkenauer,"62,581",39.90%
2022,Iowa,Democratic primary results,Primary,Candidate,False,Democratic Party (United States),Glenn Hurst,"7,571",4.83%
2022,Iowa,Democratic primary results,Primary,Write-in,False,,,158,0.10%
2022,Iowa,Democratic primary results,Primary,Total,False,,,"156,837",100.00%
2022,Kansas,Republican primary results,Primary,Winning,True,Republican Party (United States),Jerry Moran,"383,332",80.5
2022,Kansas,Republican primary results,Primary,Candidate,False,Republican Party (United States),Joan Farr,"93,016",19.5
2022,Kansas,Republican primary results,Primary,Total,False,,,"476,348",100.0
2022,Kansas,Democratic primary results,Primary,Winning,False,Democratic Party (United States),[[Mark Holland (American politician),"101,429",38.1
2022,Kansas,Democratic primary results,Primary,Candidate,False,Democratic Party (United States),Paul Buskirk,"53,750",20.2
2022,Kansas,Democratic primary results,Primary,Candidate,False,Democratic Party (United States),Patrick Wiesner,"47,034",17.6
2022,Kansas,Democratic primary results,Primary,Candidate,False,Democratic Party (United States),Mike Andra,"33,464",12.6
2022,Kansas,Democratic primary results,Primary,Candidate,False,Democratic Party (United States),Robert Klingenberg,"21,413",8.0
2022,Kansas,Democratic primary results,Primary,Candidate,False,Democratic Party (United States),Michael Soetaert,"9,464",3.6
2022,Kansas,Democratic primary results,Primary,Total,False,,,"266,554",100.0
2022,Kentucky,Republican primary results,Primary,Winning,True,Republican Party (United States),Rand Paul,"333,051",86.35%
2022,Kentucky,Republican primary results,Primary,Candidate,False,Republican Party (United States),Valerie Frederick,"14,018",3.63%
2022,Kentucky,Republican primary results,Primary,Candidate,False,Republican Party (United States),Paul V. Hamilton,"13,473",3.49%
2022,Kentucky,Republican primary results,Primary,Candidate,False,Republican Party (United States),Arnold Blankenship,"10,092",2.62%
2022,Kentucky,Republican primary results,Primary,Candidate,False,Republican Party (United States),Tami Stanfield,"9,526",2.47%
2022,Kentucky,Republican primary results,Primary,Candidate,False,Republican Party (United States),John Schiess,"5,538",1.44%
2022,Kentucky,Republican primary results,Primary,Total,False,,,"385,698",100.0%
2022,Kentucky,Democratic primary results,Primary,Winning,False,Democratic Party (United States),[[Charles Booker (American politician),"214,245",73.29
2022,Kentucky,Democratic primary results,Primary,Candidate,False,Democratic Party (United States),Joshua Blanton Sr.,"30,980",10.60
2022,Kentucky,Democratic primary results,Primary,Candidate,False,Democratic Party (United States),John Merrill,"28,931",9.90
2022,Kentucky,Democratic primary results,Primary,Candidate,False,Democratic Party (United States),Ruth Gao,"18,154",6.21
2022,Kentucky,Democratic primary results,Primary,Total,False,,,"292,310",100.0
2022,Maryland,Democratic primary results,Primary,Winning,True,Democratic Party (United States),Chris Van Hollen,"535,014",80.81%
2022,Maryland,Democratic primary results,Primary,Candidate,False,Democratic Party (United States),Michelle Laurence Smith,"127,089",19.19%
2022,Maryland,Democratic primary results,Primary,Total,False,,,"662,103",100.0%
2022,Maryland,Republican primary results,Primary,Winning,False,Republican Party (United States),Chris Chaffee,"50,514",20.78%
2022,Maryland,Republican primary results,Primary,Candidate,False,Republican Party (United States),Lorie Friend,"35,714",14.69%
2022,Maryland,Republican primary results,Primary,Candidate,False,Republican Party (United States),John Thormann,"33,290",13.69%
2022,Maryland,Republican primary results,Primary,Candidate,False,Republican Party (United States),Joseph Perez,"26,359",10.84%
2022,Maryland,Republican primary results,Primary,Candidate,False,Republican Party (United States),George Davis,"21,095",8.68%
2022,Maryland,Republican primary results,Primary,Candidate,False,Republican Party (United States),James Tarantin,"20,514",8.44%
2022,Maryland,Republican primary results,Primary,Candidate,False,Republican Party (United States),Reba Hawkins,"18,057",7.43%
2022,Maryland,Republican primary results,Primary,Candidate,False,Republican Party (United States),Jon McGreevey,"14,128",5.81%
2022,Maryland,Republican primary results,Primary,Candidate,False,Republican Party (United States),Todd Puglisi,"13,550",5.57%
2022,Maryland,Republican primary results,Primary,Candidate,False,Republican Party (United States),Nnabu Eze,"9,917",4.08%
2022,Maryland,Republican primary results,Primary,Total,False,,,"243,138",100.0%
2022,Missouri,Republican primary results,Primary,Winning,False,Republican Party (United States),Eric Schmitt,"299,282",45.6
2022,Missouri,Republican primary results,Primary,Candidate,False,Republican Party (United States),Vicky Hartzler,"144,903",22.1
2022,Missouri,Republican primary results,Primary,Candidate,False,Republican Party (United States),Eric Greitens,"124,155",18.9
2022,Missouri,Republican primary results,Primary,Candidate,False,Republican Party (United States),Billy Long,"32,603",5.0
2022,Missouri,Republican primary results,Primary,Candidate,False,Republican Party (United States),Mark McCloskey,"19,540",3.0
2022,Missouri,Republican primary results,Primary,Candidate,False,Republican Party (United States),Dave Schatz,"7,509",1.1
2022,Missouri,Republican primary results,Primary,Candidate,False,Republican Party (United States),Patrick A. Lewis,"6,085",0.9
2022,Missouri,Republican primary results,Primary,Candidate,False,Republican Party (United States),Curtis D. Vaughn,"3,451",0.5
2022,Missouri,Republican primary results,Primary,Candidate,False,Republican Party (United States),Eric McElroy,"2,805",0.4
2022,Missouri,Republican primary results,Primary,Candidate,False,Republican Party (United States),Robert Allen,"2,111",0.3
2022,Missouri,Republican primary results,Primary,Candidate,False,Republican Party (United States),C. W. Gardner,"2,044",0.3
2022,Missouri,Republican primary results,Primary,Candidate,False,Republican Party (United States),Dave Sims,"1,949",0.3
2022,Missouri,Republican primary results,Primary,Candidate,False,Republican Party (United States),Bernie Mowinski,"1,602",0.2
2022,Missouri,Republican primary results,Primary,Candidate,False,Republican Party (United States),Deshon Porter,"1,574",0.2
2022,Missouri,Republican primary results,Primary,Candidate,False,Republican Party (United States),Darrell Leon McClanahan III,"1,139",0.2
2022,Missouri,Republican primary results,Primary,Candidate,False,Republican Party (United States),Rickey Joiner,"1,084",0.2
2022,Missouri,Republican primary results,Primary,Candidate,False,Republican Party (United States),Robert Olson,"1,081",0.2
2022,Missouri,Republican primary results,Primary,Candidate,False,Republican Party (United States),Dennis Lee Chilton,755,0.1
2022,Missouri,Republican primary results,Primary,Candidate,False,Republican Party (United States),Russel Pealer Breyfogle Jr.,685,0.1
2022,Missouri,Republican primary results,Primary,Candidate,False,Republican Party (United States),Kevin C. Schepers,681,0.1
2022,Missouri,Republican primary results,Primary,Candidate,False,Republican Party (United States),Hartford Tunnell,637,0.1
2022,Missouri,Republican primary results,Primary,Total,False,,,"655,675",100.0
2022,Missouri,Democratic primary results,Primary,Winning,False,Democratic Party (United States),Trudy Busch Valentine,"158,957",43.2
2022,Missouri,Democratic primary results,Primary,Candidate,False,Democratic Party (United States),Lucas Kunce,"141,203",38.3
2022,Missouri,Democratic primary results,Primary,Candidate,False,Democratic Party (United States),Spencer Toder,"17,465",4.7
2022,Missouri,Democratic primary results,Primary,Candidate,False,Democratic Party (United States),Carla Coffee Wright,"14,438",3.9
2022,Missouri,Democratic primary results,Primary,Candidate,False,Democratic Party (United States),Gena Ross,"8,749",2.4
2022,Missouri,Democratic primary results,Primary,Candidate,False,Democratic Party (United States),Jewel Kelly,"6,464",1.8
2022,Missouri,Democratic primary results,Primary,Candidate,False,Democratic Party (United States),Lewis Rolen,"5,247",1.4
2022,Missouri,Democratic primary results,Primary,Candidate,False,Democratic Party (United States),Pat Kelly,"5,002",1.4
2022,Missouri,Democratic primary results,Primary,Candidate,False,Democratic Party (United States),Ronald (Ron) William Harris,"4,074",1.1
2022,Missouri,Democratic primary results,Primary,Candidate,False,Democratic Party (United States),Josh Shipp,"3,334",0.9
2022,Missouri,Democratic primary results,Primary,Candidate,False,Democratic Party (United States),Clarence (Clay) Taylor,"3,322",0.9
2022,Missouri,Democratic primary results,Primary,Total,False,,,"368,255",100.0
2022,Missouri,Libertarian primary results,Primary,Winning,False,Libertarian Party (United States),Jonathan Dine,"2,973",100.0
2022,Missouri,Libertarian primary results,Primary,Total,False,,,"2,973",100.0
2022,Missouri,Constitution primary results,Primary,Winning,False,Constitution Party (United States),Paul Venable,792,100.0
2022,Missouri,Constitution primary results,Primary,Total,False,,,792,100.0
2022,Nevada,Democratic primary results,Primary,Candidate,False,Democratic Party (United States),Corey Reid,"4,491",2.56%
2022,Nevada,Democratic primary results,Primary,Candidate,False,Democratic Party (United States),Allen Rheinhart,"3,852",2.19%
2022,Nevada,Democratic primary results,Primary,Candidate,False,Democratic Party (United States),Stephanie Kasheta,"3,487",1.98%
2022,Nevada,Democratic primary results,Primary,Total,False,,,"175,740",100.0%
2022,Nevada,Republican primary results,Primary,Winning,False,Republican Party (United States),Adam Laxalt,"127,757",55.91%
2022,Nevada,Republican primary results,Primary,Candidate,False,Republican Party (United States),[[Sam Brown (military),"78,206",34.23%
2022,Nevada,Republican primary results,Primary,Candidate,False,Republican Party (United States),Sharelle Mendenhall,"6,946",3.04%
2022,Nevada,Republican primary results,Primary,Candidate,False,Republican Party (United States),"William ""Bill"" Conrad","3,440",1.51%
2022,Nevada,Republican primary results,Primary,Candidate,False,Republican Party (United States),"William ""Bill"" Hockstedler","2,836",1.24%
2022,Nevada,Republican primary results,Primary,Candidate,False,Republican Party (United States),Paul Rodriguez,"1,844",0.81%
2022,Nevada,Republican primary results,Primary,Candidate,False,Republican Party (United States),Tyler Perkins,850,0.37%
2022,Nevada,Republican primary results,Primary,Candidate,False,Republican Party (United States),Carlo Poliak,332,0.15%
2022,Nevada,Republican primary results,Primary,Total,False,,,"228,488",100.0%
2022,New Hampshire,Democratic primary results,Primary,Winning,True,Democratic Party (United States),Maggie Hassan,"88,146",93.77%
2022,New Hampshire,Democratic primary results,Primary,Candidate,False,Democratic Party (United States),Paul Krautmann,"3,629",3.86%
2022,New Hampshire,Democratic primary results,Primary,Candidate,False,Democratic Party (United States),John Riggieri,"1,680",1.79%
2022,New Hampshire,Democratic primary results,Primary,Write-in,False,,,546,0.58%
2022,New Hampshire,Democratic primary results,Primary,Total,False,,,"94,001",100.0%
2022,New Hampshire,Republican primary results,Primary,Winning,False,Republican Party (United States),Don Bolduc,"52,629",36.91%
2022,New Hampshire,Republican primary results,Primary,Candidate,False,Republican Party (United States),Chuck Morse,"50,929",35.71%
2022,New Hampshire,Republican primary results,Primary,Candidate,False,Republican Party (United States),Kevin H. Smith,"16,621",11.65%
2022,New Hampshire,Republican primary results,Primary,Candidate,False,Republican Party (United States),Vikram Mansharamani,"10,690",7.50%
2022,New Hampshire,Republican primary results,Primary,Candidate,False,Republican Party (United States),Bruce Fenton,"6,381",4.47%
2022,New Hampshire,Republican primary results,Primary,Candidate,False,Republican Party (United States),John Berman,961,0.67%
2022,New Hampshire,Republican primary results,Primary,Candidate,False,Republican Party (United States),Andy Martin,920,0.64%
2022,New Hampshire,Republican primary results,Primary,Candidate,False,Republican Party (United States),Tejasinha Sivalingam,832,0.58%
2022,New Hampshire,Republican primary results,Primary,Candidate,False,Republican Party (United States),Dennis Lamare,773,0.54%
2022,New Hampshire,Republican primary results,Primary,Candidate,False,Republican Party (United States),Edward Laplante,723,0.51%
2022,New Hampshire,Republican primary results,Primary,Candidate,False,Republican Party (United States),Gerard Beloin,521,0.36%
2022,New Hampshire,Republican primary results,Primary,Candidate,False,Democratic Party (United States),Maggie Hassan (incumbent) (write-in),316,0.22%
2022,New Hampshire,Republican primary results,Primary,Write-in,False,,,307,0.21%
2022,New Hampshire,Republican primary results,Primary,Total,False,,,"142,603",100.0%
2022,North Carolina,Republican primary results,Primary,Winning,False,Republican Party (United States),Ted Budd,"448,128",58.61%
2022,North Carolina,Republican primary results,Primary,Candidate,False,Republican Party (United States),Pat McCrory,"188,135",24.60%
2022,North Carolina,Republican primary results,Primary,Candidate,False,Republican Party (United States),[[Mark Walker (North Carolina politician),"70,486",9.22%
2022,North Carolina,Republican primary results,Primary,Candidate,False,Republican Party (United States),Marjorie Eastman,"22,535",2.95%
2022,North Carolina,Republican primary results,Primary,Candidate,False,Republican Party (United States),David Flaherty,"7,265",0.95%
2022,North Carolina,Republican primary results,Primary,Candidate,False,Republican Party (United States),Kenneth Harper Jr.,"7,129",0.93%
2022,North Carolina,Republican primary results,Primary,Candidate,False,Republican Party (United States),Jen Banwart,"3,088",0.40%
2022,North Carolina,Republican primary results,Primary,Candidate,False,Republican Party (United States),Charles Kenneth Moss,"2,920",0.38%
2022,North Carolina,Republican primary results,Primary,Candidate,False,Republican Party (United States),Leonard Bryant,"2,906",0.38%
2022,North Carolina,Republican primary results,Primary,Candidate,False,Republican Party (United States),Benjamin E. Griffiths,"2,870",0.38%
2022,North Carolina,Republican primary results,Primary,Candidate,False,Republican Party (United States),Debora Tshiovo,"2,741",0.36%
2022,North Carolina,Republican primary results,Primary,Candidate,False,Republican Party (United States),Lee A. Brian,"2,232",0.29%
2022,North Carolina,Republican primary results,Primary,Candidate,False,Republican Party (United States),Lichia Sibhatu,"2,191",0.29%
2022,North Carolina,Republican primary results,Primary,Candidate,False,Republican Party (United States),Drew Bulecza,"2,022",0.26%
2022,North Carolina,Republican primary results,Primary,Total,False,,,"764,648",100.0%
2022,North Carolina,Democratic primary results,Primary,Winning,False,Democratic Party (United States),Cheri Beasley,"501,766",81.09%
2022,North Carolina,Democratic primary results,Primary,Candidate,False,Democratic Party (United States),James L. Carr Jr.,"21,903",3.54%
2022,North Carolina,Democratic primary results,Primary,Candidate,False,Democratic Party (United States),Alyssia Rose-Katherine Hammond,"21,005",3.39%
2022,North Carolina,Democratic primary results,Primary,Candidate,False,Democratic Party (United States),Marcus W. Williams,"17,446",2.82%
2022,North Carolina,Democratic primary results,Primary,Candidate,False,Democratic Party (United States),Constance Johnson,"12,500",2.02%
2022,North Carolina,Democratic primary results,Primary,Candidate,False,Democratic Party (United States),Rett Newton,"10,043",1.62%
2022,North Carolina,Democratic primary results,Primary,Candidate,False,Democratic Party (United States),Chrelle Booker,"9,937",1.61%
2022,North Carolina,Democratic primary results,Primary,Candidate,False,Democratic Party (United States),B. K. Maginnis,"7,044",1.14%
2022,North Carolina,Democratic primary results,Primary,Candidate,False,Democratic Party (United States),Robert Colon,"6,904",1.12%
2022,North Carolina,Democratic primary results,Primary,Candidate,False,Democratic Party (United States),Greg Antoine,"5,179",0.84%
2022,North Carolina,Democratic primary results,Primary,Candidate,False,Democratic Party (United States),Tobias LaGrone,"5,048",0.82%
2022,North Carolina,Democratic primary results,Primary,Total,False,,,"618,775",100.0%
2022,North Dakota,Republican primary results,Primary,Winning,True,Republican Party (United States),John Hoeven,"59,529",77.8
2022,North Dakota,Republican primary results,Primary,Candidate,False,Republican Party (United States),Riley Kuntz,"16,400",21.4
2022,North Dakota,Republican primary results,Primary,Write-in,False,,,557,0.7
2022,North Dakota,Republican primary results,Primary,Total,False,,,"76,486",100.0
2022,North Dakota,Democratic–NPL primary results,Primary,Winning,False,North Dakota Democratic–Nonpartisan League Party,Katrina Christiansen,"17,187",76.8
2022,North Dakota,Democratic–NPL primary results,Primary,Candidate,False,North Dakota Democratic–Nonpartisan League Party,Michael Steele,"5,174",23.1
2022,North Dakota,Democratic–NPL primary results,Primary,Write-in,False,,,24,0.1
2022,North Dakota,Democratic–NPL primary results,Primary,Total,False,,,"22,385",100.0
2022,Ohio,Republican primary results,Primary,Winning,False,Republican Party (United States),JD Vance,"344,736",32.22%
2022,Ohio,Republican primary results,Primary,Candidate,False,Republican Party (United States),Josh Mandel,"255,854",23.92%
2022,Ohio,Republican primary results,Primary,Candidate,False,Republican Party (United States),Matt Dolan,"249,239",23.30%
2022,Ohio,Republican primary results,Primary,Candidate,False,Republican Party (United States),Mike Gibbons,"124,653",11.65%
2022,Ohio,Republican primary results,Primary,Candidate,False,Republican Party (United States),Jane Timken,"62,779",5.87%
2022,Ohio,Republican primary results,Primary,Candidate,False,Republican Party (United States),Mark Pukita,"22,692",2.12%
2022,Ohio,Republican primary results,Primary,Candidate,False,Republican Party (United States),Neil Patel,"9,873",0.92%
2022,Ohio,Republican primary results,Primary,Total,False,,,"1,069,826",100.0%
2022,Ohio,Democratic primary results,Primary,Winning,False,Democratic Party (United States),[[Tim Ryan (Ohio politician),"359,941",69.55%
2022,Ohio,Democratic primary results,Primary,Candidate,False,Democratic Party (United States),[[Morgan Harper (lawyer),"92,347",17.84%
2022,Ohio,Democratic primary results,Primary,Candidate,False,Democratic Party (United States),Traci Johnson,"65,209",12.60%
2022,Ohio,Democratic primary results,Primary,Total,False,,,"517,497",100.0%
2022,Oklahoma,Republican primary results,Primary,Winning,True,Republican Party (United States),James Lankford,"243,132",67.83%
2022,Oklahoma,Republican primary results,Primary,Candidate,False,Republican Party (United States),Jackson Lahmeyer,"94,572",26.38%
2022,Oklahoma,Republican primary results,Primary,Candidate,False,Republican Party (United States),Joan Farr,"20,761",5.79%
2022,Oklahoma,Republican primary results,Primary,Total,False,,,"358,465",100.0%
2022,Oklahoma,Democratic primary results,Primary,Winning,False,Democratic Party (United States),Madison Horn,"60,691",37.19%
2022,Oklahoma,Democratic primary results,Primary,Winning,False,Democratic Party (United States),Jason Bollinger,"27,374",16.77%
2022,Oklahoma,Democratic primary results,Primary,Candidate,False,Democratic Party (United States),Dennis Baker,"22,467",13.77%
2022,Oklahoma,Democratic primary results,Primary,Candidate,False,Democratic Party (United States),Jo Glenn,"21,198",12.99%
2022,Oklahoma,Democratic primary results,Primary,Candidate,False,Democratic Party (United States),Brandon Wade,"19,986",12.25%
2022,Oklahoma,Democratic primary results,Primary,Candidate,False,Democratic Party (United States),Arya Azma,"11,478",7.03%
2022,Oklahoma,Democratic primary results,Primary,Total,False,,,"163,194",100.0%
2022,Oklahoma,Democratic primary results,Primary,Winning,False,Democratic Party (United States),Madison Horn,"60,929",65.48%
2022,Oklahoma,Democratic primary results,Primary,Candidate,False,Democratic Party (United States),Jason Bollinger,"32,121",34.52%
2022,Oklahoma,Democratic primary results,Primary,Total,False,,,"93,050",100.0%
2022,Oklahoma (special),Republican primary results,Primary,Winning,False,Republican Party (United States),Markwayne Mullin,"156,087",43.62%
2022,Oklahoma (special),Republican primary results,Primary,Winning,False,Republican Party (United States),T. W. Shannon,"62,746",17.53%
2022,Oklahoma (special),Republican primary results,Primary,Candidate,False,Republican Party (United States),Nathan Dahm,"42,673",11.92%
2022,Oklahoma (special),Republican primary results,Primary,Candidate,False,Republican Party (United States),Luke Holland,"40,353",11.28%
2022,Oklahoma (special),Republican primary results,Primary,Candidate,False,Republican Party (United States),Scott Pruitt,"18,052",5.04%
2022,Oklahoma (special),Republican primary results,Primary,Candidate,False,Republican Party (United States),Randy Grellner,"15,794",4.41%
2022,Oklahoma (special),Republican primary results,Primary,Candidate,False,Republican Party (United States),Laura Moreno,"6,597",1.84%
2022,Oklahoma (special),Republican primary results,Primary,Candidate,False,Republican Party (United States),Jessica Jean Garrison,"6,114",1.71%
2022,Oklahoma (special),Republican primary results,Primary,Candidate,False,Republican Party (United States),Alex Gray (withdrew),"3,063",0.86%
2022,Oklahoma (special),Republican primary results,Primary,Candidate,False,Republican Party (United States),John F. Tompkins,"2,332",0.65%
2022,Oklahoma (special),Republican primary results,Primary,Candidate,False,Republican Party (United States),Adam Holley,"1,873",0.52%
2022,Oklahoma (special),Republican primary results,Primary,Candidate,False,Republican Party (United States),Michael Coibion,"1,261",0.35%
2022,Oklahoma (special),Republican primary results,Primary,Candidate,False,Republican Party (United States),Paul Royse,900,0.25%
2022,Oklahoma (special),Republican primary results,Primary,Total,False,,,"357,845",100.0%
2022,Oklahoma (special),Republican primary results,Primary,Winning,False,Republican Party (United States),Markwayne Mullin,"183,118",65.08%
2022,Oklahoma (special),Republican primary results,Primary,Candidate,False,Republican Party (United States),T. W. Shannon,"98,246",34.92%
2022,Oklahoma (special),Republican primary results,Primary,Total,False,,,"281,364",100.0%
2022,Oregon,Democratic primary results,Primary,Winning,True,Democratic Party (United States),Ron Wyden,"439,665",89.38%
2022,Oregon,Democratic primary results,Primary,Candidate,False,Democratic Party (United States),William E. Barlow III,"35,025",7.12%
2022,Oregon,Democratic primary results,Primary,Candidate,False,Democratic Party (United States),Brent Thompson,"17,197",3.50%
2022,Oregon,Democratic primary results,Primary,Total,False,,,"491,887",100.0%
2022,Oregon,Republican primary results,Primary,Winning,False,Republican Party (United States),Jo Rae Perkins,"115,701",33.32%
2022,Oregon,Republican primary results,Primary,Candidate,False,Republican Party (United States),Darin Harbick,"107,506",30.96%
2022,Oregon,Republican primary results,Primary,Candidate,False,Republican Party (United States),Sam Palmer,"42,703",12.30%
2022,Oregon,Republican primary results,Primary,Candidate,False,Republican Party (United States),Jason Beebe,"39,456",11.36%
2022,Oregon,Republican primary results,Primary,Candidate,False,Republican Party (United States),Christopher C. Christensen,"28,433",8.19%
2022,Oregon,Republican primary results,Primary,Candidate,False,Republican Party (United States),Robert M. Fleming,"6,821",1.96%
2022,Oregon,Republican primary results,Primary,Candidate,False,Republican Party (United States),Ibra A. Taher,"6,659",1.92%
2022,Oregon,Republican primary results,Primary,Total,False,,,"347,279",100.0%
2022,Pennsylvania,Republican primary results,Primary,Winning,False,Republican Party (United States),Mehmet Oz,"420,168",31.21%
2022,Pennsylvania,Republican primary results,Primary,Candidate,False,Republican Party (United States),Dave McCormick,"419,218",31.14%
2022,Pennsylvania,Republican primary results,Primary,Candidate,False,Republican Party (United States),Kathy Barnette,"331,903",24.66%
2022,Pennsylvania,Republican primary results,Primary,Candidate,False,Republican Party (United States),Carla Sands,"73,360",5.45%
2022,Pennsylvania,Republican primary results,Primary,Candidate,False,Republican Party (United States),Jeff Bartos,"66,684",4.95%
2022,Pennsylvania,Republican primary results,Primary,Candidate,False,Republican Party (United States),Sean Gale,"20,266",1.51%
2022,Pennsylvania,Republican primary results,Primary,Candidate,False,Republican Party (United States),George Bochetto,"14,492",1.08%
2022,Pennsylvania,Republican primary results,Primary,Total,False,,,"1,346,091",100.0%
2022,Pennsylvania,Democratic primary results,Primary,Winning,False,Democratic Party (United States),John Fetterman,"753,557",58.65%
2022,Pennsylvania,Democratic primary results,Primary,Candidate,False,Democratic Party (United States),Conor Lamb,"337,498",26.27%
2022,Pennsylvania,Democratic primary results,Primary,Candidate,False,Democratic Party (United States),Malcolm Kenyatta,"139,393",10.85%
2022,Pennsylvania,Democratic primary results,Primary,Candidate,False,Democratic Party (United States),Alexandria Khalil,"54,460",4.24%
2022,Pennsylvania,Democratic primary results,Primary,Total,False,,,"1,284,908",100.0%
2022,South Carolina,Democratic primary results,Primary,Winning,False,Democratic Party (United States),Catherine Fleming Bruce,"59,777",34.69%
2022,South Carolina,Democratic primary results,Primary,Winning,False,Democratic Party (United States),Krystle Matthews,"57,278",33.24%
2022,South Carolina,Democratic primary results,Primary,Candidate,False,Democratic Party (United States),Angela Geter,"55,281",32.08%
2022,South Carolina,Democratic primary results,Primary,Total,False,,,"172,336",100.0%
2022,South Carolina,Democratic primary runoff results,Primary,Winning,False,Democratic Party (United States),Krystle Matthews,"25,300",55.77%
2022,South Carolina,Democratic primary runoff results,Primary,Candidate,False,Democratic Party (United States),Catherine Fleming Bruce,"20,064",44.23%
2022,South Carolina,Democratic primary runoff results,Primary,Total,False,,,"45,364",100.0%
2022,South Dakota,Republican primary results,Primary,Winning,True,Republican Party (United States),John Thune,"85,613",72.24%
2022,South Dakota,Republican primary results,Primary,Candidate,False,Republican Party (United States),Bruce Whalen,"24,071",20.31%
2022,South Dakota,Republican primary results,Primary,Candidate,False,Republican Party (United States),Mark Mowry,"8,827",7.45%
2022,South Dakota,Republican primary results,Primary,Total,False,,,"118,511",100.0%
2022,Utah,Republican primary results,Primary,Winning,True,Republican Party (United States),Mike Lee,"258,089",61.94%
2022,Utah,Republican primary results,Primary,Candidate,False,Republican Party (United States),[[Becky Edwards (Utah politician),"123,617",29.67%
2022,Utah,Republican primary results,Primary,Candidate,False,Republican Party (United States),Ally Isom,"34,997",8.40%
2022,Utah,Republican primary results,Primary,Total,False,,,"416,703",100.0%
2022,Vermont,Democratic primary results,Primary,Winning,False,Democratic Party (United States),Peter Welch,"86,603",87.01%
2022,Vermont,Democratic primary results,Primary,Candidate,False,Democratic Party (United States),Isaac Evans-Frantz,"7,230",7.26%
2022,Vermont,Democratic primary results,Primary,Candidate,False,Democratic Party (United States),Niki Thran,"5,104",5.13%
2022,Vermont,Democratic primary results,Primary,Write-in,False,,,599,0.60%
2022,Vermont,Democratic primary results,Primary,Total,False,,,"99,536",100.0%
2022,Vermont,Republican primary results,Primary,Winning,False,Republican Party (United States),Gerald Malloy,"12,169",42.39%
2022,Vermont,Republican primary results,Primary,Candidate,False,Republican Party (United States),Christina Nolan,"10,825",37.70%
2022,Vermont,Republican primary results,Primary,Candidate,False,Republican Party (United States),Myers Mermel,"5,227",18.21%
2022,Vermont,Republican primary results,Primary,Write-in,False,,,489,1.70%
2022,Vermont,Republican primary results,Primary,Total,False,,,"28,710",100.0%
2022,Vermont,Progressive primary results,Primary,Winning,False,Vermont Progressive Party,Martha Abbott,473,86.63%
2022,Vermont,Progressive primary results,Primary,Write-in,False,,,73,13.37%
2022,Vermont,Progressive primary results,Primary,Total,False,,,546,100.0%
2022,Washington,Blanket primary election results,Primary,Winning,True,Democratic Party (United States),Patty Murray,"1,002,811",52.26%
2022,Washington,Blanket primary election results,Primary,Winning,False,Republican Party (United States),Tiffany Smiley,"646,917",33.71%
2022,Washington,Blanket primary election results,Primary,Candidate,False,Republican Party (United States),John Guenther,"55,426",2.89%
2022,Washington,Blanket primary election results,Primary,Candidate,False,Democratic Party (United States),Ravin Pierre,"22,172",1.16%
2022,Washington,Blanket primary election results,Primary,Candidate,False,Independent,Naz Paul,"18,858",0.98%
2022,Washington,Blanket primary election results,Primary,Candidate,False,Republican Party (United States),Bill Hirt,"15,276",0.80%
2022,Washington,Blanket primary election results,Primary,Candidate,False,Democratic Party (United States),Mohammad Hassan Said,"13,995",0.73%
2022,Washington,Blanket primary election results,Primary,Candidate,False,Socialist Workers Party (United States),Henry Clay Dennison,"13,901",0.72%
2022,Washington,Blanket primary election results,Primary,Candidate,False,Democratic Party (United States),Dr Pano Churchill,"11,859",0.62%
2022,Washington,Blanket primary election results,Primary,Candidate,False,Democratic Party (United States),Bryan Solstin,"9,627",0.50%
2022,Washington,Blanket primary election results,Primary,Candidate,False,Independent,Charlie (Chuck) Jackson,"8,604",0.45%
2022,Washington,Blanket primary election results,Primary,Candidate,False,Independent,Jon Butler,"5,413",0.28%
2022,Washington,Blanket primary election results,Primary,Candidate,False,Independent,Thor Amundson,"5,133",0.27%
2022,Washington,Blanket primary election results,Primary,Candidate,False,No party preference,Martin D. Hash,"4,725",0.25%
2022,Washington,Blanket primary election results,Primary,Candidate,False,No party preference,Dan Phan Doan,"3,049",0.16%
2022,Washington,Blanket primary election results,Primary,Candidate,False,Democratic Party (United States),Sam Cusmir,"2,688",0.14%
2022,Washington,Blanket primary election results,Primary,Total,False,,,"1,918,929",100.0%
2022,Wisconsin,Republican primary results,Primary,Winning,True,Republican Party (United States),Ron Johnson,"563,871",83.7
2022,Wisconsin,Republican primary results,Primary,Candidate,False,Republican Party (United States),David Schroeder,"109,917",16.3
2022,Wisconsin,Republican primary results,Primary,Total,False,,,"673,788",100.0
2022,Wisconsin,Democratic primary results,Primary,Winning,False,Democratic Party (United States),Mandela Barnes,"390,279",77.8
2022,Wisconsin,Democratic primary results,Primary,Candidate,False,Democratic Party (United States),Alex Lasry (withdrawn),"44,609",8.9
2022,Wisconsin,Democratic primary results,Primary,Candidate,False,Democratic Party (United States),Sarah Godlewski (withdrawn),"40,555",8.1
2022,Wisconsin,Democratic primary results,Primary,Candidate,False,Democratic Party (United States),[[Tom Nelson (Wisconsin politician),"10,995",2.2
2022,Wisconsin,Democratic primary results,Primary,Candidate,False,Democratic Party (United States),Steven Olikara,"5,619",1.1
2022,Wisconsin,Democratic primary results,Primary,Candidate,False,Democratic Party (United States),Darrell Williams,"3,646",0.7
2022,Wisconsin,Democratic primary results,Primary,Candidate,False,Democratic Party (United States),Kou Lee,"3,434",0.7
2022,Wisconsin,Democratic primary results,Primary,Candidate,False,Democratic Party (United States),Peter Peckarsky,"2,446",0.5
2022,Wisconsin,Democratic primary results,Primary,Total,False,,,"501,583",100.0
2024,Arizona,Democratic primary results,Primary,Winning,False,Democratic Party (United States),Ruben Gallego,"498,927",100.0%
2024,Arizona,Democratic primary results,Primary,Total,False,,,"498,927",100.0%
2024,Arizona,Republican primary results,Primary,Winning,False,Republican Party (US),Kari Lake,"409,339",55.28%
2024,Arizona,Republican primary results,Primary,Candidate,False,Republican Party (US),[[Mark Lamb (sheriff),"292,888",39.56%
2024,Arizona,Republican primary results,Primary,Candidate,False,Republican Party (US),Elizabeth Jean Reye,"38,208",5.16%
2024,Arizona,Republican primary results,Primary,Total,False,,,"740,435",100.0%
2024,Arizona,Green primary results,Primary,Candidate,False,Green Party of the United States,Mike Norton,180,31.58%
2024,Arizona,Green primary results,Primary,Candidate,False,Green Party of the United States,Arturo Hernandez,108,18.95%
2024,Arizona,Green primary results,Primary,Total,False,,,570,100.0%
2024,Connecticut,Republican primary results,Primary,Winning,False,Republican Party (US),Matthew Corey,"19,228",54.74%
2024,Connecticut,Republican primary results,Primary,Candidate,False,Republican Party (US),Gerry Smith,"15,900",45.26%
2024,Connecticut,Republican primary results,Primary,Total,False,,,"35,128",100.00%
2024,Florida,Republican primary results,Primary,Winning,True,Republican Party (United States),Rick Scott,"1,283,904",84.38%
2024,Florida,Republican primary results,Primary,Candidate,False,Republican Party (United States),Keith Gross,"142,392",9.36%
2024,Florida,Republican primary results,Primary,Candidate,False,Republican Party (United States),John Columbus,"95,342",6.26%
2024,Florida,Republican primary results,Primary,Total,False,,,"1,521,638",100.0%
2024,Florida,Democratic primary results,Primary,Winning,False,Democratic Party (United States),Debbie Mucarsel-Powell,"747,397",68.50%
2024,Florida,Democratic primary results,Primary,Candidate,False,Democratic Party (United States),Stanley Campbell,"213,777",19.59%
2024,Florida,Democratic primary results,Primary,Candidate,False,Democratic Party (United States),Brian Rush,"73,013",6.69%
2024,Florida,Democratic primary results,Primary,Candidate,False,Democratic Party (United States),Rod Joseph,"56,961",5.22%
2024,Florida,Democratic primary results,Primary,Total,False,,,"1,091,148",100.0%
2024,Hawaii,Democratic primary results,Primary,Winning,True,Democratic Party (United States),Mazie Hirono,"176,131",90.47%
2024,Hawaii,Democratic primary results,Primary,Candidate,False,Democratic Party (United States),Ron Curtis,"14,271",7.33%
2024,Hawaii,Democratic primary results,Primary,Candidate,False,Democratic Party (United States),Clyde Lewman,"4,287",2.2%
2024,Hawaii,Democratic primary results,Primary,Total,False,,,"194,689",100.0%
2024,Hawaii,Republican primary results,Primary,Winning,False,Republican Party (US),Bob McDermott,"27,961",51.87%
2024,Hawaii,Republican primary results,Primary,Candidate,False,Republican Party (US),Adriel Lam,"8,913",16.54%
2024,Hawaii,Republican primary results,Primary,Candidate,False,Republican Party (US),Melba Amaral,"7,627",14.15%
2024,Hawaii,Republican primary results,Primary,Candidate,False,Republican Party (US),Paul Dolan,"4,006",7.43%
2024,Hawaii,Republican primary results,Primary,Candidate,False,Republican Party (US),Arturo Reyes,"3,319",6.16%
2024,Hawaii,Republican primary results,Primary,Candidate,False,Republican Party (US),Emmanuel Tipon,"2,075",3.85%
2024,Hawaii,Republican primary results,Primary,Total,False,,,"53,901",100.0%
2024,Hawaii,Green primary results,Primary,Winning,False,Green Party (US),Emma Pohlman,"1,342",100.0%
2024,Hawaii,Green primary results,Primary,Total,False,,,"1,342",100.0%
2024,Hawaii,We the People primary results,Primary,Winning,False,We the People Party,Shelby Billionaire,977,100.0%
2024,Hawaii,We the People primary results,Primary,Total,False,,,977,100.0%
2024,Hawaii,Nonpartisan primary results,Primary,Candidate,False,Independent politician,John Giuffre,966,100.0%
2024,Hawaii,Nonpartisan primary results,Primary,Total,False,,,966,100.0%
2024,Indiana,Republican primary results,Primary,Winning,False,Republican Party (United States),Jim Banks,"475,729",100.00%
2024,Indiana,Republican primary results,Primary,Total,False,,,"475,729",100.00%
2024,Indiana,Democratic primary results,Primary,Winning,False,Democratic Party (United States),Valerie McCray,"121,734",68.01%
2024,Indiana,Democratic primary results,Primary,Candidate,False,Democratic Party (United States),Marc Carmichael,"57,256",31.99%
2024,Indiana,Democratic primary results,Primary,Total,False,,,"178,990",100.00%
2024,Maine,Republican primary results,Primary,Winning,False,Republican Party (United States),Demi Kouzounas,"58,832",100.0%
2024,Maine,Republican primary results,Primary,Total,False,,,"58,832",100.0%
2024,Maine,Democratic primary results,Primary,Winning,False,Democratic Party (United States),David Costello,"54,537",100.0%
2024,Maine,Democratic primary results,Primary,Total,False,,,"54,537",100.0%
2024,Maryland,Democratic primary results,Primary,Winning,False,Democratic Party (United States),Angela Alsobrooks,"357,052",53.37%
2024,Maryland,Democratic primary results,Primary,Candidate,False,Democratic Party (United States),David Trone,"286,381",42.80%
2024,Maryland,Democratic primary results,Primary,Candidate,False,Democratic Party (United States),Joseph Perez,"4,688",0.70%
2024,Maryland,Democratic primary results,Primary,Candidate,False,Democratic Party (United States),Michael Cobb,"4,524",0.68%
2024,Maryland,Democratic primary results,Primary,Candidate,False,Democratic Party (United States),Brian Frydenborg,"3,635",0.54%
2024,Maryland,Democratic primary results,Primary,Candidate,False,Democratic Party (United States),Scottie Griffin,"3,579",0.53%
2024,Maryland,Democratic primary results,Primary,Candidate,False,Democratic Party (United States),Marcellus Crews,"3,379",0.51%
2024,Maryland,Democratic primary results,Primary,Candidate,False,Democratic Party (United States),Andrew Wildman,"2,198",0.33%
2024,Maryland,Democratic primary results,Primary,Candidate,False,Democratic Party (United States),Robert Houton,"1,946",0.29%
2024,Maryland,Democratic primary results,Primary,Candidate,False,Democratic Party (United States),Steve Seuferer,"1,664",0.25%
2024,Maryland,Democratic primary results,Primary,Total,False,,,"669,046",100.00%
2024,Maryland,Republican primary results,Primary,Winning,False,Republican Party (United States),Larry Hogan,"183,661",64.18%
2024,Maryland,Republican primary results,Primary,Candidate,False,Republican Party (United States),Robin Ficker,"79,517",27.79%
2024,Maryland,Republican primary results,Primary,Candidate,False,Republican Party (United States),Chris Chaffee,"9,134",3.19%
2024,Maryland,Republican primary results,Primary,Candidate,False,Republican Party (United States),Lorie Friend,"5,867",2.05%
2024,Maryland,Republican primary results,Primary,Candidate,False,Republican Party (United States),John A. Myrick,"4,987",1.74%
2024,Maryland,Republican primary results,Primary,Candidate,False,Republican Party (United States),Moe Barakat,"2,203",0.77%
2024,Maryland,Republican primary results,Primary,Candidate,False,Republican Party (United States),Laban Seyoum,782,0.27%
2024,Maryland,Republican primary results,Primary,Total,False,,,"286,151",100.00%
2024,Massachusetts,Democratic primary results,Primary,Winning,True,Democratic Party (United States),Elizabeth Warren,"562,709",98.58%
2024,Massachusetts,Democratic primary results,Primary,Write-in,False,,,"8,078",1.42%
2024,Massachusetts,Democratic primary results,Primary,Total,False,,,"570,787",100.0%
2024,Massachusetts,Republican primary results,Primary,Winning,False,Republican Party (United States),John Deaton,"136,773",64.51%
2024,Massachusetts,Republican primary results,Primary,Candidate,False,Republican Party (United States),Robert Antonellis,"54,940",25.91%
2024,Massachusetts,Republican primary results,Primary,Candidate,False,Republican Party (United States),Ian Cain,"19,374",9.14%
2024,Massachusetts,Republican primary results,Primary,Write-in,False,,,924,0.44%
2024,Massachusetts,Republican primary results,Primary,Total,False,,,"212,011",100.0%
2024,Michigan,Democratic primary results,Primary,Winning,False,Democratic Party (United States),Elissa Slotkin,"712,791",76.33%
2024,Michigan,Democratic primary results,Primary,Candidate,False,Democratic Party (United States),Hill Harper,"221,053",23.67%
2024,Michigan,Democratic primary results,Primary,Total,False,,,"933,844",100.0%
2024,Michigan,Republican primary results,Primary,Winning,False,Republican Party (US),[[Mike Rogers (Michigan politician),"555,766",63.19%
2024,Michigan,Republican primary results,Primary,Candidate,False,Republican Party (US),Justin Amash,"137,565",15.64%
2024,Michigan,Republican primary results,Primary,Candidate,False,Republican Party (US),Sherry O'Donnell,"106,466",12.10%
2024,Michigan,Republican primary results,Primary,Candidate,False,Republican Party (US),Sandy Pensler (withdrawn),"79,772",9.07%
2024,Michigan,Republican primary results,Primary,Total,False,,,"879,569",100.0%
2024,Minnesota,Democratic (DFL) primary results,Primary,Winning,True,Minnesota Democratic–Farmer–Labor Party,Amy Klobuchar,"305,055",94.29%
2024,Minnesota,Democratic (DFL) primary results,Primary,Candidate,False,Minnesota Democratic–Farmer–Labor Party,Steve Carlson,"9,535",2.95%
2024,Minnesota,Democratic (DFL) primary results,Primary,Candidate,False,Minnesota Democratic–Farmer–Labor Party,Ahmad Hassan,"4,891",1.51%
2024,Minnesota,Democratic (DFL) primary results,Primary,Candidate,False,Minnesota Democratic–Farmer–Labor Party,Ole Savior,"2,478",0.77%
2024,Minnesota,Democratic (DFL) primary results,Primary,Candidate,False,Minnesota Democratic–Farmer–Labor Party,George Kalberer,"1,578",0.49%
2024,Minnesota,Democratic (DFL) primary results,Primary,Total,False,,,"323,537",100.0%
2024,Minnesota,Republican primary results,Primary,Winning,False,Republican Party (United States),Royce White,"74,814",38.50%
2024,Minnesota,Republican primary results,Primary,Candidate,False,Republican Party (United States),Joe Fraser,"56,909",29.29%
2024,Minnesota,Republican primary results,Primary,Candidate,False,Republican Party (United States),Raymond Petersen,"16,237",8.36%
2024,Minnesota,Republican primary results,Primary,Candidate,False,Republican Party (United States),Alycia Gruenhagen,"15,017",7.73%
2024,Minnesota,Republican primary results,Primary,Candidate,False,Republican Party (United States),John Berman,"14,158",7.29%
2024,Minnesota,Republican primary results,Primary,Candidate,False,Republican Party (United States),Patrick Munro,"9,444",4.86%
2024,Minnesota,Republican primary results,Primary,Candidate,False,Republican Party (United States),Christopher Seymore,"5,020",2.58%
2024,Minnesota,Republican primary results,Primary,Candidate,False,Republican Party (United States),Loner Blue,"2,727",1.40%
2024,Minnesota,Republican primary results,Primary,Total,False,,,"194,326",100.0%
2024,Mississippi,Republican primary results,Primary,Winning,True,Mississippi Republican Party,Roger Wicker,"152,086",61.40%
2024,Mississippi,Republican primary results,Primary,Candidate,False,Mississippi Republican Party,Ghannon Burton,"61,387",24.78%
2024,Mississippi,Republican primary results,Primary,Candidate,False,Mississippi Republican Party,Dan Eubanks,"34,238",13.82%
2024,Mississippi,Republican primary results,Primary,Total,False,,,"247,711",100.00%
2024,Mississippi,Democratic primary results,Primary,Winning,False,Democratic Party (United States),Ty Pinkins,"82,264",100.0%
2024,Mississippi,Democratic primary results,Primary,Total,False,,,"82,264",100.0%
2024,Missouri,Republican primary results,Primary,Winning,True,Republican Party (United States),Josh Hawley,"607,602",100.0%
2024,Missouri,Republican primary results,Primary,Total,False,,,"607,602",100.0%
2024,Missouri,Democratic primary results,Primary,Winning,False,Democratic Party (United States),Lucas Kunce,"255,775",67.64%
2024,Missouri,Democratic primary results,Primary,Candidate,False,Democratic Party (United States),Karla May,"87,908",23.25%
2024,Missouri,Democratic primary results,Primary,Candidate,False,Democratic Party (United States),December Harmon,"26,804",7.09%
2024,Missouri,Democratic primary results,Primary,Candidate,False,Democratic Party (United States),Mita Biswas,"7,647",2.02%
2024,Missouri,Democratic primary results,Primary,Total,False,,,"378,134",100.0%
2024,Missouri,Libertarian primary results,Primary,Winning,False,Libertarian Party (United States),W.C. Young,"2,437",100.0%
2024,Missouri,Libertarian primary results,Primary,Total,False,,,"2,437",100.0%
2024,Montana,Democratic primary results,Primary,Winning,True,Democratic Party (United States),Jon Tester,"104,279",96.96%
2024,Montana,Democratic primary results,Primary,Candidate,False,Democratic Party (United States),Michael Hummert,"3,272",3.04%
2024,Montana,Democratic primary results,Primary,Total,False,,,"107,551",100.00%
2024,Montana,Republican primary results,Primary,Winning,False,Republican Party (United States),Tim Sheehy,"139,857",73.60%
2024,Montana,Republican primary results,Primary,Candidate,False,Republican Party (United States),[[Brad Johnson (Montana politician),"36,926",19.43%
2024,Montana,Republican primary results,Primary,Candidate,False,Republican Party (United States),Charles Walkingchild Sr.,"13,229",6.96%
2024,Montana,Republican primary results,Primary,Total,False,,,"190,012",100.00%
2024,Montana,Green primary results,Primary,Winning,False,Green Party (United States),Michael Downey,679,62.4%
2024,Montana,Green primary results,Primary,Candidate,False,Green Party (United States),Robert Barb,410,37.6%
2024,Montana,Green primary results,Primary,Total,False,,,"1,089",100.0%
2024,Nebraska,Republican primary results,Primary,Winning,True,Republican Party (United States),Deb Fischer,"174,820",79.76%
2024,Nebraska,Republican primary results,Primary,Candidate,False,Republican Party (United States),Arron Kowalski,"44,334",20.24%
2024,Nebraska,Republican primary results,Primary,Total,False,,,"219,154",100.00%
2024,Nebraska,Legal Marijuana NOW Party primary results,Primary,Winning,False,Nebraska Legal Marijuana NOW Party,Kerry Eddy,743,70.83%
2024,Nebraska,Legal Marijuana NOW Party primary results,Primary,Candidate,False,Nebraska Legal Marijuana NOW Party,Kenneth Peterson,306,29.17%
2024,Nebraska,Legal Marijuana NOW Party primary results,Primary,Total,False,,,"1,049",100.00%
2024,Nebraska (special),Republican primary results,Primary,Winning,True,Republican Party (United States),Pete Ricketts,"173,118",78.16%
2024,Nebraska (special),Republican primary results,Primary,Candidate,False,Republican Party (United States),John Glen Weaver,"32,529",14.69%
2024,Nebraska (special),Republican primary results,Primary,Candidate,False,Republican Party (United States),Mac Stevens,"13,669",6.17%
2024,Nebraska (special),Republican primary results,Primary,Total,False,,,"219,316",100.00%
2024,Nebraska (special),Democratic primary results,Primary,Winning,False,Democratic Party (United States),Preston Love Jr.,"85,114",100.00%
2024,Nebraska (special),Democratic primary results,Primary,Total,False,,,"85,114",100.00%
2024,Nevada,Democratic primary results,Primary,Winning,True,Democratic Party (United States),Jacky Rosen,"144,090",91.51%
2024,Nevada,Democratic primary results,Primary,Candidate,False,Democratic Party (United States),Troy Zakari Walker,"5,899",3.75%
2024,Nevada,Democratic primary results,Primary,Candidate,False,Democratic Party (United States),None of These Candidates,"3,951",2.51%
2024,Nevada,Democratic primary results,Primary,Candidate,False,Democratic Party (United States),Mike Schaefer,"3,521",2.24%
2024,Nevada,Democratic primary results,Primary,Total,False,,,"157,461",100.0%
2024,Nevada,Republican primary results,Primary,Winning,False,Republican Party (United States),[[Sam Brown (military),"103,102",60.17%
2024,Nevada,Republican primary results,Primary,Candidate,False,Republican Party (United States),Jeffrey Ross Gunter,"24,987",14.58%
2024,Nevada,Republican primary results,Primary,Candidate,False,Republican Party (United States),Jim Marchant,"11,190",6.53%
2024,Nevada,Republican primary results,Primary,Candidate,False,Republican Party (United States),Tony Grady Jr.,"9,565",5.58%
2024,Nevada,Republican primary results,Primary,Candidate,False,Republican Party (United States),None of These Candidates,"7,164",4.18%
2024,Nevada,Republican primary results,Primary,Candidate,False,Republican Party (United States),William Conrad,"6,038",3.52%
2024,Nevada,Republican primary results,Primary,Candidate,False,Republican Party (United States),Stephanie Phillips,"3,828",2.23%
2024,Nevada,Republican primary results,Primary,Candidate,False,Republican Party (United States),Garn Mabey,"1,818",1.06%
2024,Nevada,Republican primary results,Primary,Candidate,False,Republican Party (United States),Ronda Kennedy,"1,786",1.04%
2024,Nevada,Republican primary results,Primary,Candidate,False,Republican Party (United States),Barry Lindemann,852,0.50%
2024,Nevada,Republican primary results,Primary,Candidate,False,Republican Party (United States),Edward Hamilton,478,0.28%
2024,Nevada,Republican primary results,Primary,Candidate,False,Republican Party (United States),Vincent Rego,311,0.18%
2024,Nevada,Republican primary results,Primary,Candidate,False,Republican Party (United States),Gary Marinch,231,0.13%
2024,Nevada,Republican primary results,Primary,Total,False,,,"171,350",100.0%
2024,New Jersey,Democratic primary results,Primary,Winning,False,Democratic Party (United States),[[Andy Kim (politician),"392,602",74.83%
2024,New Jersey,Democratic primary results,Primary,Candidate,False,Democratic Party (United States),Patricia Campos-Medina,"84,286",16.06%
2024,New Jersey,Democratic primary results,Primary,Candidate,False,Democratic Party (United States),Lawrence Hamm,"47,796",9.11%
2024,New Jersey,Democratic primary results,Primary,Total,False,,,"524,684",100.0%
2024,New Jersey,Republican primary results,Primary,Winning,False,Republican Party (United States),Curtis Bashaw,"144,869",45.57%
2024,New Jersey,Republican primary results,Primary,Candidate,False,Republican Party (United States),Christine Serrano Glassner,"121,986",38.38%
2024,New Jersey,Republican primary results,Primary,Candidate,False,Republican Party (United States),Justin Murphy,"35,954",11.31%
2024,New Jersey,Republican primary results,Primary,Candidate,False,Republican Party (United States),Albert Harshaw,"15,064",4.74%
2024,New Jersey,Republican primary results,Primary,Total,False,,,"317,873",100.0%
2024,New Mexico,Democratic primary results,Primary,Winning,True,Democratic Party (United States),Martin Heinrich,"122,961",100.0%
2024,New Mexico,Democratic primary results,Primary,Total,False,,,"122,961",100.0%
2024,New Mexico,Republican primary results,Primary,Winning,False,Republican Party (United States),Nella Domenici,"79,809",100.0%
2024,New Mexico,Republican primary results,Primary,Total,False,,,"79,809",100.0%
2024,North Dakota,Republican primary results,Primary,Winning,True,Republican Party (United States),Kevin Cramer,"82,692",100.00%
2024,North Dakota,Republican primary results,Primary,Total,False,,,"82,692",100.00%
2024,North Dakota,Democratic–NPL primary results,Primary,Winning,False,North Dakota Democratic–Nonpartisan League Party,Katrina Christiansen,"19,690",100.00%
2024,North Dakota,Democratic–NPL primary results,Primary,Total,False,,,"19,690",100.00%
2024,Ohio,Democratic primary results,Primary,Winning,True,Democratic Party (United States),Sherrod Brown,"535,305",100.0%
2024,Ohio,Democratic primary results,Primary,Total,False,,,"535,305",100.0%
2024,Ohio,Republican primary results,Primary,Winning,False,Ohio Republican Party,Bernie Moreno,"557,626",50.48%
2024,Ohio,Republican primary results,Primary,Candidate,False,Ohio Republican Party,Matt Dolan,"363,013",32.86%
2024,Ohio,Republican primary results,Primary,Candidate,False,Ohio Republican Party,Frank LaRose,"184,111",16.67%
2024,Ohio,Republican primary results,Primary,Total,False,,,"1,104,750",100.0%
2024,Pennsylvania,Democratic primary results,Primary,Winning,True,Democratic Party (United States),Bob Casey Jr.,"1,024,545",100.00%
2024,Pennsylvania,Democratic primary results,Primary,Total,False,,,"1,024,545",100.00%
2024,Pennsylvania,Republican primary results,Primary,Winning,False,Republican Party (United States),Dave McCormick,"878,320",100.00%
2024,Pennsylvania,Republican primary results,Primary,Total,False,,,"878,320",100.00%
2024,Rhode Island,Democratic primary results,Primary,Winning,True,Democratic Party (United States),Sheldon Whitehouse,"49,401",83.77%
2024,Rhode Island,Democratic primary results,Primary,Candidate,False,Democratic Party (United States),Michael Costa,"9,572",16.23%
2024,Rhode Island,Democratic primary results,Primary,Total,False,,,"58,973",100.0%
2024,Rhode Island,Republican primary results,Primary,Winning,False,Republican Party (United States),Patricia Morgan,"12,108",64.44%
2024,Rhode Island,Republican primary results,Primary,Candidate,False,Republican Party (United States),Raymond McKay,"6,681",35.56%
2024,Rhode Island,Republican primary results,Primary,Total,False,,,"18,789",100.0%
2024,Tennessee,Republican primary results,Primary,Winning,True,Republican Party (United States),Marsha Blackburn,"367,799",89.48%
2024,Tennessee,Republican primary results,Primary,Candidate,False,Republican Party (United States),Tres Wittum,"43,244",10.52%
2024,Tennessee,Republican primary results,Primary,Write-in,False,,,2,<0.01%
2024,Tennessee,Republican primary results,Primary,Total,False,,,"411,045",100.00%
2024,Tennessee,Democratic primary results,Primary,Winning,False,Democratic Party (United States),[[Gloria Johnson (politician),"143,962",70.20%
2024,Tennessee,Democratic primary results,Primary,Candidate,False,Democratic Party (United States),Marquita Bradshaw,"44,657",21.78%
2024,Tennessee,Democratic primary results,Primary,Candidate,False,Democratic Party (United States),Lola Brown,"10,027",4.89%
2024,Tennessee,Democratic primary results,Primary,Candidate,False,Democratic Party (United States),Civil Miller-Watkins,"6,420",3.13%
2024,Tennessee,Democratic primary results,Primary,Total,False,,,"205,066",100.00%
2024,Texas,Republican primary results,Primary,Winning,True,Republican Party (United States),Ted Cruz,"1,977,961",88.30%
2024,Texas,Republican primary results,Primary,Candidate,False,Republican Party (United States),Holland Gibson,"134,011",5.98%
2024,Texas,Republican primary results,Primary,Candidate,False,Republican Party (United States),Rufus Lopez,"127,986",5.71%
2024,Texas,Republican primary results,Primary,Total,False,,,"2,239,958",100.00%
2024,Texas,Democratic primary results,Primary,Winning,False,Texas Democratic Party,Colin Allred,"569,585",58.87%
2024,Texas,Democratic primary results,Primary,Candidate,False,Texas Democratic Party,[[Roland Gutierrez (politician),"160,978",16.64%
2024,Texas,Democratic primary results,Primary,Candidate,False,Texas Democratic Party,Mark Gonzalez,"85,228",8.81%
2024,Texas,Democratic primary results,Primary,Candidate,False,Texas Democratic Party,Meri Gomez,"44,166",4.56%
2024,Texas,Democratic primary results,Primary,Candidate,False,Texas Democratic Party,[[Carl O. Sherman,"31,694",3.28%
2024,Texas,Democratic primary results,Primary,Candidate,False,Texas Democratic Party,Robert Hassan,"21,855",2.26%
2024,Texas,Democratic primary results,Primary,Candidate,False,Texas Democratic Party,Steven Keough,"21,801",2.25%
2024,Texas,Democratic primary results,Primary,Candidate,False,Texas Democratic Party,Heli Rodriguez-Prilliman,"18,801",1.94%
2024,Texas,Democratic primary results,Primary,Candidate,False,Texas Democratic Party,Thierry Tchenko,"13,395",1.38%
2024,Texas,Democratic primary results,Primary,Total,False,,,"967,503",100.00%
2024,Utah,Republican primary results,Primary,Winning,False,Republican Party (United States),John Curtis,"206,094",48.73%
2024,Utah,Republican primary results,Primary,Candidate,False,Republican Party (United States),Trent Staggs,"138,143",32.66%
2024,Utah,Republican primary results,Primary,Candidate,False,Republican Party (United States),[[Brad Wilson (politician),"53,134",12.56%
2024,Utah,Republican primary results,Primary,Candidate,False,Republican Party (United States),Jason Walton,"25,604",6.05%
2024,Utah,Republican primary results,Primary,Total,False,,,"422,975",100.00%
2024,Vermont,Republican primary results,Primary,Winning,False,Vermont Republican Party,Gerald Malloy,"20,383",96.4%
2024,Vermont,Republican primary results,Primary,Write-in,False,,,772,3.6%
2024,Vermont,Republican primary results,Primary,Total,False,,,"21,155",100.0%
2024,Virginia,Republican primary results,Primary,Winning,False,Republican Party (United States),Hung Cao,"168,868",61.79%
2024,Virginia,Republican primary results,Primary,Candidate,False,Republican Party (United States),Scott Parkinson,"29,940",10.95%
2024,Virginia,Republican primary results,Primary,Candidate,False,Republican Party (United States),Eddie Garcia,"26,777",9.80%
2024,Virginia,Republican primary results,Primary,Candidate,False,Republican Party (United States),Chuck Smith,"24,108",8.82%
2024,Virginia,Republican primary results,Primary,Candidate,False,Republican Party (United States),Jonathan Emord,"23,614",8.64%
2024,Virginia,Republican primary results,Primary,Total,False,,,"273,307",100.00%
2024,Washington,Blanket primary results,Primary,Winning,True,Democratic Party (United States),Maria Cantwell,"1,114,327",57.18%
2024,Washington,Blanket primary results,Primary,Winning,False,Republican Party (United States),Raul Garcia,"431,182",22.13%
2024,Washington,Blanket primary results,Primary,Candidate,False,Republican Party (United States),Scott Nazarino,"111,386",5.72%
2024,Washington,Blanket primary results,Primary,Candidate,False,Republican Party (United States),Isaac Holyk,"110,701",5.68%
2024,Washington,Blanket primary results,Primary,Candidate,False,Republican Party (United States),Mel Ram,"86,956",4.46%
2024,Washington,Blanket primary results,Primary,Candidate,False,Independent,Chuck Jackson,"21,055",1.08%
2024,Washington,Blanket primary results,Primary,Candidate,False,Independent,David Tilton,"17,561",0.90%
2024,Washington,Blanket primary results,Primary,Candidate,False,Democratic Party (United States),Paul Giesick,"17,433",0.89%
2024,Washington,Blanket primary results,Primary,Candidate,False,Republican Party (United States),Goodspaceguy,"16,826",0.86%
2024,Washington,Blanket primary results,Primary,Candidate,False,Independent,Thor Amundson,"10,587",0.54%
2024,Washington,Blanket primary results,Primary,Candidate,False,Socialist Workers Party (United States),Henry Dennison,"7,840",0.40%
2024,Washington,Blanket primary results,Primary,Write-in,False,,,"2,862",0.15%
2024,Washington,Blanket primary results,Primary,Total,False,,,"1,948,716",100.0%
2024,West Virginia,Democratic primary results,Primary,Winning,False,West Virginia Democratic Party,Glenn Elliott,"46,176",45.40%
2024,West Virginia,Democratic primary results,Primary,Candidate,False,West Virginia Democratic Party,Zach Shrewsbury,"36,754",36.14%
2024,West Virginia,Democratic primary results,Primary,Candidate,False,West Virginia Democratic Party,Don Blankenship,"18,778",18.46%
2024,West Virginia,Democratic primary results,Primary,Total,False,,,"101,708",100.00%
2024,West Virginia,Republican primary results,Primary,Winning,False,West Virginia Republican Party,Jim Justice,"138,307",61.84%
2024,West Virginia,Republican primary results,Primary,Candidate,False,West Virginia Republican Party,Alex Mooney,"59,348",26.54%
2024,West Virginia,Republican primary results,Primary,Candidate,False,West Virginia Republican Party,Bryan Bird,"7,001",3.13%
2024,West Virginia,Republican primary results,Primary,Candidate,False,West Virginia Republican Party,Bryan McKinney,"6,573",2.94%
2024,West Virginia,Republican primary results,Primary,Candidate,False,West Virginia Republican Party,Zane Lawhorn,"4,517",2.02%
2024,West Virginia,Republican primary results,Primary,Candidate,False,West Virginia Republican Party,Janet McNulty,"4,404",1.97%
2024,West Virginia,Republican primary results,Primary,Candidate,False,West Virginia Republican Party,Don Lindsay,"3,503",1.57%
2024,West Virginia,Republican primary results,Primary,Total,False,,,"223,653",100.00%
2024,Wisconsin,Democratic primary results,Primary,Winning,True,Democratic Party (US),Tammy Baldwin,"639,049",99.81%
2024,Wisconsin,Democratic primary results,Primary,Write-in,False,,,"1,198",0.19%
2024,Wisconsin,Democratic primary results,Primary,Total,False,,,"640,247",100.0%
2024,Wisconsin,Republican primary results,Primary,Winning,False,Republican Party (United States),Eric Hovde,"477,197",86.21%
2024,Wisconsin,Republican primary results,Primary,Candidate,False,Republican Party (United States),Charles Barman,"40,990",7.40%
2024,Wisconsin,Republican primary results,Primary,Candidate,False,Republican Party (United States),Rejani Raveendran,"34,612",6.25%
2024,Wisconsin,Republican primary results,Primary,Write-in,False,,,748,0.14%
2024,Wisconsin,Republican primary results,Primary,Total,False,,,"553,547",100.0%
2024,Wyoming,Republican primary results,Primary,Winning,True,Republican Party (United States),John Barrasso,"70,494",67.9%
2024,Wyoming,Republican primary results,Primary,Candidate,False,Republican Party (United States),Reid Rasner,"25,427",24.5%
2024,Wyoming,Republican primary results,Primary,Candidate,False,Republican Party (United States),John Holtz,"7,868",7.6%
2024,Wyoming,Republican primary results,Primary,Total,False,,,"103,789",100.0%
2024,Wyoming,Democratic primary results,Primary,Winning,False,Democratic Party (United States),Scott Morrow,"10,088",100.0%
2024,Wyoming,Democratic primary results,Primary,Total,False,,,"10,088",100.0%
